Uf,CityIbgeCode,City,Neighborhood,NormalizedName,Latitude,Longitude,Source,IsActive
BA,2900207,Abaré,Centro,centro,-8.72228718,-39.11528397,brasil_aberto,True
BA,2900207,Abaré,Ibó,ibo,-8.631295,-39.2470677,brasil_aberto,True
BA,2900207,Abaré,Icozeira,icozeira,,,brasil_aberto,True
BA,2900108,Abaíra,Catolés,catoles,-13.29334164,-41.84770584,brasil_aberto,True
BA,2900108,Abaíra,Centro,centro,-13.2500504,-41.6648707,brasil_aberto,True
BA,2900306,Acajutiba,Centro,centro,-11.6609597,-38.0186793,brasil_aberto,True
BA,2900355,Adustina,Centro,centro,-10.53524303,-38.11959457,brasil_aberto,True
BA,2900603,Aiquara,Centro,centro,,,brasil_aberto,True
BA,2900702,Alagoinhas,Alagoinhas Velha,alagoinhas velha,,,brasil_aberto,True
BA,2900702,Alagoinhas,Barreiro,barreiro,,,brasil_aberto,True
BA,2900702,Alagoinhas,Boa União,boa uniao,-12.1330593,-38.4013718,brasil_aberto,True
BA,2900702,Alagoinhas,Catu,catu,,,brasil_aberto,True
BA,2900702,Alagoinhas,Centro,centro,,,brasil_aberto,True
BA,2900702,Alagoinhas,Coqueiral,coqueiral,,,brasil_aberto,True
BA,2900702,Alagoinhas,Distrito Industrial I,distrito industrial i,,,brasil_aberto,True
BA,2900702,Alagoinhas,Dois de Julho,dois de julho,,,brasil_aberto,True
BA,2900702,Alagoinhas,Jardim Pedro Braga,jardim pedro braga,,,brasil_aberto,True
BA,2900702,Alagoinhas,Jardim Petrolar,jardim petrolar,-12.1500462,-38.4162914,brasil_aberto,True
BA,2900702,Alagoinhas,Juracy Magalhães,juracy magalhaes,,,brasil_aberto,True
BA,2900702,Alagoinhas,Kennedy,kennedy,,,brasil_aberto,True
BA,2900702,Alagoinhas,Mangalô,mangalo,,,brasil_aberto,True
BA,2900702,Alagoinhas,Narandiba,narandiba,,,brasil_aberto,True
BA,2900702,Alagoinhas,Novo Horizonte,novo horizonte,,,brasil_aberto,True
BA,2900702,Alagoinhas,Parque Vitória,parque vitoria,,,brasil_aberto,True
BA,2900702,Alagoinhas,Pinto Aguiar,pinto aguiar,,,brasil_aberto,True
BA,2900702,Alagoinhas,Pirinel,pirinel,,,brasil_aberto,True
BA,2900702,Alagoinhas,Riacho da Guia,riacho da guia,-11.9559654,-38.3769837,brasil_aberto,True
BA,2900702,Alagoinhas,Santa Isabel,santa isabel,,,brasil_aberto,True
BA,2900702,Alagoinhas,Santa Terezinha,santa terezinha,,,brasil_aberto,True
BA,2900702,Alagoinhas,Severino Vieira,severino vieira,,,brasil_aberto,True
BA,2900702,Alagoinhas,Silva Jardim,silva jardim,,,brasil_aberto,True
BA,2900702,Alagoinhas,Teresópolis,teresopolis,,,brasil_aberto,True
BA,2900702,Alagoinhas,Terezópolis,terezopolis,,,brasil_aberto,True
BA,2900702,Alagoinhas,Área Rural de Alagoinhas,area rural de alagoinhas,,,brasil_aberto,True
BA,2900801,Alcobaça,Centro,centro,-17.54099464,-39.19329834,brasil_aberto,True
BA,2900801,Alcobaça,São José de Alcobaça,sao jose de alcobaca,,,brasil_aberto,True
BA,2900900,Almadina,Centro,centro,-14.70292282,-39.63699722,brasil_aberto,True
BA,2901007,Amargosa,Centro,centro,-13.0296908,-39.6044255,brasil_aberto,True
BA,2901007,Amargosa,Corta Mão,corta mao,-13.07200718,-39.50284958,brasil_aberto,True
BA,2901007,Amargosa,Diógenes Sampaio,diogenes sampaio,-12.9568621,-39.5901681,brasil_aberto,True
BA,2901007,Amargosa,Itachama,itachama,-13.0273377,-39.7219063,brasil_aberto,True
BA,2901106,Amélia Rodrigues,Centro,centro,-22.80243683,-43.37079239,brasil_aberto,True
BA,2901106,Amélia Rodrigues,Inhata,inhata,-12.40223217,-38.6997757,brasil_aberto,True
BA,2901106,Amélia Rodrigues,Mata da Aliança,mata da alianca,-12.45809746,-38.68009186,brasil_aberto,True
BA,2901155,América Dourada,Belo Campo,belo campo,,,brasil_aberto,True
BA,2901155,América Dourada,Centro,centro,,,brasil_aberto,True
BA,2901155,América Dourada,Ipanema,ipanema,-11.366986,-41.5956178,brasil_aberto,True
BA,2901155,América Dourada,Prevenido,prevenido,,,brasil_aberto,True
BA,2901155,América Dourada,Soares,soares,,,brasil_aberto,True
BA,2901205,Anagé,Centro,centro,,,brasil_aberto,True
BA,2901205,Anagé,Coquinhos,coquinhos,-14.55834675,-40.68153381,brasil_aberto,True
BA,2901304,Andaraí,Centro,centro,-9.40068245,-38.22309113,brasil_aberto,True
BA,2901304,Andaraí,Igatu,igatu,-12.8962374,-41.3188379,brasil_aberto,True
BA,2901304,Andaraí,Ubiraitá,ubiraita,-12.59213066,-41.0118866,brasil_aberto,True
BA,2901353,Andorinha,Centro,centro,38.70822525,-9.13774776,brasil_aberto,True
BA,2901353,Andorinha,Sítio da Baraúna,sitio da barauna,,,brasil_aberto,True
BA,2901353,Andorinha,Tanquinho do Poço,tanquinho do poco,-10.4057272,-39.9381958,brasil_aberto,True
BA,2901403,Angical,Centro,centro,,,brasil_aberto,True
BA,2901403,Angical,Missão de Aricobé,missao de aricobe,-12.05860615,-44.46332932,brasil_aberto,True
BA,2901403,Angical,Missão do Aricobe,missao do aricobe,,,brasil_aberto,True
BA,2901502,Anguera,Centro,centro,,,brasil_aberto,True
BA,2901601,Antas,Boa Vista,boa vista,,,brasil_aberto,True
BA,2901601,Antas,Centro,centro,-12.6712324,-38.5493523,brasil_aberto,True
BA,2901601,Antas,Duas Serras,duas serras,,,brasil_aberto,True
BA,2901601,Antas,Entroncamento,entroncamento,,,brasil_aberto,True
BA,2901601,Antas,Frei Apolônio,frei apolonio,,,brasil_aberto,True
BA,2901601,Antas,Rangel,rangel,,,brasil_aberto,True
BA,2901700,Antônio Cardoso,Centro,centro,-12.436436,-39.1196004,brasil_aberto,True
BA,2901809,Antônio Gonçalves,Caldeirão do Mulato,caldeirao do mulato,,,brasil_aberto,True
BA,2901809,Antônio Gonçalves,Centro,centro,-10.57144642,-40.2764473,brasil_aberto,True
BA,2901908,Aporá,Centro,centro,-11.660468,-38.0803409,brasil_aberto,True
BA,2901908,Aporá,Itamira,itamira,-11.7150983,-38.2277557,brasil_aberto,True
BA,2901957,Apuarema,Centro,centro,-13.8554951,-39.7443567,brasil_aberto,True
BA,2901957,Apuarema,Filanésia,filanesia,-13.83518314,-39.73736572,brasil_aberto,True
BA,2902005,Aracatu,Centro,centro,-14.42936802,-41.45999527,brasil_aberto,True
BA,2902005,Aracatu,Piabanha,piabanha,-14.4280991,-41.4639925,brasil_aberto,True
BA,2902005,Aracatu,Várzea da Pedra,varzea da pedra,,,brasil_aberto,True
BA,2902104,Araci,Centro,centro,-11.3356154,-38.9618334,brasil_aberto,True
BA,2902104,Araci,Pedra Alta,pedra alta,-11.13978004,-39.16917038,brasil_aberto,True
BA,2902203,Aramari,Centro,centro,-12.09043026,-38.49727631,brasil_aberto,True
BA,2902252,Arataca,Centro,centro,-22.89881897,-43.17983246,brasil_aberto,True
BA,2902252,Arataca,Itatingui,itatingui,-15.19591808,-39.44132233,brasil_aberto,True
BA,2902302,Aratuípe,Centro,centro,-13.0786111,-39.0011556,brasil_aberto,True
BA,2902302,Aratuípe,Maragogipinho,maragogipinho,-13.0542962,-38.9651286,brasil_aberto,True
BA,2902054,Araçás,Centro,centro,-12.2118578,-38.20300293,brasil_aberto,True
BA,2902401,Aurelino Leal,Centro,centro,-14.3176902,-39.3218027,brasil_aberto,True
BA,2902401,Aurelino Leal,Laje do Banco,laje do banco,-14.36466599,-39.41184998,brasil_aberto,True
BA,2902401,Aurelino Leal,Poço Central,poco central,-14.35639095,-39.61613083,brasil_aberto,True
BA,2902500,Baianópolis,Centro,centro,,,brasil_aberto,True
BA,2902500,Baianópolis,Várzeas,varzeas,-11.25700283,-40.94285583,brasil_aberto,True
BA,2902609,Baixa Grande,Centro,centro,-11.9604602,-40.1673651,brasil_aberto,True
BA,2902658,Banzaê,Centro,centro,-10.58110905,-38.61278915,brasil_aberto,True
BA,2902658,Banzaê,Mirandela,mirandela,-10.65844345,-38.63220978,brasil_aberto,True
BA,2902708,Barra,Ibiraba,ibiraba,-10.7894173,-42.8251719,brasil_aberto,True
BA,2902708,Barra,Igarité,igarite,-11.504118,-43.5606946,brasil_aberto,True
BA,2902708,Barra,Papagaio,papagaio,-11.09065723,-43.14463425,brasil_aberto,True
BA,2902807,Barra da Estiva,Centro,centro,-13.6271035,-41.32904690000001,brasil_aberto,True
BA,2902807,Barra da Estiva,Triunfo do Sincorá,triunfo do sincora,-13.62051964,-41.09524155,brasil_aberto,True
BA,2902906,Barra do Choça,Barra Nova,barra nova,,,brasil_aberto,True
BA,2902906,Barra do Choça,Centro,centro,,,brasil_aberto,True
BA,2903003,Barra do Mendes,Antarí,antari,-12.16090488,-42.02403641,brasil_aberto,True
BA,2903003,Barra do Mendes,Barrolandia,barrolandia,-11.80937958,-42.06050873,brasil_aberto,True
BA,2903003,Barra do Mendes,Minas do Espírito Santo,minas do espirito santo,-12.0536843,-42.1377669,brasil_aberto,True
BA,2903102,Barra do Rocha,Centro,centro,-12.98177814,-38.49123764,brasil_aberto,True
BA,2903201,Barreiras,Alphaville,alphaville,-12.1425177,-44.9807516,brasil_aberto,True
BA,2903201,Barreiras,Antonio Geraldo,antonio geraldo,-12.14611244,-44.99604797,brasil_aberto,True
BA,2903201,Barreiras,Aratu,aratu,-12.15753078,-44.99443817,brasil_aberto,True
BA,2903201,Barreiras,Arboreto,arboreto,-12.125345,-45.0171507,brasil_aberto,True
BA,2903201,Barreiras,Bandeirantes,bandeirantes,-12.150965,-44.9694797,brasil_aberto,True
BA,2903201,Barreiras,Barreiras I,barreiras i,-12.1228421,-45.0125473,brasil_aberto,True
BA,2903201,Barreiras,Barreiras II,barreiras ii,-12.1660041,-45.0087479,brasil_aberto,True
BA,2903201,Barreiras,Barreirinhas,barreirinhas,-12.14277172,-45.00801849,brasil_aberto,True
BA,2903201,Barreiras,Bela Vista,bela vista,-12.13170147,-45.00577164,brasil_aberto,True
BA,2903201,Barreiras,Boa Sorte,boa sorte,-12.1687387,-45.0081584,brasil_aberto,True
BA,2903201,Barreiras,Buritis,buritis,-12.1188177,-44.9516622,brasil_aberto,True
BA,2903201,Barreiras,Centro,centro,-12.1494627,-44.99770355,brasil_aberto,True
BA,2903201,Barreiras,Chácaras Candeias,chacaras candeias,-12.12180138,-45.08996964,brasil_aberto,True
BA,2903201,Barreiras,Cidade Nova,cidade nova,-12.11903,-44.95840836,brasil_aberto,True
BA,2903201,Barreiras,Copacabana,copacabana,-12.1265906,-45.0057672,brasil_aberto,True
BA,2903201,Barreiras,Distrito Industrial,distrito industrial,-12.1477483,-44.9953475,brasil_aberto,True
BA,2903201,Barreiras,Firenze,firenze,-12.1334036,-44.9437206,brasil_aberto,True
BA,2903201,Barreiras,Flamengo,flamengo,-12.1424659,-44.9735541,brasil_aberto,True
BA,2903201,Barreiras,Jardim Ouro Branco,jardim ouro branco,-12.1448099,-44.9836887,brasil_aberto,True
BA,2903201,Barreiras,Jardim Vitória,jardim vitoria,-12.1339808,-44.9662767,brasil_aberto,True
BA,2903201,Barreiras,Jardins,jardins,-12.1427913,-44.9798966,brasil_aberto,True
BA,2903201,Barreiras,Juscelino Kubitschek,juscelino kubitschek,-12.1425177,-44.9807516,brasil_aberto,True
BA,2903201,Barreiras,Mimoso,mimoso,-12.1425177,-44.9807516,brasil_aberto,True
BA,2903201,Barreiras,Morada Nobre,morada nobre,-12.1401186,-45.01459122,brasil_aberto,True
BA,2903201,Barreiras,Morada da Lua,morada da lua,-12.1610725,-44.9914142,brasil_aberto,True
BA,2903201,Barreiras,Novo Horizonte,novo horizonte,-12.1455128,-44.9791964,brasil_aberto,True
BA,2903201,Barreiras,Parque Verde,parque verde,-12.147616,-45.0003159,brasil_aberto,True
BA,2903201,Barreiras,Recanto dos Pássaros,recanto dos passaros,-12.1560214,-45.006188,brasil_aberto,True
BA,2903201,Barreiras,Renato Gonçalves,renato goncalves,-12.1523992,-44.996861,brasil_aberto,True
BA,2903201,Barreiras,Riachinho,riachinho,-12.1427913,-44.9798966,brasil_aberto,True
BA,2903201,Barreiras,Ribeirão,ribeirao,-12.1641283,-45.00790024,brasil_aberto,True
BA,2903201,Barreiras,Rio Grande,rio grande,-12.14251804,-44.98075104,brasil_aberto,True
BA,2903201,Barreiras,Sandra Regina,sandra regina,-12.1537417,-44.989644,brasil_aberto,True
BA,2903201,Barreiras,Santa Luzia,santa luzia,-12.131795,-44.9713134,brasil_aberto,True
BA,2903201,Barreiras,Santo Antônio,santo antonio,-12.121542,-45.0011876,brasil_aberto,True
BA,2903201,Barreiras,Serra da bandeira,serra da bandeira,,,brasil_aberto,True
BA,2903201,Barreiras,Serra do Mimo,serra do mimo,-12.1422767,-44.9701537,brasil_aberto,True
BA,2903201,Barreiras,Sombra da Tarde,sombra da tarde,-12.12957287,-44.97040176,brasil_aberto,True
BA,2903201,Barreiras,São Francisco,sao francisco,-12.1660041,-45.0087479,brasil_aberto,True
BA,2903201,Barreiras,São Miguel,sao miguel,-12.139234,-44.9854599,brasil_aberto,True
BA,2903201,Barreiras,São Paulo,sao paulo,-12.1540786,-45.0006362,brasil_aberto,True
BA,2903201,Barreiras,São Pedro,sao pedro,-12.13081074,-45.00947571,brasil_aberto,True
BA,2903201,Barreiras,São Sebastião,sao sebastiao,-12.1183931,-45.0066837,brasil_aberto,True
BA,2903201,Barreiras,Vila Amorim,vila amorim,-12.1214099,-45.001994,brasil_aberto,True
BA,2903201,Barreiras,Vila Brasil,vila brasil,-12.13960743,-44.98957443,brasil_aberto,True
BA,2903201,Barreiras,Vila Dulce,vila dulce,-12.137311,-44.991278,brasil_aberto,True
BA,2903201,Barreiras,Vila Nova,vila nova,-12.13771152,-44.96802521,brasil_aberto,True
BA,2903201,Barreiras,Vila Regina,vila regina,-12.15407848,-45.00063705,brasil_aberto,True
BA,2903201,Barreiras,Vila Rica,vila rica,-12.12617111,-45.01385498,brasil_aberto,True
BA,2903201,Barreiras,Vila dos Funcionários,vila dos funcionarios,-12.1235668,-45.0062476,brasil_aberto,True
BA,2903201,Barreiras,Vila dos Sas,vila dos sas,-12.132632,-44.9902341,brasil_aberto,True
BA,2903201,Barreiras,Área Rural de Barreiras,area rural de barreiras,-12.1477483,-44.9953475,brasil_aberto,True
BA,2903235,Barro Alto,Centro,centro,,,brasil_aberto,True
BA,2903235,Barro Alto,Gameleira do Barro Alto,gameleira do barro alto,,,brasil_aberto,True
BA,2903235,Barro Alto,Lagoa Funda,lagoa funda,,,brasil_aberto,True
BA,2903235,Barro Alto,Lagoa do Boi,lagoa do boi,-11.9102478,-41.74554825,brasil_aberto,True
BA,2903300,Barro Preto,Centro,centro,-14.808597,-39.4730623,brasil_aberto,True
BA,2903276,Barrocas,Centro,centro,-11.52886868,-39.07671738,brasil_aberto,True
BA,2903409,Belmonte,Barrolândia,barrolandia,-16.1028347,-39.27238464,brasil_aberto,True
BA,2903409,Belmonte,Belmonte,belmonte,-15.85617447,-38.88035583,brasil_aberto,True
BA,2903409,Belmonte,Boca do Córrego,boca do corrego,-15.8718887,-39.1333151,brasil_aberto,True
BA,2903409,Belmonte,Mogiquiçaba,mogiquicaba,-16.1333313,-38.96304703,brasil_aberto,True
BA,2903409,Belmonte,Santa Maria Eterna,santa maria eterna,-15.8478667,-39.3968947,brasil_aberto,True
BA,2903508,Belo Campo,Belo Campo,belo campo,-15.0384368,-41.259597,brasil_aberto,True
BA,2903508,Belo Campo,Centro,centro,-15.0384368,-41.259597,brasil_aberto,True
BA,2903607,Biritinga,Centro,centro,-11.621912,-38.80817413,brasil_aberto,True
BA,2903706,Boa Nova,Centro,centro,-14.3654869,-40.2086913,brasil_aberto,True
BA,2903706,Boa Nova,Valentim,valentim,-14.44472,-40.0557779,brasil_aberto,True
BA,2903805,Boa Vista do Tupim,Amparo,amparo,,,brasil_aberto,True
BA,2903805,Boa Vista do Tupim,Brejo Novo,brejo novo,-12.82854843,-40.8111496,brasil_aberto,True
BA,2903805,Boa Vista do Tupim,Centro,centro,-12.6591737,-40.6071189,brasil_aberto,True
BA,2903805,Boa Vista do Tupim,Iguapé,iguape,,,brasil_aberto,True
BA,2903805,Boa Vista do Tupim,Terra Boa,terra boa,,,brasil_aberto,True
BA,2903904,Bom Jesus da Lapa,Bairro Nova Brasília,bairro nova brasilia,,,brasil_aberto,True
BA,2903904,Bom Jesus da Lapa,Centro,centro,,,brasil_aberto,True
BA,2903904,Bom Jesus da Lapa,Formoso,formoso,,,brasil_aberto,True
BA,2903953,Bom Jesus da Serra,Centro,centro,,,brasil_aberto,True
BA,2904001,Boninal,Bastião,bastiao,-12.8185412,-41.7206244,brasil_aberto,True
BA,2904001,Boninal,Centro,centro,-12.70993423,-41.8291893,brasil_aberto,True
BA,2904050,Bonito,Centro,centro,,,brasil_aberto,True
BA,2904100,Boquira,Barreiro,barreiro,,,brasil_aberto,True
BA,2904100,Boquira,Brejo Grande,brejo grande,,,brasil_aberto,True
BA,2904100,Boquira,Bucuituba,bucuituba,-12.68282413,-42.7970314,brasil_aberto,True
BA,2904209,Botuporã,Centro,centro,,,brasil_aberto,True
BA,2904407,Brejolândia,Centro,centro,,,brasil_aberto,True
BA,2904308,Brejões,Centro,centro,-13.1017184,-39.7915042,brasil_aberto,True
BA,2904308,Brejões,Km 100,km 100,,,brasil_aberto,True
BA,2904308,Brejões,Serrana,serrana,-13.1037493,-39.7948949,brasil_aberto,True
BA,2904506,Brotas de Macaúbas,Centro,centro,-12.0006655,-42.6260841,brasil_aberto,True
BA,2904506,Brotas de Macaúbas,Ouricuri do Ouro,ouricuri do ouro,-12.0667038,-42.49457932,brasil_aberto,True
BA,2904506,Brotas de Macaúbas,Saudável,saudavel,-12.1106877,-42.2021056,brasil_aberto,True
BA,2904605,Brumado,Campo de Aviação,campo de aviacao,,,brasil_aberto,True
BA,2904605,Brumado,Centro,centro,,,brasil_aberto,True
BA,2904605,Brumado,Cristalândia,cristalandia,,,brasil_aberto,True
BA,2904605,Brumado,Doutor Juracy Pires Gomes,doutor juracy pires gomes,,,brasil_aberto,True
BA,2904605,Brumado,Itaquaraí,itaquarai,,,brasil_aberto,True
BA,2904605,Brumado,Monsenhor Antônio da Silveira Fagundes,monsenhor antonio da silveira fagundes,,,brasil_aberto,True
BA,2904605,Brumado,Novo Brumado,novo brumado,,,brasil_aberto,True
BA,2904605,Brumado,Olhos D' Água,olhos d' agua,,,brasil_aberto,True
BA,2904605,Brumado,Santa Tereza,santa tereza,,,brasil_aberto,True
BA,2904605,Brumado,Ubiracaba,ubiracaba,,,brasil_aberto,True
BA,2904605,Brumado,Área Rural de Brumado,area rural de brumado,-14.2053746,-41.66515709999999,brasil_aberto,True
BA,2904704,Buerarema,Centro,centro,-14.9553175,-39.30228043,brasil_aberto,True
BA,2904753,Buritirama,Centro,centro,-10.71548939,-43.63100052,brasil_aberto,True
BA,2904803,Caatiba,Centro,centro,-11.3015728,-41.85451508,brasil_aberto,True
BA,2904852,Cabaceiras do Paraguaçu,Centro,centro,-12.5336848,-39.1930564,brasil_aberto,True
BA,2904852,Cabaceiras do Paraguaçu,Geolândia,geolandia,-12.5307519,-39.1019648,brasil_aberto,True
BA,2904902,Cachoeira,Belém da Cachoeira,belem da cachoeira,-12.5514845,-38.9412247,brasil_aberto,True
BA,2904902,Cachoeira,Centro,centro,-12.6025829,-38.963301,brasil_aberto,True
BA,2904902,Cachoeira,Santiago do Iguapé,santiago do iguape,-12.6866316,-38.8579465,brasil_aberto,True
BA,2905008,Caculé,Centro,centro,-14.506868,-42.22326049999999,brasil_aberto,True
BA,2905008,Caculé,Várzea Grande,varzea grande,-14.4116433,-42.4371902,brasil_aberto,True
BA,2905156,Caetanos,Caldeirão,caldeirao,,,brasil_aberto,True
BA,2905156,Caetanos,Centro,centro,,,brasil_aberto,True
BA,2905206,Caetité,Brejinho das Ametistas,brejinho das ametistas,,,brasil_aberto,True
BA,2905206,Caetité,Caldeiras,caldeiras,,,brasil_aberto,True
BA,2905206,Caetité,Centro,centro,,,brasil_aberto,True
BA,2905206,Caetité,Juazeiro,juazeiro,,,brasil_aberto,True
BA,2905206,Caetité,Maniaçu,maniacu,,,brasil_aberto,True
BA,2905206,Caetité,Pajeú do Vento,pajeu do vento,,,brasil_aberto,True
BA,2905206,Caetité,Santa Luzia,santa luzia,,,brasil_aberto,True
BA,2905305,Cafarnaum,Canal,canal,,,brasil_aberto,True
BA,2905305,Cafarnaum,Centro,centro,,,brasil_aberto,True
BA,2905404,Cairu,Centro,centro,-13.4850943,-39.0455738,brasil_aberto,True
BA,2905404,Cairu,Galeão,galeao,-13.3990881,-39.0347394,brasil_aberto,True
BA,2905404,Cairu,Gamboa,gamboa,-13.3956089,-38.93861771,brasil_aberto,True
BA,2905404,Cairu,Morro de São Paulo,morro de sao paulo,-13.38009167,-38.91249084,brasil_aberto,True
BA,2905404,Cairu,Velha Boipeba,velha boipeba,-13.5864643,-38.93007840000001,brasil_aberto,True
BA,2905503,Caldeirão Grande,Centro,centro,-16.70730209,-43.85913849,brasil_aberto,True
BA,2905602,Camacan,Centro,centro,-15.4250536,-39.49356461,brasil_aberto,True
BA,2905800,Camamu,Barcelos do Sul,barcelos do sul,-14.0440979,-39.00870514,brasil_aberto,True
BA,2905800,Camamu,Centro,centro,-13.94773388,-39.10551453,brasil_aberto,True
BA,2905800,Camamu,Tapúia,tapuia,-14.08791637,-39.08966064,brasil_aberto,True
BA,2905800,Camamu,Travessão,travessao,,,brasil_aberto,True
BA,2905701,Camaçari,Acajutiba,acajutiba,-12.7115097,-38.3313526,brasil_aberto,True
BA,2905701,Camaçari,Alphaville (Abrantes),alphaville (abrantes),-12.8289337,-38.2764155,brasil_aberto,True
BA,2905701,Camaçari,Alto da Bela Vista,alto da bela vista,-12.7114059,-38.32124,brasil_aberto,True
BA,2905701,Camaçari,Alto da Cruz,alto da cruz,-12.69208336,-38.32796097,brasil_aberto,True
BA,2905701,Camaçari,Alto do Triângulo,alto do triangulo,-12.6841817,-38.3326839,brasil_aberto,True
BA,2905701,Camaçari,Areias (Abrantes),areias (abrantes),-12.861358,-38.2883864,brasil_aberto,True
BA,2905701,Camaçari,Arembepe (Abrantes),arembepe (abrantes),-12.75755978,-38.16984558,brasil_aberto,True
BA,2905701,Camaçari,Barra do Jacuípe,barra do jacuipe,-12.7001932,-38.325345,brasil_aberto,True
BA,2905701,Camaçari,Barra do Jacuípe (Monte Gordo),barra do jacuipe (monte gordo),-12.7001932,-38.325345,brasil_aberto,True
BA,2905701,Camaçari,Barra do Pojuca (Monte Gordo),barra do pojuca (monte gordo),-12.27015209,-37.8763504,brasil_aberto,True
BA,2905701,Camaçari,Bela Vista,bela vista,-12.7115469,-38.31985092,brasil_aberto,True
BA,2905701,Camaçari,Boa Esperança (Monte Gordo),boa esperanca (monte gordo),-12.67599964,-38.12655258,brasil_aberto,True
BA,2905701,Camaçari,Boa União (Abrantes),boa uniao (abrantes),-12.85605049,-38.28824615,brasil_aberto,True
BA,2905701,Camaçari,Burissatuba,burissatuba,-12.71655941,-38.33960724,brasil_aberto,True
BA,2905701,Camaçari,Busca Vida (Abrantes),busca vida (abrantes),-12.8726272,-38.2698883,brasil_aberto,True
BA,2905701,Camaçari,Cachoeirinha (Abrantes),cachoeirinha (abrantes),-12.8229263,-38.2868567,brasil_aberto,True
BA,2905701,Camaçari,Cajazeiras de Abrantes (Abrantes),cajazeiras de abrantes (abrantes),-12.8047116,-38.2734182,brasil_aberto,True
BA,2905701,Camaçari,Camaçari de Dentro,camacari de dentro,-12.7043457,-38.33571625,brasil_aberto,True
BA,2905701,Camaçari,Cascalheira (Abrantes),cascalheira (abrantes),-12.8219784,-38.2749021,brasil_aberto,True
BA,2905701,Camaçari,Catu de Abrantes (Abrantes),catu de abrantes (abrantes),-12.863804,-38.2770374,brasil_aberto,True
BA,2905701,Camaçari,Centro,centro,-12.7001896,-38.3253387,brasil_aberto,True
BA,2905701,Camaçari,Coqueiros de Arembepe (Abrantes),coqueiros de arembepe (abrantes),-12.861358,-38.2883864,brasil_aberto,True
BA,2905701,Camaçari,Coqueiros de Monte Gordo (Monte Gordo),coqueiros de monte gordo (monte gordo),-12.7001932,-38.325345,brasil_aberto,True
BA,2905701,Camaçari,Cristo Redentor,cristo redentor,-12.6852743,-38.3405086,brasil_aberto,True
BA,2905701,Camaçari,Dois de Julho,dois de julho,-12.7073743,-38.3244277,brasil_aberto,True
BA,2905701,Camaçari,Dom Avelar,dom avelar,-12.92853737,-38.49284363,brasil_aberto,True
BA,2905701,Camaçari,FICAM,ficam,-12.6898706,-38.3272466,brasil_aberto,True
BA,2905701,Camaçari,Gajirus,gajirus,-12.7001932,-38.325345,brasil_aberto,True
BA,2905701,Camaçari,Genipabu (Monte Gordo),genipabu (monte gordo),-12.708878,-38.3175804,brasil_aberto,True
BA,2905701,Camaçari,Gleba A,gleba a,-12.6940939,-38.3360251,brasil_aberto,True
BA,2905701,Camaçari,Gleba B,gleba b,-12.69264507,-38.32527542,brasil_aberto,True
BA,2905701,Camaçari,Gleba C,gleba c,-12.71105385,-38.32884216,brasil_aberto,True
BA,2905701,Camaçari,Gleba E,gleba e,-12.72450256,-38.33125687,brasil_aberto,True
BA,2905701,Camaçari,Gleba H,gleba h,-12.71322441,-38.34652328,brasil_aberto,True
BA,2905701,Camaçari,Gravatá,gravata,-12.69256878,-38.33208084,brasil_aberto,True
BA,2905701,Camaçari,Guarajuba (Monte Gordo),guarajuba (monte gordo),-12.6473917,-38.07576540000001,brasil_aberto,True
BA,2905701,Camaçari,Industrial,industrial,-12.748953,-38.315278,brasil_aberto,True
BA,2905701,Camaçari,Interlagos (Abrantes),interlagos (abrantes),-12.861358,-38.2883864,brasil_aberto,True
BA,2905701,Camaçari,Itacimirim (Monte Gordo),itacimirim (monte gordo),-12.6351844,-38.0520267,brasil_aberto,True
BA,2905701,Camaçari,Jardim Brasília,jardim brasilia,-12.7008178,-38.329904,brasil_aberto,True
BA,2905701,Camaçari,Jardim Limoeiro,jardim limoeiro,-12.74895287,-38.3152771,brasil_aberto,True
BA,2905701,Camaçari,Jauá (Abrantes),jaua (abrantes),,,brasil_aberto,True
BA,2905701,Camaçari,Lama Preta,lama preta,-12.703872,-38.3376578,brasil_aberto,True
BA,2905701,Camaçari,Loteamento Montenegro,loteamento montenegro,-12.748953,-38.315278,brasil_aberto,True
BA,2905701,Camaçari,Machadinho,machadinho,-12.7220065,-38.3163716,brasil_aberto,True
BA,2905701,Camaçari,Malícia (Abrantes),malicia (abrantes),,,brasil_aberto,True
BA,2905701,Camaçari,Mangueiral,mangueiral,-12.68495464,-38.33157349,brasil_aberto,True
BA,2905701,Camaçari,Massaranduba,massaranduba,-12.748953,-38.315278,brasil_aberto,True
BA,2905701,Camaçari,Monte Gordo (Monte Gordo),monte gordo (monte gordo),-12.7001932,-38.325345,brasil_aberto,True
BA,2905701,Camaçari,Morro da Manteiga,morro da manteiga,,,brasil_aberto,True
BA,2905701,Camaçari,Natal,natal,-12.69355392,-38.3192482,brasil_aberto,True
BA,2905701,Camaçari,Nova Abrantes (Abrantes),nova abrantes (abrantes),-12.8385103,-38.2650058,brasil_aberto,True
BA,2905701,Camaçari,Nova Aliança - PHOC I,nova alianca - phoc i,-12.7160535,-38.3321236,brasil_aberto,True
BA,2905701,Camaçari,Nova Vitória,nova vitoria,-12.7050076,-38.3120708,brasil_aberto,True
BA,2905701,Camaçari,Novo Horizonte,novo horizonte,-12.7001932,-38.325345,brasil_aberto,True
BA,2905701,Camaçari,Parafuso,parafuso,-12.7690787,-38.3273603,brasil_aberto,True
BA,2905701,Camaçari,Parque Florestal,parque florestal,-12.7157252,-38.3189578,brasil_aberto,True
BA,2905701,Camaçari,Parque Nascente do Rio Capivara,parque nascente do rio capivara,-12.712865,-38.2842655,brasil_aberto,True
BA,2905701,Camaçari,Parque Real Serra Verde,parque real serra verde,-12.7479817,-38.2838976,brasil_aberto,True
BA,2905701,Camaçari,Parque Satélite,parque satelite,-12.6864568,-38.3265534,brasil_aberto,True
BA,2905701,Camaçari,Parque Verde I,parque verde i,-12.7228047,-38.3283136,brasil_aberto,True
BA,2905701,Camaçari,Parque Verde II,parque verde ii,-12.7141016,-38.33361,brasil_aberto,True
BA,2905701,Camaçari,Parque Verde III,parque verde iii,-12.7223088,-38.3249395,brasil_aberto,True
BA,2905701,Camaçari,Parque das Dunas (Abrantes),parque das dunas (abrantes),-12.8265369,-38.2539956,brasil_aberto,True
BA,2905701,Camaçari,Parque das Mangabas,parque das mangabas,-12.72920609,-38.29796982,brasil_aberto,True
BA,2905701,Camaçari,Parque das Palmeiras,parque das palmeiras,-12.69667244,-38.29339981,brasil_aberto,True
BA,2905701,Camaçari,Piaçaveira,piacaveira,-12.7126805,-38.3222965,brasil_aberto,True
BA,2905701,Camaçari,PoloPlast,poloplast,-12.748953,-38.315278,brasil_aberto,True
BA,2905701,Camaçari,Ponto Certo,ponto certo,-12.70824718,-38.31589508,brasil_aberto,True
BA,2905701,Camaçari,Pé de Areia (Abrantes),pe de areia (abrantes),-12.861358,-38.2883864,brasil_aberto,True
BA,2905701,Camaçari,Pólo Industrial de Camaçari,polo industrial de camacari,-12.6446871,-38.3388596,brasil_aberto,True
BA,2905701,Camaçari,Pólo de Apoio,polo de apoio,-12.7013091,-38.3076115,brasil_aberto,True
BA,2905701,Camaçari,Quarenta e Seis,quarenta e seis,-12.7082438,-38.3247505,brasil_aberto,True
BA,2905701,Camaçari,Recanto das Árvores,recanto das arvores,-12.71855736,-38.3368187,brasil_aberto,True
BA,2905701,Camaçari,Renascer - PHOC II,renascer - phoc ii,-12.7088866,-38.3344978,brasil_aberto,True
BA,2905701,Camaçari,Rio da Prata,rio da prata,,,brasil_aberto,True
BA,2905701,Camaçari,Santa Maria,santa maria,-12.7105858,-38.3437551,brasil_aberto,True
BA,2905701,Camaçari,Santo Antônio,santo antonio,-12.6849321,-38.3528931,brasil_aberto,True
BA,2905701,Camaçari,São Bento (Monte Gordo),sao bento (monte gordo),-12.7125979,-38.3341895,brasil_aberto,True
BA,2905701,Camaçari,Sítio São Gonçalo (Abrantes),sitio sao goncalo (abrantes),-12.8153308,-38.3008514,brasil_aberto,True
BA,2905701,Camaçari,Tancredo Neves,tancredo neves,-12.7195951,-38.3339747,brasil_aberto,True
BA,2905701,Camaçari,Triângulo,triangulo,-12.69583225,-38.34060669,brasil_aberto,True
BA,2905701,Camaçari,Vale do Landirana (Abrantes),vale do landirana (abrantes),-12.861358,-38.2883864,brasil_aberto,True
BA,2905701,Camaçari,Varge Grande (Abrantes),varge grande (abrantes),-12.7001932,-38.325345,brasil_aberto,True
BA,2905701,Camaçari,Verdes Horizontes,verdes horizontes,-12.7175168,-38.3163817,brasil_aberto,True
BA,2905701,Camaçari,Vila Goiana,vila goiana,-12.7001932,-38.325345,brasil_aberto,True
BA,2905701,Camaçari,Vila Irmã Dulce,vila irma dulce,-12.69145584,-38.32193375,brasil_aberto,True
BA,2905701,Camaçari,Vila de Abrantes (Abrantes),vila de abrantes (abrantes),,,brasil_aberto,True
BA,2905701,Camaçari,Várzea da Meira (Monte Gordo),varzea da meira (monte gordo),-12.6628634,-38.1154787,brasil_aberto,True
BA,2905701,Camaçari,Vívea,vivea,-12.748953,-38.315278,brasil_aberto,True
BA,2905701,Camaçari,Área Rural de Camaçari,area rural de camacari,,,brasil_aberto,True
BA,2905909,Campo Alegre de Lourdes,Centro,centro,-9.5165372,-43.0085619,brasil_aberto,True
BA,2905909,Campo Alegre de Lourdes,Peixe,peixe,-9.470276499999999,-43.4043593,brasil_aberto,True
BA,2906006,Campo Formoso,Araras,araras,,,brasil_aberto,True
BA,2906006,Campo Formoso,Brejo Grande,brejo grande,,,brasil_aberto,True
BA,2906006,Campo Formoso,Brejão da Caatinga,brejao da caatinga,,,brasil_aberto,True
BA,2906006,Campo Formoso,Campo Formoso,campo formoso,,,brasil_aberto,True
BA,2906006,Campo Formoso,Centro,centro,-10.5085822,-40.3224547,brasil_aberto,True
BA,2906006,Campo Formoso,Curral Velho,curral velho,,,brasil_aberto,True
BA,2906006,Campo Formoso,Delfino,delfino,-10.5085822,-40.3224547,brasil_aberto,True
BA,2906006,Campo Formoso,Lage dos Negros,lage dos negros,,,brasil_aberto,True
BA,2906006,Campo Formoso,Poços,pocos,,,brasil_aberto,True
BA,2906006,Campo Formoso,São Tomé,sao tome,,,brasil_aberto,True
BA,2906006,Campo Formoso,Tuiutiba,tuiutiba,,,brasil_aberto,True
BA,2906204,Canarana,Centro,centro,-13.5563987,-52.2691482,brasil_aberto,True
BA,2906204,Canarana,Salobro,salobro,-11.85934067,-41.75043869,brasil_aberto,True
BA,2906303,Canavieiras,Centro,centro,-15.6773461,-38.9451874,brasil_aberto,True
BA,2906303,Canavieiras,Ouricana,ouricana,-15.72174072,-39.08005142,brasil_aberto,True
BA,2906303,Canavieiras,Poxim do Sul,poxim do sul,-15.45438671,-38.99069214,brasil_aberto,True
BA,2906402,Candeal,Centro,centro,-13.6682032,-41.8088914,brasil_aberto,True
BA,2906501,Candeias,Areia,areia,-12.6827319,-38.5329946,brasil_aberto,True
BA,2906501,Candeias,Cabôto,caboto,-12.7364496,-38.4797356,brasil_aberto,True
BA,2906501,Candeias,Caroba,caroba,-12.6910759,-38.4955043,brasil_aberto,True
BA,2906501,Candeias,Distrito Industrial,distrito industrial,-12.6654769,-38.5311981,brasil_aberto,True
BA,2906501,Candeias,Madeira,madeira,-12.7763321,-38.482364,brasil_aberto,True
BA,2906501,Candeias,Malemba,malemba,-12.6790415,-38.5405771,brasil_aberto,True
BA,2906501,Candeias,Menino Jesus,menino jesus,-12.7209345,-38.4455572,brasil_aberto,True
BA,2906501,Candeias,Nova Brasília,nova brasilia,-12.66427612,-38.54577637,brasil_aberto,True
BA,2906501,Candeias,Nova Candeias,nova candeias,-12.66288757,-38.53541565,brasil_aberto,True
BA,2906501,Candeias,Passagem dos Teixeiras,passagem dos teixeiras,-12.73735046,-38.44333649,brasil_aberto,True
BA,2906501,Candeias,Passé,passe,-11.40987396,-41.28085709,brasil_aberto,True
BA,2906501,Candeias,Pitanga,pitanga,-12.66438007,-38.54213333,brasil_aberto,True
BA,2906501,Candeias,Santo Antônio,santo antonio,-12.67172432,-38.53576279,brasil_aberto,True
BA,2906501,Candeias,Sarandy,sarandy,-12.6701187,-38.5328819,brasil_aberto,True
BA,2906501,Candeias,Triângulo,triangulo,-12.66044807,-38.54227066,brasil_aberto,True
BA,2906501,Candeias,Urbis I,urbis i,-12.6497178,-38.529657,brasil_aberto,True
BA,2906501,Candeias,Urbis II,urbis ii,-12.6812177,-38.5290003,brasil_aberto,True
BA,2906501,Candeias,Área Rural de Candeias,area rural de candeias,-12.6725892,-38.54317899999999,brasil_aberto,True
BA,2906600,Candiba,Centro,centro,,,brasil_aberto,True
BA,2906600,Candiba,Pilões,piloes,-14.37521648,-42.76658249,brasil_aberto,True
BA,2906808,Cansanção,Centro,centro,-10.6668259,-39.4961254,brasil_aberto,True
BA,2906824,Canudos,Bendegó,bendego,-9.8964385,-39.0294089,brasil_aberto,True
BA,2906824,Canudos,Centro,centro,-9.8964192,-39.0294604,brasil_aberto,True
BA,2906857,Capela do Alto Alegre,Centro,centro,-11.6680612,-39.8373617,brasil_aberto,True
BA,2906873,Capim Grosso,Centro,centro,,,brasil_aberto,True
BA,2906873,Capim Grosso,Pedras Altas do Mirim,pedras altas do mirim,,,brasil_aberto,True
BA,2906907,Caravelas,Centro,centro,-17.7346686,-39.2627556,brasil_aberto,True
BA,2906907,Caravelas,Juerana,juerana,-17.7214603,-39.5338045,brasil_aberto,True
BA,2906907,Caravelas,Ponta da Areia,ponta da areia,-17.74809265,-39.22779846,brasil_aberto,True
BA,2906907,Caravelas,Santo Antônio de Barcelona,santo antonio de barcelona,-17.5134716,-40.10834885,brasil_aberto,True
BA,2906899,Caraíbas,Caraíbas,caraibas,,,brasil_aberto,True
BA,2906899,Caraíbas,Centro,centro,-14.728193,-41.259015,brasil_aberto,True
BA,2906899,Caraíbas,Vila Mariana,vila mariana,-14.56621742,-41.26077652,brasil_aberto,True
BA,2907004,Cardeal da Silva,Centro,centro,-11.9420414,-37.94915009,brasil_aberto,True
BA,2907103,Carinhanha,Centro,centro,,,brasil_aberto,True
BA,2907103,Carinhanha,Serra do São Francisco,serra do sao francisco,-9.89138889,-40.91166687,brasil_aberto,True
BA,2907202,Casa Nova,Bem-Bom,bem-bom,-9.6167807,-41.8013278,brasil_aberto,True
BA,2907202,Casa Nova,Borges,borges,-9.17600822,-40.9731636,brasil_aberto,True
BA,2907202,Casa Nova,Luís Viana,luis viana,-8.9314676,-41.2004878,brasil_aberto,True
BA,2907202,Casa Nova,Ouricuri,ouricuri,,,brasil_aberto,True
BA,2907202,Casa Nova,Pau a Pique,pau a pique,-9.6182974,-41.6210271,brasil_aberto,True
BA,2907202,Casa Nova,Santana do Sobrado,santana do sobrado,-9.2963548,-40.8186968,brasil_aberto,True
BA,2907301,Castro Alves,Banheiro,banheiro,-12.7664608,-39.4264122,brasil_aberto,True
BA,2907301,Castro Alves,Crussaí,crussai,-12.88236809,-39.3483963,brasil_aberto,True
BA,2907301,Castro Alves,Petim,petim,-12.67021847,-39.24892426,brasil_aberto,True
BA,2907301,Castro Alves,Riacho da Légua,riacho da legua,,,brasil_aberto,True
BA,2907301,Castro Alves,Sítio do Meio,sitio do meio,-11.95591927,-38.17536926,brasil_aberto,True
BA,2907400,Catolândia,Centro,centro,,,brasil_aberto,True
BA,2907509,Catu,Bela Flor,bela flor,-12.3781275,-38.391975,brasil_aberto,True
BA,2907509,Catu,Centro,centro,-12.3535488,-38.3753915,brasil_aberto,True
BA,2907509,Catu,Sítio Novo,sitio novo,-12.24913692,-38.37546921,brasil_aberto,True
BA,2907558,Caturama,Centro,centro,-13.3301539,-42.291618,brasil_aberto,True
BA,2905107,Caém,Centro,centro,-9.41374588,-40.50540161,brasil_aberto,True
BA,2907608,Central,Centro,centro,-11.1378378,-42.1121069,brasil_aberto,True
BA,2907707,Chorrochó,Barra do Tarrachil,barra do tarrachil,-8.7985788,-38.9659584,brasil_aberto,True
BA,2907707,Chorrochó,Caraibas,caraibas,,,brasil_aberto,True
BA,2907707,Chorrochó,Centro,centro,-8.9794247,-39.1000156,brasil_aberto,True
BA,2907707,Chorrochó,São José do Chorrochó,sao jose do chorrocho,,,brasil_aberto,True
BA,2907707,Chorrochó,Várzea da Ema,varzea da ema,,,brasil_aberto,True
BA,2907905,Cipó,Centro,centro,-11.10090637,-38.51703644,brasil_aberto,True
BA,2908002,Coaraci,Centro,centro,,,brasil_aberto,True
BA,2908101,Cocos,Centro,centro,-14.1792172,-44.5328566,brasil_aberto,True
BA,2908200,Conceição da Feira,Centro,centro,-12.5036934,-39.0009698,brasil_aberto,True
BA,2908309,Conceição do Almeida,Centro,centro,-12.7794593,-39.1699615,brasil_aberto,True
BA,2908309,Conceição do Almeida,Comércio,comercio,-12.8442073,-39.2255174,brasil_aberto,True
BA,2908309,Conceição do Almeida,Rio da Dona,rio da dona,-12.9569912,-39.32910538,brasil_aberto,True
BA,2908408,Conceição do Coité,Bandiaçu,bandiacu,-11.5949013,-39.1739885,brasil_aberto,True
BA,2908408,Conceição do Coité,Centro,centro,-11.56590939,-39.28308105,brasil_aberto,True
BA,2908408,Conceição do Coité,Joazeiro,joazeiro,,,brasil_aberto,True
BA,2908408,Conceição do Coité,Salgadália,salgadalia,-11.45179462,-39.18852615,brasil_aberto,True
BA,2908408,Conceição do Coité,São João,sao joao,-11.5483552,-39.3933088,brasil_aberto,True
BA,2908507,Conceição do Jacuípe,Bessa,bessa,,,brasil_aberto,True
BA,2908507,Conceição do Jacuípe,Centro,centro,-12.3305286,-38.7670993,brasil_aberto,True
BA,2908507,Conceição do Jacuípe,Picado,picado,,,brasil_aberto,True
BA,2908606,Conde,Centro,centro,-19.20541573,-40.09566116,brasil_aberto,True
BA,2908705,Condeúba,Alegre,alegre,,,brasil_aberto,True
BA,2908705,Condeúba,Centro,centro,,,brasil_aberto,True
BA,2908804,Contendas do Sincorá,Caraibuna,caraibuna,-13.7502075,-41.1496478,brasil_aberto,True
BA,2908804,Contendas do Sincorá,Centro,centro,-13.7620648,-41.0430953,brasil_aberto,True
BA,2908903,Coração de Maria,Centro,centro,-12.24886417,-38.74917984,brasil_aberto,True
BA,2908903,Coração de Maria,Itacava,itacava,-12.2044487,-38.8466766,brasil_aberto,True
BA,2908903,Coração de Maria,Retiro,retiro,,,brasil_aberto,True
BA,2909000,Cordeiros,Centro,centro,-20.12911415,-40.30766678,brasil_aberto,True
BA,2909109,Coribe,Centro,centro,,,brasil_aberto,True
BA,2909109,Coribe,Colônia do Formoso,colonia do formoso,-13.5626567,-44.3064363,brasil_aberto,True
BA,2909109,Coribe,Descoberto,descoberto,-13.76495361,-44.32365417,brasil_aberto,True
BA,2909208,Coronel João Sá,Centro,centro,-12.35531902,-44.98125458,brasil_aberto,True
BA,2909307,Correntina,Centro,centro,,,brasil_aberto,True
BA,2909307,Correntina,Rosário,rosario,-10.1833334,-38.98333359,brasil_aberto,True
BA,2909406,Cotegipe,Centro,centro,,,brasil_aberto,True
BA,2909406,Cotegipe,Jupaguá,jupagua,-11.81621838,-44.34028244,brasil_aberto,True
BA,2909406,Cotegipe,Taguá,tagua,-11.7199794,-44.5024039,brasil_aberto,True
BA,2909505,Cravolândia,Centro,centro,-13.36082649,-39.81358337,brasil_aberto,True
BA,2909703,Cristópolis,Centro,centro,,,brasil_aberto,True
BA,2909604,Crisópolis,Buril,buril,-11.4453957,-38.2110938,brasil_aberto,True
BA,2909604,Crisópolis,Centro,centro,-11.5182001,-38.1461333,brasil_aberto,True
BA,2909604,Crisópolis,Pinto,pinto,-11.5113956,-38.1519389,brasil_aberto,True
BA,2909802,Cruz das Almas,Centro,centro,-12.6743857,-39.1033512,brasil_aberto,True
BA,2909901,Curaçá,Barro Vermelho,barro vermelho,-9.43524837,-39.77998352,brasil_aberto,True
BA,2909901,Curaçá,Centro,centro,-8.9888427,-39.9078601,brasil_aberto,True
BA,2909901,Curaçá,Patamuté,patamute,-9.41211891,-39.47219086,brasil_aberto,True
BA,2909901,Curaçá,Poço de Fora,poco de fora,-9.61273384,-39.79300308,brasil_aberto,True
BA,2909901,Curaçá,Riacho Seco,riacho seco,-8.776570399999999,-39.669981,brasil_aberto,True
BA,2906709,Cândido Sales,Centro,centro,,,brasil_aberto,True
BA,2906709,Cândido Sales,Lagoa Grande,lagoa grande,,,brasil_aberto,True
BA,2906709,Cândido Sales,Quaraçu,quaracu,-15.1670814,-41.3482254,brasil_aberto,True
BA,2907806,Cícero Dantas,Caxias,caxias,,,brasil_aberto,True
BA,2907806,Cícero Dantas,Centro,centro,-10.59451866,-38.38476181,brasil_aberto,True
BA,2907806,Cícero Dantas,Serra Grande,serra grande,-14.46486378,-39.04021072,brasil_aberto,True
BA,2907806,Cícero Dantas,São João da Fortaleza,sao joao da fortaleza,-10.53569794,-38.60453796,brasil_aberto,True
BA,2907806,Cícero Dantas,Trindade,trindade,-10.5936112,-38.3852394,brasil_aberto,True
BA,2910057,Dias d'Ávila,Centro,centro,,,brasil_aberto,True
BA,2910107,Dom Basílio,Centro,centro,-13.7590615,-41.773135,brasil_aberto,True
BA,2910206,Dom Macedo Costa,Centro,centro,-12.9066359,-39.1904439,brasil_aberto,True
BA,2910008,Dário Meira,Acaraci,acaraci,,,brasil_aberto,True
BA,2910008,Dário Meira,Centro,centro,,,brasil_aberto,True
BA,2910008,Dário Meira,Idelfonso Maroto,idelfonso maroto,,,brasil_aberto,True
BA,2910008,Dário Meira,Planalto Iris,planalto iris,,,brasil_aberto,True
BA,2910305,Elísio Medrado,Centro,centro,-12.9470452,-39.5238784,brasil_aberto,True
BA,2910305,Elísio Medrado,Monte Cruzeiro,monte cruzeiro,-12.8843095,-39.4837329,brasil_aberto,True
BA,2910404,Encruzilhada,Centro,centro,-15.532457,-40.9087147,brasil_aberto,True
BA,2910404,Encruzilhada,Vila do Café,vila do cafe,-15.62809849,-40.71455765,brasil_aberto,True
BA,2910503,Entre Rios,Centro,centro,-11.9431843,-38.0825805,brasil_aberto,True
BA,2910503,Entre Rios,Ibatui,ibatui,-11.8899332,-38.162538,brasil_aberto,True
BA,2910503,Entre Rios,Porto Sauípe,porto sauipe,,,brasil_aberto,True
BA,2910503,Entre Rios,Subaúma,subauma,-12.23671627,-37.77156067,brasil_aberto,True
BA,2910602,Esplanada,Centro,centro,-11.8017365,-37.9455589,brasil_aberto,True
BA,2910602,Esplanada,Mucambo,mucambo,,,brasil_aberto,True
BA,2910602,Esplanada,Palame,palame,-12.0722333,-37.718553,brasil_aberto,True
BA,2910701,Euclides da Cunha,Aribice,aribice,-10.5522604,-38.79377747,brasil_aberto,True
BA,2910701,Euclides da Cunha,Caimbé,caimbe,-10.42416191,-38.8674736,brasil_aberto,True
BA,2910701,Euclides da Cunha,Centro,centro,-10.50736046,-39.01324081,brasil_aberto,True
BA,2910701,Euclides da Cunha,Massacara,massacara,-10.428453,-38.7805857,brasil_aberto,True
BA,2910727,Eunápolis,Alecrim,alecrim,-16.3425404,-39.5755726,brasil_aberto,True
BA,2910727,Eunápolis,Alegria,alegria,-31.71492958,-52.30244064,brasil_aberto,True
BA,2910727,Eunápolis,Alto da Boa Vista,alto da boa vista,-16.38667679,-39.56970978,brasil_aberto,True
BA,2910727,Eunápolis,Alvorada,alvorada,-16.3566636,-39.5648164,brasil_aberto,True
BA,2910727,Eunápolis,Antares,antares,-16.3642759,-39.5937205,brasil_aberto,True
BA,2910727,Eunápolis,Arivaldo Reis,arivaldo reis,-16.3536765,-39.5758433,brasil_aberto,True
BA,2910727,Eunápolis,Arnaldo Moura,arnaldo moura,-16.3505113,-39.5765675,brasil_aberto,True
BA,2910727,Eunápolis,Campo das Flores,campo das flores,-10.98514938,-37.05299759,brasil_aberto,True
BA,2910727,Eunápolis,Centauro,centauro,-16.3616897,-39.5894425,brasil_aberto,True
BA,2910727,Eunápolis,Centro,centro,-16.3756163,-39.58597779999999,brasil_aberto,True
BA,2910727,Eunápolis,Colonial,colonial,-16.3381133,-39.5720392,brasil_aberto,True
BA,2910727,Eunápolis,Colônia,colonia,-15.26304436,-39.14591599,brasil_aberto,True
BA,2910727,Eunápolis,Costa Rica,costa rica,-16.3834055,-39.5894509,brasil_aberto,True
BA,2910727,Eunápolis,Delta Park,delta park,-16.3670722,-39.5466694,brasil_aberto,True
BA,2910727,Eunápolis,Dinah Borges,dinah borges,-16.3824271,-39.571768,brasil_aberto,True
BA,2910727,Eunápolis,Distrito Industrial,distrito industrial,-16.3485975,-39.5799477,brasil_aberto,True
BA,2910727,Eunápolis,Doutor Gusmão,doutor gusmao,-16.3683516,-39.58597779999999,brasil_aberto,True
BA,2910727,Eunápolis,Edgar Trancoso,edgar trancoso,-16.37685,-39.5910993,brasil_aberto,True
BA,2910727,Eunápolis,Encanto das Águas,encanto das aguas,-16.3936457,-39.5949304,brasil_aberto,True
BA,2910727,Eunápolis,Gabiarra,gabiarra,-16.2305603,-39.69707108,brasil_aberto,True
BA,2910727,Eunápolis,Green Gold,green gold,-16.3728737,-39.572077,brasil_aberto,True
BA,2910727,Eunápolis,Itapuã,itapua,-16.35549545,-39.59104156,brasil_aberto,True
BA,2910727,Eunápolis,Ivan Moura,ivan moura,-16.3728737,-39.572077,brasil_aberto,True
BA,2910727,Eunápolis,Jardim Amendoeira,jardim amendoeira,-16.3281765,-39.5655934,brasil_aberto,True
BA,2910727,Eunápolis,Jardim América,jardim america,-16.3714796,-39.6046391,brasil_aberto,True
BA,2910727,Eunápolis,Jardim América II,jardim america ii,-16.3778752,-39.6194228,brasil_aberto,True
BA,2910727,Eunápolis,Jardim América III,jardim america iii,-16.3776229,-39.6218919,brasil_aberto,True
BA,2910727,Eunápolis,Jardins das Acácias,jardins das acacias,-16.38875198,-39.59481812,brasil_aberto,True
BA,2910727,Eunápolis,Jardins de Eunápolis,jardins de eunapolis,-16.3847398,-39.5913952,brasil_aberto,True
BA,2910727,Eunápolis,Jequitaia,jequitaia,-16.3751025,-39.5881125,brasil_aberto,True
BA,2910727,Eunápolis,Juca Rosa,juca rosa,-16.33703232,-39.57741928,brasil_aberto,True
BA,2910727,Eunápolis,Matinha,matinha,,,brasil_aberto,True
BA,2910727,Eunápolis,Minas Gerais,minas gerais,-16.36613274,-39.5656662,brasil_aberto,True
BA,2910727,Eunápolis,Moisés Reis,moises reis,-16.363646,-39.5767168,brasil_aberto,True
BA,2910727,Eunápolis,Motor,motor,-16.3751025,-39.5881125,brasil_aberto,True
BA,2910727,Eunápolis,Nacional,nacional,-16.3670792,-39.595971,brasil_aberto,True
BA,2910727,Eunápolis,Niterói,niteroi,-16.3751025,-39.5881125,brasil_aberto,True
BA,2910727,Eunápolis,Nova Esperança,nova esperanca,-16.3751025,-39.5881125,brasil_aberto,True
BA,2910727,Eunápolis,Nova Eunápolis,nova eunapolis,-16.3908145,-39.5953823,brasil_aberto,True
BA,2910727,Eunápolis,Parque da Renovação,parque da renovacao,-16.3751025,-39.5881125,brasil_aberto,True
BA,2910727,Eunápolis,Pequi,pequi,-16.3678951,-39.571768,brasil_aberto,True
BA,2910727,Eunápolis,Recanto das Árvores,recanto das arvores,-16.3634738,-39.5640102,brasil_aberto,True
BA,2910727,Eunápolis,Residencial Alamar,residencial alamar,-16.372631,-39.5944115,brasil_aberto,True
BA,2910727,Eunápolis,Rosa Neto,rosa neto,-16.3455312,-39.5788362,brasil_aberto,True
BA,2910727,Eunápolis,Santa Edwirges,santa edwirges,-16.3728737,-39.572077,brasil_aberto,True
BA,2910727,Eunápolis,Santa Isabel,santa isabel,-16.37210464,-39.55596542,brasil_aberto,True
BA,2910727,Eunápolis,Santa Lúcia,santa lucia,-16.3212876,-39.5729544,brasil_aberto,True
BA,2910727,Eunápolis,Santa Rita,santa rita,-16.3855833,-39.5750497,brasil_aberto,True
BA,2910727,Eunápolis,Sapucaeira,sapucaeira,-16.333805,-39.5740054,brasil_aberto,True
BA,2910727,Eunápolis,Stela Reis,stela reis,-16.35476685,-39.57851028,brasil_aberto,True
BA,2910727,Eunápolis,Thiago de Mello,thiago de mello,-9.40524673,-38.2148056,brasil_aberto,True
BA,2910727,Eunápolis,URBIS I,urbis i,-16.3882193,-39.5859132,brasil_aberto,True
BA,2910727,Eunápolis,URBIS II,urbis ii,-16.3864259,-39.5823797,brasil_aberto,True
BA,2910727,Eunápolis,URBIS III,urbis iii,-16.36104584,-39.55719757,brasil_aberto,True
BA,2910727,Eunápolis,Vila Olímpica,vila olimpica,-16.3516747,-39.5718025,brasil_aberto,True
BA,2910727,Eunápolis,Vista Alegre,vista alegre,-14.8577988,-40.8400759,brasil_aberto,True
BA,2910727,Eunápolis,Vivendas Costa Azul,vivendas costa azul,-16.39361954,-39.58587646,brasil_aberto,True
BA,2910727,Eunápolis,Área Rural de Eunápolis,area rural de eunapolis,-16.3751025,-39.5881125,brasil_aberto,True
BA,2910776,Feira da Mata,Centro,centro,,,brasil_aberto,True
BA,2910776,Feira da Mata,Ramalho,ramalho,,,brasil_aberto,True
BA,2910800,Feira de Santana,35º BI,35º bi,-12.28206348,-38.93202209,brasil_aberto,True
BA,2910800,Feira de Santana,Aeroporto,aeroporto,-12.23702526,-38.91938782,brasil_aberto,True
BA,2910800,Feira de Santana,Asa Branca,asa branca,-12.19909191,-38.99664688,brasil_aberto,True
BA,2910800,Feira de Santana,Aviário,aviario,-12.3012574,-38.9302726,brasil_aberto,True
BA,2910800,Feira de Santana,Baraúna,barauna,-12.2995189,-38.9394232,brasil_aberto,True
BA,2910800,Feira de Santana,Bonfim da Feira,bonfim da feira,-12.2668164,-39.20291270000001,brasil_aberto,True
BA,2910800,Feira de Santana,Brasília,brasilia,-12.2962488,-38.9397538,brasil_aberto,True
BA,2910800,Feira de Santana,CASEB,caseb,-12.24138546,-38.9448967,brasil_aberto,True
BA,2910800,Feira de Santana,CIS,cis,-12.3012691,-38.9609757,brasil_aberto,True
BA,2910800,Feira de Santana,Calumbi,calumbi,-12.25248623,-38.98749542,brasil_aberto,True
BA,2910800,Feira de Santana,Campo Limpo,campo limpo,-12.2130656,-38.9730985,brasil_aberto,True
BA,2910800,Feira de Santana,Campo do Gado Novo,campo do gado novo,-12.2189846,-39.00049591,brasil_aberto,True
BA,2910800,Feira de Santana,Capuchinhos,capuchinhos,-12.25898361,-38.95077133,brasil_aberto,True
BA,2910800,Feira de Santana,Centro,centro,-12.2556441,-38.9641978,brasil_aberto,True
BA,2910800,Feira de Santana,Chaparral,chaparral,-12.2620835,-38.8862676,brasil_aberto,True
BA,2910800,Feira de Santana,Chácara São Cosme,chacara sao cosme,-12.2645296,-38.9691446,brasil_aberto,True
BA,2910800,Feira de Santana,Cidade Nova,cidade nova,-12.2232251,-38.9635391,brasil_aberto,True
BA,2910800,Feira de Santana,Conceição,conceicao,-12.2404371,-38.9333442,brasil_aberto,True
BA,2910800,Feira de Santana,Cruzeiro,cruzeiro,-12.24109554,-38.97683334,brasil_aberto,True
BA,2910800,Feira de Santana,Gabriela,gabriela,-12.22368526,-38.99582672,brasil_aberto,True
BA,2910800,Feira de Santana,Governador João Durval Carneiro,governador joao durval carneiro,-12.32328606,-39.05023575,brasil_aberto,True
BA,2910800,Feira de Santana,Humildes,humildes,,,brasil_aberto,True
BA,2910800,Feira de Santana,Jaguara,jaguara,-12.1247466,-39.1084464,brasil_aberto,True
BA,2910800,Feira de Santana,Jardim Acácia,jardim acacia,-12.2728054,-38.9638064,brasil_aberto,True
BA,2910800,Feira de Santana,Jardim Cruzeiro,jardim cruzeiro,-12.244191,-38.9751146,brasil_aberto,True
BA,2910800,Feira de Santana,Jaíba,jaiba,-12.2056512,-38.8682866,brasil_aberto,True
BA,2910800,Feira de Santana,Km Sete,km sete,-12.2535848,-38.9600762,brasil_aberto,True
BA,2910800,Feira de Santana,Lagoa Grande,lagoa grande,-12.2531414,-38.94062042,brasil_aberto,True
BA,2910800,Feira de Santana,Lagoa Salgada,lagoa salgada,-12.26122952,-38.92898178,brasil_aberto,True
BA,2910800,Feira de Santana,Limoeiro,limoeiro,-12.29976177,-38.90934372,brasil_aberto,True
BA,2910800,Feira de Santana,Limoeiro do Bom Viver,limoeiro do bom viver,-12.2155434,-38.9741892,brasil_aberto,True
BA,2910800,Feira de Santana,Mangabeira,mangabeira,-12.2260656,-38.9466685,brasil_aberto,True
BA,2910800,Feira de Santana,Mantiba,mantiba,-12.18583012,-38.91942978,brasil_aberto,True
BA,2910800,Feira de Santana,Maria Quitéria,maria quiteria,-12.16481781,-38.97810364,brasil_aberto,True
BA,2910800,Feira de Santana,Matinha,matinha,-12.36385536,-39.46636963,brasil_aberto,True
BA,2910800,Feira de Santana,Morrinhos,morrinhos,-14.22692966,-42.61761856,brasil_aberto,True
BA,2910800,Feira de Santana,Muchila,muchila,-12.26829433,-38.97148132,brasil_aberto,True
BA,2910800,Feira de Santana,Nova Esperança,nova esperanca,-12.25104141,-38.99132156,brasil_aberto,True
BA,2910800,Feira de Santana,Novo Horizonte,novo horizonte,-12.18949699,-38.96943665,brasil_aberto,True
BA,2910800,Feira de Santana,Olhos D'Água,olhos d'agua,-12.2659563,-38.9637162,brasil_aberto,True
BA,2910800,Feira de Santana,Pampalona,pampalona,-12.22079945,-38.9866333,brasil_aberto,True
BA,2910800,Feira de Santana,Papagaio,papagaio,-12.2056712,-38.962504,brasil_aberto,True
BA,2910800,Feira de Santana,Parque Getúlio Vargas,parque getulio vargas,-12.2553932,-38.9387403,brasil_aberto,True
BA,2910800,Feira de Santana,Parque Ipê,parque ipe,-12.21213055,-38.95306396,brasil_aberto,True
BA,2910800,Feira de Santana,Pedra Ferrada,pedra ferrada,-12.208483,-38.99709199999999,brasil_aberto,True
BA,2910800,Feira de Santana,Pedra do Descanso,pedra do descanso,-12.27086735,-38.98162842,brasil_aberto,True
BA,2910800,Feira de Santana,Ponto Central,ponto central,-12.2523161,-38.9448919,brasil_aberto,True
BA,2910800,Feira de Santana,Queimadinha,queimadinha,-12.2181792,-38.9226985,brasil_aberto,True
BA,2910800,Feira de Santana,Registro,registro,-12.2868892,-38.9497063,brasil_aberto,True
BA,2910800,Feira de Santana,Rua Nova,rua nova,-12.2503024,-38.9765399,brasil_aberto,True
BA,2910800,Feira de Santana,SIM,sim,-12.2539076,-38.9282363,brasil_aberto,True
BA,2910800,Feira de Santana,Santa Mônica,santa monica,-12.2617396,-38.9360094,brasil_aberto,True
BA,2910800,Feira de Santana,Santo Antônio dos Prazeres,santo antonio dos prazeres,-12.2409145,-38.9119977,brasil_aberto,True
BA,2910800,Feira de Santana,Serraria Brasil,serraria brasil,-12.26720905,-38.9535408,brasil_aberto,True
BA,2910800,Feira de Santana,Sobradinho,sobradinho,-12.24168873,-38.97080994,brasil_aberto,True
BA,2910800,Feira de Santana,Subaé,subae,-12.26438522,-38.95902252,brasil_aberto,True
BA,2910800,Feira de Santana,Subaé (Tanquinho),subae (tanquinho),-12.29525757,-38.89979935,brasil_aberto,True
BA,2910800,Feira de Santana,São João,sao joao,-12.24222183,-38.95360947,brasil_aberto,True
BA,2910800,Feira de Santana,Tiquaruçu,tiquarucu,-12.76524925,-40.2116127,brasil_aberto,True
BA,2910800,Feira de Santana,Tomba,tomba,-12.28432655,-38.9570694,brasil_aberto,True
BA,2910800,Feira de Santana,Área Rural de Feira de Santana,area rural de feira de santana,-12.2535848,-38.9600762,brasil_aberto,True
BA,2910859,Filadélfia,Centro,centro,-10.7426613,-40.1347911,brasil_aberto,True
BA,2910909,Firmino Alves,Centro,centro,-14.9869318,-39.92499161,brasil_aberto,True
BA,2910909,Firmino Alves,Itaia,itaia,-14.8782959,-39.9162178,brasil_aberto,True
BA,2911006,Floresta Azul,Centro,centro,-14.86207676,-39.6567955,brasil_aberto,True
BA,2911105,Formosa do Rio Preto,Centro,centro,,,brasil_aberto,True
BA,2910750,Fátima,Centro,centro,,,brasil_aberto,True
BA,2911204,Gandu,Centro,centro,-13.7409584,-39.4847021,brasil_aberto,True
BA,2911253,Gavião,Centro,centro,-11.4720623,-39.7833935,brasil_aberto,True
BA,2911303,Gentio do Ouro,Centro,centro,,,brasil_aberto,True
BA,2911303,Gentio do Ouro,Gameleira do Assuruá,gameleira do assurua,,,brasil_aberto,True
BA,2911303,Gentio do Ouro,Ibitunane,ibitunane,,,brasil_aberto,True
BA,2911303,Gentio do Ouro,Itajubaquara,itajubaquara,,,brasil_aberto,True
BA,2911303,Gentio do Ouro,Pituba,pituba,,,brasil_aberto,True
BA,2911303,Gentio do Ouro,Santo Inácio,santo inacio,,,brasil_aberto,True
BA,2911402,Glória,Centro,centro,-9.3408126,-38.2541947,brasil_aberto,True
BA,2911501,Gongogi,Centro,centro,-14.3262374,-39.4664687,brasil_aberto,True
BA,2911501,Gongogi,Tapirama,tapirama,-14.21498966,-39.66716003,brasil_aberto,True
BA,2911600,Governador Mangabeira,Centro,centro,-12.2320108,-38.95326,brasil_aberto,True
BA,2911600,Governador Mangabeira,Quixabeira,quixabeira,-11.41059875,-40.12620926,brasil_aberto,True
BA,2911659,Guajeru,Centro,centro,-14.5490303,-41.93793488,brasil_aberto,True
BA,2911709,Guanambi,Centro,centro,-14.22796535,-42.78123856,brasil_aberto,True
BA,2911709,Guanambi,Ceraima,ceraima,-14.2934621,-42.6880552,brasil_aberto,True
BA,2911709,Guanambi,Morrinhos,morrinhos,,,brasil_aberto,True
BA,2911709,Guanambi,Mutas,mutas,-14.32071018,-42.97924042,brasil_aberto,True
BA,2911808,Guaratinga,Buranhém,buranhem,-16.57455635,-40.0941658,brasil_aberto,True
BA,2911808,Guaratinga,Centro,centro,-16.58711243,-39.78067017,brasil_aberto,True
BA,2911808,Guaratinga,Monte Alegre,monte alegre,,,brasil_aberto,True
BA,2911808,Guaratinga,São João do Sul,sao joao do sul,,,brasil_aberto,True
BA,2911857,Heliópolis,Centro,centro,-10.6775281,-38.2851933,brasil_aberto,True
BA,2911907,Iaçu,Centro,centro,-12.76685143,-40.21176529,brasil_aberto,True
BA,2911907,Iaçu,João Amaro,joao amaro,-12.79764462,-40.35172272,brasil_aberto,True
BA,2911907,Iaçu,Lajedo Alto,lajedo alto,-12.72593212,-39.87233734,brasil_aberto,True
BA,2912004,Ibiassucê,Centro,centro,-14.27218056,-42.25792313,brasil_aberto,True
BA,2912103,Ibicaraí,Centro,centro,-14.866819,-39.586704,brasil_aberto,True
BA,2912202,Ibicoara,Cascavel,cascavel,,,brasil_aberto,True
BA,2912202,Ibicoara,Centro,centro,-13.4136556,-41.284438,brasil_aberto,True
BA,2912301,Ibicuí,Ibitupa,ibitupa,-14.51974964,-39.86088181,brasil_aberto,True
BA,2912301,Ibicuí,Tancredo Neves,tancredo neves,-14.8453833,-39.98406800000001,brasil_aberto,True
BA,2912301,Ibicuí,Água Doce,agua doce,-14.7727247,-39.8398169,brasil_aberto,True
BA,2912400,Ibipeba,Centro,centro,-11.6420673,-42.0118218,brasil_aberto,True
BA,2912400,Ibipeba,Iguitu,iguitu,-11.48259258,-42.21169662,brasil_aberto,True
BA,2912400,Ibipeba,Lagoa Grande,lagoa grande,-15.30346012,-41.39957047,brasil_aberto,True
BA,2912400,Ibipeba,Mirorós,miroros,-11.43681049,-42.3130188,brasil_aberto,True
BA,2912509,Ibipitanga,Centro,centro,-12.8803833,-42.4867063,brasil_aberto,True
BA,2912608,Ibiquera,Centro,centro,-12.6517458,-40.93395233,brasil_aberto,True
BA,2912707,Ibirapitanga,Centro,centro,-12.9859518,-38.5200395,brasil_aberto,True
BA,2912707,Ibirapitanga,Itamaraty,itamaraty,,,brasil_aberto,True
BA,2912806,Ibirapuã,Centro,centro,-17.6870147,-40.1064195,brasil_aberto,True
BA,2912905,Ibirataia,Algodão,algodao,-13.93028831,-39.62412262,brasil_aberto,True
BA,2912905,Ibirataia,Centro,centro,-14.0692234,-39.64022064,brasil_aberto,True
BA,2913002,Ibitiara,Centro,centro,-20.31121254,-40.35593414,brasil_aberto,True
BA,2913002,Ibitiara,Mocambo,mocambo,-12.70283985,-42.32625198,brasil_aberto,True
BA,2913002,Ibitiara,Olhos D'Água do Seco,olhos d'agua do seco,-12.54421711,-42.11661148,brasil_aberto,True
BA,2913101,Ibititá,Canoão,canoao,-11.4953289,-42.0107313,brasil_aberto,True
BA,2913101,Ibititá,Centro,centro,-11.5472392,-41.9773601,brasil_aberto,True
BA,2913101,Ibititá,Feira Nova,feira nova,,,brasil_aberto,True
BA,2913200,Ibotirama,Boa Vista do Lagamar,boa vista do lagamar,,,brasil_aberto,True
BA,2913200,Ibotirama,Centro,centro,,,brasil_aberto,True
BA,2913309,Ichu,Centro,centro,,,brasil_aberto,True
BA,2913408,Igaporã,Centro,centro,-14.7925225,-39.275009,brasil_aberto,True
BA,2913457,Igrapiúna,Centro,centro,-13.6421207,-41.84118489999999,brasil_aberto,True
BA,2913507,Iguaí,Centro,centro,-12.97731209,-38.5146904,brasil_aberto,True
BA,2913507,Iguaí,Iguaibi,iguaibi,-14.6366068,-40.0372473,brasil_aberto,True
BA,2913606,Ilhéus,Aritaguá,aritagua,-14.658591,-39.0974829,brasil_aberto,True
BA,2913606,Ilhéus,Banco Central,banco central,,,brasil_aberto,True
BA,2913606,Ilhéus,Banco da Vitória,banco da vitoria,-14.7988615,-39.1570549,brasil_aberto,True
BA,2913606,Ilhéus,Banco do Pedro,banco do pedro,,,brasil_aberto,True
BA,2913606,Ilhéus,Barra do Itaípe,barra do itaipe,-14.7762959,-39.0567486,brasil_aberto,True
BA,2913606,Ilhéus,Basílio,basilio,-14.7918375,-39.0496784,brasil_aberto,True
BA,2913606,Ilhéus,Boa Vista,boa vista,-14.79155922,-39.03608704,brasil_aberto,True
BA,2913606,Ilhéus,Castelo Novo,castelo novo,,,brasil_aberto,True
BA,2913606,Ilhéus,Centro,centro,-14.79917145,-39.03615189,brasil_aberto,True
BA,2913606,Ilhéus,Cidade Nova,cidade nova,-14.7879091,-39.033753,brasil_aberto,True
BA,2913606,Ilhéus,Conquista,conquista,-14.795411,-39.0453886,brasil_aberto,True
BA,2913606,Ilhéus,Coutos,coutos,,,brasil_aberto,True
BA,2913606,Ilhéus,Esperança,esperanca,-14.782062,-39.0540698,brasil_aberto,True
BA,2913606,Ilhéus,Hernani Sá,hernani sa,-14.8244021,-39.0325538,brasil_aberto,True
BA,2913606,Ilhéus,Iguape,iguape,-14.7448367,-39.0697731,brasil_aberto,True
BA,2913606,Ilhéus,Ilhéus II,ilheus ii,-14.8385506,-39.0354702,brasil_aberto,True
BA,2913606,Ilhéus,Inema,inema,,,brasil_aberto,True
BA,2913606,Ilhéus,Japu,japu,,,brasil_aberto,True
BA,2913606,Ilhéus,Jardim Atlântico,jardim atlantico,-14.79917049,-39.03251266,brasil_aberto,True
BA,2913606,Ilhéus,Jardim Savóia,jardim savoia,-14.76523495,-39.06278992,brasil_aberto,True
BA,2913606,Ilhéus,Malhado,malhado,-14.78518581,-39.04177856,brasil_aberto,True
BA,2913606,Ilhéus,Nelson Costa,nelson costa,-14.8208751,-39.0306672,brasil_aberto,True
BA,2913606,Ilhéus,Nossa Senhora da Vitória,nossa senhora da vitoria,-14.84078979,-39.03553009,brasil_aberto,True
BA,2913606,Ilhéus,Olivença,olivenca,-14.9511818,-39.0108579,brasil_aberto,True
BA,2913606,Ilhéus,Pimenteira,pimenteira,-14.56855297,-39.44176483,brasil_aberto,True
BA,2913606,Ilhéus,Pontal,pontal,-14.80887699,-39.0378685,brasil_aberto,True
BA,2913606,Ilhéus,Salobrinho,salobrinho,-14.7988615,-39.1570549,brasil_aberto,True
BA,2913606,Ilhéus,Sambaituba,sambaituba,,,brasil_aberto,True
BA,2913606,Ilhéus,São Domingos,sao domingos,-14.8325649,-39.0280852,brasil_aberto,True
BA,2913606,Ilhéus,São Francisco,sao francisco,-14.81794357,-39.02703857,brasil_aberto,True
BA,2913606,Ilhéus,São Miguel,sao miguel,-14.7678634,-39.0565933,brasil_aberto,True
BA,2913606,Ilhéus,São Sebastião,sao sebastiao,-14.8010309,-39.0324394,brasil_aberto,True
BA,2913606,Ilhéus,Tapera,tapera,-14.7882232,-39.0403756,brasil_aberto,True
BA,2913606,Ilhéus,Teotônio Vilela,teotonio vilela,-14.8421545,-39.032547,brasil_aberto,True
BA,2913606,Ilhéus,Teresópolis,teresopolis,-14.794708,-39.0326168,brasil_aberto,True
BA,2913606,Ilhéus,Vila Cachoeira,vila cachoeira,-14.8036223,-39.1475775,brasil_aberto,True
BA,2913606,Ilhéus,Vila Nazaré,vila nazare,-14.7943918,-39.0684708,brasil_aberto,True
BA,2913606,Ilhéus,Área Rural de Ilhéus,area rural de ilheus,-14.7981287,-39.0346984,brasil_aberto,True
BA,2913705,Inhambupe,Baixa Grande,baixa grande,,,brasil_aberto,True
BA,2913705,Inhambupe,Centro,centro,-11.79867935,-38.35203171,brasil_aberto,True
BA,2913705,Inhambupe,Colônia Roberto Santos,colonia roberto santos,,,brasil_aberto,True
BA,2913804,Ipecaetá,Cavunge,cavunge,-12.2468172,-39.3446714,brasil_aberto,True
BA,2913804,Ipecaetá,Centro,centro,-12.316716,-39.3073628,brasil_aberto,True
BA,2913903,Ipiaú,Centro,centro,,,brasil_aberto,True
BA,2914000,Ipirá,Centro,centro,-12.15867138,-39.74235153,brasil_aberto,True
BA,2914109,Ipupiara,Centro,centro,,,brasil_aberto,True
BA,2914109,Ipupiara,Ibipetum,ibipetum,-11.7990675,-42.64300156,brasil_aberto,True
BA,2914208,Irajuba,Centro,centro,-13.2519161,-40.0846424,brasil_aberto,True
BA,2914307,Iramaia,Centro,centro,-13.29284954,-40.95946121,brasil_aberto,True
BA,2914307,Iramaia,Novo Acre,novo acre,-13.43487644,-41.10923004,brasil_aberto,True
BA,2914406,Iraquara,Centro,centro,-17.53677559,-39.7412262,brasil_aberto,True
BA,2914406,Iraquara,Iraporanga,iraporanga,-12.2770153,-41.5102706,brasil_aberto,True
BA,2914505,Irará,Bento Simões,bento simoes,-12.1440659,-38.7437204,brasil_aberto,True
BA,2914505,Irará,Centro,centro,-12.0463926,-38.7660404,brasil_aberto,True
BA,2914604,Irecê,Arnóbio Batista,arnobio batista,,,brasil_aberto,True
BA,2914604,Irecê,Centro,centro,,,brasil_aberto,True
BA,2914604,Irecê,Conquista,conquista,,,brasil_aberto,True
BA,2914604,Irecê,Itapicuru,itapicuru,,,brasil_aberto,True
BA,2914604,Irecê,Mamoeiro,mamoeiro,,,brasil_aberto,True
BA,2914604,Irecê,Morada do Sol,morada do sol,,,brasil_aberto,True
BA,2914604,Irecê,Novo Horizonte,novo horizonte,,,brasil_aberto,True
BA,2914604,Irecê,Recanto das Árvores,recanto das arvores,,,brasil_aberto,True
BA,2914653,Itabela,Centro,centro,-16.57278633,-39.55938339,brasil_aberto,True
BA,2914703,Itaberaba,Centro,centro,-12.5322184,-40.3080568,brasil_aberto,True
BA,2914802,Itabuna,Alto Maron,alto maron,-14.78244972,-39.27145004,brasil_aberto,True
BA,2914802,Itabuna,Antique,antique,-14.77793789,-39.27223587,brasil_aberto,True
BA,2914802,Itabuna,Banco Raso,banco raso,-14.80114079,-39.27900314,brasil_aberto,True
BA,2914802,Itabuna,Califórnia,california,-14.8083014,-39.2972843,brasil_aberto,True
BA,2914802,Itabuna,Carlos Silva Andaraí,carlos silva andarai,-14.8147036,-39.2750494,brasil_aberto,True
BA,2914802,Itabuna,Castália,castalia,-14.7799267,-39.2750443,brasil_aberto,True
BA,2914802,Itabuna,Centro,centro,-14.78949547,-39.27496719,brasil_aberto,True
BA,2914802,Itabuna,Centro Comercial,centro comercial,-14.7778378,-39.2716165,brasil_aberto,True
BA,2914802,Itabuna,Centro Industrial,centro industrial,-14.8291191,-39.3193269,brasil_aberto,True
BA,2914802,Itabuna,Corbiniano Freire,corbiniano freire,-14.7780329,-39.2809873,brasil_aberto,True
BA,2914802,Itabuna,Daniel Gomes,daniel gomes,-14.8153089,-39.2684944,brasil_aberto,True
BA,2914802,Itabuna,Fernando Gomes,fernando gomes,-14.82054,-39.30717080000001,brasil_aberto,True
BA,2914802,Itabuna,Ferradas,ferradas,-14.84659672,-39.33550644,brasil_aberto,True
BA,2914802,Itabuna,Fonseca,fonseca,-14.8136874,-39.2705236,brasil_aberto,True
BA,2914802,Itabuna,Góes Calmon,goes calmon,-14.7973303,-39.2684363,brasil_aberto,True
BA,2914802,Itabuna,Jardim Grapiúna,jardim grapiuna,-14.7925906,-39.2879283,brasil_aberto,True
BA,2914802,Itabuna,Jardim Primavera,jardim primavera,-14.81225777,-39.28429794,brasil_aberto,True
BA,2914802,Itabuna,Jardim Vitória,jardim vitoria,-14.8026754,-39.274193,brasil_aberto,True
BA,2914802,Itabuna,Jaçanã,jacana,-14.8165362,-39.2883989,brasil_aberto,True
BA,2914802,Itabuna,Jorge Amado,jorge amado,-14.8190315,-39.3096763,brasil_aberto,True
BA,2914802,Itabuna,João Soares,joao soares,-14.77567196,-39.26163483,brasil_aberto,True
BA,2914802,Itabuna,Lomanto Júnior,lomanto junior,-14.8046768,-39.2902805,brasil_aberto,True
BA,2914802,Itabuna,Mangabinha,mangabinha,-14.79986095,-39.28342438,brasil_aberto,True
BA,2914802,Itabuna,Manoel Leão,manoel leao,-14.7896998,-39.2669001,brasil_aberto,True
BA,2914802,Itabuna,Maria Pinheiro,maria pinheiro,-14.82324886,-39.27632904,brasil_aberto,True
BA,2914802,Itabuna,Monte Cristo,monte cristo,-14.7733852,-39.2726847,brasil_aberto,True
BA,2914802,Itabuna,Nossa Senhora da Conceição,nossa senhora da conceicao,-14.795762,-39.2671894,brasil_aberto,True
BA,2914802,Itabuna,Nossa Senhora das Graças,nossa senhora das gracas,-14.7778378,-39.2716165,brasil_aberto,True
BA,2914802,Itabuna,Nossa Senhora de Fátima,nossa senhora de fatima,-14.77559662,-39.27109146,brasil_aberto,True
BA,2914802,Itabuna,Nova Califórnia,nova california,-14.7778378,-39.2716165,brasil_aberto,True
BA,2914802,Itabuna,Nova Esperança,nova esperanca,-14.7854245,-39.2599571,brasil_aberto,True
BA,2914802,Itabuna,Nova Ferradas,nova ferradas,-14.8548202,-39.3440035,brasil_aberto,True
BA,2914802,Itabuna,Nova Itabuna,nova itabuna,-14.812081,-39.3032435,brasil_aberto,True
BA,2914802,Itabuna,Novo Horizonte,novo horizonte,-14.7766954,-39.2804664,brasil_aberto,True
BA,2914802,Itabuna,Novo São Caetano,novo sao caetano,-14.8151028,-39.2755225,brasil_aberto,True
BA,2914802,Itabuna,Paraíso,paraiso,-14.77656651,-39.27544022,brasil_aberto,True
BA,2914802,Itabuna,Parque Boa Vista,parque boa vista,-14.7778378,-39.2716165,brasil_aberto,True
BA,2914802,Itabuna,Parque Santa Clara,parque santa clara,-14.82214165,-39.29533768,brasil_aberto,True
BA,2914802,Itabuna,Parque Verde,parque verde,-14.7790675,-39.2592774,brasil_aberto,True
BA,2914802,Itabuna,Pedro Gerônimo,pedro geronimo,-14.79520988,-39.26325226,brasil_aberto,True
BA,2914802,Itabuna,Pontalzinho,pontalzinho,-14.7876339,-39.27696609,brasil_aberto,True
BA,2914802,Itabuna,Santa Inês,santa ines,-14.7708797,-39.2670999,brasil_aberto,True
BA,2914802,Itabuna,Santo Antônio,santo antonio,-20.29986572,-40.40276337,brasil_aberto,True
BA,2914802,Itabuna,Sarinha Alcântara,sarinha alcantara,-14.8150049,-39.2772824,brasil_aberto,True
BA,2914802,Itabuna,Sinval Palmeira,sinval palmeira,-14.81952763,-39.31277847,brasil_aberto,True
BA,2914802,Itabuna,São Caetano,sao caetano,-14.81306171,-39.27148819,brasil_aberto,True
BA,2914802,Itabuna,São Judas Tadeu,sao judas tadeu,-14.77850056,-39.25960159,brasil_aberto,True
BA,2914802,Itabuna,São Lourenço,sao lourenco,-14.7855224,-39.2893673,brasil_aberto,True
BA,2914802,Itabuna,São Pedro,sao pedro,-14.79531193,-39.26028442,brasil_aberto,True
BA,2914802,Itabuna,São Roque,sao roque,-23.52472115,-47.13750839,brasil_aberto,True
BA,2914802,Itabuna,Taveirolândia,taveirolandia,-14.8083014,-39.2972843,brasil_aberto,True
BA,2914802,Itabuna,Urbis IV,urbis iv,-14.82139015,-39.31067657,brasil_aberto,True
BA,2914802,Itabuna,Vila Anália,vila analia,-14.8187369,-39.2783436,brasil_aberto,True
BA,2914802,Itabuna,Vila das Dores,vila das dores,-14.78264523,-39.26328659,brasil_aberto,True
BA,2914802,Itabuna,Zildolândia,zildolandia,-14.7961721,-39.2803351,brasil_aberto,True
BA,2914802,Itabuna,Zizo,zizo,-14.80382347,-39.26708603,brasil_aberto,True
BA,2914802,Itabuna,Área Rural de Itabuna,area rural de itabuna,-14.7924167,-39.2820788,brasil_aberto,True
BA,2914901,Itacaré,Centro,centro,-14.27877998,-38.99484253,brasil_aberto,True
BA,2914901,Itacaré,Taboquinhas,taboquinhas,-14.3500576,-39.17187119,brasil_aberto,True
BA,2915007,Itaeté,Centro,centro,-12.98951149,-40.96231079,brasil_aberto,True
BA,2915007,Itaeté,Colônia,colonia,,,brasil_aberto,True
BA,2915007,Itaeté,Rumo,rumo,,,brasil_aberto,True
BA,2915106,Itagi,Centro,centro,-14.14601326,-40.24210739,brasil_aberto,True
BA,2915205,Itagibá,Centro,centro,-14.2835204,-39.84310079999999,brasil_aberto,True
BA,2915205,Itagibá,Japomirim,japomirim,-14.1466098,-39.7368588,brasil_aberto,True
BA,2915304,Itagimirim,Centro,centro,-16.0850398,-39.6191028,brasil_aberto,True
BA,2915304,Itagimirim,União Baiana,uniao baiana,-16.0880967,-39.6164256,brasil_aberto,True
BA,2915353,Itaguaçu da Bahia,Centro,centro,-11.01195621,-42.39840698,brasil_aberto,True
BA,2915403,Itaju do Colônia,Centro,centro,-15.1425938,-39.724708,brasil_aberto,True
BA,2915403,Itaju do Colônia,Palmira,palmira,-15.1807909,-39.5712477,brasil_aberto,True
BA,2915502,Itajuípe,Bandeira do Almada,bandeira do almada,-14.66564655,-39.50772476,brasil_aberto,True
BA,2915502,Itajuípe,Centro,centro,-14.67532444,-39.37639618,brasil_aberto,True
BA,2915502,Itajuípe,Pimenteira,pimenteira,,,brasil_aberto,True
BA,2915601,Itamaraju,Centro,centro,-17.0306183,-39.53247959999999,brasil_aberto,True
BA,2915601,Itamaraju,Ita-Azul,ita-azul,-17.0388858,-39.5296849,brasil_aberto,True
BA,2915601,Itamaraju,Nova Alegria,nova alegria,-16.8703152,-39.9089624,brasil_aberto,True
BA,2915601,Itamaraju,Piragi,piragi,-12.19967556,-43.8300209,brasil_aberto,True
BA,2915601,Itamaraju,Pirajá,piraja,-17.03048897,-39.83379745,brasil_aberto,True
BA,2915601,Itamaraju,São Paulinho,sao paulinho,-16.83884239,-39.67167282,brasil_aberto,True
BA,2915700,Itamari,Centro,centro,-13.77851582,-39.68025589,brasil_aberto,True
BA,2915809,Itambé,Catolezinho,catolezinho,-15.1149598,-40.4435669,brasil_aberto,True
BA,2915809,Itambé,Centro,centro,,,brasil_aberto,True
BA,2915809,Itambé,São José do Colônia,sao jose do colonia,,,brasil_aberto,True
BA,2915908,Itanagra,Centro,centro,-12.93594933,-38.48779297,brasil_aberto,True
BA,2916005,Itanhém,Batinga,batinga,-16.9358583,-40.4999141,brasil_aberto,True
BA,2916005,Itanhém,Centro,centro,-16.3736028,-39.5900944,brasil_aberto,True
BA,2916005,Itanhém,Ibirajá,ibiraja,-17.1848031,-40.1657895,brasil_aberto,True
BA,2916104,Itaparica,Amoreira,amoreira,,,brasil_aberto,True
BA,2916104,Itaparica,Centro,centro,-12.9001699,-38.6730631,brasil_aberto,True
BA,2916302,Itapebi,Caiubi,caiubi,-15.90890884,-39.89506912,brasil_aberto,True
BA,2916302,Itapebi,Centro,centro,-15.9704113,-39.53515625,brasil_aberto,True
BA,2916302,Itapebi,Ventania,ventania,,,brasil_aberto,True
BA,2916401,Itapetinga,Bandeira do Colônia,bandeira do colonia,-15.12572575,-40.07214355,brasil_aberto,True
BA,2916401,Itapetinga,Centro,centro,-9.41181755,-40.50375366,brasil_aberto,True
BA,2916401,Itapetinga,Octavio Camões,octavio camoes,,,brasil_aberto,True
BA,2916401,Itapetinga,Palmares,palmares,-15.39718723,-39.85447311,brasil_aberto,True
BA,2916500,Itapicuru,Centro,centro,-11.3116439,-38.220751,brasil_aberto,True
BA,2916500,Itapicuru,Itapicuru,itapicuru,,,brasil_aberto,True
BA,2916500,Itapicuru,Lagoa Redonda,lagoa redonda,,,brasil_aberto,True
BA,2916500,Itapicuru,Sambaíba,sambaiba,-11.19899845,-38.06431961,brasil_aberto,True
BA,2916609,Itapitanga,Centro,centro,-14.4214383,-39.5673464,brasil_aberto,True
BA,2916203,Itapé,Centro,centro,-14.8960356,-39.4235508,brasil_aberto,True
BA,2916708,Itaquara,Centro,centro,-13.4528207,-39.9405426,brasil_aberto,True
BA,2916807,Itarantim,Centro,centro,-12.9772625,-38.51460266,brasil_aberto,True
BA,2916807,Itarantim,Ribeirão do Salto,ribeirao do salto,-15.81682587,-40.22546768,brasil_aberto,True
BA,2916856,Itatim,Centro,centro,-12.707953,-39.6966624,brasil_aberto,True
BA,2916906,Itiruçu,Centro,centro,-13.5348781,-40.1504317,brasil_aberto,True
BA,2916906,Itiruçu,Upabuçu,upabucu,,,brasil_aberto,True
BA,2917003,Itiúba,Adro de São Gonçalo,adro de sao goncalo,-10.699117,-39.8495227,brasil_aberto,True
BA,2917003,Itiúba,Bela Vista de Covas,bela vista de covas,,,brasil_aberto,True
BA,2917003,Itiúba,Cacimba,cacimba,,,brasil_aberto,True
BA,2917003,Itiúba,Centro,centro,-10.69326115,-39.8524704,brasil_aberto,True
BA,2917003,Itiúba,Jacurici,jacurici,,,brasil_aberto,True
BA,2917003,Itiúba,Piaus,piaus,,,brasil_aberto,True
BA,2917003,Itiúba,Picos,picos,,,brasil_aberto,True
BA,2917003,Itiúba,Rômulo Campos,romulo campos,,,brasil_aberto,True
BA,2917003,Itiúba,Sítio dos Moços,sitio dos mocos,,,brasil_aberto,True
BA,2917102,Itororó,Centro,centro,-9.40520287,-38.21872711,brasil_aberto,True
BA,2917102,Itororó,Itati,itati,-15.02193642,-40.06913376,brasil_aberto,True
BA,2917102,Itororó,Rio do Meio,rio do meio,-15.0676288,-39.9773043,brasil_aberto,True
BA,2917201,Ituaçu,Centro,centro,-13.8122919,-41.2989203,brasil_aberto,True
BA,2917300,Ituberá,Centro,centro,-13.7339687,-39.1445693,brasil_aberto,True
BA,2917334,Iuiu,Centro,centro,,,brasil_aberto,True
BA,2917334,Iuiu,Área Rural de Iuiu,area rural de iuiu,-14.4114905,-43.5524954,brasil_aberto,True
BA,2917409,Jacaraci,Centro,centro,-14.8443302,-42.43212550000001,brasil_aberto,True
BA,2917409,Jacaraci,Irundiara,irundiara,-14.79051304,-42.27022552,brasil_aberto,True
BA,2917409,Jacaraci,Paiol,paiol,-14.6500465,-42.2999724,brasil_aberto,True
BA,2917508,Jacobina,Catinga do Moura,catinga do moura,,,brasil_aberto,True
BA,2917508,Jacobina,Centro,centro,,,brasil_aberto,True
BA,2917508,Jacobina,Itapeipu,itapeipu,,,brasil_aberto,True
BA,2917508,Jacobina,Itaítu,itaitu,,,brasil_aberto,True
BA,2917508,Jacobina,Junco,junco,,,brasil_aberto,True
BA,2917508,Jacobina,Lages,lages,,,brasil_aberto,True
BA,2917607,Jaguaquara,Centro,centro,-12.25534725,-38.96685028,brasil_aberto,True
BA,2917607,Jaguaquara,Entroncamento de Jaguaquara,entroncamento de jaguaquara,-13.5297075,-39.9685808,brasil_aberto,True
BA,2917607,Jaguaquara,Ipiúna,ipiuna,-13.5922476,-39.8657312,brasil_aberto,True
BA,2917706,Jaguarari,Catuni,catuni,-10.3445744,-40.1826516,brasil_aberto,True
BA,2917706,Jaguarari,Centro,centro,-10.2578321,-40.1947158,brasil_aberto,True
BA,2917706,Jaguarari,Juacema,juacema,-10.1899521,-40.2174418,brasil_aberto,True
BA,2917706,Jaguarari,Núcleo Residencial Pilar,nucleo residencial pilar,-9.88646221,-39.96561813,brasil_aberto,True
BA,2917706,Jaguarari,Santa Rosa de Lima,santa rosa de lima,-10.0967926,-39.8669399,brasil_aberto,True
BA,2917805,Jaguaripe,Camassandi,camassandi,-13.1719564,-38.9981052,brasil_aberto,True
BA,2917805,Jaguaripe,Centro,centro,-13.1194291,-38.8697808,brasil_aberto,True
BA,2917805,Jaguaripe,Cunhangi,cunhangi,-13.14565945,-39.15002823,brasil_aberto,True
BA,2917805,Jaguaripe,Jacuruna,jacuruna,-13.03288555,-38.83987427,brasil_aberto,True
BA,2917805,Jaguaripe,Pirajuia,pirajuia,-12.96888733,-38.78243637,brasil_aberto,True
BA,2917904,Jandaíra,Abadia,abadia,-11.56118202,-37.51556015,brasil_aberto,True
BA,2917904,Jandaíra,Centro,centro,,,brasil_aberto,True
BA,2917904,Jandaíra,Itanhi,itanhi,-11.5419569,-37.5681572,brasil_aberto,True
BA,2917904,Jandaíra,Mangue Seco,mangue seco,-11.46384525,-37.36770248,brasil_aberto,True
BA,2918001,Jequié,Agenor Coelho de Aragão,agenor coelho de aragao,-13.8684479,-40.1048575,brasil_aberto,True
BA,2918001,Jequié,Baixão,baixao,-13.7003799,-40.1323889,brasil_aberto,True
BA,2918001,Jequié,Barra Avenida,barra avenida,-14.0270354,-39.9054691,brasil_aberto,True
BA,2918001,Jequié,Boaçu,boacu,-13.9991001,-40.2481813,brasil_aberto,True
BA,2918001,Jequié,Caixa D'Água,caixa d'agua,-13.8517953,-40.0886357,brasil_aberto,True
BA,2918001,Jequié,Campo do América,campo do america,-13.85472965,-40.07838821,brasil_aberto,True
BA,2918001,Jequié,Cansanção,cansancao,-13.8620991,-40.108958,brasil_aberto,True
BA,2918001,Jequié,Centro,centro,-13.8603606,-40.0854126,brasil_aberto,True
BA,2918001,Jequié,Curral Novo,curral novo,-13.86393547,-40.12555313,brasil_aberto,True
BA,2918001,Jequié,Espírito Santo,espirito santo,-13.8769721,-40.0565396,brasil_aberto,True
BA,2918001,Jequié,Florestal,florestal,-13.772696,-39.8770531,brasil_aberto,True
BA,2918001,Jequié,Itaibó,itaibo,-13.8994179,-39.7863469,brasil_aberto,True
BA,2918001,Jequié,Itaigara,itaigara,-13.87954044,-40.08568954,brasil_aberto,True
BA,2918001,Jequié,Itajuru,itajuru,-14.0128277,-39.978784,brasil_aberto,True
BA,2918001,Jequié,Jequiezinho,jequiezinho,-13.8669418,-40.0761284,brasil_aberto,True
BA,2918001,Jequié,Joaquim Romão,joaquim romao,-13.857073,-40.0966212,brasil_aberto,True
BA,2918001,Jequié,KM III,km iii,-13.8590592,-40.0837763,brasil_aberto,True
BA,2918001,Jequié,KM IV,km iv,-13.8590592,-40.0837763,brasil_aberto,True
BA,2918001,Jequié,Kennedy,kennedy,-13.8570292,-40.108838,brasil_aberto,True
BA,2918001,Jequié,Mandacaru,mandacaru,-13.8699894,-40.08673096,brasil_aberto,True
BA,2918001,Jequié,Monte Branco,monte branco,-13.7735845,-40.4151424,brasil_aberto,True
BA,2918001,Jequié,Oriente Novo,oriente novo,-14.1240679,-40.1014371,brasil_aberto,True
BA,2918001,Jequié,Pompílio Sampaio,pompilio sampaio,-13.8544163,-40.0722032,brasil_aberto,True
BA,2918001,Jequié,Suíssa,suissa,-13.8525478,-40.0916494,brasil_aberto,True
BA,2918001,Jequié,São Judas Tadeu,sao judas tadeu,-13.8545368,-40.0740751,brasil_aberto,True
BA,2918001,Jequié,São Luís,sao luis,-13.8521216,-40.0826647,brasil_aberto,True
BA,2918001,Jequié,Tropical,tropical,-13.8764819,-40.0482989,brasil_aberto,True
BA,2918001,Jequié,Vila Rodoviária,vila rodoviaria,-13.8668495,-40.0589248,brasil_aberto,True
BA,2918001,Jequié,Água Branca,agua branca,-13.8600102,-40.0552522,brasil_aberto,True
BA,2918001,Jequié,Área Rural de Jequié,area rural de jequie,-13.8590592,-40.0837763,brasil_aberto,True
BA,2918100,Jeremoabo,Canché,canche,-9.87186241,-38.90598679,brasil_aberto,True
BA,2918100,Jeremoabo,Centro,centro,-10.0718402,-38.3493807,brasil_aberto,True
BA,2918209,Jiquiriçá,Centro,centro,-13.2557553,-39.574409,brasil_aberto,True
BA,2918308,Jitaúna,Centro,centro,-14.8014183,-39.04103851,brasil_aberto,True
BA,2918357,João Dourado,Centro,centro,-11.3452563,-41.6632435,brasil_aberto,True
BA,2918357,João Dourado,Gameleira dos Crentes,gameleira dos crentes,-11.3941353,-41.6981092,brasil_aberto,True
BA,2918407,Juazeiro,Abóbora,abobora,-9.8195225,-40.0492757,brasil_aberto,True
BA,2918407,Juazeiro,Alagadiço,alagadico,-9.41738605,-40.50212479,brasil_aberto,True
BA,2918407,Juazeiro,Alto da Aliança,alto da alianca,-9.431614,-40.4947485,brasil_aberto,True
BA,2918407,Juazeiro,Alto da Maravilha,alto da maravilha,-9.42176628,-40.50239182,brasil_aberto,True
BA,2918407,Juazeiro,Alto do Alencar,alto do alencar,-9.4341154,-40.4944437,brasil_aberto,True
BA,2918407,Juazeiro,Alto do Cruzeiro,alto do cruzeiro,-9.4291397,-40.4980859,brasil_aberto,True
BA,2918407,Juazeiro,Angary,angary,-9.41353512,-40.49422836,brasil_aberto,True
BA,2918407,Juazeiro,Antonio Guilhermino,antonio guilhermino,-9.42811966,-40.5115509,brasil_aberto,True
BA,2918407,Juazeiro,Antônio Conselheiro,antonio conselheiro,-9.4332428,-40.5184021,brasil_aberto,True
BA,2918407,Juazeiro,Argemiro,argemiro,-9.4332428,-40.5184021,brasil_aberto,True
BA,2918407,Juazeiro,Cajueiro,cajueiro,-9.41218567,-40.49731445,brasil_aberto,True
BA,2918407,Juazeiro,Carnaíba do Sertão,carnaiba do sertao,-9.59652042,-40.41923904,brasil_aberto,True
BA,2918407,Juazeiro,Castelo Branco,castelo branco,-9.42418003,-40.48158646,brasil_aberto,True
BA,2918407,Juazeiro,Centenário,centenario,-9.41806221,-40.49585342,brasil_aberto,True
BA,2918407,Juazeiro,Centro,centro,-9.41194344,-40.50008011,brasil_aberto,True
BA,2918407,Juazeiro,Coréia,coreia,-9.4176945,-40.498722,brasil_aberto,True
BA,2918407,Juazeiro,Country Club,country club,-9.41778564,-40.51984787,brasil_aberto,True
BA,2918407,Juazeiro,Distrito Industrial,distrito industrial,-9.4663105,-40.5014515,brasil_aberto,True
BA,2918407,Juazeiro,Dom José Rodrigues,dom jose rodrigues,-9.45501995,-40.514328,brasil_aberto,True
BA,2918407,Juazeiro,Dom Tomaz,dom tomaz,-9.4396834,-40.4894529,brasil_aberto,True
BA,2918407,Juazeiro,Expedito de Almeida Nascimento,expedito de almeida nascimento,-9.4222448,-40.5210492,brasil_aberto,True
BA,2918407,Juazeiro,Itaberaba,itaberaba,-9.44695377,-40.48583603,brasil_aberto,True
BA,2918407,Juazeiro,Itamotinga,itamotinga,-9.09716702,-40.0970726,brasil_aberto,True
BA,2918407,Juazeiro,Jardim Flórida,jardim florida,-9.42924976,-40.51145935,brasil_aberto,True
BA,2918407,Juazeiro,Jardim Novo Encontro,jardim novo encontro,-9.4248762,-40.4938795,brasil_aberto,True
BA,2918407,Juazeiro,Jardim Primavera,jardim primavera,-9.4551223,-40.4177551,brasil_aberto,True
BA,2918407,Juazeiro,Jardim São Paulo,jardim sao paulo,-9.4399397,-40.4970306,brasil_aberto,True
BA,2918407,Juazeiro,Jardim Universitário,jardim universitario,-9.42017174,-40.48965073,brasil_aberto,True
BA,2918407,Juazeiro,Jardim Vitória,jardim vitoria,-9.42383194,-40.5140152,brasil_aberto,True
BA,2918407,Juazeiro,João Paulo II,joao paulo ii,-9.47614574,-40.49555206,brasil_aberto,True
BA,2918407,Juazeiro,João XXIII,joao xxiii,-9.4329749,-40.5015509,brasil_aberto,True
BA,2918407,Juazeiro,Junco,junco,-11.31855869,-40.16752243,brasil_aberto,True
BA,2918407,Juazeiro,Juremal,juremal,-9.72533035,-40.35735703,brasil_aberto,True
BA,2918407,Juazeiro,Lomanto Júnior,lomanto junior,-9.4239214,-40.4986927,brasil_aberto,True
BA,2918407,Juazeiro,Malhada da Areia,malhada da areia,-9.4357346,-40.5070099,brasil_aberto,True
BA,2918407,Juazeiro,Maniçoba,manicoba,-9.3239133,-40.2957142,brasil_aberto,True
BA,2918407,Juazeiro,Maringá,maringa,-9.4172555,-40.5157392,brasil_aberto,True
BA,2918407,Juazeiro,Massaroca,massaroca,-9.87528038,-40.28541565,brasil_aberto,True
BA,2918407,Juazeiro,Monte Castelo,monte castelo,-9.4294672,-40.49296951,brasil_aberto,True
BA,2918407,Juazeiro,Mussambê,mussambe,-9.4312866,-40.5079903,brasil_aberto,True
BA,2918407,Juazeiro,Nossa Senhora da Penha,nossa senhora da penha,-9.4185572,-40.5126629,brasil_aberto,True
BA,2918407,Juazeiro,Nossa Senhora das Grotas,nossa senhora das grotas,-9.42679501,-40.52285767,brasil_aberto,True
BA,2918407,Juazeiro,Nova Esperança,nova esperanca,-9.4332425,-40.5184003,brasil_aberto,True
BA,2918407,Juazeiro,Nova Juazeiro,nova juazeiro,-9.4332425,-40.5184003,brasil_aberto,True
BA,2918407,Juazeiro,Padre Vicente,padre vicente,-9.43837261,-40.50900269,brasil_aberto,True
BA,2918407,Juazeiro,Palmares,palmares,-9.4283239,-40.5261892,brasil_aberto,True
BA,2918407,Juazeiro,Parque Centenário,parque centenario,-9.4238512,-40.4889702,brasil_aberto,True
BA,2918407,Juazeiro,Parque Residencial,parque residencial,-9.478458999999999,-40.4940401,brasil_aberto,True
BA,2918407,Juazeiro,Pedra do Lord,pedra do lord,-9.4250803,-40.53221893,brasil_aberto,True
BA,2918407,Juazeiro,Pedro Raimundo,pedro raimundo,-9.45244217,-40.50917816,brasil_aberto,True
BA,2918407,Juazeiro,Pinhões,pinhoes,-9.47969437,-40.02228546,brasil_aberto,True
BA,2918407,Juazeiro,Piranga,piranga,-9.43272114,-40.50792313,brasil_aberto,True
BA,2918407,Juazeiro,Piranga I,piranga i,-9.4347032,-40.5158767,brasil_aberto,True
BA,2918407,Juazeiro,Piranga II,piranga ii,-9.4405921,-40.5250685,brasil_aberto,True
BA,2918407,Juazeiro,Quidé,quide,-9.44598389,-40.51504517,brasil_aberto,True
BA,2918407,Juazeiro,Santa Maria Goretti,santa maria goretti,-9.4202799,-40.4991356,brasil_aberto,True
BA,2918407,Juazeiro,Santo Antônio,santo antonio,-12.96493912,-39.24509811,brasil_aberto,True
BA,2918407,Juazeiro,Sol Levante,sol levante,-9.4334697,-40.480909,brasil_aberto,True
BA,2918407,Juazeiro,São Geraldo,sao geraldo,-9.4218628,-40.4895359,brasil_aberto,True
BA,2918407,Juazeiro,Tabuleiro,tabuleiro,-9.4355031,-40.4768963,brasil_aberto,True
BA,2918407,Juazeiro,Tancredo Neves,tancredo neves,-9.4431389,-40.4884573,brasil_aberto,True
BA,2918407,Juazeiro,Usina Aliança,usina alianca,-12.45809746,-38.68009186,brasil_aberto,True
BA,2918407,Juazeiro,Vila Nova Fé,vila nova fe,-9.4666687,-40.4948159,brasil_aberto,True
BA,2918407,Juazeiro,Vila Tiradentes,vila tiradentes,-9.44843388,-40.49629974,brasil_aberto,True
BA,2918407,Juazeiro,Água Bela,agua bela,-9.4244587,-40.5154948,brasil_aberto,True
BA,2918407,Juazeiro,Área Rural de Juazeiro,area rural de juazeiro,-9.4312697,-40.5078709,brasil_aberto,True
BA,2918456,Jucuruçu,Centro,centro,-16.8438103,-40.1583153,brasil_aberto,True
BA,2918506,Jussara,Centro,centro,-11.04527664,-41.96788025,brasil_aberto,True
BA,2918506,Jussara,Recife,recife,-11.0101481,-41.8903586,brasil_aberto,True
BA,2918555,Jussari,Areia Branca,areia branca,-12.8471508,-38.35440063,brasil_aberto,True
BA,2918555,Jussari,Centro,centro,-15.189828,-39.4932645,brasil_aberto,True
BA,2918605,Jussiape,Caraguataí,caraguatai,-13.4001209,-41.6447543,brasil_aberto,True
BA,2918605,Jussiape,Centro,centro,-13.51475239,-41.59215927,brasil_aberto,True
BA,2918704,Lafaiete Coutinho,Centro,centro,-13.6555771,-40.209922,brasil_aberto,True
BA,2918753,Lagoa Real,Centro,centro,,,brasil_aberto,True
BA,2918803,Laje,Capão,capao,-13.1219151,-39.2990121,brasil_aberto,True
BA,2918803,Laje,Centro,centro,-13.1819003,-39.4223352,brasil_aberto,True
BA,2918803,Laje,Engenheiro Pontes,engenheiro pontes,-13.12274933,-39.43573761,brasil_aberto,True
BA,2919009,Lajedinho,Centro,centro,-12.35332966,-40.90512466,brasil_aberto,True
BA,2919058,Lajedo do Tabocal,Centro,centro,-13.47383213,-40.2219696,brasil_aberto,True
BA,2918902,Lajedão,Centro,centro,-17.6149418,-40.3439332,brasil_aberto,True
BA,2919108,Lamarão,Centro,centro,-11.7947219,-38.8830105,brasil_aberto,True
BA,2919157,Lapão,Aguada Nova,aguada nova,-11.4552504,-41.8103804,brasil_aberto,True
BA,2919157,Lapão,Centro,centro,-11.3835752,-41.8324524,brasil_aberto,True
BA,2919207,Lauro de Freitas,Aracuí,aracui,-12.8973978,-38.3146152,brasil_aberto,True
BA,2919207,Lauro de Freitas,Areia Branca,areia branca,-12.8460207,-38.34289551,brasil_aberto,True
BA,2919207,Lauro de Freitas,Barro Duro,barro duro,-12.8282939,-38.3508456,brasil_aberto,True
BA,2919207,Lauro de Freitas,Buraquinho,buraquinho,-12.88457489,-38.31755447,brasil_aberto,True
BA,2919207,Lauro de Freitas,Caixa D'Água,caixa d'agua,-12.8796525,-38.3200739,brasil_aberto,True
BA,2919207,Lauro de Freitas,Caji,caji,-12.8881358,-38.3409646,brasil_aberto,True
BA,2919207,Lauro de Freitas,Capelão,capelao,-12.8837172,-38.3244954,brasil_aberto,True
BA,2919207,Lauro de Freitas,Centro,centro,-12.8965032,-38.3299442,brasil_aberto,True
BA,2919207,Lauro de Freitas,Ipitanga,ipitanga,-12.89987469,-38.3188858,brasil_aberto,True
BA,2919207,Lauro de Freitas,Itinga,itinga,-12.89268303,-38.33137894,brasil_aberto,True
BA,2919207,Lauro de Freitas,Jambeiro,jambeiro,-12.8384712,-38.3216215,brasil_aberto,True
BA,2919207,Lauro de Freitas,Parque São Paulo,parque sao paulo,-12.87531567,-38.35409546,brasil_aberto,True
BA,2919207,Lauro de Freitas,Pitangueiras,pitangueiras,-12.8793612,-38.3115926,brasil_aberto,True
BA,2919207,Lauro de Freitas,Portão,portao,-12.87101936,-38.30296707,brasil_aberto,True
BA,2919207,Lauro de Freitas,Quingoma,quingoma,-12.86666012,-38.33040237,brasil_aberto,True
BA,2919207,Lauro de Freitas,Recreio Ipitanga,recreio ipitanga,-12.88457489,-38.31755447,brasil_aberto,True
BA,2919207,Lauro de Freitas,Vida Nova,vida nova,-12.8786305,-38.3354658,brasil_aberto,True
BA,2919207,Lauro de Freitas,Vila Praiana,vila praiana,-12.9043014,-38.3154122,brasil_aberto,True
BA,2919207,Lauro de Freitas,Vilas do Atlântico,vilas do atlantico,-12.89043427,-38.30165863,brasil_aberto,True
BA,2919207,Lauro de Freitas,Área Rural de Lauro de Freitas,area rural de lauro de freitas,-12.8857737,-38.3185595,brasil_aberto,True
BA,2919306,Lençóis,Afrânio Peixoto,afranio peixoto,-12.28754807,-41.41856766,brasil_aberto,True
BA,2919306,Lençóis,Centro,centro,-12.97804928,-38.51468658,brasil_aberto,True
BA,2919306,Lençóis,Coronel Otaviano Alves,coronel otaviano alves,-12.49677277,-41.29608536,brasil_aberto,True
BA,2919405,Licínio de Almeida,Centro,centro,-12.98973083,-38.52154922,brasil_aberto,True
BA,2919405,Licínio de Almeida,Jurema,jurema,-14.475542,-42.4605748,brasil_aberto,True
BA,2919405,Licínio de Almeida,Tauapé,tauape,-14.58555794,-42.43921661,brasil_aberto,True
BA,2919504,Livramento de Nossa Senhora,Centro,centro,-13.64909077,-41.84228516,brasil_aberto,True
BA,2919504,Livramento de Nossa Senhora,Iguatemi,iguatemi,-13.93233871,-41.90261841,brasil_aberto,True
BA,2919504,Livramento de Nossa Senhora,Itanagé,itanage,-13.7037349,-42.020881,brasil_aberto,True
BA,2919504,Livramento de Nossa Senhora,São Timóteo,sao timoteo,-13.8422575,-42.163311,brasil_aberto,True
BA,2919553,Luís Eduardo Magalhães,Centro,centro,-12.0915637,-45.7979425,brasil_aberto,True
BA,2919553,Luís Eduardo Magalhães,Cidade Santa Cruz,cidade santa cruz,,,brasil_aberto,True
BA,2919553,Luís Eduardo Magalhães,Florais Léa,florais lea,-12.0951819,-45.7918077,brasil_aberto,True
BA,2919553,Luís Eduardo Magalhães,Jardim Imperial,jardim imperial,-12.0842702,-45.7830213,brasil_aberto,True
BA,2919553,Luís Eduardo Magalhães,Jardim Paraíso,jardim paraiso,-12.0948941,-45.7760762,brasil_aberto,True
BA,2919553,Luís Eduardo Magalhães,Jardim das Acácias,jardim das acacias,-12.0808077,-45.7676154,brasil_aberto,True
BA,2919553,Luís Eduardo Magalhães,Mimoso do Oeste,mimoso do oeste,-12.0869117,-45.7834163,brasil_aberto,True
BA,2919553,Luís Eduardo Magalhães,Santa Cruz,santa cruz,-12.098471,-45.8040791,brasil_aberto,True
BA,2919553,Luís Eduardo Magalhães,Tropical Ville,tropical ville,-12.0814043,-45.7501582,brasil_aberto,True
BA,2919553,Luís Eduardo Magalhães,Universitário,universitario,-12.0706318,-45.7949501,brasil_aberto,True
BA,2919553,Luís Eduardo Magalhães,Área Rural de Luís Eduardo Magalhães,area rural de luis eduardo magalhaes,-12.0806624,-45.7786578,brasil_aberto,True
BA,2919603,Macajuba,Centro,centro,-12.1387293,-40.3589856,brasil_aberto,True
BA,2919702,Macarani,Centro,centro,-15.56780624,-40.42460251,brasil_aberto,True
BA,2919801,Macaúbas,Canatiba,canatiba,-13.08524132,-42.85434723,brasil_aberto,True
BA,2919801,Macaúbas,Centro,centro,-13.6421207,-41.84118489999999,brasil_aberto,True
BA,2919801,Macaúbas,Lagoa Clara,lagoa clara,-13.40704918,-42.68207169,brasil_aberto,True
BA,2919900,Macururé,Centro,centro,-12.97767258,-38.47430038,brasil_aberto,True
BA,2919926,Madre de Deus,Centro,centro,-12.74540138,-38.61597824,brasil_aberto,True
BA,2919959,Maetinga,Centro,centro,-14.66604996,-41.49045181,brasil_aberto,True
BA,2920007,Maiquinique,Centro,centro,-15.6198057,-40.2631881,brasil_aberto,True
BA,2920106,Mairi,Angico,angico,-11.67333317,-40.29053497,brasil_aberto,True
BA,2920106,Mairi,Centro,centro,-11.71277332,-40.15067673,brasil_aberto,True
BA,2920205,Malhada,Cana Brava,cana brava,-14.15563297,-43.59766006,brasil_aberto,True
BA,2920205,Malhada,Canabrava,canabrava,-14.5890069,-43.7610252,brasil_aberto,True
BA,2920205,Malhada,Centro,centro,-25.664543,-49.0932375,brasil_aberto,True
BA,2920205,Malhada,Parateca,parateca,-13.8987369,-43.5403994,brasil_aberto,True
BA,2920304,Malhada de Pedras,Centro,centro,,,brasil_aberto,True
BA,2920403,Manoel Vitorino,Catingal,catingal,-14.0437193,-40.561582,brasil_aberto,True
BA,2920403,Manoel Vitorino,Centro,centro,-14.1456337,-40.24409866,brasil_aberto,True
BA,2920403,Manoel Vitorino,Salgado,salgado,-14.2320798,-40.4132115,brasil_aberto,True
BA,2920452,Mansidão,Aroeiras,aroeiras,-10.66290855,-44.09489822,brasil_aberto,True
BA,2920452,Mansidão,Centro,centro,,,brasil_aberto,True
BA,2920502,Maracás,Centro,centro,-20.31121254,-40.35593414,brasil_aberto,True
BA,2920601,Maragogipe,Coqueiros,coqueiros,-12.7150844,-38.9354531,brasil_aberto,True
BA,2920601,Maragogipe,Enseada,enseada,-13.00567245,-41.36923981,brasil_aberto,True
BA,2920601,Maragogipe,Guapira,guapira,-12.7833612,-39.0333312,brasil_aberto,True
BA,2920601,Maragogipe,Guaí,guai,-30.10795212,-51.31964874,brasil_aberto,True
BA,2920601,Maragogipe,Nagé,nage,-12.777364,-38.9173648,brasil_aberto,True
BA,2920601,Maragogipe,São Roque do Paraguaçu,sao roque do paraguacu,-12.8581108,-38.8512872,brasil_aberto,True
BA,2920700,Maraú,Centro,centro,-12.77217388,-38.62047577,brasil_aberto,True
BA,2920700,Maraú,Ibiaçu,ibiacu,-14.2577958,-39.2651079,brasil_aberto,True
BA,2920700,Maraú,Piabanha,piabanha,-14.22715473,-39.40486526,brasil_aberto,True
BA,2920809,Marcionílio Souza,Centro,centro,-13.0005521,-40.534696,brasil_aberto,True
BA,2920809,Marcionílio Souza,Juraci,juraci,-13.23598289,-40.88110733,brasil_aberto,True
BA,2920809,Marcionílio Souza,Queimadinhas,queimadinhas,-13.0463269,-40.7447553,brasil_aberto,True
BA,2920908,Mascote,Centro,centro,-12.9627523,-39.2602868,brasil_aberto,True
BA,2920908,Mascote,Pimenta,pimenta,-15.5060085,-39.4048026,brasil_aberto,True
BA,2920908,Mascote,São João do Paraíso,sao joao do paraiso,-15.6527303,-39.4730669,brasil_aberto,True
BA,2920908,Mascote,Teixeira do Progresso,teixeira do progresso,-15.7369979,-39.4216244,brasil_aberto,True
BA,2921005,Mata de São João,Amado Bahia,amado bahia,-12.56788445,-38.29940414,brasil_aberto,True
BA,2921005,Mata de São João,Açu da Torre,acu da torre,-12.55378914,-38.01449585,brasil_aberto,True
BA,2921005,Mata de São João,Centro,centro,-12.24933052,-38.96508408,brasil_aberto,True
BA,2921005,Mata de São João,Imbassaí,imbassai,-12.4910353,-37.9632375,brasil_aberto,True
BA,2921005,Mata de São João,Praia do Forte,praia do forte,-12.57459927,-38.00498199,brasil_aberto,True
BA,2921054,Matina,Centro,centro,-13.9137093,-42.8484639,brasil_aberto,True
BA,2921104,Medeiros Neto,Centro,centro,-17.53606033,-39.75008011,brasil_aberto,True
BA,2921104,Medeiros Neto,Itupeva,itupeva,-17.4858096,-40.4699486,brasil_aberto,True
BA,2921104,Medeiros Neto,Nova Lídice,nova lidice,-17.4379308,-39.9393382,brasil_aberto,True
BA,2921203,Miguel Calmon,Centro,centro,-11.4265961,-40.5938637,brasil_aberto,True
BA,2921203,Miguel Calmon,Itapura,itapura,-11.54717731,-40.45366669,brasil_aberto,True
BA,2921203,Miguel Calmon,Tapiranga,tapiranga,-11.4428936,-40.4237205,brasil_aberto,True
BA,2921302,Milagres,Centro,centro,-12.87107944,-39.85760498,brasil_aberto,True
BA,2921302,Milagres,Tartaruga,tartaruga,-12.9568615,-39.68927765,brasil_aberto,True
BA,2921401,Mirangaba,Centro,centro,-12.29022121,-40.4962883,brasil_aberto,True
BA,2921401,Mirangaba,Nuguaçu,nuguacu,21.52175713,-77.78116608,brasil_aberto,True
BA,2921401,Mirangaba,Taquarendi,taquarendi,-10.89035892,-40.69726562,brasil_aberto,True
BA,2921450,Mirante,Centro,centro,-14.2419378,-40.7666461,brasil_aberto,True
BA,2921500,Monte Santo,Centro,centro,-12.6439662,-38.0926674,brasil_aberto,True
BA,2921609,Morpará,Centro,centro,,,brasil_aberto,True
BA,2921609,Morpará,Quixabá,quixaba,-9.22155952,-38.31058502,brasil_aberto,True
BA,2921708,Morro do Chapéu,Camirim,camirim,-10.9403284,-41.4067814,brasil_aberto,True
BA,2921708,Morro do Chapéu,Centro,centro,-11.5485943,-41.1589611,brasil_aberto,True
BA,2921708,Morro do Chapéu,Dias Coelho,dias coelho,-11.4571984,-40.8827239,brasil_aberto,True
BA,2921708,Morro do Chapéu,Duas Barras do Morro,duas barras do morro,-11.9202505,-41.0152545,brasil_aberto,True
BA,2921708,Morro do Chapéu,Fedegoso,fedegoso,,,brasil_aberto,True
BA,2921708,Morro do Chapéu,Icó,ico,-11.3598275,-41.0458805,brasil_aberto,True
BA,2921708,Morro do Chapéu,Tamburil,tamburil,,,brasil_aberto,True
BA,2921708,Morro do Chapéu,Ventura,ventura,-11.674635,-40.995165,brasil_aberto,True
BA,2921807,Mortugaba,Centro,centro,-15.02301884,-42.3706665,brasil_aberto,True
BA,2921906,Mucugê,Centro,centro,-13.0088285,-41.3711799,brasil_aberto,True
BA,2921906,Mucugê,Guiné,guine,-12.77118587,-41.53780365,brasil_aberto,True
BA,2921906,Mucugê,João Correia,joao correia,-13.27142811,-41.5982399,brasil_aberto,True
BA,2921906,Mucugê,Vila Guiné,vila guine,-12.77361012,-41.53636551,brasil_aberto,True
BA,2922003,Mucuri,Centro,centro,-18.07935143,-39.5472641,brasil_aberto,True
BA,2922003,Mucuri,Ibiranhém,ibiranhem,-17.8518522,-40.1735816,brasil_aberto,True
BA,2922003,Mucuri,Itabatan,itabatan,-17.99961472,-39.86652374,brasil_aberto,True
BA,2922003,Mucuri,Taquarinha,taquarinha,-17.9404758,-40.238212,brasil_aberto,True
BA,2922052,Mulungu do Morro,Canudos,canudos,-11.9524588,-41.6194424,brasil_aberto,True
BA,2922052,Mulungu do Morro,Centro,centro,-11.9668797,-41.6419556,brasil_aberto,True
BA,2922052,Mulungu do Morro,Várzea do Cerco,varzea do cerco,-12.07876205,-41.44697189,brasil_aberto,True
BA,2922102,Mundo Novo,Alto Bonito,alto bonito,-11.7224002,-40.4068163,brasil_aberto,True
BA,2922102,Mundo Novo,Centro,centro,-23.9336138,-54.3000421,brasil_aberto,True
BA,2922102,Mundo Novo,Ibiapora,ibiapora,-12.052913,-40.805953,brasil_aberto,True
BA,2922102,Mundo Novo,Indaí,indai,-12.0154666,-40.5529763,brasil_aberto,True
BA,2922102,Mundo Novo,Jequitibá,jequitiba,-12.0544718,-40.5164624,brasil_aberto,True
BA,2922102,Mundo Novo,Umbuzeiro,umbuzeiro,-11.6714173,-40.3705608,brasil_aberto,True
BA,2922201,Muniz Ferreira,Centro,centro,-13.00097656,-39.1066246,brasil_aberto,True
BA,2922201,Muniz Ferreira,Onha,onha,-13.01223183,-39.06594086,brasil_aberto,True
BA,2922250,Muquém do São Francisco,Centro,centro,,,brasil_aberto,True
BA,2922300,Muritiba,Centro,centro,-12.9776001,-38.51475143,brasil_aberto,True
BA,2922300,Muritiba,Itapora,itapora,-12.6237495,-39.155013,brasil_aberto,True
BA,2922409,Mutuípe,Centro,centro,-13.2281847,-39.50321579,brasil_aberto,True
BA,2922508,Nazaré,Centro,centro,-13.0324143,-39.0127493,brasil_aberto,True
BA,2922607,Nilo Peçanha,Centro,centro,-13.6009681,-39.1060515,brasil_aberto,True
BA,2922656,Nordestina,Centro,centro,-10.8248593,-39.4294059,brasil_aberto,True
BA,2922706,Nova Canaã,Centro,centro,-14.79222107,-40.14362335,brasil_aberto,True
BA,2922706,Nova Canaã,Itajaí,itajai,-14.9494792,-40.1657466,brasil_aberto,True
BA,2922730,Nova Fátima,Centro,centro,-11.60742474,-39.63317108,brasil_aberto,True
BA,2922755,Nova Ibiá,Centro,centro,-13.7455391,-39.4878463,brasil_aberto,True
BA,2922805,Nova Itarana,Centro,centro,-13.0262354,-40.0666049,brasil_aberto,True
BA,2922805,Nova Itarana,Serra do CEM,serra do cem,-13.07435513,-39.96141434,brasil_aberto,True
BA,2922854,Nova Redenção,Centro,centro,-12.8138975,-41.0701964,brasil_aberto,True
BA,2922904,Nova Soure,Centro,centro,-12.99210548,-38.45252228,brasil_aberto,True
BA,2923001,Nova Viçosa,Argolo,argolo,-17.9004465,-40.0221583,brasil_aberto,True
BA,2923001,Nova Viçosa,Centro,centro,-13.00991535,-38.53158569,brasil_aberto,True
BA,2923001,Nova Viçosa,Helvecia,helvecia,-17.80873489,-39.66379929,brasil_aberto,True
BA,2923001,Nova Viçosa,Posto da Mata,posto da mata,-17.8818734,-39.8624697,brasil_aberto,True
BA,2923035,Novo Horizonte,Brejo Luíza de Brito,brejo luiza de brito,-12.86097908,-42.03595734,brasil_aberto,True
BA,2923035,Novo Horizonte,Olhos D'Água do Serafim,olhos d'agua do serafim,-12.7701878,-42.0541991,brasil_aberto,True
BA,2923035,Novo Horizonte,Remédios,remedios,-12.81797218,-42.21651077,brasil_aberto,True
BA,2923050,Novo Triunfo,Centro,centro,-10.41072655,-38.32947922,brasil_aberto,True
BA,2923100,Olindina,Centro,centro,-14.8503277,-40.844989,brasil_aberto,True
BA,2923100,Olindina,Dona Maria,dona maria,-11.5052278,-38.2983575,brasil_aberto,True
BA,2923100,Olindina,Umbuzeiro,umbuzeiro,-11.64578915,-40.3212738,brasil_aberto,True
BA,2923209,Oliveira dos Brejinhos,Bom Sossego,bom sossego,-12.2139762,-42.6514789,brasil_aberto,True
BA,2923209,Oliveira dos Brejinhos,Centro,centro,-12.3166648,-42.8955036,brasil_aberto,True
BA,2923209,Oliveira dos Brejinhos,Ipucaba,ipucaba,-12.1218718,-42.9475242,brasil_aberto,True
BA,2923308,Ouriçangas,Centro,centro,-12.0123847,-38.6286215,brasil_aberto,True
BA,2923357,Ourolândia,Alagadiço,alagadico,-10.681461,-41.287235,brasil_aberto,True
BA,2923357,Ourolândia,Centro,centro,-10.97200584,-41.08324432,brasil_aberto,True
BA,2923357,Ourolândia,Lagoa do Trinta e Três,lagoa do trinta e tres,,,brasil_aberto,True
BA,2923407,Palmas de Monte Alto,Centro,centro,-14.2670423,-43.1633455,brasil_aberto,True
BA,2923407,Palmas de Monte Alto,Espraiado,espraiado,-14.10493755,-43.29082489,brasil_aberto,True
BA,2923407,Palmas de Monte Alto,Pinga Fogo,pinga fogo,-14.2458986,-43.3037896,brasil_aberto,True
BA,2923407,Palmas de Monte Alto,Rancho das Mães,rancho das maes,-14.06949615,-43.03891754,brasil_aberto,True
BA,2923506,Palmeiras,Caeté-Açu,caete-acu,-12.5959425,-41.49747849,brasil_aberto,True
BA,2923506,Palmeiras,Centro,centro,-12.5991372,-41.4965321,brasil_aberto,True
BA,2923605,Paramirim,Canabravinha,canabravinha,-13.52505207,-42.17274475,brasil_aberto,True
BA,2923605,Paramirim,Caraíbas,caraibas,-14.72449303,-41.25985718,brasil_aberto,True
BA,2923605,Paramirim,Centro,centro,-13.4444988,-42.2505217,brasil_aberto,True
BA,2923704,Paratinga,Centro,centro,-12.98824787,-38.52189255,brasil_aberto,True
BA,2923704,Paratinga,Volta da Serra,volta da serra,-12.6932424,-43.18429820000001,brasil_aberto,True
BA,2923704,Paratinga,Águas do Paulista,aguas do paulista,-12.4953804,-43.10993195,brasil_aberto,True
BA,2923803,Paripiranga,Centro,centro,-10.6820268,-37.862773,brasil_aberto,True
BA,2923803,Paripiranga,Conceição de Campinas,conceicao de campinas,-10.742718,-37.965877,brasil_aberto,True
BA,2923902,Pau Brasil,Centro,centro,-15.4645613,-39.6521876,brasil_aberto,True
BA,2924009,Paulo Afonso,Abel Barbosa,abel barbosa,-9.39249802,-38.22870636,brasil_aberto,True
BA,2924009,Paulo Afonso,Alves de Souza,alves de souza,-9.39559555,-38.21357727,brasil_aberto,True
BA,2924009,Paulo Afonso,Amaury Alves de Menezes,amaury alves de menezes,-9.3932603,-38.2348376,brasil_aberto,True
BA,2924009,Paulo Afonso,Barroca,barroca,-9.3739095,-38.2456177,brasil_aberto,True
BA,2924009,Paulo Afonso,Caminho dos Lagos,caminho dos lagos,-9.389357,-38.2290499,brasil_aberto,True
BA,2924009,Paulo Afonso,Capuxú,capuxu,-9.3988231,-38.2097342,brasil_aberto,True
BA,2924009,Paulo Afonso,Cardeal Brandão Vilela,cardeal brandao vilela,-9.4504534,-38.2185805,brasil_aberto,True
BA,2924009,Paulo Afonso,Centenário,centenario,-9.38057137,-38.2286644,brasil_aberto,True
BA,2924009,Paulo Afonso,Centro,centro,-9.40650272,-38.2170105,brasil_aberto,True
BA,2924009,Paulo Afonso,Clériston Andrade,cleriston andrade,-9.40010738,-38.24040222,brasil_aberto,True
BA,2924009,Paulo Afonso,Dernival Oliveira,dernival oliveira,-9.3955613,-38.2519824,brasil_aberto,True
BA,2924009,Paulo Afonso,Fazenda CHESF,fazenda chesf,-9.38247108,-38.21442795,brasil_aberto,True
BA,2924009,Paulo Afonso,General Dutra,general dutra,-9.3907106,-38.2199325,brasil_aberto,True
BA,2924009,Paulo Afonso,Jardim Aeroporto,jardim aeroporto,-9.40916061,-38.24355698,brasil_aberto,True
BA,2924009,Paulo Afonso,Jardim Bahia,jardim bahia,-9.398646,-38.242873,brasil_aberto,True
BA,2924009,Paulo Afonso,Nossa Senhora de Fátima,nossa senhora de fatima,-9.407209100000001,-38.2151115,brasil_aberto,True
BA,2924009,Paulo Afonso,Oliveira Brito,oliveira brito,-9.378705499999999,-38.2403975,brasil_aberto,True
BA,2924009,Paulo Afonso,Oliveira Lopes,oliveira lopes,-9.38650513,-38.2230835,brasil_aberto,True
BA,2924009,Paulo Afonso,Panorama,panorama,-9.39511395,-38.23508835,brasil_aberto,True
BA,2924009,Paulo Afonso,Perpétuo Socorro,perpetuo socorro,-9.4011486,-38.2326303,brasil_aberto,True
BA,2924009,Paulo Afonso,Rodoviários,rodoviarios,-9.43588638,-38.20021439,brasil_aberto,True
BA,2924009,Paulo Afonso,Sal Torrado,sal torrado,-9.39277554,-38.22038651,brasil_aberto,True
BA,2924009,Paulo Afonso,Santa Inês,santa ines,-9.4378313,-38.2251114,brasil_aberto,True
BA,2924009,Paulo Afonso,Senhor do Bonfim,senhor do bonfim,-9.400061599999999,-38.2176411,brasil_aberto,True
BA,2924009,Paulo Afonso,Setor Industrial,setor industrial,-9.3744338,-38.2245857,brasil_aberto,True
BA,2924009,Paulo Afonso,São Vicente,sao vicente,-9.4000105,-38.2368545,brasil_aberto,True
BA,2924009,Paulo Afonso,Tancredo Neves I,tancredo neves i,-9.4330611,-38.2157688,brasil_aberto,True
BA,2924009,Paulo Afonso,Tancredo Neves II,tancredo neves ii,-9.44486809,-38.21327972,brasil_aberto,True
BA,2924009,Paulo Afonso,Tancredo Neves III,tancredo neves iii,-9.44966316,-38.20977783,brasil_aberto,True
BA,2924009,Paulo Afonso,Tropical,tropical,-9.3864587,-38.2274032,brasil_aberto,True
BA,2924009,Paulo Afonso,Vila Dom Mário Zanetta,vila dom mario zanetta,-9.3869738,-38.2246807,brasil_aberto,True
BA,2924009,Paulo Afonso,Vila Militar,vila militar,-9.39277554,-38.22038651,brasil_aberto,True
BA,2924009,Paulo Afonso,Vila Nobre,vila nobre,-9.4057664,-38.2056533,brasil_aberto,True
BA,2924009,Paulo Afonso,Área Rural de Paulo Afonso,area rural de paulo afonso,-9.400061599999999,-38.2176411,brasil_aberto,True
BA,2924207,Pedro Alexandre,Centro,centro,-10.0133154,-37.8946963,brasil_aberto,True
BA,2924108,Pedrão,Centro,centro,-12.2604588,-38.9679343,brasil_aberto,True
BA,2924306,Piatã,Cabrália,cabralia,-12.8540714,-41.8403552,brasil_aberto,True
BA,2924306,Piatã,Centro,centro,-13.15130424,-41.77391434,brasil_aberto,True
BA,2924306,Piatã,Inúbia,inubia,-13.1047179,-42.01111,brasil_aberto,True
BA,2924405,Pilão Arcado,Baluarte,baluarte,-9.4759466,-43.5422506,brasil_aberto,True
BA,2924405,Pilão Arcado,Brejo da Serra,brejo da serra,-10.1421615,-43.2921579,brasil_aberto,True
BA,2924405,Pilão Arcado,Centro,centro,-10.000175,-42.482525,brasil_aberto,True
BA,2924405,Pilão Arcado,Saldanha,saldanha,-10.4238415,-42.5723884,brasil_aberto,True
BA,2924504,Pindaí,Centro,centro,-14.4041754,-42.6163728,brasil_aberto,True
BA,2924504,Pindaí,Guirapa,guirapa,-14.40161324,-42.61795807,brasil_aberto,True
BA,2924603,Pindobaçu,Bananeiras,bananeiras,-10.6088419,-40.3598917,brasil_aberto,True
BA,2924603,Pindobaçu,Carnaíba de Baixo,carnaiba de baixo,-10.730104,-40.451452,brasil_aberto,True
BA,2924603,Pindobaçu,Centro,centro,,,brasil_aberto,True
BA,2924603,Pindobaçu,Varzea Grande,varzea grande,-10.7984973,-40.2475694,brasil_aberto,True
BA,2924652,Pintadas,Centro,centro,-11.8130798,-39.9074229,brasil_aberto,True
BA,2924678,Piraí do Norte,Centro,centro,-13.7602091,-39.3748793,brasil_aberto,True
BA,2924702,Piripá,Centro,centro,-14.9429965,-41.7196509,brasil_aberto,True
BA,2924801,Piritiba,Centro,centro,-11.7306625,-40.5540386,brasil_aberto,True
BA,2924801,Piritiba,França,franca,-11.55764771,-40.59241867,brasil_aberto,True
BA,2924801,Piritiba,Largo,largo,-11.74721718,-40.7444191,brasil_aberto,True
BA,2924801,Piritiba,Porto Feliz,porto feliz,-11.7573379,-40.6854309,brasil_aberto,True
BA,2924900,Planaltino,Centro,centro,-12.13686275,-38.42082214,brasil_aberto,True
BA,2924900,Planaltino,Ibitiguira,ibitiguira,-13.2259264,-40.1548996,brasil_aberto,True
BA,2924900,Planaltino,Nova Itaipê,nova itaipe,-13.12093735,-40.2060585,brasil_aberto,True
BA,2925006,Planalto,Lucaia,lucaia,-14.74999619,-40.50912094,brasil_aberto,True
BA,2925204,Pojuca,Centro,centro,-12.4335424,-38.329092,brasil_aberto,True
BA,2925204,Pojuca,Miranga,miranga,-12.3471496,-38.2179305,brasil_aberto,True
BA,2925253,Ponto Novo,Barracas,barracas,-10.8656029,-40.1290109,brasil_aberto,True
BA,2925253,Ponto Novo,Centro,centro,-10.86483574,-40.13367844,brasil_aberto,True
BA,2925303,Porto Seguro,Arraial D'Ajuda,arraial d'ajuda,-16.4904102,-39.1771303,brasil_aberto,True
BA,2925303,Porto Seguro,Caraiva,caraiva,-16.8055394,-39.1596697,brasil_aberto,True
BA,2925303,Porto Seguro,Centro,centro,-16.4518583,-39.0642655,brasil_aberto,True
BA,2925303,Porto Seguro,Pindorama,pindorama,-16.3759452,-39.2414348,brasil_aberto,True
BA,2925303,Porto Seguro,Porto Alegre,porto alegre,-16.4058937,-39.103669,brasil_aberto,True
BA,2925303,Porto Seguro,Trancoso,trancoso,-16.5676874,-39.1975753,brasil_aberto,True
BA,2925303,Porto Seguro,Vale Verde,vale verde,-16.4263757,-39.216862,brasil_aberto,True
BA,2925303,Porto Seguro,Vera Cruz,vera cruz,-16.3931507,-39.3972174,brasil_aberto,True
BA,2925402,Potiraguá,Centro,centro,-12.25529099,-38.96730423,brasil_aberto,True
BA,2925402,Potiraguá,Gurupá Mirim,gurupa mirim,-15.695059,-39.62395799999999,brasil_aberto,True
BA,2925402,Potiraguá,Itaimbé,itaimbe,-15.7398149,-39.5467823,brasil_aberto,True
BA,2925105,Poções,Alto da Vitória,alto da vitoria,-14.5356024,-40.3707264,brasil_aberto,True
BA,2925105,Poções,Centro,centro,-14.5294819,-40.365232,brasil_aberto,True
BA,2925105,Poções,Indaiá,indaia,-14.5247225,-40.3742657,brasil_aberto,True
BA,2925105,Poções,Lagoa Grande,lagoa grande,-14.5163398,-40.3649811,brasil_aberto,True
BA,2925501,Prado,Centro,centro,-17.33877754,-39.22474289,brasil_aberto,True
BA,2925501,Prado,Cumuruxatiba,cumuruxatiba,-17.1067377,-39.1813492,brasil_aberto,True
BA,2925501,Prado,Guarani,guarani,-17.1075334,-39.4466044,brasil_aberto,True
BA,2925600,Presidente Dutra,Campo Formoso,campo formoso,-11.3453395,-42.0131189,brasil_aberto,True
BA,2925600,Presidente Dutra,Centro,centro,-11.2938402,-41.9875982,brasil_aberto,True
BA,2925709,Presidente Jânio Quadros,Centro,centro,,,brasil_aberto,True
BA,2925758,Presidente Tancredo Neves,Centro,centro,-12.97809029,-38.51436234,brasil_aberto,True
BA,2925758,Presidente Tancredo Neves,Corte de Pedra,corte de pedra,-13.5108249,-39.4508435,brasil_aberto,True
BA,2925758,Presidente Tancredo Neves,Moenda,moenda,-13.3911989,-39.3992272,brasil_aberto,True
BA,2924058,Pé de Serra,Centro,centro,-11.83421135,-39.61343765,brasil_aberto,True
BA,2925808,Queimadas,Centro,centro,-7.3632757,-35.9012783,brasil_aberto,True
BA,2925808,Queimadas,Coronel João Borges,coronel joao borges,-11.24023,-39.739746,brasil_aberto,True
BA,2925808,Queimadas,Espanta Gado,espanta gado,-10.9859839,-39.750778,brasil_aberto,True
BA,2925808,Queimadas,Lagoinha,lagoinha,-10.831828,-39.6536246,brasil_aberto,True
BA,2925907,Quijingue,Algodões,algodoes,-10.6820494,-39.0534129,brasil_aberto,True
BA,2925907,Quijingue,Centro,centro,-10.6761828,-39.0543858,brasil_aberto,True
BA,2925931,Quixabeira,Centro,centro,-11.4132428,-40.1265309,brasil_aberto,True
BA,2925956,Rafael Jambeiro,Argoim,argoim,-12.5531983,-39.5300589,brasil_aberto,True
BA,2925956,Rafael Jambeiro,Cajueiro,cajueiro,-12.5598689,-39.3892488,brasil_aberto,True
BA,2925956,Rafael Jambeiro,Centro,centro,-12.4060103,-39.5033679,brasil_aberto,True
BA,2925956,Rafael Jambeiro,Paraguassu,paraguassu,-12.5585021,-39.4587864,brasil_aberto,True
BA,2925956,Rafael Jambeiro,São Roque,sao roque,-12.4511514,-39.4167408,brasil_aberto,True
BA,2926004,Remanso,Centro,centro,-9.6235574,-42.0801416,brasil_aberto,True
BA,2926004,Remanso,Poços,pocos,-9.5819058,-42.5318578,brasil_aberto,True
BA,2926103,Retirolândia,Centro,centro,-12.97868538,-38.50593567,brasil_aberto,True
BA,2926400,Riacho de Santana,Botuquara,botuquara,-13.6689666,-42.854575,brasil_aberto,True
BA,2926400,Riacho de Santana,Centro,centro,-6.264410499999999,-38.3136423,brasil_aberto,True
BA,2926202,Riachão das Neves,Caripare,caripare,-11.5141949,-45.0418279,brasil_aberto,True
BA,2926202,Riachão das Neves,Centro,centro,-12.96810246,-39.26644516,brasil_aberto,True
BA,2926202,Riachão das Neves,São José do Rio Grande,sao jose do rio grande,-11.8227419,-44.7273927,brasil_aberto,True
BA,2926301,Riachão do Jacuípe,Barreiros,barreiros,-12.14774799,-44.99534607,brasil_aberto,True
BA,2926301,Riachão do Jacuípe,Centro,centro,-17.53677559,-39.7412262,brasil_aberto,True
BA,2926509,Ribeira do Amparo,Centro,centro,-11.0404368,-38.4310311,brasil_aberto,True
BA,2926509,Ribeira do Amparo,Raspador,raspador,-10.834039,-38.2954009,brasil_aberto,True
BA,2926608,Ribeira do Pombal,Barrocão,barrocao,-10.69423676,-38.53581238,brasil_aberto,True
BA,2926608,Ribeira do Pombal,Centro,centro,-10.83691692,-38.54077148,brasil_aberto,True
BA,2926608,Ribeira do Pombal,Curral Falso,curral falso,-10.69550037,-38.57447052,brasil_aberto,True
BA,2926657,Ribeirão do Largo,Centro,centro,-15.45952702,-40.74038696,brasil_aberto,True
BA,2926657,Ribeirão do Largo,Nova Brasília,nova brasilia,-12.91761971,-38.41131592,brasil_aberto,True
BA,2927002,Rio Real,Centro,centro,-11.4840397,-37.93218960000001,brasil_aberto,True
BA,2926707,Rio de Contas,Arapiranga,arapiranga,-13.4813509,-41.76787186,brasil_aberto,True
BA,2926707,Rio de Contas,Centro,centro,-13.5792608,-41.8117295,brasil_aberto,True
BA,2926707,Rio de Contas,Marcolino Moura,marcolino moura,-13.59851551,-41.69110489,brasil_aberto,True
BA,2926707,Rio de Contas,Mato Grosso,mato grosso,-13.4655244,-41.83719019999999,brasil_aberto,True
BA,2926806,Rio do Antônio,Centro,centro,-14.40897369,-42.07877731,brasil_aberto,True
BA,2926806,Rio do Antônio,Ibitira,ibitira,-14.2057921,-42.113133,brasil_aberto,True
BA,2926905,Rio do Pires,Centro,centro,-13.1278525,-42.2923543,brasil_aberto,True
BA,2926905,Rio do Pires,Ibiajara,ibiajara,-12.9847188,-42.2214351,brasil_aberto,True
BA,2926905,Rio do Pires,Varzinha,varzinha,,,brasil_aberto,True
BA,2927101,Rodelas,Centro,centro,-8.848624299999999,-38.7677604,brasil_aberto,True
BA,2927200,Ruy Barbosa,Centro,centro,-5.8793321,-35.9362486,brasil_aberto,True
BA,2927200,Ruy Barbosa,Morro das Flores,morro das flores,-12.407443,-40.595326,brasil_aberto,True
BA,2927200,Ruy Barbosa,Tapiraípe,tapiraipe,-12.234778,-40.796745,brasil_aberto,True
BA,2927309,Salinas da Margarida,Centro,centro,-12.87299061,-38.76050949,brasil_aberto,True
BA,2927309,Salinas da Margarida,Encarnação,encarnacao,-12.9285967,-38.7681964,brasil_aberto,True
BA,2927408,Salvador,Acupe de Brotas,acupe de brotas,-12.9984086,-38.4917038,brasil_aberto,True
BA,2927408,Salvador,Aeroporto,aeroporto,-12.9157341,-38.3350142,brasil_aberto,True
BA,2927408,Salvador,Alphaville I,alphaville i,-12.93888378,-38.40793228,brasil_aberto,True
BA,2927408,Salvador,Alphaville II,alphaville ii,-12.9158119,-38.387838,brasil_aberto,True
BA,2927408,Salvador,Alto da Terezinha,alto da terezinha,-12.881484,-38.4772489,brasil_aberto,True
BA,2927408,Salvador,Alto das Pombas,alto das pombas,-13.0034001,-38.5138939,brasil_aberto,True
BA,2927408,Salvador,Alto do Cabrito,alto do cabrito,-12.914604,-38.474101,brasil_aberto,True
BA,2927408,Salvador,Alto do Coqueirinho,alto do coqueirinho,-12.94116974,-38.37071609,brasil_aberto,True
BA,2927408,Salvador,Alto do Cruzeiro (Ilha de Bom Jesus dos Passos),alto do cruzeiro (ilha de bom jesus dos passos),-12.7592316,-38.6398668,brasil_aberto,True
BA,2927408,Salvador,Amaralina,amaralina,-13.0136919,-38.47372437,brasil_aberto,True
BA,2927408,Salvador,Areia Branca,areia branca,-12.8475541,-38.359295,brasil_aberto,True
BA,2927408,Salvador,Arenoso,arenoso,-12.94373608,-38.44330978,brasil_aberto,True
BA,2927408,Salvador,Armação,armacao,-12.9902792,-38.4367692,brasil_aberto,True
BA,2927408,Salvador,Armenda (Ilha de Maré),armenda (ilha de mare),-12.79675484,-38.53007507,brasil_aberto,True
BA,2927408,Salvador,Arraial do Retiro,arraial do retiro,-12.94313717,-38.46776581,brasil_aberto,True
BA,2927408,Salvador,Bairro da Paz,bairro da paz,-12.9301515,-38.3755117,brasil_aberto,True
BA,2927408,Salvador,Baixa de Quintas,baixa de quintas,-12.9637829,-38.4906761,brasil_aberto,True
BA,2927408,Salvador,Baixa dos Sapateiros,baixa dos sapateiros,-12.967902,-38.5047956,brasil_aberto,True
BA,2927408,Salvador,Bananeiras (Ilha de Maré),bananeiras (ilha de mare),-12.75952053,-38.51873779,brasil_aberto,True
BA,2927408,Salvador,Barbalho,barbalho,-12.96803379,-38.49834061,brasil_aberto,True
BA,2927408,Salvador,Barra,barra,-13.00862694,-38.52932739,brasil_aberto,True
BA,2927408,Salvador,Barragem de Ipitanga,barragem de ipitanga,-12.855137,-38.3857245,brasil_aberto,True
BA,2927408,Salvador,Barreiras,barreiras,-12.9560194,-38.44683456,brasil_aberto,True
BA,2927408,Salvador,Barris,barris,-12.987233,-38.5131961,brasil_aberto,True
BA,2927408,Salvador,Barroquinha,barroquinha,-12.9771607,-38.5119281,brasil_aberto,True
BA,2927408,Salvador,Boa Viagem,boa viagem,-12.9307117,-38.5107855,brasil_aberto,True
BA,2927408,Salvador,Boa Vista de São Caetano,boa vista de sao caetano,-12.9246823,-38.4797821,brasil_aberto,True
BA,2927408,Salvador,Boa Vista do Lobato,boa vista do lobato,-12.9189384,-38.4784581,brasil_aberto,True
BA,2927408,Salvador,Boca da Mata,boca da mata,-12.8950755,-38.3896742,brasil_aberto,True
BA,2927408,Salvador,Boca da Mata de Valéria,boca da mata de valeria,-12.86240101,-38.43542862,brasil_aberto,True
BA,2927408,Salvador,Boca do Rio,boca do rio,-12.9782396,-38.4279299,brasil_aberto,True
BA,2927408,Salvador,Bonfim,bonfim,-12.92318916,-38.50880432,brasil_aberto,True
BA,2927408,Salvador,Botelho (Ilha de Maré),botelho (ilha de mare),-12.77517128,-38.518116,brasil_aberto,True
BA,2927408,Salvador,Brotas,brotas,-12.98859501,-38.48382568,brasil_aberto,True
BA,2927408,Salvador,CEASA,ceasa,-12.9805985,-38.4438695,brasil_aberto,True
BA,2927408,Salvador,Cabula,cabula,-12.9546577,-38.4609086,brasil_aberto,True
BA,2927408,Salvador,Cabula VI,cabula vi,-12.9543209,-38.4408708,brasil_aberto,True
BA,2927408,Salvador,Caixa D'Água,caixa d'agua,-12.9379012,-38.4604802,brasil_aberto,True
BA,2927408,Salvador,Cajazeiras II,cajazeiras ii,-12.8872482,-38.4225545,brasil_aberto,True
BA,2927408,Salvador,Cajazeiras IV,cajazeiras iv,-12.89802933,-38.42470932,brasil_aberto,True
BA,2927408,Salvador,Cajazeiras V,cajazeiras v,-12.8939754,-38.4213138,brasil_aberto,True
BA,2927408,Salvador,Cajazeiras VI,cajazeiras vi,-12.8927901,-38.4302909,brasil_aberto,True
BA,2927408,Salvador,Cajazeiras VII,cajazeiras vii,-12.8916266,-38.4303862,brasil_aberto,True
BA,2927408,Salvador,Cajazeiras VIII,cajazeiras viii,-12.89934826,-38.41766739,brasil_aberto,True
BA,2927408,Salvador,Cajazeiras X,cajazeiras x,-12.89435768,-38.41321945,brasil_aberto,True
BA,2927408,Salvador,Cajazeiras XI,cajazeiras xi,-12.8786942,-38.4073308,brasil_aberto,True
BA,2927408,Salvador,Calabetão,calabetao,-12.93158913,-38.46917725,brasil_aberto,True
BA,2927408,Salvador,Calçada,calcada,-12.93778419,-38.48261642,brasil_aberto,True
BA,2927408,Salvador,Caminho das Árvores,caminho das arvores,-12.98597717,-38.45709229,brasil_aberto,True
BA,2927408,Salvador,Caminho de Areia,caminho de areia,-12.9252683,-38.5045867,brasil_aberto,True
BA,2927408,Salvador,Campinas de Brotas,campinas de brotas,-12.9811155,-38.4802894,brasil_aberto,True
BA,2927408,Salvador,Campinas de Pirajá,campinas de piraja,-12.922975,-38.4691781,brasil_aberto,True
BA,2927408,Salvador,Campo Grande,campo grande,-12.9886734,-38.5184089,brasil_aberto,True
BA,2927408,Salvador,Canabrava,canabrava,-12.972207,-38.4551306,brasil_aberto,True
BA,2927408,Salvador,Candeal,candeal,-12.9935989,-38.4812493,brasil_aberto,True
BA,2927408,Salvador,Canela,canela,-12.9924159,-38.5208536,brasil_aberto,True
BA,2927408,Salvador,Capelinha,capelinha,-12.98006248,-38.43502426,brasil_aberto,True
BA,2927408,Salvador,Cassange,cassange,-12.8893454,-38.371053,brasil_aberto,True
BA,2927408,Salvador,Castelo Branco,castelo branco,-12.90424728,-38.43959808,brasil_aberto,True
BA,2927408,Salvador,Centro,centro,-12.986648,-38.5201085,brasil_aberto,True
BA,2927408,Salvador,Centro Administrativo da Bahia,centro administrativo da bahia,-12.95214653,-38.42382431,brasil_aberto,True
BA,2927408,Salvador,Chame-Chame,chame-chame,-13.0046688,-38.521862,brasil_aberto,True
BA,2927408,Salvador,Chapada do Rio Vermelho,chapada do rio vermelho,-13.0053325,-38.4802303,brasil_aberto,True
BA,2927408,Salvador,Cidade Nova,cidade nova,-12.9813515,-38.4950548,brasil_aberto,True
BA,2927408,Salvador,Colinas de Periperi,colinas de periperi,-12.864579,-38.4583992,brasil_aberto,True
BA,2927408,Salvador,Comendador Neiva (Ilha de Bom Jesus dos Passos),comendador neiva (ilha de bom jesus dos passos),-12.75673771,-38.63919449,brasil_aberto,True
BA,2927408,Salvador,Comércio,comercio,-12.9715053,-38.5114815,brasil_aberto,True
BA,2927408,Salvador,Cosme de Farias,cosme de farias,-12.9818671,-38.4932355,brasil_aberto,True
BA,2927408,Salvador,Costa Azul,costa azul,-12.99424171,-38.44932556,brasil_aberto,True
BA,2927408,Salvador,Costa de Fora (Ilha dos Frades),costa de fora (ilha dos frades),-12.78096008,-38.62276459,brasil_aberto,True
BA,2927408,Salvador,Coutos,coutos,-12.8502501,-38.468478,brasil_aberto,True
BA,2927408,Salvador,Curuzu,curuzu,-12.94566822,-38.48145676,brasil_aberto,True
BA,2927408,Salvador,Daniel Lisboa,daniel lisboa,-12.9860014,-38.4865045,brasil_aberto,True
BA,2927408,Salvador,Dois de Julho,dois de julho,-12.9831977,-38.5194077,brasil_aberto,True
BA,2927408,Salvador,Dom Avelar,dom avelar,-12.9049015,-38.44314957,brasil_aberto,True
BA,2927408,Salvador,Doron,doron,-12.93888378,-38.40793228,brasil_aberto,True
BA,2927408,Salvador,Engenho Velho da Federação,engenho velho da federacao,-12.9993652,-38.4953874,brasil_aberto,True
BA,2927408,Salvador,Engenho Velho de Brotas,engenho velho de brotas,-12.9876675,-38.5047941,brasil_aberto,True
BA,2927408,Salvador,Engenho de Maré (Ilha de Maré),engenho de mare (ilha de mare),-12.7872441,-38.518664,brasil_aberto,True
BA,2927408,Salvador,Engomadeira,engomadeira,-12.9497108,-38.4598911,brasil_aberto,True
BA,2927408,Salvador,Escada,escada,-12.8802225,-38.4807374,brasil_aberto,True
BA,2927408,Salvador,Fazenda Coutos,fazenda coutos,-12.8441356,-38.4688355,brasil_aberto,True
BA,2927408,Salvador,Fazenda Grande I,fazenda grande i,-12.88763905,-38.40287399,brasil_aberto,True
BA,2927408,Salvador,Fazenda Grande II,fazenda grande ii,-12.8919483,-38.3968864,brasil_aberto,True
BA,2927408,Salvador,Fazenda Grande III,fazenda grande iii,-12.90241909,-38.39683914,brasil_aberto,True
BA,2927408,Salvador,Fazenda Grande IV,fazenda grande iv,-12.9053341,-38.3878922,brasil_aberto,True
BA,2927408,Salvador,Fazenda Grande do Retiro,fazenda grande do retiro,-12.9416779,-38.476001,brasil_aberto,True
BA,2927408,Salvador,Federação,federacao,-12.9961729,-38.5154254,brasil_aberto,True
BA,2927408,Salvador,Fonte Nova (Ilha de Bom Jesus dos Passos),fonte nova (ilha de bom jesus dos passos),-12.7617606,-38.6425812,brasil_aberto,True
BA,2927408,Salvador,Garcia,garcia,-12.9939823,-38.514328,brasil_aberto,True
BA,2927408,Salvador,Granjas Rurais Presidente Vargas,granjas rurais presidente vargas,-12.9178322,-38.4597881,brasil_aberto,True
BA,2927408,Salvador,Graça,graca,-12.99731541,-38.52168655,brasil_aberto,True
BA,2927408,Salvador,Horto Bela Vista,horto bela vista,-12.9662531,-38.4714864,brasil_aberto,True
BA,2927408,Salvador,Horto Florestal,horto florestal,-13.00474739,-38.4878273,brasil_aberto,True
BA,2927408,Salvador,IAPI,iapi,-12.95172787,-38.47925949,brasil_aberto,True
BA,2927408,Salvador,Ilha Amarela,ilha amarela,-12.8920175,-38.4730179,brasil_aberto,True
BA,2927408,Salvador,Imbuí,imbui,-12.96480465,-38.43310928,brasil_aberto,True
BA,2927408,Salvador,Itacaranha,itacaranha,-12.8891259,-38.482089,brasil_aberto,True
BA,2927408,Salvador,Itaigara,itaigara,-12.99246693,-38.46880341,brasil_aberto,True
BA,2927408,Salvador,Itamoabo (Ilha de Maré),itamoabo (ilha de mare),-12.79565811,-38.53142548,brasil_aberto,True
BA,2927408,Salvador,Itapuã,itapua,-12.94849205,-38.36817551,brasil_aberto,True
BA,2927408,Salvador,Itinga,itinga,-12.8802195,-38.3599894,brasil_aberto,True
BA,2927408,Salvador,Jaguaribe,jaguaribe,-12.95045853,-38.38948822,brasil_aberto,True
BA,2927408,Salvador,Jaguaripe I,jaguaripe i,-12.90594006,-38.40584183,brasil_aberto,True
BA,2927408,Salvador,Jardim Apipema,jardim apipema,-13.00506,-38.5155245,brasil_aberto,True
BA,2927408,Salvador,Jardim Cajazeiras,jardim cajazeiras,-12.91830254,-38.45096588,brasil_aberto,True
BA,2927408,Salvador,Jardim Nova Esperança,jardim nova esperanca,-12.9091302,-38.419461,brasil_aberto,True
BA,2927408,Salvador,Jardim Placaford,jardim placaford,-12.9512414,-38.371031,brasil_aberto,True
BA,2927408,Salvador,Jardim Santo Inácio,jardim santo inacio,-12.92834854,-38.45923996,brasil_aberto,True
BA,2927408,Salvador,Jardim das Margaridas,jardim das margaridas,-12.9359073,-38.3300102,brasil_aberto,True
BA,2927408,Salvador,Lapinha,lapinha,-12.9553714,-38.499149,brasil_aberto,True
BA,2927408,Salvador,Largo do Tanque (Ilha de Bom Jesus dos Passos),largo do tanque (ilha de bom jesus dos passos),-12.75949383,-38.64044571,brasil_aberto,True
BA,2927408,Salvador,Liberdade,liberdade,-12.946662,-38.4939829,brasil_aberto,True
BA,2927408,Salvador,Lobato,lobato,-12.9220268,-38.4880354,brasil_aberto,True
BA,2927408,Salvador,Luiz Anselmo,luiz anselmo,-12.97702694,-38.48670959,brasil_aberto,True
BA,2927408,Salvador,Macaúbas,macaubas,-12.96419907,-38.49468231,brasil_aberto,True
BA,2927408,Salvador,Machado,machado,-13.0079738,-38.5028825,brasil_aberto,True
BA,2927408,Salvador,Maracanã (Ilha de Maré),maracana (ilha de mare),-12.7495842,-38.52546692,brasil_aberto,True
BA,2927408,Salvador,Marechal Rondon,marechal rondon,-12.9124412,-38.4707046,brasil_aberto,True
BA,2927408,Salvador,Mares,mares,-12.94138145,-38.50371552,brasil_aberto,True
BA,2927408,Salvador,Martelo (Ilha de Maré),martelo (ilha de mare),-12.7435448,-38.5342774,brasil_aberto,True
BA,2927408,Salvador,Massaranduba,massaranduba,-12.9216015,-38.4984161,brasil_aberto,True
BA,2927408,Salvador,Mata Atlântica (Ilha de Maré),mata atlantica (ilha de mare),-12.7499723,-38.5380875,brasil_aberto,True
BA,2927408,Salvador,Mata Escura,mata escura,-12.93685627,-38.46681213,brasil_aberto,True
BA,2927408,Salvador,Matatu,matatu,-12.97527599,-38.49304962,brasil_aberto,True
BA,2927408,Salvador,Monte Serrat,monte serrat,-12.9285763,-38.5135946,brasil_aberto,True
BA,2927408,Salvador,Mussurunga,mussurunga,-12.9161292,-38.3750491,brasil_aberto,True
BA,2927408,Salvador,Mussurunga I,mussurunga i,-12.93888378,-38.40793228,brasil_aberto,True
BA,2927408,Salvador,Mussurunga II,mussurunga ii,-12.9161292,-38.3750491,brasil_aberto,True
BA,2927408,Salvador,Narandiba,narandiba,-12.9619553,-38.437845,brasil_aberto,True
BA,2927408,Salvador,Nazaré,nazare,-12.98186874,-38.50601196,brasil_aberto,True
BA,2927408,Salvador,Neves (Ilha de Maré),neves (ilha de mare),-12.7958191,-38.5225102,brasil_aberto,True
BA,2927408,Salvador,Nordeste,nordeste,-13.0098052,-38.473546,brasil_aberto,True
BA,2927408,Salvador,Nova Brasília,nova brasilia,-12.91522121,-38.41130447,brasil_aberto,True
BA,2927408,Salvador,Nova Brasília (Ilha de Bom Jesus dos Passos),nova brasilia (ilha de bom jesus dos passos),-12.76167107,-38.64060211,brasil_aberto,True
BA,2927408,Salvador,Nova Brasília de Itapuã,nova brasilia de itapua,-12.8252487,-38.4771173,brasil_aberto,True
BA,2927408,Salvador,Nova Brasília de Valéria,nova brasilia de valeria,-12.8454621,-38.4466879,brasil_aberto,True
BA,2927408,Salvador,Nova Constituinte,nova constituinte,-12.8530218,-38.4749098,brasil_aberto,True
BA,2927408,Salvador,Nova Sussuarana,nova sussuarana,-12.9350792,-38.437649,brasil_aberto,True
BA,2927408,Salvador,Novo Horizonte,novo horizonte,-12.9406414,-38.43467712,brasil_aberto,True
BA,2927408,Salvador,Novo Marotinho,novo marotinho,-12.9156332,-38.4241684,brasil_aberto,True
BA,2927408,Salvador,Ondina,ondina,-13.0058246,-38.5090548,brasil_aberto,True
BA,2927408,Salvador,Oratório (Ilha de Maré),oratorio (ilha de mare),-12.77010536,-38.51939774,brasil_aberto,True
BA,2927408,Salvador,Palestina,palestina,-12.8663622,-38.4174784,brasil_aberto,True
BA,2927408,Salvador,Paralela,paralela,-12.93203354,-38.40937042,brasil_aberto,True
BA,2927408,Salvador,Paramana (Ilha dos Frades),paramana (ilha dos frades),-12.7721739,-38.6204741,brasil_aberto,True
BA,2927408,Salvador,Paripe,paripe,-12.8380062,-38.4692031,brasil_aberto,True
BA,2927408,Salvador,Parque Bela Vista,parque bela vista,-12.99293804,-38.47626495,brasil_aberto,True
BA,2927408,Salvador,Patamares,patamares,-12.93394852,-38.40661621,brasil_aberto,True
BA,2927408,Salvador,Pau Miúdo,pau miudo,-12.9610064,-38.4803593,brasil_aberto,True
BA,2927408,Salvador,Pau da Lima,pau da lima,-12.9227779,-38.4451715,brasil_aberto,True
BA,2927408,Salvador,Pelourinho,pelourinho,-12.9739859,-38.5103773,brasil_aberto,True
BA,2927408,Salvador,Periperi,periperi,-12.8633545,-38.4736719,brasil_aberto,True
BA,2927408,Salvador,Pernambués,pernambues,-12.966782,-38.4666663,brasil_aberto,True
BA,2927408,Salvador,Pero Vaz,pero vaz,-12.95286942,-38.49060822,brasil_aberto,True
BA,2927408,Salvador,Piatã,piata,-12.9486836,-38.3744262,brasil_aberto,True
BA,2927408,Salvador,Pirajá,piraja,-12.89821815,-38.46640015,brasil_aberto,True
BA,2927408,Salvador,Pituaçu,pituacu,-12.9689045,-38.41440201,brasil_aberto,True
BA,2927408,Salvador,Pituba,pituba,-12.9914785,-38.4599013,brasil_aberto,True
BA,2927408,Salvador,Plataforma,plataforma,-12.9004393,-38.4868515,brasil_aberto,True
BA,2927408,Salvador,Politeama,politeama,-12.9869437,-38.5194084,brasil_aberto,True
BA,2927408,Salvador,Ponta de Nossa Senhora (Ilha dos Frades),ponta de nossa senhora (ilha dos frades),-12.8134606,-38.6396576,brasil_aberto,True
BA,2927408,Salvador,Pontinha (Ilha de Bom Jesus dos Passos),pontinha (ilha de bom jesus dos passos),-12.76101112,-38.63845444,brasil_aberto,True
BA,2927408,Salvador,Porto Seco Pirajá,porto seco piraja,-12.90831566,-38.45335388,brasil_aberto,True
BA,2927408,Salvador,Praia Grande,praia grande,-12.8730561,-38.475688,brasil_aberto,True
BA,2927408,Salvador,Praia Grande (Ilha de Maré),praia grande (ilha de mare),-12.78091335,-38.53016281,brasil_aberto,True
BA,2927408,Salvador,Praia do Flamengo,praia do flamengo,-12.9287294,-38.324276,brasil_aberto,True
BA,2927408,Salvador,Resgate,resgate,-12.96104527,-38.46384811,brasil_aberto,True
BA,2927408,Salvador,Ribeira,ribeira,-12.91475201,-38.49362564,brasil_aberto,True
BA,2927408,Salvador,Rio Sena,rio sena,-12.8792492,-38.478344,brasil_aberto,True
BA,2927408,Salvador,Rio Vermelho,rio vermelho,-13.010101,-38.488152,brasil_aberto,True
BA,2927408,Salvador,Roma,roma,-12.9384917,-38.5063663,brasil_aberto,True
BA,2927408,Salvador,Saboeiro,saboeiro,-12.95611763,-38.44634247,brasil_aberto,True
BA,2927408,Salvador,Santa Cruz,santa cruz,-13.0023897,-38.4775847,brasil_aberto,True
BA,2927408,Salvador,Santa Luzia,santa luzia,-12.9329965,-38.4886545,brasil_aberto,True
BA,2927408,Salvador,Santa Mônica,santa monica,-12.9494851,-38.4833797,brasil_aberto,True
BA,2927408,Salvador,Santa Teresa,santa teresa,-12.985645,-38.4665755,brasil_aberto,True
BA,2927408,Salvador,Santana (Ilha de Maré),santana (ilha de mare),-12.79157639,-38.53322601,brasil_aberto,True
BA,2927408,Salvador,Santo Antônio,santo antonio,-12.9660336,-38.5046011,brasil_aberto,True
BA,2927408,Salvador,Saramandaia,saramandaia,-12.9741514,-38.4686548,brasil_aberto,True
BA,2927408,Salvador,Saúde,saude,-12.97496605,-38.50546265,brasil_aberto,True
BA,2927408,Salvador,Sete de Abril,sete de abril,-12.9092436,-38.4282044,brasil_aberto,True
BA,2927408,Salvador,Stella Maris,stella maris,-12.9399677,-38.3322068,brasil_aberto,True
BA,2927408,Salvador,Stiep,stiep,-12.98625374,-38.44681931,brasil_aberto,True
BA,2927408,Salvador,Sussuarana,sussuarana,-12.93005085,-38.4428978,brasil_aberto,True
BA,2927408,Salvador,São Caetano,sao caetano,-12.92499447,-38.47015762,brasil_aberto,True
BA,2927408,Salvador,São Cristóvão,sao cristovao,-12.9157341,-38.3350142,brasil_aberto,True
BA,2927408,Salvador,São Gonçalo,sao goncalo,-12.94781971,-38.46790314,brasil_aberto,True
BA,2927408,Salvador,São João do Cabrito,sao joao do cabrito,-12.9000943,-38.4766666,brasil_aberto,True
BA,2927408,Salvador,São Marcos,sao marcos,-12.9265051,-38.440282,brasil_aberto,True
BA,2927408,Salvador,São Rafael,sao rafael,-12.9366815,-38.4245897,brasil_aberto,True
BA,2927408,Salvador,São Tomé,sao tome,-12.8175967,-38.4854044,brasil_aberto,True
BA,2927408,Salvador,Tancredo Neves,tancredo neves,-12.9464211,-38.4466288,brasil_aberto,True
BA,2927408,Salvador,Tororó,tororo,-12.98615551,-38.50993347,brasil_aberto,True
BA,2927408,Salvador,Trobogy,trobogy,-12.9302538,-38.4083201,brasil_aberto,True
BA,2927408,Salvador,Uruguai,uruguai,-12.9403637,-38.4991547,brasil_aberto,True
BA,2927408,Salvador,Vale das Pedrinhas,vale das pedrinhas,-13.0083485,-38.4823472,brasil_aberto,True
BA,2927408,Salvador,Vale dos Lagos,vale dos lagos,-12.9332864,-38.4221613,brasil_aberto,True
BA,2927408,Salvador,Valéria,valeria,-12.8709296,-38.433241,brasil_aberto,True
BA,2927408,Salvador,Vila 2 de Julho,vila 2 de julho,-12.92632198,-38.40890121,brasil_aberto,True
BA,2927408,Salvador,Vila Canária,vila canaria,-12.91866684,-38.40789413,brasil_aberto,True
BA,2927408,Salvador,Vila Laura,vila laura,-12.97309399,-38.48591995,brasil_aberto,True
BA,2927408,Salvador,Vila Ruy Barbosa,vila ruy barbosa,-12.9316013,-38.4994948,brasil_aberto,True
BA,2927408,Salvador,Vista Alegre,vista alegre,-12.852824,-38.4613951,brasil_aberto,True
BA,2927408,Salvador,Vitória,vitoria,-12.99595165,-38.52676392,brasil_aberto,True
BA,2927408,Salvador,Água de Meninos,agua de meninos,-12.9598536,-38.5027304,brasil_aberto,True
BA,2927408,Salvador,Águas Claras,aguas claras,-12.8868039,-38.4357586,brasil_aberto,True
BA,2927606,Santa Brígida,Centro,centro,-9.73689651,-38.12892914,brasil_aberto,True
BA,2927507,Santa Bárbara,São Nicolau,sao nicolau,-11.8356785,-39.0640887,brasil_aberto,True
BA,2927507,Santa Bárbara,Sítio das Flores,sitio das flores,-11.8423405,-38.9396866,brasil_aberto,True
BA,2927705,Santa Cruz Cabrália,Centro,centro,-16.28180504,-39.02296066,brasil_aberto,True
BA,2927804,Santa Cruz da Vitória,Centro,centro,-14.96003151,-39.81013489,brasil_aberto,True
BA,2927903,Santa Inês,Centro,centro,-3.6584941,-45.3833984,brasil_aberto,True
BA,2928109,Santa Maria da Vitória,Açudina,acudina,-13.19796467,-44.15250015,brasil_aberto,True
BA,2928109,Santa Maria da Vitória,Centro,centro,-13.3908108,-44.2033873,brasil_aberto,True
BA,2928109,Santa Maria da Vitória,Inhaúmas,inhaumas,-13.0453262,-44.6225518,brasil_aberto,True
BA,2928406,Santa Rita de Cássia,Centro,centro,-11.0115212,-44.5172649,brasil_aberto,True
BA,2928406,Santa Rita de Cássia,Itiquira,itiquira,-10.7678285,-44.3481802,brasil_aberto,True
BA,2928406,Santa Rita de Cássia,Malhada Grande,malhada grande,-10.8217357,-44.2910496,brasil_aberto,True
BA,2928406,Santa Rita de Cássia,Monte Alegre,monte alegre,-11.3381392,-44.9408379,brasil_aberto,True
BA,2928406,Santa Rita de Cássia,Peixe de Dentro,peixe de dentro,-10.907799,-44.837076,brasil_aberto,True
BA,2928505,Santa Terezinha,Centro,centro,-14.0583348,-52.1580553,brasil_aberto,True
BA,2928000,Santaluz,Centro,centro,-11.25673008,-39.37501144,brasil_aberto,True
BA,2928000,Santaluz,Pereira,pereira,-11.2127174,-39.241755,brasil_aberto,True
BA,2928208,Santana,Centro,centro,-12.2565682,-38.9648737,brasil_aberto,True
BA,2928208,Santana,Porto Novo,porto novo,-13.29097271,-43.90771484,brasil_aberto,True
BA,2928307,Santanópolis,Boa Espera,boa espera,-11.9039467,-38.8610298,brasil_aberto,True
BA,2928307,Santanópolis,Centro,centro,-12.02547836,-38.86812592,brasil_aberto,True
BA,2928604,Santo Amaro,Acupe,acupe,-12.66166592,-38.75230026,brasil_aberto,True
BA,2928604,Santo Amaro,Campinhos,campinhos,-14.87687969,-40.90818405,brasil_aberto,True
BA,2928604,Santo Amaro,Candolândia,candolandia,-12.54722691,-38.70473862,brasil_aberto,True
BA,2928604,Santo Amaro,Centro,centro,-12.55017471,-38.70849228,brasil_aberto,True
BA,2928604,Santo Amaro,Pedras,pedras,-12.5464232,-38.7109476,brasil_aberto,True
BA,2928703,Santo Antônio de Jesus,Alto do Morro,alto do morro,-12.9698964,-39.2616711,brasil_aberto,True
BA,2928703,Santo Antônio de Jesus,Amparo,amparo,-12.9774928,-39.2813481,brasil_aberto,True
BA,2928703,Santo Antônio de Jesus,Andaia,andaia,-12.9643569,-39.2666656,brasil_aberto,True
BA,2928703,Santo Antônio de Jesus,Avenida,avenida,-12.9698964,-39.2616711,brasil_aberto,True
BA,2928703,Santo Antônio de Jesus,Baixa Alegre,baixa alegre,-12.9698964,-39.2616711,brasil_aberto,True
BA,2928703,Santo Antônio de Jesus,Baixa de Areia,baixa de areia,-12.9161713,-39.2580642,brasil_aberto,True
BA,2928703,Santo Antônio de Jesus,Baixa do Morro,baixa do morro,-12.9698964,-39.2616711,brasil_aberto,True
BA,2928703,Santo Antônio de Jesus,Barro Vermelho,barro vermelho,-12.9825179,-39.2892279,brasil_aberto,True
BA,2928703,Santo Antônio de Jesus,Benfica,benfica,-12.9698964,-39.2616711,brasil_aberto,True
BA,2928703,Santo Antônio de Jesus,Boa Vista,boa vista,-12.9698964,-39.2616711,brasil_aberto,True
BA,2928703,Santo Antônio de Jesus,Bom Conselho,bom conselho,-12.9698964,-39.2616711,brasil_aberto,True
BA,2928703,Santo Antônio de Jesus,Bom Jardim,bom jardim,-12.9857006,-39.2598343,brasil_aberto,True
BA,2928703,Santo Antônio de Jesus,Bomfim,bomfim,-10.46144009,-40.18677139,brasil_aberto,True
BA,2928703,Santo Antônio de Jesus,Cacimba,cacimba,-9.52967453,-41.44197464,brasil_aberto,True
BA,2928703,Santo Antônio de Jesus,Cajueiro,cajueiro,-12.96969795,-39.25790405,brasil_aberto,True
BA,2928703,Santo Antônio de Jesus,Calabar,calabar,-12.966696,-39.2552548,brasil_aberto,True
BA,2928703,Santo Antônio de Jesus,Campo do Governo,campo do governo,-12.9698964,-39.2616711,brasil_aberto,True
BA,2928703,Santo Antônio de Jesus,Canta Galo,canta galo,-12.94330692,-38.50350952,brasil_aberto,True
BA,2928703,Santo Antônio de Jesus,Capela de São João,capela de sao joao,-12.9698964,-39.2616711,brasil_aberto,True
BA,2928703,Santo Antônio de Jesus,Casaca de Ferro,casaca de ferro,-12.9577663,-39.1983888,brasil_aberto,True
BA,2928703,Santo Antônio de Jesus,Casco,casco,-12.9787723,-39.2838708,brasil_aberto,True
BA,2928703,Santo Antônio de Jesus,Cavaco,cavaco,-12.9698964,-39.2616711,brasil_aberto,True
BA,2928703,Santo Antônio de Jesus,Centro,centro,-12.9625496,-39.2665587,brasil_aberto,True
BA,2928703,Santo Antônio de Jesus,Cocão,cocao,-12.64703083,-39.06905365,brasil_aberto,True
BA,2928703,Santo Antônio de Jesus,Comum do Rio da Dona,comum do rio da dona,-12.9698964,-39.2616711,brasil_aberto,True
BA,2928703,Santo Antônio de Jesus,Cruzeiro do Riachão,cruzeiro do riachao,-13.0231548,-39.194491,brasil_aberto,True
BA,2928703,Santo Antônio de Jesus,Cunha,cunha,-10.50792313,-39.01486588,brasil_aberto,True
BA,2928703,Santo Antônio de Jesus,Distrito Industrial,distrito industrial,-12.9601248,-39.261323,brasil_aberto,True
BA,2928703,Santo Antônio de Jesus,Ernesto Melo,ernesto melo,-12.96647835,-39.27095795,brasil_aberto,True
BA,2928703,Santo Antônio de Jesus,Espinheiro,espinheiro,-12.9698964,-39.2616711,brasil_aberto,True
BA,2928703,Santo Antônio de Jesus,Fátima,fatima,-10.59606457,-38.21038818,brasil_aberto,True
BA,2928703,Santo Antônio de Jesus,Gamelo,gamelo,-12.9698964,-39.2616711,brasil_aberto,True
BA,2928703,Santo Antônio de Jesus,Ilha,ilha,-12.9698964,-39.2616711,brasil_aberto,True
BA,2928703,Santo Antônio de Jesus,Irmã Dulce,irma dulce,-12.9647766,-39.2455412,brasil_aberto,True
BA,2928703,Santo Antônio de Jesus,Joeirana,joeirana,-12.963619,-39.2360102,brasil_aberto,True
BA,2928703,Santo Antônio de Jesus,Maria Preta,maria preta,-12.98005104,-39.26356506,brasil_aberto,True
BA,2928703,Santo Antônio de Jesus,Mavida,mavida,-12.9698964,-39.2616711,brasil_aberto,True
BA,2928703,Santo Antônio de Jesus,Mina do Calaba,mina do calaba,-12.9684063,-39.2524481,brasil_aberto,True
BA,2928703,Santo Antônio de Jesus,Mina do Sape,mina do sape,-12.9698964,-39.2616711,brasil_aberto,True
BA,2928703,Santo Antônio de Jesus,Nossa Senhora das Graças,nossa senhora das gracas,-12.9692516,-39.2497683,brasil_aberto,True
BA,2928703,Santo Antônio de Jesus,Onha,onha,-13.01223183,-39.06594086,brasil_aberto,True
BA,2928703,Santo Antônio de Jesus,Patioba,patioba,-14.83227539,-39.63874817,brasil_aberto,True
BA,2928703,Santo Antônio de Jesus,Pedra Branca,pedra branca,-8.56900215,-39.45489883,brasil_aberto,True
BA,2928703,Santo Antônio de Jesus,Praia do Dendê,praia do dende,-12.96279335,-39.25481796,brasil_aberto,True
BA,2928703,Santo Antônio de Jesus,Quitandinha,quitandinha,-12.9625496,-39.2665587,brasil_aberto,True
BA,2928703,Santo Antônio de Jesus,Renato Machado,renato machado,-12.98063183,-39.28653336,brasil_aberto,True
BA,2928703,Santo Antônio de Jesus,Riacho Dantas,riacho dantas,-12.9698964,-39.2616711,brasil_aberto,True
BA,2928703,Santo Antônio de Jesus,Riacho das Pedras,riacho das pedras,-13.84958076,-40.88109589,brasil_aberto,True
BA,2928703,Santo Antônio de Jesus,Riachão,riachao,-11.80952263,-39.38295746,brasil_aberto,True
BA,2928703,Santo Antônio de Jesus,Salgadeira,salgadeira,-12.9715825,-39.2537722,brasil_aberto,True
BA,2928703,Santo Antônio de Jesus,Salto da Onça,salto da onca,-12.9698964,-39.2616711,brasil_aberto,True
BA,2928703,Santo Antônio de Jesus,Santa Madalena,santa madalena,-19.7449379,-40.37586594,brasil_aberto,True
BA,2928703,Santo Antônio de Jesus,Santa Rita,santa rita,-12.97592449,-39.26330185,brasil_aberto,True
BA,2928703,Santo Antônio de Jesus,Santa Terezinha,santa terezinha,-12.96361923,-39.23601151,brasil_aberto,True
BA,2928703,Santo Antônio de Jesus,Santo Antônio de Jesus,santo antonio de jesus,-13.0147318,-39.2302015,brasil_aberto,True
BA,2928703,Santo Antônio de Jesus,Sape,sape,-12.9698964,-39.2616711,brasil_aberto,True
BA,2928703,Santo Antônio de Jesus,Sapucaia,sapucaia,-12.9698964,-39.2616711,brasil_aberto,True
BA,2928703,Santo Antônio de Jesus,Sirinhaem,sirinhaem,-13.84371281,-39.00743103,brasil_aberto,True
BA,2928703,Santo Antônio de Jesus,Sobradinho,sobradinho,-12.97208023,-39.2658577,brasil_aberto,True
BA,2928703,Santo Antônio de Jesus,São Benedito,sao benedito,-12.9585995,-39.2530409,brasil_aberto,True
BA,2928703,Santo Antônio de Jesus,São Cristóvão,sao cristovao,-12.9628328,-39.2604055,brasil_aberto,True
BA,2928703,Santo Antônio de Jesus,São Paulo,sao paulo,-12.9647766,-39.2455412,brasil_aberto,True
BA,2928703,Santo Antônio de Jesus,Tabocal I,tabocal i,-12.9698964,-39.2616711,brasil_aberto,True
BA,2928703,Santo Antônio de Jesus,Tabocal II,tabocal ii,-12.9698964,-39.2616711,brasil_aberto,True
BA,2928703,Santo Antônio de Jesus,Tabuleiro do Rio da Dona,tabuleiro do rio da dona,-12.93369484,-39.29751587,brasil_aberto,True
BA,2928703,Santo Antônio de Jesus,Taitinga,taitinga,-13.00018311,-39.10741425,brasil_aberto,True
BA,2928703,Santo Antônio de Jesus,Terra Seca,terra seca,-12.9698964,-39.2616711,brasil_aberto,True
BA,2928703,Santo Antônio de Jesus,Timbo,timbo,-12.9698964,-39.2616711,brasil_aberto,True
BA,2928703,Santo Antônio de Jesus,Vila Bonfim,vila bonfim,-10.46144009,-40.18677139,brasil_aberto,True
BA,2928703,Santo Antônio de Jesus,Água Comprida,agua comprida,-12.9698964,-39.2616711,brasil_aberto,True
BA,2928703,Santo Antônio de Jesus,Área Rural de Santo Antônio de Jesus,area rural de santo antonio de jesus,-12.9698964,-39.2616711,brasil_aberto,True
BA,2928802,Santo Estêvão,Centro,centro,-12.4300841,-39.2521686,brasil_aberto,True
BA,2929602,Sapeaçu,Baixa do Palmeira,baixa do palmeira,-12.736516,-39.21258545,brasil_aberto,True
BA,2929602,Sapeaçu,Centro,centro,-12.72898006,-39.18637085,brasil_aberto,True
BA,2929750,Saubara,Bom Jesus dos Pobres,bom jesus dos pobres,-12.8254536,-38.8101306,brasil_aberto,True
BA,2929750,Saubara,Cabuçu,cabucu,-12.77930927,-38.77107239,brasil_aberto,True
BA,2929750,Saubara,Centro,centro,-12.7385788,-38.75860214,brasil_aberto,True
BA,2929800,Saúde,Centro,centro,-12.85516453,-38.46409988,brasil_aberto,True
BA,2929909,Seabra,Baraúnas,baraunas,-12.6400424,-41.8031071,brasil_aberto,True
BA,2929909,Seabra,Centro,centro,-12.4171266,-41.7706405,brasil_aberto,True
BA,2929909,Seabra,Lagoa da Boa Vista,lagoa da boa vista,-12.2768644,-41.7986643,brasil_aberto,True
BA,2929909,Seabra,Olhos D'Água Antonio Francisco,olhos d'agua antonio francisco,,,brasil_aberto,True
BA,2929909,Seabra,Velame,velame,-12.5654167,-41.8187152,brasil_aberto,True
BA,2929909,Seabra,Várzea do Caldas,varzea do caldas,-12.5114101,-41.7289591,brasil_aberto,True
BA,2930006,Sebastião Laranjeiras,Centro,centro,-14.57354546,-42.94081116,brasil_aberto,True
BA,2930006,Sebastião Laranjeiras,Mandiroba,mandiroba,-14.48862648,-43.03687668,brasil_aberto,True
BA,2930105,Senhor do Bonfim,Carrapichel,carrapichel,-10.39824677,-40.17241287,brasil_aberto,True
BA,2930105,Senhor do Bonfim,Centro,centro,-11.5657568,-39.28287506,brasil_aberto,True
BA,2930105,Senhor do Bonfim,Igará,igara,-10.40209961,-40.1085434,brasil_aberto,True
BA,2930105,Senhor do Bonfim,Passagem Velha,passagem velha,-10.5081127,-40.159669,brasil_aberto,True
BA,2930105,Senhor do Bonfim,Sahy,sahy,-10.5227048,-40.2308581,brasil_aberto,True
BA,2930105,Senhor do Bonfim,Tijuaçú,tijuacu,-10.62363625,-40.13344574,brasil_aberto,True
BA,2930204,Sento Sé,Amaniú,amaniu,-10.3230629,-41.83281708,brasil_aberto,True
BA,2930204,Sento Sé,Américo Alves,americo alves,-9.8597401,-41.7134061,brasil_aberto,True
BA,2930204,Sento Sé,Cajuí,cajui,-10.0425199,-42.2090919,brasil_aberto,True
BA,2930204,Sento Sé,Centro,centro,-9.74113464,-41.88014221,brasil_aberto,True
BA,2930204,Sento Sé,Minas do Mimoso,minas do mimoso,-10.27759552,-41.41191483,brasil_aberto,True
BA,2930204,Sento Sé,Piri,piri,-9.77611828,-41.41994095,brasil_aberto,True
BA,2930204,Sento Sé,Piçarrão,picarrao,-9.690406,-41.137055,brasil_aberto,True
BA,2930303,Serra Dourada,Centro,centro,-12.5468986,-55.7441294,brasil_aberto,True
BA,2930402,Serra Preta,Centro,centro,-12.1603726,-39.3323742,brasil_aberto,True
BA,2930402,Serra Preta,Ponto Serra Preta,ponto serra preta,-12.135131,-39.334799,brasil_aberto,True
BA,2930154,Serra do Ramalho,Agrovila 1,agrovila 1,-13.409964,-43.612903,brasil_aberto,True
BA,2930154,Serra do Ramalho,Agrovila 10,agrovila 10,-13.5322432,-43.6416947,brasil_aberto,True
BA,2930154,Serra do Ramalho,Agrovila 11,agrovila 11,-13.5873438,-43.6503098,brasil_aberto,True
BA,2930154,Serra do Ramalho,Agrovila 12,agrovila 12,-13.5718342,-43.71083,brasil_aberto,True
BA,2930154,Serra do Ramalho,Agrovila 13,agrovila 13,-13.6474548,-43.7249167,brasil_aberto,True
BA,2930154,Serra do Ramalho,Agrovila 14,agrovila 14,-13.699333,-43.7357354,brasil_aberto,True
BA,2930154,Serra do Ramalho,Agrovila 2,agrovila 2,-13.3453884,-43.5975781,brasil_aberto,True
BA,2930154,Serra do Ramalho,Agrovila 3,agrovila 3,-13.3727676,-43.5312837,brasil_aberto,True
BA,2930154,Serra do Ramalho,Agrovila 4,agrovila 4,-13.3817185,-43.6916721,brasil_aberto,True
BA,2930154,Serra do Ramalho,Agrovila 5,agrovila 5,-13.409964,-43.612903,brasil_aberto,True
BA,2930154,Serra do Ramalho,Agrovila 6,agrovila 6,-13.5992601,-43.5383268,brasil_aberto,True
BA,2930154,Serra do Ramalho,Agrovila 7,agrovila 7,-13.409964,-43.612903,brasil_aberto,True
BA,2930154,Serra do Ramalho,Agrovila 8,agrovila 8,-13.3453884,-43.5975781,brasil_aberto,True
BA,2930154,Serra do Ramalho,Centro,centro,-13.5391005,-43.5772249,brasil_aberto,True
BA,2930501,Serrinha,Centro,centro,-11.65953541,-39.00765991,brasil_aberto,True
BA,2930600,Serrolândia,Centro,centro,-14.22299385,-42.77894974,brasil_aberto,True
BA,2930709,Simões Filho,CIA I,cia i,-12.8287101,-38.3848413,brasil_aberto,True
BA,2930709,Simões Filho,Centro,centro,-12.7907141,-38.3980069,brasil_aberto,True
BA,2930709,Simões Filho,Palmares,palmares,,,brasil_aberto,True
BA,2930774,Sobradinho,Centro,centro,-9.4710598,-40.80226898,brasil_aberto,True
BA,2930808,Souto Soares,Centro,centro,,,brasil_aberto,True
BA,2930808,Souto Soares,Segredo,segredo,,,brasil_aberto,True
BA,2929701,Sátiro Dias,Bela Vista,bela vista,-11.6044537,-38.5817842,brasil_aberto,True
BA,2929701,Sátiro Dias,Centro,centro,-11.60355759,-38.58169937,brasil_aberto,True
BA,2929701,Sátiro Dias,Mimoso,mimoso,-11.6577005,-38.4870389,brasil_aberto,True
BA,2928901,São Desidério,Centro,centro,,,brasil_aberto,True
BA,2928901,São Desidério,Roda Velha,roda velha,-12.78245544,-45.95193863,brasil_aberto,True
BA,2928901,São Desidério,Sítio Grande,sitio grande,-12.43057537,-45.08451462,brasil_aberto,True
BA,2928950,São Domingos,Centro,centro,-11.46244431,-39.52955246,brasil_aberto,True
BA,2929107,São Felipe,Caraípe,caraipe,-12.75362396,-39.08749008,brasil_aberto,True
BA,2929107,São Felipe,Centro,centro,-12.84601402,-39.09038162,brasil_aberto,True
BA,2929206,São Francisco do Conde,Centro,centro,-12.6272035,-38.6778852,brasil_aberto,True
BA,2929206,São Francisco do Conde,Mataripe,mataripe,-12.7061719,-38.5849228,brasil_aberto,True
BA,2929206,São Francisco do Conde,Monte Recôncavo,monte reconcavo,-12.64074326,-38.62009048,brasil_aberto,True
BA,2929008,São Félix,Centro,centro,-12.25514889,-38.9641037,brasil_aberto,True
BA,2929008,São Félix,Outeiro Redondo,outeiro redondo,-12.6742382,-39.02090073,brasil_aberto,True
BA,2929057,São Félix do Coribe,Centro,centro,,,brasil_aberto,True
BA,2929255,São Gabriel,Centro,centro,-30.3377065,-54.3197588,brasil_aberto,True
BA,2929255,São Gabriel,Gameleira do Jacaré,gameleira do jacare,-11.06818008,-41.69236755,brasil_aberto,True
BA,2929305,São Gonçalo dos Campos,Afligidos,afligidos,-12.49233818,-38.85884857,brasil_aberto,True
BA,2929305,São Gonçalo dos Campos,Centro,centro,-12.43694687,-38.95148849,brasil_aberto,True
BA,2929305,São Gonçalo dos Campos,Sergi,sergi,-12.4052396,-38.87906170000001,brasil_aberto,True
BA,2929354,São José da Vitória,Centro,centro,-15.08315372,-39.33768463,brasil_aberto,True
BA,2929370,São José do Jacuípe,Centro,centro,-11.503769,-40.0232762,brasil_aberto,True
BA,2929370,São José do Jacuípe,Itatiaia do Alto Bonito,itatiaia do alto bonito,-11.4259641,-39.8860591,brasil_aberto,True
BA,2929404,São Miguel das Matas,Centro,centro,-12.25709152,-38.95414734,brasil_aberto,True
BA,2929503,São Sebastião do Passé,Centro,centro,-12.5208196,-38.4852617,brasil_aberto,True
BA,2929503,São Sebastião do Passé,Cinco Rios,cinco rios,-12.4403134,-38.5247483,brasil_aberto,True
BA,2929503,São Sebastião do Passé,Jacuípe,jacuipe,-12.5127094,-38.4908644,brasil_aberto,True
BA,2929503,São Sebastião do Passé,Lamarão do Passe,lamarao do passe,-12.58981895,-38.39761734,brasil_aberto,True
BA,2930758,Sítio do Mato,Centro,centro,-12.96791363,-39.26070404,brasil_aberto,True
BA,2930758,Sítio do Mato,Gameleira da Lapa,gameleira da lapa,-12.86667728,-43.38132477,brasil_aberto,True
BA,2930766,Sítio do Quinto,Centro,centro,-10.3654213,-38.2017074,brasil_aberto,True
BA,2930766,Sítio do Quinto,Rasinho,rasinho,,,brasil_aberto,True
BA,2930766,Sítio do Quinto,Tingui,tingui,,,brasil_aberto,True
BA,2930907,Tabocas do Brejo Velho,Centro,centro,,,brasil_aberto,True
BA,2930907,Tabocas do Brejo Velho,Mariquita,mariquita,-12.40518284,-44.2374649,brasil_aberto,True
BA,2931004,Tanhaçu,Centro,centro,-14.0223301,-41.2447549,brasil_aberto,True
BA,2931004,Tanhaçu,Sussuarana,sussuarana,-12.93158054,-38.44435883,brasil_aberto,True
BA,2931053,Tanque Novo,Centro,centro,,,brasil_aberto,True
BA,2931103,Tanquinho,Centro,centro,-11.97683239,-39.10578918,brasil_aberto,True
BA,2931202,Taperoá,Camurugi,camurugi,-13.48319817,-39.09112167,brasil_aberto,True
BA,2931202,Taperoá,Centro,centro,-7.210861100000001,-36.8244027,brasil_aberto,True
BA,2931301,Tapiramutá,Centro,centro,,,brasil_aberto,True
BA,2931301,Tapiramutá,Volta Grande,volta grande,-11.89291573,-40.88185501,brasil_aberto,True
BA,2931350,Teixeira de Freitas,Alto do Tancredo,alto do tancredo,-17.5503189,-39.7546768,brasil_aberto,True
BA,2931350,Teixeira de Freitas,Arco Verde,arco verde,-17.54921913,-39.75196075,brasil_aberto,True
BA,2931350,Teixeira de Freitas,Arutef,arutef,-17.5517717,-39.7595601,brasil_aberto,True
BA,2931350,Teixeira de Freitas,Bela Vista,bela vista,-17.54325104,-39.7349472,brasil_aberto,True
BA,2931350,Teixeira de Freitas,Bom Jesus,bom jesus,-17.5296227,-39.7420662,brasil_aberto,True
BA,2931350,Teixeira de Freitas,Bonadiman,bonadiman,-17.55633163,-39.72975159,brasil_aberto,True
BA,2931350,Teixeira de Freitas,Cachoeira do Mato,cachoeira do mato,-17.3114871,-39.9716507,brasil_aberto,True
BA,2931350,Teixeira de Freitas,Caminho do Mar,caminho do mar,-17.52530479,-39.70353317,brasil_aberto,True
BA,2931350,Teixeira de Freitas,Caminho do Mar II,caminho do mar ii,-17.53395271,-39.69756699,brasil_aberto,True
BA,2931350,Teixeira de Freitas,Castelinho,castelinho,-17.53801537,-39.7081871,brasil_aberto,True
BA,2931350,Teixeira de Freitas,Centro,centro,-16.3790493,-39.5867157,brasil_aberto,True
BA,2931350,Teixeira de Freitas,Colina Verde,colina verde,-17.52195358,-39.73888016,brasil_aberto,True
BA,2931350,Teixeira de Freitas,Eixo Sul,eixo sul,-17.55641365,-39.7432251,brasil_aberto,True
BA,2931350,Teixeira de Freitas,Estância Biquine,estancia biquine,-17.53141403,-39.71637726,brasil_aberto,True
BA,2931350,Teixeira de Freitas,Irmã Dulce,irma dulce,-17.5334313,-39.708977,brasil_aberto,True
BA,2931350,Teixeira de Freitas,Jardim Beira Rio,jardim beira rio,-17.53945,-39.7399687,brasil_aberto,True
BA,2931350,Teixeira de Freitas,Jardim Caraípe,jardim caraipe,-17.55073547,-39.74266052,brasil_aberto,True
BA,2931350,Teixeira de Freitas,Jardim Europa,jardim europa,-17.53339005,-39.73820114,brasil_aberto,True
BA,2931350,Teixeira de Freitas,Jardim Liberdade,jardim liberdade,-17.53141403,-39.71637726,brasil_aberto,True
BA,2931350,Teixeira de Freitas,Jardim Planalto,jardim planalto,-17.55278015,-39.72882843,brasil_aberto,True
BA,2931350,Teixeira de Freitas,Jerusalém,jerusalem,-17.545702,-39.7146103,brasil_aberto,True
BA,2931350,Teixeira de Freitas,Kaikan,kaikan,-17.55261421,-39.74588776,brasil_aberto,True
BA,2931350,Teixeira de Freitas,Kaikan Sul,kaikan sul,-17.551194,-39.742692,brasil_aberto,True
BA,2931350,Teixeira de Freitas,Liberdade I,liberdade i,-17.54921913,-39.75196075,brasil_aberto,True
BA,2931350,Teixeira de Freitas,Liberdade II,liberdade ii,-17.552614,-39.7458876,brasil_aberto,True
BA,2931350,Teixeira de Freitas,Luís Eduardo Magalhães,luis eduardo magalhaes,-17.5400307,-39.7421813,brasil_aberto,True
BA,2931350,Teixeira de Freitas,Mirante do Rio,mirante do rio,-17.54003143,-39.74217987,brasil_aberto,True
BA,2931350,Teixeira de Freitas,Monte Castelo,monte castelo,-17.5399787,-39.7247728,brasil_aberto,True
BA,2931350,Teixeira de Freitas,Nanuque,nanuque,-17.841972,-40.3455874,brasil_aberto,True
BA,2931350,Teixeira de Freitas,Nova América,nova america,-17.5264542,-39.6968648,brasil_aberto,True
BA,2931350,Teixeira de Freitas,Nova Canaã,nova canaa,-17.53141403,-39.71637726,brasil_aberto,True
BA,2931350,Teixeira de Freitas,Nova Jerusalém,nova jerusalem,-17.55225754,-39.71625137,brasil_aberto,True
BA,2931350,Teixeira de Freitas,Nova Teixeira,nova teixeira,-17.53141403,-39.71637726,brasil_aberto,True
BA,2931350,Teixeira de Freitas,Novo Horizonte,novo horizonte,-17.5369178,-39.7357868,brasil_aberto,True
BA,2931350,Teixeira de Freitas,Ouro Verde,ouro verde,-17.5291617,-39.7566183,brasil_aberto,True
BA,2931350,Teixeira de Freitas,Portal Sul,portal sul,-17.5599309,-39.7360292,brasil_aberto,True
BA,2931350,Teixeira de Freitas,Pólo Industrial,polo industrial,-17.5377214,-39.7142245,brasil_aberto,True
BA,2931350,Teixeira de Freitas,Recanto do Lago,recanto do lago,-17.5313127,-39.7327018,brasil_aberto,True
BA,2931350,Teixeira de Freitas,Redenção,redencao,-17.5350579,-39.7539383,brasil_aberto,True
BA,2931350,Teixeira de Freitas,Residencial Terras da Bahia,residencial terras da bahia,-17.52062416,-39.78896332,brasil_aberto,True
BA,2931350,Teixeira de Freitas,Residencial dos Pioneiros,residencial dos pioneiros,-17.53028488,-39.75378418,brasil_aberto,True
BA,2931350,Teixeira de Freitas,Santa Rita,santa rita,-17.53101921,-39.74915695,brasil_aberto,True
BA,2931350,Teixeira de Freitas,Santa Rosa de Lima,santa rosa de lima,-17.54479027,-39.73731613,brasil_aberto,True
BA,2931350,Teixeira de Freitas,Santo Antônio,santo antonio,-12.96985054,-39.26173782,brasil_aberto,True
BA,2931350,Teixeira de Freitas,Setor Bahia Sul,setor bahia sul,-17.5335699,-39.7184307,brasil_aberto,True
BA,2931350,Teixeira de Freitas,São José,sao jose,-12.97871113,-39.25183487,brasil_aberto,True
BA,2931350,Teixeira de Freitas,São Lourenço,sao lourenco,-17.546535,-39.7458242,brasil_aberto,True
BA,2931350,Teixeira de Freitas,Tancredo Neves,tancredo neves,-17.5457179,-39.7554801,brasil_aberto,True
BA,2931350,Teixeira de Freitas,Teixeirinha,teixeirinha,-17.5276719,-39.7375593,brasil_aberto,True
BA,2931350,Teixeira de Freitas,Ulisses Guimarães,ulisses guimaraes,-17.5339241,-39.77106857,brasil_aberto,True
BA,2931350,Teixeira de Freitas,Universitário,universitario,-17.552614,-39.7458876,brasil_aberto,True
BA,2931350,Teixeira de Freitas,Urbis I,urbis i,-17.550885,-39.7404806,brasil_aberto,True
BA,2931350,Teixeira de Freitas,Urbis II,urbis ii,-17.550885,-39.7404806,brasil_aberto,True
BA,2931350,Teixeira de Freitas,Urbis III,urbis iii,-17.550885,-39.7404806,brasil_aberto,True
BA,2931350,Teixeira de Freitas,Vila Caraípe,vila caraipe,-17.54575729,-39.7322464,brasil_aberto,True
BA,2931350,Teixeira de Freitas,Vila Feliz,vila feliz,-17.519167,-39.69492,brasil_aberto,True
BA,2931350,Teixeira de Freitas,Vila Vargas,vila vargas,-17.538358,-39.7496808,brasil_aberto,True
BA,2931350,Teixeira de Freitas,Vila Verde,vila verde,-17.55375099,-39.72883224,brasil_aberto,True
BA,2931350,Teixeira de Freitas,Wilson Guimarães Soares,wilson guimaraes soares,-17.5400307,-39.7421813,brasil_aberto,True
BA,2931350,Teixeira de Freitas,Área Rural de Teixeira de Freitas,area rural de teixeira de freitas,-17.5400307,-39.7421813,brasil_aberto,True
BA,2931400,Teodoro Sampaio,Buracica,buracica,-12.2752249,-38.53049780000001,brasil_aberto,True
BA,2931400,Teodoro Sampaio,Lustosa,lustosa,-12.242839,-38.6320086,brasil_aberto,True
BA,2931509,Teofilândia,Canto,canto,,,brasil_aberto,True
BA,2931509,Teofilândia,Centro,centro,-11.49081707,-39.00022507,brasil_aberto,True
BA,2931509,Teofilândia,Setor,setor,,,brasil_aberto,True
BA,2931608,Teolândia,Centro,centro,-13.6048147,-39.490311,brasil_aberto,True
BA,2931707,Terra Nova,Centro,centro,-13.85880661,-40.07553482,brasil_aberto,True
BA,2931707,Terra Nova,Jacu,jacu,-12.3302281,-38.6071902,brasil_aberto,True
BA,2931707,Terra Nova,Rio Fundo,rio fundo,-12.45415115,-38.61471176,brasil_aberto,True
BA,2931806,Tremedal,Centro,centro,-14.97549343,-41.41009903,brasil_aberto,True
BA,2931806,Tremedal,Lagoa Preta,lagoa preta,-15.1851759,-41.61026382,brasil_aberto,True
BA,2931905,Tucano,Caldas do Jorro,caldas do jorro,-10.9620193,-38.7915298,brasil_aberto,True
BA,2931905,Tucano,Centro,centro,-12.98564434,-38.46657181,brasil_aberto,True
BA,2931905,Tucano,Greguenhem,greguenhem,,,brasil_aberto,True
BA,2931905,Tucano,Rua Nova,rua nova,,,brasil_aberto,True
BA,2931905,Tucano,Tracupa,tracupa,-11.1174043,-38.8290429,brasil_aberto,True
BA,2932002,Uauá,Caldeirão,caldeirao,-11.02079678,-40.30451965,brasil_aberto,True
BA,2932002,Uauá,Caldeirão do Almeida,caldeirao do almeida,,,brasil_aberto,True
BA,2932002,Uauá,Centro,centro,-9.842081199999999,-39.4892213,brasil_aberto,True
BA,2932002,Uauá,Serra da Canabrava,serra da canabrava,-9.75554466,-39.63563156,brasil_aberto,True
BA,2932200,Ubaitaba,Centro,centro,-14.313176,-39.3253394,brasil_aberto,True
BA,2932200,Ubaitaba,Faisqueira,faisqueira,,,brasil_aberto,True
BA,2932200,Ubaitaba,Pirauna,pirauna,-14.29127502,-39.41835022,brasil_aberto,True
BA,2932309,Ubatã,Centro,centro,-14.21327877,-39.5234108,brasil_aberto,True
BA,2932101,Ubaíra,Alto da Lagoinha,alto da lagoinha,-13.1143524,-39.5995468,brasil_aberto,True
BA,2932101,Ubaíra,Baixinha,baixinha,-13.1143571,-39.5991066,brasil_aberto,True
BA,2932101,Ubaíra,Centro,centro,-13.2681466,-39.6605539,brasil_aberto,True
BA,2932101,Ubaíra,Engenheiro França,engenheiro franca,-13.24148846,-39.75527954,brasil_aberto,True
BA,2932101,Ubaíra,Jacubá,jacuba,,,brasil_aberto,True
BA,2932101,Ubaíra,Três Braços,tres bracos,,,brasil_aberto,True
BA,2932408,Uibaí,Boca D'Água,boca d'agua,,,brasil_aberto,True
BA,2932408,Uibaí,Centro,centro,-11.3348553,-42.1310211,brasil_aberto,True
BA,2932408,Uibaí,Hidrolândia,hidrolandia,-11.2600958,-42.1566787,brasil_aberto,True
BA,2932457,Umburanas,Centro,centro,-10.7317609,-41.3253885,brasil_aberto,True
BA,2932507,Una,Centro,centro,-15.29385185,-39.0738678,brasil_aberto,True
BA,2932507,Una,Colônia,colonia,,,brasil_aberto,True
BA,2932507,Una,Comandatuba,comandatuba,,,brasil_aberto,True
BA,2932507,Una,Pedras de Una,pedras de una,,,brasil_aberto,True
BA,2932606,Urandi,Centro,centro,-14.7673765,-42.65884090000001,brasil_aberto,True
BA,2932705,Uruçuca,Centro,centro,-12.96275234,-39.26028824,brasil_aberto,True
BA,2932804,Utinga,Centro,centro,-14.7990616,-39.0338067,brasil_aberto,True
BA,2932804,Utinga,Riachão do Utinga,riachao do utinga,-12.03992176,-41.14324951,brasil_aberto,True
BA,2933000,Valente,Centro,centro,,,brasil_aberto,True
BA,2933000,Valente,Valilândia,valilandia,,,brasil_aberto,True
BA,2932903,Valença,Guaibim,guaibim,,,brasil_aberto,True
BA,2932903,Valença,Guerém,guerem,-13.323757,-39.2415228,brasil_aberto,True
BA,2932903,Valença,Maricoabo,maricoabo,-13.42057705,-39.07832336,brasil_aberto,True
BA,2932903,Valença,Serra Grande,serra grande,-14.46486378,-39.04021072,brasil_aberto,True
BA,2933174,Varzedo,Centro,centro,-12.9675066,-39.2654576,brasil_aberto,True
BA,2933174,Varzedo,Taboleiro do Castro,taboleiro do castro,-12.9355799,-39.3999614,brasil_aberto,True
BA,2933208,Vera Cruz,Baiacu,baiacu,,,brasil_aberto,True
BA,2933208,Vera Cruz,Barra Grande,barra grande,-13.89390469,-38.95050049,brasil_aberto,True
BA,2933208,Vera Cruz,Barra do Gil,barra do gil,-12.9942751,-38.6359348,brasil_aberto,True
BA,2933208,Vera Cruz,Cacha Pregos,cacha pregos,-13.12180138,-38.79415894,brasil_aberto,True
BA,2933208,Vera Cruz,Gamboa,gamboa,-12.9744205,-38.6216078,brasil_aberto,True
BA,2933208,Vera Cruz,Gameleira,gameleira,-12.93377018,-38.61793137,brasil_aberto,True
BA,2933208,Vera Cruz,Jiribatuba,jiribatuba,-13.06268883,-38.79308319,brasil_aberto,True
BA,2933208,Vera Cruz,Mar Grande,mar grande,-12.99511528,-38.69971466,brasil_aberto,True
BA,2933257,Vereda,Centro,centro,-17.22115898,-40.08469009,brasil_aberto,True
BA,2933257,Vereda,São José do Prado,sao jose do prado,-17.1440773,-40.01601028,brasil_aberto,True
BA,2933307,Vitória da Conquista,Abelhas,abelhas,-15.2409718,-41.0052597,brasil_aberto,True
BA,2933307,Vitória da Conquista,Alto Maron,alto maron,-14.84515285,-40.82994461,brasil_aberto,True
BA,2933307,Vitória da Conquista,Ayrton Senna,ayrton senna,-18.67610359,-41.98884964,brasil_aberto,True
BA,2933307,Vitória da Conquista,Bate Pé,bate pe,-14.87034512,-41.12761307,brasil_aberto,True
BA,2933307,Vitória da Conquista,Bateias,bateias,-14.85548115,-40.86211777,brasil_aberto,True
BA,2933307,Vitória da Conquista,Boa Vista,boa vista,-14.8971087,-40.8385131,brasil_aberto,True
BA,2933307,Vitória da Conquista,Brasil,brasil,-14.8633107,-40.855755,brasil_aberto,True
BA,2933307,Vitória da Conquista,Cabeceira do Jibóia,cabeceira do jiboia,-15.06352329,-40.8037262,brasil_aberto,True
BA,2933307,Vitória da Conquista,Caiçara,caicara,-14.8577988,-40.8400759,brasil_aberto,True
BA,2933307,Vitória da Conquista,Campinhos,campinhos,-14.8768628,-40.8779886,brasil_aberto,True
BA,2933307,Vitória da Conquista,Candeias,candeias,-14.8643266,-40.828298,brasil_aberto,True
BA,2933307,Vitória da Conquista,Centro,centro,-14.8521846,-40.8407352,brasil_aberto,True
BA,2933307,Vitória da Conquista,Cercadinho,cercadinho,-15.44279003,-41.07165146,brasil_aberto,True
BA,2933307,Vitória da Conquista,Cruzeiro,cruzeiro,-14.838565,-40.8327499,brasil_aberto,True
BA,2933307,Vitória da Conquista,Dantelândia,dantelandia,-15.0982933,-40.99946213,brasil_aberto,True
BA,2933307,Vitória da Conquista,Distrito Industrial,distrito industrial,-18.67610359,-41.98884964,brasil_aberto,True
BA,2933307,Vitória da Conquista,Espírito Santo,espirito santo,-14.8974304,-40.8405148,brasil_aberto,True
BA,2933307,Vitória da Conquista,Felícia,felicia,-14.87662506,-40.84643936,brasil_aberto,True
BA,2933307,Vitória da Conquista,Guarani,guarani,-14.84150219,-40.84352875,brasil_aberto,True
BA,2933307,Vitória da Conquista,Ibirapuera,ibirapuera,-14.8435135,-40.8505438,brasil_aberto,True
BA,2933307,Vitória da Conquista,Iguá,igua,-14.94549465,-40.94465637,brasil_aberto,True
BA,2933307,Vitória da Conquista,Inhobim,inhobim,-15.2715149,-40.9528859,brasil_aberto,True
BA,2933307,Vitória da Conquista,Itaipu,itaipu,-13.93080616,-38.93059921,brasil_aberto,True
BA,2933307,Vitória da Conquista,Itapirema,itapirema,-14.73357201,-40.77757263,brasil_aberto,True
BA,2933307,Vitória da Conquista,Jatobá,jatoba,-14.892628,-40.8751766,brasil_aberto,True
BA,2933307,Vitória da Conquista,José Gonçalves,jose goncalves,-14.7279436,-40.7285906,brasil_aberto,True
BA,2933307,Vitória da Conquista,Jurema,jurema,-14.86583519,-40.84801102,brasil_aberto,True
BA,2933307,Vitória da Conquista,Lagoa José Luís,lagoa jose luis,-15.03231812,-40.95720673,brasil_aberto,True
BA,2933307,Vitória da Conquista,Lagoa das Flores,lagoa das flores,-14.8159799,-40.7925577,brasil_aberto,True
BA,2933307,Vitória da Conquista,Lagoa de Melquíades,lagoa de melquiades,-15.27415657,-41.04462051,brasil_aberto,True
BA,2933307,Vitória da Conquista,Matinha,matinha,-12.36385536,-39.46636963,brasil_aberto,True
BA,2933307,Vitória da Conquista,Nossa Senhora Aparecida,nossa senhora aparecida,-14.8374716,-40.8469286,brasil_aberto,True
BA,2933307,Vitória da Conquista,Patagônia,patagonia,-14.8766306,-40.8640947,brasil_aberto,True
BA,2933307,Vitória da Conquista,Pradoso,pradoso,-14.83970547,-40.9642868,brasil_aberto,True
BA,2933307,Vitória da Conquista,Primavera,primavera,-14.8406185,-40.8300111,brasil_aberto,True
BA,2933307,Vitória da Conquista,Recreio,recreio,-14.86065292,-40.83663177,brasil_aberto,True
BA,2933307,Vitória da Conquista,São João da Vitória,sao joao da vitoria,-15.1094014,-41.0828616,brasil_aberto,True
BA,2933307,Vitória da Conquista,São Pedro,sao pedro,-14.84929943,-40.88420486,brasil_aberto,True
BA,2933307,Vitória da Conquista,São Sebastião,sao sebastiao,-12.51271057,-38.4908638,brasil_aberto,True
BA,2933307,Vitória da Conquista,Universidade,universidade,-14.8665994,-40.7917886,brasil_aberto,True
BA,2933307,Vitória da Conquista,Veredinha,veredinha,-15.2110871,-41.0862761,brasil_aberto,True
BA,2933307,Vitória da Conquista,Zabelê,zabele,-14.8439774,-40.8983888,brasil_aberto,True
BA,2933307,Vitória da Conquista,Área Rural de Vitória da Conquista,area rural de vitoria da conquista,-14.8577988,-40.8400759,brasil_aberto,True
BA,2933158,Várzea Nova,Centro,centro,-11.25564098,-40.94288635,brasil_aberto,True
BA,2933059,Várzea da Roça,Campo de São João,campo de sao joao,,,brasil_aberto,True
BA,2933059,Várzea da Roça,Centro,centro,,,brasil_aberto,True
BA,2933059,Várzea da Roça,Várzea do Meio,varzea do meio,,,brasil_aberto,True
BA,2933109,Várzea do Poço,Centro,centro,-11.528573,-40.3193897,brasil_aberto,True
BA,2933406,Wagner,Centro,centro,,,brasil_aberto,True
BA,2933455,Wanderley,Centro,centro,,,brasil_aberto,True
BA,2933505,Wenceslau Guimarães,Centro,centro,-13.68618393,-39.47799683,brasil_aberto,True
BA,2933604,Xique-Xique,Centro,centro,,,brasil_aberto,True
BA,2933604,Xique-Xique,Copixaba,copixaba,-11.33617496,-43.13276672,brasil_aberto,True
BA,2933604,Xique-Xique,Iguira,iguira,-10.7729688,-42.6849608,brasil_aberto,True
BA,2900405,Água Fria,Centro,centro,-11.8702714,-38.7620639,brasil_aberto,True
BA,2900405,Água Fria,Pataíba,pataiba,-11.69689178,-38.74123001,brasil_aberto,True
BA,2900405,Água Fria,Água Fria,agua fria,,,brasil_aberto,True
BA,2900504,Érico Cardoso,Centro,centro,-13.4178083,-42.1404045,brasil_aberto,True
