Uf,CityIbgeCode,City,Neighborhood,NormalizedName,Latitude,Longitude,Source,IsActive
GO,5200050,Abadia de Goiás,Setor Central,setor central,,,brasil_aberto,True
GO,5200050,Abadia de Goiás,Setor Santa Bárbara,setor santa barbara,,,brasil_aberto,True
GO,5200100,Abadiânia,Centro,centro,,,brasil_aberto,True
GO,5200100,Abadiânia,Fazenda Mariká,fazenda marika,,,brasil_aberto,True
GO,5200100,Abadiânia,Planalmira,planalmira,-16.0568794,-48.8541526,brasil_aberto,True
GO,5200100,Abadiânia,Posse D'Abadia,posse d'abadia,-16.0979889,-48.8003294,brasil_aberto,True
GO,5200134,Acreúna,Arantina,arantina,-17.5331704,-50.1928898,brasil_aberto,True
GO,5200134,Acreúna,Setor Central,setor central,,,brasil_aberto,True
GO,5200159,Adelândia,Jardim Progresso,jardim progresso,,,brasil_aberto,True
GO,5200308,Alexânia,Centro,centro,-16.0827946,-48.5043856,brasil_aberto,True
GO,5200308,Alexânia,Olhos D'Água,olhos d'agua,-15.9622839,-48.5787728,brasil_aberto,True
GO,5200506,Aloândia,Setor Central,setor central,-17.7288498,-49.480455,brasil_aberto,True
GO,5200555,Alto Horizonte,Setor Central,setor central,-14.1968821,-49.3375748,brasil_aberto,True
GO,5200605,Alto Paraíso de Goiás,Centro,centro,-14.1358062,-47.5191874,brasil_aberto,True
GO,5200605,Alto Paraíso de Goiás,São Jorge,sao jorge,-14.1770378,-47.813581,brasil_aberto,True
GO,5200803,Alvorada do Norte,Ipiranga,ipiranga,-14.483025,-46.4896556,brasil_aberto,True
GO,5200829,Amaralina,Setor Central,setor central,-13.9275104,-49.297394,brasil_aberto,True
GO,5200852,Americano do Brasil,Setor Central,setor central,-16.2588209,-49.9846932,brasil_aberto,True
GO,5200902,Amorinópolis,Setor Central,setor central,-16.6123754,-51.0963024,brasil_aberto,True
GO,5201207,Anhanguera,Setor Central,setor central,-16.7234357,-49.2944433,brasil_aberto,True
GO,5201306,Anicuns,Capelinha,capelinha,-16.3473974,-49.8393886,brasil_aberto,True
GO,5201306,Anicuns,Choupana,choupana,-16.4612113,-49.9615772,brasil_aberto,True
GO,5201306,Anicuns,Setor Central,setor central,-16.4608018,-49.9609318,brasil_aberto,True
GO,5201108,Anápolis,Adriana Parque,adriana parque,-16.2784895,-48.9835316,brasil_aberto,True
GO,5201108,Anápolis,Alto da Bela Vista,alto da bela vista,-16.3504543,-48.9369832,brasil_aberto,True
GO,5201108,Anápolis,Alvorada,alvorada,-16.3073024,-48.9398087,brasil_aberto,True
GO,5201108,Anápolis,Andracel Center,andracel center,-16.3076786,-48.9496938,brasil_aberto,True
GO,5201108,Anápolis,Anexo Antônio Fernandes,anexo antonio fernandes,-16.2869734,-48.9557763,brasil_aberto,True
GO,5201108,Anápolis,Anexo Bom Sucesso,anexo bom sucesso,-16.308997,-48.965166,brasil_aberto,True
GO,5201108,Anápolis,Anexo Frei Eustáquio,anexo frei eustaquio,-16.3165527,-48.9682628,brasil_aberto,True
GO,5201108,Anápolis,Anexo Itamaraty,anexo itamaraty,-16.2931987,-48.9724589,brasil_aberto,True
GO,5201108,Anápolis,Anexo Maracananzinho,anexo maracananzinho,-16.3163427,-48.9517805,brasil_aberto,True
GO,5201108,Anápolis,Antônio Fernandes,antonio fernandes,-16.3022666,-48.9536661,brasil_aberto,True
GO,5201108,Anápolis,Anápolis City,anapolis city,-16.328507,-48.9304855,brasil_aberto,True
GO,5201108,Anápolis,Bandeiras,bandeiras,-16.2788514,-48.964907,brasil_aberto,True
GO,5201108,Anápolis,Batista,batista,-16.3400518,-48.9532167,brasil_aberto,True
GO,5201108,Anápolis,Boa Vista,boa vista,-16.3022302,-48.9392169,brasil_aberto,True
GO,5201108,Anápolis,Bom Sucesso,bom sucesso,-16.3102985,-48.9660385,brasil_aberto,True
GO,5201108,Anápolis,Calixto,calixto,-16.3629587,-48.9643563,brasil_aberto,True
GO,5201108,Anápolis,Calixtolândia,calixtolandia,-16.3665349,-48.9635372,brasil_aberto,True
GO,5201108,Anápolis,Calixtolândia 2ª Etapa,calixtolandia 2ª etapa,-16.3698976,-48.9692347,brasil_aberto,True
GO,5201108,Anápolis,Campos Elísios,campos elisios,-16.3618338,-48.9114455,brasil_aberto,True
GO,5201108,Anápolis,Cebrasa,cebrasa,-16.2971414,-48.8136808,brasil_aberto,True
GO,5201108,Anápolis,Centro,centro,-16.3219506,-48.9528093,brasil_aberto,True
GO,5201108,Anápolis,Chácaras Americanas,chacaras americanas,-16.3379889,-48.9140425,brasil_aberto,True
GO,5201108,Anápolis,Chácaras Atibaia,chacaras atibaia,-16.338117,-48.8748268,brasil_aberto,True
GO,5201108,Anápolis,Chácaras Boa Vista,chacaras boa vista,-16.3022302,-48.9392169,brasil_aberto,True
GO,5201108,Anápolis,Chácaras Colorado,chacaras colorado,-16.3077836,-48.9586659,brasil_aberto,True
GO,5201108,Anápolis,Chácaras Jonas Duarte,chacaras jonas duarte,-16.3494909,-48.9600521,brasil_aberto,True
GO,5201108,Anápolis,Chácaras Vale das Antas,chacaras vale das antas,-16.2803566,-48.9061323,brasil_aberto,True
GO,5201108,Anápolis,Chácaras de Recreio Mansões do Planalto,chacaras de recreio mansoes do planalto,-16.2606985,-48.9505597,brasil_aberto,True
GO,5201108,Anápolis,Cidade Jardim,cidade jardim,-16.3155986,-48.9462966,brasil_aberto,True
GO,5201108,Anápolis,Cidade Universitária,cidade universitaria,-16.2936133,-48.9426853,brasil_aberto,True
GO,5201108,Anápolis,Condomínio Alphaville Anápolis,condominio alphaville anapolis,-16.3184058,-48.9246257,brasil_aberto,True
GO,5201108,Anápolis,Condomínio Residencial Belas Artes,condominio residencial belas artes,-16.2937444,-48.9346496,brasil_aberto,True
GO,5201108,Anápolis,Condomínio Residencial Gaudi,condominio residencial gaudi,-16.3559223,-48.8902611,brasil_aberto,True
GO,5201108,Anápolis,Condomínio Residencial Grand Trianon,condominio residencial grand trianon,-16.3042696,-48.9341887,brasil_aberto,True
GO,5201108,Anápolis,Condomínio Residencial Villa Lobos,condominio residencial villa lobos,-16.2524751,-48.9346189,brasil_aberto,True
GO,5201108,Anápolis,Condomínio Terras Alpha Anápolis,condominio terras alpha anapolis,-16.345945,-48.8871619,brasil_aberto,True
GO,5201108,Anápolis,Condomínio Vale dos Pássaros,condominio vale dos passaros,-16.3671985,-48.9561864,brasil_aberto,True
GO,5201108,Anápolis,Conjunto Eldorado,conjunto eldorado,-16.3453945,-48.947169,brasil_aberto,True
GO,5201108,Anápolis,Conjunto Habitacional Esperança II,conjunto habitacional esperanca ii,-16.3767775,-48.9777712,brasil_aberto,True
GO,5201108,Anápolis,Conjunto Habitacional Filostro Machado Carneiro,conjunto habitacional filostro machado carneiro,-16.31396,-48.9042675,brasil_aberto,True
GO,5201108,Anápolis,Conjunto Habitacional Vila União,conjunto habitacional vila uniao,-16.3736329,-48.9865753,brasil_aberto,True
GO,5201108,Anápolis,Conjunto IAPC,conjunto iapc,-16.3369567,-48.9680847,brasil_aberto,True
GO,5201108,Anápolis,Conjunto Raul Balduino,conjunto raul balduino,,,brasil_aberto,True
GO,5201108,Anápolis,Conjunto Residencial Vila Feliz,conjunto residencial vila feliz,-16.3130196,-48.9005395,brasil_aberto,True
GO,5201108,Anápolis,Conjunto Residencial Vila Feliz - II Etapa,conjunto residencial vila feliz - ii etapa,-16.3064548,-48.8965795,brasil_aberto,True
GO,5201108,Anápolis,Conjunto Villa Verde,conjunto villa verde,-16.3427557,-48.9518144,brasil_aberto,True
GO,5201108,Anápolis,Distrito Agroindustrial de Anápolis,distrito agroindustrial de anapolis,-16.4068427,-48.9322482,brasil_aberto,True
GO,5201108,Anápolis,Dom Pedro II,dom pedro ii,-16.3288862,-48.9686689,brasil_aberto,True
GO,5201108,Anápolis,Eldorado,eldorado,-16.3486296,-48.9457991,brasil_aberto,True
GO,5201108,Anápolis,Estância Vale das Brisas,estancia vale das brisas,-16.3650168,-48.8938421,brasil_aberto,True
GO,5201108,Anápolis,Fazenda Barreiro do Meio,fazenda barreiro do meio,-16.2656111,-48.9818803,brasil_aberto,True
GO,5201108,Anápolis,Frei Eustáquio,frei eustaquio,-16.3111986,-48.9396922,brasil_aberto,True
GO,5201108,Anápolis,Goialândia,goialandia,-16.3760943,-49.1171981,brasil_aberto,True
GO,5201108,Anápolis,Gran Ville,gran ville,-16.3112329,-48.9058997,brasil_aberto,True
GO,5201108,Anápolis,Granjas Santo Antônio,granjas santo antonio,-16.3475641,-48.9035934,brasil_aberto,True
GO,5201108,Anápolis,Interlândia,interlandia,-16.1893704,-49.0319781,brasil_aberto,True
GO,5201108,Anápolis,Itamaraty,itamaraty,-16.3008588,-48.9679383,brasil_aberto,True
GO,5201108,Anápolis,Itamaraty 2ª Etapa,itamaraty 2ª etapa,-16.3017439,-48.9720009,brasil_aberto,True
GO,5201108,Anápolis,Itamaraty 3ª Etapa,itamaraty 3ª etapa,-16.3024563,-48.9654967,brasil_aberto,True
GO,5201108,Anápolis,Itamaraty 4ª Etapa,itamaraty 4ª etapa,-16.3064994,-48.971296,brasil_aberto,True
GO,5201108,Anápolis,JK Nova Capital,jk nova capital,-16.3392493,-48.9338307,brasil_aberto,True
GO,5201108,Anápolis,JK Setor Oeste,jk setor oeste,-16.3512078,-48.9460777,brasil_aberto,True
GO,5201108,Anápolis,Jardim Alexandrina,jardim alexandrina,-16.3030628,-48.9629183,brasil_aberto,True
GO,5201108,Anápolis,Jardim Alvorada,jardim alvorada,-16.3570672,-48.9152262,brasil_aberto,True
GO,5201108,Anápolis,Jardim América,jardim america,-16.3477575,-48.939911,brasil_aberto,True
GO,5201108,Anápolis,Jardim Ana Cláudia,jardim ana claudia,-16.3323001,-48.9583303,brasil_aberto,True
GO,5201108,Anápolis,Jardim Ana Paula,jardim ana paula,-16.3484513,-48.9525621,brasil_aberto,True
GO,5201108,Anápolis,Jardim Arco Verde,jardim arco verde,-16.3784705,-48.953958,brasil_aberto,True
GO,5201108,Anápolis,Jardim Arco Verde 2ª Etapa,jardim arco verde 2ª etapa,-16.3630359,-48.9402113,brasil_aberto,True
GO,5201108,Anápolis,Jardim Bandeirante,jardim bandeirante,-16.3129957,-48.9486259,brasil_aberto,True
GO,5201108,Anápolis,Jardim Bela Vista,jardim bela vista,-16.3332114,-48.9678467,brasil_aberto,True
GO,5201108,Anápolis,Jardim Bom Clima,jardim bom clima,-16.359046,-48.9568102,brasil_aberto,True
GO,5201108,Anápolis,Jardim Calixto,jardim calixto,-16.35308,-48.9792089,brasil_aberto,True
GO,5201108,Anápolis,Jardim Diana,jardim diana,-16.2863489,-48.9544344,brasil_aberto,True
GO,5201108,Anápolis,Jardim Eldorado,jardim eldorado,-16.3548358,-48.9301735,brasil_aberto,True
GO,5201108,Anápolis,Jardim Esperança 1ª Etapa,jardim esperanca 1ª etapa,-16.408367,-48.8976765,brasil_aberto,True
GO,5201108,Anápolis,Jardim Europa,jardim europa,-16.3377926,-48.9262309,brasil_aberto,True
GO,5201108,Anápolis,Jardim Flor de Liz,jardim flor de liz,-16.3459789,-48.9090894,brasil_aberto,True
GO,5201108,Anápolis,Jardim Goiano,jardim goiano,-16.3319391,-48.965377,brasil_aberto,True
GO,5201108,Anápolis,Jardim Gonçalves,jardim goncalves,-16.3484278,-48.9574466,brasil_aberto,True
GO,5201108,Anápolis,Jardim Ibirapuera,jardim ibirapuera,-16.3404473,-48.9032838,brasil_aberto,True
GO,5201108,Anápolis,Jardim Itália,jardim italia,-16.320972,-48.9053568,brasil_aberto,True
GO,5201108,Anápolis,Jardim Luzitano,jardim luzitano,-16.3535355,-48.886008,brasil_aberto,True
GO,5201108,Anápolis,Jardim Nações Unidas,jardim nacoes unidas,-16.3425915,-48.9650063,brasil_aberto,True
GO,5201108,Anápolis,Jardim Palmares,jardim palmares,-16.3470545,-48.9245752,brasil_aberto,True
GO,5201108,Anápolis,Jardim Petrópolis,jardim petropolis,-16.3286545,-48.9534253,brasil_aberto,True
GO,5201108,Anápolis,Jardim Planalto,jardim planalto,-16.3390752,-48.9334268,brasil_aberto,True
GO,5201108,Anápolis,Jardim Primavera 1ª Etapa,jardim primavera 1ª etapa,-16.3027771,-48.8941891,brasil_aberto,True
GO,5201108,Anápolis,Jardim Primavera 2ª Etapa,jardim primavera 2ª etapa,-16.3055948,-48.8952413,brasil_aberto,True
GO,5201108,Anápolis,Jardim Progresso,jardim progresso,-16.2851334,-48.9593369,brasil_aberto,True
GO,5201108,Anápolis,Jardim Promissão,jardim promissao,-16.2820743,-48.9427152,brasil_aberto,True
GO,5201108,Anápolis,Jardim Santa Cecília,jardim santa cecilia,-16.3437399,-48.9769694,brasil_aberto,True
GO,5201108,Anápolis,Jardim Santana,jardim santana,-16.3359908,-48.9708757,brasil_aberto,True
GO,5201108,Anápolis,Jardim Silveira,jardim silveira,-16.3276028,-48.9766492,brasil_aberto,True
GO,5201108,Anápolis,Jardim Suíço,jardim suico,-16.3342,-48.9772999,brasil_aberto,True
GO,5201108,Anápolis,Jardim São Jorge,jardim sao jorge,-16.3204637,-48.9664098,brasil_aberto,True
GO,5201108,Anápolis,Jardim São Paulo,jardim sao paulo,-16.3749623,-48.9498865,brasil_aberto,True
GO,5201108,Anápolis,Jardim Tesouro,jardim tesouro,-16.3510114,-48.9060456,brasil_aberto,True
GO,5201108,Anápolis,Jardim Vera Cruz,jardim vera cruz,-16.3627666,-48.9171345,brasil_aberto,True
GO,5201108,Anápolis,Jardim das Américas 1ª Etapa,jardim das americas 1ª etapa,-16.2889132,-48.9507684,brasil_aberto,True
GO,5201108,Anápolis,Jardim das Américas 2ª Etapa,jardim das americas 2ª etapa,-16.2897686,-48.9492625,brasil_aberto,True
GO,5201108,Anápolis,Jardim das Américas 3ª Etapa,jardim das americas 3ª etapa,-16.2848386,-48.9409012,brasil_aberto,True
GO,5201108,Anápolis,Jardim das Oliveiras,jardim das oliveiras,-16.3308767,-48.9776083,brasil_aberto,True
GO,5201108,Anápolis,Jardim das Samambaias,jardim das samambaias,-16.3465582,-48.9634329,brasil_aberto,True
GO,5201108,Anápolis,Jardim dos Ipês,jardim dos ipes,-16.2789031,-48.9341272,brasil_aberto,True
GO,5201108,Anápolis,Jibran El Hadj,jibran el hadj,-16.3566161,-48.9781713,brasil_aberto,True
GO,5201108,Anápolis,Joanápolis,joanapolis,-16.2701237,-48.8323204,brasil_aberto,True
GO,5201108,Anápolis,Jundiaí,jundiai,-16.3258948,-48.935703,brasil_aberto,True
GO,5201108,Anápolis,Jóquei Club,joquei club,-16.3524531,-48.9169971,brasil_aberto,True
GO,5201108,Anápolis,Lapa,lapa,-16.3265209,-49.0132482,brasil_aberto,True
GO,5201108,Anápolis,Las Palmas,las palmas,-16.276131,-48.9755501,brasil_aberto,True
GO,5201108,Anápolis,Loteamento Guanabara,loteamento guanabara,-16.2991285,-48.9575381,brasil_aberto,True
GO,5201108,Anápolis,Loteamento Novo Jundiaí,loteamento novo jundiai,-16.3429256,-48.9260562,brasil_aberto,True
GO,5201108,Anápolis,Loteamento Residencial América,loteamento residencial america,-16.3461782,-48.9754611,brasil_aberto,True
GO,5201108,Anápolis,Loteamento Residencial Verona,loteamento residencial verona,-16.2750015,-48.9682802,brasil_aberto,True
GO,5201108,Anápolis,Loteamento Residencial Victor Braga,loteamento residencial victor braga,-16.3603617,-48.9549778,brasil_aberto,True
GO,5201108,Anápolis,Lourdes,lourdes,-16.3368408,-48.9188787,brasil_aberto,True
GO,5201108,Anápolis,Manoel Domingos,manoel domingos,-16.3481697,-48.9737899,brasil_aberto,True
GO,5201108,Anápolis,Maracananzinho,maracananzinho,-16.3199582,-48.9494516,brasil_aberto,True
GO,5201108,Anápolis,Maracanã,maracana,-16.31707,-48.9505646,brasil_aberto,True
GO,5201108,Anápolis,Nossa Senhora Aparecida,nossa senhora aparecida,-16.3186314,-48.9645659,brasil_aberto,True
GO,5201108,Anápolis,Nova Alexandrina,nova alexandrina,-16.3013552,-48.958768,brasil_aberto,True
GO,5201108,Anápolis,Nova Vila Jaiara,nova vila jaiara,-16.2839736,-48.9863465,brasil_aberto,True
GO,5201108,Anápolis,Novo Paraíso,novo paraiso,-16.3518254,-48.9795044,brasil_aberto,True
GO,5201108,Anápolis,Olhos D ' Água,olhos d ' agua,-16.3286545,-48.9534253,brasil_aberto,True
GO,5201108,Anápolis,Paraíso,paraiso,-16.3286545,-48.9534253,brasil_aberto,True
GO,5201108,Anápolis,Paraíso SS,paraiso ss,-16.3443143,-48.9708023,brasil_aberto,True
GO,5201108,Anápolis,Parque Brasília,parque brasilia,-16.324508,-48.9139863,brasil_aberto,True
GO,5201108,Anápolis,Parque Brasília 2ª Etapa,parque brasilia 2ª etapa,-16.3236271,-48.9194084,brasil_aberto,True
GO,5201108,Anápolis,Parque Calixtópolis,parque calixtopolis,-16.4013667,-48.9800311,brasil_aberto,True
GO,5201108,Anápolis,Parque Calixtópolis II,parque calixtopolis ii,-16.3963931,-48.9838006,brasil_aberto,True
GO,5201108,Anápolis,Parque Iracema,parque iracema,-16.2908623,-48.95538,brasil_aberto,True
GO,5201108,Anápolis,Parque Michel,parque michel,-16.332995,-48.9691047,brasil_aberto,True
GO,5201108,Anápolis,Parque Residencial Ander,parque residencial ander,-16.3429594,-48.9215422,brasil_aberto,True
GO,5201108,Anápolis,Parque Residencial Ander - II Etapa,parque residencial ander - ii etapa,-16.3410847,-48.9214923,brasil_aberto,True
GO,5201108,Anápolis,Parque Residencial das Flores,parque residencial das flores,-16.2870397,-48.9362969,brasil_aberto,True
GO,5201108,Anápolis,Parque São Conrado,parque sao conrado,-16.3536796,-48.9102843,brasil_aberto,True
GO,5201108,Anápolis,Parque São Jerônimo,parque sao jeronimo,-16.3220253,-48.9191037,brasil_aberto,True
GO,5201108,Anápolis,Parque São João,parque sao joao,-16.3733564,-48.9623195,brasil_aberto,True
GO,5201108,Anápolis,Parque das Nações,parque das nacoes,-16.342778,-48.9724507,brasil_aberto,True
GO,5201108,Anápolis,Parque das Primaveras,parque das primaveras,-16.3571928,-48.968996,brasil_aberto,True
GO,5201108,Anápolis,Parque dos Pirineus,parque dos pirineus,-16.2771638,-48.9552288,brasil_aberto,True
GO,5201108,Anápolis,Polocentro 1ª Etapa,polocentro 1ª etapa,-16.383061,-48.9703678,brasil_aberto,True
GO,5201108,Anápolis,Polocentro 2ª Etapa,polocentro 2ª etapa,-16.3765739,-48.965516,brasil_aberto,True
GO,5201108,Anápolis,Privê Lírios do Campo,prive lirios do campo,-16.3090931,-48.9182671,brasil_aberto,True
GO,5201108,Anápolis,Recanto do Sol,recanto do sol,-16.2776524,-48.928354,brasil_aberto,True
GO,5201108,Anápolis,Residencial Aldeia dos Sonhos,residencial aldeia dos sonhos,-16.2617421,-49.0006127,brasil_aberto,True
GO,5201108,Anápolis,Residencial Alfredo Abrahão,residencial alfredo abrahao,-16.3492912,-48.9065874,brasil_aberto,True
GO,5201108,Anápolis,Residencial Alphaville,residencial alphaville,-16.3640355,-48.95047,brasil_aberto,True
GO,5201108,Anápolis,Residencial Ana Caroline,residencial ana caroline,-16.2704925,-48.9786639,brasil_aberto,True
GO,5201108,Anápolis,Residencial Anaville,residencial anaville,-16.3476097,-48.8954871,brasil_aberto,True
GO,5201108,Anápolis,Residencial Araguaia,residencial araguaia,-16.286522,-48.9358536,brasil_aberto,True
GO,5201108,Anápolis,Residencial Araujoville,residencial araujoville,-16.3018731,-48.9476025,brasil_aberto,True
GO,5201108,Anápolis,Residencial Arco-Íris,residencial arco-iris,-16.3692045,-48.9569708,brasil_aberto,True
GO,5201108,Anápolis,Residencial Ayrton Senna,residencial ayrton senna,-16.3172118,-48.9158752,brasil_aberto,True
GO,5201108,Anápolis,Residencial Bela Vista,residencial bela vista,-16.3607101,-48.9570942,brasil_aberto,True
GO,5201108,Anápolis,Residencial Boa Esperança,residencial boa esperanca,-16.3760847,-48.9069184,brasil_aberto,True
GO,5201108,Anápolis,Residencial Buritis,residencial buritis,-16.3359496,-48.8984522,brasil_aberto,True
GO,5201108,Anápolis,Residencial Caminho das Águas,residencial caminho das aguas,-16.3399852,-48.968291,brasil_aberto,True
GO,5201108,Anápolis,Residencial Centenário,residencial centenario,-16.2705474,-48.9831862,brasil_aberto,True
GO,5201108,Anápolis,Residencial Cerejeiras,residencial cerejeiras,-16.3195475,-48.9214766,brasil_aberto,True
GO,5201108,Anápolis,Residencial Cidade Industrial,residencial cidade industrial,-16.3948657,-48.8989506,brasil_aberto,True
GO,5201108,Anápolis,Residencial Copacabana,residencial copacabana,-16.3812061,-48.9868467,brasil_aberto,True
GO,5201108,Anápolis,Residencial Dom Emanoel,residencial dom emanoel,-16.2814495,-48.9851933,brasil_aberto,True
GO,5201108,Anápolis,Residencial Dom Felipe,residencial dom felipe,-16.2798904,-48.9969459,brasil_aberto,True
GO,5201108,Anápolis,Residencial Flamboyant,residencial flamboyant,-16.3340618,-48.9019284,brasil_aberto,True
GO,5201108,Anápolis,Residencial Flor do Cerrado,residencial flor do cerrado,-16.2936399,-48.9237142,brasil_aberto,True
GO,5201108,Anápolis,Residencial Florença,residencial florenca,-16.3455463,-48.9810651,brasil_aberto,True
GO,5201108,Anápolis,Residencial Gabriela,residencial gabriela,-16.363291,-48.9130419,brasil_aberto,True
GO,5201108,Anápolis,Residencial Geovanni Braga,residencial geovanni braga,-16.3696336,-48.9599792,brasil_aberto,True
GO,5201108,Anápolis,Residencial Girassol,residencial girassol,-16.4049551,-48.8923735,brasil_aberto,True
GO,5201108,Anápolis,Residencial Gran Ville - II Etapa,residencial gran ville - ii etapa,-16.3095496,-48.9052714,brasil_aberto,True
GO,5201108,Anápolis,Residencial Ildefonso Limírio,residencial ildefonso limirio,-16.3604848,-48.91084009999999,brasil_aberto,True
GO,5201108,Anápolis,Residencial Ipanema,residencial ipanema,-16.3293484,-48.9145783,brasil_aberto,True
GO,5201108,Anápolis,Residencial Itatiaia,residencial itatiaia,-16.3672457,-48.968174,brasil_aberto,True
GO,5201108,Anápolis,Residencial Itororó,residencial itororo,-16.3579698,-48.9470722,brasil_aberto,True
GO,5201108,Anápolis,Residencial Jardins do Lago,residencial jardins do lago,-16.3520311,-48.9318178,brasil_aberto,True
GO,5201108,Anápolis,Residencial Leblon,residencial leblon,-16.3579407,-48.9067592,brasil_aberto,True
GO,5201108,Anápolis,Residencial Marla Cristina,residencial marla cristina,-16.3634656,-48.956112,brasil_aberto,True
GO,5201108,Anápolis,Residencial Monte Sinai,residencial monte sinai,-16.2500629,-48.9316183,brasil_aberto,True
GO,5201108,Anápolis,Residencial Morada Nova,residencial morada nova,-16.3165386,-48.9076739,brasil_aberto,True
GO,5201108,Anápolis,Residencial Morumbi,residencial morumbi,-16.3796824,-48.9767877,brasil_aberto,True
GO,5201108,Anápolis,Residencial Mônica Braga,residencial monica braga,-16.2865335,-48.9759443,brasil_aberto,True
GO,5201108,Anápolis,Residencial Nova Aliança,residencial nova alianca,-16.4066355,-48.8965685,brasil_aberto,True
GO,5201108,Anápolis,Residencial Novo Mundo,residencial novo mundo,-16.3530753,-48.9461489,brasil_aberto,True
GO,5201108,Anápolis,Residencial Palmeiras,residencial palmeiras,-16.2865363,-48.9853613,brasil_aberto,True
GO,5201108,Anápolis,Residencial Paris,residencial paris,-16.3304439,-48.9810803,brasil_aberto,True
GO,5201108,Anápolis,Residencial Portal do Cerrado,residencial portal do cerrado,-16.2861365,-48.9380894,brasil_aberto,True
GO,5201108,Anápolis,Residencial Reny Cury,residencial reny cury,-16.3751979,-48.9794877,brasil_aberto,True
GO,5201108,Anápolis,Residencial Rio Jordão,residencial rio jordao,-16.3327236,-48.9759099,brasil_aberto,True
GO,5201108,Anápolis,Residencial Rose's Garden,residencial rose's garden,-16.370023,-48.9163479,brasil_aberto,True
GO,5201108,Anápolis,Residencial San Marco,residencial san marco,-16.3179476,-48.9283686,brasil_aberto,True
GO,5201108,Anápolis,Residencial Santa Cruz,residencial santa cruz,-16.2836683,-48.9449788,brasil_aberto,True
GO,5201108,Anápolis,Residencial Santo Antônio,residencial santo antonio,-16.3157914,-48.8985983,brasil_aberto,True
GO,5201108,Anápolis,Residencial Santo Expedito,residencial santo expedito,-16.3063882,-48.8911367,brasil_aberto,True
GO,5201108,Anápolis,Residencial Shangrilá,residencial shangrila,-16.3579683,-48.9413659,brasil_aberto,True
GO,5201108,Anápolis,Residencial Sol Nascente,residencial sol nascente,-16.3512726,-48.9081626,brasil_aberto,True
GO,5201108,Anápolis,Residencial Sun Flower,residencial sun flower,-16.3618199,-48.9597665,brasil_aberto,True
GO,5201108,Anápolis,Residencial São Cristóvão,residencial sao cristovao,-16.3718139,-48.9492963,brasil_aberto,True
GO,5201108,Anápolis,Residencial São Vicente,residencial sao vicente,-16.4183999,-48.9798336,brasil_aberto,True
GO,5201108,Anápolis,Residencial Tangará,residencial tangara,-16.3599071,-48.9476323,brasil_aberto,True
GO,5201108,Anápolis,Residencial Terezinha Braga,residencial terezinha braga,-16.3259578,-48.9716879,brasil_aberto,True
GO,5201108,Anápolis,Residencial Vale do Sol,residencial vale do sol,-16.2874386,-48.9305633,brasil_aberto,True
GO,5201108,Anápolis,Residencial Vale dos Pirineus,residencial vale dos pirineus,-16.2764929,-48.9514686,brasil_aberto,True
GO,5201108,Anápolis,Residencial Valência,residencial valencia,-16.353847,-48.9884952,brasil_aberto,True
GO,5201108,Anápolis,Residencial Veneza,residencial veneza,-16.2765231,-48.9626822,brasil_aberto,True
GO,5201108,Anápolis,Residencial Villa Bella,residencial villa bella,-16.2925464,-48.9604898,brasil_aberto,True
GO,5201108,Anápolis,Residencial Virgínia Correa,residencial virginia correa,-16.3195269,-48.9508976,brasil_aberto,True
GO,5201108,Anápolis,Residencial do Cerrado,residencial do cerrado,-16.2855523,-48.9344526,brasil_aberto,True
GO,5201108,Anápolis,Residencial do Cerrado II Etapa,residencial do cerrado ii etapa,-16.2848937,-48.9208079,brasil_aberto,True
GO,5201108,Anápolis,Residencial do Trabalhador,residencial do trabalhador,-16.4127419,-48.9773484,brasil_aberto,True
GO,5201108,Anápolis,Reverendo Archibald,reverendo archibald,-16.2870397,-48.9362969,brasil_aberto,True
GO,5201108,Anápolis,Santo André,santo andre,-16.3632558,-48.9482534,brasil_aberto,True
GO,5201108,Anápolis,Santo Antônio,santo antonio,-16.3424007,-48.9008996,brasil_aberto,True
GO,5201108,Anápolis,Santos Dumont,santos dumont,-16.4166528,-48.9788741,brasil_aberto,True
GO,5201108,Anápolis,Setor Bougainville,setor bougainville,-16.2987,-48.9383309,brasil_aberto,True
GO,5201108,Anápolis,Setor Escala,setor escala,-16.2811818,-48.9926353,brasil_aberto,True
GO,5201108,Anápolis,Setor Industrial Aeroporto,setor industrial aeroporto,-16.3540906,-48.9248525,brasil_aberto,True
GO,5201108,Anápolis,Setor Industrial Munir Calixto,setor industrial munir calixto,-16.4045892,-48.9008905,brasil_aberto,True
GO,5201108,Anápolis,Setor Lago dos Buritis,setor lago dos buritis,-16.2752494,-48.9767262,brasil_aberto,True
GO,5201108,Anápolis,Setor Residencial Jandaia,setor residencial jandaia,-16.2820166,-48.9904981,brasil_aberto,True
GO,5201108,Anápolis,Setor Residencial Jandaia II Etapa,setor residencial jandaia ii etapa,-16.2776601,-48.9898273,brasil_aberto,True
GO,5201108,Anápolis,Setor Residencial Pedro Ludovico,setor residencial pedro ludovico,-16.3536797,-48.9712878,brasil_aberto,True
GO,5201108,Anápolis,Setor Residencial das Rosas,setor residencial das rosas,-16.3042083,-48.9272864,brasil_aberto,True
GO,5201108,Anápolis,Setor Santa Clara,setor santa clara,-16.3688165,-48.9437735,brasil_aberto,True
GO,5201108,Anápolis,Setor Scala II,setor scala ii,-16.2776921,-48.992428,brasil_aberto,True
GO,5201108,Anápolis,Setor Sul,setor sul,-16.370916,-48.9493116,brasil_aberto,True
GO,5201108,Anápolis,Setor Sul II Etapa,setor sul ii etapa,-16.3662986,-48.9457216,brasil_aberto,True
GO,5201108,Anápolis,Setor Sul III Etapa,setor sul iii etapa,-16.3962325,-48.9852082,brasil_aberto,True
GO,5201108,Anápolis,Setor Sul Jamil Miguel,setor sul jamil miguel,-16.3596475,-48.9646934,brasil_aberto,True
GO,5201108,Anápolis,Setor Summerville,setor summerville,-16.3406202,-48.9083012,brasil_aberto,True
GO,5201108,Anápolis,Setor Tropical,setor tropical,-16.3522717,-48.9228479,brasil_aberto,True
GO,5201108,Anápolis,Sousânia,sousania,-16.1823604,-49.0779106,brasil_aberto,True
GO,5201108,Anápolis,São Carlos,sao carlos,-16.3134484,-48.9412049,brasil_aberto,True
GO,5201108,Anápolis,São José,sao jose,-16.3306435,-48.9725948,brasil_aberto,True
GO,5201108,Anápolis,São João,sao joao,-16.3820817,-48.9585947,brasil_aberto,True
GO,5201108,Anápolis,São Lourenço,sao lourenco,-16.3149832,-48.9654239,brasil_aberto,True
GO,5201108,Anápolis,São Sebastião,sao sebastiao,-16.3600359,-48.9382905,brasil_aberto,True
GO,5201108,Anápolis,São Vicente,sao vicente,-16.4142904,-48.9769634,brasil_aberto,True
GO,5201108,Anápolis,Sítio de Recreio Jardim Boa Vista,sitio de recreio jardim boa vista,-16.2825091,-48.9186095,brasil_aberto,True
GO,5201108,Anápolis,Sítio de Recreio Recanto Mansões,sitio de recreio recanto mansoes,-16.3286545,-48.9534253,brasil_aberto,True
GO,5201108,Anápolis,Sítios Recreio Denise,sitios recreio denise,-16.2799617,-48.9224606,brasil_aberto,True
GO,5201108,Anápolis,Sítios de Recreio Americano do Brasil,sitios de recreio americano do brasil,-16.3286545,-48.9534253,brasil_aberto,True
GO,5201108,Anápolis,Sítios de Recreio Estâncias Vila Rica,sitios de recreio estancias vila rica,-16.2418125,-49.0141236,brasil_aberto,True
GO,5201108,Anápolis,Sítios de Recreio Vale das Laranjeiras,sitios de recreio vale das laranjeiras,-16.3921855,-48.9885294,brasil_aberto,True
GO,5201108,Anápolis,Vila Brasil,vila brasil,-16.3254175,-48.9628148,brasil_aberto,True
GO,5201108,Anápolis,Vila Calixto Abrão,vila calixto abrao,-16.3275177,-48.9756497,brasil_aberto,True
GO,5201108,Anápolis,Vila Celina,vila celina,-16.3300758,-48.9351141,brasil_aberto,True
GO,5201108,Anápolis,Vila Dom Bosco,vila dom bosco,-16.2738542,-48.9416963,brasil_aberto,True
GO,5201108,Anápolis,Vila Dona Maria,vila dona maria,-16.341668,-48.9571294,brasil_aberto,True
GO,5201108,Anápolis,Vila Esperança,vila esperanca,-16.38792,-48.958017,brasil_aberto,True
GO,5201108,Anápolis,Vila Fabril,vila fabril,-16.3250179,-48.9946285,brasil_aberto,True
GO,5201108,Anápolis,Vila Formosa,vila formosa,-16.3524132,-48.9394838,brasil_aberto,True
GO,5201108,Anápolis,Vila Goiás,vila goias,-16.3371443,-48.9511406,brasil_aberto,True
GO,5201108,Anápolis,Vila Gonçalves,vila goncalves,-16.3359524,-48.9665869,brasil_aberto,True
GO,5201108,Anápolis,Vila Góis,vila gois,-16.3346915,-48.9559158,brasil_aberto,True
GO,5201108,Anápolis,Vila Harmonia I e II Etapa,vila harmonia i e ii etapa,-16.3286545,-48.9534253,brasil_aberto,True
GO,5201108,Anápolis,Vila Industrial,vila industrial,-16.3403815,-48.9457041,brasil_aberto,True
GO,5201108,Anápolis,Vila Jayara,vila jayara,-16.2919034,-48.9691493,brasil_aberto,True
GO,5201108,Anápolis,Vila João Luiz de Oliveira,vila joao luiz de oliveira,-16.3522689,-48.9541678,brasil_aberto,True
GO,5201108,Anápolis,Vila João XXIII,vila joao xxiii,-16.3328523,-48.9214771,brasil_aberto,True
GO,5201108,Anápolis,Vila Jussara,vila jussara,-16.3242954,-48.9550337,brasil_aberto,True
GO,5201108,Anápolis,Vila Mariana,vila mariana,-16.3657595,-48.9873778,brasil_aberto,True
GO,5201108,Anápolis,Vila Miguel Jorge,vila miguel jorge,-16.3481704,-48.9564931,brasil_aberto,True
GO,5201108,Anápolis,Vila Milmar,vila milmar,-16.3128764,-48.9391467,brasil_aberto,True
GO,5201108,Anápolis,Vila Moreira,vila moreira,-16.3321459,-48.9653947,brasil_aberto,True
GO,5201108,Anápolis,Vila Norte,vila norte,-16.2809453,-48.9206693,brasil_aberto,True
GO,5201108,Anápolis,Vila Nossa Senhora D'Abadia,vila nossa senhora d'abadia,-16.3398246,-48.9574688,brasil_aberto,True
GO,5201108,Anápolis,Vila Nova Jayara,vila nova jayara,-16.406547,-48.8893255,brasil_aberto,True
GO,5201108,Anápolis,Vila Operária,vila operaria,-16.3543695,-48.9070298,brasil_aberto,True
GO,5201108,Anápolis,Vila Popular Munir Calixto,vila popular munir calixto,-16.3528535,-48.9599874,brasil_aberto,True
GO,5201108,Anápolis,Vila Residencial Pedro Ludovico,vila residencial pedro ludovico,-16.3399445,-48.9691514,brasil_aberto,True
GO,5201108,Anápolis,Vila Rica,vila rica,-16.3321666,-48.9335373,brasil_aberto,True
GO,5201108,Anápolis,Vila Santa Helena,vila santa helena,-16.3106353,-48.9629914,brasil_aberto,True
GO,5201108,Anápolis,Vila Santa Isabel,vila santa isabel,-16.3060007,-48.9467359,brasil_aberto,True
GO,5201108,Anápolis,Vila Santa Maria,vila santa maria,-16.3232551,-48.9630287,brasil_aberto,True
GO,5201108,Anápolis,Vila Santa Maria de Nazareth,vila santa maria de nazareth,-16.3229141,-48.9372917,brasil_aberto,True
GO,5201108,Anápolis,Vila Santa Rita,vila santa rita,-16.3507978,-48.9597281,brasil_aberto,True
GO,5201108,Anápolis,Vila Santa Rosa,vila santa rosa,-16.3496877,-48.9548902,brasil_aberto,True
GO,5201108,Anápolis,Vila Santa Terezinha,vila santa terezinha,-16.3345469,-48.962002,brasil_aberto,True
GO,5201108,Anápolis,Vila Santana,vila santana,-16.3276661,-48.9496162,brasil_aberto,True
GO,5201108,Anápolis,Vila Sul,vila sul,-16.3309429,-48.9112331,brasil_aberto,True
GO,5201108,Anápolis,Vila São Joaquim,vila sao joaquim,-16.3448086,-48.9736126,brasil_aberto,True
GO,5201108,Anápolis,Vila São Jorge,vila sao jorge,-16.3216069,-48.9650083,brasil_aberto,True
GO,5201108,Anápolis,Vila São José,vila sao jose,-16.3479169,-48.9489409,brasil_aberto,True
GO,5201108,Anápolis,Vila São João,vila sao joao,-16.3177367,-48.963748,brasil_aberto,True
GO,5201108,Anápolis,Vila São Vicente,vila sao vicente,-16.4159051,-48.978589,brasil_aberto,True
GO,5201108,Anápolis,Vila União,vila uniao,-16.3317073,-48.9644297,brasil_aberto,True
GO,5201108,Anápolis,Vila de Lourdes,vila de lourdes,-16.3341538,-48.9574375,brasil_aberto,True
GO,5201108,Anápolis,Vila dos Oficiais,vila dos oficiais,-16.2974381,-48.9508748,brasil_aberto,True
GO,5201108,Anápolis,Vila dos Sargentos,vila dos sargentos,-16.328507,-48.9304855,brasil_aberto,True
GO,5201108,Anápolis,Víviam Parque,viviam parque,-16.3788161,-48.9809585,brasil_aberto,True
GO,5201108,Anápolis,Víviam Parque 2ª Etapa,viviam parque 2ª etapa,-16.3908821,-48.9751625,brasil_aberto,True
GO,5201108,Anápolis,Zona Urbana,zona urbana,-16.2656111,-48.9818803,brasil_aberto,True
GO,5201108,Anápolis,Área Rural de Anápolis,area rural de anapolis,-16.328649,-48.953408,brasil_aberto,True
GO,5201405,Aparecida de Goiânia,All Park Polo Empresarial,all park polo empresarial,-16.8239311,-49.2091849,brasil_aberto,True
GO,5201405,Aparecida de Goiânia,Alvorada Oeste,alvorada oeste,-16.8367718,-49.2263416,brasil_aberto,True
GO,5201405,Aparecida de Goiânia,Alvorada Sul,alvorada sul,-16.8444004,-49.2204625,brasil_aberto,True
GO,5201405,Aparecida de Goiânia,American Park,american park,-16.7823639,-49.2870584,brasil_aberto,True
GO,5201405,Aparecida de Goiânia,Cardoso,cardoso,-16.7533008,-49.3069975,brasil_aberto,True
GO,5201405,Aparecida de Goiânia,Cardoso Continuação,cardoso continuacao,-16.7646821,-49.3134929,brasil_aberto,True
GO,5201405,Aparecida de Goiânia,Chácaras Bela Vista,chacaras bela vista,-16.7402512,-49.2271373,brasil_aberto,True
GO,5201405,Aparecida de Goiânia,Chácaras Condomínio Sonho Verde,chacaras condominio sonho verde,-16.7922026,-49.1978703,brasil_aberto,True
GO,5201405,Aparecida de Goiânia,Chácaras Marivânia,chacaras marivania,-16.78293,-49.23622,brasil_aberto,True
GO,5201405,Aparecida de Goiânia,Chácaras Marivânia Continuação,chacaras marivania continuacao,-16.7963042,-49.2360011,brasil_aberto,True
GO,5201405,Aparecida de Goiânia,Chácaras Santa Luzia,chacaras santa luzia,-16.7842056,-49.2765823,brasil_aberto,True
GO,5201405,Aparecida de Goiânia,Chácaras São Pedro,chacaras sao pedro,-16.759977,-49.2334012,brasil_aberto,True
GO,5201405,Aparecida de Goiânia,Cidade Livre,cidade livre,-16.8285237,-49.2846938,brasil_aberto,True
GO,5201405,Aparecida de Goiânia,Cidade Satélite São Luiz,cidade satelite sao luiz,-16.7708681,-49.281649,brasil_aberto,True
GO,5201405,Aparecida de Goiânia,Cidade Vera Cruz,cidade vera cruz,-16.7048419,-49.3005158,brasil_aberto,True
GO,5201405,Aparecida de Goiânia,Cidade Vera Cruz - Jardins Mônaco,cidade vera cruz - jardins monaco,-16.7625363,-49.2900052,brasil_aberto,True
GO,5201405,Aparecida de Goiânia,Cidade Vera Cruz - Jardins Viena,cidade vera cruz - jardins viena,-16.7472774,-49.3006739,brasil_aberto,True
GO,5201405,Aparecida de Goiânia,Colina Azul,colina azul,-16.8244998,-49.2914584,brasil_aberto,True
GO,5201405,Aparecida de Goiânia,Colinas de Homero,colinas de homero,-16.7970238,-49.2880539,brasil_aberto,True
GO,5201405,Aparecida de Goiânia,Conjunto Estrela do Sul,conjunto estrela do sul,-16.7608104,-49.29719590000001,brasil_aberto,True
GO,5201405,Aparecida de Goiânia,Conjunto Habitacional Madre Germana - 1ª Etapa,conjunto habitacional madre germana - 1ª etapa,-16.8351677,-49.3663103,brasil_aberto,True
GO,5201405,Aparecida de Goiânia,Conjunto Habitacional Madre Germana - 2ª Etapa,conjunto habitacional madre germana - 2ª etapa,-16.8267194,-49.3720702,brasil_aberto,True
GO,5201405,Aparecida de Goiânia,Conjunto Mabel,conjunto mabel,-16.7895412,-49.225238,brasil_aberto,True
GO,5201405,Aparecida de Goiânia,Conjunto Residencial Storil,conjunto residencial storil,-16.7644726,-49.2738471,brasil_aberto,True
GO,5201405,Aparecida de Goiânia,Conjunto Santa Fé,conjunto santa fe,-16.7466516,-49.3004555,brasil_aberto,True
GO,5201405,Aparecida de Goiânia,Célia Maria,celia maria,-16.8267723,-49.2337785,brasil_aberto,True
GO,5201405,Aparecida de Goiânia,Distrito Agroindustrial de Aparecida de Goiânia,distrito agroindustrial de aparecida de goiania,-16.8102246,-49.2116753,brasil_aberto,True
GO,5201405,Aparecida de Goiânia,Expansul,expansul,-16.8178146,-49.2368038,brasil_aberto,True
GO,5201405,Aparecida de Goiânia,Expansul - Continuação I,expansul - continuacao i,-16.8082061,-49.231746,brasil_aberto,True
GO,5201405,Aparecida de Goiânia,Expansul Complemento,expansul complemento,-16.8082061,-49.231746,brasil_aberto,True
GO,5201405,Aparecida de Goiânia,Expansul Continuação,expansul continuacao,-16.804793,-49.2041851,brasil_aberto,True
GO,5201405,Aparecida de Goiânia,Expansul II,expansul ii,-16.7927581,-49.2382043,brasil_aberto,True
GO,5201405,Aparecida de Goiânia,Fazenda Dourados,fazenda dourados,-16.8590404,-49.3994689,brasil_aberto,True
GO,5201405,Aparecida de Goiânia,Fazenda Santo Antônio,fazenda santo antonio,-16.8066806,-49.207494,brasil_aberto,True
GO,5201405,Aparecida de Goiânia,Fazenda Santo Antônio - Jardim Eldorado,fazenda santo antonio - jardim eldorado,-16.8100115,-49.2229383,brasil_aberto,True
GO,5201405,Aparecida de Goiânia,Garavelo Residencial Park,garavelo residencial park,-16.7665277,-49.3305799,brasil_aberto,True
GO,5201405,Aparecida de Goiânia,Goiânia Park Sul,goiania park sul,-16.7944276,-49.3434086,brasil_aberto,True
GO,5201405,Aparecida de Goiânia,Granjas Reunidas Nossa Senhora de Lourdes,granjas reunidas nossa senhora de lourdes,-16.7927581,-49.2382043,brasil_aberto,True
GO,5201405,Aparecida de Goiânia,Ilda,ilda,-16.7545764,-49.2919013,brasil_aberto,True
GO,5201405,Aparecida de Goiânia,Independência,independencia,-16.7535147,-49.334749,brasil_aberto,True
GO,5201405,Aparecida de Goiânia,Independência - 1º Complemento Setor das Mansões,independencia - 1º complemento setor das mansoes,-16.829635,-49.3108773,brasil_aberto,True
GO,5201405,Aparecida de Goiânia,Independência - 2º Complemento,independencia - 2º complemento,-16.8150772,-49.2930047,brasil_aberto,True
GO,5201405,Aparecida de Goiânia,Independência - 3º Complemento,independencia - 3º complemento,-16.8083474,-49.302087,brasil_aberto,True
GO,5201405,Aparecida de Goiânia,Industrial Global Park,industrial global park,-16.8063766,-49.21448950000001,brasil_aberto,True
GO,5201405,Aparecida de Goiânia,Industrial Santo Antônio,industrial santo antonio,-16.7958163,-49.2656341,brasil_aberto,True
GO,5201405,Aparecida de Goiânia,Internacional Park,internacional park,-16.8235778,-49.2258821,brasil_aberto,True
GO,5201405,Aparecida de Goiânia,Itapoã,itapoa,-16.7834247,-49.2157702,brasil_aberto,True
GO,5201405,Aparecida de Goiânia,Jardim Alto Paraíso,jardim alto paraiso,-16.8083999,-49.3438597,brasil_aberto,True
GO,5201405,Aparecida de Goiânia,Jardim Bela Morada,jardim bela morada,-16.7668476,-49.2739664,brasil_aberto,True
GO,5201405,Aparecida de Goiânia,Jardim Bela Vista - Continuação,jardim bela vista - continuacao,-16.7388407,-49.23176,brasil_aberto,True
GO,5201405,Aparecida de Goiânia,Jardim Belo Horizonte,jardim belo horizonte,-16.8243492,-49.246326,brasil_aberto,True
GO,5201405,Aparecida de Goiânia,Jardim Belo Horizonte - Continuação,jardim belo horizonte - continuacao,-16.8283866,-49.2550698,brasil_aberto,True
GO,5201405,Aparecida de Goiânia,Jardim Belo Horizonte Acréscimo II,jardim belo horizonte acrescimo ii,-16.8276245,-49.2440898,brasil_aberto,True
GO,5201405,Aparecida de Goiânia,Jardim Boa Esperança,jardim boa esperanca,-16.8047122,-49.3294888,brasil_aberto,True
GO,5201405,Aparecida de Goiânia,Jardim Boa Esperança - Continuação,jardim boa esperanca - continuacao,-16.8078552,-49.3202988,brasil_aberto,True
GO,5201405,Aparecida de Goiânia,Jardim Bonança,jardim bonanca,-16.7657922,-49.2550543,brasil_aberto,True
GO,5201405,Aparecida de Goiânia,Jardim Buriti Sereno,jardim buriti sereno,-16.7963552,-49.3242946,brasil_aberto,True
GO,5201405,Aparecida de Goiânia,Jardim Canadá,jardim canada,-16.7949623,-49.3047861,brasil_aberto,True
GO,5201405,Aparecida de Goiânia,Jardim Casa Grande,jardim casa grande,-16.8263978,-49.2297296,brasil_aberto,True
GO,5201405,Aparecida de Goiânia,Jardim Cecília,jardim cecilia,-16.8226787,-49.2473476,brasil_aberto,True
GO,5201405,Aparecida de Goiânia,Jardim Colorado,jardim colorado,-16.8291656,-49.305277,brasil_aberto,True
GO,5201405,Aparecida de Goiânia,Jardim Copacabana,jardim copacabana,-16.8108861,-49.2765045,brasil_aberto,True
GO,5201405,Aparecida de Goiânia,Jardim Cristal,jardim cristal,-16.7916422,-49.2389421,brasil_aberto,True
GO,5201405,Aparecida de Goiânia,Jardim Cristalino,jardim cristalino,-16.8213295,-49.2798666,brasil_aberto,True
GO,5201405,Aparecida de Goiânia,Jardim Dom Bosco,jardim dom bosco,-16.8224896,-49.367977,brasil_aberto,True
GO,5201405,Aparecida de Goiânia,Jardim Dom Bosco 2ª Etapa,jardim dom bosco 2ª etapa,-16.8154426,-49.3435675,brasil_aberto,True
GO,5201405,Aparecida de Goiânia,Jardim Eldorado,jardim eldorado,-16.8107484,-49.2265487,brasil_aberto,True
GO,5201405,Aparecida de Goiânia,Jardim Eldorado - Continuação - 2ª Etapa,jardim eldorado - continuacao - 2ª etapa,-16.8131403,-49.2207917,brasil_aberto,True
GO,5201405,Aparecida de Goiânia,Jardim Esplanada,jardim esplanada,-16.8096687,-49.2492995,brasil_aberto,True
GO,5201405,Aparecida de Goiânia,Jardim Florença,jardim florenca,-16.8121884,-49.310657,brasil_aberto,True
GO,5201405,Aparecida de Goiânia,Jardim Helvécia,jardim helvecia,-16.7575444,-49.3278112,brasil_aberto,True
GO,5201405,Aparecida de Goiânia,Jardim Helvécia Complemento,jardim helvecia complemento,-16.7614651,-49.3095534,brasil_aberto,True
GO,5201405,Aparecida de Goiânia,Jardim Himalaia,jardim himalaia,-16.7618482,-49.3039139,brasil_aberto,True
GO,5201405,Aparecida de Goiânia,Jardim Imperial,jardim imperial,-16.7550487,-49.2597911,brasil_aberto,True
GO,5201405,Aparecida de Goiânia,Jardim Ipanema,jardim ipanema,-16.7299341,-49.2759993,brasil_aberto,True
GO,5201405,Aparecida de Goiânia,Jardim Ipanema - 1º Complemento,jardim ipanema - 1º complemento,-16.7884663,-49.23799229999999,brasil_aberto,True
GO,5201405,Aparecida de Goiânia,Jardim Ipiranga,jardim ipiranga,-16.8205547,-49.2608092,brasil_aberto,True
GO,5201405,Aparecida de Goiânia,Jardim Ipiranga - Continuação,jardim ipiranga - continuacao,-16.8216183,-49.2673003,brasil_aberto,True
GO,5201405,Aparecida de Goiânia,Jardim Ipê,jardim ipe,-16.8482763,-49.3732485,brasil_aberto,True
GO,5201405,Aparecida de Goiânia,Jardim Iracema,jardim iracema,-16.8379296,-49.2462203,brasil_aberto,True
GO,5201405,Aparecida de Goiânia,Jardim Isaura,jardim isaura,-16.8028216,-49.3548086,brasil_aberto,True
GO,5201405,Aparecida de Goiânia,Jardim Luz,jardim luz,-16.7550369,-49.2685818,brasil_aberto,True
GO,5201405,Aparecida de Goiânia,Jardim Maranata,jardim maranata,-16.8150055,-49.3641989,brasil_aberto,True
GO,5201405,Aparecida de Goiânia,Jardim Maria Inês,jardim maria ines,-16.7552298,-49.267629,brasil_aberto,True
GO,5201405,Aparecida de Goiânia,Jardim Miramar,jardim miramar,-16.8348256,-49.2287714,brasil_aberto,True
GO,5201405,Aparecida de Goiânia,Jardim Mont Serrat,jardim mont serrat,-16.7602895,-49.2660042,brasil_aberto,True
GO,5201405,Aparecida de Goiânia,Jardim Mont Serrat Complemento,jardim mont serrat complemento,-16.7581351,-49.2632349,brasil_aberto,True
GO,5201405,Aparecida de Goiânia,Jardim Monte Cristo,jardim monte cristo,-16.8254358,-49.2807732,brasil_aberto,True
GO,5201405,Aparecida de Goiânia,Jardim Monte Líbano,jardim monte libano,-16.842448,-49.2961848,brasil_aberto,True
GO,5201405,Aparecida de Goiânia,Jardim Monte Sinai,jardim monte sinai,-16.8311722,-49.3151654,brasil_aberto,True
GO,5201405,Aparecida de Goiânia,Jardim Nova Era,jardim nova era,-16.7454108,-49.284488,brasil_aberto,True
GO,5201405,Aparecida de Goiânia,Jardim Nova Era Acréscimo,jardim nova era acrescimo,-16.7471596,-49.2779387,brasil_aberto,True
GO,5201405,Aparecida de Goiânia,Jardim Olímpico,jardim olimpico,-16.7437287,-49.2252053,brasil_aberto,True
GO,5201405,Aparecida de Goiânia,Jardim Palmares,jardim palmares,-16.824101,-49.2275529,brasil_aberto,True
GO,5201405,Aparecida de Goiânia,Jardim Palácios,jardim palacios,-16.7621211,-49.2482817,brasil_aberto,True
GO,5201405,Aparecida de Goiânia,Jardim Paraíso,jardim paraiso,-16.780047,-49.2406433,brasil_aberto,True
GO,5201405,Aparecida de Goiânia,Jardim Paraíso Acréscimo,jardim paraiso acrescimo,-16.7831241,-49.24106680000001,brasil_aberto,True
GO,5201405,Aparecida de Goiânia,Jardim Paraíso I,jardim paraiso i,-16.7823384,-49.2371793,brasil_aberto,True
GO,5201405,Aparecida de Goiânia,Jardim Repouso,jardim repouso,-16.8280504,-49.2296121,brasil_aberto,True
GO,5201405,Aparecida de Goiânia,Jardim Rio Dourado,jardim rio dourado,-16.827024,-49.3723062,brasil_aberto,True
GO,5201405,Aparecida de Goiânia,Jardim Rio Grande,jardim rio grande,-16.804257,-49.2418313,brasil_aberto,True
GO,5201405,Aparecida de Goiânia,Jardim Rio Grande - Continuação,jardim rio grande - continuacao,-16.8042882,-49.2391495,brasil_aberto,True
GO,5201405,Aparecida de Goiânia,Jardim Riviera,jardim riviera,-16.8224846,-49.2968621,brasil_aberto,True
GO,5201405,Aparecida de Goiânia,Jardim Rosa do Sul,jardim rosa do sul,-16.8362126,-49.2503447,brasil_aberto,True
GO,5201405,Aparecida de Goiânia,Jardim São Conrado,jardim sao conrado,-16.8289361,-49.3602205,brasil_aberto,True
GO,5201405,Aparecida de Goiânia,Jardim Tiradentes,jardim tiradentes,-16.8093397,-49.32598300000001,brasil_aberto,True
GO,5201405,Aparecida de Goiânia,Jardim Transbrasiliano,jardim transbrasiliano,-16.7245186,-49.3017766,brasil_aberto,True
GO,5201405,Aparecida de Goiânia,Jardim Tropical,jardim tropical,-16.7766317,-49.3359232,brasil_aberto,True
GO,5201405,Aparecida de Goiânia,Jardim Veneza,jardim veneza,-16.799193,-49.3130286,brasil_aberto,True
GO,5201405,Aparecida de Goiânia,Jardim das Acácias,jardim das acacias,-16.8211945,-49.2369985,brasil_aberto,True
GO,5201405,Aparecida de Goiânia,Jardim das Cascatas,jardim das cascatas,-16.8163336,-49.331186,brasil_aberto,True
GO,5201405,Aparecida de Goiânia,Jardim das Esmeraldas,jardim das esmeraldas,-16.720037,-49.25792089999999,brasil_aberto,True
GO,5201405,Aparecida de Goiânia,Jardim das Hortências,jardim das hortencias,-16.7747057,-49.3469932,brasil_aberto,True
GO,5201405,Aparecida de Goiânia,Jardim dos Buritis,jardim dos buritis,-16.7668234,-49.2339434,brasil_aberto,True
GO,5201405,Aparecida de Goiânia,Jardim dos Girassóis,jardim dos girassois,-16.8272107,-49.2700186,brasil_aberto,True
GO,5201405,Aparecida de Goiânia,Jardim dos Pomares,jardim dos pomares,-16.7732234,-49.2347348,brasil_aberto,True
GO,5201405,Aparecida de Goiânia,Jardim Áurea,jardim aurea,-16.803319,-49.2616507,brasil_aberto,True
GO,5201405,Aparecida de Goiânia,Jardins Sevilha,jardins sevilha,-16.7593741,-49.3133746,brasil_aberto,True
GO,5201405,Aparecida de Goiânia,Mansões Paraíso,mansoes paraiso,-16.7751283,-49.2892252,brasil_aberto,True
GO,5201405,Aparecida de Goiânia,Morada dos Pássaros,morada dos passaros,-16.7796555,-49.2923949,brasil_aberto,True
GO,5201405,Aparecida de Goiânia,Nova Cidade,nova cidade,-16.8150608,-49.3127441,brasil_aberto,True
GO,5201405,Aparecida de Goiânia,Nova Olinda,nova olinda,-16.8313387,-49.2223917,brasil_aberto,True
GO,5201405,Aparecida de Goiânia,Nova Olinda - 1º Complemento,nova olinda - 1º complemento,-16.8339048,-49.2282838,brasil_aberto,True
GO,5201405,Aparecida de Goiânia,Nova Olinda - 2º Complemento,nova olinda - 2º complemento,-16.8370644,-49.2234242,brasil_aberto,True
GO,5201405,Aparecida de Goiânia,Papillon Park,papillon park,-16.7753157,-49.2752718,brasil_aberto,True
GO,5201405,Aparecida de Goiânia,Papillon Park - Complemento,papillon park - complemento,-16.7797606,-49.2715016,brasil_aberto,True
GO,5201405,Aparecida de Goiânia,Parque Amazônia,parque amazonia,-16.7399899,-49.2772752,brasil_aberto,True
GO,5201405,Aparecida de Goiânia,Parque Atalaia,parque atalaia,-16.818335,-49.2743213,brasil_aberto,True
GO,5201405,Aparecida de Goiânia,Parque Flamboyant,parque flamboyant,-16.7307802,-49.2498922,brasil_aberto,True
GO,5201405,Aparecida de Goiânia,Parque Floresta,parque floresta,-16.7837812,-49.2926959,brasil_aberto,True
GO,5201405,Aparecida de Goiânia,Parque Hayala,parque hayala,-16.8125615,-49.3042567,brasil_aberto,True
GO,5201405,Aparecida de Goiânia,Parque Ibirapuera,parque ibirapuera,-16.8065851,-49.3295837,brasil_aberto,True
GO,5201405,Aparecida de Goiânia,Parque Industrial Araguaia,parque industrial araguaia,-16.8200646,-49.2470515,brasil_aberto,True
GO,5201405,Aparecida de Goiânia,Parque Industrial Vice-Presidente José Alencar,parque industrial vice-presidente jose alencar,,,brasil_aberto,True
GO,5201405,Aparecida de Goiânia,Parque Industrial Vice-Presidente José Alencar - Etapa II,parque industrial vice-presidente jose alencar - etapa ii,-16.7657922,-49.2550543,brasil_aberto,True
GO,5201405,Aparecida de Goiânia,Parque Itamaraty,parque itamaraty,-16.8459043,-49.227388,brasil_aberto,True
GO,5201405,Aparecida de Goiânia,Parque Itatiaia,parque itatiaia,-16.819,-49.2723613,brasil_aberto,True
GO,5201405,Aparecida de Goiânia,Parque Itália,parque italia,-16.8434314,-49.2228456,brasil_aberto,True
GO,5201405,Aparecida de Goiânia,Parque Karajá,parque karaja,-16.7943239,-49.2616507,brasil_aberto,True
GO,5201405,Aparecida de Goiânia,Parque Montreal,parque montreal,-16.8395758,-49.2207038,brasil_aberto,True
GO,5201405,Aparecida de Goiânia,Parque Primavera,parque primavera,-16.8117631,-49.2325651,brasil_aberto,True
GO,5201405,Aparecida de Goiânia,Parque Real de Goiânia,parque real de goiania,-16.7462742,-49.2524662,brasil_aberto,True
GO,5201405,Aparecida de Goiânia,Parque Rio das Pedras,parque rio das pedras,-16.8379752,-49.2478392,brasil_aberto,True
GO,5201405,Aparecida de Goiânia,Parque Santa Cecília,parque santa cecilia,-16.7657922,-49.2550543,brasil_aberto,True
GO,5201405,Aparecida de Goiânia,Parque Santa Cecília 2ª Etapa,parque santa cecilia 2ª etapa,-16.7692459,-49.2535674,brasil_aberto,True
GO,5201405,Aparecida de Goiânia,Parque Trindade,parque trindade,-16.7486194,-49.2119453,brasil_aberto,True
GO,5201405,Aparecida de Goiânia,Parque Trindade II,parque trindade ii,-16.7539114,-49.2047727,brasil_aberto,True
GO,5201405,Aparecida de Goiânia,Parque Trindade III,parque trindade iii,-16.8169371,-49.2656444,brasil_aberto,True
GO,5201405,Aparecida de Goiânia,Parque Veiga Jardim,parque veiga jardim,-16.7866268,-49.2748851,brasil_aberto,True
GO,5201405,Aparecida de Goiânia,Parque das Nações,parque das nacoes,-16.8049184,-49.3017064,brasil_aberto,True
GO,5201405,Aparecida de Goiânia,Parqville Pinheiros,parqville pinheiros,-16.7600993,-49.2264885,brasil_aberto,True
GO,5201405,Aparecida de Goiânia,Polo Empresarial Goiás,polo empresarial goias,-16.78585,-49.25456,brasil_aberto,True
GO,5201405,Aparecida de Goiânia,Polo Empresarial Goiás - Etapa I,polo empresarial goias - etapa i,-16.8060479,-49.267486,brasil_aberto,True
GO,5201405,Aparecida de Goiânia,Polo Empresarial Goiás - Etapa II,polo empresarial goias - etapa ii,-16.7975151,-49.2648709,brasil_aberto,True
GO,5201405,Aparecida de Goiânia,Polo Empresarial Goiás - Etapa III,polo empresarial goias - etapa iii,-16.8060479,-49.267486,brasil_aberto,True
GO,5201405,Aparecida de Goiânia,Polo Empresarial Goiás - Etapa IV,polo empresarial goias - etapa iv,-16.7975151,-49.2648709,brasil_aberto,True
GO,5201405,Aparecida de Goiânia,Polo Empresarial Goiás - Etapa IX,polo empresarial goias - etapa ix,-16.8060479,-49.267486,brasil_aberto,True
GO,5201405,Aparecida de Goiânia,Polo Empresarial Goiás - Etapa V,polo empresarial goias - etapa v,-16.7886972,-49.25707,brasil_aberto,True
GO,5201405,Aparecida de Goiânia,Polo Empresarial Goiás - Etapa VI,polo empresarial goias - etapa vi,-16.7902634,-49.249416,brasil_aberto,True
GO,5201405,Aparecida de Goiânia,Polo Empresarial Goiás - Etapa VII,polo empresarial goias - etapa vii,-16.7927499,-49.2551926,brasil_aberto,True
GO,5201405,Aparecida de Goiânia,Polo Empresarial Goiás - Etapa VIII,polo empresarial goias - etapa viii,-16.7956298,-49.250998,brasil_aberto,True
GO,5201405,Aparecida de Goiânia,Polo Empresarial Goiás - Etapa X,polo empresarial goias - etapa x,-16.8060479,-49.267486,brasil_aberto,True
GO,5201405,Aparecida de Goiânia,Polo Empresarial Goiás - Etapa XI,polo empresarial goias - etapa xi,-16.8107537,-49.2677118,brasil_aberto,True
GO,5201405,Aparecida de Goiânia,Polo Empresarial Goiás - Etapa XII,polo empresarial goias - etapa xii,-16.8098716,-49.241367,brasil_aberto,True
GO,5201405,Aparecida de Goiânia,Polo Empresarial Goiás - Etapa XIII,polo empresarial goias - etapa xiii,,,brasil_aberto,True
GO,5201405,Aparecida de Goiânia,Pontal Sul - Acréscimo,pontal sul - acrescimo,-16.8046397,-49.2947744,brasil_aberto,True
GO,5201405,Aparecida de Goiânia,Porto das Pedras,porto das pedras,-16.7912639,-49.2916365,brasil_aberto,True
GO,5201405,Aparecida de Goiânia,Quinta da Boa Vista,quinta da boa vista,-16.8377859,-49.3413642,brasil_aberto,True
GO,5201405,Aparecida de Goiânia,Real Grandeza,real grandeza,-16.827451,-49.2172699,brasil_aberto,True
GO,5201405,Aparecida de Goiânia,Real Grandeza - 2ª Etapa,real grandeza - 2ª etapa,-16.8303025,-49.2197882,brasil_aberto,True
GO,5201405,Aparecida de Goiânia,Recanto dos Emboabas,recanto dos emboabas,-16.7439663,-49.2503747,brasil_aberto,True
GO,5201405,Aparecida de Goiânia,Residencial Alvaluz,residencial alvaluz,-16.7809938,-49.2642112,brasil_aberto,True
GO,5201405,Aparecida de Goiânia,Residencial Andrade Reis,residencial andrade reis,-16.8267088,-49.2739306,brasil_aberto,True
GO,5201405,Aparecida de Goiânia,Residencial Anhambi,residencial anhambi,-16.8172952,-49.3268249,brasil_aberto,True
GO,5201405,Aparecida de Goiânia,Residencial Araguaia,residencial araguaia,-16.7881693,-49.3500998,brasil_aberto,True
GO,5201405,Aparecida de Goiânia,Residencial Boa Esperança,residencial boa esperanca,,,brasil_aberto,True
GO,5201405,Aparecida de Goiânia,Residencial Brasicon I,residencial brasicon i,-16.8358434,-49.249654,brasil_aberto,True
GO,5201405,Aparecida de Goiânia,Residencial Caraíbas,residencial caraibas,-16.7796075,-49.3433968,brasil_aberto,True
GO,5201405,Aparecida de Goiânia,Residencial Cândido Queiroz,residencial candido queiroz,-16.7700035,-49.2589139,brasil_aberto,True
GO,5201405,Aparecida de Goiânia,Residencial Goiani,residencial goiani,-16.8023651,-49.347111,brasil_aberto,True
GO,5201405,Aparecida de Goiânia,Residencial Maria Luiza,residencial maria luiza,-16.806548,-49.2608308,brasil_aberto,True
GO,5201405,Aparecida de Goiânia,Residencial Norte Sul,residencial norte sul,-16.7803603,-49.3416809,brasil_aberto,True
GO,5201405,Aparecida de Goiânia,Residencial Parqville Jacarandá,residencial parqville jacaranda,-16.8061881,-49.25302,brasil_aberto,True
GO,5201405,Aparecida de Goiânia,Residencial Por do Sol,residencial por do sol,-16.7770485,-49.3526254,brasil_aberto,True
GO,5201405,Aparecida de Goiânia,Residencial Recanto do Cerrado,residencial recanto do cerrado,-16.7435069,-49.3024987,brasil_aberto,True
GO,5201405,Aparecida de Goiânia,Residencial Serra das Brisas,residencial serra das brisas,-16.7893322,-49.3524381,brasil_aberto,True
GO,5201405,Aparecida de Goiânia,Residencial Solar Central Park,residencial solar central park,-16.8106456,-49.2612481,brasil_aberto,True
GO,5201405,Aparecida de Goiânia,Residencial Solar Garden I,residencial solar garden i,-16.8060644,-49.2555101,brasil_aberto,True
GO,5201405,Aparecida de Goiânia,Residencial Solar Garden II,residencial solar garden ii,-16.8060644,-49.2555101,brasil_aberto,True
GO,5201405,Aparecida de Goiânia,Residencial Solar Sul,residencial solar sul,-16.8499186,-49.2284082,brasil_aberto,True
GO,5201405,Aparecida de Goiânia,Residencial Village Garavelo,residencial village garavelo,-16.818675,-49.2534381,brasil_aberto,True
GO,5201405,Aparecida de Goiânia,Residencial Village Garavelo - 2ª Etapa,residencial village garavelo - 2ª etapa,-16.8180811,-49.2598662,brasil_aberto,True
GO,5201405,Aparecida de Goiânia,Residencial Village Garavelo - Continuação,residencial village garavelo - continuacao,-16.829635,-49.3108773,brasil_aberto,True
GO,5201405,Aparecida de Goiânia,Retiro do Bosque,retiro do bosque,-16.829875,-49.2319574,brasil_aberto,True
GO,5201405,Aparecida de Goiânia,Retiro do Bosque - Acréscimo,retiro do bosque - acrescimo,-16.8286672,-49.2425598,brasil_aberto,True
GO,5201405,Aparecida de Goiânia,Riviera Sul,riviera sul,-16.7872127,-49.2226827,brasil_aberto,True
GO,5201405,Aparecida de Goiânia,Rosa dos Ventos,rosa dos ventos,-16.8470655,-49.243747,brasil_aberto,True
GO,5201405,Aparecida de Goiânia,Setor Aeroporto Sul,setor aeroporto sul,-16.8056956,-49.3534067,brasil_aberto,True
GO,5201405,Aparecida de Goiânia,Setor Aeroporto Sul - 2ª Etapa,setor aeroporto sul - 2ª etapa,-16.7998848,-49.3451588,brasil_aberto,True
GO,5201405,Aparecida de Goiânia,Setor Aeroporto Sul - 3ª Etapa,setor aeroporto sul - 3ª etapa,-16.79846,-49.3523515,brasil_aberto,True
GO,5201405,Aparecida de Goiânia,Setor Ana Rosa,setor ana rosa,-16.8199288,-49.2372672,brasil_aberto,True
GO,5201405,Aparecida de Goiânia,Setor Araguaia,setor araguaia,-16.8143238,-49.2431618,brasil_aberto,True
GO,5201405,Aparecida de Goiânia,Setor Araguaia Acréscimo,setor araguaia acrescimo,-16.7605378,-49.233427,brasil_aberto,True
GO,5201405,Aparecida de Goiânia,Setor Belo Horizonte,setor belo horizonte,-16.7845879,-49.352454,brasil_aberto,True
GO,5201405,Aparecida de Goiânia,Setor Buenos Aires - 1ª Etapa,setor buenos aires - 1ª etapa,-16.8021853,-49.1803081,brasil_aberto,True
GO,5201405,Aparecida de Goiânia,Setor Buenos Aires - 2ª Etapa,setor buenos aires - 2ª etapa,-16.8021853,-49.1803081,brasil_aberto,True
GO,5201405,Aparecida de Goiânia,Setor Central,setor central,-16.8240681,-49.2448029,brasil_aberto,True
GO,5201405,Aparecida de Goiânia,Setor Colonial Sul,setor colonial sul,-16.7973524,-49.32327,brasil_aberto,True
GO,5201405,Aparecida de Goiânia,Setor Comendador Walmor,setor comendador walmor,-16.8375198,-49.2947252,brasil_aberto,True
GO,5201405,Aparecida de Goiânia,Setor Conde dos Arcos,setor conde dos arcos,-16.8127738,-49.2816773,brasil_aberto,True
GO,5201405,Aparecida de Goiânia,Setor Conde dos Arcos Complemento,setor conde dos arcos complemento,-16.8185855,-49.2832614,brasil_aberto,True
GO,5201405,Aparecida de Goiânia,Setor Continental,setor continental,-16.8000049,-49.1935848,brasil_aberto,True
GO,5201405,Aparecida de Goiânia,Setor Fabrício,setor fabricio,-16.8285237,-49.2846938,brasil_aberto,True
GO,5201405,Aparecida de Goiânia,Setor Franco,setor franco,-16.7767983,-49.2165961,brasil_aberto,True
GO,5201405,Aparecida de Goiânia,Setor Garavelo,setor garavelo,-16.7879432,-49.3216859,brasil_aberto,True
GO,5201405,Aparecida de Goiânia,Setor Marista Sul,setor marista sul,-16.8314593,-49.2757608,brasil_aberto,True
GO,5201405,Aparecida de Goiânia,Setor Ocidente da Vila Brasília,setor ocidente da vila brasilia,-16.7397541,-49.2655925,brasil_aberto,True
GO,5201405,Aparecida de Goiânia,Setor Oeste,setor oeste,-16.8193934,-49.2462791,brasil_aberto,True
GO,5201405,Aparecida de Goiânia,Setor Pampulha,setor pampulha,-16.7385636,-49.2742192,brasil_aberto,True
GO,5201405,Aparecida de Goiânia,Setor Planície,setor planicie,-16.8303709,-49.2259221,brasil_aberto,True
GO,5201405,Aparecida de Goiânia,Setor Residencial Campos Elísios,setor residencial campos elisios,-16.8063827,-49.3172014,brasil_aberto,True
GO,5201405,Aparecida de Goiânia,Setor Rio Vermelho,setor rio vermelho,-16.8449071,-49.2907852,brasil_aberto,True
GO,5201405,Aparecida de Goiânia,Setor Santo André,setor santo andre,-16.7958107,-49.2454599,brasil_aberto,True
GO,5201405,Aparecida de Goiânia,Setor Serra Dourada - 1ª Etapa,setor serra dourada - 1ª etapa,-16.7488037,-49.2317098,brasil_aberto,True
GO,5201405,Aparecida de Goiânia,Setor Serra Dourada - 2ª Etapa,setor serra dourada - 2ª etapa,-16.8260611,-49.2645191,brasil_aberto,True
GO,5201405,Aparecida de Goiânia,Setor Serra Dourada - 3ª Etapa,setor serra dourada - 3ª etapa,-16.8266258,-49.2575333,brasil_aberto,True
GO,5201405,Aparecida de Goiânia,Setor Serra Dourada - 4ª Etapa,setor serra dourada - 4ª etapa,-16.7497138,-49.2372739,brasil_aberto,True
GO,5201405,Aparecida de Goiânia,Setor Tocantins,setor tocantins,-17.4165023,-50.4173903,brasil_aberto,True
GO,5201405,Aparecida de Goiânia,Setor dos Afonsos,setor dos afonsos,-16.7415721,-49.2677384,brasil_aberto,True
GO,5201405,Aparecida de Goiânia,Setor dos Bandeirantes,setor dos bandeirantes,-16.7958698,-49.352762,brasil_aberto,True
GO,5201405,Aparecida de Goiânia,Setor dos Bandeirantes Acréscimo 01,setor dos bandeirantes acrescimo 01,-16.7935357,-49.3557973,brasil_aberto,True
GO,5201405,Aparecida de Goiânia,Setor dos Estados,setor dos estados,-16.8299589,-49.3560879,brasil_aberto,True
GO,5201405,Aparecida de Goiânia,Solar das Candeias,solar das candeias,-16.7536644,-49.3068576,brasil_aberto,True
GO,5201405,Aparecida de Goiânia,Sítios Santa Luzia,sitios santa luzia,-16.7927581,-49.2382043,brasil_aberto,True
GO,5201405,Aparecida de Goiânia,Sítios Santa Luzia Residencial,sitios santa luzia residencial,-16.7571493,-49.2277403,brasil_aberto,True
GO,5201405,Aparecida de Goiânia,Terra Prometida,terra prometida,-16.7921237,-49.2650772,brasil_aberto,True
GO,5201405,Aparecida de Goiânia,Terra do Sol,terra do sol,-16.8016584,-49.1969046,brasil_aberto,True
GO,5201405,Aparecida de Goiânia,Vale do Sol,vale do sol,-16.7834247,-49.2157702,brasil_aberto,True
GO,5201405,Aparecida de Goiânia,Vale do Sol - Gleba 5,vale do sol - gleba 5,-16.7850317,-49.2067873,brasil_aberto,True
GO,5201405,Aparecida de Goiânia,Veiga Jardim - Acréscimo,veiga jardim - acrescimo,-16.78659,-49.24545999999999,brasil_aberto,True
GO,5201405,Aparecida de Goiânia,Vera Cruz,vera cruz,-16.831247,-49.2436593,brasil_aberto,True
GO,5201405,Aparecida de Goiânia,Verde Vale,verde vale,-16.8291899,-49.2375436,brasil_aberto,True
GO,5201405,Aparecida de Goiânia,Vila Adélia,vila adelia,-16.8161669,-49.2375841,brasil_aberto,True
GO,5201405,Aparecida de Goiânia,Vila Adélia - 3ª Etapa,vila adelia - 3ª etapa,-16.7151475,-49.2346241,brasil_aberto,True
GO,5201405,Aparecida de Goiânia,Vila Alzira,vila alzira,-16.7589278,-49.2539973,brasil_aberto,True
GO,5201405,Aparecida de Goiânia,Vila Brasília,vila brasilia,-16.7343591,-49.2565826,brasil_aberto,True
GO,5201405,Aparecida de Goiânia,Vila Brasília Complemento,vila brasilia complemento,-16.7354936,-49.2633349,brasil_aberto,True
GO,5201405,Aparecida de Goiânia,Vila Brasília Sul,vila brasilia sul,-16.7463507,-49.2660479,brasil_aberto,True
GO,5201405,Aparecida de Goiânia,Vila Cruzeiro do Sul,vila cruzeiro do sul,-16.7601492,-49.273467,brasil_aberto,True
GO,5201405,Aparecida de Goiânia,Vila Cruzeiro do Sul - Acréscimo,vila cruzeiro do sul - acrescimo,-16.7601492,-49.273467,brasil_aberto,True
GO,5201405,Aparecida de Goiânia,Vila Irmãos Souza,vila irmaos souza,-16.8228543,-49.2385714,brasil_aberto,True
GO,5201405,Aparecida de Goiânia,Vila Izaura,vila izaura,-16.7765119,-49.3007075,brasil_aberto,True
GO,5201405,Aparecida de Goiânia,Vila Maria,vila maria,-16.7758551,-49.2532297,brasil_aberto,True
GO,5201405,Aparecida de Goiânia,Vila Maria - Complemento,vila maria - complemento,-16.7725395,-49.2449258,brasil_aberto,True
GO,5201405,Aparecida de Goiânia,Vila Mariana,vila mariana,-16.7509982,-49.2872258,brasil_aberto,True
GO,5201405,Aparecida de Goiânia,Vila Nossa Senhora de Lourdes,vila nossa senhora de lourdes,-16.7419143,-49.2376888,brasil_aberto,True
GO,5201405,Aparecida de Goiânia,Vila Oliveira,vila oliveira,-16.8017983,-49.2843686,brasil_aberto,True
GO,5201405,Aparecida de Goiânia,Vila Real,vila real,-16.7834247,-49.2157702,brasil_aberto,True
GO,5201405,Aparecida de Goiânia,Vila Rosa,vila rosa,-16.7468516,-49.2948614,brasil_aberto,True
GO,5201405,Aparecida de Goiânia,Vila Santa,vila santa,-16.7501662,-49.2404072,brasil_aberto,True
GO,5201405,Aparecida de Goiânia,Vila Santo Antonio - Conjunto Liberdade,vila santo antonio - conjunto liberdade,-16.7340232,-49.2502287,brasil_aberto,True
GO,5201405,Aparecida de Goiânia,Vila Santo Antônio,vila santo antonio,-16.7741206,-49.29644,brasil_aberto,True
GO,5201405,Aparecida de Goiânia,Vila Santo Antônio - Segundo Acréscimo,vila santo antonio - segundo acrescimo,-16.727237,-49.2889439,brasil_aberto,True
GO,5201405,Aparecida de Goiânia,Vila Santos Dumont,vila santos dumont,-16.7474072,-49.2467217,brasil_aberto,True
GO,5201405,Aparecida de Goiânia,Vila São Joaquim,vila sao joaquim,-16.7492019,-49.247808,brasil_aberto,True
GO,5201405,Aparecida de Goiânia,Vila São Jorge,vila sao jorge,-16.8226787,-49.2473476,brasil_aberto,True
GO,5201405,Aparecida de Goiânia,Vila São Manoel,vila sao manoel,-16.840487,-49.2478775,brasil_aberto,True
GO,5201405,Aparecida de Goiânia,Vila São Tomaz,vila sao tomaz,-16.7469745,-49.2754137,brasil_aberto,True
GO,5201405,Aparecida de Goiânia,Villa Deifiore,villa deifiore,-16.8248536,-49.3366819,brasil_aberto,True
GO,5201405,Aparecida de Goiânia,Villa Romana,villa romana,-16.8212129,-49.3428799,brasil_aberto,True
GO,5201405,Aparecida de Goiânia,Villasul,villasul,-16.7402786,-49.2448022,brasil_aberto,True
GO,5201405,Aparecida de Goiânia,Villasul V,villasul v,-16.7927581,-49.2382043,brasil_aberto,True
GO,5201405,Aparecida de Goiânia,Virgínia Parque,virginia parque,-16.7893322,-49.3524381,brasil_aberto,True
GO,5201405,Aparecida de Goiânia,Águas Claras,aguas claras,-16.8270397,-49.2548277,brasil_aberto,True
GO,5201405,Aparecida de Goiânia,Área Rural de Aparecida de Goiânia,area rural de aparecida de goiania,-16.8226787,-49.2473476,brasil_aberto,True
GO,5201454,Aparecida do Rio Doce,Setor Central,setor central,-18.2987686,-51.1507904,brasil_aberto,True
GO,5201504,Aporé,Setor Central,setor central,-16.6762369,-49.25807150000001,brasil_aberto,True
GO,5201702,Aragarças,Setor Araguaia,setor araguaia,,,brasil_aberto,True
GO,5201801,Aragoiânia,Setor Central,setor central,-16.9112168,-49.4502164,brasil_aberto,True
GO,5202155,Araguapaz,Setor Oeste,setor oeste,,,brasil_aberto,True
GO,5201603,Araçu,Setor Central,setor central,-16.3571581,-49.6806275,brasil_aberto,True
GO,5202353,Arenópolis,Setor Central,setor central,,,brasil_aberto,True
GO,5202502,Aruanã,Setor Central,setor central,-14.0930836,-46.3677438,brasil_aberto,True
GO,5202601,Aurilândia,Setor Central,setor central,-16.6783193,-50.4651547,brasil_aberto,True
GO,5202809,Avelinópolis,Setor Irani,setor irani,-16.4677693,-49.7588492,brasil_aberto,True
GO,5203104,Baliza,Setor Central,setor central,-15.7050424,-49.36531489999999,brasil_aberto,True
GO,5203203,Barro Alto,Setor Central,setor central,-14.9717264,-48.9167082,brasil_aberto,True
GO,5203203,Barro Alto,Souzalândia,souzalandia,-15.1256243,-48.9340723,brasil_aberto,True
GO,5203302,Bela Vista de Goiás,Distrito de Roselândia,distrito de roselandia,-16.8631746,-49.0442474,brasil_aberto,True
GO,5203302,Bela Vista de Goiás,Jardim Barcelona,jardim barcelona,-16.789516,-49.0972907,brasil_aberto,True
GO,5203302,Bela Vista de Goiás,Setor Central,setor central,-15.3098623,-49.6029362,brasil_aberto,True
GO,5203401,Bom Jardim de Goiás,Setor Central,setor central,,,brasil_aberto,True
GO,5203500,Bom Jesus de Goiás,Setor Central,setor central,-18.2203094,-49.7350341,brasil_aberto,True
GO,5203559,Bonfinópolis,Setor Central,setor central,-16.6186447,-48.9620565,brasil_aberto,True
GO,5203575,Bonópolis,Setor Central,setor central,,,brasil_aberto,True
GO,5203609,Brazabrantes,Setor Central,setor central,-16.6605219,-49.2742466,brasil_aberto,True
GO,5203807,Britânia,Setor Central,setor central,,,brasil_aberto,True
GO,5203906,Buriti Alegre,Setor Central,setor central,-18.1410938,-49.0466378,brasil_aberto,True
GO,5203939,Buriti de Goiás,Setor Central,setor central,-16.1818677,-50.4317529,brasil_aberto,True
GO,5203962,Buritinópolis,Centro,centro,-14.4581987,-46.4302995,brasil_aberto,True
GO,5204003,Cabeceiras,Parque São João,parque sao joao,,,brasil_aberto,True
GO,5204102,Cachoeira Alta,Setor Central,setor central,-18.7609889,-50.94206,brasil_aberto,True
GO,5204250,Cachoeira Dourada,Setor Central,setor central,-16.7289068,-49.3303574,brasil_aberto,True
GO,5204201,Cachoeira de Goiás,Setor Central,setor central,-17.7321335,-49.4764826,brasil_aberto,True
GO,5204409,Caiapônia,Setor Central,setor central,-16.9540643,-51.8100394,brasil_aberto,True
GO,5204508,Caldas Novas,Anhanguera,anhanguera,-18.3310193,-48.2173228,brasil_aberto,True
GO,5204508,Caldas Novas,Bandeirante,bandeirante,-17.7095537,-48.5991784,brasil_aberto,True
GO,5204508,Caldas Novas,Caldas do Oeste,caldas do oeste,-17.7467288,-48.6077073,brasil_aberto,True
GO,5204508,Caldas Novas,Centro,centro,-17.740125,-48.6261897,brasil_aberto,True
GO,5204508,Caldas Novas,Chácara Roma,chacara roma,-17.7266077,-48.6286508,brasil_aberto,True
GO,5204508,Caldas Novas,Chácaras Aconchego,chacaras aconchego,-17.783124,-48.5912976,brasil_aberto,True
GO,5204508,Caldas Novas,Chácaras Itapema,chacaras itapema,-17.7242221,-48.6547379,brasil_aberto,True
GO,5204508,Caldas Novas,Chácaras Primavera,chacaras primavera,-17.7004287,-48.6499359,brasil_aberto,True
GO,5204508,Caldas Novas,Chácaras Vereda das Lajes,chacaras vereda das lajes,-17.7568248,-48.6194623,brasil_aberto,True
GO,5204508,Caldas Novas,Condomínio Alphaville-6,condominio alphaville-6,-17.7390689,-48.580677,brasil_aberto,True
GO,5204508,Caldas Novas,Condomínio Barra do Pirapitinga,condominio barra do pirapitinga,-17.7445016,-48.5744242,brasil_aberto,True
GO,5204508,Caldas Novas,Condomínio Del Fiori,condominio del fiori,-17.7172198,-48.6498162,brasil_aberto,True
GO,5204508,Caldas Novas,Condomínio Mansões Ilha Bela,condominio mansoes ilha bela,-17.7614794,-48.51461889999999,brasil_aberto,True
GO,5204508,Caldas Novas,Condomínio Marinas di Caldas,condominio marinas di caldas,-17.7698845,-48.5857133,brasil_aberto,True
GO,5204508,Caldas Novas,Condomínio Morada do Lago,condominio morada do lago,-17.7619109,-48.569001,brasil_aberto,True
GO,5204508,Caldas Novas,Condomínio Náutico Privê das Caldas,condominio nautico prive das caldas,-17.7764186,-48.5925935,brasil_aberto,True
GO,5204508,Caldas Novas,Condomínio Residence Rohr,condominio residence rohr,-17.6567024,-48.5683155,brasil_aberto,True
GO,5204508,Caldas Novas,Condomínio Residencial Florença,condominio residencial florenca,-17.7136986,-48.6675185,brasil_aberto,True
GO,5204508,Caldas Novas,Condomínio Residencial Porto Seguro,condominio residencial porto seguro,-17.7735584,-48.5880264,brasil_aberto,True
GO,5204508,Caldas Novas,Condomínio Residencial dos Girassóis,condominio residencial dos girassois,-17.6925722,-48.594004,brasil_aberto,True
GO,5204508,Caldas Novas,Condomínio Saint Germain,condominio saint germain,-17.7390689,-48.580677,brasil_aberto,True
GO,5204508,Caldas Novas,Condomínio San Francisco,condominio san francisco,-17.7481382,-48.638399,brasil_aberto,True
GO,5204508,Caldas Novas,Condomínio Sonho Meu,condominio sonho meu,-17.7735356,-48.5877389,brasil_aberto,True
GO,5204508,Caldas Novas,Condomínio Àgua Viva,condominio agua viva,-17.7445191,-48.6250248,brasil_aberto,True
GO,5204508,Caldas Novas,Conjunto Mara Morena,conjunto mara morena,-17.7459044,-48.61486,brasil_aberto,True
GO,5204508,Caldas Novas,Das Nações,das nacoes,-17.756744,-48.6192382,brasil_aberto,True
GO,5204508,Caldas Novas,Distrito Agroindustrial de Caldas Novas,distrito agroindustrial de caldas novas,-16.7248311,-49.127197,brasil_aberto,True
GO,5204508,Caldas Novas,Do Turista,do turista,-17.7377352,-48.6309472,brasil_aberto,True
GO,5204508,Caldas Novas,Do Turista 2ª Etapa,do turista 2ª etapa,-17.7315499,-48.6317834,brasil_aberto,True
GO,5204508,Caldas Novas,Don Felipe,don felipe,-17.7037722,-48.6619945,brasil_aberto,True
GO,5204508,Caldas Novas,Estância Boa Vista,estancia boa vista,-17.7731511,-48.6193246,brasil_aberto,True
GO,5204508,Caldas Novas,Estância Itaguaí,estancia itaguai,-17.7568248,-48.6194623,brasil_aberto,True
GO,5204508,Caldas Novas,Estância Itaici,estancia itaici,-17.7544465,-48.6133025,brasil_aberto,True
GO,5204508,Caldas Novas,Estância Itajá,estancia itaja,-17.7544465,-48.6133025,brasil_aberto,True
GO,5204508,Caldas Novas,Estância Itanhangá,estancia itanhanga,-17.7598797,-48.6329891,brasil_aberto,True
GO,5204508,Caldas Novas,Estância Itapuã,estancia itapua,-17.7525997,-48.6480958,brasil_aberto,True
GO,5204508,Caldas Novas,Estância Jequitimar,estancia jequitimar,-17.7445191,-48.6250248,brasil_aberto,True
GO,5204508,Caldas Novas,Estância Tamburi,estancia tamburi,-17.7445191,-48.6250248,brasil_aberto,True
GO,5204508,Caldas Novas,Estância dos Buritis,estancia dos buritis,-17.7411484,-48.6144023,brasil_aberto,True
GO,5204508,Caldas Novas,Green Gardens,green gardens,-17.7445191,-48.6250248,brasil_aberto,True
GO,5204508,Caldas Novas,Jardim Belvedere,jardim belvedere,-17.7314259,-48.6382658,brasil_aberto,True
GO,5204508,Caldas Novas,Jardim Esmeralda,jardim esmeralda,-17.7467561,-48.59494249999999,brasil_aberto,True
GO,5204508,Caldas Novas,Jardim França,jardim franca,-17.7505881,-48.6028334,brasil_aberto,True
GO,5204508,Caldas Novas,Jardim Hanashiro,jardim hanashiro,-17.756407,-48.6312595,brasil_aberto,True
GO,5204508,Caldas Novas,Jardim Interlago,jardim interlago,-17.7772118,-48.5961403,brasil_aberto,True
GO,5204508,Caldas Novas,Jardim Jeriquara,jardim jeriquara,-17.7445191,-48.6250248,brasil_aberto,True
GO,5204508,Caldas Novas,Jardim Jussara,jardim jussara,-17.7684216,-48.6316672,brasil_aberto,True
GO,5204508,Caldas Novas,Jardim Metodista,jardim metodista,-17.7733081,-48.6092948,brasil_aberto,True
GO,5204508,Caldas Novas,Jardim Paraíso,jardim paraiso,-17.724295,-48.6188344,brasil_aberto,True
GO,5204508,Caldas Novas,Jardim Park Sul,jardim park sul,-17.7444786,-48.6249802,brasil_aberto,True
GO,5204508,Caldas Novas,Jardim Privê das Caldas,jardim prive das caldas,-17.7230837,-48.5940095,brasil_aberto,True
GO,5204508,Caldas Novas,Jardim Roma,jardim roma,-17.7477896,-48.6200974,brasil_aberto,True
GO,5204508,Caldas Novas,Jardim Serrano,jardim serrano,-17.7629795,-48.6393145,brasil_aberto,True
GO,5204508,Caldas Novas,Jardim Tangará,jardim tangara,-17.7414245,-48.5867368,brasil_aberto,True
GO,5204508,Caldas Novas,Jardim Vitória,jardim vitoria,-17.7404348,-48.6454286,brasil_aberto,True
GO,5204508,Caldas Novas,Jardim dos Buritis,jardim dos buritis,-17.7437594,-48.614309,brasil_aberto,True
GO,5204508,Caldas Novas,Jardim dos Ipês,jardim dos ipes,-17.754412,-48.622665,brasil_aberto,True
GO,5204508,Caldas Novas,Jardim dos Turistas,jardim dos turistas,-17.7498307,-48.6206477,brasil_aberto,True
GO,5204508,Caldas Novas,Jardins do Lago,jardins do lago,-17.7687447,-48.6062082,brasil_aberto,True
GO,5204508,Caldas Novas,Junquerlândia,junquerlandia,-17.7136986,-48.6675185,brasil_aberto,True
GO,5204508,Caldas Novas,Mansões Aldeia do Lago,mansoes aldeia do lago,-17.7737899,-48.5750488,brasil_aberto,True
GO,5204508,Caldas Novas,Mansões Le Village Blanc,mansoes le village blanc,-17.7582642,-48.615722,brasil_aberto,True
GO,5204508,Caldas Novas,Mansões Privê do Lago,mansoes prive do lago,-17.7445191,-48.6250248,brasil_aberto,True
GO,5204508,Caldas Novas,Mansões Recanto da Serra,mansoes recanto da serra,-17.7043935,-48.6171691,brasil_aberto,True
GO,5204508,Caldas Novas,Mansões Solar do Lago,mansoes solar do lago,-17.7649623,-48.5670053,brasil_aberto,True
GO,5204508,Caldas Novas,Mansões Águas Quentes,mansoes aguas quentes,-17.711917,-48.6443273,brasil_aberto,True
GO,5204508,Caldas Novas,Marina Enseada Residence,marina enseada residence,-17.7772118,-48.5961403,brasil_aberto,True
GO,5204508,Caldas Novas,Nossa Senhora de Fátima,nossa senhora de fatima,-17.7445191,-48.6250248,brasil_aberto,True
GO,5204508,Caldas Novas,Noua Condomínio Náutico,noua condominio nautico,-17.7746525,-48.5690575,brasil_aberto,True
GO,5204508,Caldas Novas,Nova Vila,nova vila,-17.7457652,-48.6212928,brasil_aberto,True
GO,5204508,Caldas Novas,Parque Flamboyant,parque flamboyant,-17.7445191,-48.6250248,brasil_aberto,True
GO,5204508,Caldas Novas,Parque Jardim Brasil,parque jardim brasil,-17.7393085,-48.6373109,brasil_aberto,True
GO,5204508,Caldas Novas,Parque Real,parque real,-17.7413616,-48.6093842,brasil_aberto,True
GO,5204508,Caldas Novas,Parque Residencial Holliday,parque residencial holliday,-17.7434557,-48.5865871,brasil_aberto,True
GO,5204508,Caldas Novas,Parque Thermas Caldas,parque thermas caldas,-17.7756262,-48.5944041,brasil_aberto,True
GO,5204508,Caldas Novas,Parque das Brisas I,parque das brisas i,-17.7444786,-48.6249802,brasil_aberto,True
GO,5204508,Caldas Novas,Parque das Brisas III,parque das brisas iii,-17.7587628,-48.6070682,brasil_aberto,True
GO,5204508,Caldas Novas,Parque das Laranjeiras,parque das laranjeiras,-17.7900047,-48.6350786,brasil_aberto,True
GO,5204508,Caldas Novas,Parque das Águas Quentes 2,parque das aguas quentes 2,-17.739499,-48.6315262,brasil_aberto,True
GO,5204508,Caldas Novas,Parque dos Pomares,parque dos pomares,-17.7473574,-48.5896704,brasil_aberto,True
GO,5204508,Caldas Novas,Popular,popular,-17.7463556,-48.6130321,brasil_aberto,True
GO,5204508,Caldas Novas,Portal das Águas Quentes,portal das aguas quentes,-17.7439163,-48.6487507,brasil_aberto,True
GO,5204508,Caldas Novas,Recanto Passagem do Lago,recanto passagem do lago,-17.7421589,-48.5792957,brasil_aberto,True
GO,5204508,Caldas Novas,Recanto dos Amigos,recanto dos amigos,-17.7756262,-48.5944041,brasil_aberto,True
GO,5204508,Caldas Novas,Recanto dos Eucaliptos,recanto dos eucaliptos,-17.7414036,-48.6102971,brasil_aberto,True
GO,5204508,Caldas Novas,Residencial Aldeia das Thermas,residencial aldeia das thermas,-17.7087848,-48.6588849,brasil_aberto,True
GO,5204508,Caldas Novas,Residencial Alto da Boa Vista,residencial alto da boa vista,-17.7495455,-48.586663,brasil_aberto,True
GO,5204508,Caldas Novas,Residencial Caminho do Lago,residencial caminho do lago,-17.7384846,-48.5799248,brasil_aberto,True
GO,5204508,Caldas Novas,Residencial Eldorado Park I,residencial eldorado park i,-17.7568248,-48.6194623,brasil_aberto,True
GO,5204508,Caldas Novas,Residencial Eldorado Park II,residencial eldorado park ii,-17.7568248,-48.6194623,brasil_aberto,True
GO,5204508,Caldas Novas,Residencial Jardim Brasília,residencial jardim brasilia,-17.7445191,-48.6250248,brasil_aberto,True
GO,5204508,Caldas Novas,Residencial Konesuk,residencial konesuk,-17.6925722,-48.594004,brasil_aberto,True
GO,5204508,Caldas Novas,Residencial Lafaiete de Godoi,residencial lafaiete de godoi,-17.7037722,-48.6619945,brasil_aberto,True
GO,5204508,Caldas Novas,Residencial Lago das Aroeiras,residencial lago das aroeiras,-17.7431585,-48.5961386,brasil_aberto,True
GO,5204508,Caldas Novas,Residencial Lago das Brisas,residencial lago das brisas,-17.7777172,-48.6166073,brasil_aberto,True
GO,5204508,Caldas Novas,Residencial Lago de Cristal,residencial lago de cristal,-17.7343177,-48.56873479999999,brasil_aberto,True
GO,5204508,Caldas Novas,Residencial Lago dos Ipês,residencial lago dos ipes,-17.743149,-48.6132625,brasil_aberto,True
GO,5204508,Caldas Novas,Residencial Morada Nobre,residencial morada nobre,-17.7589789,-48.583721,brasil_aberto,True
GO,5204508,Caldas Novas,Residencial Nova Canaã,residencial nova canaa,-17.749191,-48.6061211,brasil_aberto,True
GO,5204508,Caldas Novas,Residencial Ouro Verde,residencial ouro verde,-17.776271,-48.611683,brasil_aberto,True
GO,5204508,Caldas Novas,Residencial Paraíso,residencial paraiso,-17.7245315,-48.6361655,brasil_aberto,True
GO,5204508,Caldas Novas,Residencial Portal do Lago,residencial portal do lago,-17.7445191,-48.6250248,brasil_aberto,True
GO,5204508,Caldas Novas,Residencial Primavera,residencial primavera,-17.7462199,-48.6239287,brasil_aberto,True
GO,5204508,Caldas Novas,Residencial Recanto das Garças,residencial recanto das garcas,-16.643001,-49.3862604,brasil_aberto,True
GO,5204508,Caldas Novas,Residencial Recanto das Águas,residencial recanto das aguas,-17.7445191,-48.6250248,brasil_aberto,True
GO,5204508,Caldas Novas,Residencial Recanto de Caldas,residencial recanto de caldas,-17.7385772,-48.5746336,brasil_aberto,True
GO,5204508,Caldas Novas,Residencial Recanto do Lago,residencial recanto do lago,-17.7582642,-48.615722,brasil_aberto,True
GO,5204508,Caldas Novas,Residencial Santa Clara,residencial santa clara,-17.761186,-48.5805565,brasil_aberto,True
GO,5204508,Caldas Novas,Residencial Santa Cruz,residencial santa cruz,-17.7582642,-48.615722,brasil_aberto,True
GO,5204508,Caldas Novas,Residencial Serra Parque,residencial serra parque,-17.7445191,-48.6250248,brasil_aberto,True
GO,5204508,Caldas Novas,Residencial Sonho Meu,residencial sonho meu,,,brasil_aberto,True
GO,5204508,Caldas Novas,Residencial Vale da Serra,residencial vale da serra,-17.7723849,-48.6295015,brasil_aberto,True
GO,5204508,Caldas Novas,Residencial Vale do Sol,residencial vale do sol,-16.2899527,-48.92909909999999,brasil_aberto,True
GO,5204508,Caldas Novas,Residencial Vera Cruz,residencial vera cruz,-17.7485654,-48.6189456,brasil_aberto,True
GO,5204508,Caldas Novas,Residencial Village,residencial village,-17.7168541,-48.6619829,brasil_aberto,True
GO,5204508,Caldas Novas,Santa Efigênia,santa efigenia,-17.7417514,-48.5924385,brasil_aberto,True
GO,5204508,Caldas Novas,Sapé,sape,-17.5809222,-48.5854283,brasil_aberto,True
GO,5204508,Caldas Novas,Setor Aeroporto,setor aeroporto,-17.7442097,-48.6223736,brasil_aberto,True
GO,5204508,Caldas Novas,Setor Alto da Boa Vista,setor alto da boa vista,-17.7582642,-48.615722,brasil_aberto,True
GO,5204508,Caldas Novas,Setor Bela Vista,setor bela vista,-17.7445191,-48.6250248,brasil_aberto,True
GO,5204508,Caldas Novas,Setor Itaparica,setor itaparica,-17.7255763,-48.6189908,brasil_aberto,True
GO,5204508,Caldas Novas,Setor Lago Sul,setor lago sul,-17.7548504,-48.5852072,brasil_aberto,True
GO,5204508,Caldas Novas,Setor Lagoa Quente,setor lagoa quente,-17.7005448,-48.619404,brasil_aberto,True
GO,5204508,Caldas Novas,Setor Mansões Pirapitinga,setor mansoes pirapitinga,-17.6540087,-48.577139,brasil_aberto,True
GO,5204508,Caldas Novas,Setor Oeste,setor oeste,-17.745786,-48.6300412,brasil_aberto,True
GO,5204508,Caldas Novas,Setor Planalto,setor planalto,-17.7462199,-48.6239287,brasil_aberto,True
GO,5204508,Caldas Novas,Setor Santo André,setor santo andre,-17.7467471,-48.595648,brasil_aberto,True
GO,5204508,Caldas Novas,Setor Serrinha,setor serrinha,-17.7265956,-48.6309436,brasil_aberto,True
GO,5204508,Caldas Novas,Setor Universitário,setor universitario,-17.7795891,-48.6125795,brasil_aberto,True
GO,5204508,Caldas Novas,Solar de Caldas Novas,solar de caldas novas,-17.7267057,-48.6291025,brasil_aberto,True
GO,5204508,Caldas Novas,Sítio de Recreio Pirapitinga,sitio de recreio pirapitinga,-17.7548504,-48.5852072,brasil_aberto,True
GO,5204508,Caldas Novas,Termal,termal,-17.7432154,-48.6274717,brasil_aberto,True
GO,5204508,Caldas Novas,Thermas Veraneio,thermas veraneio,-17.7568248,-48.6194623,brasil_aberto,True
GO,5204508,Caldas Novas,Vale das Fontes Quentes,vale das fontes quentes,-17.7918589,-48.6309502,brasil_aberto,True
GO,5204508,Caldas Novas,Vale do Buriti Mirim,vale do buriti mirim,-17.7463663,-48.6194892,brasil_aberto,True
GO,5204508,Caldas Novas,Vila Matheus,vila matheus,-17.7277098,-48.6188374,brasil_aberto,True
GO,5204508,Caldas Novas,Vila Morais,vila morais,-17.738283,-48.6207295,brasil_aberto,True
GO,5204508,Caldas Novas,Vila Mutirão,vila mutirao,-17.7445191,-48.6250248,brasil_aberto,True
GO,5204508,Caldas Novas,Vila Olegário Pinto,vila olegario pinto,-17.7383469,-48.6208202,brasil_aberto,True
GO,5204508,Caldas Novas,Vila São José,vila sao jose,-17.7611727,-48.6302763,brasil_aberto,True
GO,5204508,Caldas Novas,Área Rural de Caldas Novas,area rural de caldas novas,-17.7445191,-48.6250248,brasil_aberto,True
GO,5204557,Caldazinha,Setor Central,setor central,,,brasil_aberto,True
GO,5204607,Campestre de Goiás,Setor Central,setor central,-16.7633027,-49.6937529,brasil_aberto,True
GO,5204656,Campinaçu,Setor Central,setor central,,,brasil_aberto,True
GO,5204706,Campinorte,Colinaçu,colinacu,-14.077891,-48.9699522,brasil_aberto,True
GO,5204706,Campinorte,Setor Central,setor central,-14.0781042,-48.970708,brasil_aberto,True
GO,5204805,Campo Alegre de Goiás,Setor Central,setor central,-17.6356633,-47.780201,brasil_aberto,True
GO,5204854,Campo Limpo de Goiás,Setor Central,setor central,-16.2977708,-49.0880741,brasil_aberto,True
GO,5204904,Campos Belos,Setor Aeroporto,setor aeroporto,-13.0405019,-46.7739754,brasil_aberto,True
GO,5204953,Campos Verdes,Setor Central,setor central,-14.268176,-49.657323,brasil_aberto,True
GO,5205000,Carmo do Rio Verde,Setor Central,setor central,-15.3527972,-49.70689040000001,brasil_aberto,True
GO,5205059,Castelândia,Setor Central,setor central,-18.088356,-50.2279231,brasil_aberto,True
GO,5205109,Catalão,Alto da Boa Vista,alto da boa vista,-18.1750584,-47.9580953,brasil_aberto,True
GO,5205109,Catalão,Alto da Boa Vista II,alto da boa vista ii,-18.1660958,-47.9444845,brasil_aberto,True
GO,5205109,Catalão,Bairro das Américas,bairro das americas,-18.1548551,-47.9384993,brasil_aberto,True
GO,5205109,Catalão,Campo Belo,campo belo,-18.1817544,-47.9423069,brasil_aberto,True
GO,5205109,Catalão,Castelo Branco,castelo branco,-18.1570939,-47.9270126,brasil_aberto,True
GO,5205109,Catalão,Condomínio Paquetá,condominio paqueta,-18.1478701,-47.9223935,brasil_aberto,True
GO,5205109,Catalão,Condomínio Saudade,condominio saudade,-18.1548552,-47.9512688,brasil_aberto,True
GO,5205109,Catalão,Condomínio dos Buritis,condominio dos buritis,-18.1615898,-47.9406642,brasil_aberto,True
GO,5205109,Catalão,Distrito Minero Industrial de Catalão,distrito minero industrial de catalao,-18.1660958,-47.9444845,brasil_aberto,True
GO,5205109,Catalão,Evelina Nour II,evelina nour ii,-18.1432821,-47.9451504,brasil_aberto,True
GO,5205109,Catalão,Goianiense,goianiense,-16.7396657,-49.2803967,brasil_aberto,True
GO,5205109,Catalão,Harmonia,harmonia,-18.1660958,-47.9444845,brasil_aberto,True
GO,5205109,Catalão,Jardim Colonial,jardim colonial,-18.1889967,-47.9478692,brasil_aberto,True
GO,5205109,Catalão,Loteamento Ayrton Senna,loteamento ayrton senna,-18.1660958,-47.9444845,brasil_aberto,True
GO,5205109,Catalão,Loteamento Bela Vista,loteamento bela vista,-18.1959374,-47.9370765,brasil_aberto,True
GO,5205109,Catalão,Loteamento Boa Sorte,loteamento boa sorte,-18.166468,-47.9519783,brasil_aberto,True
GO,5205109,Catalão,Loteamento Brasiliense,loteamento brasiliense,-18.1681182,-47.9654841,brasil_aberto,True
GO,5205109,Catalão,Loteamento Copacabana,loteamento copacabana,-18.1461661,-47.923741,brasil_aberto,True
GO,5205109,Catalão,Loteamento Estrela,loteamento estrela,-18.1994689,-47.939675,brasil_aberto,True
GO,5205109,Catalão,Loteamento Ipanema,loteamento ipanema,,,brasil_aberto,True
GO,5205109,Catalão,Loteamento JK,loteamento jk,-18.1739085,-47.9454099,brasil_aberto,True
GO,5205109,Catalão,Loteamento Jardim Catalão,loteamento jardim catalao,-18.1691235,-47.9510933,brasil_aberto,True
GO,5205109,Catalão,Loteamento Jardim Europa,loteamento jardim europa,,,brasil_aberto,True
GO,5205109,Catalão,Loteamento Jardim Evelina Nour,loteamento jardim evelina nour,-18.145673,-47.947853,brasil_aberto,True
GO,5205109,Catalão,Loteamento Jardim Paraíso,loteamento jardim paraiso,,,brasil_aberto,True
GO,5205109,Catalão,Loteamento Jardim Paulista,loteamento jardim paulista,-18.1626667,-47.9534747,brasil_aberto,True
GO,5205109,Catalão,Loteamento Jardins Florença,loteamento jardins florenca,-18.1708849,-47.9264124,brasil_aberto,True
GO,5205109,Catalão,Loteamento Lago das Mansões Silva Leão,loteamento lago das mansoes silva leao,-18.1734028,-47.9331861,brasil_aberto,True
GO,5205109,Catalão,Loteamento Leão,loteamento leao,-18.1647105,-47.9368536,brasil_aberto,True
GO,5205109,Catalão,Loteamento Marcone,loteamento marcone,-18.1982843,-47.92367549999999,brasil_aberto,True
GO,5205109,Catalão,Loteamento Parque das Mangueiras,loteamento parque das mangueiras,-18.1640175,-47.9626473,brasil_aberto,True
GO,5205109,Catalão,Loteamento Pontal Norte,loteamento pontal norte,-18.1724285,-47.9206624,brasil_aberto,True
GO,5205109,Catalão,Loteamento Residencial Alvino Albino,loteamento residencial alvino albino,-18.2048681,-47.9428768,brasil_aberto,True
GO,5205109,Catalão,Loteamento Residencial Bolanger Bento Rodrigues,loteamento residencial bolanger bento rodrigues,-18.1872547,-47.9469976,brasil_aberto,True
GO,5205109,Catalão,Loteamento Residencial Cidade Jardim,loteamento residencial cidade jardim,-18.1849129,-47.9360444,brasil_aberto,True
GO,5205109,Catalão,Loteamento Residencial Jardim Laranjeiras,loteamento residencial jardim laranjeiras,-18.1660958,-47.9444845,brasil_aberto,True
GO,5205109,Catalão,Loteamento Residencial Maria Amélia,loteamento residencial maria amelia,-18.2120844,-47.9293004,brasil_aberto,True
GO,5205109,Catalão,Loteamento Residencial Maria Amélia II,loteamento residencial maria amelia ii,-18.2038694,-47.9437068,brasil_aberto,True
GO,5205109,Catalão,Loteamento Residencial Parque Imperial,loteamento residencial parque imperial,-18.1769882,-47.9366664,brasil_aberto,True
GO,5205109,Catalão,Loteamento Residencial e Comercial Jardim Athenas,loteamento residencial e comercial jardim athenas,-18.1730187,-47.9585678,brasil_aberto,True
GO,5205109,Catalão,Loteamento Santa Cruz,loteamento santa cruz,-18.1630604,-47.9293731,brasil_aberto,True
GO,5205109,Catalão,Loteamento Santa Helena II,loteamento santa helena ii,-18.1664754,-47.9339606,brasil_aberto,True
GO,5205109,Catalão,Loteamento Santa Terezinha,loteamento santa terezinha,-18.185933,-47.9522159,brasil_aberto,True
GO,5205109,Catalão,Loteamento São Nicolau,loteamento sao nicolau,-18.1761537,-47.9449515,brasil_aberto,True
GO,5205109,Catalão,Loteamento Três Cruzes,loteamento tres cruzes,-18.1768504,-47.9493111,brasil_aberto,True
GO,5205109,Catalão,Loteamento Vale do Sol,loteamento vale do sol,-18.1561098,-47.9600692,brasil_aberto,True
GO,5205109,Catalão,Loteamento Vila Chaud,loteamento vila chaud,-18.1588543,-47.9352906,brasil_aberto,True
GO,5205109,Catalão,Loteamento Vila Cruzeiro I,loteamento vila cruzeiro i,-18.1528201,-47.9438246,brasil_aberto,True
GO,5205109,Catalão,Loteamento Vila Cruzeiro II,loteamento vila cruzeiro ii,-18.150931,-47.946912,brasil_aberto,True
GO,5205109,Catalão,Loteamento Vila Planalto,loteamento vila planalto,-18.1724285,-47.9206624,brasil_aberto,True
GO,5205109,Catalão,Loteamento de Interesse Social Jardim das Acácias,loteamento de interesse social jardim das acacias,-18.1660958,-47.9444845,brasil_aberto,True
GO,5205109,Catalão,Loteamento de Interesse Social Jardim dos Ipês,loteamento de interesse social jardim dos ipes,-18.1606728,-47.9658252,brasil_aberto,True
GO,5205109,Catalão,Margon II,margon ii,-18.1708721,-47.9632229,brasil_aberto,True
GO,5205109,Catalão,Margon III,margon iii,-18.1708721,-47.9632229,brasil_aberto,True
GO,5205109,Catalão,Monsenhor Souza,monsenhor souza,-18.1624935,-47.958448,brasil_aberto,True
GO,5205109,Catalão,Mãe de Deus,mae de deus,-18.1632975,-47.9458486,brasil_aberto,True
GO,5205109,Catalão,Nossa Senhora de Fátima,nossa senhora de fatima,-18.1751706,-47.9425922,brasil_aberto,True
GO,5205109,Catalão,Novo Horizonte,novo horizonte,-18.1423452,-47.9181397,brasil_aberto,True
GO,5205109,Catalão,Olhos D'Água,olhos d'agua,-18.4039811,-47.909617,brasil_aberto,True
GO,5205109,Catalão,Paquetá,paqueta,-18.1660958,-47.9444845,brasil_aberto,True
GO,5205109,Catalão,Pedra Branca,pedra branca,-18.15975,-47.9381864,brasil_aberto,True
GO,5205109,Catalão,Pio Gomes,pio gomes,-18.1690657,-47.9590117,brasil_aberto,True
GO,5205109,Catalão,Pires Belo,pires belo,-17.9288302,-47.787004,brasil_aberto,True
GO,5205109,Catalão,Progresso,progresso,-18.1602188,-47.9330513,brasil_aberto,True
GO,5205109,Catalão,Reserva Campo Belo,reserva campo belo,-18.1565516,-47.9172789,brasil_aberto,True
GO,5205109,Catalão,Residencial Aliança I,residencial alianca i,-18.1807727,-47.9515354,brasil_aberto,True
GO,5205109,Catalão,Residencial Barka I,residencial barka i,-18.1660958,-47.9444845,brasil_aberto,True
GO,5205109,Catalão,Residencial Barka II,residencial barka ii,-18.1338663,-47.9079719,brasil_aberto,True
GO,5205109,Catalão,Residencial Cidade Jardim,residencial cidade jardim,-18.1849129,-47.9360444,brasil_aberto,True
GO,5205109,Catalão,Residencial Conquista,residencial conquista,-18.1731285,-47.9585818,brasil_aberto,True
GO,5205109,Catalão,Residencial Copacabana II,residencial copacabana ii,-18.1647105,-47.9368536,brasil_aberto,True
GO,5205109,Catalão,Residencial Dona Almerinda,residencial dona almerinda,-18.1646966,-47.971653,brasil_aberto,True
GO,5205109,Catalão,Residencial Eldorado,residencial eldorado,-18.1956741,-47.9377932,brasil_aberto,True
GO,5205109,Catalão,Residencial Geraldo Evangelista da Rocha,residencial geraldo evangelista da rocha,-18.173287,-47.9611503,brasil_aberto,True
GO,5205109,Catalão,Residencial Goianiense I,residencial goianiense i,-18.1431238,-47.9180717,brasil_aberto,True
GO,5205109,Catalão,Residencial Jardim Itália,residencial jardim italia,-18.1598699,-47.9706414,brasil_aberto,True
GO,5205109,Catalão,Residencial Jardim Paraiso,residencial jardim paraiso,-18.1660958,-47.9444845,brasil_aberto,True
GO,5205109,Catalão,Residencial Leblon,residencial leblon,-18.1525576,-47.9338429,brasil_aberto,True
GO,5205109,Catalão,Residencial Liz,residencial liz,-18.194796,-47.9431423,brasil_aberto,True
GO,5205109,Catalão,Residencial Morada do Sol,residencial morada do sol,-16.6228978,-49.3239554,brasil_aberto,True
GO,5205109,Catalão,Residencial Parati,residencial parati,-18.1532863,-47.9536845,brasil_aberto,True
GO,5205109,Catalão,Residencial Parque dos Buritis,residencial parque dos buritis,-18.1560179,-47.9637287,brasil_aberto,True
GO,5205109,Catalão,Residencial Portal do Lago I,residencial portal do lago i,-18.2014068,-47.921277,brasil_aberto,True
GO,5205109,Catalão,Residencial Portal do Lago II,residencial portal do lago ii,-18.1995406,-47.9320373,brasil_aberto,True
GO,5205109,Catalão,Residencial Pôr do Sol,residencial por do sol,-16.7774033,-49.3456456,brasil_aberto,True
GO,5205109,Catalão,Residencial VIllage II,residencial village ii,-18.1325001,-47.9072029,brasil_aberto,True
GO,5205109,Catalão,Residencial Vale do Pirapitinga,residencial vale do pirapitinga,-18.1679983,-47.9478916,brasil_aberto,True
GO,5205109,Catalão,Residencial Vereda dos Buritis,residencial vereda dos buritis,-16.7224012,-49.3449166,brasil_aberto,True
GO,5205109,Catalão,Residencial Village,residencial village,-18.1346787,-47.9148593,brasil_aberto,True
GO,5205109,Catalão,Residencial dos Lucas,residencial dos lucas,-18.1535011,-47.9576698,brasil_aberto,True
GO,5205109,Catalão,Safatle,safatle,-18.1759521,-47.948788,brasil_aberto,True
GO,5205109,Catalão,Santa Helena I,santa helena i,-18.1633405,-47.9394779,brasil_aberto,True
GO,5205109,Catalão,Santa Mônica,santa monica,-18.1491714,-47.9113132,brasil_aberto,True
GO,5205109,Catalão,Santo Antônio,santo antonio,-18.1783327,-47.951956,brasil_aberto,True
GO,5205109,Catalão,Santo Antônio do Rio Verde,santo antonio do rio verde,-17.9461411,-47.46600950000001,brasil_aberto,True
GO,5205109,Catalão,Setor Aeroporto,setor aeroporto,-18.1443098,-47.9156372,brasil_aberto,True
GO,5205109,Catalão,Setor Central,setor central,-18.1697033,-47.9424948,brasil_aberto,True
GO,5205109,Catalão,Setor Dona Matilde,setor dona matilde,-18.1647009,-47.915823,brasil_aberto,True
GO,5205109,Catalão,Setor Dona Sofia,setor dona sofia,-18.1365468,-47.9119695,brasil_aberto,True
GO,5205109,Catalão,Setor Elias Safatle,setor elias safatle,-18.1579494,-47.9520942,brasil_aberto,True
GO,5205109,Catalão,Setor Flamboyant,setor flamboyant,-18.2009741,-47.9420898,brasil_aberto,True
GO,5205109,Catalão,Setor Paineiras,setor paineiras,-18.154388,-47.9678107,brasil_aberto,True
GO,5205109,Catalão,Setor Santa Rita,setor santa rita,-16.6516447,-49.2726905,brasil_aberto,True
GO,5205109,Catalão,Setor Universitário,setor universitario,-18.1597586,-47.9263412,brasil_aberto,True
GO,5205109,Catalão,São Francisco,sao francisco,-18.1699194,-47.9398697,brasil_aberto,True
GO,5205109,Catalão,São José,sao jose,-18.1647678,-47.9552603,brasil_aberto,True
GO,5205109,Catalão,São João,sao joao,-18.1634954,-47.9428485,brasil_aberto,True
GO,5205109,Catalão,São Lucas,sao lucas,-18.1474107,-47.9135195,brasil_aberto,True
GO,5205109,Catalão,Vila Dona Erondina,vila dona erondina,-18.1702638,-47.9766649,brasil_aberto,True
GO,5205109,Catalão,Vila Liberdade,vila liberdade,-18.1614422,-47.955384,brasil_aberto,True
GO,5205109,Catalão,Vila Margon,vila margon,-18.1721827,-47.9582033,brasil_aberto,True
GO,5205109,Catalão,Vila Maria,vila maria,-18.1662753,-47.9146626,brasil_aberto,True
GO,5205109,Catalão,Vila Santa Luzia,vila santa luzia,-18.1452574,-47.9127458,brasil_aberto,True
GO,5205109,Catalão,Vila Teotônio Vilela,vila teotonio vilela,-18.1558914,-47.959654,brasil_aberto,True
GO,5205109,Catalão,Vila União,vila uniao,-18.1610354,-47.9571542,brasil_aberto,True
GO,5205109,Catalão,Vila Wilson Guimarães,vila wilson guimaraes,-18.1576679,-47.9477975,brasil_aberto,True
GO,5205109,Catalão,Área Rural de Catalão,area rural de catalao,-18.1660958,-47.9444845,brasil_aberto,True
GO,5205208,Caturaí,Setor Central,setor central,,,brasil_aberto,True
GO,5205307,Cavalcante,Centro,centro,-13.7970136,-47.4564933,brasil_aberto,True
GO,5204300,Caçu,Setor Central,setor central,-18.5605117,-51.13041330000001,brasil_aberto,True
GO,5205406,Ceres,Setor Central,setor central,-15.3098623,-49.6029362,brasil_aberto,True
GO,5205455,Cezarina,Setor Central,setor central,-16.3289154,-48.9580767,brasil_aberto,True
GO,5205471,Chapadão do Céu,Setor Central,setor central,,,brasil_aberto,True
GO,5205497,Cidade Ocidental,Alphaville Brasília,alphaville brasilia,-16.0610925,-47.7900231,brasil_aberto,True
GO,5205497,Cidade Ocidental,Bela Vitá,bela vita,-16.073962,-47.9895899,brasil_aberto,True
GO,5205497,Cidade Ocidental,Centro,centro,-16.102852,-47.9481186,brasil_aberto,True
GO,5205497,Cidade Ocidental,Centro Comercial Remanso,centro comercial remanso,-16.0939349,-47.9490259,brasil_aberto,True
GO,5205497,Cidade Ocidental,Colina Verde,colina verde,-16.0956205,-47.9487292,brasil_aberto,True
GO,5205497,Cidade Ocidental,Dom Bosco,dom bosco,-16.0785728,-47.9183838,brasil_aberto,True
GO,5205497,Cidade Ocidental,Jardim ABC de Goiás,jardim abc de goias,-16.067495,-47.8233769,brasil_aberto,True
GO,5205497,Cidade Ocidental,Jardim Edite,jardim edite,-16.0948238,-47.8550799,brasil_aberto,True
GO,5205497,Cidade Ocidental,Jardim Ouro Verde,jardim ouro verde,-16.0622043,-47.8242149,brasil_aberto,True
GO,5205497,Cidade Ocidental,Jardim Satélite,jardim satelite,-16.0567659,-47.82542979999999,brasil_aberto,True
GO,5205497,Cidade Ocidental,Jardim das Oliveiras,jardim das oliveiras,-16.102852,-47.9481186,brasil_aberto,True
GO,5205497,Cidade Ocidental,Mansões Recreio Estrela D'Alva I,mansoes recreio estrela d'alva i,-16.0904048,-47.9480065,brasil_aberto,True
GO,5205497,Cidade Ocidental,Mansões Recreio Estrela D'Alva III,mansoes recreio estrela d'alva iii,-16.0884625,-47.9385185,brasil_aberto,True
GO,5205497,Cidade Ocidental,Mansões Recreio Mossoró,mansoes recreio mossoro,-16.083401,-47.9839323,brasil_aberto,True
GO,5205497,Cidade Ocidental,Mansões Suleste,mansoes suleste,-16.0997671,-47.9341889,brasil_aberto,True
GO,5205497,Cidade Ocidental,Mansões Suleste I,mansoes suleste i,-16.0865102,-47.9230571,brasil_aberto,True
GO,5205497,Cidade Ocidental,Morada das Garças,morada das garcas,-16.1112189,-47.9253539,brasil_aberto,True
GO,5205497,Cidade Ocidental,Ocidental Parque,ocidental parque,-16.119496,-47.93778349999999,brasil_aberto,True
GO,5205497,Cidade Ocidental,Parque Araguari,parque araguari,-16.104526,-47.9539844,brasil_aberto,True
GO,5205497,Cidade Ocidental,Parque Nova Friburgo A,parque nova friburgo a,-16.0939287,-47.9490349,brasil_aberto,True
GO,5205497,Cidade Ocidental,Parque Nova Friburgo B,parque nova friburgo b,-16.073962,-47.9895899,brasil_aberto,True
GO,5205497,Cidade Ocidental,Parque Nápolis A,parque napolis a,-16.0655398,-47.9897247,brasil_aberto,True
GO,5205497,Cidade Ocidental,Parque Nápolis B,parque napolis b,-16.0719723,-47.9689076,brasil_aberto,True
GO,5205497,Cidade Ocidental,Parque das Américas,parque das americas,-16.0555537,-47.8144862,brasil_aberto,True
GO,5205497,Cidade Ocidental,Quintas Itapuã,quintas itapua,-16.102852,-47.9481186,brasil_aberto,True
GO,5205497,Cidade Ocidental,Residencial Villa Suiça,residencial villa suica,-16.05083,-47.92054,brasil_aberto,True
GO,5205497,Cidade Ocidental,Residencial e Comercial Damha,residencial e comercial damha,-16.0759788,-47.8197607,brasil_aberto,True
GO,5205497,Cidade Ocidental,São Mateus,sao mateus,-16.0800307,-47.93677539999999,brasil_aberto,True
GO,5205497,Cidade Ocidental,Área Rural de Cidade Ocidental,area rural de cidade ocidental,-16.102852,-47.9481186,brasil_aberto,True
GO,5205513,Cocalzinho de Goiás,Cidade dos Pirineus,cidade dos pirineus,-15.7785454,-48.7673311,brasil_aberto,True
GO,5205513,Cocalzinho de Goiás,Edilândia,edilandia,-15.779054,-48.5353443,brasil_aberto,True
GO,5205513,Cocalzinho de Goiás,Girassol,girassol,-15.7352054,-48.4066777,brasil_aberto,True
GO,5205521,Colinas do Sul,Centro,centro,-14.1485273,-48.0766771,brasil_aberto,True
GO,5205521,Colinas do Sul,Terra Indígena Avá-Canoeiro,terra indigena ava-canoeiro,-13.8765331,-48.263358,brasil_aberto,True
GO,5205901,Corumbaíba,Setor Central,setor central,-18.1418696,-48.56326180000001,brasil_aberto,True
GO,5205802,Corumbá de Goiás,Centro,centro,-15.9250112,-48.8070909,brasil_aberto,True
GO,5206206,Cristalina,Campos Lindos,campos lindos,-16.3048517,-47.63020179999999,brasil_aberto,True
GO,5206206,Cristalina,Centro,centro,-16.7629034,-47.6093096,brasil_aberto,True
GO,5206305,Cristianópolis,Setor Central,setor central,,,brasil_aberto,True
GO,5206404,Crixás,Auriverde,auriverde,-14.8717552,-50.1009527,brasil_aberto,True
GO,5206404,Crixás,Setor Central,setor central,-14.5347046,-49.9605779,brasil_aberto,True
GO,5206503,Cromínia,Setor Central,setor central,,,brasil_aberto,True
GO,5206602,Cumari,Setor Central,setor central,,,brasil_aberto,True
GO,5205703,Córrego do Ouro,Setor Central,setor central,,,brasil_aberto,True
GO,5206701,Damianópolis,Centro,centro,-14.5648065,-46.1780736,brasil_aberto,True
GO,5206800,Damolândia,Setor Central,setor central,,,brasil_aberto,True
GO,5206909,Davinópolis,Setor Central,setor central,-18.1509545,-47.5630345,brasil_aberto,True
GO,5207105,Diorama,Setor Central,setor central,,,brasil_aberto,True
GO,5208301,Divinópolis de Goiás,Setor Alvorada,setor alvorada,-13.2899961,-46.4019722,brasil_aberto,True
GO,5208301,Divinópolis de Goiás,Vazante,vazante,-17.9873107,-46.9042592,brasil_aberto,True
GO,5207253,Doverlândia,Setor Central,setor central,-16.7212084,-52.31608860000001,brasil_aberto,True
GO,5207352,Edealina,Setor Central,setor central,-16.6716683,-49.2562665,brasil_aberto,True
GO,5207402,Edéia,Setor Central,setor central,,,brasil_aberto,True
GO,5207501,Estrela do Norte,Setor Central,setor central,-13.8679377,-49.071057,brasil_aberto,True
GO,5207535,Faina,Caiçara,caicara,-15.5637271,-50.20384379999999,brasil_aberto,True
GO,5207535,Faina,Jeroaquara,jeroaquara,-15.3747531,-50.50055649999999,brasil_aberto,True
GO,5207535,Faina,Setor Central,setor central,-15.4462979,-50.3626413,brasil_aberto,True
GO,5207600,Fazenda Nova,Bacilândia,bacilandia,-16.1382412,-50.9393438,brasil_aberto,True
GO,5207600,Fazenda Nova,Serra Dourada,serra dourada,-16.3537838,-50.7112567,brasil_aberto,True
GO,5207600,Fazenda Nova,Setor Central,setor central,-16.187139,-50.7786412,brasil_aberto,True
GO,5207808,Firminópolis,Setor Central,setor central,-16.5827161,-50.3072873,brasil_aberto,True
GO,5207907,Flores de Goiás,Nova Flores,nova flores,-14.4608904,-47.0374571,brasil_aberto,True
GO,5207907,Flores de Goiás,Setor Centro,setor centro,,,brasil_aberto,True
GO,5207907,Flores de Goiás,São Vicente,sao vicente,-14.1580482,-47.028351,brasil_aberto,True
GO,5208004,Formosa,3º Setor Industrial,3º setor industrial,-15.531685,-47.34912070000001,brasil_aberto,True
GO,5208004,Formosa,Abreu,abreu,-15.5472162,-47.3444899,brasil_aberto,True
GO,5208004,Formosa,Bezerra,bezerra,-15.540641,-47.33571,brasil_aberto,True
GO,5208004,Formosa,Centro,centro,-15.5312935,-47.3337776,brasil_aberto,True
GO,5208004,Formosa,Chácaras do Abreu,chacaras do abreu,,,brasil_aberto,True
GO,5208004,Formosa,Conjunto Padre José,conjunto padre jose,-15.5554815,-47.3388396,brasil_aberto,True
GO,5208004,Formosa,Distrito Agroindustrial de Formosa,distrito agroindustrial de formosa,-18.4665469,-50.463868,brasil_aberto,True
GO,5208004,Formosa,Formosinha,formosinha,-15.5488374,-47.333186,brasil_aberto,True
GO,5208004,Formosa,Iris Village,iris village,-15.5519695,-47.3500271,brasil_aberto,True
GO,5208004,Formosa,JK,jk,-15.540641,-47.33571,brasil_aberto,True
GO,5208004,Formosa,Jardim Califórnia,jardim california,-15.5447166,-47.3245273,brasil_aberto,True
GO,5208004,Formosa,Jardim Ipê,jardim ipe,-15.535984,-47.3223237,brasil_aberto,True
GO,5208004,Formosa,Jardim Oliveira,jardim oliveira,-15.5439269,-47.3524901,brasil_aberto,True
GO,5208004,Formosa,Jardim Triângulo,jardim triangulo,-15.5444567,-47.31935,brasil_aberto,True
GO,5208004,Formosa,Jardim das Américas,jardim das americas,-15.5456772,-47.3503489,brasil_aberto,True
GO,5208004,Formosa,Lagoa dos Santos,lagoa dos santos,-15.5280296,-47.3407345,brasil_aberto,True
GO,5208004,Formosa,Nova Formosa,nova formosa,-15.5276213,-47.3070599,brasil_aberto,True
GO,5208004,Formosa,Núcleo Habitacional Santa Rosa,nucleo habitacional santa rosa,-15.5665195,-47.3167199,brasil_aberto,True
GO,5208004,Formosa,Parque Dom Bosco,parque dom bosco,-15.5261139,-47.3350014,brasil_aberto,True
GO,5208004,Formosa,Parque Esmeralda,parque esmeralda,-15.5476224,-47.32815,brasil_aberto,True
GO,5208004,Formosa,Parque Lago,parque lago,-15.5677786,-47.3285412,brasil_aberto,True
GO,5208004,Formosa,Parque Laguna,parque laguna,-15.5381507,-47.3040171,brasil_aberto,True
GO,5208004,Formosa,Parque Laguna II,parque laguna ii,-15.5551126,-47.3166097,brasil_aberto,True
GO,5208004,Formosa,Parque Serrano,parque serrano,-15.5553233,-47.3643884,brasil_aberto,True
GO,5208004,Formosa,Parque São Francisco,parque sao francisco,-15.569407,-47.3149488,brasil_aberto,True
GO,5208004,Formosa,Parque União,parque uniao,-15.5598055,-47.3431037,brasil_aberto,True
GO,5208004,Formosa,Parque Vila Verde,parque vila verde,-15.5488659,-47.3031897,brasil_aberto,True
GO,5208004,Formosa,Parque da Colina I,parque da colina i,-15.5357594,-47.3089446,brasil_aberto,True
GO,5208004,Formosa,Parque da Colina II,parque da colina ii,-15.5362318,-47.3082456,brasil_aberto,True
GO,5208004,Formosa,Parque das Laranjeiras,parque das laranjeiras,-15.5296603,-47.3414238,brasil_aberto,True
GO,5208004,Formosa,Residencial Jardim Planalto,residencial jardim planalto,-15.5372035,-47.2910326,brasil_aberto,True
GO,5208004,Formosa,Residencial Santa Rosa,residencial santa rosa,-15.5521914,-47.3497735,brasil_aberto,True
GO,5208004,Formosa,Rosa Maria,rosa maria,-15.5327529,-47.3055659,brasil_aberto,True
GO,5208004,Formosa,Santa Rosa,santa rosa,-15.5283411,-47.3472491,brasil_aberto,True
GO,5208004,Formosa,Setor Bela Vista,setor bela vista,-15.5313451,-47.3002427,brasil_aberto,True
GO,5208004,Formosa,Setor Bosque,setor bosque,-15.5548474,-47.3379193,brasil_aberto,True
GO,5208004,Formosa,Setor Bosque II,setor bosque ii,-15.5553991,-47.3404462,brasil_aberto,True
GO,5208004,Formosa,Setor Ferroviário,setor ferroviario,-15.5336361,-47.3386447,brasil_aberto,True
GO,5208004,Formosa,Setor Imperatriz,setor imperatriz,-15.5325252,-47.3467396,brasil_aberto,True
GO,5208004,Formosa,Setor Industrial,setor industrial,-15.5524754,-47.3252526,brasil_aberto,True
GO,5208004,Formosa,Setor Industrial II,setor industrial ii,-15.5442907,-47.3542705,brasil_aberto,True
GO,5208004,Formosa,Setor Nordeste,setor nordeste,-15.5307892,-47.3303275,brasil_aberto,True
GO,5208004,Formosa,Setor Norte Nordeste,setor norte nordeste,-15.5672415,-47.3335739,brasil_aberto,True
GO,5208004,Formosa,Setor Pampulha,setor pampulha,-15.5340747,-47.3419067,brasil_aberto,True
GO,5208004,Formosa,Setor Primavera,setor primavera,-15.5364249,-47.3417478,brasil_aberto,True
GO,5208004,Formosa,Setor Sul,setor sul,-15.5649666,-47.3440857,brasil_aberto,True
GO,5208004,Formosa,Sul América,sul america,-15.5485907,-47.3571046,brasil_aberto,True
GO,5208004,Formosa,São Benedito,sao benedito,-15.5261139,-47.3350014,brasil_aberto,True
GO,5208004,Formosa,São Vicente,sao vicente,-23.9603273,-46.3968727,brasil_aberto,True
GO,5208004,Formosa,Vila Aurora,vila aurora,-15.5332652,-47.3299385,brasil_aberto,True
GO,5208004,Formosa,Vila Bela,vila bela,-15.5417012,-47.3298533,brasil_aberto,True
GO,5208004,Formosa,Vila Carolina,vila carolina,-15.5403419,-47.327877,brasil_aberto,True
GO,5208004,Formosa,Vila Iara,vila iara,-15.545064,-47.3449776,brasil_aberto,True
GO,5208004,Formosa,Vila Pantanal,vila pantanal,-15.5261139,-47.3350014,brasil_aberto,True
GO,5208004,Formosa,Vila Santos,vila santos,-15.5303565,-47.3396437,brasil_aberto,True
GO,5208004,Formosa,Village,village,-15.540641,-47.33571,brasil_aberto,True
GO,5208004,Formosa,Vista Alegre,vista alegre,-15.5299123,-47.3477756,brasil_aberto,True
GO,5208004,Formosa,Área Rural de Formosa,area rural de formosa,-15.540641,-47.33571,brasil_aberto,True
GO,5208103,Formoso,Juscelino Kubitschek,juscelino kubitschek,-15.7050424,-49.36531489999999,brasil_aberto,True
GO,5208103,Formoso,Setor Central,setor central,-13.6531636,-48.8766332,brasil_aberto,True
GO,5208152,Gameleira de Goiás,Setor Central,setor central,,,brasil_aberto,True
GO,5208509,Goiandira,Setor Central,setor central,-18.1376002,-48.0875824,brasil_aberto,True
GO,5208806,Goianira,Centro,centro,-16.4971743,-49.4247584,brasil_aberto,True
GO,5208806,Goianira,Cidade das Flores,cidade das flores,-16.485917,-49.4277049,brasil_aberto,True
GO,5208806,Goianira,Condomínio Villágio Baiocchi,condominio villagio baiocchi,-16.5590583,-49.40557020000001,brasil_aberto,True
GO,5208806,Goianira,Distrito Agroindustrial de Goianira,distrito agroindustrial de goianira,-16.5215253,-49.4141522,brasil_aberto,True
GO,5208806,Goianira,Fonte das Águas,fonte das aguas,-16.6005797,-49.3767388,brasil_aberto,True
GO,5208806,Goianira,Fonte das Águas II,fonte das aguas ii,,,brasil_aberto,True
GO,5208806,Goianira,Jardim Goyazes,jardim goyazes,-16.5878533,-49.3864653,brasil_aberto,True
GO,5208806,Goianira,Jardim Imperial,jardim imperial,-16.4952395,-49.4134692,brasil_aberto,True
GO,5208806,Goianira,Jardim Imperial II,jardim imperial ii,-16.5179827,-49.4234751,brasil_aberto,True
GO,5208806,Goianira,Jardim Itália I,jardim italia i,-16.3213649,-48.9058372,brasil_aberto,True
GO,5208806,Goianira,Jardim Itália II,jardim italia ii,-16.3213649,-48.9058372,brasil_aberto,True
GO,5208806,Goianira,Jardim Itália III,jardim italia iii,-16.7892204,-49.3710474,brasil_aberto,True
GO,5208806,Goianira,Jardim Regina,jardim regina,-16.4956661,-49.4114329,brasil_aberto,True
GO,5208806,Goianira,Jardim Vila Rica,jardim vila rica,-16.5779168,-49.384133,brasil_aberto,True
GO,5208806,Goianira,Jardim das Margaridas,jardim das margaridas,-16.5895355,-49.3847711,brasil_aberto,True
GO,5208806,Goianira,Linda Vista,linda vista,-16.495193,-49.4404699,brasil_aberto,True
GO,5208806,Goianira,Mansões Serra Dourada,mansoes serra dourada,-16.5262925,-49.4207435,brasil_aberto,True
GO,5208806,Goianira,Nova Goianira,nova goianira,-16.5258806,-49.4157448,brasil_aberto,True
GO,5208806,Goianira,Parque Boa Vista,parque boa vista,-16.4983219,-49.4454396,brasil_aberto,True
GO,5208806,Goianira,Parque Los Angeles 1ª Etapa,parque los angeles 1ª etapa,-16.5146116,-49.4023604,brasil_aberto,True
GO,5208806,Goianira,Parque Los Angeles 2ª Etapa,parque los angeles 2ª etapa,-16.5146709,-49.402431,brasil_aberto,True
GO,5208806,Goianira,Parque Mansões Regina,parque mansoes regina,-16.4956661,-49.4114329,brasil_aberto,True
GO,5208806,Goianira,Parque Solimões,parque solimoes,-16.5033333,-49.422924,brasil_aberto,True
GO,5208806,Goianira,Parque Solimões II,parque solimoes ii,,,brasil_aberto,True
GO,5208806,Goianira,Parque das Camélias,parque das camelias,-16.4979905,-49.4113706,brasil_aberto,True
GO,5208806,Goianira,Recanto das Águas,recanto das aguas,-16.4916873,-49.4321274,brasil_aberto,True
GO,5208806,Goianira,Residencial Araguaia,residencial araguaia,-16.5493589,-49.4137426,brasil_aberto,True
GO,5208806,Goianira,Residencial Arco do Triunfo I,residencial arco do triunfo i,-16.5730655,-49.3722492,brasil_aberto,True
GO,5208806,Goianira,Residencial Arco do Triunfo II,residencial arco do triunfo ii,-16.5719769,-49.373206,brasil_aberto,True
GO,5208806,Goianira,Residencial Arco do Triunfo III,residencial arco do triunfo iii,-16.5719769,-49.373206,brasil_aberto,True
GO,5208806,Goianira,Residencial Canto dos Pássaros,residencial canto dos passaros,-16.5063749,-49.4223436,brasil_aberto,True
GO,5208806,Goianira,Residencial Centro-Oeste I,residencial centro-oeste i,-16.4956661,-49.4114329,brasil_aberto,True
GO,5208806,Goianira,Residencial Centro-Oeste II,residencial centro-oeste ii,-16.4956661,-49.4114329,brasil_aberto,True
GO,5208806,Goianira,Residencial Centro-Oeste III,residencial centro-oeste iii,-16.5037502,-49.4249475,brasil_aberto,True
GO,5208806,Goianira,Residencial Dom Bosco,residencial dom bosco,-15.90719,-50.2349628,brasil_aberto,True
GO,5208806,Goianira,Residencial Florença,residencial florenca,-16.5630429,-49.3902621,brasil_aberto,True
GO,5208806,Goianira,Residencial Florença I,residencial florenca i,-16.5630429,-49.3902621,brasil_aberto,True
GO,5208806,Goianira,Residencial Florença II,residencial florenca ii,-16.5540978,-49.3886668,brasil_aberto,True
GO,5208806,Goianira,Residencial Fonte das Águas Cristalinas,residencial fonte das aguas cristalinas,-16.5971932,-49.3716293,brasil_aberto,True
GO,5208806,Goianira,Residencial Francielly Ribeiro,residencial francielly ribeiro,-16.5083821,-49.4373523,brasil_aberto,True
GO,5208806,Goianira,Residencial Gabriel Fernandes,residencial gabriel fernandes,-16.5063728,-49.4223375,brasil_aberto,True
GO,5208806,Goianira,Residencial Lago Azul,residencial lago azul,-16.4987022,-49.4114803,brasil_aberto,True
GO,5208806,Goianira,Residencial Lago Azul II,residencial lago azul ii,-16.5126591,-49.4154385,brasil_aberto,True
GO,5208806,Goianira,Residencial Laurita,residencial laurita,-16.5063728,-49.4223375,brasil_aberto,True
GO,5208806,Goianira,Residencial Limoeiro,residencial limoeiro,-16.5572762,-49.4005963,brasil_aberto,True
GO,5208806,Goianira,Residencial Loyola,residencial loyola,-16.5180632,-49.4296707,brasil_aberto,True
GO,5208806,Goianira,Residencial Montagno,residencial montagno,-16.5210331,-49.4269246,brasil_aberto,True
GO,5208806,Goianira,Residencial Montreal,residencial montreal,-16.501895,-49.4400266,brasil_aberto,True
GO,5208806,Goianira,Residencial Morumbi,residencial morumbi,,,brasil_aberto,True
GO,5208806,Goianira,Residencial Nova Vista,residencial nova vista,-16.5719816,-49.3894374,brasil_aberto,True
GO,5208806,Goianira,Residencial Paineiras I,residencial paineiras i,-16.5215253,-49.4141522,brasil_aberto,True
GO,5208806,Goianira,Residencial Paranaíba,residencial paranaiba,-16.5476767,-49.4179037,brasil_aberto,True
GO,5208806,Goianira,Residencial Parque dos Girassóis,residencial parque dos girassois,-16.5159509,-49.4169526,brasil_aberto,True
GO,5208806,Goianira,Residencial Planalto,residencial planalto,-16.5573346,-49.4173754,brasil_aberto,True
GO,5208806,Goianira,Residencial Porto Seguro,residencial porto seguro,-16.7123006,-49.3342278,brasil_aberto,True
GO,5208806,Goianira,Residencial Progresso,residencial progresso,-16.5063728,-49.4223375,brasil_aberto,True
GO,5208806,Goianira,Residencial Recanto Sonhado,residencial recanto sonhado,-16.5943794,-49.3914214,brasil_aberto,True
GO,5208806,Goianira,Residencial Solar das Paineiras,residencial solar das paineiras,-16.5843711,-49.3894347,brasil_aberto,True
GO,5208806,Goianira,Residencial Solar das Paineiras II,residencial solar das paineiras ii,-16.5843711,-49.3894347,brasil_aberto,True
GO,5208806,Goianira,Residencial São Bernardo,residencial sao bernardo,-16.5215253,-49.4141522,brasil_aberto,True
GO,5208806,Goianira,Residencial São Pedro,residencial sao pedro,-16.4971984,-49.4322124,brasil_aberto,True
GO,5208806,Goianira,Residencial Tocantins,residencial tocantins,-16.5480181,-49.4110642,brasil_aberto,True
GO,5208806,Goianira,Residencial Triunfo,residencial triunfo,-16.5758931,-49.3857922,brasil_aberto,True
GO,5208806,Goianira,Residencial Triunfo II,residencial triunfo ii,-16.5644533,-49.3989953,brasil_aberto,True
GO,5208806,Goianira,Residencial Triunfo III,residencial triunfo iii,-16.570017,-49.374748,brasil_aberto,True
GO,5208806,Goianira,Residencial Triunfo IV,residencial triunfo iv,-16.5758931,-49.3857922,brasil_aberto,True
GO,5208806,Goianira,Residencial Triunfo V,residencial triunfo v,-16.5664653,-49.3753615,brasil_aberto,True
GO,5208806,Goianira,Residencial Triunfo VI,residencial triunfo vi,-16.5664653,-49.3753615,brasil_aberto,True
GO,5208806,Goianira,Rosa de Leiria Condomínio Horizontal,rosa de leiria condominio horizontal,-16.5634149,-49.399384,brasil_aberto,True
GO,5208806,Goianira,Setor Boa Vista,setor boa vista,-16.4979905,-49.4113706,brasil_aberto,True
GO,5208806,Goianira,Setor Cora Coralina,setor cora coralina,-16.5215253,-49.4141522,brasil_aberto,True
GO,5208806,Goianira,Setor Delta,setor delta,-16.5002251,-49.4316375,brasil_aberto,True
GO,5208806,Goianira,Setor Léo Lince,setor leo lince,-16.5730078,-49.391103,brasil_aberto,True
GO,5208806,Goianira,Setor Léo Lince II,setor leo lince ii,-16.5063749,-49.4223436,brasil_aberto,True
GO,5208806,Goianira,Setor Oeste,setor oeste,-16.6782618,-49.2678782,brasil_aberto,True
GO,5208806,Goianira,Setor San Diego,setor san diego,-16.511615,-49.4100264,brasil_aberto,True
GO,5208806,Goianira,Setor Santa Luzia,setor santa luzia,-16.7589787,-49.2277704,brasil_aberto,True
GO,5208806,Goianira,Setor Serra Dourada,setor serra dourada,-16.5044525,-49.4315186,brasil_aberto,True
GO,5208806,Goianira,Setor Soares Ville,setor soares ville,-16.5042563,-49.4218967,brasil_aberto,True
GO,5208806,Goianira,Setor Sobradinho,setor sobradinho,-16.4972067,-49.4332839,brasil_aberto,True
GO,5208806,Goianira,Setor Sul,setor sul,-16.5205891,-49.4221455,brasil_aberto,True
GO,5208806,Goianira,Setor Uirapuru,setor uirapuru,-16.5077605,-49.4279542,brasil_aberto,True
GO,5208806,Goianira,Solar das Orquídeas,solar das orquideas,-16.4956661,-49.4114329,brasil_aberto,True
GO,5208806,Goianira,São Judas Tadeu,sao judas tadeu,-16.5063728,-49.4223375,brasil_aberto,True
GO,5208806,Goianira,Veredas di Itália I,veredas di italia i,-16.495218,-49.4446587,brasil_aberto,True
GO,5208806,Goianira,Vila Adilair,vila adilair,-16.5215253,-49.4141522,brasil_aberto,True
GO,5208806,Goianira,Vila Adilair II,vila adilair ii,-16.5425455,-49.39260909999999,brasil_aberto,True
GO,5208806,Goianira,Vila Adilair II - Expansão,vila adilair ii - expansao,-16.5408738,-49.3923187,brasil_aberto,True
GO,5208806,Goianira,Vila Adilair III,vila adilair iii,-16.5425455,-49.39260909999999,brasil_aberto,True
GO,5208806,Goianira,Vila Altino,vila altino,-16.4992679,-49.4359775,brasil_aberto,True
GO,5208806,Goianira,Vila Castilho,vila castilho,-16.5215253,-49.4141522,brasil_aberto,True
GO,5208806,Goianira,Vila D'Assis,vila d'assis,,,brasil_aberto,True
GO,5208806,Goianira,Vila D'Assis II,vila d'assis ii,,,brasil_aberto,True
GO,5208806,Goianira,Vila Isabel,vila isabel,-16.555546,-49.4047673,brasil_aberto,True
GO,5208806,Goianira,Vila Klérea,vila klerea,-16.500656,-49.4242276,brasil_aberto,True
GO,5208806,Goianira,Vila Padre Pelágio,vila padre pelagio,-16.500656,-49.4242276,brasil_aberto,True
GO,5208806,Goianira,Vila São Domingos,vila sao domingos,-16.5063749,-49.4223436,brasil_aberto,True
GO,5208806,Goianira,Vila Verdes Mares,vila verdes mares,-16.5053529,-49.4264379,brasil_aberto,True
GO,5208806,Goianira,Vila Verdes Mares - 2ª Etapa,vila verdes mares - 2ª etapa,-16.506799,-49.42436259999999,brasil_aberto,True
GO,5208806,Goianira,Área Rural,area rural,-16.5063728,-49.4223375,brasil_aberto,True
GO,5208400,Goianápolis,Setor Central,setor central,-16.5117388,-49.0208676,brasil_aberto,True
GO,5208608,Goianésia,Aldeia do Morro,aldeia do morro,-15.3124792,-49.1365024,brasil_aberto,True
GO,5208608,Goianésia,Amigo,amigo,-15.3339507,-49.1323849,brasil_aberto,True
GO,5208608,Goianésia,Barsanulfo,barsanulfo,-15.3296105,-49.1147456,brasil_aberto,True
GO,5208608,Goianésia,Boa Vista,boa vista,-15.3217215,-49.1361594,brasil_aberto,True
GO,5208608,Goianésia,Cafelândia,cafelandia,-15.1736832,-49.235449,brasil_aberto,True
GO,5208608,Goianésia,Carrilho,carrilho,-15.3158547,-49.1216792,brasil_aberto,True
GO,5208608,Goianésia,Centro,centro,-15.326671,-49.1150317,brasil_aberto,True
GO,5208608,Goianésia,Colina Park Residencial,colina park residencial,-15.3408457,-49.1009781,brasil_aberto,True
GO,5208608,Goianésia,Conjunto Meridian,conjunto meridian,,,brasil_aberto,True
GO,5208608,Goianésia,Covoa,covoa,-15.3140535,-49.1392414,brasil_aberto,True
GO,5208608,Goianésia,Covoa II,covoa ii,-15.3254116,-49.136146,brasil_aberto,True
GO,5208608,Goianésia,Distrito Agroindustrial Manoel Braollos Martins,distrito agroindustrial manoel braollos martins,-15.32679,-49.141275,brasil_aberto,True
GO,5208608,Goianésia,Distrito Agroindustrial Municipal de Goianésia,distrito agroindustrial municipal de goianesia,-15.3467201,-49.1251609,brasil_aberto,True
GO,5208608,Goianésia,Dona Fiica,dona fiica,-15.3045258,-49.1271231,brasil_aberto,True
GO,5208608,Goianésia,Dona Fiica II,dona fiica ii,-15.2977505,-49.1216024,brasil_aberto,True
GO,5208608,Goianésia,Itapuã,itapua,-15.3306671,-49.1049956,brasil_aberto,True
GO,5208608,Goianésia,Jardim Esperança,jardim esperanca,-15.3444994,-49.1062729,brasil_aberto,True
GO,5208608,Goianésia,Jardim Por do Sol,jardim por do sol,-15.3254222,-49.128507,brasil_aberto,True
GO,5208608,Goianésia,Juscelândia,juscelandia,-15.1236125,-49.2783644,brasil_aberto,True
GO,5208608,Goianésia,Laranjeiras,laranjeiras,-15.3015523,-49.1274491,brasil_aberto,True
GO,5208608,Goianésia,Morro da Ema,morro da ema,-15.3217215,-49.1361594,brasil_aberto,True
GO,5208608,Goianésia,Muniz Falcão,muniz falcao,-15.3253649,-49.1049602,brasil_aberto,True
GO,5208608,Goianésia,Natinópolis,natinopolis,-15.2234637,-49.2942833,brasil_aberto,True
GO,5208608,Goianésia,Negrinho Carrilho,negrinho carrilho,-15.321771,-49.1251942,brasil_aberto,True
GO,5208608,Goianésia,Nossa Senhora Aparecida,nossa senhora aparecida,-15.3068096,-49.12846099999999,brasil_aberto,True
GO,5208608,Goianésia,Nossa Senhora da Penha,nossa senhora da penha,-15.3090544,-49.1278607,brasil_aberto,True
GO,5208608,Goianésia,Nova Fiica,nova fiica,-15.3045817,-49.1238244,brasil_aberto,True
GO,5208608,Goianésia,Parque Araguaia,parque araguaia,,,brasil_aberto,True
GO,5208608,Goianésia,Parque Araguaia II,parque araguaia ii,,,brasil_aberto,True
GO,5208608,Goianésia,Parque Bandeirantes,parque bandeirantes,-15.3287133,-49.1049843,brasil_aberto,True
GO,5208608,Goianésia,Primavera,primavera,-15.3466595,-49.1140327,brasil_aberto,True
GO,5208608,Goianésia,Residencial Bougainville,residencial bougainville,-15.3408457,-49.1009781,brasil_aberto,True
GO,5208608,Goianésia,Residencial Flamboyant,residencial flamboyant,-15.3319679,-49.1369708,brasil_aberto,True
GO,5208608,Goianésia,Residencial Granville,residencial granville,-15.347553,-49.1215422,brasil_aberto,True
GO,5208608,Goianésia,Residencial Ipês,residencial ipes,-15.3263988,-49.1173239,brasil_aberto,True
GO,5208608,Goianésia,Residencial Jardim do Cerrado,residencial jardim do cerrado,-15.3127307,-49.14345669999999,brasil_aberto,True
GO,5208608,Goianésia,Residencial Laurentino Martins,residencial laurentino martins,-15.3201313,-49.1149973,brasil_aberto,True
GO,5208608,Goianésia,Residencial Mariana Park,residencial mariana park,-15.3444994,-49.1062729,brasil_aberto,True
GO,5208608,Goianésia,Residencial Morada Nova,residencial morada nova,-15.3020241,-49.1282147,brasil_aberto,True
GO,5208608,Goianésia,Residencial Nestor Ville,residencial nestor ville,-15.3084022,-49.1318148,brasil_aberto,True
GO,5208608,Goianésia,Residencial Parque das Palmeiras,residencial parque das palmeiras,-15.3297337,-49.1372677,brasil_aberto,True
GO,5208608,Goianésia,Residencial Parque das Palmeiras II,residencial parque das palmeiras ii,-15.3297015,-49.1442876,brasil_aberto,True
GO,5208608,Goianésia,Residencial Parque das Palmeiras III,residencial parque das palmeiras iii,-15.3287703,-49.1457033,brasil_aberto,True
GO,5208608,Goianésia,Residencial Paulo Dias,residencial paulo dias,-15.3015403,-49.1293198,brasil_aberto,True
GO,5208608,Goianésia,Residencial Santa Clara,residencial santa clara,-15.3314899,-49.1071915,brasil_aberto,True
GO,5208608,Goianésia,Residencial Vereda dos Buritis,residencial vereda dos buritis,-16.7199506,-49.3437425,brasil_aberto,True
GO,5208608,Goianésia,Santa Cecília,santa cecilia,-15.3200725,-49.1306683,brasil_aberto,True
GO,5208608,Goianésia,Santa Luzia,santa luzia,-15.326275,-49.1139172,brasil_aberto,True
GO,5208608,Goianésia,Santa Tereza,santa tereza,-15.3306671,-49.1049956,brasil_aberto,True
GO,5208608,Goianésia,Setor Bela Vista,setor bela vista,-15.3263988,-49.1173239,brasil_aberto,True
GO,5208608,Goianésia,Setor Oeste,setor oeste,-15.3263988,-49.1173239,brasil_aberto,True
GO,5208608,Goianésia,Setor Sul,setor sul,-16.6895066,-49.2529778,brasil_aberto,True
GO,5208608,Goianésia,Setor Universitário,setor universitario,-17.7795891,-48.6125795,brasil_aberto,True
GO,5208608,Goianésia,Setor dos Buritis,setor dos buritis,-17.4045818,-50.3814168,brasil_aberto,True
GO,5208608,Goianésia,São Cristóvão,sao cristovao,-15.3054119,-49.1166517,brasil_aberto,True
GO,5208608,Goianésia,Vila Nova Aurora,vila nova aurora,-15.3254222,-49.128507,brasil_aberto,True
GO,5208608,Goianésia,Vila Nova Aurora II,vila nova aurora ii,-15.3128028,-49.1304623,brasil_aberto,True
GO,5208608,Goianésia,Vila Nova Aurora III,vila nova aurora iii,-15.3127929,-49.1286119,brasil_aberto,True
GO,5208608,Goianésia,Vila São Caetano,vila sao caetano,-15.3223134,-49.1282723,brasil_aberto,True
GO,5208608,Goianésia,Vila Vera Cruz,vila vera cruz,-15.3266749,-49.107178,brasil_aberto,True
GO,5208608,Goianésia,Vivalle Goianésia,vivalle goianesia,-15.3591572,-49.1144909,brasil_aberto,True
GO,5208608,Goianésia,Área Rural de Goianésia,area rural de goianesia,-15.3263988,-49.1173239,brasil_aberto,True
GO,5209101,Goiatuba,Marcianópolis,marcianopolis,-17.9663733,-50.0039077,brasil_aberto,True
GO,5209101,Goiatuba,Setor Central,setor central,,,brasil_aberto,True
GO,5208905,Goiás,Buenolândia,buenolandia,-15.8052408,-50.3085022,brasil_aberto,True
GO,5208905,Goiás,Calcilândia,calcilandia,-15.8993577,-49.9107844,brasil_aberto,True
GO,5208905,Goiás,Davidópolis,davidopolis,-15.9590384,-50.1270949,brasil_aberto,True
GO,5208905,Goiás,Setor Central,setor central,-16.6812775,-49.2532328,brasil_aberto,True
GO,5208905,Goiás,São João,sao joao,-15.6454327,-50.585518,brasil_aberto,True
GO,5208905,Goiás,Uvá,uva,-15.8983698,-50.4394286,brasil_aberto,True
GO,5208707,Goiânia,Aeroporto Internacional Santa Genoveva,aeroporto internacional santa genoveva,-16.6331243,-49.2261348,brasil_aberto,True
GO,5208707,Goiânia,Aeroviário,aeroviario,-16.6682594,-49.3044646,brasil_aberto,True
GO,5208707,Goiânia,Alphaville Flamboyant Residencial Araguaia,alphaville flamboyant residencial araguaia,-16.6983897,-49.2141219,brasil_aberto,True
GO,5208707,Goiânia,Alto da Glória,alto da gloria,-16.7154183,-49.2384542,brasil_aberto,True
GO,5208707,Goiânia,Anhanguera,anhanguera,-16.7125598,-49.2970394,brasil_aberto,True
GO,5208707,Goiânia,Araguaia Park,araguaia park,-16.6976994,-49.3553471,brasil_aberto,True
GO,5208707,Goiânia,Bairro Santa Rita,bairro santa rita,-16.7346016,-49.3408476,brasil_aberto,True
GO,5208707,Goiânia,Balneário Gran Viena,balneario gran viena,-16.6171721,-49.2843483,brasil_aberto,True
GO,5208707,Goiânia,Boa Vista,boa vista,-16.5894002,-49.3398853,brasil_aberto,True
GO,5208707,Goiânia,Campus Samambaia - UFG,campus samambaia - ufg,-16.6017099,-49.2600932,brasil_aberto,True
GO,5208707,Goiânia,Capuava,capuava,-16.6635614,-49.3162874,brasil_aberto,True
GO,5208707,Goiânia,Capuava Residencial Privê,capuava residencial prive,-16.6809086,-49.3954583,brasil_aberto,True
GO,5208707,Goiânia,Carolina Parque,carolina parque,-16.6929528,-49.3716612,brasil_aberto,True
GO,5208707,Goiânia,Carolina Parque Complemento,carolina parque complemento,-16.6921243,-49.3758051,brasil_aberto,True
GO,5208707,Goiânia,Carolina Parque Extensão,carolina parque extensao,-16.6910481,-49.3740007,brasil_aberto,True
GO,5208707,Goiânia,Chacaras Coimbra,chacaras coimbra,-16.6666102,-49.2038971,brasil_aberto,True
GO,5208707,Goiânia,Chacaras Village Santa Rita,chacaras village santa rita,-16.7249559,-49.3641917,brasil_aberto,True
GO,5208707,Goiânia,Chácara São José - PUC Campus II,chacara sao jose - puc campus ii,-16.7343585,-49.2141124,brasil_aberto,True
GO,5208707,Goiânia,Chácara do Governador,chacara do governador,-16.7258708,-49.2271373,brasil_aberto,True
GO,5208707,Goiânia,Chácaras Alto da Glória,chacaras alto da gloria,-16.7206622,-49.225113,brasil_aberto,True
GO,5208707,Goiânia,Chácaras Anhanguera,chacaras anhanguera,-16.6868491,-49.2707899,brasil_aberto,True
GO,5208707,Goiânia,Chácaras Bom Retiro,chacaras bom retiro,-16.6664523,-49.2040863,brasil_aberto,True
GO,5208707,Goiânia,Chácaras Botafogo,chacaras botafogo,-16.6664523,-49.2040863,brasil_aberto,True
GO,5208707,Goiânia,Chácaras Buritis,chacaras buritis,-16.7144782,-49.3726132,brasil_aberto,True
GO,5208707,Goiânia,Chácaras Califórnia,chacaras california,-16.6028006,-49.2801876,brasil_aberto,True
GO,5208707,Goiânia,Chácaras Dona Gê,chacaras dona ge,-16.7052861,-49.3199354,brasil_aberto,True
GO,5208707,Goiânia,Chácaras Helou,chacaras helou,-16.623639,-49.3556383,brasil_aberto,True
GO,5208707,Goiânia,Chácaras Ipanema,chacaras ipanema,-16.6505236,-49.1746153,brasil_aberto,True
GO,5208707,Goiânia,Chácaras Mansões Rosas de Ouro,chacaras mansoes rosas de ouro,-16.6346915,-49.3376515,brasil_aberto,True
GO,5208707,Goiânia,Chácaras Maringá,chacaras maringa,-16.661096,-49.3604828,brasil_aberto,True
GO,5208707,Goiânia,Chácaras Nossa Senhora da Piedade,chacaras nossa senhora da piedade,-16.6153972,-49.2090797,brasil_aberto,True
GO,5208707,Goiânia,Chácaras Retiro,chacaras retiro,-16.6220323,-49.2638553,brasil_aberto,True
GO,5208707,Goiânia,Chácaras Rio Branco,chacaras rio branco,-16.6726311,-49.2647928,brasil_aberto,True
GO,5208707,Goiânia,Chácaras Salinos,chacaras salinos,-16.5912011,-49.3159237,brasil_aberto,True
GO,5208707,Goiânia,Chácaras Santa Bárbara,chacaras santa barbara,-16.6186614,-49.2205915,brasil_aberto,True
GO,5208707,Goiânia,Chácaras Santa Rita,chacaras santa rita,-16.707223,-49.3361099,brasil_aberto,True
GO,5208707,Goiânia,Chácaras São José,chacaras sao jose,-16.6478595,-49.2573319,brasil_aberto,True
GO,5208707,Goiânia,Chácaras São Silvestre,chacaras sao silvestre,-16.6581502,-49.1827604,brasil_aberto,True
GO,5208707,Goiânia,Chácaras de Recreio Samambaia,chacaras de recreio samambaia,-16.5813895,-49.2880521,brasil_aberto,True
GO,5208707,Goiânia,Chácaras de Recreio São Joaquim,chacaras de recreio sao joaquim,-16.645878,-49.351417,brasil_aberto,True
GO,5208707,Goiânia,Cidade Jardim,cidade jardim,-16.6759597,-49.3121229,brasil_aberto,True
GO,5208707,Goiânia,Colônia Santa Marta,colonia santa marta,-16.6847454,-49.1934119,brasil_aberto,True
GO,5208707,Goiânia,Condomínio Alto da Boa Vista,condominio alto da boa vista,-16.6437849,-49.30516979999999,brasil_aberto,True
GO,5208707,Goiânia,Condomínio Amin Camargo,condominio amin camargo,,,brasil_aberto,True
GO,5208707,Goiânia,Condomínio Anhanguera,condominio anhanguera,-16.7079221,-49.3596201,brasil_aberto,True
GO,5208707,Goiânia,Condomínio Cidade Universitária,condominio cidade universitaria,-16.7497725,-49.3050592,brasil_aberto,True
GO,5208707,Goiânia,Condomínio Eldorado,condominio eldorado,-16.6868491,-49.2707899,brasil_aberto,True
GO,5208707,Goiânia,Condomínio Ipanema,condominio ipanema,-16.7011802,-49.2041507,brasil_aberto,True
GO,5208707,Goiânia,Condomínio Jardim das Oliveiras,condominio jardim das oliveiras,-16.7001949,-49.3653591,brasil_aberto,True
GO,5208707,Goiânia,Condomínio Marlene,condominio marlene,-16.7772764,-49.3780083,brasil_aberto,True
GO,5208707,Goiânia,Condomínio Parque dos Cisnes,condominio parque dos cisnes,-16.5741974,-49.2417224,brasil_aberto,True
GO,5208707,Goiânia,Condomínio Privê das Oliveiras,condominio prive das oliveiras,-16.7071114,-49.29292640000001,brasil_aberto,True
GO,5208707,Goiânia,Condomínio Privê dos Girassóis,condominio prive dos girassois,-16.7142118,-49.2222023,brasil_aberto,True
GO,5208707,Goiânia,Condomínio Residencial Parque Oeste,condominio residencial parque oeste,-16.6786097,-49.3284129,brasil_aberto,True
GO,5208707,Goiânia,Condomínio Residencial Santa Maria I,condominio residencial santa maria i,-16.6773615,-49.3289562,brasil_aberto,True
GO,5208707,Goiânia,Condomínio Residencial Santa Rita,condominio residencial santa rita,-16.6784849,-49.3284381,brasil_aberto,True
GO,5208707,Goiânia,Condomínio Rio Branco,condominio rio branco,-16.7182104,-49.3756868,brasil_aberto,True
GO,5208707,Goiânia,Condomínio Samambaia,condominio samambaia,-16.5874895,-49.2808795,brasil_aberto,True
GO,5208707,Goiânia,Condomínio Santa Rita,condominio santa rita,-16.6784758,-49.3321009,brasil_aberto,True
GO,5208707,Goiânia,Condomínio Santa Rita - 2ª Etapa,condominio santa rita - 2ª etapa,-16.7366078,-49.3405712,brasil_aberto,True
GO,5208707,Goiânia,Condomínio Santa Rita - 4ª Etapa,condominio santa rita - 4ª etapa,-16.7379314,-49.3414122,brasil_aberto,True
GO,5208707,Goiânia,Condomínio Santa Rita - 6ª Etapa,condominio santa rita - 6ª etapa,-16.7339659,-49.3390696,brasil_aberto,True
GO,5208707,Goiânia,Condomínio Santa Rita - 7ª Etapa,condominio santa rita - 7ª etapa,-16.7355993,-49.3373138,brasil_aberto,True
GO,5208707,Goiânia,Condomínio Santa Rita - 8ª Etapa,condominio santa rita - 8ª etapa,-16.7368468,-49.3385261,brasil_aberto,True
GO,5208707,Goiânia,Condomínio Santa Rita - 9ª Etapa,condominio santa rita - 9ª etapa,-16.7362433,-49.3385343,brasil_aberto,True
GO,5208707,Goiânia,Condomínio União,condominio uniao,-16.7036023,-49.38244539999999,brasil_aberto,True
GO,5208707,Goiânia,Condomínio das Esmeraldas,condominio das esmeraldas,-16.7899175,-49.3564215,brasil_aberto,True
GO,5208707,Goiânia,Condomínio do Lago,condominio do lago,-16.660652,-49.3669445,brasil_aberto,True
GO,5208707,Goiânia,Condomínio dos Dourados,condominio dos dourados,-16.8010207,-49.3640484,brasil_aberto,True
GO,5208707,Goiânia,Conjunto Anhanguera,conjunto anhanguera,-16.7276444,-49.2412139,brasil_aberto,True
GO,5208707,Goiânia,Conjunto Cachoeira Dourada,conjunto cachoeira dourada,-16.67359,-49.28458,brasil_aberto,True
GO,5208707,Goiânia,Conjunto Fabiana,conjunto fabiana,-16.7315614,-49.2258711,brasil_aberto,True
GO,5208707,Goiânia,Conjunto Guadalajara,conjunto guadalajara,-16.6793037,-49.313533,brasil_aberto,True
GO,5208707,Goiânia,Conjunto Habitacional Baliza,conjunto habitacional baliza,-16.7728221,-49.3591528,brasil_aberto,True
GO,5208707,Goiânia,Conjunto Habitacional Madre Germana II,conjunto habitacional madre germana ii,-16.8153699,-49.3745239,brasil_aberto,True
GO,5208707,Goiânia,Conjunto Morada Nova,conjunto morada nova,-16.681562,-49.3158463,brasil_aberto,True
GO,5208707,Goiânia,Conjunto Palmares,conjunto palmares,-16.6477833,-49.2105299,brasil_aberto,True
GO,5208707,Goiânia,Conjunto Parque dos Eucaliptos,conjunto parque dos eucaliptos,-16.6094583,-49.20973009999999,brasil_aberto,True
GO,5208707,Goiânia,Conjunto Primavera,conjunto primavera,-16.5939055,-49.3520367,brasil_aberto,True
GO,5208707,Goiânia,Conjunto Residencial Aruanã I,conjunto residencial aruana i,-16.6902654,-49.2071053,brasil_aberto,True
GO,5208707,Goiânia,Conjunto Residencial Aruanã II,conjunto residencial aruana ii,-16.6925891,-49.2026741,brasil_aberto,True
GO,5208707,Goiânia,Conjunto Residencial Aruanã III,conjunto residencial aruana iii,-16.6815447,-49.2020868,brasil_aberto,True
GO,5208707,Goiânia,Conjunto Residencial Costa Verde,conjunto residencial costa verde,-16.693326,-49.3603994,brasil_aberto,True
GO,5208707,Goiânia,Conjunto Residencial Irisville,conjunto residencial irisville,-16.6390397,-49.1595981,brasil_aberto,True
GO,5208707,Goiânia,Conjunto Residencial Irisville - 2ª Etapa,conjunto residencial irisville - 2ª etapa,-16.6390397,-49.1595981,brasil_aberto,True
GO,5208707,Goiânia,Conjunto Residencial Paulo Pacheco,conjunto residencial paulo pacheco,-16.586275,-49.323068,brasil_aberto,True
GO,5208707,Goiânia,Conjunto Residencial Rodoviário,conjunto residencial rodoviario,-16.6661796,-49.3134801,brasil_aberto,True
GO,5208707,Goiânia,Conjunto Residencial Yara,conjunto residencial yara,-16.6479095,-49.2670468,brasil_aberto,True
GO,5208707,Goiânia,Conjunto Riviera,conjunto riviera,-16.6911493,-49.2114047,brasil_aberto,True
GO,5208707,Goiânia,Conjunto Romildo Ferreira do Amaral,conjunto romildo ferreira do amaral,-16.6857683,-49.2994686,brasil_aberto,True
GO,5208707,Goiânia,Conjunto Vera Cruz,conjunto vera cruz,-16.6765102,-49.3916421,brasil_aberto,True
GO,5208707,Goiânia,Conjunto Vila Isabel,conjunto vila isabel,-16.7158352,-49.2539236,brasil_aberto,True
GO,5208707,Goiânia,Da Vitória,da vitoria,-16.6062632,-49.3464025,brasil_aberto,True
GO,5208707,Goiânia,Distrito Vila Rica,distrito vila rica,-16.4626475,-49.205667,brasil_aberto,True
GO,5208707,Goiânia,Elísio Campos,elisio campos,-16.6644672,-49.2330686,brasil_aberto,True
GO,5208707,Goiânia,Esplanada do Anicuns,esplanada do anicuns,-16.675312,-49.2796278,brasil_aberto,True
GO,5208707,Goiânia,Fazenda Arrozal,fazenda arrozal,-16.5372655,-50.5564648,brasil_aberto,True
GO,5208707,Goiânia,Fazenda Baliza,fazenda baliza,-16.7405209,-49.3305235,brasil_aberto,True
GO,5208707,Goiânia,Fazenda Botafogo,fazenda botafogo,-16.6849197,-49.1930963,brasil_aberto,True
GO,5208707,Goiânia,Fazenda Catingueiro,fazenda catingueiro,-16.6376989,-49.2841708,brasil_aberto,True
GO,5208707,Goiânia,Fazenda Caveiras,fazenda caveiras,-16.7316876,-49.2868731,brasil_aberto,True
GO,5208707,Goiânia,Fazenda Caveiras - Aeródromo,fazenda caveiras - aerodromo,,,brasil_aberto,True
GO,5208707,Goiânia,Fazenda Caveiras - Residencial Bosque dos Buritis,fazenda caveiras - residencial bosque dos buritis,-16.6265159,-49.3562921,brasil_aberto,True
GO,5208707,Goiânia,Fazenda Colina,fazenda colina,-16.6376989,-49.2841708,brasil_aberto,True
GO,5208707,Goiânia,Fazenda Criméia Caveiras,fazenda crimeia caveiras,-16.6330207,-49.273972,brasil_aberto,True
GO,5208707,Goiânia,Fazenda Dourados,fazenda dourados,-16.8027416,-49.3668325,brasil_aberto,True
GO,5208707,Goiânia,Fazenda Dourados - Residencial Atibaia,fazenda dourados - residencial atibaia,-16.7679235,-49.3677542,brasil_aberto,True
GO,5208707,Goiânia,Fazenda Embira,fazenda embira,-16.6195305,-49.2440872,brasil_aberto,True
GO,5208707,Goiânia,Fazenda Gameleira,fazenda gameleira,-16.7046038,-49.207053,brasil_aberto,True
GO,5208707,Goiânia,Fazenda Guanabara - Condomínio Parque Ipê,fazenda guanabara - condominio parque ipe,-16.6110996,-49.2130332,brasil_aberto,True
GO,5208707,Goiânia,Fazenda João Vaz,fazenda joao vaz,-16.6446233,-49.299751,brasil_aberto,True
GO,5208707,Goiânia,Fazenda Ladeira,fazenda ladeira,-16.6526519,-49.2044417,brasil_aberto,True
GO,5208707,Goiânia,Fazenda Petrópolis - Residencial Monte Verde,fazenda petropolis - residencial monte verde,-16.6868491,-49.2707899,brasil_aberto,True
GO,5208707,Goiânia,Fazenda Planície,fazenda planicie,-16.6195305,-49.2440872,brasil_aberto,True
GO,5208707,Goiânia,Fazenda Planície Petrópolis,fazenda planicie petropolis,-16.6581502,-49.1827604,brasil_aberto,True
GO,5208707,Goiânia,Fazenda Quebra Anzol - Residencial Portal dos Ipês I,fazenda quebra anzol - residencial portal dos ipes i,-16.6977372,-49.4128758,brasil_aberto,True
GO,5208707,Goiânia,Fazenda Quebra Anzol - Residencial Portal dos Ipês II,fazenda quebra anzol - residencial portal dos ipes ii,-16.6977372,-49.4128758,brasil_aberto,True
GO,5208707,Goiânia,Fazenda Quebra Anzol - Residencial Portal dos Ipês III,fazenda quebra anzol - residencial portal dos ipes iii,-16.6977372,-49.4128758,brasil_aberto,True
GO,5208707,Goiânia,Fazenda Retiro,fazenda retiro,-16.6270793,-49.1888122,brasil_aberto,True
GO,5208707,Goiânia,Fazenda Retiro - Condomínio Parque Aroeira,fazenda retiro - condominio parque aroeira,,,brasil_aberto,True
GO,5208707,Goiânia,Fazenda Retiro - Golden Shopping,fazenda retiro - golden shopping,-16.6270793,-49.1888122,brasil_aberto,True
GO,5208707,Goiânia,Fazenda Salinos,fazenda salinos,-16.7245419,-49.39624,brasil_aberto,True
GO,5208707,Goiânia,Fazenda Samambaia,fazenda samambaia,-16.7415448,-49.1920715,brasil_aberto,True
GO,5208707,Goiânia,Fazenda Santa Maria,fazenda santa maria,-16.650594,-49.1754066,brasil_aberto,True
GO,5208707,Goiânia,Fazenda Santa Rita,fazenda santa rita,-16.7155001,-49.3620185,brasil_aberto,True
GO,5208707,Goiânia,Fazenda Santa Rita - Conjunto Residencial Alto Oriente,fazenda santa rita - conjunto residencial alto oriente,-16.6868491,-49.2707899,brasil_aberto,True
GO,5208707,Goiânia,Fazenda Santa Rita - Glebas B e B1,fazenda santa rita - glebas b e b1,-16.7155001,-49.3620185,brasil_aberto,True
GO,5208707,Goiânia,Fazenda Santa Rita - Goiânia Viva,fazenda santa rita - goiania viva,-16.6989067,-49.3504484,brasil_aberto,True
GO,5208707,Goiânia,Fazenda Santa Rita - Jardim Botânico,fazenda santa rita - jardim botanico,-16.7262616,-49.3766356,brasil_aberto,True
GO,5208707,Goiânia,Fazenda Santa Rita - Quadra 01,fazenda santa rita - quadra 01,-16.6868491,-49.2707899,brasil_aberto,True
GO,5208707,Goiânia,Fazenda Santa Rita - Residencial Invent Total Club,fazenda santa rita - residencial invent total club,-16.7124478,-49.3238906,brasil_aberto,True
GO,5208707,Goiânia,Fazenda Santa Rita - Residencial Issa Costa VI,fazenda santa rita - residencial issa costa vi,-16.7417665,-49.37403020000001,brasil_aberto,True
GO,5208707,Goiânia,Fazenda Santa Rita - São Francisco,fazenda santa rita - sao francisco,-16.7245186,-49.3017766,brasil_aberto,True
GO,5208707,Goiânia,Fazenda São Domingos,fazenda sao domingos,-16.5784561,-49.3335936,brasil_aberto,True
GO,5208707,Goiânia,Fazenda São Domingos - Conjunto Residencial Campo Belo,fazenda sao domingos - conjunto residencial campo belo,-16.5922144,-49.3545253,brasil_aberto,True
GO,5208707,Goiânia,Fazenda São Domingos - Conjunto Residencial Terra Nova,fazenda sao domingos - conjunto residencial terra nova,-16.6397435,-49.2837255,brasil_aberto,True
GO,5208707,Goiânia,Fazenda São José,fazenda sao jose,-16.6579101,-49.3730314,brasil_aberto,True
GO,5208707,Goiânia,Fazenda São José - Residencial Celeste,fazenda sao jose - residencial celeste,-16.6854775,-49.36252589999999,brasil_aberto,True
GO,5208707,Goiânia,Fazenda Vau das Pombas,fazenda vau das pombas,-16.7840863,-49.1763663,brasil_aberto,True
GO,5208707,Goiânia,Feliz,feliz,-16.6636232,-49.2295288,brasil_aberto,True
GO,5208707,Goiânia,Floresta,floresta,-16.5878259,-49.3307624,brasil_aberto,True
GO,5208707,Goiânia,Garavelo Residencial Norte,garavelo residencial norte,-16.7490517,-49.3500865,brasil_aberto,True
GO,5208707,Goiânia,Goiá,goia,-16.6860745,-49.3305425,brasil_aberto,True
GO,5208707,Goiânia,Goiá 2,goia 2,-16.6837137,-49.3241808,brasil_aberto,True
GO,5208707,Goiânia,Goiá 2 Complemento,goia 2 complemento,-16.68139,-49.3255489,brasil_aberto,True
GO,5208707,Goiânia,Goiá IV,goia iv,-16.6884957,-49.3404588,brasil_aberto,True
GO,5208707,Goiânia,Goiá Setor Veloso,goia setor veloso,-16.6869403,-49.3286284,brasil_aberto,True
GO,5208707,Goiânia,Goiânia 2,goiania 2,-16.633487,-49.2510799,brasil_aberto,True
GO,5208707,Goiânia,Granja Agrícola Jacirema,granja agricola jacirema,-16.6470989,-49.2417802,brasil_aberto,True
GO,5208707,Goiânia,Granja Cruzeiro do Sul,granja cruzeiro do sul,-16.6392584,-49.2831761,brasil_aberto,True
GO,5208707,Goiânia,Granja Santos Dumont,granja santos dumont,-16.6709622,-49.2992263,brasil_aberto,True
GO,5208707,Goiânia,Industrial Mooca,industrial mooca,-16.6761137,-49.3165173,brasil_aberto,True
GO,5208707,Goiânia,Ipiranga,ipiranga,-16.6563281,-49.1904522,brasil_aberto,True
GO,5208707,Goiânia,Jardim Abaporu,jardim abaporu,-16.6541209,-49.1847363,brasil_aberto,True
GO,5208707,Goiânia,Jardim Alphaville,jardim alphaville,-16.7313927,-49.3753881,brasil_aberto,True
GO,5208707,Goiânia,Jardim América,jardim america,-16.7215661,-49.2901544,brasil_aberto,True
GO,5208707,Goiânia,Jardim Ana Lúcia,jardim ana lucia,-16.6968023,-49.3115885,brasil_aberto,True
GO,5208707,Goiânia,Jardim Aritana,jardim aritana,-16.71858,-49.3738095,brasil_aberto,True
GO,5208707,Goiânia,Jardim Atlântico,jardim atlantico,-16.7340272,-49.2947258,brasil_aberto,True
GO,5208707,Goiânia,Jardim Balneário Meia Ponte,jardim balneario meia ponte,-16.6600229,-49.2915608,brasil_aberto,True
GO,5208707,Goiânia,Jardim Bela Vista,jardim bela vista,-16.7326686,-49.2290479,brasil_aberto,True
GO,5208707,Goiânia,Jardim Belvedere,jardim belvedere,-16.6284078,-49.3090417,brasil_aberto,True
GO,5208707,Goiânia,Jardim Bom Jesus,jardim bom jesus,-16.6153457,-49.2686592,brasil_aberto,True
GO,5208707,Goiânia,Jardim Bonanza,jardim bonanza,-16.627279,-49.3096256,brasil_aberto,True
GO,5208707,Goiânia,Jardim Botânico,jardim botanico,-16.7193357,-49.3828043,brasil_aberto,True
GO,5208707,Goiânia,Jardim Brasil,jardim brasil,-16.6966426,-49.214814,brasil_aberto,True
GO,5208707,Goiânia,Jardim Califórnia,jardim california,-16.6817031,-49.2093814,brasil_aberto,True
GO,5208707,Goiânia,Jardim Califórnia Parque Industrial,jardim california parque industrial,-16.6712675,-49.2002375,brasil_aberto,True
GO,5208707,Goiânia,Jardim Caravelas,jardim caravelas,-16.7534537,-49.35747,brasil_aberto,True
GO,5208707,Goiânia,Jardim Clarissa,jardim clarissa,-16.6582766,-49.346346,brasil_aberto,True
GO,5208707,Goiânia,Jardim Colorado,jardim colorado,-16.6321,-49.3323251,brasil_aberto,True
GO,5208707,Goiânia,Jardim Colorado Extensão,jardim colorado extensao,-16.6347254,-49.3301536,brasil_aberto,True
GO,5208707,Goiânia,Jardim Colorado I,jardim colorado i,-16.631031,-49.3347733,brasil_aberto,True
GO,5208707,Goiânia,Jardim Colorado II,jardim colorado ii,-16.631031,-49.3347733,brasil_aberto,True
GO,5208707,Goiânia,Jardim Colorado Sul,jardim colorado sul,-16.6319627,-49.3314112,brasil_aberto,True
GO,5208707,Goiânia,Jardim Conquista,jardim conquista,-16.6674911,-49.1952652,brasil_aberto,True
GO,5208707,Goiânia,Jardim Corte Real,jardim corte real,-16.6478595,-49.2573319,brasil_aberto,True
GO,5208707,Goiânia,Jardim Curitiba,jardim curitiba,-16.6073581,-49.3437654,brasil_aberto,True
GO,5208707,Goiânia,Jardim Diamantina,jardim diamantina,-16.6406523,-49.2786166,brasil_aberto,True
GO,5208707,Goiânia,Jardim Dom Fernando I,jardim dom fernando i,-16.6630788,-49.1900045,brasil_aberto,True
GO,5208707,Goiânia,Jardim Dom Fernando II,jardim dom fernando ii,-16.6674594,-49.191975,brasil_aberto,True
GO,5208707,Goiânia,Jardim Eli Forte,jardim eli forte,-16.7353257,-49.34913479999999,brasil_aberto,True
GO,5208707,Goiânia,Jardim Eli Fortes Complemento,jardim eli fortes complemento,-16.7346262,-49.3487714,brasil_aberto,True
GO,5208707,Goiânia,Jardim Europa,jardim europa,-16.7160533,-49.3067696,brasil_aberto,True
GO,5208707,Goiânia,Jardim Florença,jardim florenca,-16.723238,-49.3128824,brasil_aberto,True
GO,5208707,Goiânia,Jardim Fonte Nova,jardim fonte nova,-16.6225232,-49.31203300000001,brasil_aberto,True
GO,5208707,Goiânia,Jardim Fonte Nova I,jardim fonte nova i,-16.6278597,-49.3129575,brasil_aberto,True
GO,5208707,Goiânia,Jardim Gardênia,jardim gardenia,-16.7352062,-49.3805362,brasil_aberto,True
GO,5208707,Goiânia,Jardim Goiás,jardim goias,-16.67359,-49.28458,brasil_aberto,True
GO,5208707,Goiânia,Jardim Goiás - Área I,jardim goias - area i,-16.6933537,-49.2123932,brasil_aberto,True
GO,5208707,Goiânia,Jardim Gramado,jardim gramado,-16.6358789,-49.3001155,brasil_aberto,True
GO,5208707,Goiânia,Jardim Gramado I,jardim gramado i,-16.6343436,-49.3004074,brasil_aberto,True
GO,5208707,Goiânia,Jardim Guanabara,jardim guanabara,-16.6256695,-49.2127839,brasil_aberto,True
GO,5208707,Goiânia,Jardim Guanabara II,jardim guanabara ii,-16.6157227,-49.2140334,brasil_aberto,True
GO,5208707,Goiânia,Jardim Guanabara III,jardim guanabara iii,-16.6130934,-49.2203579,brasil_aberto,True
GO,5208707,Goiânia,Jardim Guanabara IV,jardim guanabara iv,-16.6141112,-49.209004,brasil_aberto,True
GO,5208707,Goiânia,Jardim Imperial,jardim imperial,-16.683767,-49.3716828,brasil_aberto,True
GO,5208707,Goiânia,Jardim Ipanema,jardim ipanema,-16.7429684,-49.1881803,brasil_aberto,True
GO,5208707,Goiânia,Jardim Ipê,jardim ipe,-16.6258913,-49.2828357,brasil_aberto,True
GO,5208707,Goiânia,Jardim Itaipu,jardim itaipu,-16.7784965,-49.3586217,brasil_aberto,True
GO,5208707,Goiânia,Jardim Lageado,jardim lageado,-16.6455046,-49.1916216,brasil_aberto,True
GO,5208707,Goiânia,Jardim Lago Azul,jardim lago azul,-16.5955129,-49.3462538,brasil_aberto,True
GO,5208707,Goiânia,Jardim Leblon,jardim leblon,-16.6726075,-49.3242961,brasil_aberto,True
GO,5208707,Goiânia,Jardim Leblon II,jardim leblon ii,-16.6762679,-49.3246834,brasil_aberto,True
GO,5208707,Goiânia,Jardim Liberdade,jardim liberdade,-16.6170814,-49.3499499,brasil_aberto,True
GO,5208707,Goiânia,Jardim Luz,jardim luz,-16.7467676,-49.2724008,brasil_aberto,True
GO,5208707,Goiânia,Jardim Maria Helena,jardim maria helena,-16.6823352,-49.2150136,brasil_aberto,True
GO,5208707,Goiânia,Jardim Mariliza,jardim mariliza,-16.7337224,-49.1966808,brasil_aberto,True
GO,5208707,Goiânia,Jardim Marques de Abreu,jardim marques de abreu,-16.7144034,-49.368488,brasil_aberto,True
GO,5208707,Goiânia,Jardim Mirabel,jardim mirabel,-16.6867236,-49.3367789,brasil_aberto,True
GO,5208707,Goiânia,Jardim Nova Esperança,jardim nova esperanca,-16.6394136,-49.328073,brasil_aberto,True
GO,5208707,Goiânia,Jardim Novo Mundo,jardim novo mundo,-16.6731063,-49.2102878,brasil_aberto,True
GO,5208707,Goiânia,Jardim Novo Mundo Extensão,jardim novo mundo extensao,-16.6897758,-49.2269229,brasil_aberto,True
GO,5208707,Goiânia,Jardim Novo Mundo II,jardim novo mundo ii,-16.6794382,-49.2182748,brasil_aberto,True
GO,5208707,Goiânia,Jardim Novo Petrópolis,jardim novo petropolis,-16.6568646,-49.3441208,brasil_aberto,True
GO,5208707,Goiânia,Jardim Pampulha,jardim pampulha,-16.6742721,-49.3347079,brasil_aberto,True
GO,5208707,Goiânia,Jardim Petrópolis,jardim petropolis,-16.6624138,-49.3465797,brasil_aberto,True
GO,5208707,Goiânia,Jardim Planalto,jardim planalto,-16.7160024,-49.3009824,brasil_aberto,True
GO,5208707,Goiânia,Jardim Presidente,jardim presidente,-16.7375006,-49.3265441,brasil_aberto,True
GO,5208707,Goiânia,Jardim Presidente Extensão III,jardim presidente extensao iii,-16.7492948,-49.3360928,brasil_aberto,True
GO,5208707,Goiânia,Jardim Real,jardim real,-16.6480706,-49.3784186,brasil_aberto,True
GO,5208707,Goiânia,Jardim Santa Cecília,jardim santa cecilia,-16.6371905,-49.304279,brasil_aberto,True
GO,5208707,Goiânia,Jardim Santo Antônio,jardim santo antonio,-16.7303295,-49.2512948,brasil_aberto,True
GO,5208707,Goiânia,Jardim São José,jardim sao jose,-16.6922783,-49.4004386,brasil_aberto,True
GO,5208707,Goiânia,Jardim São José I,jardim sao jose i,-16.6946702,-49.40074,brasil_aberto,True
GO,5208707,Goiânia,Jardim Sônia Maria,jardim sonia maria,-16.7299827,-49.332133,brasil_aberto,True
GO,5208707,Goiânia,Jardim Vila Boa,jardim vila boa,-16.7245186,-49.3017766,brasil_aberto,True
GO,5208707,Goiânia,Jardim Vista Bela,jardim vista bela,-16.6278093,-49.3389877,brasil_aberto,True
GO,5208707,Goiânia,Jardim Vitória,jardim vitoria,-16.7253765,-49.2163317,brasil_aberto,True
GO,5208707,Goiânia,Jardim da Luz,jardim da luz,-16.7288561,-49.234749,brasil_aberto,True
GO,5208707,Goiânia,Jardim das Aroeiras,jardim das aroeiras,-16.662312,-49.195605,brasil_aberto,True
GO,5208707,Goiânia,Jardim das Esmeraldas,jardim das esmeraldas,-16.7308166,-49.2563816,brasil_aberto,True
GO,5208707,Goiânia,Jardim das Hortências,jardim das hortencias,-16.6205245,-49.3360062,brasil_aberto,True
GO,5208707,Goiânia,Jardim das Rosas,jardim das rosas,-16.7015725,-49.3670541,brasil_aberto,True
GO,5208707,Goiânia,Jardins Atenas,jardins atenas,-16.731585,-49.2086504,brasil_aberto,True
GO,5208707,Goiânia,Jardins França,jardins franca,-16.7347335,-49.1822636,brasil_aberto,True
GO,5208707,Goiânia,Jardins Itália,jardins italia,-16.7194275,-49.2163417,brasil_aberto,True
GO,5208707,Goiânia,Jardins Lisboa,jardins lisboa,-16.7714284,-49.3545938,brasil_aberto,True
GO,5208707,Goiânia,Jardins Madri,jardins madri,-16.748523,-49.3434301,brasil_aberto,True
GO,5208707,Goiânia,Jardins Madri Complemento,jardins madri complemento,-16.7524019,-49.3420562,brasil_aberto,True
GO,5208707,Goiânia,Jardins Milão,jardins milao,-16.7249276,-49.2047798,brasil_aberto,True
GO,5208707,Goiânia,Jardins Munique,jardins munique,-16.7203824,-49.20291950000001,brasil_aberto,True
GO,5208707,Goiânia,Jardins Paris,jardins paris,-16.7285197,-49.2066422,brasil_aberto,True
GO,5208707,Goiânia,Jardins Valência,jardins valencia,-16.7259797,-49.1985373,brasil_aberto,True
GO,5208707,Goiânia,Jardins Verona,jardins verona,-16.7197894,-49.2128946,brasil_aberto,True
GO,5208707,Goiânia,Lorena Parque,lorena parque,-16.6963818,-49.3564482,brasil_aberto,True
GO,5208707,Goiânia,Loteamento Alphaville Residencial,loteamento alphaville residencial,-16.7490657,-49.3907044,brasil_aberto,True
GO,5208707,Goiânia,Loteamento Areião I,loteamento areiao i,-16.7006631,-49.2461167,brasil_aberto,True
GO,5208707,Goiânia,Loteamento Aruanã Park,loteamento aruana park,-16.6928967,-49.200188,brasil_aberto,True
GO,5208707,Goiânia,Loteamento Celina Park,loteamento celina park,-16.7033933,-49.3255511,brasil_aberto,True
GO,5208707,Goiânia,Loteamento Estâncias Vista Alegre,loteamento estancias vista alegre,-16.5876406,-49.1952089,brasil_aberto,True
GO,5208707,Goiânia,Loteamento Grande Retiro,loteamento grande retiro,-16.6686156,-49.18184280000001,brasil_aberto,True
GO,5208707,Goiânia,Loteamento Granjas Brasil,loteamento granjas brasil,-16.6868491,-49.2707899,brasil_aberto,True
GO,5208707,Goiânia,Loteamento Mansões Goianas,loteamento mansoes goianas,-16.6300132,-49.2832881,brasil_aberto,True
GO,5208707,Goiânia,Loteamento Mansões Pereira,loteamento mansoes pereira,-16.6530133,-49.2529018,brasil_aberto,True
GO,5208707,Goiânia,Loteamento Morada dos Sonhos,loteamento morada dos sonhos,-16.5998857,-49.2524535,brasil_aberto,True
GO,5208707,Goiânia,Loteamento Portal do Sol I,loteamento portal do sol i,-16.711735,-49.1905197,brasil_aberto,True
GO,5208707,Goiânia,Loteamento Portal do Sol II,loteamento portal do sol ii,-16.7277189,-49.2456246,brasil_aberto,True
GO,5208707,Goiânia,Loteamento Quinta do Rio Dourados,loteamento quinta do rio dourados,-16.6980653,-49.3222439,brasil_aberto,True
GO,5208707,Goiânia,Loteamento Shangry-Lá,loteamento shangry-la,-16.5881724,-49.2637192,brasil_aberto,True
GO,5208707,Goiânia,Loteamento Tropical Verde,loteamento tropical verde,-16.6863603,-49.3437425,brasil_aberto,True
GO,5208707,Goiânia,Loteamento Tropical Ville,loteamento tropical ville,-16.6559345,-49.3811731,brasil_aberto,True
GO,5208707,Goiânia,Loteamento Tupinambá dos Reis,loteamento tupinamba dos reis,,,brasil_aberto,True
GO,5208707,Goiânia,Loteamento Vale Verde,loteamento vale verde,-16.5927335,-49.3699629,brasil_aberto,True
GO,5208707,Goiânia,Moinho dos Ventos,moinho dos ventos,-16.7331464,-49.3421018,brasil_aberto,True
GO,5208707,Goiânia,Nossa Senhora de Fátima,nossa senhora de fatima,-16.6836701,-49.3195234,brasil_aberto,True
GO,5208707,Goiânia,Nova Suiça,nova suica,-16.7179418,-49.2739438,brasil_aberto,True
GO,5208707,Goiânia,Panorama Parque,panorama parque,-16.6440948,-49.2769023,brasil_aberto,True
GO,5208707,Goiânia,Park Lozandes,park lozandes,-16.6981112,-49.2238358,brasil_aberto,True
GO,5208707,Goiânia,Parque Acalanto,parque acalanto,-16.7325872,-49.2269737,brasil_aberto,True
GO,5208707,Goiânia,Parque Aeródromo Antônio Sebba Filho,parque aerodromo antonio sebba filho,-16.6868491,-49.2707899,brasil_aberto,True
GO,5208707,Goiânia,Parque Amazônia,parque amazonia,-16.7357458,-49.2720145,brasil_aberto,True
GO,5208707,Goiânia,Parque Anhanguera,parque anhanguera,-16.7245186,-49.3017766,brasil_aberto,True
GO,5208707,Goiânia,Parque Anhanguera II,parque anhanguera ii,-16.7236131,-49.3055085,brasil_aberto,True
GO,5208707,Goiânia,Parque Atheneu,parque atheneu,-16.741051,-49.2050508,brasil_aberto,True
GO,5208707,Goiânia,Parque Balneário,parque balneario,-16.6155459,-49.2846144,brasil_aberto,True
GO,5208707,Goiânia,Parque Bom Jesus,parque bom jesus,-16.7027695,-49.40181579999999,brasil_aberto,True
GO,5208707,Goiânia,Parque Buriti,parque buriti,-16.6433637,-49.3907484,brasil_aberto,True
GO,5208707,Goiânia,Parque Cidade,parque cidade,-16.7121632,-49.1846322,brasil_aberto,True
GO,5208707,Goiânia,Parque Eldorado Oeste,parque eldorado oeste,-16.6884365,-49.4084837,brasil_aberto,True
GO,5208707,Goiânia,Parque Eldorado Oeste Extensão,parque eldorado oeste extensao,-16.6842861,-49.4088019,brasil_aberto,True
GO,5208707,Goiânia,Parque Flamboyant,parque flamboyant,-16.7364176,-49.218946,brasil_aberto,True
GO,5208707,Goiânia,Parque Goiá Condomínio Clube,parque goia condominio clube,-16.6787273,-49.3292969,brasil_aberto,True
GO,5208707,Goiânia,Parque Industrial João Bras 2,parque industrial joao bras 2,-16.6825335,-49.35301579999999,brasil_aberto,True
GO,5208707,Goiânia,Parque Industrial Paulista,parque industrial paulista,-16.6547533,-49.3380324,brasil_aberto,True
GO,5208707,Goiânia,Parque Industrial de Goiânia,parque industrial de goiania,-16.6605013,-49.2351878,brasil_aberto,True
GO,5208707,Goiânia,Parque João Braz - Cidade Industrial,parque joao braz - cidade industrial,-16.6856434,-49.3582155,brasil_aberto,True
GO,5208707,Goiânia,Parque Maracanã,parque maracana,-16.6627336,-49.3249917,brasil_aberto,True
GO,5208707,Goiânia,Parque Oeste Industrial,parque oeste industrial,-16.6944576,-49.3323251,brasil_aberto,True
GO,5208707,Goiânia,Parque Oeste Industrial Extensão,parque oeste industrial extensao,-16.6975985,-49.3294444,brasil_aberto,True
GO,5208707,Goiânia,Parque Oeste Industrial Prolongamento,parque oeste industrial prolongamento,-16.7040841,-49.3254493,brasil_aberto,True
GO,5208707,Goiânia,Parque Paraíso,parque paraiso,-16.7024718,-49.3561581,brasil_aberto,True
GO,5208707,Goiânia,Parque Santa Cruz,parque santa cruz,-16.7338471,-49.2212948,brasil_aberto,True
GO,5208707,Goiânia,Parque Santa Maria,parque santa maria,-16.6954223,-49.2000941,brasil_aberto,True
GO,5208707,Goiânia,Parque Santa Rita,parque santa rita,-16.7219413,-49.3693327,brasil_aberto,True
GO,5208707,Goiânia,Parque das Amendoeiras,parque das amendoeiras,-16.6557723,-49.1942263,brasil_aberto,True
GO,5208707,Goiânia,Parque das Amendoeiras I,parque das amendoeiras i,-16.6553343,-49.1869859,brasil_aberto,True
GO,5208707,Goiânia,Parque das Flores,parque das flores,-16.6253788,-49.2924818,brasil_aberto,True
GO,5208707,Goiânia,Parque das Flores Complemento,parque das flores complemento,-16.6284989,-49.2849504,brasil_aberto,True
GO,5208707,Goiânia,Parque das Laranjeiras,parque das laranjeiras,-16.7257125,-49.2423138,brasil_aberto,True
GO,5208707,Goiânia,Parque das Laranjeiras Acréscimo,parque das laranjeiras acrescimo,-16.7247883,-49.2226998,brasil_aberto,True
GO,5208707,Goiânia,Parque das Nações,parque das nacoes,-16.621254,-49.2823983,brasil_aberto,True
GO,5208707,Goiânia,"Parque das Paineiras (1,2,3 e 4 Etapa)","parque das paineiras (1,2,3 e 4 etapa)",-16.7412581,-49.3427312,brasil_aberto,True
GO,5208707,Goiânia,Privê Residencial Elza Fronza,prive residencial elza fronza,-16.5710706,-49.2795752,brasil_aberto,True
GO,5208707,Goiânia,Privê Residencial Itanhangá,prive residencial itanhanga,-16.5736757,-49.2781268,brasil_aberto,True
GO,5208707,Goiânia,Recanto Barravento,recanto barravento,-16.6250196,-49.305004,brasil_aberto,True
GO,5208707,Goiânia,Recreio Panorama,recreio panorama,-16.6312669,-49.3070086,brasil_aberto,True
GO,5208707,Goiânia,Recreio do Funcionário Público,recreio do funcionario publico,-16.7116338,-49.3517776,brasil_aberto,True
GO,5208707,Goiânia,Residencial 14 Bis,residencial 14 bis,-16.6526996,-49.3508182,brasil_aberto,True
GO,5208707,Goiânia,Residencial 14 Bis Extensão,residencial 14 bis extensao,-16.6540775,-49.3524564,brasil_aberto,True
GO,5208707,Goiânia,Residencial Acrópole II,residencial acropole ii,-16.7372599,-49.3528484,brasil_aberto,True
GO,5208707,Goiânia,Residencial Aldeia do Vale,residencial aldeia do vale,-16.6116837,-49.1855809,brasil_aberto,True
GO,5208707,Goiânia,Residencial Alfa,residencial alfa,-16.6419027,-49.307423,brasil_aberto,True
GO,5208707,Goiânia,Residencial Alice Barbosa,residencial alice barbosa,-16.5918917,-49.267862,brasil_aberto,True
GO,5208707,Goiânia,Residencial Alice Barbosa Extensão,residencial alice barbosa extensao,-16.6086435,-49.2559921,brasil_aberto,True
GO,5208707,Goiânia,Residencial Alice Barbosa I,residencial alice barbosa i,-16.5946921,-49.2702031,brasil_aberto,True
GO,5208707,Goiânia,Residencial Alphaville Flamboyant,residencial alphaville flamboyant,-16.7047006,-49.240641,brasil_aberto,True
GO,5208707,Goiânia,Residencial Ana Clara,residencial ana clara,-16.7805842,-49.367374,brasil_aberto,True
GO,5208707,Goiânia,Residencial Ana Moraes,residencial ana moraes,-16.7401454,-49.3226165,brasil_aberto,True
GO,5208707,Goiânia,Residencial Anglo,residencial anglo,-16.6360721,-49.3318549,brasil_aberto,True
GO,5208707,Goiânia,Residencial Anicuns,residencial anicuns,-16.6799857,-49.3296907,brasil_aberto,True
GO,5208707,Goiânia,Residencial Antônio Barbosa,residencial antonio barbosa,-16.5914942,-49.2668634,brasil_aberto,True
GO,5208707,Goiânia,Residencial Antônio Carlos Pires,residencial antonio carlos pires,-16.5419385,-49.2714873,brasil_aberto,True
GO,5208707,Goiânia,Residencial Aquários,residencial aquarios,-16.7268656,-49.3298721,brasil_aberto,True
GO,5208707,Goiânia,Residencial Aquários II,residencial aquarios ii,-16.7271001,-49.3284172,brasil_aberto,True
GO,5208707,Goiânia,Residencial Arco Verde,residencial arco verde,-16.7460874,-49.1915412,brasil_aberto,True
GO,5208707,Goiânia,Residencial Aruanã,residencial aruana,-16.6966691,-49.1962858,brasil_aberto,True
GO,5208707,Goiânia,Residencial Atalaia,residencial atalaia,-17.8207395,-50.9243667,brasil_aberto,True
GO,5208707,Goiânia,Residencial Balneário,residencial balneario,-16.618164,-49.2875588,brasil_aberto,True
GO,5208707,Goiânia,Residencial Barcelona,residencial barcelona,-16.7474999,-49.3376024,brasil_aberto,True
GO,5208707,Goiânia,Residencial Barravento,residencial barravento,-16.623623,-49.3056636,brasil_aberto,True
GO,5208707,Goiânia,Residencial Beatriz Nascimento,residencial beatriz nascimento,-16.6996991,-49.3802523,brasil_aberto,True
GO,5208707,Goiânia,Residencial Bela Goiânia,residencial bela goiania,-16.5871503,-49.2118346,brasil_aberto,True
GO,5208707,Goiânia,Residencial Belo Horizonte,residencial belo horizonte,-16.6404304,-49.1861676,brasil_aberto,True
GO,5208707,Goiânia,Residencial Belo Horizonte Complemento,residencial belo horizonte complemento,-16.6407792,-49.1844944,brasil_aberto,True
GO,5208707,Goiânia,Residencial Bertim Belchior 1ª etapa,residencial bertim belchior 1ª etapa,-16.6868491,-49.2707899,brasil_aberto,True
GO,5208707,Goiânia,Residencial Bertim Belchior 2ª etapa,residencial bertim belchior 2ª etapa,-16.640296,-49.2842043,brasil_aberto,True
GO,5208707,Goiânia,Residencial Bethel,residencial bethel,-16.6531477,-49.2731161,brasil_aberto,True
GO,5208707,Goiânia,Residencial Brasil Central,residencial brasil central,-16.721161,-49.3518112,brasil_aberto,True
GO,5208707,Goiânia,Residencial Brisas da Mata,residencial brisas da mata,-16.5996565,-49.3120392,brasil_aberto,True
GO,5208707,Goiânia,Residencial Brisas do Cerrado,residencial brisas do cerrado,-16.7568289,-49.1935936,brasil_aberto,True
GO,5208707,Goiânia,Residencial Buena Vista I,residencial buena vista i,-16.7302196,-49.4107543,brasil_aberto,True
GO,5208707,Goiânia,Residencial Buena Vista II,residencial buena vista ii,-16.7286955,-49.4026815,brasil_aberto,True
GO,5208707,Goiânia,Residencial Buena Vista III,residencial buena vista iii,-16.7260074,-49.4057758,brasil_aberto,True
GO,5208707,Goiânia,Residencial Buena Vista IV,residencial buena vista iv,-16.7194289,-49.39625,brasil_aberto,True
GO,5208707,Goiânia,Residencial Campos Dourados,residencial campos dourados,-16.8010207,-49.3640484,brasil_aberto,True
GO,5208707,Goiânia,Residencial Campus,residencial campus,-16.5950725,-49.2603838,brasil_aberto,True
GO,5208707,Goiânia,Residencial Canadá,residencial canada,-16.7243742,-49.3523481,brasil_aberto,True
GO,5208707,Goiânia,Residencial Carla Cristina,residencial carla cristina,-16.6313865,-49.3590331,brasil_aberto,True
GO,5208707,Goiânia,Residencial Center Ville,residencial center ville,-16.7396039,-49.3433759,brasil_aberto,True
GO,5208707,Goiânia,Residencial Cidade Verde,residencial cidade verde,-16.6711789,-49.3270055,brasil_aberto,True
GO,5208707,Goiânia,Residencial Cléa Borges,residencial clea borges,-16.6947358,-49.202573,brasil_aberto,True
GO,5208707,Goiânia,Residencial Costa Paranhos,residencial costa paranhos,-16.6521879,-49.1733581,brasil_aberto,True
GO,5208707,Goiânia,Residencial Della Penna,residencial della penna,-16.7178981,-49.3829641,brasil_aberto,True
GO,5208707,Goiânia,Residencial Della Penna Extensão,residencial della penna extensao,-16.7136142,-49.3803555,brasil_aberto,True
GO,5208707,Goiânia,Residencial Dezopi,residencial dezopi,-16.6586476,-49.3680206,brasil_aberto,True
GO,5208707,Goiânia,Residencial Dom Rafael,residencial dom rafael,-16.6971602,-49.3414053,brasil_aberto,True
GO,5208707,Goiânia,Residencial Eldorado,residencial eldorado,-16.7090963,-49.3247585,brasil_aberto,True
GO,5208707,Goiânia,Residencial Eldorado Expansão,residencial eldorado expansao,-16.7047722,-49.3259698,brasil_aberto,True
GO,5208707,Goiânia,Residencial Eli Forte,residencial eli forte,-16.7360267,-49.3495625,brasil_aberto,True
GO,5208707,Goiânia,Residencial Eli Forte Extensão,residencial eli forte extensao,-16.7329212,-49.3530738,brasil_aberto,True
GO,5208707,Goiânia,Residencial Elizene Santana,residencial elizene santana,-16.5967955,-49.2188366,brasil_aberto,True
GO,5208707,Goiânia,Residencial Estrela Dalva,residencial estrela dalva,-16.5959502,-49.319401,brasil_aberto,True
GO,5208707,Goiânia,Residencial Felicidade,residencial felicidade,-16.6111232,-49.2239137,brasil_aberto,True
GO,5208707,Goiânia,Residencial Fidelis,residencial fidelis,-16.7436,-49.370189,brasil_aberto,True
GO,5208707,Goiânia,Residencial Flamingo,residencial flamingo,-16.7394981,-49.3313518,brasil_aberto,True
GO,5208707,Goiânia,Residencial Flórida,residencial florida,-16.7180522,-49.3468984,brasil_aberto,True
GO,5208707,Goiânia,Residencial Fonte das Águas,residencial fonte das aguas,-16.6004155,-49.3825636,brasil_aberto,True
GO,5208707,Goiânia,Residencial Fortaleza,residencial fortaleza,-16.6108369,-49.3486451,brasil_aberto,True
GO,5208707,Goiânia,Residencial Forteville,residencial forteville,-16.7377114,-49.3717143,brasil_aberto,True
GO,5208707,Goiânia,Residencial Forteville Extensão,residencial forteville extensao,-16.7475446,-49.3702976,brasil_aberto,True
GO,5208707,Goiânia,Residencial Goiânia Golfe Clube,residencial goiania golfe clube,-16.74677,-49.1678638,brasil_aberto,True
GO,5208707,Goiânia,Residencial Goiânia Viva,residencial goiania viva,-16.6971561,-49.3488176,brasil_aberto,True
GO,5208707,Goiânia,Residencial Goyaz Park,residencial goyaz park,-16.706972,-49.3794064,brasil_aberto,True
GO,5208707,Goiânia,Residencial Granville,residencial granville,-16.7147436,-49.32779,brasil_aberto,True
GO,5208707,Goiânia,Residencial Green Park,residencial green park,-16.616704,-49.3583373,brasil_aberto,True
GO,5208707,Goiânia,Residencial Guanabara,residencial guanabara,-16.6099407,-49.2296416,brasil_aberto,True
GO,5208707,Goiânia,Residencial Guarema,residencial guarema,-16.639683,-49.286289,brasil_aberto,True
GO,5208707,Goiânia,Residencial Havaí,residencial havai,,,brasil_aberto,True
GO,5208707,Goiânia,Residencial Havaí Extensão,residencial havai extensao,-16.6509787,-49.2024681,brasil_aberto,True
GO,5208707,Goiânia,Residencial Hugo de Moraes,residencial hugo de moraes,-16.6352672,-49.2923818,brasil_aberto,True
GO,5208707,Goiânia,Residencial Humaitá,residencial humaita,-16.6240489,-49.2803821,brasil_aberto,True
GO,5208707,Goiânia,Residencial Itaipu,residencial itaipu,-16.7913726,-49.3646842,brasil_aberto,True
GO,5208707,Goiânia,Residencial Itaipu I,residencial itaipu i,-16.8036745,-49.36293089999999,brasil_aberto,True
GO,5208707,Goiânia,Residencial Itamaracá,residencial itamaraca,-16.6489092,-49.2992143,brasil_aberto,True
GO,5208707,Goiânia,Residencial Itália,residencial italia,-16.6214845,-49.2949171,brasil_aberto,True
GO,5208707,Goiânia,Residencial Jardim Belvedere Expansão,residencial jardim belvedere expansao,-16.6271993,-49.3117526,brasil_aberto,True
GO,5208707,Goiânia,Residencial Jardim Camargo,residencial jardim camargo,-16.6311056,-49.3427309,brasil_aberto,True
GO,5208707,Goiânia,Residencial Jardim Helou,residencial jardim helou,-16.6199151,-49.2512308,brasil_aberto,True
GO,5208707,Goiânia,Residencial Jardim Leblon,residencial jardim leblon,-16.6738567,-49.3222279,brasil_aberto,True
GO,5208707,Goiânia,Residencial Jardins do Cerrado 1,residencial jardins do cerrado 1,-16.6667292,-49.4169872,brasil_aberto,True
GO,5208707,Goiânia,Residencial Jardins do Cerrado 10,residencial jardins do cerrado 10,-16.6777479,-49.4371787,brasil_aberto,True
GO,5208707,Goiânia,Residencial Jardins do Cerrado 11,residencial jardins do cerrado 11,-16.6853903,-49.4419814,brasil_aberto,True
GO,5208707,Goiânia,Residencial Jardins do Cerrado 2,residencial jardins do cerrado 2,-16.6716581,-49.4154563,brasil_aberto,True
GO,5208707,Goiânia,Residencial Jardins do Cerrado 3,residencial jardins do cerrado 3,-16.6675725,-49.420903,brasil_aberto,True
GO,5208707,Goiânia,Residencial Jardins do Cerrado 4,residencial jardins do cerrado 4,-16.668549,-49.4337085,brasil_aberto,True
GO,5208707,Goiânia,Residencial Jardins do Cerrado 5,residencial jardins do cerrado 5,-16.6714862,-49.4269408,brasil_aberto,True
GO,5208707,Goiânia,Residencial Jardins do Cerrado 6,residencial jardins do cerrado 6,-16.6727872,-49.4293984,brasil_aberto,True
GO,5208707,Goiânia,Residencial Jardins do Cerrado 7,residencial jardins do cerrado 7,-16.6742828,-49.4325141,brasil_aberto,True
GO,5208707,Goiânia,Residencial Jardins do Cerrado 8,residencial jardins do cerrado 8,-16.6661651,-49.4251251,brasil_aberto,True
GO,5208707,Goiânia,Residencial Jardins do Cerrado 9,residencial jardins do cerrado 9,-16.6742698,-49.4299914,brasil_aberto,True
GO,5208707,Goiânia,Residencial José Viandeli,residencial jose viandeli,-16.6204741,-49.2820969,brasil_aberto,True
GO,5208707,Goiânia,Residencial João Paulo II,residencial joao paulo ii,-16.6037967,-49.21438389999999,brasil_aberto,True
GO,5208707,Goiânia,Residencial Junqueira,residencial junqueira,-16.6571702,-49.3792106,brasil_aberto,True
GO,5208707,Goiânia,Residencial Juscelino Kubitschek,residencial juscelino kubitschek,-16.689379,-49.3027561,brasil_aberto,True
GO,5208707,Goiânia,Residencial Kátia,residencial katia,-16.7320594,-49.3587337,brasil_aberto,True
GO,5208707,Goiânia,Residencial Licardino Ney,residencial licardino ney,-16.6136198,-49.2890389,brasil_aberto,True
GO,5208707,Goiânia,Residencial Linda Vista,residencial linda vista,-16.8212052,-49.3697969,brasil_aberto,True
GO,5208707,Goiânia,Residencial London Park,residencial london park,-16.6467028,-49.3577646,brasil_aberto,True
GO,5208707,Goiânia,Residencial Luana Park,residencial luana park,-16.6962138,-49.3618205,brasil_aberto,True
GO,5208707,Goiânia,Residencial Luana Park Continuação,residencial luana park continuacao,-16.6955353,-49.3630842,brasil_aberto,True
GO,5208707,Goiânia,Residencial Lucy Pinheiro,residencial lucy pinheiro,-16.6548608,-49.1739524,brasil_aberto,True
GO,5208707,Goiânia,Residencial Lírios do Campo,residencial lirios do campo,-16.6036148,-49.3606334,brasil_aberto,True
GO,5208707,Goiânia,Residencial Manhattan,residencial manhattan,-16.7076229,-49.2982969,brasil_aberto,True
GO,5208707,Goiânia,Residencial Mansões Paraíso,residencial mansoes paraiso,-16.6210413,-49.3451422,brasil_aberto,True
GO,5208707,Goiânia,Residencial Mar Del Plata,residencial mar del plata,-16.6646976,-49.1808782,brasil_aberto,True
GO,5208707,Goiânia,Residencial Maria Lourença,residencial maria lourenca,-16.6227474,-49.3031818,brasil_aberto,True
GO,5208707,Goiânia,Residencial Maringá,residencial maringa,-16.6251618,-49.3283845,brasil_aberto,True
GO,5208707,Goiânia,Residencial Mendanha,residencial mendanha,-16.6835657,-49.3716855,brasil_aberto,True
GO,5208707,Goiânia,Residencial Mirante,residencial mirante,-16.6182837,-49.3061507,brasil_aberto,True
GO,5208707,Goiânia,Residencial Monte Carlo,residencial monte carlo,-16.7273093,-49.3372869,brasil_aberto,True
GO,5208707,Goiânia,Residencial Monte Pascoal,residencial monte pascoal,-16.6929981,-49.4027778,brasil_aberto,True
GO,5208707,Goiânia,Residencial Monte Pascoal II,residencial monte pascoal ii,-16.6929981,-49.4027778,brasil_aberto,True
GO,5208707,Goiânia,Residencial Montes Claros,residencial montes claros,-16.63741,-49.1834627,brasil_aberto,True
GO,5208707,Goiânia,Residencial Morada do Bosque,residencial morada do bosque,-16.5951795,-49.2578879,brasil_aberto,True
GO,5208707,Goiânia,Residencial Morada do Ipê,residencial morada do ipe,-16.5911179,-49.2640752,brasil_aberto,True
GO,5208707,Goiânia,Residencial Morumbi,residencial morumbi,-16.6457182,-49.2791582,brasil_aberto,True
GO,5208707,Goiânia,Residencial Mundo Novo 1,residencial mundo novo 1,-16.6691522,-49.41127849999999,brasil_aberto,True
GO,5208707,Goiânia,Residencial Mundo Novo 2,residencial mundo novo 2,-16.6721227,-49.3854419,brasil_aberto,True
GO,5208707,Goiânia,Residencial Mundo Novo 3,residencial mundo novo 3,-16.6633157,-49.4226487,brasil_aberto,True
GO,5208707,Goiânia,Residencial Noroeste,residencial noroeste,-16.6369776,-49.3495092,brasil_aberto,True
GO,5208707,Goiânia,Residencial Nossa Morada,residencial nossa morada,-16.5850878,-49.2566546,brasil_aberto,True
GO,5208707,Goiânia,Residencial Nossa Senhora Auxiliadora,residencial nossa senhora auxiliadora,-16.6991611,-49.4010863,brasil_aberto,True
GO,5208707,Goiânia,Residencial Nova Aurora,residencial nova aurora,-16.6885288,-49.3721254,brasil_aberto,True
GO,5208707,Goiânia,Residencial Nunes de Morais 1ª Etapa,residencial nunes de morais 1ª etapa,-16.697996,-49.3405936,brasil_aberto,True
GO,5208707,Goiânia,Residencial Nunes de Morais 2ª Etapa,residencial nunes de morais 2ª etapa,-16.6868491,-49.2707899,brasil_aberto,True
GO,5208707,Goiânia,Residencial Nunes de Morais 3ª Etapa,residencial nunes de morais 3ª etapa,-16.7015458,-49.3401905,brasil_aberto,True
GO,5208707,Goiânia,Residencial Olinda,residencial olinda,-16.6867613,-49.2029699,brasil_aberto,True
GO,5208707,Goiânia,Residencial Orlando Morais,residencial orlando morais,-16.6334191,-49.3594386,brasil_aberto,True
GO,5208707,Goiânia,Residencial Ouro Preto,residencial ouro preto,-16.6351398,-49.1919759,brasil_aberto,True
GO,5208707,Goiânia,Residencial Paraíso,residencial paraiso,-16.5862949,-49.2604992,brasil_aberto,True
GO,5208707,Goiânia,Residencial Park Solar,residencial park solar,-16.6243861,-49.358784,brasil_aberto,True
GO,5208707,Goiânia,Residencial Parque Mendanha,residencial parque mendanha,-16.6660025,-49.3257041,brasil_aberto,True
GO,5208707,Goiânia,Residencial Parque Oeste,residencial parque oeste,-16.6961818,-49.3332764,brasil_aberto,True
GO,5208707,Goiânia,Residencial Paulo Estrela,residencial paulo estrela,-16.6411661,-49.1785216,brasil_aberto,True
GO,5208707,Goiânia,Residencial Perim,residencial perim,-16.6481789,-49.3008446,brasil_aberto,True
GO,5208707,Goiânia,Residencial Petrópolis,residencial petropolis,-16.643727,-49.2752647,brasil_aberto,True
GO,5208707,Goiânia,Residencial Pilar dos Sonhos,residencial pilar dos sonhos,-16.6566978,-49.3705124,brasil_aberto,True
GO,5208707,Goiânia,Residencial Ponta Negra,residencial ponta negra,-16.7146325,-49.3623235,brasil_aberto,True
GO,5208707,Goiânia,Residencial Portal Santa Rita,residencial portal santa rita,-16.7320594,-49.3587337,brasil_aberto,True
GO,5208707,Goiânia,Residencial Portal da Mata,residencial portal da mata,-16.6010087,-49.3126605,brasil_aberto,True
GO,5208707,Goiânia,Residencial Portal do Oriente,residencial portal do oriente,-16.7604629,-49.3678533,brasil_aberto,True
GO,5208707,Goiânia,Residencial Portinari,residencial portinari,-16.6811999,-49.3743364,brasil_aberto,True
GO,5208707,Goiânia,Residencial Porto Dourado,residencial porto dourado,-16.7953379,-49.3619907,brasil_aberto,True
GO,5208707,Goiânia,Residencial Porto Seguro,residencial porto seguro,-16.7125545,-49.3334389,brasil_aberto,True
GO,5208707,Goiânia,Residencial Português,residencial portugues,-16.647337,-49.15101079999999,brasil_aberto,True
GO,5208707,Goiânia,Residencial Primavera,residencial primavera,-16.6806359,-49.3911448,brasil_aberto,True
GO,5208707,Goiânia,Residencial Privê Ilhas do Caribe,residencial prive ilhas do caribe,-16.7952395,-49.3762413,brasil_aberto,True
GO,5208707,Goiânia,Residencial Privê Norte,residencial prive norte,-16.6185609,-49.3360573,brasil_aberto,True
GO,5208707,Goiânia,Residencial Real,residencial real,-16.6223742,-49.300253,brasil_aberto,True
GO,5208707,Goiânia,Residencial Real Conquista,residencial real conquista,-16.7845879,-49.352454,brasil_aberto,True
GO,5208707,Goiânia,Residencial Recanto das Emas,residencial recanto das emas,-16.7400112,-49.3648694,brasil_aberto,True
GO,5208707,Goiânia,Residencial Recanto das Garças,residencial recanto das garcas,-16.6435849,-49.3842005,brasil_aberto,True
GO,5208707,Goiânia,Residencial Recanto do Bosque,residencial recanto do bosque,-16.6091881,-49.3120291,brasil_aberto,True
GO,5208707,Goiânia,Residencial Recanto dos Buritis,residencial recanto dos buritis,-16.7143758,-49.1825947,brasil_aberto,True
GO,5208707,Goiânia,Residencial Recreio Panorama,residencial recreio panorama,-16.626649,-49.3056215,brasil_aberto,True
GO,5208707,Goiânia,Residencial Recreio Panorama Extensão,residencial recreio panorama extensao,-16.6297507,-49.3050034,brasil_aberto,True
GO,5208707,Goiânia,Residencial Rio Jordão,residencial rio jordao,-16.640702,-49.1860119,brasil_aberto,True
GO,5208707,Goiânia,Residencial Rio Verde,residencial rio verde,-16.7375576,-49.3673893,brasil_aberto,True
GO,5208707,Goiânia,Residencial San Marino,residencial san marino,-16.6854121,-49.3717523,brasil_aberto,True
GO,5208707,Goiânia,Residencial Santa Efigênia,residencial santa efigenia,-16.695307,-49.4179045,brasil_aberto,True
GO,5208707,Goiânia,Residencial Santa Fé,residencial santa fe,-16.7529447,-49.3721821,brasil_aberto,True
GO,5208707,Goiânia,Residencial Santa Fé I,residencial santa fe i,-16.750734,-49.3766327,brasil_aberto,True
GO,5208707,Goiânia,Residencial Santa Rita - 4ª Etapa,residencial santa rita - 4ª etapa,-16.7359096,-49.3451296,brasil_aberto,True
GO,5208707,Goiânia,Residencial Senador Albino Boaventura,residencial senador albino boaventura,-16.6356861,-49.3149051,brasil_aberto,True
GO,5208707,Goiânia,Residencial Senador Paranhos,residencial senador paranhos,-16.6580125,-49.1860015,brasil_aberto,True
GO,5208707,Goiânia,Residencial Serra Azul Etapa I,residencial serra azul etapa i,-16.6816288,-49.3440169,brasil_aberto,True
GO,5208707,Goiânia,Residencial Serra Azul II,residencial serra azul ii,-16.6819891,-49.3432546,brasil_aberto,True
GO,5208707,Goiânia,Residencial Sevilha,residencial sevilha,-16.7433891,-49.342275,brasil_aberto,True
GO,5208707,Goiânia,Residencial Shangri-lá I,residencial shangri-la i,-16.5837818,-49.2657525,brasil_aberto,True
GO,5208707,Goiânia,Residencial Shangri-lá II,residencial shangri-la ii,-16.584209,-49.2627114,brasil_aberto,True
GO,5208707,Goiânia,Residencial Solar Bougainville,residencial solar bougainville,-16.7307534,-49.3589692,brasil_aberto,True
GO,5208707,Goiânia,Residencial Solar Ville,residencial solar ville,-16.6335495,-49.3660025,brasil_aberto,True
GO,5208707,Goiânia,Residencial Sonho Dourado,residencial sonho dourado,-16.6569723,-49.1992883,brasil_aberto,True
GO,5208707,Goiânia,Residencial Sonho Verde,residencial sonho verde,-16.6882681,-49.2125782,brasil_aberto,True
GO,5208707,Goiânia,Residencial São Bernardo,residencial sao bernardo,-16.5789618,-49.3970535,brasil_aberto,True
GO,5208707,Goiânia,Residencial São Geraldo,residencial sao geraldo,-16.5971585,-49.2620147,brasil_aberto,True
GO,5208707,Goiânia,Residencial São Leopoldo,residencial sao leopoldo,-16.6516501,-49.1774285,brasil_aberto,True
GO,5208707,Goiânia,Residencial São Leopoldo Complemento,residencial sao leopoldo complemento,-16.6494016,-49.1762058,brasil_aberto,True
GO,5208707,Goiânia,Residencial São Marcos,residencial sao marcos,-16.7020711,-49.3718355,brasil_aberto,True
GO,5208707,Goiânia,Residencial Talismã,residencial talisma,-16.6807136,-49.3710054,brasil_aberto,True
GO,5208707,Goiânia,Residencial Talismã I,residencial talisma i,-16.7421728,-49.3537229,brasil_aberto,True
GO,5208707,Goiânia,Residencial Tatyane,residencial tatyane,-16.7400424,-49.3509536,brasil_aberto,True
GO,5208707,Goiânia,Residencial Tempo Novo,residencial tempo novo,-16.6478737,-49.3838324,brasil_aberto,True
GO,5208707,Goiânia,Residencial Tuzimoto,residencial tuzimoto,-16.6778088,-49.3698332,brasil_aberto,True
GO,5208707,Goiânia,Residencial Vale da Serra,residencial vale da serra,-16.6073893,-49.2073684,brasil_aberto,True
GO,5208707,Goiânia,Residencial Vale das Brisas,residencial vale das brisas,-16.7378191,-49.177851,brasil_aberto,True
GO,5208707,Goiânia,Residencial Vale do Araguaia,residencial vale do araguaia,-16.6806317,-49.2023534,brasil_aberto,True
GO,5208707,Goiânia,Residencial Vale dos Sonhos I,residencial vale dos sonhos i,-16.5998562,-49.2103075,brasil_aberto,True
GO,5208707,Goiânia,Residencial Vale dos Sonhos II,residencial vale dos sonhos ii,-16.6066104,-49.2092343,brasil_aberto,True
GO,5208707,Goiânia,Residencial Vereda dos Buritis,residencial vereda dos buritis,-16.7198144,-49.3419118,brasil_aberto,True
GO,5208707,Goiânia,Residencial Village Campos Verdes,residencial village campos verdes,-16.6765366,-49.1903488,brasil_aberto,True
GO,5208707,Goiânia,Residencial Village Santa Rita I,residencial village santa rita i,-16.7210516,-49.3637582,brasil_aberto,True
GO,5208707,Goiânia,Residencial Village Santa Rita II,residencial village santa rita ii,-16.7179732,-49.361561,brasil_aberto,True
GO,5208707,Goiânia,Residencial Village Santa Rita III,residencial village santa rita iii,-16.7253991,-49.3581696,brasil_aberto,True
GO,5208707,Goiânia,Residencial Village Santa Rita IV,residencial village santa rita iv,-16.7256202,-49.360178,brasil_aberto,True
GO,5208707,Goiânia,Residencial Villagio Toscana,residencial villagio toscana,-16.6015455,-49.2450932,brasil_aberto,True
GO,5208707,Goiânia,Residencial Ville de France,residencial ville de france,-16.7410867,-49.1855565,brasil_aberto,True
GO,5208707,Goiânia,Residencial Ytapuã,residencial ytapua,-16.6849306,-49.3957842,brasil_aberto,True
GO,5208707,Goiânia,Residencial das Acácias,residencial das acacias,-16.6219646,-49.2988047,brasil_aberto,True
GO,5208707,Goiânia,Residencial dos Ipês,residencial dos ipes,-16.5958989,-49.2549997,brasil_aberto,True
GO,5208707,Goiânia,Residencial dos Ipês Extensão,residencial dos ipes extensao,-16.5950454,-49.254139,brasil_aberto,True
GO,5208707,Goiânia,Rodoviário,rodoviario,-16.6717957,-49.3017179,brasil_aberto,True
GO,5208707,Goiânia,Santa Genoveva,santa genoveva,-16.6661703,-49.2385982,brasil_aberto,True
GO,5208707,Goiânia,Santa Genoveva 2,santa genoveva 2,-16.6515591,-49.3163285,brasil_aberto,True
GO,5208707,Goiânia,Santo Hilário,santo hilario,-16.6503104,-49.1925261,brasil_aberto,True
GO,5208707,Goiânia,Santo Hilário Expansão,santo hilario expansao,-16.6486627,-49.1948455,brasil_aberto,True
GO,5208707,Goiânia,Santo Hilário II,santo hilario ii,-16.6514027,-49.1966604,brasil_aberto,True
GO,5208707,Goiânia,Serrinha,serrinha,-16.7249681,-49.2677318,brasil_aberto,True
GO,5208707,Goiânia,Setor Aeroporto,setor aeroporto,-16.669274,-49.2664018,brasil_aberto,True
GO,5208707,Goiânia,Setor Alto do Vale,setor alto do vale,-16.6123393,-49.3138816,brasil_aberto,True
GO,5208707,Goiânia,Setor Andréia,setor andreia,-16.7666264,-49.3570778,brasil_aberto,True
GO,5208707,Goiânia,Setor Areião II,setor areiao ii,-16.6981174,-49.2525708,brasil_aberto,True
GO,5208707,Goiânia,Setor Asa Branca,setor asa branca,-16.608101,-49.2080289,brasil_aberto,True
GO,5208707,Goiânia,Setor Barra da Tijuca,setor barra da tijuca,-16.6582734,-49.3586482,brasil_aberto,True
GO,5208707,Goiânia,Setor Bela Vista,setor bela vista,-16.7150002,-49.2585651,brasil_aberto,True
GO,5208707,Goiânia,Setor Bueno,setor bueno,-16.6986582,-49.2695369,brasil_aberto,True
GO,5208707,Goiânia,Setor Campinas,setor campinas,-16.6516811,-49.2957823,brasil_aberto,True
GO,5208707,Goiânia,Setor Castelo Branco,setor castelo branco,-16.6755648,-49.2977104,brasil_aberto,True
GO,5208707,Goiânia,Setor Central,setor central,-16.6718362,-49.2512691,brasil_aberto,True
GO,5208707,Goiânia,Setor Centro Oeste,setor centro oeste,-16.6582484,-49.2693816,brasil_aberto,True
GO,5208707,Goiânia,Setor Coimbra,setor coimbra,-16.675312,-49.2796278,brasil_aberto,True
GO,5208707,Goiânia,Setor Criméia Leste,setor crimeia leste,-16.6478595,-49.2573319,brasil_aberto,True
GO,5208707,Goiânia,Setor Criméia Oeste,setor crimeia oeste,-16.6468222,-49.2694612,brasil_aberto,True
GO,5208707,Goiânia,Setor Cristina,setor cristina,-16.7638935,-49.3551103,brasil_aberto,True
GO,5208707,Goiânia,Setor Cândida de Morais,setor candida de morais,-16.6510504,-49.3215566,brasil_aberto,True
GO,5208707,Goiânia,Setor Delta Village,setor delta village,-16.6946294,-49.35862,brasil_aberto,True
GO,5208707,Goiânia,Setor Empresarial,setor empresarial,-16.6410424,-49.3128059,brasil_aberto,True
GO,5208707,Goiânia,Setor Estrela Dalva,setor estrela dalva,-16.6008657,-49.3238929,brasil_aberto,True
GO,5208707,Goiânia,Setor Expansão Grande Retiro,setor expansao grande retiro,-16.6948877,-49.3323505,brasil_aberto,True
GO,5208707,Goiânia,Setor Faiçalville,setor faicalville,-16.747748,-49.3108171,brasil_aberto,True
GO,5208707,Goiânia,Setor Garavelo,setor garavelo,-16.7539463,-49.3392618,brasil_aberto,True
GO,5208707,Goiânia,Setor Gentil Meireles,setor gentil meireles,-16.6444701,-49.2862856,brasil_aberto,True
GO,5208707,Goiânia,Setor Grajaú,setor grajau,-16.7602572,-49.3636017,brasil_aberto,True
GO,5208707,Goiânia,Setor Jardim Ana Flávia,setor jardim ana flavia,-16.6561409,-49.3000449,brasil_aberto,True
GO,5208707,Goiânia,Setor Jaó,setor jao,-16.6408542,-49.2219052,brasil_aberto,True
GO,5208707,Goiânia,Setor Leste Universitário,setor leste universitario,-16.6699729,-49.2374458,brasil_aberto,True
GO,5208707,Goiânia,Setor Leste Vila Nova,setor leste vila nova,-16.6661703,-49.2385982,brasil_aberto,True
GO,5208707,Goiânia,Setor Marabá,setor maraba,-16.6390327,-49.3183487,brasil_aberto,True
GO,5208707,Goiânia,Setor Marabá Extensão,setor maraba extensao,-16.6416355,-49.3166996,brasil_aberto,True
GO,5208707,Goiânia,Setor Marechal Rondon,setor marechal rondon,-16.66051,-49.2713778,brasil_aberto,True
GO,5208707,Goiânia,Setor Maria Celeste,setor maria celeste,-16.7664172,-49.3513782,brasil_aberto,True
GO,5208707,Goiânia,Setor Maria Rosa,setor maria rosa,-16.614316,-49.2396623,brasil_aberto,True
GO,5208707,Goiânia,Setor Marista,setor marista,-16.7018624,-49.2553171,brasil_aberto,True
GO,5208707,Goiânia,Setor Maysa Extensão,setor maysa extensao,-16.6301642,-49.3800998,brasil_aberto,True
GO,5208707,Goiânia,Setor Morada do Sol,setor morada do sol,-16.6284623,-49.3259444,brasil_aberto,True
GO,5208707,Goiânia,Setor Morais,setor morais,-16.6758561,-49.2617457,brasil_aberto,True
GO,5208707,Goiânia,Setor Negrão de Lima,setor negrao de lima,-16.657386,-49.2456531,brasil_aberto,True
GO,5208707,Goiânia,Setor Noroeste,setor noroeste,-16.6377845,-49.3170848,brasil_aberto,True
GO,5208707,Goiânia,Setor Norte Ferroviário,setor norte ferroviario,-16.6758251,-49.2504826,brasil_aberto,True
GO,5208707,Goiânia,Setor Norte Ferroviário II,setor norte ferroviario ii,-16.655793,-49.2651348,brasil_aberto,True
GO,5208707,Goiânia,Setor Nova Vila,setor nova vila,-16.6584207,-49.2539715,brasil_aberto,True
GO,5208707,Goiânia,Setor Novo Horizonte,setor novo horizonte,-18.4104104,-49.2296697,brasil_aberto,True
GO,5208707,Goiânia,Setor Novo Planalto,setor novo planalto,-16.6242641,-49.337353,brasil_aberto,True
GO,5208707,Goiânia,Setor Oeste,setor oeste,-16.6782618,-49.2678782,brasil_aberto,True
GO,5208707,Goiânia,Setor Orientville,setor orientville,-16.7481355,-49.3568486,brasil_aberto,True
GO,5208707,Goiânia,Setor Parque Tremendão,setor parque tremendao,-16.6173634,-49.3234847,brasil_aberto,True
GO,5208707,Goiânia,Setor Pedro Ludovico,setor pedro ludovico,-16.714949,-49.2509391,brasil_aberto,True
GO,5208707,Goiânia,Setor Perim,setor perim,-16.6450807,-49.2971005,brasil_aberto,True
GO,5208707,Goiânia,Setor Perim Continuação,setor perim continuacao,-16.6476112,-49.2987437,brasil_aberto,True
GO,5208707,Goiânia,Setor Progresso,setor progresso,-16.6526076,-49.2936929,brasil_aberto,True
GO,5208707,Goiânia,Setor Rasmussem,setor rasmussem,-16.6474004,-49.2195408,brasil_aberto,True
GO,5208707,Goiânia,Setor Recanto das Minas Gerais,setor recanto das minas gerais,-16.6413596,-49.188992,brasil_aberto,True
GO,5208707,Goiânia,Setor Rio Formoso,setor rio formoso,-16.7228889,-49.3325359,brasil_aberto,True
GO,5208707,Goiânia,Setor Santa Rita,setor santa rita,-16.7379299,-49.3392584,brasil_aberto,True
GO,5208707,Goiânia,Setor Santa Rita II,setor santa rita ii,-16.7029761,-49.3284277,brasil_aberto,True
GO,5208707,Goiânia,Setor Santa Rita VII,setor santa rita vii,-16.7360219,-49.3401524,brasil_aberto,True
GO,5208707,Goiânia,Setor Santos Dumont,setor santos dumont,-16.6505336,-49.3437571,brasil_aberto,True
GO,5208707,Goiânia,Setor Sevene,setor sevene,-16.6369152,-49.291748,brasil_aberto,True
GO,5208707,Goiânia,Setor Sol Nascente,setor sol nascente,-16.6882942,-49.2935743,brasil_aberto,True
GO,5208707,Goiânia,Setor Solar Santa Rita,setor solar santa rita,-16.678208,-49.2773174,brasil_aberto,True
GO,5208707,Goiânia,Setor Sudoeste,setor sudoeste,-16.694023,-49.2972727,brasil_aberto,True
GO,5208707,Goiânia,Setor Sul,setor sul,-16.6893927,-49.2471528,brasil_aberto,True
GO,5208707,Goiânia,Setor São José,setor sao jose,-16.6587698,-49.2946806,brasil_aberto,True
GO,5208707,Goiânia,Setor Tancredo Neves,setor tancredo neves,-16.7293415,-49.3332137,brasil_aberto,True
GO,5208707,Goiânia,Setor Três Marias,setor tres marias,-16.740423,-49.3326185,brasil_aberto,True
GO,5208707,Goiânia,Setor Três Marias I,setor tres marias i,-16.7444588,-49.3350353,brasil_aberto,True
GO,5208707,Goiânia,Setor Ulisses Guimarães,setor ulisses guimaraes,-16.7298298,-49.3341975,brasil_aberto,True
GO,5208707,Goiânia,Setor União,setor uniao,-16.7073622,-49.3051996,brasil_aberto,True
GO,5208707,Goiânia,Setor Urias Magalhães,setor urias magalhaes,-16.6372868,-49.2748377,brasil_aberto,True
GO,5208707,Goiânia,Setor Urias Magalhães II,setor urias magalhaes ii,-16.639427,-49.2669131,brasil_aberto,True
GO,5208707,Goiânia,Setor das Nações,setor das nacoes,-16.6819863,-49.3765403,brasil_aberto,True
GO,5208707,Goiânia,Setor das Nações Extensão,setor das nacoes extensao,-16.6854121,-49.3717523,brasil_aberto,True
GO,5208707,Goiânia,Setor dos Afonsos,setor dos afonsos,-16.73921,-49.2713356,brasil_aberto,True
GO,5208707,Goiânia,Setor dos Dourados,setor dos dourados,-16.7680548,-49.3544857,brasil_aberto,True
GO,5208707,Goiânia,Setor dos Dourados Extensão,setor dos dourados extensao,-16.7677,-49.35317,brasil_aberto,True
GO,5208707,Goiânia,Setor dos Funcionários,setor dos funcionarios,-16.6745517,-49.2819239,brasil_aberto,True
GO,5208707,Goiânia,Solange Park II,solange park ii,-16.7062123,-49.3550258,brasil_aberto,True
GO,5208707,Goiânia,Solange Park III,solange park iii,-16.7041384,-49.3570954,brasil_aberto,True
GO,5208707,Goiânia,Solange Parque Complemento,solange parque complemento,-16.7071754,-49.3543578,brasil_aberto,True
GO,5208707,Goiânia,Solange Parque Extensão,solange parque extensao,-16.7415448,-49.1920715,brasil_aberto,True
GO,5208707,Goiânia,Solange Parque I,solange parque i,-16.7004452,-49.356369,brasil_aberto,True
GO,5208707,Goiânia,São Carlos,sao carlos,-16.5864913,-49.3380472,brasil_aberto,True
GO,5208707,Goiânia,São Domingos,sao domingos,-16.5784561,-49.3335936,brasil_aberto,True
GO,5208707,Goiânia,São Francisco,sao francisco,-16.6717441,-49.3227068,brasil_aberto,True
GO,5208707,Goiânia,Sítio de Recreio Garavelo - Residencial Maratá,sitio de recreio garavelo - residencial marata,-16.6993787,-49.35448960000001,brasil_aberto,True
GO,5208707,Goiânia,Sítio de Recreio Ipê,sitio de recreio ipe,-16.6270635,-49.1966908,brasil_aberto,True
GO,5208707,Goiânia,Sítio de Recreio Mansões Bernardo Sayão,sitio de recreio mansoes bernardo sayao,-16.6079575,-49.2009371,brasil_aberto,True
GO,5208707,Goiânia,Sítio de Recreio Panorama,sitio de recreio panorama,-16.6314267,-49.3069719,brasil_aberto,True
GO,5208707,Goiânia,Sítio de Recreio Paraíso Tropical,sitio de recreio paraiso tropical,-16.518372,-49.2562665,brasil_aberto,True
GO,5208707,Goiânia,Sítio de Recreio Pindorama,sitio de recreio pindorama,-16.7323873,-49.1937987,brasil_aberto,True
GO,5208707,Goiânia,Sítios de Recreio Caraíbas,sitios de recreio caraibas,-16.5626204,-49.2799082,brasil_aberto,True
GO,5208707,Goiânia,Sítios de Recreio Mansões do Campus,sitios de recreio mansoes do campus,-16.5709265,-49.294237,brasil_aberto,True
GO,5208707,Goiânia,Sítios de Recreio São Geraldo,sitios de recreio sao geraldo,-16.7758065,-49.3553369,brasil_aberto,True
GO,5208707,Goiânia,Sítios de Recreio dos Bandeirantes,sitios de recreio dos bandeirantes,-16.6135397,-49.3861403,brasil_aberto,True
GO,5208707,Goiânia,Vila Abajá,vila abaja,-16.6655238,-49.2884919,brasil_aberto,True
GO,5208707,Goiânia,Vila Adélia,vila adelia,-16.6958003,-49.3186546,brasil_aberto,True
GO,5208707,Goiânia,Vila Adélia I e III,vila adelia i e iii,,,brasil_aberto,True
GO,5208707,Goiânia,Vila Aguiar,vila aguiar,-16.6829467,-49.2912013,brasil_aberto,True
GO,5208707,Goiânia,Vila Alpes,vila alpes,-16.7259891,-49.2419466,brasil_aberto,True
GO,5208707,Goiânia,Vila Alto da Glória,vila alto da gloria,-16.7196176,-49.2321577,brasil_aberto,True
GO,5208707,Goiânia,Vila Alvorada,vila alvorada,-16.7091193,-49.3086891,brasil_aberto,True
GO,5208707,Goiânia,Vila Americano do Brasil,vila americano do brasil,-16.6858596,-49.2890232,brasil_aberto,True
GO,5208707,Goiânia,Vila Anchieta,vila anchieta,-16.693637,-49.3134318,brasil_aberto,True
GO,5208707,Goiânia,Vila Aurora Oeste,vila aurora oeste,-16.6802311,-49.3062963,brasil_aberto,True
GO,5208707,Goiânia,Vila Bandeirantes,vila bandeirantes,-16.6697935,-49.2273974,brasil_aberto,True
GO,5208707,Goiânia,Vila Bela,vila bela,-16.7080129,-49.2990904,brasil_aberto,True
GO,5208707,Goiânia,Vila Boa Sorte,vila boa sorte,-16.7062787,-49.3223584,brasil_aberto,True
GO,5208707,Goiânia,Vila Canaã,vila canaa,-16.6909919,-49.3153184,brasil_aberto,True
GO,5208707,Goiânia,Vila Clemente,vila clemente,-16.6511786,-49.2900586,brasil_aberto,True
GO,5208707,Goiânia,Vila Colemar Natal e Silva,vila colemar natal e silva,-16.6681334,-49.2341206,brasil_aberto,True
GO,5208707,Goiânia,Vila Concórdia,vila concordia,-16.6615563,-49.189872,brasil_aberto,True
GO,5208707,Goiânia,Vila Cristina,vila cristina,-16.6409496,-49.2932748,brasil_aberto,True
GO,5208707,Goiânia,Vila Cristina Continuação,vila cristina continuacao,-16.6367059,-49.2941042,brasil_aberto,True
GO,5208707,Goiânia,Vila Cristina Extensão,vila cristina extensao,-16.6339154,-49.2942705,brasil_aberto,True
GO,5208707,Goiânia,Vila Divino Pai Eterno,vila divino pai eterno,-16.730275,-49.2704861,brasil_aberto,True
GO,5208707,Goiânia,Vila Felicidade,vila felicidade,-16.6088959,-49.2201494,brasil_aberto,True
GO,5208707,Goiânia,Vila Fernandes,vila fernandes,-16.6506467,-49.2745268,brasil_aberto,True
GO,5208707,Goiânia,Vila Finsocial,vila finsocial,-16.6346273,-49.3192501,brasil_aberto,True
GO,5208707,Goiânia,Vila Fróes,vila froes,-16.6519602,-49.2558402,brasil_aberto,True
GO,5208707,Goiânia,Vila Irany,vila irany,-16.6572235,-49.2926158,brasil_aberto,True
GO,5208707,Goiânia,Vila Isaura,vila isaura,-16.6595219,-49.2835918,brasil_aberto,True
GO,5208707,Goiânia,Vila Itatiaia,vila itatiaia,-16.6092027,-49.2520924,brasil_aberto,True
GO,5208707,Goiânia,Vila Jacaré,vila jacare,-16.6546795,-49.2778409,brasil_aberto,True
GO,5208707,Goiânia,Vila Jaraguá,vila jaragua,-16.6528227,-49.2541156,brasil_aberto,True
GO,5208707,Goiânia,Vila Jardim Pompéia,vila jardim pompeia,-16.6109309,-49.2421859,brasil_aberto,True
GO,5208707,Goiânia,Vila Jardim São Judas Tadeu,vila jardim sao judas tadeu,-16.67359,-49.28458,brasil_aberto,True
GO,5208707,Goiânia,Vila João Vaz,vila joao vaz,-16.6519528,-49.3116665,brasil_aberto,True
GO,5208707,Goiânia,Vila Legionárias,vila legionarias,-16.7313568,-49.2330749,brasil_aberto,True
GO,5208707,Goiânia,Vila Luciana,vila luciana,-16.7068241,-49.3222197,brasil_aberto,True
GO,5208707,Goiânia,Vila Lucy,vila lucy,-16.6951735,-49.3109763,brasil_aberto,True
GO,5208707,Goiânia,Vila Maria Dilce,vila maria dilce,-16.6314532,-49.3078641,brasil_aberto,True
GO,5208707,Goiânia,Vila Maria José,vila maria jose,-16.7113625,-49.2418773,brasil_aberto,True
GO,5208707,Goiânia,Vila Maria Luiza,vila maria luiza,-16.6854424,-49.2201391,brasil_aberto,True
GO,5208707,Goiânia,Vila Martins,vila martins,-16.6736217,-49.2060622,brasil_aberto,True
GO,5208707,Goiânia,Vila Martins Extensão,vila martins extensao,-16.6121135,-49.3465128,brasil_aberto,True
GO,5208707,Goiânia,Vila Matilde,vila matilde,-16.6550762,-49.1790935,brasil_aberto,True
GO,5208707,Goiânia,Vila Mauá,vila maua,-16.7020382,-49.3155149,brasil_aberto,True
GO,5208707,Goiânia,Vila Megale,vila megale,-16.6531322,-49.2585656,brasil_aberto,True
GO,5208707,Goiânia,Vila Monticelli,vila monticelli,-16.6489089,-49.2518769,brasil_aberto,True
GO,5208707,Goiânia,Vila Mooca,vila mooca,-16.6781748,-49.3181186,brasil_aberto,True
GO,5208707,Goiânia,Vila Mooca Complemento,vila mooca complemento,-16.67618,-49.3202529,brasil_aberto,True
GO,5208707,Goiânia,Vila Morais,vila morais,-16.6692743,-49.2243163,brasil_aberto,True
GO,5208707,Goiânia,Vila Mutirão I,vila mutirao i,-16.6196876,-49.3528507,brasil_aberto,True
GO,5208707,Goiânia,Vila Mutirão II,vila mutirao ii,-16.6121135,-49.3465128,brasil_aberto,True
GO,5208707,Goiânia,Vila Nossa Senhora Aparecida,vila nossa senhora aparecida,-16.6479879,-49.2727815,brasil_aberto,True
GO,5208707,Goiânia,Vila Nova Canaã,vila nova canaa,-16.67359,-49.28458,brasil_aberto,True
GO,5208707,Goiânia,Vila Ofugi,vila ofugi,-16.6895969,-49.2712077,brasil_aberto,True
GO,5208707,Goiânia,Vila Oswaldo Rosa,vila oswaldo rosa,-16.6590046,-49.2633261,brasil_aberto,True
GO,5208707,Goiânia,Vila Paraíso,vila paraiso,-16.6562201,-49.2763622,brasil_aberto,True
GO,5208707,Goiânia,Vila Pedroso,vila pedroso,-16.6599551,-49.1801927,brasil_aberto,True
GO,5208707,Goiânia,Vila Pedroso - Expansão,vila pedroso - expansao,-16.6548608,-49.1739524,brasil_aberto,True
GO,5208707,Goiânia,Vila Perdiz,vila perdiz,-16.653989,-49.2777918,brasil_aberto,True
GO,5208707,Goiânia,Vila Redenção,vila redencao,-16.67359,-49.28458,brasil_aberto,True
GO,5208707,Goiânia,Vila Regina,vila regina,-16.658302,-49.3367519,brasil_aberto,True
GO,5208707,Goiânia,Vila Rezende,vila rezende,-16.6792563,-49.2566467,brasil_aberto,True
GO,5208707,Goiânia,Vila Rizzo,vila rizzo,-16.7231046,-49.3799125,brasil_aberto,True
GO,5208707,Goiânia,Vila Romana,vila romana,-16.6764882,-49.2309923,brasil_aberto,True
GO,5208707,Goiânia,Vila Rosa,vila rosa,-16.7450607,-49.3030302,brasil_aberto,True
GO,5208707,Goiânia,Vila Santa Cruz,vila santa cruz,-16.6127186,-49.21041,brasil_aberto,True
GO,5208707,Goiânia,Vila Santa Efigênia,vila santa efigenia,-16.6916535,-49.2905049,brasil_aberto,True
GO,5208707,Goiânia,Vila Santa Helena,vila santa helena,-16.6600229,-49.2915608,brasil_aberto,True
GO,5208707,Goiânia,Vila Santa Isabel,vila santa isabel,-16.6698606,-49.2327449,brasil_aberto,True
GO,5208707,Goiânia,Vila Santa Maria - Conjunto Caiçara,vila santa maria - conjunto caicara,-16.6521027,-49.2124007,brasil_aberto,True
GO,5208707,Goiânia,Vila Santa Maria Extensão,vila santa maria extensao,-16.6549982,-49.2128796,brasil_aberto,True
GO,5208707,Goiânia,Vila Santa Rita,vila santa rita,-16.6826037,-49.3223603,brasil_aberto,True
GO,5208707,Goiânia,Vila Santa Rita - 5ª Etapa,vila santa rita - 5ª etapa,-16.7322061,-49.3388144,brasil_aberto,True
GO,5208707,Goiânia,Vila Santa Rita Acréscimo,vila santa rita acrescimo,-16.6787941,-49.3196678,brasil_aberto,True
GO,5208707,Goiânia,Vila Santana,vila santana,-16.659839,-49.2883408,brasil_aberto,True
GO,5208707,Goiânia,Vila Santo Afonso,vila santo afonso,-16.6739842,-49.3046854,brasil_aberto,True
GO,5208707,Goiânia,Vila São Francisco,vila sao francisco,-16.6599981,-49.2793964,brasil_aberto,True
GO,5208707,Goiânia,Vila São José Complemento,vila sao jose complemento,-16.6630149,-49.2541909,brasil_aberto,True
GO,5208707,Goiânia,Vila São José Extensão,vila sao jose extensao,-16.6630149,-49.2541909,brasil_aberto,True
GO,5208707,Goiânia,Vila São João,vila sao joao,-16.7083787,-49.2411361,brasil_aberto,True
GO,5208707,Goiânia,Vila São Luiz,vila sao luiz,-16.6543429,-49.2719452,brasil_aberto,True
GO,5208707,Goiânia,Vila São Paulo,vila sao paulo,-16.6553417,-49.2961848,brasil_aberto,True
GO,5208707,Goiânia,Vila São Tomaz,vila sao tomaz,-16.7420904,-49.2783891,brasil_aberto,True
GO,5208707,Goiânia,Vila Teófilo Neto,vila teofilo neto,-16.6866371,-49.2895218,brasil_aberto,True
GO,5208707,Goiânia,Vila Vera Cruz,vila vera cruz,-16.6534866,-49.2757299,brasil_aberto,True
GO,5208707,Goiânia,Vila Viana,vila viana,-16.6611365,-49.2396486,brasil_aberto,True
GO,5208707,Goiânia,Vila Viandeli,vila viandeli,-16.6864148,-49.3196586,brasil_aberto,True
GO,5208707,Goiânia,Vila Xavier,vila xavier,-16.6629609,-49.2826452,brasil_aberto,True
GO,5208707,Goiânia,Vila Yate,vila yate,-16.6642608,-49.2227316,brasil_aberto,True
GO,5208707,Goiânia,Vila dos Oficiais,vila dos oficiais,-16.6172097,-49.2302896,brasil_aberto,True
GO,5208707,Goiânia,Vila dos Subtenentes e Sargentos,vila dos subtenentes e sargentos,-16.6238997,-49.2290365,brasil_aberto,True
GO,5208707,Goiânia,Village Atalaia,village atalaia,-16.591023,-49.2588733,brasil_aberto,True
GO,5208707,Goiânia,Village Casa Grande,village casa grande,-16.6131856,-49.2677062,brasil_aberto,True
GO,5208707,Goiânia,Village Maringá,village maringa,-23.4209995,-51.9330558,brasil_aberto,True
GO,5208707,Goiânia,Village Santa Rita,village santa rita,-16.7188276,-49.3662916,brasil_aberto,True
GO,5208707,Goiânia,Village Veneza,village veneza,-16.7120809,-49.3245768,brasil_aberto,True
GO,5208707,Goiânia,Villar Baviera,villar baviera,-16.7284318,-49.2041103,brasil_aberto,True
GO,5208707,Goiânia,Zona Industrial Pedro Abrão,zona industrial pedro abrao,-16.6407458,-49.3030539,brasil_aberto,True
GO,5208707,Goiânia,Água Branca,agua branca,-16.6958795,-49.2414146,brasil_aberto,True
GO,5208707,Goiânia,Área Rural de Goiânia,area rural de goiania,-16.6868491,-49.2707899,brasil_aberto,True
GO,5209150,Gouvelândia,Setor Central,setor central,-18.4351793,-50.1368112,brasil_aberto,True
GO,5209200,Guapó,Posselândia,posselandia,-16.9135576,-49.6617323,brasil_aberto,True
GO,5209200,Guapó,Setor Central,setor central,-16.8329739,-49.5331906,brasil_aberto,True
GO,5209408,Guarani de Goiás,Centro,centro,,,brasil_aberto,True
GO,5209291,Guaraíta,Setor Central,setor central,-15.6303324,-50.0296621,brasil_aberto,True
GO,5209457,Guarinos,Setor Central,setor central,-14.7349326,-49.7004134,brasil_aberto,True
GO,5209606,Heitoraí,Setor Central,setor central,-15.7232917,-49.82624819999999,brasil_aberto,True
GO,5209804,Hidrolina,Setor Central,setor central,-14.7234233,-49.4654089,brasil_aberto,True
GO,5209705,Hidrolândia,Nova Fátima,nova fatima,-16.9062297,-49.3266077,brasil_aberto,True
GO,5209705,Hidrolândia,Setor Central,setor central,,,brasil_aberto,True
GO,5209705,Hidrolândia,Setor Garavelo Sul II,setor garavelo sul ii,,,brasil_aberto,True
GO,5209903,Iaciara,Centro,centro,-14.1011462,-46.6353164,brasil_aberto,True
GO,5209903,Iaciara,Água Quente,agua quente,-13.9345712,-46.64184909999999,brasil_aberto,True
GO,5209937,Inaciolândia,Setor Central,setor central,-18.1726296,-47.9502722,brasil_aberto,True
GO,5209952,Indiara,Setor Central,setor central,-17.1419857,-49.9897176,brasil_aberto,True
GO,5210000,Inhumas,Anhanguera,anhanguera,-16.3672758,-49.4865027,brasil_aberto,True
GO,5210000,Inhumas,Anhanguera 2ª Etapa,anhanguera 2ª etapa,-16.3645777,-49.4872679,brasil_aberto,True
GO,5210000,Inhumas,Anhanguera 3ª Etapa,anhanguera 3ª etapa,-16.3606686,-49.4945326,brasil_aberto,True
GO,5210000,Inhumas,Anhanguera 4ª Etapa,anhanguera 4ª etapa,-16.3645777,-49.4872679,brasil_aberto,True
GO,5210000,Inhumas,Centro,centro,-16.3551961,-49.4942686,brasil_aberto,True
GO,5210000,Inhumas,Distrito Agroindustrial de Inhumas,distrito agroindustrial de inhumas,-16.373129,-49.4916776,brasil_aberto,True
GO,5210000,Inhumas,Fazenda Goiabeiras,fazenda goiabeiras,-16.373129,-49.4916776,brasil_aberto,True
GO,5210000,Inhumas,JK Jardim,jk jardim,-16.3756082,-49.4921785,brasil_aberto,True
GO,5210000,Inhumas,Jardim Raio de Sol,jardim raio de sol,-16.3727683,-49.4844505,brasil_aberto,True
GO,5210000,Inhumas,Jardim Raio de Sol 2ª Etapa,jardim raio de sol 2ª etapa,-16.373129,-49.4916776,brasil_aberto,True
GO,5210000,Inhumas,Jardim Raio de Sol 3ª Etapa,jardim raio de sol 3ª etapa,-16.379344,-49.484417,brasil_aberto,True
GO,5210000,Inhumas,Jardim Santa Cássia,jardim santa cassia,-16.3756082,-49.4921785,brasil_aberto,True
GO,5210000,Inhumas,Jardim Suiço,jardim suico,-16.373129,-49.4916776,brasil_aberto,True
GO,5210000,Inhumas,Jussara,jussara,-16.3615899,-49.4930055,brasil_aberto,True
GO,5210000,Inhumas,Jussara 2ª Etapa,jussara 2ª etapa,-15.8688603,-50.86774519999999,brasil_aberto,True
GO,5210000,Inhumas,Jussara 3ª Etapa,jussara 3ª etapa,-16.373129,-49.4916776,brasil_aberto,True
GO,5210000,Inhumas,Parque Jesualda,parque jesualda,-16.3696846,-49.4930237,brasil_aberto,True
GO,5210000,Inhumas,Parque Santa Marta,parque santa marta,-16.382445,-49.4912394,brasil_aberto,True
GO,5210000,Inhumas,Parque Santa Rita,parque santa rita,-16.3576631,-49.4907836,brasil_aberto,True
GO,5210000,Inhumas,Parque Santa Rita II,parque santa rita ii,-16.3576631,-49.4907836,brasil_aberto,True
GO,5210000,Inhumas,Parque Santa Rita III,parque santa rita iii,,,brasil_aberto,True
GO,5210000,Inhumas,Parque São Jorge,parque sao jorge,-16.373129,-49.4916776,brasil_aberto,True
GO,5210000,Inhumas,Parque da Saudade,parque da saudade,-16.3569412,-49.4914789,brasil_aberto,True
GO,5210000,Inhumas,Polo de Vestuário de Inhumas,polo de vestuario de inhumas,,,brasil_aberto,True
GO,5210000,Inhumas,Polo do Alumínio,polo do aluminio,,,brasil_aberto,True
GO,5210000,Inhumas,Residencial Ana Brandão,residencial ana brandao,-16.3544403,-49.5067455,brasil_aberto,True
GO,5210000,Inhumas,Residencial Ana Luiza,residencial ana luiza,-16.3582893,-49.5068702,brasil_aberto,True
GO,5210000,Inhumas,Residencial Atlântico Norte,residencial atlantico norte,-16.3781596,-49.4775438,brasil_aberto,True
GO,5210000,Inhumas,Residencial Atlântico Sul,residencial atlantico sul,-16.373129,-49.4916776,brasil_aberto,True
GO,5210000,Inhumas,Residencial Atlântida,residencial atlantida,-16.3662728,-49.4947417,brasil_aberto,True
GO,5210000,Inhumas,Residencial Clotildes Essado,residencial clotildes essado,-16.3838125,-49.48131249999999,brasil_aberto,True
GO,5210000,Inhumas,Residencial Izabel Cristina,residencial izabel cristina,-16.3572969,-49.5081121,brasil_aberto,True
GO,5210000,Inhumas,Residencial João do Couto,residencial joao do couto,-16.3704464,-49.4768611,brasil_aberto,True
GO,5210000,Inhumas,Residencial Maurivan Pucci,residencial maurivan pucci,-16.360919,-49.5104046,brasil_aberto,True
GO,5210000,Inhumas,Residencial Monte Alegre,residencial monte alegre,-16.373129,-49.4916776,brasil_aberto,True
GO,5210000,Inhumas,Residencial Morada do Sol,residencial morada do sol,-16.3516043,-49.5111134,brasil_aberto,True
GO,5210000,Inhumas,Residencial Nosso Teto,residencial nosso teto,-16.3670435,-49.4944419,brasil_aberto,True
GO,5210000,Inhumas,Residencial Nova Morada,residencial nova morada,-16.373129,-49.4916776,brasil_aberto,True
GO,5210000,Inhumas,Residencial Nova Morada II,residencial nova morada ii,-16.3421767,-49.4984932,brasil_aberto,True
GO,5210000,Inhumas,Residencial Nova Morada III,residencial nova morada iii,-16.3421767,-49.4984932,brasil_aberto,True
GO,5210000,Inhumas,Residencial Palmeira,residencial palmeira,-16.3767667,-49.478705,brasil_aberto,True
GO,5210000,Inhumas,Residencial Portal de Inhumas I,residencial portal de inhumas i,-16.387499,-49.4879502,brasil_aberto,True
GO,5210000,Inhumas,Residencial Portal de Inhumas II,residencial portal de inhumas ii,-16.387499,-49.4879502,brasil_aberto,True
GO,5210000,Inhumas,Residencial Portal de Inhumas III,residencial portal de inhumas iii,-16.387499,-49.4879502,brasil_aberto,True
GO,5210000,Inhumas,Residencial Portal de Inhumas IV,residencial portal de inhumas iv,-16.387499,-49.4879502,brasil_aberto,True
GO,5210000,Inhumas,Residencial Porto Seguro,residencial porto seguro,-16.373129,-49.4916776,brasil_aberto,True
GO,5210000,Inhumas,Residencial Raíza,residencial raiza,-16.3876583,-49.4803284,brasil_aberto,True
GO,5210000,Inhumas,Residencial Recanto Sonhado,residencial recanto sonhado,-16.3757748,-49.4808413,brasil_aberto,True
GO,5210000,Inhumas,Residencial Santa Bárbara,residencial santa barbara,-16.3851551,-49.4871784,brasil_aberto,True
GO,5210000,Inhumas,Residencial Santa Bárbara - 2ª Etapa,residencial santa barbara - 2ª etapa,-16.3865564,-49.4905549,brasil_aberto,True
GO,5210000,Inhumas,Residencial Santa Bárbara - 3ª Etapa,residencial santa barbara - 3ª etapa,,,brasil_aberto,True
GO,5210000,Inhumas,Residencial Santa Tereza,residencial santa tereza,-16.3740675,-49.4873917,brasil_aberto,True
GO,5210000,Inhumas,Residencial Solar Park Boa Vista,residencial solar park boa vista,-16.373129,-49.4916776,brasil_aberto,True
GO,5210000,Inhumas,Residencial Solar Park Maria de Lourdes,residencial solar park maria de lourdes,-16.8122323,-49.2575333,brasil_aberto,True
GO,5210000,Inhumas,Residencial Solar Park Monte Carlo,residencial solar park monte carlo,-16.4078468,-49.4726029,brasil_aberto,True
GO,5210000,Inhumas,Residencial Tereza Lima,residencial tereza lima,-16.3505687,-49.5124369,brasil_aberto,True
GO,5210000,Inhumas,Residencial Vale Azul,residencial vale azul,-16.3721149,-49.4734364,brasil_aberto,True
GO,5210000,Inhumas,Residencial Vale Azul II,residencial vale azul ii,-16.3721149,-49.4734364,brasil_aberto,True
GO,5210000,Inhumas,Residencial Vitória,residencial vitoria,-16.379755,-49.4787826,brasil_aberto,True
GO,5210000,Inhumas,Residencial Vivendas San Marino,residencial vivendas san marino,-16.3647137,-49.5104337,brasil_aberto,True
GO,5210000,Inhumas,Residencial Watanabe,residencial watanabe,-16.3696914,-49.4864275,brasil_aberto,True
GO,5210000,Inhumas,Santa Rita,santa rita,-16.3518048,-49.5028186,brasil_aberto,True
GO,5210000,Inhumas,Setor Alegrino Lelis,setor alegrino lelis,-16.3419622,-49.5030402,brasil_aberto,True
GO,5210000,Inhumas,Setor Alfa Ville,setor alfa ville,-16.3416784,-49.509032,brasil_aberto,True
GO,5210000,Inhumas,Setor Amélio Alves,setor amelio alves,-16.3538731,-49.5095694,brasil_aberto,True
GO,5210000,Inhumas,Setor Bela Vista,setor bela vista,-16.373129,-49.4916776,brasil_aberto,True
GO,5210000,Inhumas,Setor Bueno Norte,setor bueno norte,-16.3535436,-49.5049317,brasil_aberto,True
GO,5210000,Inhumas,Setor Bueno Sul,setor bueno sul,-16.3711647,-49.491219,brasil_aberto,True
GO,5210000,Inhumas,Setor Eldorado,setor eldorado,-16.3852671,-49.4958329,brasil_aberto,True
GO,5210000,Inhumas,Setor Euradarque,setor euradarque,-16.3671255,-49.4929901,brasil_aberto,True
GO,5210000,Inhumas,Setor Euradarque II,setor euradarque ii,-16.3575714,-49.5094237,brasil_aberto,True
GO,5210000,Inhumas,Setor Fernandes,setor fernandes,-16.3658473,-49.4907144,brasil_aberto,True
GO,5210000,Inhumas,Setor Goiabeiras,setor goiabeiras,-16.3781404,-49.4944629,brasil_aberto,True
GO,5210000,Inhumas,Setor José Antônio Ferreira,setor jose antonio ferreira,-16.3852137,-49.4899347,brasil_aberto,True
GO,5210000,Inhumas,Setor José Antônio Ferreira II,setor jose antonio ferreira ii,-16.3696846,-49.4930237,brasil_aberto,True
GO,5210000,Inhumas,Setor Meia Ponte,setor meia ponte,-16.3770591,-49.4923483,brasil_aberto,True
GO,5210000,Inhumas,Setor Nipo Brasileiro,setor nipo brasileiro,-16.373129,-49.4916776,brasil_aberto,True
GO,5210000,Inhumas,Setor Nipo Brasileiro 2ª Etapa,setor nipo brasileiro 2ª etapa,-16.3722311,-49.4883075,brasil_aberto,True
GO,5210000,Inhumas,Setor Nipo Brasileiro 3ª Etapa,setor nipo brasileiro 3ª etapa,-16.373129,-49.4916776,brasil_aberto,True
GO,5210000,Inhumas,Setor Panorama Parque,setor panorama parque,-16.3783491,-49.4975964,brasil_aberto,True
GO,5210000,Inhumas,Setor Panorama Parque II,setor panorama parque ii,-16.373129,-49.4916776,brasil_aberto,True
GO,5210000,Inhumas,Setor Paraíso,setor paraiso,-16.3523281,-49.5026716,brasil_aberto,True
GO,5210000,Inhumas,Setor Paraíso 2ª Etapa,setor paraiso 2ª etapa,-16.3523281,-49.5026716,brasil_aberto,True
GO,5210000,Inhumas,Setor Paraíso 3ª Etapa,setor paraiso 3ª etapa,-16.3518649,-49.5073714,brasil_aberto,True
GO,5210000,Inhumas,Setor Pedrinhas,setor pedrinhas,-16.3407134,-49.5134961,brasil_aberto,True
GO,5210000,Inhumas,Setor Polo do Sabor,setor polo do sabor,,,brasil_aberto,True
GO,5210000,Inhumas,Setor Pôr do Sol,setor por do sol,-16.373129,-49.4916776,brasil_aberto,True
GO,5210000,Inhumas,Setor Saleiro,setor saleiro,-16.3819146,-49.480337,brasil_aberto,True
GO,5210000,Inhumas,Setor Saleiro II,setor saleiro ii,-16.3789828,-49.4767674,brasil_aberto,True
GO,5210000,Inhumas,Setor Santana,setor santana,-16.3802056,-49.4919919,brasil_aberto,True
GO,5210000,Inhumas,Setor Santana Park,setor santana park,-16.3850977,-49.4935607,brasil_aberto,True
GO,5210000,Inhumas,Setor Santana Park 2ª Etapa,setor santana park 2ª etapa,-16.3808047,-49.488999,brasil_aberto,True
GO,5210000,Inhumas,Setor Sol Nascente,setor sol nascente,-16.6864369,-49.289249,brasil_aberto,True
GO,5210000,Inhumas,Setor Sol Nascente II,setor sol nascente ii,-16.3844583,-49.486677,brasil_aberto,True
GO,5210000,Inhumas,Setor Sol Nascente III,setor sol nascente iii,-16.3852357,-49.4905095,brasil_aberto,True
GO,5210000,Inhumas,Setor Solar Park,setor solar park,-16.3759693,-49.4790527,brasil_aberto,True
GO,5210000,Inhumas,Setor Solar Park 1,setor solar park 1,-16.3759693,-49.4790527,brasil_aberto,True
GO,5210000,Inhumas,Setor Solar Park 2,setor solar park 2,-16.3759693,-49.4790527,brasil_aberto,True
GO,5210000,Inhumas,Setor Tarumã,setor taruma,-16.3708168,-49.4837199,brasil_aberto,True
GO,5210000,Inhumas,Setor Teodoro Alves Rezende,setor teodoro alves rezende,-16.3637971,-49.491479,brasil_aberto,True
GO,5210000,Inhumas,Setor Vale das Goiabeiras,setor vale das goiabeiras,-16.3712312,-49.4980266,brasil_aberto,True
GO,5210000,Inhumas,Setor Vale das Goiabeiras II,setor vale das goiabeiras ii,-16.373129,-49.4916776,brasil_aberto,True
GO,5210000,Inhumas,Setor dos Bancários,setor dos bancarios,-16.373129,-49.4916776,brasil_aberto,True
GO,5210000,Inhumas,Vila 31 de Março,vila 31 de marco,-16.3766373,-49.48617429999999,brasil_aberto,True
GO,5210000,Inhumas,Vila América,vila america,-16.373129,-49.4916776,brasil_aberto,True
GO,5210000,Inhumas,Vila Ana Nery,vila ana nery,-16.3791012,-49.4899162,brasil_aberto,True
GO,5210000,Inhumas,Vila Caiçara,vila caicara,-16.3625659,-49.4999636,brasil_aberto,True
GO,5210000,Inhumas,Vila Floresta,vila floresta,-16.3770591,-49.4923483,brasil_aberto,True
GO,5210000,Inhumas,Vila Floresta 2ª Etapa,vila floresta 2ª etapa,-16.373677,-49.4920754,brasil_aberto,True
GO,5210000,Inhumas,Vila Heitor de Paula,vila heitor de paula,-16.3587578,-49.5037868,brasil_aberto,True
GO,5210000,Inhumas,Vila Heitor de Paula 2ª Etapa,vila heitor de paula 2ª etapa,-16.3563139,-49.5046026,brasil_aberto,True
GO,5210000,Inhumas,Vila Heitor de Paula 3ª Etapa,vila heitor de paula 3ª etapa,-16.3563139,-49.5046026,brasil_aberto,True
GO,5210000,Inhumas,Vila Ivana,vila ivana,-16.3618264,-49.4998442,brasil_aberto,True
GO,5210000,Inhumas,Vila Jandira,vila jandira,,,brasil_aberto,True
GO,5210000,Inhumas,Vila Lobo,vila lobo,-16.3662728,-49.4947417,brasil_aberto,True
GO,5210000,Inhumas,Vila Lucimar,vila lucimar,-16.3587578,-49.5037868,brasil_aberto,True
GO,5210000,Inhumas,Vila Lucimar II Etapa,vila lucimar ii etapa,-16.358359,-49.5097844,brasil_aberto,True
GO,5210000,Inhumas,Vila Mariana,vila mariana,-16.373129,-49.4916776,brasil_aberto,True
GO,5210000,Inhumas,Vila Marise,vila marise,-16.3536589,-49.50167339999999,brasil_aberto,True
GO,5210000,Inhumas,Vila Marise II,vila marise ii,,,brasil_aberto,True
GO,5210000,Inhumas,Vila Marise III,vila marise iii,,,brasil_aberto,True
GO,5210000,Inhumas,Vila Mutirão,vila mutirao,-16.373129,-49.4916776,brasil_aberto,True
GO,5210000,Inhumas,Vila Oliveira,vila oliveira,-16.3746642,-49.4936096,brasil_aberto,True
GO,5210000,Inhumas,Vila Operária,vila operaria,-16.3735094,-49.49947,brasil_aberto,True
GO,5210000,Inhumas,Vila Operária 2ª Etapa,vila operaria 2ª etapa,-16.373129,-49.4916776,brasil_aberto,True
GO,5210000,Inhumas,Vila Quilombo,vila quilombo,-16.2529821,-49.55204579999999,brasil_aberto,True
GO,5210000,Inhumas,Vila Reis,vila reis,-16.3635394,-49.4983548,brasil_aberto,True
GO,5210000,Inhumas,Vila Rosa Heitor,vila rosa heitor,-16.3662728,-49.4947417,brasil_aberto,True
GO,5210000,Inhumas,Vila Santa Maria,vila santa maria,-16.373129,-49.4916776,brasil_aberto,True
GO,5210000,Inhumas,Vila Santa Terezinha,vila santa terezinha,-16.373129,-49.4916776,brasil_aberto,True
GO,5210000,Inhumas,Vila São José,vila sao jose,-16.3662728,-49.4947417,brasil_aberto,True
GO,5210000,Inhumas,Vila São Sebastião,vila sao sebastiao,-16.3662728,-49.4947417,brasil_aberto,True
GO,5210000,Inhumas,Vila Vera Cruz,vila vera cruz,-16.373129,-49.4916776,brasil_aberto,True
GO,5210000,Inhumas,Área Rural de Inhumas,area rural de inhumas,-16.373129,-49.4916776,brasil_aberto,True
GO,5210109,Ipameri,Cavalheiro,cavalheiro,-17.2329152,-47.9614096,brasil_aberto,True
GO,5210109,Ipameri,Domiciano Ribeiro,domiciano ribeiro,-16.9216466,-47.7093114,brasil_aberto,True
GO,5210109,Ipameri,Setor Central,setor central,-17.7205202,-48.1625738,brasil_aberto,True
GO,5210158,Ipiranga de Goiás,Setor Central,setor central,,,brasil_aberto,True
GO,5210208,Iporá,Centro,centro,-16.4422316,-51.1215159,brasil_aberto,True
GO,5210208,Iporá,Jardim Monte Alto,jardim monte alto,,,brasil_aberto,True
GO,5210208,Iporá,Parque das Estrelas,parque das estrelas,,,brasil_aberto,True
GO,5210208,Iporá,Setor Central,setor central,-16.4417353,-51.1198948,brasil_aberto,True
GO,5210208,Iporá,Vila Itajubá,vila itajuba,,,brasil_aberto,True
GO,5210307,Israelândia,Piloândia,piloandia,-16.3664633,-50.769433,brasil_aberto,True
GO,5210307,Israelândia,Setor Central,setor central,,,brasil_aberto,True
GO,5210406,Itaberaí,Setor Central,setor central,,,brasil_aberto,True
GO,5210562,Itaguari,Setor Central,setor central,-15.9193499,-49.6033803,brasil_aberto,True
GO,5210604,Itaguaru,Setor Central,setor central,-15.7617741,-49.63275849999999,brasil_aberto,True
GO,5210802,Itajá,Setor Central,setor central,,,brasil_aberto,True
GO,5210901,Itapaci,Aparecida de Goiás,aparecida de goias,-15.0028633,-49.8278961,brasil_aberto,True
GO,5210901,Itapaci,Setor Central,setor central,-14.9528509,-49.5469762,brasil_aberto,True
GO,5211008,Itapirapuã,Jacilândia,jacilandia,-15.606835,-50.9365573,brasil_aberto,True
GO,5211008,Itapirapuã,Setor Central,setor central,-15.608467,-50.9343021,brasil_aberto,True
GO,5211206,Itapuranga,Cibele,cibele,-15.42355,-50.1146807,brasil_aberto,True
GO,5211206,Itapuranga,Diolândia,diolandia,-15.3898156,-49.9329219,brasil_aberto,True
GO,5211206,Itapuranga,Setor Central,setor central,-15.5598429,-49.9425256,brasil_aberto,True
GO,5211305,Itarumã,Olaria do Angico,olaria do angico,-19.3069716,-50.8427837,brasil_aberto,True
GO,5211305,Itarumã,Setor Central,setor central,-18.7662496,-51.3476997,brasil_aberto,True
GO,5211404,Itauçu,Setor Central,setor central,-16.2026433,-49.604494,brasil_aberto,True
GO,5211503,Itumbiara,Afonso Pena,afonso pena,-18.4075134,-49.2115612,brasil_aberto,True
GO,5211503,Itumbiara,Alto da Boa Vista,alto da boa vista,-18.4115343,-49.2089015,brasil_aberto,True
GO,5211503,Itumbiara,Alvorada,alvorada,-18.4154087,-49.213812,brasil_aberto,True
GO,5211503,Itumbiara,Beatriz,beatriz,-18.4052183,-49.2149608,brasil_aberto,True
GO,5211503,Itumbiara,Brasília,brasilia,-18.4289014,-49.2231095,brasil_aberto,True
GO,5211503,Itumbiara,Campo Limpo,campo limpo,-18.2197847,-49.5219952,brasil_aberto,True
GO,5211503,Itumbiara,Centro,centro,-18.4171608,-49.2399377,brasil_aberto,True
GO,5211503,Itumbiara,Cidade Jardim,cidade jardim,-18.3967284,-49.2146836,brasil_aberto,True
GO,5211503,Itumbiara,Cidade Jardim (Prolongamento),cidade jardim (prolongamento),-18.3937169,-49.2187129,brasil_aberto,True
GO,5211503,Itumbiara,Condomínio Horizontal Paraíso,condominio horizontal paraiso,-18.4392223,-49.211002,brasil_aberto,True
GO,5211503,Itumbiara,Conjunto Habitacional Alcides Rodrigues,conjunto habitacional alcides rodrigues,-18.4097608,-49.2421846,brasil_aberto,True
GO,5211503,Itumbiara,Conjunto Habitacional Dionária Rocha,conjunto habitacional dionaria rocha,-18.4037388,-49.2691632,brasil_aberto,True
GO,5211503,Itumbiara,Conjunto Habitacional Jardim Celma D' Ângelis,conjunto habitacional jardim celma d' angelis,-18.4056698,-49.2306254,brasil_aberto,True
GO,5211503,Itumbiara,Conjunto Habitacional Juca Arantes,conjunto habitacional juca arantes,-18.4000918,-49.2458756,brasil_aberto,True
GO,5211503,Itumbiara,Conjunto Habitacional Morada dos Sonhos,conjunto habitacional morada dos sonhos,-18.3914472,-49.2443794,brasil_aberto,True
GO,5211503,Itumbiara,Conjunto Habitacional Santa Helena,conjunto habitacional santa helena,-18.4119675,-49.2670249,brasil_aberto,True
GO,5211503,Itumbiara,Conjunto Habitacional Santa Maria,conjunto habitacional santa maria,-18.3945196,-49.1932297,brasil_aberto,True
GO,5211503,Itumbiara,Conjunto Habitacional Wilsina Barbosa de Araújo - Dona Sinica,conjunto habitacional wilsina barbosa de araujo - dona sinica,-18.3959754,-49.1974883,brasil_aberto,True
GO,5211503,Itumbiara,Distrito Agroindustrial II,distrito agroindustrial ii,-15.6806452,-49.3422373,brasil_aberto,True
GO,5211503,Itumbiara,Distrito Agroindustrial de Itumbiara - DIAGRI,distrito agroindustrial de itumbiara - diagri,-18.3965946,-49.28699080000001,brasil_aberto,True
GO,5211503,Itumbiara,Dom Bosco,dom bosco,-18.4056703,-49.233569,brasil_aberto,True
GO,5211503,Itumbiara,Dom Veloso,dom veloso,-18.4111982,-49.2554121,brasil_aberto,True
GO,5211503,Itumbiara,Dona Marolina,dona marolina,-18.4166854,-49.2170785,brasil_aberto,True
GO,5211503,Itumbiara,Dona Marolina (Prolongamento),dona marolina (prolongamento),-18.4107425,-49.263248,brasil_aberto,True
GO,5211503,Itumbiara,Ernestina Borges de Andrade,ernestina borges de andrade,-18.4056698,-49.2306254,brasil_aberto,True
GO,5211503,Itumbiara,Estâncias Vale do Paraíso,estancias vale do paraiso,-17.4000384,-49.2194009,brasil_aberto,True
GO,5211503,Itumbiara,Ferreira da Costa,ferreira da costa,-18.4285693,-49.2281316,brasil_aberto,True
GO,5211503,Itumbiara,Jardim Adelaide,jardim adelaide,-18.4124392,-49.2519549,brasil_aberto,True
GO,5211503,Itumbiara,Jardim América,jardim america,-18.4083926,-49.2033817,brasil_aberto,True
GO,5211503,Itumbiara,Jardim Bandeirantes,jardim bandeirantes,-18.408892,-49.2500224,brasil_aberto,True
GO,5211503,Itumbiara,Jardim Beira Rio,jardim beira rio,-18.4028984,-49.2048251,brasil_aberto,True
GO,5211503,Itumbiara,Jardim Europa,jardim europa,-18.4166854,-49.2170785,brasil_aberto,True
GO,5211503,Itumbiara,Jardim Flamboyant,jardim flamboyant,-18.3934401,-49.212117,brasil_aberto,True
GO,5211503,Itumbiara,Jardim Leonora,jardim leonora,-18.4210766,-49.2456083,brasil_aberto,True
GO,5211503,Itumbiara,Jardim Leonora II,jardim leonora ii,-18.421046,-49.2434492,brasil_aberto,True
GO,5211503,Itumbiara,Jardim Liberdade,jardim liberdade,-18.3860616,-49.2236102,brasil_aberto,True
GO,5211503,Itumbiara,Jardim Morumbi,jardim morumbi,-18.4338323,-49.2214265,brasil_aberto,True
GO,5211503,Itumbiara,Jardim Nova Itumbiara,jardim nova itumbiara,-18.420401,-49.2406222,brasil_aberto,True
GO,5211503,Itumbiara,Karfan,karfan,-18.4007202,-49.2047584,brasil_aberto,True
GO,5211503,Itumbiara,Ladário Cardoso de Paula,ladario cardoso de paula,-18.4124392,-49.2519549,brasil_aberto,True
GO,5211503,Itumbiara,Meia Ponte,meia ponte,-18.3954885,-49.2255435,brasil_aberto,True
GO,5211503,Itumbiara,Norma Gibaldi,norma gibaldi,-18.4144953,-49.2726992,brasil_aberto,True
GO,5211503,Itumbiara,Nossa Senhora da Saúde,nossa senhora da saude,-18.3914093,-49.1989617,brasil_aberto,True
GO,5211503,Itumbiara,Nossa Senhora da Saúde (Prolongamento),nossa senhora da saude (prolongamento),-18.4166854,-49.2170785,brasil_aberto,True
GO,5211503,Itumbiara,Nova Aurora,nova aurora,-18.4272036,-49.2081563,brasil_aberto,True
GO,5211503,Itumbiara,Nova Veneza,nova veneza,-18.4077906,-49.2284,brasil_aberto,True
GO,5211503,Itumbiara,Novo Horizonte,novo horizonte,-18.4107295,-49.2319304,brasil_aberto,True
GO,5211503,Itumbiara,Olinta Soares Guimarães,olinta soares guimaraes,-18.4064619,-49.2410052,brasil_aberto,True
GO,5211503,Itumbiara,Paranaíba,paranaiba,-18.4166854,-49.2170785,brasil_aberto,True
GO,5211503,Itumbiara,Parque Imperial,parque imperial,-18.4305578,-49.2047021,brasil_aberto,True
GO,5211503,Itumbiara,Parque Vale dos Buritys I,parque vale dos buritys i,-18.3948408,-49.2095127,brasil_aberto,True
GO,5211503,Itumbiara,Parque Vale dos Buritys II,parque vale dos buritys ii,-18.4028984,-49.2048251,brasil_aberto,True
GO,5211503,Itumbiara,Parque Vale dos Buritys III,parque vale dos buritys iii,-18.4166854,-49.2170785,brasil_aberto,True
GO,5211503,Itumbiara,Portal dos Ipês,portal dos ipes,-18.3860616,-49.2236102,brasil_aberto,True
GO,5211503,Itumbiara,Prefeito José Moisés,prefeito jose moises,-18.4102787,-49.2761726,brasil_aberto,True
GO,5211503,Itumbiara,Remy Martins Ferreira,remy martins ferreira,-18.4125963,-49.2702139,brasil_aberto,True
GO,5211503,Itumbiara,Residencial Alto do Trindade,residencial alto do trindade,-18.3970137,-49.24115579999999,brasil_aberto,True
GO,5211503,Itumbiara,Residencial Ana Cardoso,residencial ana cardoso,-18.4125639,-49.2243967,brasil_aberto,True
GO,5211503,Itumbiara,Residencial Beira Rio I,residencial beira rio i,-18.4390199,-49.2019208,brasil_aberto,True
GO,5211503,Itumbiara,Residencial Beira Rio II,residencial beira rio ii,-18.4329015,-49.2024208,brasil_aberto,True
GO,5211503,Itumbiara,Residencial Dona Guri Rodrigues,residencial dona guri rodrigues,-18.3935013,-49.2263262,brasil_aberto,True
GO,5211503,Itumbiara,Residencial Jardim Primavera,residencial jardim primavera,-18.4313555,-49.2196991,brasil_aberto,True
GO,5211503,Itumbiara,Residencial Maria Luiza Machado,residencial maria luiza machado,-18.3826953,-49.2243285,brasil_aberto,True
GO,5211503,Itumbiara,Residencial Morada do Sol,residencial morada do sol,-18.4052623,-49.2218935,brasil_aberto,True
GO,5211503,Itumbiara,Residencial Sonho Verde,residencial sonho verde,-18.4196559,-49.2432591,brasil_aberto,True
GO,5211503,Itumbiara,Santa Inês,santa ines,-18.4266877,-49.2272188,brasil_aberto,True
GO,5211503,Itumbiara,Santa Rita,santa rita,-18.4166854,-49.2170785,brasil_aberto,True
GO,5211503,Itumbiara,Santos Dumont,santos dumont,-18.4193427,-49.2239709,brasil_aberto,True
GO,5211503,Itumbiara,Sarandi,sarandi,-18.3617974,-49.369055,brasil_aberto,True
GO,5211503,Itumbiara,Setor Industrial,setor industrial,-18.3929909,-49.2080244,brasil_aberto,True
GO,5211503,Itumbiara,Setor Oeste,setor oeste,-18.4233251,-49.2284943,brasil_aberto,True
GO,5211503,Itumbiara,Setor Planalto,setor planalto,-18.4135988,-49.2299451,brasil_aberto,True
GO,5211503,Itumbiara,Setor Senador Pedro Ludovico Teixeira,setor senador pedro ludovico teixeira,-18.4119402,-49.200335,brasil_aberto,True
GO,5211503,Itumbiara,Social,social,-18.4050718,-49.2199183,brasil_aberto,True
GO,5211503,Itumbiara,Social (Setor Karfan II),social (setor karfan ii),-18.4056698,-49.2306254,brasil_aberto,True
GO,5211503,Itumbiara,São João,sao joao,-18.3976669,-49.1998099,brasil_aberto,True
GO,5211503,Itumbiara,São Judas Tadeu,sao judas tadeu,-18.4056698,-49.2306254,brasil_aberto,True
GO,5211503,Itumbiara,Vila Mutirão,vila mutirao,-18.4117071,-49.2538762,brasil_aberto,True
GO,5211503,Itumbiara,Vila Residencial de Furnas,vila residencial de furnas,-18.4303896,-49.2140104,brasil_aberto,True
GO,5211503,Itumbiara,Vila São Sebastião,vila sao sebastiao,-17.2881268,-48.2798281,brasil_aberto,True
GO,5211503,Itumbiara,Vila Vitória I,vila vitoria i,-18.4154166,-49.2399174,brasil_aberto,True
GO,5211503,Itumbiara,Vila Vitória II,vila vitoria ii,-18.4163634,-49.243142,brasil_aberto,True
GO,5211503,Itumbiara,Vilage Beira Rio,vilage beira rio,-18.4322572,-49.2111683,brasil_aberto,True
GO,5211503,Itumbiara,Zenon Borges Guimarães,zenon borges guimaraes,-18.4039895,-49.2473971,brasil_aberto,True
GO,5211503,Itumbiara,Área Rural de Itumbiara,area rural de itumbiara,-18.4166854,-49.2170785,brasil_aberto,True
GO,5211602,Ivolândia,Campolândia,campolandia,-16.5610772,-51.27511399999999,brasil_aberto,True
GO,5211602,Ivolândia,Setor Central,setor central,-16.6046468,-50.7919578,brasil_aberto,True
GO,5211701,Jandaia,Setor Central,setor central,-14.0930836,-46.3677438,brasil_aberto,True
GO,5211701,Jandaia,Setor Linda Vista,setor linda vista,-16.4976721,-49.4391377,brasil_aberto,True
GO,5211800,Jaraguá,Setor Central,setor central,-15.7543666,-49.3422785,brasil_aberto,True
GO,5211909,Jataí,Aimbiré,aimbire,-17.9062411,-51.7379157,brasil_aberto,True
GO,5211909,Jataí,Bela Vista,bela vista,-17.8738848,-51.7202588,brasil_aberto,True
GO,5211909,Jataí,Bela Vista II,bela vista ii,-17.8719194,-51.7244781,brasil_aberto,True
GO,5211909,Jataí,Centro,centro,-17.8839767,-51.718804,brasil_aberto,True
GO,5211909,Jataí,Cohacol,cohacol,-17.8559628,-51.7297239,brasil_aberto,True
GO,5211909,Jataí,Colméia Park,colmeia park,-17.8766617,-51.7105621,brasil_aberto,True
GO,5211909,Jataí,Conjunto Cidade Jardim II,conjunto cidade jardim ii,-17.8736712,-51.682087,brasil_aberto,True
GO,5211909,Jataí,Conjunto Dorival de Carvalho,conjunto dorival de carvalho,-17.8874877,-51.7168477,brasil_aberto,True
GO,5211909,Jataí,Conjunto Filostro Machado,conjunto filostro machado,-16.3136396,-48.9037959,brasil_aberto,True
GO,5211909,Jataí,Conjunto Residencial Cidade Jardim,conjunto residencial cidade jardim,-17.872332,-51.6956688,brasil_aberto,True
GO,5211909,Jataí,Conjunto Residencial Mauro Antônio Bento,conjunto residencial mauro antonio bento,-17.8521133,-51.7226296,brasil_aberto,True
GO,5211909,Jataí,Conjunto Residencial Nossa Senhora de Fátima,conjunto residencial nossa senhora de fatima,-17.8554053,-51.71585109999999,brasil_aberto,True
GO,5211909,Jataí,Conjunto Rio Claro I,conjunto rio claro i,-17.8775596,-51.736866,brasil_aberto,True
GO,5211909,Jataí,Conjunto Rio Claro II,conjunto rio claro ii,-17.8751365,-51.7383789,brasil_aberto,True
GO,5211909,Jataí,Conjunto Rio Claro III,conjunto rio claro iii,-17.8728405,-51.7369178,brasil_aberto,True
GO,5211909,Jataí,Conjunto Sebastião Herculano de Souza,conjunto sebastiao herculano de souza,-17.9116501,-51.7324747,brasil_aberto,True
GO,5211909,Jataí,Distrito Agroindustrial,distrito agroindustrial,-17.8881027,-51.7263895,brasil_aberto,True
GO,5211909,Jataí,Divino Espírito Santo,divino espirito santo,-17.888447,-51.7320774,brasil_aberto,True
GO,5211909,Jataí,Dom Abel,dom abel,-17.8723508,-51.7105083,brasil_aberto,True
GO,5211909,Jataí,Dom Benedito D. Coscia,dom benedito d. coscia,-17.8782579,-51.7349487,brasil_aberto,True
GO,5211909,Jataí,Fernandes,fernandes,-17.8972216,-51.7284008,brasil_aberto,True
GO,5211909,Jataí,Hamilton Nunes,hamilton nunes,-17.8954225,-51.7319495,brasil_aberto,True
GO,5211909,Jataí,Jardim Floresta,jardim floresta,-17.9130894,-51.7382463,brasil_aberto,True
GO,5211909,Jataí,Jardim Paraíso,jardim paraiso,-17.855359,-51.728846,brasil_aberto,True
GO,5211909,Jataí,Jardim Primavera,jardim primavera,-17.8865258,-51.7100183,brasil_aberto,True
GO,5211909,Jataí,Jardim da Liberdade,jardim da liberdade,-17.8737037,-51.7087259,brasil_aberto,True
GO,5211909,Jataí,José Estevam,jose estevam,-17.9000544,-51.7158046,brasil_aberto,True
GO,5211909,Jataí,José Ferreira,jose ferreira,-17.8848019,-51.73374039999999,brasil_aberto,True
GO,5211909,Jataí,Loteamento Carvalho,loteamento carvalho,-17.5756865,-52.5502878,brasil_aberto,True
GO,5211909,Jataí,Loteamento João Rodrigues da Cunha,loteamento joao rodrigues da cunha,-17.8916343,-51.714042,brasil_aberto,True
GO,5211909,Jataí,Loteamento Santa Rosa,loteamento santa rosa,-17.9109557,-51.7187557,brasil_aberto,True
GO,5211909,Jataí,Naveslândia,naveslandia,-18.0945588,-51.4973069,brasil_aberto,True
GO,5211909,Jataí,Popular,popular,-17.8999135,-51.7430712,brasil_aberto,True
GO,5211909,Jataí,Primavera II,primavera ii,-17.8782713,-51.7445899,brasil_aberto,True
GO,5211909,Jataí,Recanto Alvorada - Sítios de Recreio,recanto alvorada - sitios de recreio,-17.9101524,-51.68996809999999,brasil_aberto,True
GO,5211909,Jataí,Residencial Bandeirantes,residencial bandeirantes,-17.8678125,-51.7229089,brasil_aberto,True
GO,5211909,Jataí,Residencial Barcelona,residencial barcelona,-17.8891642,-51.7406295,brasil_aberto,True
GO,5211909,Jataí,Residencial Cohacol 5,residencial cohacol 5,-17.9097686,-51.7420569,brasil_aberto,True
GO,5211909,Jataí,Residencial Cylleneo França,residencial cylleneo franca,-17.8814889,-51.74301939999999,brasil_aberto,True
GO,5211909,Jataí,Residencial Eldorado,residencial eldorado,-17.8942276,-51.7124027,brasil_aberto,True
GO,5211909,Jataí,Residencial Flamboyant,residencial flamboyant,-17.8706332,-51.7352355,brasil_aberto,True
GO,5211909,Jataí,Residencial Jardim Jataí,residencial jardim jatai,-17.8776608,-51.6958734,brasil_aberto,True
GO,5211909,Jataí,Residencial Jardim dos Ipês,residencial jardim dos ipes,-17.8865915,-51.7567189,brasil_aberto,True
GO,5211909,Jataí,Residencial Morada do Sol,residencial morada do sol,-17.8904497,-51.7412282,brasil_aberto,True
GO,5211909,Jataí,Residencial Parque dos Ventos,residencial parque dos ventos,-17.8553313,-51.70833469999999,brasil_aberto,True
GO,5211909,Jataí,Residencial Portal do Sol - 1ª Etapa,residencial portal do sol - 1ª etapa,-17.8436137,-51.7359152,brasil_aberto,True
GO,5211909,Jataí,Residencial Portal do Sol - 2ª Etapa,residencial portal do sol - 2ª etapa,-17.8434219,-51.7385461,brasil_aberto,True
GO,5211909,Jataí,Residencial Recanto da Mata,residencial recanto da mata,-17.860041,-51.7211215,brasil_aberto,True
GO,5211909,Jataí,Residencial Setor Sul,residencial setor sul,-17.8947737,-51.732655,brasil_aberto,True
GO,5211909,Jataí,Residencial Terras de Toscana,residencial terras de toscana,-17.8579644,-51.7092452,brasil_aberto,True
GO,5211909,Jataí,Residencial das Abelhas,residencial das abelhas,-17.901117,-51.7445343,brasil_aberto,True
GO,5211909,Jataí,Residencial das Brisas,residencial das brisas,-17.8707721,-51.7231721,brasil_aberto,True
GO,5211909,Jataí,Residencial das Brisas II,residencial das brisas ii,-17.8984447,-51.7306125,brasil_aberto,True
GO,5211909,Jataí,Samuel Grahan,samuel grahan,-17.8820789,-51.726481,brasil_aberto,True
GO,5211909,Jataí,Santa Lúcia,santa lucia,-17.8716254,-51.7196244,brasil_aberto,True
GO,5211909,Jataí,Santa Lúcia II,santa lucia ii,-17.8713532,-51.7179525,brasil_aberto,True
GO,5211909,Jataí,Santa Terezinha,santa terezinha,-17.872598,-51.7147338,brasil_aberto,True
GO,5211909,Jataí,Santo Antônio,santo antonio,-17.8708094,-51.7192296,brasil_aberto,True
GO,5211909,Jataí,Serra Azul,serra azul,-17.9076082,-51.7405669,brasil_aberto,True
GO,5211909,Jataí,Setor Aeroporto,setor aeroporto,-17.8723754,-51.7270438,brasil_aberto,True
GO,5211909,Jataí,Setor Alto das Rosas,setor alto das rosas,-17.8809628,-51.6966033,brasil_aberto,True
GO,5211909,Jataí,Setor Antena,setor antena,-17.8756137,-51.7241272,brasil_aberto,True
GO,5211909,Jataí,Setor Brasília,setor brasilia,-17.8707721,-51.7231721,brasil_aberto,True
GO,5211909,Jataí,Setor Central - Parte Baixa,setor central - parte baixa,-17.8814889,-51.7093258,brasil_aberto,True
GO,5211909,Jataí,Setor Colinas,setor colinas,-17.8710629,-51.7002837,brasil_aberto,True
GO,5211909,Jataí,Setor Cordeiro,setor cordeiro,-17.9116501,-51.7324747,brasil_aberto,True
GO,5211909,Jataí,Setor Epaminondas I,setor epaminondas i,-17.8703155,-51.7278103,brasil_aberto,True
GO,5211909,Jataí,Setor Epaminondas II,setor epaminondas ii,-17.8752446,-51.7307316,brasil_aberto,True
GO,5211909,Jataí,Setor Estrela Dalva,setor estrela dalva,-17.9185857,-51.7210167,brasil_aberto,True
GO,5211909,Jataí,Setor Fabriny,setor fabriny,-17.9124527,-51.7405916,brasil_aberto,True
GO,5211909,Jataí,Setor Francisco Antônio,setor francisco antonio,-17.9228144,-51.7267954,brasil_aberto,True
GO,5211909,Jataí,Setor Geda,setor geda,-17.9022621,-51.7152534,brasil_aberto,True
GO,5211909,Jataí,Setor Granjeiro,setor granjeiro,-17.8817178,-51.7374646,brasil_aberto,True
GO,5211909,Jataí,Setor Hermosa,setor hermosa,-17.8868919,-51.7376916,brasil_aberto,True
GO,5211909,Jataí,Setor Industrial,setor industrial,-17.9170131,-51.7401017,brasil_aberto,True
GO,5211909,Jataí,Setor Iracema,setor iracema,-17.8786616,-51.7149747,brasil_aberto,True
GO,5211909,Jataí,Setor Jacutinga,setor jacutinga,-17.8676474,-51.6959612,brasil_aberto,True
GO,5211909,Jataí,Setor Jardim Goiás,setor jardim goias,-16.6938273,-49.23853390000001,brasil_aberto,True
GO,5211909,Jataí,Setor Jardim Goiás II,setor jardim goias ii,-17.8594553,-51.7332414,brasil_aberto,True
GO,5211909,Jataí,Setor José Bento,setor jose bento,-17.8766362,-51.7410549,brasil_aberto,True
GO,5211909,Jataí,Setor Oeste,setor oeste,-17.8816155,-51.7295801,brasil_aberto,True
GO,5211909,Jataí,Setor Planalto,setor planalto,-17.8733097,-51.7289411,brasil_aberto,True
GO,5211909,Jataí,Setor das Mansões,setor das mansoes,-17.8644208,-51.7297044,brasil_aberto,True
GO,5211909,Jataí,Sodré,sodre,-17.900222,-51.7446658,brasil_aberto,True
GO,5211909,Jataí,Sítios de Recreio Alvorada,sitios de recreio alvorada,-17.8587333,-51.707656,brasil_aberto,True
GO,5211909,Jataí,Vila Campo Neutro,vila campo neutro,-17.8800457,-51.7085024,brasil_aberto,True
GO,5211909,Jataí,Vila Carla,vila carla,-17.8799096,-51.7287891,brasil_aberto,True
GO,5211909,Jataí,Vila Frei Domingos,vila frei domingos,-17.8766322,-51.7078632,brasil_aberto,True
GO,5211909,Jataí,Vila Fátima,vila fatima,-17.8971574,-51.7332509,brasil_aberto,True
GO,5211909,Jataí,Vila Jardim América,vila jardim america,-17.8782579,-51.7349487,brasil_aberto,True
GO,5211909,Jataí,Vila Jardim Maximiano Peres,vila jardim maximiano peres,-17.88106,-51.7104406,brasil_aberto,True
GO,5211909,Jataí,Vila Jardim Rio Claro,vila jardim rio claro,-17.901687,-51.7251641,brasil_aberto,True
GO,5211909,Jataí,Vila Luíza,vila luiza,-17.8990329,-51.7421612,brasil_aberto,True
GO,5211909,Jataí,Vila Mutirão,vila mutirao,-17.8989132,-51.7173177,brasil_aberto,True
GO,5211909,Jataí,Vila Nossa Senhora do Carmo,vila nossa senhora do carmo,-17.8880751,-51.7264116,brasil_aberto,True
GO,5211909,Jataí,Vila Olavo,vila olavo,-17.8907365,-51.708365,brasil_aberto,True
GO,5211909,Jataí,Vila Paraíso I,vila paraiso i,-17.9052461,-51.7192391,brasil_aberto,True
GO,5211909,Jataí,Vila Paraíso II,vila paraiso ii,-17.9007074,-51.7303111,brasil_aberto,True
GO,5211909,Jataí,Vila Progresso,vila progresso,-17.8941936,-51.7163718,brasil_aberto,True
GO,5211909,Jataí,Vila Santa Maria,vila santa maria,-17.8945131,-51.7202377,brasil_aberto,True
GO,5211909,Jataí,Vila Sofia,vila sofia,-17.9052461,-51.7192391,brasil_aberto,True
GO,5211909,Jataí,Vila São Pedro,vila sao pedro,-17.8813038,-51.7020325,brasil_aberto,True
GO,5211909,Jataí,Vila Três Marias,vila tres marias,-17.8898521,-51.7088374,brasil_aberto,True
GO,5211909,Jataí,Vila das Palmeiras,vila das palmeiras,-17.9099233,-51.7426351,brasil_aberto,True
GO,5211909,Jataí,Área Rural de Jataí,area rural de jatai,-17.8881027,-51.7263895,brasil_aberto,True
GO,5212006,Jaupaci,Setor Central,setor central,,,brasil_aberto,True
GO,5212055,Jesúpolis,Setor Central,setor central,,,brasil_aberto,True
GO,5212105,Joviânia,Setor Central,setor central,-17.8053116,-49.6273,brasil_aberto,True
GO,5212204,Jussara,Canadá,canada,-15.868875,-50.867785,brasil_aberto,True
GO,5212204,Jussara,Distrito de Betânia,distrito de betania,-15.9198098,-51.3225158,brasil_aberto,True
GO,5212204,Jussara,Distrito de São Sebastião do Rio Claro,distrito de sao sebastiao do rio claro,-15.6983401,-51.4852449,brasil_aberto,True
GO,5212204,Jussara,Setor Central,setor central,-15.8688603,-50.86774519999999,brasil_aberto,True
GO,5212204,Jussara,São Sebastião do Rio Claro,sao sebastiao do rio claro,-15.7401069,-51.46047369999999,brasil_aberto,True
GO,5212253,Lagoa Santa,Setor Central,setor central,-19.1853751,-51.4002441,brasil_aberto,True
GO,5212303,Leopoldo de Bulhões,Setor Central,setor central,-16.6199465,-48.7456243,brasil_aberto,True
GO,5212303,Leopoldo de Bulhões,Trevo do José Rosário,trevo do jose rosario,-16.6195353,-48.7436474,brasil_aberto,True
GO,5212501,Luziânia,Centro,centro,-16.2553396,-47.9553788,brasil_aberto,True
GO,5212501,Luziânia,Chácaras Almeida,chacaras almeida,-16.2506453,-47.9261172,brasil_aberto,True
GO,5212501,Luziânia,Chácaras Brito,chacaras brito,-16.1113682,-47.9651219,brasil_aberto,True
GO,5212501,Luziânia,Chácaras Marajoara,chacaras marajoara,-16.1382757,-47.9340318,brasil_aberto,True
GO,5212501,Luziânia,Chácaras Vale da Canção,chacaras vale da cancao,-16.2289392,-47.8486887,brasil_aberto,True
GO,5212501,Luziânia,Cidade Industrial Fracaroli,cidade industrial fracaroli,-16.1792597,-47.9289716,brasil_aberto,True
GO,5212501,Luziânia,Cidade Jardim Marília,cidade jardim marilia,-16.1448918,-47.9363959,brasil_aberto,True
GO,5212501,Luziânia,Cidade Osfaya,cidade osfaya,-16.1696695,-47.9234522,brasil_aberto,True
GO,5212501,Luziânia,Cidade da Esperança,cidade da esperanca,-16.2506453,-47.9261172,brasil_aberto,True
GO,5212501,Luziânia,DICAL,dical,-16.2506453,-47.9261172,brasil_aberto,True
GO,5212501,Luziânia,Diogo Machado de Araújo,diogo machado de araujo,-16.2482181,-47.9556976,brasil_aberto,True
GO,5212501,Luziânia,Distrito Industrial de Luziânia (Dial),distrito industrial de luziania (dial),-16.2506453,-47.9261172,brasil_aberto,True
GO,5212501,Luziânia,Engenheiro Jofre Parada,engenheiro jofre parada,-16.2492193,-47.9624444,brasil_aberto,True
GO,5212501,Luziânia,Fazenda Buracão/Jordão,fazenda buracao/jordao,-16.2514833,-47.91777380000001,brasil_aberto,True
GO,5212501,Luziânia,Jardim América,jardim america,-16.2506453,-47.9261172,brasil_aberto,True
GO,5212501,Luziânia,Jardim Bandeirante,jardim bandeirante,-16.2591693,-47.926082,brasil_aberto,True
GO,5212501,Luziânia,Jardim Brasília Sul,jardim brasilia sul,-16.2463735,-47.9003209,brasil_aberto,True
GO,5212501,Luziânia,Jardim Central,jardim central,-16.1314409,-47.9613102,brasil_aberto,True
GO,5212501,Luziânia,Jardim Europa,jardim europa,-16.1887483,-47.9360206,brasil_aberto,True
GO,5212501,Luziânia,Jardim Flamboyant,jardim flamboyant,-16.1155976,-47.9670342,brasil_aberto,True
GO,5212501,Luziânia,Jardim Jóckei Clube,jardim jockei clube,-16.1278705,-47.965942,brasil_aberto,True
GO,5212501,Luziânia,Jardim Luzília,jardim luzilia,-16.2244141,-47.9242939,brasil_aberto,True
GO,5212501,Luziânia,Jardim Planalto,jardim planalto,-16.1306849,-47.9502722,brasil_aberto,True
GO,5212501,Luziânia,Jardim Sion,jardim sion,-16.2159415,-47.9157637,brasil_aberto,True
GO,5212501,Luziânia,Jardim Umuarama Setor 1,jardim umuarama setor 1,-16.2506453,-47.9261172,brasil_aberto,True
GO,5212501,Luziânia,Jardim Umuarama Setor 2,jardim umuarama setor 2,-16.2506453,-47.9261172,brasil_aberto,True
GO,5212501,Luziânia,Jardim Umuarama Setor 3,jardim umuarama setor 3,-16.2506453,-47.9261172,brasil_aberto,True
GO,5212501,Luziânia,Jardim Umuarama Setor 4,jardim umuarama setor 4,-16.2506453,-47.9261172,brasil_aberto,True
GO,5212501,Luziânia,Jardim Umuarama Setor 5,jardim umuarama setor 5,-16.2506453,-47.9261172,brasil_aberto,True
GO,5212501,Luziânia,Jardim Umuarama Setor 6,jardim umuarama setor 6,-16.2506453,-47.9261172,brasil_aberto,True
GO,5212501,Luziânia,Jardim Umuarama Setor 7,jardim umuarama setor 7,-16.2506453,-47.9261172,brasil_aberto,True
GO,5212501,Luziânia,Jardim Zuleika,jardim zuleika,-16.1359718,-47.9591187,brasil_aberto,True
GO,5212501,Luziânia,Jardim do Ingá,jardim do inga,-16.1526824,-47.9534259,brasil_aberto,True
GO,5212501,Luziânia,Jardim do Ingá Gleba B,jardim do inga gleba b,-16.1351626,-47.9540019,brasil_aberto,True
GO,5212501,Luziânia,Loteamento Fechado Le Parc,loteamento fechado le parc,-16.0838339,-47.9732198,brasil_aberto,True
GO,5212501,Luziânia,Loteamento Raquel Pimentel,loteamento raquel pimentel,-16.2533249,-47.9554715,brasil_aberto,True
GO,5212501,Luziânia,Luzília Parque,luzilia parque,-16.2254441,-47.916669,brasil_aberto,True
GO,5212501,Luziânia,Mansões Campinas,mansoes campinas,-16.1438942,-47.9390387,brasil_aberto,True
GO,5212501,Luziânia,Mansões de Recreio Casa de Telha,mansoes de recreio casa de telha,-16.2335505,-47.9280043,brasil_aberto,True
GO,5212501,Luziânia,Mansões de Recreio Estrela D'alva VII,mansoes de recreio estrela d'alva vii,-16.195277,-47.99855119999999,brasil_aberto,True
GO,5212501,Luziânia,Mansões de Recreio Estrela Dalva II,mansoes de recreio estrela dalva ii,-16.2335505,-47.9280043,brasil_aberto,True
GO,5212501,Luziânia,Mansões de Recreio Estrela Dalva IV,mansoes de recreio estrela dalva iv,-16.2335505,-47.9280043,brasil_aberto,True
GO,5212501,Luziânia,Mansões de Recreio Estrela Dalva V,mansoes de recreio estrela dalva v,-16.1935432,-47.9280043,brasil_aberto,True
GO,5212501,Luziânia,Mansões de Recreio Estrela Dalva VI,mansoes de recreio estrela dalva vi,-16.2335505,-47.9280043,brasil_aberto,True
GO,5212501,Luziânia,Mansões de Recreio Estrela Dalva VIII,mansoes de recreio estrela dalva viii,-16.2335505,-47.9280043,brasil_aberto,True
GO,5212501,Luziânia,Maravilha,maravilha,-16.2473126,-47.9496134,brasil_aberto,True
GO,5212501,Luziânia,Parque Alvorada I,parque alvorada i,-16.2176431,-47.9360328,brasil_aberto,True
GO,5212501,Luziânia,Parque Alvorada II,parque alvorada ii,-16.153664,-47.9498365,brasil_aberto,True
GO,5212501,Luziânia,Parque Alvorada III,parque alvorada iii,-16.2458305,-47.9267815,brasil_aberto,True
GO,5212501,Luziânia,Parque Belo Horizonte,parque belo horizonte,-16.1314409,-47.9613102,brasil_aberto,True
GO,5212501,Luziânia,Parque Cruzeiro do Sul,parque cruzeiro do sul,-16.1401428,-47.9420249,brasil_aberto,True
GO,5212501,Luziânia,Parque Desportivo Brasília (Roosevelt),parque desportivo brasilia (roosevelt),-16.1916492,-47.926434,brasil_aberto,True
GO,5212501,Luziânia,Parque Estrela Dalva I,parque estrela dalva i,-16.2484986,-47.9184223,brasil_aberto,True
GO,5212501,Luziânia,Parque Estrela Dalva II,parque estrela dalva ii,-16.2523055,-47.9154218,brasil_aberto,True
GO,5212501,Luziânia,Parque Estrela Dalva III,parque estrela dalva iii,-16.2422367,-47.9086181,brasil_aberto,True
GO,5212501,Luziânia,Parque Estrela Dalva IV,parque estrela dalva iv,-16.2599498,-47.9106912,brasil_aberto,True
GO,5212501,Luziânia,Parque Estrela Dalva IX,parque estrela dalva ix,-16.169157,-47.951745,brasil_aberto,True
GO,5212501,Luziânia,Parque Estrela Dalva V,parque estrela dalva v,-16.2602204,-47.9258853,brasil_aberto,True
GO,5212501,Luziânia,Parque Estrela Dalva VII,parque estrela dalva vii,-16.2474526,-47.9148913,brasil_aberto,True
GO,5212501,Luziânia,Parque Estrela Dalva VIII,parque estrela dalva viii,-16.2695029,-47.9088365,brasil_aberto,True
GO,5212501,Luziânia,Parque Estrela Dalva X,parque estrela dalva x,-16.166986,-47.9683397,brasil_aberto,True
GO,5212501,Luziânia,Parque Industrial Mingone,parque industrial mingone,-16.1455752,-47.9404393,brasil_aberto,True
GO,5212501,Luziânia,Parque Industrial São José,parque industrial sao jose,-16.1572687,-47.9409928,brasil_aberto,True
GO,5212501,Luziânia,Parque Inspiração,parque inspiracao,-16.2443993,-47.9471436,brasil_aberto,True
GO,5212501,Luziânia,Parque JK,parque jk,-16.2402468,-47.9401849,brasil_aberto,True
GO,5212501,Luziânia,Parque Jardim São Paulo,parque jardim sao paulo,-16.2835285,-47.863761,brasil_aberto,True
GO,5212501,Luziânia,Parque Nova Iguaçu,parque nova iguacu,-16.1382647,-47.9463939,brasil_aberto,True
GO,5212501,Luziânia,Parque Paulistano Gleba A,parque paulistano gleba a,-16.2509264,-47.90018240000001,brasil_aberto,True
GO,5212501,Luziânia,Parque Paulistano Gleba B,parque paulistano gleba b,-16.2509264,-47.90018240000001,brasil_aberto,True
GO,5212501,Luziânia,Parque Residencial Faro,parque residencial faro,-16.1419768,-47.9409928,brasil_aberto,True
GO,5212501,Luziânia,Parque Santa Fé,parque santa fe,-16.2171259,-47.9391982,brasil_aberto,True
GO,5212501,Luziânia,Parque Sol Nascente,parque sol nascente,-16.2581126,-47.9402433,brasil_aberto,True
GO,5212501,Luziânia,Parque São Judas Tadeu,parque sao judas tadeu,-16.21256,-47.918935,brasil_aberto,True
GO,5212501,Luziânia,Parque São Sebastião,parque sao sebastiao,-16.1418901,-47.9369722,brasil_aberto,True
GO,5212501,Luziânia,Parque Três Poderes,parque tres poderes,-16.1429621,-47.9291602,brasil_aberto,True
GO,5212501,Luziânia,Parque da Saudade,parque da saudade,-16.2581126,-47.9402433,brasil_aberto,True
GO,5212501,Luziânia,Parque do Cerrado,parque do cerrado,-16.2728797,-47.96883589999999,brasil_aberto,True
GO,5212501,Luziânia,Residencial Alto das Caraíbas,residencial alto das caraibas,-16.2414639,-47.9514026,brasil_aberto,True
GO,5212501,Luziânia,Residencial Copaíbas,residencial copaibas,-16.23783,-47.905487,brasil_aberto,True
GO,5212501,Luziânia,Rosário,rosario,-16.2634503,-47.9340055,brasil_aberto,True
GO,5212501,Luziânia,SHIS,shis,-16.2464402,-47.9530299,brasil_aberto,True
GO,5212501,Luziânia,Santa Edwirges,santa edwirges,-16.2634503,-47.9340055,brasil_aberto,True
GO,5212501,Luziânia,Santa Luzia,santa luzia,-16.252983,-47.9452395,brasil_aberto,True
GO,5212501,Luziânia,Santa Luzia II,santa luzia ii,-16.2277835,-47.9113042,brasil_aberto,True
GO,5212501,Luziânia,Setor Aeroporto,setor aeroporto,-16.2558737,-47.9582462,brasil_aberto,True
GO,5212501,Luziânia,Setor Fumal,setor fumal,-16.2619957,-47.9576509,brasil_aberto,True
GO,5212501,Luziânia,Setor Leste,setor leste,-16.2653985,-47.9176565,brasil_aberto,True
GO,5212501,Luziânia,Setor Mandu,setor mandu,-16.2383972,-47.9394266,brasil_aberto,True
GO,5212501,Luziânia,Setor Mandu II,setor mandu ii,-16.2519259,-47.9316704,brasil_aberto,True
GO,5212501,Luziânia,Setor Norte,setor norte,-16.2373585,-47.9430942,brasil_aberto,True
GO,5212501,Luziânia,Setor Norte Maravilha,setor norte maravilha,-16.2407149,-47.9490518,brasil_aberto,True
GO,5212501,Luziânia,Setor Presidente Kennedy,setor presidente kennedy,-16.2469894,-47.9572585,brasil_aberto,True
GO,5212501,Luziânia,Setor Sul II,setor sul ii,-16.2506453,-47.9261172,brasil_aberto,True
GO,5212501,Luziânia,São Caetano,sao caetano,-16.2611384,-47.9466917,brasil_aberto,True
GO,5212501,Luziânia,Vale do Ouro,vale do ouro,-16.2506453,-47.9261172,brasil_aberto,True
GO,5212501,Luziânia,Vera Cruz,vera cruz,-16.073962,-47.9895899,brasil_aberto,True
GO,5212501,Luziânia,Vila Esperança,vila esperanca,-16.2449516,-47.9624188,brasil_aberto,True
GO,5212501,Luziânia,Vila Guará,vila guara,-16.2397361,-47.9098189,brasil_aberto,True
GO,5212501,Luziânia,Vila Isabel,vila isabel,-16.2506453,-47.9261172,brasil_aberto,True
GO,5212501,Luziânia,Vila Juracy,vila juracy,-16.2563648,-47.9401679,brasil_aberto,True
GO,5212501,Luziânia,Vila Mary,vila mary,-16.1113682,-47.9651219,brasil_aberto,True
GO,5212501,Luziânia,Vila Marília,vila marilia,-16.2506453,-47.9261172,brasil_aberto,True
GO,5212501,Luziânia,Vila Portuguesa,vila portuguesa,-16.2414345,-47.9464781,brasil_aberto,True
GO,5212501,Luziânia,Vila Roriz,vila roriz,-16.2359441,-47.9416543,brasil_aberto,True
GO,5212501,Luziânia,Vila Santa Luzia,vila santa luzia,-16.2510388,-47.9626954,brasil_aberto,True
GO,5212501,Luziânia,Vila Santa Marta,vila santa marta,-16.2506453,-47.9261172,brasil_aberto,True
GO,5212501,Luziânia,Vila São José,vila sao jose,-16.2506453,-47.9261172,brasil_aberto,True
GO,5212501,Luziânia,Área Rural de Luziânia,area rural de luziania,-16.2506453,-47.9261172,brasil_aberto,True
GO,5212600,Mairipotaba,Setor Central,setor central,,,brasil_aberto,True
GO,5212709,Mambaí,Centro,centro,-14.4962034,-46.1103531,brasil_aberto,True
GO,5212808,Mara Rosa,Setor Central,setor central,-14.018951,-49.1791231,brasil_aberto,True
GO,5212907,Marzagão,Setor Central,setor central,-17.9797704,-48.6454431,brasil_aberto,True
GO,5212956,Matrinchã,Lua Nova,lua nova,-15.5392543,-50.5295683,brasil_aberto,True
GO,5212956,Matrinchã,Setor Central,setor central,,,brasil_aberto,True
GO,5213004,Maurilândia,Setor Central,setor central,-17.9727065,-50.3376512,brasil_aberto,True
GO,5213053,Mimoso de Goiás,Centro,centro,-15.0586359,-48.1621915,brasil_aberto,True
GO,5213087,Minaçu,Cana Brava,cana brava,-13.5327871,-48.2195541,brasil_aberto,True
GO,5213087,Minaçu,Setor Central,setor central,-13.5327871,-48.2195541,brasil_aberto,True
GO,5213103,Mineiros,31 de Outubro,31 de outubro,-17.5608032,-52.5466859,brasil_aberto,True
GO,5213103,Mineiros,Araújo Neto,araujo neto,-17.5753531,-52.5519918,brasil_aberto,True
GO,5213103,Mineiros,Buena Vista,buena vista,-17.5323364,-52.5299048,brasil_aberto,True
GO,5213103,Mineiros,Centro,centro,-17.5698572,-52.5491669,brasil_aberto,True
GO,5213103,Mineiros,Chácara 22,chacara 22,-17.5631489,-52.534997,brasil_aberto,True
GO,5213103,Mineiros,Conjunto Nova República,conjunto nova republica,-17.5751944,-52.5400358,brasil_aberto,True
GO,5213103,Mineiros,DAIM - Distrito Agro Industrial de Mineiros,daim - distrito agro industrial de mineiros,-17.5635333,-52.552764,brasil_aberto,True
GO,5213103,Mineiros,Divino Espírito Santo,divino espirito santo,-17.5753839,-52.5645067,brasil_aberto,True
GO,5213103,Mineiros,Jardim das Oliveiras,jardim das oliveiras,-16.6521509,-49.1486884,brasil_aberto,True
GO,5213103,Mineiros,Jardim das Perobeiras,jardim das perobeiras,-17.5910468,-52.5522671,brasil_aberto,True
GO,5213103,Mineiros,Loteamento Almerinda Rezende,loteamento almerinda rezende,-17.5357899,-52.535392,brasil_aberto,True
GO,5213103,Mineiros,Loteamento Alves,loteamento alves,-17.5597257,-52.5451432,brasil_aberto,True
GO,5213103,Mineiros,Loteamento Cambaúva,loteamento cambauva,-17.567606,-52.5614388,brasil_aberto,True
GO,5213103,Mineiros,Loteamento Cardoso,loteamento cardoso,-17.5597257,-52.5451432,brasil_aberto,True
GO,5213103,Mineiros,Loteamento Jardim Florença,loteamento jardim florenca,-17.5469263,-52.5599706,brasil_aberto,True
GO,5213103,Mineiros,Loteamento Jardim dos Ipês,loteamento jardim dos ipes,-17.5462498,-52.5401413,brasil_aberto,True
GO,5213103,Mineiros,Loteamento Maria José,loteamento maria jose,-17.5506386,-52.5606053,brasil_aberto,True
GO,5213103,Mineiros,Loteamento Martins II,loteamento martins ii,-17.5629946,-52.559209,brasil_aberto,True
GO,5213103,Mineiros,Loteamento Naves Martins,loteamento naves martins,-17.5780862,-52.5460744,brasil_aberto,True
GO,5213103,Mineiros,Loteamento Perdizes,loteamento perdizes,-17.5620269,-52.5491223,brasil_aberto,True
GO,5213103,Mineiros,Loteamento Residencial Araguaia,loteamento residencial araguaia,,,brasil_aberto,True
GO,5213103,Mineiros,Loteamento Residencial Bosque dos Buritis,loteamento residencial bosque dos buritis,,,brasil_aberto,True
GO,5213103,Mineiros,Loteamento Santa Isabel,loteamento santa isabel,-17.563909,-52.5430173,brasil_aberto,True
GO,5213103,Mineiros,Loteamento Santana,loteamento santana,-17.5706152,-52.5485351,brasil_aberto,True
GO,5213103,Mineiros,Loteamento Solar Betel,loteamento solar betel,-17.5414258,-52.5541636,brasil_aberto,True
GO,5213103,Mineiros,Loteamento Souza,loteamento souza,-17.5591744,-52.5514768,brasil_aberto,True
GO,5213103,Mineiros,Loteamento São Pedro,loteamento sao pedro,,,brasil_aberto,True
GO,5213103,Mineiros,Loteamento São Rafael,loteamento sao rafael,,,brasil_aberto,True
GO,5213103,Mineiros,Loteamento Vilela,loteamento vilela,-17.5611618,-52.541698,brasil_aberto,True
GO,5213103,Mineiros,Mineirinho,mineirinho,-17.5635333,-52.552764,brasil_aberto,True
GO,5213103,Mineiros,Morada do Sol,morada do sol,-16.6153242,-49.3221781,brasil_aberto,True
GO,5213103,Mineiros,Mundinho,mundinho,-17.5618097,-52.5466876,brasil_aberto,True
GO,5213103,Mineiros,Parque Ambiental de Mineiros,parque ambiental de mineiros,-17.5859912,-52.5608837,brasil_aberto,True
GO,5213103,Mineiros,Parque Municipal Canto do Serrado,parque municipal canto do serrado,-17.5611959,-52.5358459,brasil_aberto,True
GO,5213103,Mineiros,Parque do Cedro,parque do cedro,-17.5591127,-52.5821516,brasil_aberto,True
GO,5213103,Mineiros,Parque dos Jatobás,parque dos jatobas,-17.7894627,-50.9534472,brasil_aberto,True
GO,5213103,Mineiros,Popular,popular,-17.5795232,-52.5465339,brasil_aberto,True
GO,5213103,Mineiros,Portal das Emas,portal das emas,-17.5813081,-52.5439674,brasil_aberto,True
GO,5213103,Mineiros,Primavera,primavera,-17.5635333,-52.552764,brasil_aberto,True
GO,5213103,Mineiros,Residencial Alvina Paniago,residencial alvina paniago,-17.5751891,-52.5677553,brasil_aberto,True
GO,5213103,Mineiros,Residencial Canto do Serrado,residencial canto do serrado,-17.5644509,-52.5398391,brasil_aberto,True
GO,5213103,Mineiros,Residencial Coqueiros,residencial coqueiros,-17.5468208,-52.5654523,brasil_aberto,True
GO,5213103,Mineiros,Residencial Dona Alcira de Rezende,residencial dona alcira de rezende,-17.5370883,-52.5392559,brasil_aberto,True
GO,5213103,Mineiros,Residencial Dona Letice,residencial dona letice,-17.5618097,-52.5466876,brasil_aberto,True
GO,5213103,Mineiros,Residencial Jardim Floresta,residencial jardim floresta,-17.5635333,-52.552764,brasil_aberto,True
GO,5213103,Mineiros,Residencial Michelângelo,residencial michelangelo,-17.5620269,-52.5491223,brasil_aberto,True
GO,5213103,Mineiros,Residencial Parque Flamboyant,residencial parque flamboyant,-16.7406934,-49.2214398,brasil_aberto,True
GO,5213103,Mineiros,Residencial Portal do Cerrado,residencial portal do cerrado,-16.2855523,-48.9344526,brasil_aberto,True
GO,5213103,Mineiros,Residencial Santa Maria,residencial santa maria,-17.5635333,-52.552764,brasil_aberto,True
GO,5213103,Mineiros,Residencial Versailles,residencial versailles,-17.5744618,-52.544839,brasil_aberto,True
GO,5213103,Mineiros,Residencial Vilhena,residencial vilhena,-17.5493329,-52.554211,brasil_aberto,True
GO,5213103,Mineiros,Setor Aeroporto,setor aeroporto,-17.5535218,-52.5528173,brasil_aberto,True
GO,5213103,Mineiros,Setor Antônio Carrijo Machado,setor antonio carrijo machado,-17.5536787,-52.549218,brasil_aberto,True
GO,5213103,Mineiros,Setor Aurélio,setor aurelio,-17.5692568,-52.562318,brasil_aberto,True
GO,5213103,Mineiros,Setor Boa Vista,setor boa vista,-17.584959,-52.55987620000001,brasil_aberto,True
GO,5213103,Mineiros,Setor Carvalho,setor carvalho,-17.5736114,-52.5507077,brasil_aberto,True
GO,5213103,Mineiros,Setor Cidade Nova,setor cidade nova,-17.5635333,-52.552764,brasil_aberto,True
GO,5213103,Mineiros,Setor Cohacol 3,setor cohacol 3,-17.555568,-52.5475209,brasil_aberto,True
GO,5213103,Mineiros,Setor Cruvinel,setor cruvinel,-17.5497342,-52.5396666,brasil_aberto,True
GO,5213103,Mineiros,Setor Ioris,setor ioris,-17.5513486,-52.5490573,brasil_aberto,True
GO,5213103,Mineiros,Setor Jardim Goiás,setor jardim goias,-17.5635333,-52.552764,brasil_aberto,True
GO,5213103,Mineiros,Setor Jardim Goiás II,setor jardim goias ii,-17.8570271,-51.7327963,brasil_aberto,True
GO,5213103,Mineiros,Setor José Antônio da Costa Nery,setor jose antonio da costa nery,-17.5618097,-52.5466876,brasil_aberto,True
GO,5213103,Mineiros,Setor José de Oliveira Martins,setor jose de oliveira martins,-17.5781574,-52.5505455,brasil_aberto,True
GO,5213103,Mineiros,Setor Leontino,setor leontino,-17.5420667,-52.5457491,brasil_aberto,True
GO,5213103,Mineiros,Setor Machado,setor machado,-17.5620269,-52.5491223,brasil_aberto,True
GO,5213103,Mineiros,Setor Marcelino Teodoro Gomes,setor marcelino teodoro gomes,-17.5583014,-52.54804,brasil_aberto,True
GO,5213103,Mineiros,Setor Martins,setor martins,-17.5635333,-52.552764,brasil_aberto,True
GO,5213103,Mineiros,Setor Nossa Senhora Aparecida,setor nossa senhora aparecida,-17.5693392,-52.534538,brasil_aberto,True
GO,5213103,Mineiros,Setor Nossa Senhora de Fátima,setor nossa senhora de fatima,-17.55964,-52.56262,brasil_aberto,True
GO,5213103,Mineiros,Setor Novo Horizonte,setor novo horizonte,-18.4104104,-49.2296697,brasil_aberto,True
GO,5213103,Mineiros,Setor Oeste,setor oeste,-17.5730355,-52.5559869,brasil_aberto,True
GO,5213103,Mineiros,Setor Parque São José,setor parque sao jose,-17.5635333,-52.552764,brasil_aberto,True
GO,5213103,Mineiros,Setor Pecuária,setor pecuaria,-17.5624832,-52.5385712,brasil_aberto,True
GO,5213103,Mineiros,Setor Polivalente,setor polivalente,-17.5687866,-52.557485,brasil_aberto,True
GO,5213103,Mineiros,Setor Rodrigues,setor rodrigues,-17.5589828,-52.5652553,brasil_aberto,True
GO,5213103,Mineiros,Setor Santista,setor santista,-17.5765061,-52.5419232,brasil_aberto,True
GO,5213103,Mineiros,Setor São Bento,setor sao bento,-17.566478,-52.5665034,brasil_aberto,True
GO,5213103,Mineiros,Setor Taninho,setor taninho,-17.5753531,-52.5519918,brasil_aberto,True
GO,5213103,Mineiros,São João,sao joao,-17.565502,-52.5449268,brasil_aberto,True
GO,5213103,Mineiros,Teodoro de Souza,teodoro de souza,-17.5704523,-52.5396043,brasil_aberto,True
GO,5213103,Mineiros,Vila Cipriano,vila cipriano,-17.5630618,-52.5398568,brasil_aberto,True
GO,5213103,Mineiros,Vila Manoel Abrão,vila manoel abrao,-17.5631019,-52.5459499,brasil_aberto,True
GO,5213103,Mineiros,Vila São Sebastião,vila sao sebastiao,-17.5591951,-52.557761,brasil_aberto,True
GO,5213103,Mineiros,Vila da Paz,vila da paz,-17.5635654,-52.55276569999999,brasil_aberto,True
GO,5213103,Mineiros,Área Rural de Mineiros,area rural de mineiros,-17.5635333,-52.552764,brasil_aberto,True
GO,5213400,Moiporá,Messianópolis,messianopolis,-16.4893417,-50.6923282,brasil_aberto,True
GO,5213400,Moiporá,Setor Central,setor central,-16.6598185,-49.4865968,brasil_aberto,True
GO,5213509,Monte Alegre de Goiás,Centro,centro,-13.2582844,-46.89521879999999,brasil_aberto,True
GO,5213509,Monte Alegre de Goiás,Prata,prata,-13.3322529,-46.7856912,brasil_aberto,True
GO,5213707,Montes Claros de Goiás,Aparecida do Rio Claro,aparecida do rio claro,-15.942934,-51.357694,brasil_aberto,True
GO,5213707,Montes Claros de Goiás,Distrito de Aparecida do Rio Claro,distrito de aparecida do rio claro,,,brasil_aberto,True
GO,5213707,Montes Claros de Goiás,Distrito de Lucilândia,distrito de lucilandia,,,brasil_aberto,True
GO,5213707,Montes Claros de Goiás,Distrito de Ponte Alta do Araguaia,distrito de ponte alta do araguaia,,,brasil_aberto,True
GO,5213707,Montes Claros de Goiás,Distrito de Registro do Araguaia,distrito de registro do araguaia,,,brasil_aberto,True
GO,5213707,Montes Claros de Goiás,Lucilândia,lucilandia,-16.0488126,-51.2685307,brasil_aberto,True
GO,5213707,Montes Claros de Goiás,Registro do Araguaia,registro do araguaia,-15.7382593,-51.826542,brasil_aberto,True
GO,5213707,Montes Claros de Goiás,Setor Central,setor central,,,brasil_aberto,True
GO,5213756,Montividiu,Setor Central,setor central,-17.4486322,-51.1765431,brasil_aberto,True
GO,5213772,Montividiu do Norte,Setor Central,setor central,,,brasil_aberto,True
GO,5213806,Morrinhos,Setor Central,setor central,-17.7397167,-49.1307153,brasil_aberto,True
GO,5213855,Morro Agudo de Goiás,Setor Central,setor central,,,brasil_aberto,True
GO,5213905,Mossâmedes,Setor Central,setor central,-16.1244732,-50.2140904,brasil_aberto,True
GO,5214002,Mozarlândia,Setor Central,setor central,,,brasil_aberto,True
GO,5214051,Mundo Novo,Setor Central,setor central,-17.7960281,-50.9315292,brasil_aberto,True
GO,5214101,Mutunópolis,Setor Central,setor central,,,brasil_aberto,True
GO,5214408,Nazário,Claudinápolis,claudinapolis,-16.5847408,-49.8826595,brasil_aberto,True
GO,5214408,Nazário,Setor Central,setor central,-16.6725803,-49.2594518,brasil_aberto,True
GO,5214507,Nerópolis,Setor Central,setor central,-16.60052,-49.2771035,brasil_aberto,True
GO,5214606,Niquelândia,Centro,centro,-14.4721132,-48.460114,brasil_aberto,True
GO,5214606,Niquelândia,Setor Central,setor central,-14.4696488,-48.4559107,brasil_aberto,True
GO,5214606,Niquelândia,São Luiz do Tocantins,sao luiz do tocantins,-14.2428365,-48.0246925,brasil_aberto,True
GO,5214606,Niquelândia,Taveira,taveira,-14.460671,-48.4564273,brasil_aberto,True
GO,5214606,Niquelândia,Tupiracaba,tupiracaba,-14.4699319,-48.5516257,brasil_aberto,True
GO,5214705,Nova América,Setor Central,setor central,-16.7054672,-49.2713279,brasil_aberto,True
GO,5214804,Nova Aurora,Setor Central,setor central,,,brasil_aberto,True
GO,5214838,Nova Crixás,Bandeirantes,bandeirantes,-13.6881837,-50.799056,brasil_aberto,True
GO,5214838,Nova Crixás,Setor Santo Antônio,setor santo antonio,-16.7954578,-49.2676689,brasil_aberto,True
GO,5214861,Nova Glória,Setor Central,setor central,,,brasil_aberto,True
GO,5214879,Nova Iguaçu de Goiás,Setor Central,setor central,-16.6694357,-49.228007,brasil_aberto,True
GO,5214903,Nova Roma,Centro,centro,-13.7418516,-46.8796498,brasil_aberto,True
GO,5215009,Nova Veneza,Setor Central,setor central,-16.3758219,-49.31231469999999,brasil_aberto,True
GO,5215207,Novo Brasil,Novo Goiás,novo goias,-16.1606522,-50.5957446,brasil_aberto,True
GO,5215207,Novo Brasil,Setor Central,setor central,-16.0344073,-50.7133111,brasil_aberto,True
GO,5215231,Novo Gama,Alphavile Paiva,alphavile paiva,-16.0708018,-48.0606224,brasil_aberto,True
GO,5215231,Novo Gama,Boa Vista,boa vista,-16.0270651,-48.0669583,brasil_aberto,True
GO,5215231,Novo Gama,Chácaras Araguaia,chacaras araguaia,-16.1129664,-48.0218454,brasil_aberto,True
GO,5215231,Novo Gama,Chácaras Minas Gerais B,chacaras minas gerais b,-16.0924042,-48.03876169999999,brasil_aberto,True
GO,5215231,Novo Gama,Chácaras Paulista,chacaras paulista,-16.0557866,-48.03525279999999,brasil_aberto,True
GO,5215231,Novo Gama,Chácaras Vale das Andorinhas,chacaras vale das andorinhas,-16.1359768,-48.0555514,brasil_aberto,True
GO,5215231,Novo Gama,Fazenda Paiva,fazenda paiva,-16.1113842,-48.0600636,brasil_aberto,True
GO,5215231,Novo Gama,Fazenda São Sebastião,fazenda sao sebastiao,-16.0557866,-48.03525279999999,brasil_aberto,True
GO,5215231,Novo Gama,Jardim Lago Azul,jardim lago azul,-16.100095,-48.0729113,brasil_aberto,True
GO,5215231,Novo Gama,Jardim Paiva,jardim paiva,-16.073962,-47.9895899,brasil_aberto,True
GO,5215231,Novo Gama,Jardim Tropical,jardim tropical,-16.0557866,-48.03525279999999,brasil_aberto,True
GO,5215231,Novo Gama,Loteamento Grande Vale,loteamento grande vale,-16.073962,-47.9895899,brasil_aberto,True
GO,5215231,Novo Gama,Loteamento Lunabel 3,loteamento lunabel 3,-16.0888761,-48.0555514,brasil_aberto,True
GO,5215231,Novo Gama,Loteamento Lunabel 3A,loteamento lunabel 3a,-16.0888761,-48.0555514,brasil_aberto,True
GO,5215231,Novo Gama,Loteamento Lunabel 3B,loteamento lunabel 3b,-16.0888761,-48.0555514,brasil_aberto,True
GO,5215231,Novo Gama,Loteamento Lunabel 3C,loteamento lunabel 3c,-16.0888761,-48.0555514,brasil_aberto,True
GO,5215231,Novo Gama,Loteamento Lunabel 3H,loteamento lunabel 3h,-16.0888761,-48.0555514,brasil_aberto,True
GO,5215231,Novo Gama,Loteamento Santa Cecília,loteamento santa cecilia,-16.0557866,-48.03525279999999,brasil_aberto,True
GO,5215231,Novo Gama,Mansões Eldorado,mansoes eldorado,-16.073962,-47.9895899,brasil_aberto,True
GO,5215231,Novo Gama,Mansões das Andorinhas,mansoes das andorinhas,-16.0557866,-48.03525279999999,brasil_aberto,True
GO,5215231,Novo Gama,Mansões de Recreio Estrela Dalva VII-A,mansoes de recreio estrela dalva vii-a,-16.195277,-47.99855119999999,brasil_aberto,True
GO,5215231,Novo Gama,Mansões de Recreio Estrela Dalva VII-B,mansoes de recreio estrela dalva vii-b,-16.195277,-47.99855119999999,brasil_aberto,True
GO,5215231,Novo Gama,Mont Serrat Paiva,mont serrat paiva,-16.070251,-48.057956,brasil_aberto,True
GO,5215231,Novo Gama,Núcleo Habitacional Novo Gama,nucleo habitacional novo gama,-16.0530202,-48.0382586,brasil_aberto,True
GO,5215231,Novo Gama,Núcleo Residencial Brasília,nucleo residencial brasilia,-16.1092674,-48.0964801,brasil_aberto,True
GO,5215231,Novo Gama,Parque Estrela Dalva VI (Pedregal),parque estrela dalva vi (pedregal),-16.0585067,-48.0325237,brasil_aberto,True
GO,5215231,Novo Gama,Parque Nova Brasília,parque nova brasilia,-16.0557866,-48.03525279999999,brasil_aberto,True
GO,5215231,Novo Gama,Residencial Alvorada,residencial alvorada,-16.0714808,-48.0796397,brasil_aberto,True
GO,5215231,Novo Gama,Residencial América do Sul,residencial america do sul,-16.0270651,-48.0669583,brasil_aberto,True
GO,5215231,Novo Gama,Residencial Brasília,residencial brasilia,-16.0557866,-48.03525279999999,brasil_aberto,True
GO,5215231,Novo Gama,Residencial Cidade Nova,residencial cidade nova,-16.0557866,-48.03525279999999,brasil_aberto,True
GO,5215231,Novo Gama,Residencial Greenville I,residencial greenville i,-16.1026603,-48.0436803,brasil_aberto,True
GO,5215231,Novo Gama,Residencial Negreiros,residencial negreiros,-16.0599423,-48.05092930000001,brasil_aberto,True
GO,5215231,Novo Gama,Residencial Paiva I,residencial paiva i,-16.073962,-47.9895899,brasil_aberto,True
GO,5215231,Novo Gama,Residencial Paraíso,residencial paraiso,-16.073962,-47.9895899,brasil_aberto,True
GO,5215231,Novo Gama,Residencial Santa Luzia,residencial santa luzia,-16.1082892,-48.0825853,brasil_aberto,True
GO,5215231,Novo Gama,Setor de Chácaras Riacho Doce,setor de chacaras riacho doce,-16.1748586,-48.1035028,brasil_aberto,True
GO,5215231,Novo Gama,Setor de Mansões Santa Barbara,setor de mansoes santa barbara,-16.073962,-47.9895899,brasil_aberto,True
GO,5215231,Novo Gama,Sítio Santa Maria,sitio santa maria,-16.0518758,-48.0279003,brasil_aberto,True
GO,5215231,Novo Gama,Vale do Pedregal,vale do pedregal,-16.073962,-47.9895899,brasil_aberto,True
GO,5215231,Novo Gama,Vila Lolli,vila lolli,-16.073962,-47.9895899,brasil_aberto,True
GO,5215231,Novo Gama,Vila União,vila uniao,-16.0756122,-48.04439439999999,brasil_aberto,True
GO,5215231,Novo Gama,Área Rural de Novo Gama,area rural de novo gama,-16.1032371,-48.0724609,brasil_aberto,True
GO,5215256,Novo Planalto,Setor Central,setor central,-13.2429073,-49.5076942,brasil_aberto,True
GO,5215306,Orizona,Alto Alvorada,alto alvorada,-17.153863,-48.160833,brasil_aberto,True
GO,5215306,Orizona,Nossa Senhora de Fátima,nossa senhora de fatima,,,brasil_aberto,True
GO,5215306,Orizona,Setor Central,setor central,,,brasil_aberto,True
GO,5215405,Ouro Verde de Goiás,Setor Central,setor central,-16.2188154,-49.1972075,brasil_aberto,True
GO,5215504,Ouvidor,Setor Central,setor central,,,brasil_aberto,True
GO,5215603,Padre Bernardo,Centro,centro,-15.163264,-48.2829105,brasil_aberto,True
GO,5215603,Padre Bernardo,Setor Leste,setor leste,-15.1692658,-48.2765669,brasil_aberto,True
GO,5215603,Padre Bernardo,Trajanópolis,trajanopolis,-15.2570865,-48.2654244,brasil_aberto,True
GO,5215652,Palestina de Goiás,Setor Central,setor central,,,brasil_aberto,True
GO,5215702,Palmeiras de Goiás,Setor Central,setor central,,,brasil_aberto,True
GO,5215801,Palmelo,Setor Central,setor central,,,brasil_aberto,True
GO,5215900,Palminópolis,Setor Central,setor central,,,brasil_aberto,True
GO,5216007,Panamá,Setor Central,setor central,-18.1766647,-49.3541482,brasil_aberto,True
GO,5216304,Paranaiguara,Setor Central,setor central,,,brasil_aberto,True
GO,5216403,Paraúna,Setor Central,setor central,-16.9477234,-50.4476506,brasil_aberto,True
GO,5216452,Perolândia,Planalto,planalto,,,brasil_aberto,True
GO,5216809,Petrolina de Goiás,Setor Central,setor central,,,brasil_aberto,True
GO,5216908,Pilar de Goiás,Setor Central,setor central,-14.7650312,-49.578861,brasil_aberto,True
GO,5217104,Piracanjuba,Centro,centro,-17.2926088,-49.0277442,brasil_aberto,True
GO,5217104,Piracanjuba,Jardim Primavera,jardim primavera,-17.3011378,-49.0270898,brasil_aberto,True
GO,5217104,Piracanjuba,Setor Central,setor central,-17.310518,-49.0154379,brasil_aberto,True
GO,5217104,Piracanjuba,Setor Roberto,setor roberto,-17.3103257,-49.0271897,brasil_aberto,True
GO,5217203,Piranhas,Setor Central,setor central,,,brasil_aberto,True
GO,5217302,Pirenópolis,Centro,centro,-15.8584394,-48.9574965,brasil_aberto,True
GO,5217302,Pirenópolis,Centro Histórico,centro historico,-15.8538426,-48.9596966,brasil_aberto,True
GO,5217302,Pirenópolis,Jaranápolis,jaranapolis,,,brasil_aberto,True
GO,5217302,Pirenópolis,Lagolândia,lagolandia,,,brasil_aberto,True
GO,5217302,Pirenópolis,Radiolândia,radiolandia,,,brasil_aberto,True
GO,5217302,Pirenópolis,Vila João Figueiredo,vila joao figueiredo,,,brasil_aberto,True
GO,5217401,Pires do Rio,Setor Central,setor central,-17.3014015,-48.2776611,brasil_aberto,True
GO,5217609,Planaltina,Brasilinha 16 (Panorama),brasilinha 16 (panorama),-15.4889424,-47.6129245,brasil_aberto,True
GO,5217609,Planaltina,Brasilinha 17,brasilinha 17,-15.4536994,-47.608917,brasil_aberto,True
GO,5217609,Planaltina,Córrego Rico,corrego rico,-15.1729387,-47.7709921,brasil_aberto,True
GO,5217609,Planaltina,Itapuã I,itapua i,-15.4814645,-47.6086724,brasil_aberto,True
GO,5217609,Planaltina,Itapuã II,itapua ii,-15.4573466,-47.6170247,brasil_aberto,True
GO,5217609,Planaltina,Jardim Paquetá I,jardim paqueta i,-15.4573466,-47.6170247,brasil_aberto,True
GO,5217609,Planaltina,Jardim Paquetá II,jardim paqueta ii,-15.4765806,-47.6024746,brasil_aberto,True
GO,5217609,Planaltina,Jardim das Paineiras,jardim das paineiras,-15.4573466,-47.6170247,brasil_aberto,True
GO,5217609,Planaltina,Jardim das Palmeiras,jardim das palmeiras,-15.4573466,-47.6170247,brasil_aberto,True
GO,5217609,Planaltina,Parque da Gávea,parque da gavea,-15.4898398,-47.6018599,brasil_aberto,True
GO,5217609,Planaltina,Parque do Sol Nascente I,parque do sol nascente i,-15.4536994,-47.608917,brasil_aberto,True
GO,5217609,Planaltina,Parque do Sol Nascente II,parque do sol nascente ii,-15.4536994,-47.608917,brasil_aberto,True
GO,5217609,Planaltina,Residencial São Francisco,residencial sao francisco,-15.4525229,-47.58480369999999,brasil_aberto,True
GO,5217609,Planaltina,Santa Rita,santa rita,-15.4309611,-47.61411040000001,brasil_aberto,True
GO,5217609,Planaltina,Setor Aeroporto (Barrolândia),setor aeroporto (barrolandia),-15.4294602,-47.6149597,brasil_aberto,True
GO,5217609,Planaltina,Setor Aeroporto (Mutirão),setor aeroporto (mutirao),-15.4573466,-47.6170247,brasil_aberto,True
GO,5217609,Planaltina,Setor Aeroporto (residencial Esperança),setor aeroporto (residencial esperanca),-15.4080112,-47.5871182,brasil_aberto,True
GO,5217609,Planaltina,Setor Leste,setor leste,-15.4553012,-47.6275024,brasil_aberto,True
GO,5217609,Planaltina,Setor Norte,setor norte,-15.4474277,-47.58624589999999,brasil_aberto,True
GO,5217609,Planaltina,Setor Oeste,setor oeste,-15.4544986,-47.6091793,brasil_aberto,True
GO,5217609,Planaltina,Setor Sul,setor sul,-15.4573466,-47.6170247,brasil_aberto,True
GO,5217609,Planaltina,Setor dos Imigrantes,setor dos imigrantes,-15.4573466,-47.6170247,brasil_aberto,True
GO,5217609,Planaltina,São Gabriel de Goiás,sao gabriel de goias,-15.232125,-47.5744768,brasil_aberto,True
GO,5217609,Planaltina,São José,sao jose,-15.4536994,-47.608917,brasil_aberto,True
GO,5217609,Planaltina,Área Rural de Planaltina,area rural de planaltina,-15.4536994,-47.608917,brasil_aberto,True
GO,5217708,Pontalina,Setor Central,setor central,-17.5185011,-49.4494742,brasil_aberto,True
GO,5218003,Porangatu,Cruzeiro do Norte,cruzeiro do norte,,,brasil_aberto,True
GO,5218003,Porangatu,Setor Central,setor central,,,brasil_aberto,True
GO,5218052,Porteirão,Setor Central,setor central,,,brasil_aberto,True
GO,5218102,Portelândia,Setor Central,setor central,-17.3569965,-52.6782084,brasil_aberto,True
GO,5218300,Posse,Augusto José Valente,augusto jose valente,,,brasil_aberto,True
GO,5218300,Posse,Barbosilândia,barbosilandia,,,brasil_aberto,True
GO,5218300,Posse,Bela Vista,bela vista,-14.0712339,-46.3527829,brasil_aberto,True
GO,5218300,Posse,Centro,centro,,,brasil_aberto,True
GO,5218300,Posse,Nova Vista,nova vista,,,brasil_aberto,True
GO,5218300,Posse,Setor Central,setor central,,,brasil_aberto,True
GO,5218391,Professor Jamil,Setor Central,setor central,,,brasil_aberto,True
GO,5218508,Quirinópolis,Setor Central,setor central,,,brasil_aberto,True
GO,5218607,Rialma,Setor Central,setor central,-15.3190633,-49.58380640000001,brasil_aberto,True
GO,5218706,Rianápolis,Castrinópolis,castrinopolis,,,brasil_aberto,True
GO,5218706,Rianápolis,Setor Central,setor central,-15.4475599,-49.5093378,brasil_aberto,True
GO,5218789,Rio Quente,Esplanada,esplanada,,,brasil_aberto,True
GO,5218805,Rio Verde,Anhanguera,anhanguera,-17.7685854,-50.9218329,brasil_aberto,True
GO,5218805,Rio Verde,Cidade Empresarial Nova Aliança,cidade empresarial nova alianca,-17.8250788,-50.9621213,brasil_aberto,True
GO,5218805,Rio Verde,Cidade Empresarial Nova Aliança 2,cidade empresarial nova alianca 2,-17.8250788,-50.9621213,brasil_aberto,True
GO,5218805,Rio Verde,Condomínio Nova Aliança Premium,condominio nova alianca premium,-17.8297679,-50.9663851,brasil_aberto,True
GO,5218805,Rio Verde,Condomínio Residencial Saint Martin,condominio residencial saint martin,-17.775897,-50.9095204,brasil_aberto,True
GO,5218805,Rio Verde,Condomínio Vale das Araras,condominio vale das araras,-17.8238044,-50.9354911,brasil_aberto,True
GO,5218805,Rio Verde,Condomínio Yes Garden,condominio yes garden,-17.7807468,-50.9440208,brasil_aberto,True
GO,5218805,Rio Verde,Conjunto Maurício Arantes,conjunto mauricio arantes,-17.7585898,-50.9245738,brasil_aberto,True
GO,5218805,Rio Verde,Conjunto Morada do Sol,conjunto morada do sol,-17.7926385,-50.9520279,brasil_aberto,True
GO,5218805,Rio Verde,Conjunto Valdeci Pires,conjunto valdeci pires,-17.7542251,-50.92163710000001,brasil_aberto,True
GO,5218805,Rio Verde,Conjunto Vila Verde,conjunto vila verde,-17.7907544,-50.9485076,brasil_aberto,True
GO,5218805,Rio Verde,César Bastos,cesar bastos,-17.7909794,-50.8941901,brasil_aberto,True
GO,5218805,Rio Verde,Céu Azul,ceu azul,-17.7569778,-50.9097048,brasil_aberto,True
GO,5218805,Rio Verde,De Lourdes,de lourdes,-17.8036274,-50.9514408,brasil_aberto,True
GO,5218805,Rio Verde,Distrito Agroindustrial de Rio Verde I - DARV I,distrito agroindustrial de rio verde i - darv i,-17.7896277,-50.9204571,brasil_aberto,True
GO,5218805,Rio Verde,Distrito Agroindustrial de Rio Verde II - DARV II,distrito agroindustrial de rio verde ii - darv ii,-17.8168413,-50.92689499999999,brasil_aberto,True
GO,5218805,Rio Verde,Eldorado,eldorado,-17.7714521,-50.9201604,brasil_aberto,True
GO,5218805,Rio Verde,Eldorado Prolongamento,eldorado prolongamento,-17.769368,-50.9195746,brasil_aberto,True
GO,5218805,Rio Verde,Fazenda São Tomaz,fazenda sao tomaz,-17.7848628,-50.9434353,brasil_aberto,True
GO,5218805,Rio Verde,Jardim Adriana,jardim adriana,-17.8039778,-50.9328448,brasil_aberto,True
GO,5218805,Rio Verde,Jardim América,jardim america,-17.7854926,-50.9344187,brasil_aberto,True
GO,5218805,Rio Verde,Jardim América Prolongamento A,jardim america prolongamento a,-17.7845493,-50.9319362,brasil_aberto,True
GO,5218805,Rio Verde,Jardim Bela Vista,jardim bela vista,-17.8032787,-50.9292952,brasil_aberto,True
GO,5218805,Rio Verde,Jardim Brasília,jardim brasilia,-17.7962198,-50.9227899,brasil_aberto,True
GO,5218805,Rio Verde,Jardim Cruvinel,jardim cruvinel,-17.784859,-50.9301889,brasil_aberto,True
GO,5218805,Rio Verde,Jardim Diniz,jardim diniz,-17.7813016,-50.9093914,brasil_aberto,True
GO,5218805,Rio Verde,Jardim Eleonora,jardim eleonora,-17.8068812,-50.9416877,brasil_aberto,True
GO,5218805,Rio Verde,Jardim Europa,jardim europa,-17.8044966,-50.9702505,brasil_aberto,True
GO,5218805,Rio Verde,Jardim Floresta,jardim floresta,-17.8265407,-50.9562332,brasil_aberto,True
GO,5218805,Rio Verde,Jardim Goiás,jardim goias,-17.7919647,-50.9207329,brasil_aberto,True
GO,5218805,Rio Verde,Jardim Marconal,jardim marconal,-17.7945216,-50.9493335,brasil_aberto,True
GO,5218805,Rio Verde,Jardim Mondale,jardim mondale,-17.7794774,-50.9411611,brasil_aberto,True
GO,5218805,Rio Verde,Jardim Neves,jardim neves,-17.794289,-50.9375092,brasil_aberto,True
GO,5218805,Rio Verde,Jardim Presidente,jardim presidente,-17.8030969,-50.9458567,brasil_aberto,True
GO,5218805,Rio Verde,Jardim São Tomaz,jardim sao tomaz,-17.8191382,-50.9321525,brasil_aberto,True
GO,5218805,Rio Verde,Jardim São Tomaz II,jardim sao tomaz ii,-17.8221575,-50.9303938,brasil_aberto,True
GO,5218805,Rio Verde,Jardim das Margaridas,jardim das margaridas,-17.7896197,-50.9048917,brasil_aberto,True
GO,5218805,Rio Verde,Lagoa do Bauzinho,lagoa do bauzinho,-17.9651249,-50.4902763,brasil_aberto,True
GO,5218805,Rio Verde,Liberdade,liberdade,-17.7616138,-50.9180739,brasil_aberto,True
GO,5218805,Rio Verde,Lindolfina,lindolfina,-17.778272,-50.9324951,brasil_aberto,True
GO,5218805,Rio Verde,Loteamento Gameleira,loteamento gameleira,-17.8036564,-50.9158214,brasil_aberto,True
GO,5218805,Rio Verde,Loteamento Reserva do Parque,loteamento reserva do parque,-17.7822571,-50.9353417,brasil_aberto,True
GO,5218805,Rio Verde,Maria Rocha Village,maria rocha village,-17.8120683,-50.9279479,brasil_aberto,True
GO,5218805,Rio Verde,Maristela,maristela,-17.799862,-50.9243667,brasil_aberto,True
GO,5218805,Rio Verde,Martins,martins,-17.7896277,-50.9204571,brasil_aberto,True
GO,5218805,Rio Verde,Martins Prolongamento,martins prolongamento,-17.8010766,-50.9378789,brasil_aberto,True
GO,5218805,Rio Verde,Medeiros,medeiros,-17.7883492,-50.9341256,brasil_aberto,True
GO,5218805,Rio Verde,Nova Vila Maria,nova vila maria,-17.7888394,-50.912896,brasil_aberto,True
GO,5218805,Rio Verde,Odília,odilia,-17.7991576,-50.9403282,brasil_aberto,True
GO,5218805,Rio Verde,Ouroana,ouroana,-18.1346252,-50.6187519,brasil_aberto,True
GO,5218805,Rio Verde,Paraguaçu,paraguacu,,,brasil_aberto,True
GO,5218805,Rio Verde,Parque Bandeirante,parque bandeirante,-17.7923228,-50.9146634,brasil_aberto,True
GO,5218805,Rio Verde,Parque Bandeirante Prolongamento,parque bandeirante prolongamento,-17.7932422,-50.9200063,brasil_aberto,True
GO,5218805,Rio Verde,Parque Betel,parque betel,-17.7857453,-50.93739009999999,brasil_aberto,True
GO,5218805,Rio Verde,Parque Dom Miguel,parque dom miguel,-17.7545833,-50.917205,brasil_aberto,True
GO,5218805,Rio Verde,Parque Laranjeiras,parque laranjeiras,-17.8085207,-50.9516975,brasil_aberto,True
GO,5218805,Rio Verde,Parque Solar do Agreste A,parque solar do agreste a,-17.8010766,-50.9378789,brasil_aberto,True
GO,5218805,Rio Verde,Parque Solar do Agreste B,parque solar do agreste b,-17.8143014,-50.9386926,brasil_aberto,True
GO,5218805,Rio Verde,Parque das Acácias,parque das acacias,-17.7922899,-50.9373706,brasil_aberto,True
GO,5218805,Rio Verde,Parque das Laranjeiras Prolongamento,parque das laranjeiras prolongamento,-17.8084254,-50.9543632,brasil_aberto,True
GO,5218805,Rio Verde,Parque das Paineiras,parque das paineiras,-17.8218383,-50.9321798,brasil_aberto,True
GO,5218805,Rio Verde,Parque dos Buritis,parque dos buritis,-17.8126529,-50.9315318,brasil_aberto,True
GO,5218805,Rio Verde,Parque dos Girassóis,parque dos girassois,-17.7529959,-50.90133,brasil_aberto,True
GO,5218805,Rio Verde,Parque dos Jatobás,parque dos jatobas,-17.7864613,-50.9523377,brasil_aberto,True
GO,5218805,Rio Verde,Perímetro Urbano,perimetro urbano,-17.8069016,-50.9241042,brasil_aberto,True
GO,5218805,Rio Verde,Popular,popular,-17.7776023,-50.915903,brasil_aberto,True
GO,5218805,Rio Verde,Presidente Nasser,presidente nasser,-17.8054786,-50.9339114,brasil_aberto,True
GO,5218805,Rio Verde,Primavera,primavera,-17.7673217,-50.9217624,brasil_aberto,True
GO,5218805,Rio Verde,Residencial Araguaia,residencial araguaia,-17.7900629,-50.9461513,brasil_aberto,True
GO,5218805,Rio Verde,Residencial Arco Iris,residencial arco iris,-17.7628098,-50.9055051,brasil_aberto,True
GO,5218805,Rio Verde,Residencial Atalaia,residencial atalaia,-17.8402321,-50.9629409,brasil_aberto,True
GO,5218805,Rio Verde,Residencial Bela Vista,residencial bela vista,-17.7776111,-50.9402109,brasil_aberto,True
GO,5218805,Rio Verde,Residencial Campos Elíseos,residencial campos eliseos,-17.8009468,-50.9748679,brasil_aberto,True
GO,5218805,Rio Verde,Residencial Canaã,residencial canaa,-17.7879835,-50.9367789,brasil_aberto,True
GO,5218805,Rio Verde,Residencial Dona IIza,residencial dona iiza,-17.78576,-50.9427991,brasil_aberto,True
GO,5218805,Rio Verde,Residencial Engracia Vaz,residencial engracia vaz,-17.7973784,-50.9349215,brasil_aberto,True
GO,5218805,Rio Verde,Residencial Gameleira,residencial gameleira,-17.8096017,-50.914865,brasil_aberto,True
GO,5218805,Rio Verde,Residencial Green Park,residencial green park,-17.7896277,-50.9204571,brasil_aberto,True
GO,5218805,Rio Verde,Residencial Interlagos,residencial interlagos,-17.7840367,-50.9470776,brasil_aberto,True
GO,5218805,Rio Verde,Residencial Jardim Bougainville,residencial jardim bougainville,-17.8132632,-50.9435467,brasil_aberto,True
GO,5218805,Rio Verde,Residencial Jardim Campestre,residencial jardim campestre,-17.8161021,-50.9429143,brasil_aberto,True
GO,5218805,Rio Verde,Residencial Jardim Helena,residencial jardim helena,-17.8318321,-50.9305546,brasil_aberto,True
GO,5218805,Rio Verde,Residencial Lázaro Pimenta,residencial lazaro pimenta,-17.7503385,-50.8985686,brasil_aberto,True
GO,5218805,Rio Verde,Residencial Maranata,residencial maranata,-17.7655444,-50.9019266,brasil_aberto,True
GO,5218805,Rio Verde,Residencial Nilson Veloso,residencial nilson veloso,-17.7525014,-50.9081203,brasil_aberto,True
GO,5218805,Rio Verde,Residencial Parque dos Ipês,residencial parque dos ipes,-17.7970733,-50.951442,brasil_aberto,True
GO,5218805,Rio Verde,Residencial Portal dos Ipês,residencial portal dos ipes,-17.7604965,-50.9196075,brasil_aberto,True
GO,5218805,Rio Verde,Residencial Porto Seguro,residencial porto seguro,-17.7775677,-50.8963852,brasil_aberto,True
GO,5218805,Rio Verde,Residencial Recanto do Bosque,residencial recanto do bosque,-17.8164362,-50.9366879,brasil_aberto,True
GO,5218805,Rio Verde,Residencial Solar dos Ataídes 1ª Etapa,residencial solar dos ataides 1ª etapa,-17.7732747,-50.9476478,brasil_aberto,True
GO,5218805,Rio Verde,Residencial Solar dos Ataídes 2ª Etapa,residencial solar dos ataides 2ª etapa,-17.7711418,-50.9457682,brasil_aberto,True
GO,5218805,Rio Verde,Residencial Tocantins,residencial tocantins,-17.7985331,-50.9625862,brasil_aberto,True
GO,5218805,Rio Verde,Residencial Veneza,residencial veneza,-17.7667327,-50.9088386,brasil_aberto,True
GO,5218805,Rio Verde,Residencial Villagio Terra Cota,residencial villagio terra cota,-17.7927647,-50.9195819,brasil_aberto,True
GO,5218805,Rio Verde,Residencial dos Buritis,residencial dos buritis,-17.7792505,-50.9006076,brasil_aberto,True
GO,5218805,Rio Verde,Residencial Água Santa,residencial agua santa,-17.7954608,-50.9616339,brasil_aberto,True
GO,5218805,Rio Verde,Riverlândia,riverlandia,-18.0727529,-50.5044101,brasil_aberto,True
GO,5218805,Rio Verde,Santo Agostinho,santo agostinho,-17.7819666,-50.9055049,brasil_aberto,True
GO,5218805,Rio Verde,Santo Antônio de Lisboa,santo antonio de lisboa,-17.7858312,-50.9015768,brasil_aberto,True
GO,5218805,Rio Verde,Serra Dourada,serra dourada,-17.7968123,-50.9139911,brasil_aberto,True
GO,5218805,Rio Verde,Setor Alvorada,setor alvorada,-17.7975761,-50.9245164,brasil_aberto,True
GO,5218805,Rio Verde,Setor Alvorada Prolongamento,setor alvorada prolongamento,-17.7929618,-50.9143268,brasil_aberto,True
GO,5218805,Rio Verde,Setor Central,setor central,-17.7945684,-50.9261911,brasil_aberto,True
GO,5218805,Rio Verde,Setor Dona Gercina,setor dona gercina,-17.7752673,-50.9022502,brasil_aberto,True
GO,5218805,Rio Verde,Setor Empresarial,setor empresarial,-17.7865815,-50.9155452,brasil_aberto,True
GO,5218805,Rio Verde,Setor Industrial,setor industrial,-17.7854905,-50.8959652,brasil_aberto,True
GO,5218805,Rio Verde,Setor Industrial II,setor industrial ii,-17.7911993,-50.92381719999999,brasil_aberto,True
GO,5218805,Rio Verde,Setor Morada do Sol,setor morada do sol,-17.7926557,-50.9432514,brasil_aberto,True
GO,5218805,Rio Verde,Setor Municipal de Pequenas Empresas,setor municipal de pequenas empresas,,,brasil_aberto,True
GO,5218805,Rio Verde,Setor Oeste,setor oeste,-17.7961639,-50.9379893,brasil_aberto,True
GO,5218805,Rio Verde,Setor Pauzanes,setor pauzanes,-17.7731667,-50.929332,brasil_aberto,True
GO,5218805,Rio Verde,Setor Santa Luzia,setor santa luzia,-17.7840948,-50.9435905,brasil_aberto,True
GO,5218805,Rio Verde,Setor Universitário,setor universitario,-17.7916266,-50.9530919,brasil_aberto,True
GO,5218805,Rio Verde,Setor dos Funcionários,setor dos funcionarios,-17.830191,-50.9344202,brasil_aberto,True
GO,5218805,Rio Verde,Solar Campestre,solar campestre,-17.8090491,-50.939854,brasil_aberto,True
GO,5218805,Rio Verde,Solar Monte Sião,solar monte siao,-17.760045,-50.9262546,brasil_aberto,True
GO,5218805,Rio Verde,São Felipe,sao felipe,-17.7820738,-50.9146747,brasil_aberto,True
GO,5218805,Rio Verde,São Joaquim,sao joaquim,-17.8112208,-50.9315222,brasil_aberto,True
GO,5218805,Rio Verde,São João,sao joao,-17.7754491,-50.9115337,brasil_aberto,True
GO,5218805,Rio Verde,Vila Amália,vila amalia,-17.8020059,-50.9186331,brasil_aberto,True
GO,5218805,Rio Verde,Vila André Luiz,vila andre luiz,-17.7758654,-50.9271368,brasil_aberto,True
GO,5218805,Rio Verde,Vila Baylão,vila baylao,-17.8031637,-50.9266456,brasil_aberto,True
GO,5218805,Rio Verde,Vila Baylão Prolongamento,vila baylao prolongamento,-17.8036721,-50.9215839,brasil_aberto,True
GO,5218805,Rio Verde,Vila Borges,vila borges,-17.7788159,-50.928142,brasil_aberto,True
GO,5218805,Rio Verde,Vila Borges Prolongamento,vila borges prolongamento,-17.7783456,-50.9284305,brasil_aberto,True
GO,5218805,Rio Verde,Vila Borges Prolongamento A,vila borges prolongamento a,-17.7768395,-50.9268689,brasil_aberto,True
GO,5218805,Rio Verde,Vila Carolina,vila carolina,-17.8011657,-50.9276648,brasil_aberto,True
GO,5218805,Rio Verde,Vila Dinara,vila dinara,-17.7747024,-50.9127493,brasil_aberto,True
GO,5218805,Rio Verde,Vila Dona Auta,vila dona auta,-17.7850599,-50.9408535,brasil_aberto,True
GO,5218805,Rio Verde,Vila Gomes,vila gomes,-17.7849074,-50.9219462,brasil_aberto,True
GO,5218805,Rio Verde,Vila Maria,vila maria,-17.7862912,-50.9123201,brasil_aberto,True
GO,5218805,Rio Verde,Vila Mariana,vila mariana,-17.8149245,-50.9246827,brasil_aberto,True
GO,5218805,Rio Verde,Vila Mariana Prolongamento,vila mariana prolongamento,-17.8129882,-50.9242497,brasil_aberto,True
GO,5218805,Rio Verde,Vila Mariana Prolongamento II,vila mariana prolongamento ii,-17.8142848,-50.9230041,brasil_aberto,True
GO,5218805,Rio Verde,Vila Meneses,vila meneses,-17.7885699,-50.9404224,brasil_aberto,True
GO,5218805,Rio Verde,Vila Miafiori,vila miafiori,-17.7911993,-50.9238172,brasil_aberto,True
GO,5218805,Rio Verde,Vila Modelo,vila modelo,-17.7921708,-50.9146983,brasil_aberto,True
GO,5218805,Rio Verde,Vila Morais,vila morais,-17.8003445,-50.9371931,brasil_aberto,True
GO,5218805,Rio Verde,Vila Moreira Ataídes,vila moreira ataides,-17.7854807,-50.9257968,brasil_aberto,True
GO,5218805,Rio Verde,Vila Mutirão,vila mutirao,-17.7968123,-50.9139911,brasil_aberto,True
GO,5218805,Rio Verde,Vila Olinda,vila olinda,-17.7885305,-50.9328918,brasil_aberto,True
GO,5218805,Rio Verde,Vila Promissão,vila promissao,-17.8247026,-50.9244509,brasil_aberto,True
GO,5218805,Rio Verde,Vila Renovação,vila renovacao,-17.7994673,-50.9151759,brasil_aberto,True
GO,5218805,Rio Verde,Vila Rocha,vila rocha,-17.7540052,-50.9188156,brasil_aberto,True
GO,5218805,Rio Verde,Vila Rosalina,vila rosalina,-17.7804372,-50.9287835,brasil_aberto,True
GO,5218805,Rio Verde,Vila Santa Bárbara,vila santa barbara,-17.7891536,-50.9362034,brasil_aberto,True
GO,5218805,Rio Verde,Vila Santa Cruz,vila santa cruz,-17.8295312,-50.9278752,brasil_aberto,True
GO,5218805,Rio Verde,Vila Santa Cruz II,vila santa cruz ii,-17.8295312,-50.9278752,brasil_aberto,True
GO,5218805,Rio Verde,Vila Santo André,vila santo andre,-17.7906798,-50.9317835,brasil_aberto,True
GO,5218805,Rio Verde,Vila Santo Antônio,vila santo antonio,-17.8021175,-50.925136,brasil_aberto,True
GO,5218805,Rio Verde,Vila Serpro,vila serpro,-17.779425,-50.9438399,brasil_aberto,True
GO,5218805,Rio Verde,Vitória Regia,vitoria regia,-17.7813016,-50.9093914,brasil_aberto,True
GO,5218805,Rio Verde,Zona Industrial e de Serviço III,zona industrial e de servico iii,-17.8142515,-51.0811831,brasil_aberto,True
GO,5218805,Rio Verde,Zona Industrial e de Serviços IV,zona industrial e de servicos iv,-17.928539,-50.9928204,brasil_aberto,True
GO,5218805,Rio Verde,Área Rural de Rio Verde,area rural de rio verde,-17.7896277,-50.9204571,brasil_aberto,True
GO,5218904,Rubiataba,Setor Central,setor central,,,brasil_aberto,True
GO,5218904,Rubiataba,Valdelândia,valdelandia,,,brasil_aberto,True
GO,5219001,Sanclerlândia,Aparecida,aparecida,,,brasil_aberto,True
GO,5219001,Sanclerlândia,Setor Central,setor central,,,brasil_aberto,True
GO,5219100,Santa Bárbara de Goiás,Setor Central,setor central,-16.574966,-49.6953357,brasil_aberto,True
GO,5219209,Santa Cruz de Goiás,Santo Antônio da Esperança,santo antonio da esperanca,,,brasil_aberto,True
GO,5219209,Santa Cruz de Goiás,Setor Central,setor central,,,brasil_aberto,True
GO,5219258,Santa Fé de Goiás,Setor Central,setor central,-15.768344,-51.1046758,brasil_aberto,True
GO,5219308,Santa Helena de Goiás,Setor Central,setor central,,,brasil_aberto,True
GO,5219357,Santa Isabel,Cirilândia,cirilandia,,,brasil_aberto,True
GO,5219357,Santa Isabel,Setor Central,setor central,,,brasil_aberto,True
GO,5219407,Santa Rita do Araguaia,Setor Central,setor central,-17.3289602,-53.2038966,brasil_aberto,True
GO,5219456,Santa Rita do Novo Destino,Setor Central,setor central,-15.1352203,-49.1180534,brasil_aberto,True
GO,5219506,Santa Rosa de Goiás,Setor Central,setor central,-16.0861184,-49.4933218,brasil_aberto,True
GO,5219605,Santa Tereza de Goiás,Setor Central,setor central,-13.7149858,-49.016609,brasil_aberto,True
GO,5219704,Santa Terezinha de Goiás,Setor Central,setor central,-14.4365366,-49.7077924,brasil_aberto,True
GO,5219712,Santo Antônio da Barra,Santa Cruz das Lajes,santa cruz das lajes,-17.5911386,-50.70639019999999,brasil_aberto,True
GO,5219712,Santo Antônio da Barra,Setor Central,setor central,-17.5602105,-50.636492,brasil_aberto,True
GO,5219738,Santo Antônio de Goiás,Setor Central,setor central,-16.4865336,-49.3111853,brasil_aberto,True
GO,5219753,Santo Antônio do Descoberto,Aldeia da Paz,aldeia da paz,-15.9472021,-48.2702618,brasil_aberto,True
GO,5219753,Santo Antônio do Descoberto,Beira Rio,beira rio,-15.9514827,-48.2796016,brasil_aberto,True
GO,5219753,Santo Antônio do Descoberto,Beira Rio II,beira rio ii,-15.9514827,-48.2796016,brasil_aberto,True
GO,5219753,Santo Antônio do Descoberto,Centro,centro,-15.9469986,-48.26174959999999,brasil_aberto,True
GO,5219753,Santo Antônio do Descoberto,Cidade Eclética,cidade ecletica,-15.8652414,-48.3302144,brasil_aberto,True
GO,5219753,Santo Antônio do Descoberto,Conjunto Habitacional Conceição Gomes Rabelo,conjunto habitacional conceicao gomes rabelo,-15.9427082,-48.27606340000001,brasil_aberto,True
GO,5219753,Santo Antônio do Descoberto,Fazenda Capoeirinha,fazenda capoeirinha,-15.9807805,-48.2806644,brasil_aberto,True
GO,5219753,Santo Antônio do Descoberto,Jardim Ana Beatriz I,jardim ana beatriz i,-15.9514827,-48.2796016,brasil_aberto,True
GO,5219753,Santo Antônio do Descoberto,Jardim Ana Beatriz II,jardim ana beatriz ii,-15.9514827,-48.2796016,brasil_aberto,True
GO,5219753,Santo Antônio do Descoberto,Jardim de Alá,jardim de ala,-15.9581268,-48.2665155,brasil_aberto,True
GO,5219753,Santo Antônio do Descoberto,Mansões Bittencourt,mansoes bittencourt,-15.9537506,-48.2854006,brasil_aberto,True
GO,5219753,Santo Antônio do Descoberto,Meu Lote Minha Casa,meu lote minha casa,-15.9324359,-48.2928213,brasil_aberto,True
GO,5219753,Santo Antônio do Descoberto,Parque Estrela Dalva XI,parque estrela dalva xi,-15.9465737,-48.260468,brasil_aberto,True
GO,5219753,Santo Antônio do Descoberto,Parque Estrela Dalva XI-A,parque estrela dalva xi-a,-15.9472745,-48.2779307,brasil_aberto,True
GO,5219753,Santo Antônio do Descoberto,Parque Estrela Dalva XII,parque estrela dalva xii,-15.9531519,-48.2928715,brasil_aberto,True
GO,5219753,Santo Antônio do Descoberto,Parque Estrela Dalva XIII,parque estrela dalva xiii,-15.9651187,-48.2791867,brasil_aberto,True
GO,5219753,Santo Antônio do Descoberto,Parque Estrela Dalva XIV,parque estrela dalva xiv,-15.9514827,-48.2796016,brasil_aberto,True
GO,5219753,Santo Antônio do Descoberto,Parque Estrela Dalva XV,parque estrela dalva xv,-15.9339691,-48.30657069999999,brasil_aberto,True
GO,5219753,Santo Antônio do Descoberto,Parque Estrela Dalva XVI,parque estrela dalva xvi,-15.9514827,-48.2796016,brasil_aberto,True
GO,5219753,Santo Antônio do Descoberto,Parque Estrela Dalva XVII,parque estrela dalva xvii,-15.9389718,-48.3127988,brasil_aberto,True
GO,5219753,Santo Antônio do Descoberto,Parque Santo Antônio,parque santo antonio,-15.9491062,-48.2566648,brasil_aberto,True
GO,5219753,Santo Antônio do Descoberto,Parque das Rosas,parque das rosas,-15.9338265,-48.2930562,brasil_aberto,True
GO,5219753,Santo Antônio do Descoberto,Residencial Mangueiras,residencial mangueiras,-15.9471135,-48.2663431,brasil_aberto,True
GO,5219753,Santo Antônio do Descoberto,Setor de Indústria,setor de industria,-15.9477103,-48.25526680000001,brasil_aberto,True
GO,5219753,Santo Antônio do Descoberto,Vila Betel,vila betel,-15.9477103,-48.25526680000001,brasil_aberto,True
GO,5219753,Santo Antônio do Descoberto,Vila Cortes,vila cortes,-15.9514827,-48.2796016,brasil_aberto,True
GO,5219753,Santo Antônio do Descoberto,Vila Esperança,vila esperanca,-15.9447472,-48.2947394,brasil_aberto,True
GO,5219753,Santo Antônio do Descoberto,Vila Maria Auxiliadora,vila maria auxiliadora,-15.9484595,-48.2729514,brasil_aberto,True
GO,5219753,Santo Antônio do Descoberto,Vila Montes Claros,vila montes claros,-15.9592251,-48.2661056,brasil_aberto,True
GO,5219753,Santo Antônio do Descoberto,Vila Montes Claros II,vila montes claros ii,-15.9592251,-48.2661056,brasil_aberto,True
GO,5219753,Santo Antônio do Descoberto,Vila Paraíso I,vila paraiso i,-15.9443533,-48.2555273,brasil_aberto,True
GO,5219753,Santo Antônio do Descoberto,Vila Paraíso II,vila paraiso ii,-15.9477103,-48.25526680000001,brasil_aberto,True
GO,5219753,Santo Antônio do Descoberto,Vila Paraíso III,vila paraiso iii,-15.9480306,-48.2557136,brasil_aberto,True
GO,5219753,Santo Antônio do Descoberto,Vila Parque,vila parque,-15.9477103,-48.25526680000001,brasil_aberto,True
GO,5219753,Santo Antônio do Descoberto,Vila Raio de Luz,vila raio de luz,-15.9566449,-48.2914791,brasil_aberto,True
GO,5219753,Santo Antônio do Descoberto,Vila São Luiz,vila sao luiz,-15.9514827,-48.2796016,brasil_aberto,True
GO,5219753,Santo Antônio do Descoberto,Vila São Luiz II,vila sao luiz ii,-15.9514827,-48.2796016,brasil_aberto,True
GO,5219753,Santo Antônio do Descoberto,Vila União,vila uniao,-15.9514827,-48.2796016,brasil_aberto,True
GO,5219753,Santo Antônio do Descoberto,Área Rural de Santo Antônio do Descoberto,area rural de santo antonio do descoberto,-15.9514827,-48.2796016,brasil_aberto,True
GO,5220454,Senador Canedo,Alvorada,alvorada,-16.7228682,-49.1003894,brasil_aberto,True
GO,5220454,Senador Canedo,Bosque Sereno Residencial,bosque sereno residencial,-16.6933564,-49.0695116,brasil_aberto,True
GO,5220454,Senador Canedo,Bosque das Flores Residencial,bosque das flores residencial,-16.6963017,-49.0687957,brasil_aberto,True
GO,5220454,Senador Canedo,Chácara Santa Luzia,chacara santa luzia,-16.7001459,-49.0999618,brasil_aberto,True
GO,5220454,Senador Canedo,Chácaras Bonsucesso,chacaras bonsucesso,-16.6817797,-49.1079801,brasil_aberto,True
GO,5220454,Senador Canedo,Chácaras Retiro,chacaras retiro,-16.6704113,-49.1598669,brasil_aberto,True
GO,5220454,Senador Canedo,Chácaras São Geraldo,chacaras sao geraldo,-16.7156547,-49.0927566,brasil_aberto,True
GO,5220454,Senador Canedo,Chácaras Vargem Bonita,chacaras vargem bonita,-16.7512624,-49.1493435,brasil_aberto,True
GO,5220454,Senador Canedo,Chácaras Vargem Bonita II,chacaras vargem bonita ii,-16.756746,-49.0941718,brasil_aberto,True
GO,5220454,Senador Canedo,Clube Social dos Cabos e Soldados,clube social dos cabos e soldados,-16.7001459,-49.0999618,brasil_aberto,True
GO,5220454,Senador Canedo,Condomínio Alta Vista I,condominio alta vista i,-16.7697505,-49.1002679,brasil_aberto,True
GO,5220454,Senador Canedo,Condomínio Alta Vista II,condominio alta vista ii,-16.762162,-49.109642,brasil_aberto,True
GO,5220454,Senador Canedo,Condomínio Alto da Boa Vista,condominio alto da boa vista,-16.7650667,-49.0956602,brasil_aberto,True
GO,5220454,Senador Canedo,Condomínio Ecológico Mansões Morumbi,condominio ecologico mansoes morumbi,-16.8009006,-49.12911800000001,brasil_aberto,True
GO,5220454,Senador Canedo,Condomínio Portugal,condominio portugal,-16.7005172,-49.1834711,brasil_aberto,True
GO,5220454,Senador Canedo,Condomínio Tovolândia,condominio tovolandia,-16.6561975,-49.1581725,brasil_aberto,True
GO,5220454,Senador Canedo,Conjunto Habitacional Dona Lindu,conjunto habitacional dona lindu,-16.7294923,-49.08498909999999,brasil_aberto,True
GO,5220454,Senador Canedo,Conjunto Habitacional Jardim Sabiá,conjunto habitacional jardim sabia,-16.7028769,-49.1010298,brasil_aberto,True
GO,5220454,Senador Canedo,Conjunto Habitacional Nova Morada,conjunto habitacional nova morada,-16.6833574,-49.1825442,brasil_aberto,True
GO,5220454,Senador Canedo,Conjunto Habitacional Nova Morada II,conjunto habitacional nova morada ii,-16.6833574,-49.1825442,brasil_aberto,True
GO,5220454,Senador Canedo,Conjunto Margarida Procópio,conjunto margarida procopio,-16.6859899,-49.1752478,brasil_aberto,True
GO,5220454,Senador Canedo,Conjunto Morada do Morro,conjunto morada do morro,-16.6927414,-49.1162487,brasil_aberto,True
GO,5220454,Senador Canedo,Conjunto Uirapuru,conjunto uirapuru,-16.6940068,-49.10419,brasil_aberto,True
GO,5220454,Senador Canedo,Das Indústrias,das industrias,-16.6896532,-49.1064273,brasil_aberto,True
GO,5220454,Senador Canedo,Distrito Agroindustrial de Senador Canedo,distrito agroindustrial de senador canedo,-16.7271189,-49.1361895,brasil_aberto,True
GO,5220454,Senador Canedo,Distrito Industrial Brasil Central,distrito industrial brasil central,-16.6898216,-49.1129998,brasil_aberto,True
GO,5220454,Senador Canedo,Estância Vargem Bonita,estancia vargem bonita,-16.7292955,-49.1126199,brasil_aberto,True
GO,5220454,Senador Canedo,Industrial Estrela do Sul,industrial estrela do sul,-16.6483649,-49.1475974,brasil_aberto,True
GO,5220454,Senador Canedo,Jardim Bougainville,jardim bougainville,-16.7147101,-49.10072779999999,brasil_aberto,True
GO,5220454,Senador Canedo,Jardim Flamboyant,jardim flamboyant,-16.6889193,-49.1045081,brasil_aberto,True
GO,5220454,Senador Canedo,Jardim Flamboyant - 2ª Etapa,jardim flamboyant - 2ª etapa,-16.6889193,-49.1045081,brasil_aberto,True
GO,5220454,Senador Canedo,Jardim Ingá,jardim inga,-16.6688651,-49.1449793,brasil_aberto,True
GO,5220454,Senador Canedo,Jardim Liberdade,jardim liberdade,-16.6538693,-49.1618733,brasil_aberto,True
GO,5220454,Senador Canedo,Jardim Nova Goiânia,jardim nova goiania,-16.6826245,-49.1161582,brasil_aberto,True
GO,5220454,Senador Canedo,Jardim Primavera,jardim primavera,-16.7239655,-49.0839295,brasil_aberto,True
GO,5220454,Senador Canedo,Jardim Sevilha,jardim sevilha,-16.7278709,-49.0803807,brasil_aberto,True
GO,5220454,Senador Canedo,Jardim Todos os Santos,jardim todos os santos,-16.7039456,-49.0958048,brasil_aberto,True
GO,5220454,Senador Canedo,Jardim Todos os Santos II,jardim todos os santos ii,-16.7039456,-49.0958048,brasil_aberto,True
GO,5220454,Senador Canedo,Jardim Todos os Santos III,jardim todos os santos iii,-16.6952252,-49.0969025,brasil_aberto,True
GO,5220454,Senador Canedo,Jardim das Oliveiras,jardim das oliveiras,-16.6519442,-49.156653,brasil_aberto,True
GO,5220454,Senador Canedo,Jardim das Oliveiras II,jardim das oliveiras ii,-16.6549436,-49.1527893,brasil_aberto,True
GO,5220454,Senador Canedo,Jardim do Lago,jardim do lago,-16.6704919,-49.1020241,brasil_aberto,True
GO,5220454,Senador Canedo,Jardins Barcelona,jardins barcelona,-16.6830743,-49.1686084,brasil_aberto,True
GO,5220454,Senador Canedo,Jardins Bolonha,jardins bolonha,-16.6964579,-49.1472446,brasil_aberto,True
GO,5220454,Senador Canedo,Jardins Capri,jardins capri,-16.7054813,-49.0925683,brasil_aberto,True
GO,5220454,Senador Canedo,Jardins Nápoles,jardins napoles,-16.6877713,-49.1532577,brasil_aberto,True
GO,5220454,Senador Canedo,Jardins Parma,jardins parma,-16.7130696,-49.1442785,brasil_aberto,True
GO,5220454,Senador Canedo,Jardins Porto,jardins porto,-16.6838965,-49.1678113,brasil_aberto,True
GO,5220454,Senador Canedo,Parque Alvorada,parque alvorada,-16.6605407,-49.1638637,brasil_aberto,True
GO,5220454,Senador Canedo,Parque Alvorada 2A,parque alvorada 2a,-16.6623471,-49.1630739,brasil_aberto,True
GO,5220454,Senador Canedo,Parque Alvorada II,parque alvorada ii,-16.6548741,-49.1657268,brasil_aberto,True
GO,5220454,Senador Canedo,Parque Industrial de Senador Canedo,parque industrial de senador canedo,-16.7243331,-49.0896111,brasil_aberto,True
GO,5220454,Senador Canedo,Parque Residencial Morumbi,parque residencial morumbi,-16.801707,-49.1412246,brasil_aberto,True
GO,5220454,Senador Canedo,Polo Empresarial Maria Pires Perillo,polo empresarial maria pires perillo,-16.7228682,-49.1003894,brasil_aberto,True
GO,5220454,Senador Canedo,Polo Empresarial Nova Canaã,polo empresarial nova canaa,-16.7975466,-49.2613339,brasil_aberto,True
GO,5220454,Senador Canedo,Polo Empresarial Nova Canaã II,polo empresarial nova canaa ii,-16.6755805,-49.1501992,brasil_aberto,True
GO,5220454,Senador Canedo,Pólo Educacional e Cultural de Senador Canedo,polo educacional e cultural de senador canedo,-16.6590486,-49.1653238,brasil_aberto,True
GO,5220454,Senador Canedo,Pólo Empresarial Monte Horebe,polo empresarial monte horebe,-16.6916209,-49.1871904,brasil_aberto,True
GO,5220454,Senador Canedo,Recanto dos Sonhos,recanto dos sonhos,-16.7059407,-49.10318669999999,brasil_aberto,True
GO,5220454,Senador Canedo,Residencial Anuar Auad,residencial anuar auad,-16.6910444,-49.09489300000001,brasil_aberto,True
GO,5220454,Senador Canedo,Residencial Aracy Amaral,residencial aracy amaral,-16.7362738,-49.0717271,brasil_aberto,True
GO,5220454,Senador Canedo,Residencial Aurora das Mansões,residencial aurora das mansoes,-16.785533,-49.123279,brasil_aberto,True
GO,5220454,Senador Canedo,Residencial Boa Esperança,residencial boa esperanca,-16.6736723,-49.1085177,brasil_aberto,True
GO,5220454,Senador Canedo,Residencial Boa Vista,residencial boa vista,-16.67722,-49.11893,brasil_aberto,True
GO,5220454,Senador Canedo,Residencial Boa Vista II,residencial boa vista ii,-16.6726648,-49.1117594,brasil_aberto,True
GO,5220454,Senador Canedo,Residencial Buriti,residencial buriti,-16.688649,-49.085471,brasil_aberto,True
GO,5220454,Senador Canedo,Residencial Campo Belo,residencial campo belo,-16.7001459,-49.0999618,brasil_aberto,True
GO,5220454,Senador Canedo,Residencial Condomínio Jardim Veneza,residencial condominio jardim veneza,-16.6857945,-49.146704,brasil_aberto,True
GO,5220454,Senador Canedo,Residencial Ecológico Araguaia,residencial ecologico araguaia,-16.7226663,-49.0988314,brasil_aberto,True
GO,5220454,Senador Canedo,Residencial Flor do Ipê I,residencial flor do ipe i,-16.6528256,-49.1296433,brasil_aberto,True
GO,5220454,Senador Canedo,Residencial Flor do Ipê II,residencial flor do ipe ii,-16.6528256,-49.1296433,brasil_aberto,True
GO,5220454,Senador Canedo,Residencial Flores do Campo,residencial flores do campo,-16.739102,-49.0839227,brasil_aberto,True
GO,5220454,Senador Canedo,Residencial Gênova,residencial genova,-16.7071872,-49.0898251,brasil_aberto,True
GO,5220454,Senador Canedo,Residencial Hebrom,residencial hebrom,-16.6628349,-49.1404627,brasil_aberto,True
GO,5220454,Senador Canedo,Residencial Jardim Canedo,residencial jardim canedo,-16.702978,-49.1208775,brasil_aberto,True
GO,5220454,Senador Canedo,Residencial Jardim Canedo II,residencial jardim canedo ii,-16.6949807,-49.1180722,brasil_aberto,True
GO,5220454,Senador Canedo,Residencial Jardim Canedo III,residencial jardim canedo iii,-16.7036127,-49.123837,brasil_aberto,True
GO,5220454,Senador Canedo,Residencial Laranjeiras,residencial laranjeiras,-16.7384078,-49.0858042,brasil_aberto,True
GO,5220454,Senador Canedo,Residencial Marília,residencial marilia,-16.6926557,-49.1803051,brasil_aberto,True
GO,5220454,Senador Canedo,Residencial Morada do Bosque,residencial morada do bosque,-16.6975187,-49.1203664,brasil_aberto,True
GO,5220454,Senador Canedo,Residencial Morada do Sol,residencial morada do sol,-16.6524086,-49.1436379,brasil_aberto,True
GO,5220454,Senador Canedo,Residencial Paraíso,residencial paraiso,-16.7187774,-49.096928,brasil_aberto,True
GO,5220454,Senador Canedo,Residencial Paraíso II,residencial paraiso ii,-16.682404,-49.0912646,brasil_aberto,True
GO,5220454,Senador Canedo,Residencial Parque das Flores,residencial parque das flores,-16.7239655,-49.0839295,brasil_aberto,True
GO,5220454,Senador Canedo,Residencial Parque dos Buritis,residencial parque dos buritis,-16.6788259,-49.1366922,brasil_aberto,True
GO,5220454,Senador Canedo,Residencial Pedro Miranda,residencial pedro miranda,-16.7318081,-49.08597,brasil_aberto,True
GO,5220454,Senador Canedo,Residencial Porto Seguro,residencial porto seguro,-16.671557,-49.1223588,brasil_aberto,True
GO,5220454,Senador Canedo,Residencial Prado,residencial prado,-16.7243331,-49.0896111,brasil_aberto,True
GO,5220454,Senador Canedo,Residencial Ravena,residencial ravena,-16.6593823,-49.1622176,brasil_aberto,True
GO,5220454,Senador Canedo,Residencial Recanto das Oliveiras,residencial recanto das oliveiras,-16.7621979,-49.2231791,brasil_aberto,True
GO,5220454,Senador Canedo,Residencial Recanto das Veredas,residencial recanto das veredas,-16.690775,-49.0837534,brasil_aberto,True
GO,5220454,Senador Canedo,Residencial Rio Araguaia,residencial rio araguaia,-16.6588248,-49.1616485,brasil_aberto,True
GO,5220454,Senador Canedo,Residencial Riviera do Retiro,residencial riviera do retiro,-16.6514559,-49.1516564,brasil_aberto,True
GO,5220454,Senador Canedo,Residencial Santa Edwiges,residencial santa edwiges,-16.6975187,-49.1203664,brasil_aberto,True
GO,5220454,Senador Canedo,Residencial Solar das Oliveiras,residencial solar das oliveiras,-16.6433327,-49.1399571,brasil_aberto,True
GO,5220454,Senador Canedo,Residencial Sonho Verde,residencial sonho verde,-16.6937881,-49.0670694,brasil_aberto,True
GO,5220454,Senador Canedo,Residencial Vale Verde,residencial vale verde,-16.7001459,-49.0999618,brasil_aberto,True
GO,5220454,Senador Canedo,Residencial Villa Verde,residencial villa verde,-16.7954058,-49.13596039999999,brasil_aberto,True
GO,5220454,Senador Canedo,Retiro do Pescador,retiro do pescador,-16.7082058,-49.1812979,brasil_aberto,True
GO,5220454,Senador Canedo,Setor Castro's,setor castro's,-16.6608301,-49.1685773,brasil_aberto,True
GO,5220454,Senador Canedo,Setor Central,setor central,-16.7126841,-49.0918417,brasil_aberto,True
GO,5220454,Senador Canedo,Setor Central 2,setor central 2,-16.7066651,-49.0959821,brasil_aberto,True
GO,5220454,Senador Canedo,Setor Central 3,setor central 3,-16.70264,-49.0995954,brasil_aberto,True
GO,5220454,Senador Canedo,Setor Comercial,setor comercial,-16.7023818,-49.1073138,brasil_aberto,True
GO,5220454,Senador Canedo,Setor Estrela do Sul,setor estrela do sul,-16.6508452,-49.1492004,brasil_aberto,True
GO,5220454,Senador Canedo,Setor Genoveva Rezende Machado,setor genoveva rezende machado,-16.6817797,-49.1079801,brasil_aberto,True
GO,5220454,Senador Canedo,Setor Matinha,setor matinha,-16.6391574,-49.1366617,brasil_aberto,True
GO,5220454,Senador Canedo,Setor Monte Azul,setor monte azul,-16.7347759,-49.0863934,brasil_aberto,True
GO,5220454,Senador Canedo,Setor Morada Nova,setor morada nova,-16.6940068,-49.10419,brasil_aberto,True
GO,5220454,Senador Canedo,Setor Park Vitória,setor park vitoria,-16.7096595,-49.1001919,brasil_aberto,True
GO,5220454,Senador Canedo,Setor Vargem Bonita,setor vargem bonita,-16.7151912,-49.0950519,brasil_aberto,True
GO,5220454,Senador Canedo,Sitios Mansões Retiro,sitios mansoes retiro,-16.7001459,-49.0999618,brasil_aberto,True
GO,5220454,Senador Canedo,Sitios para Recreio Solar das Auroras,sitios para recreio solar das auroras,-16.7926121,-49.135425,brasil_aberto,True
GO,5220454,Senador Canedo,Solar Monte Cristo,solar monte cristo,-16.6650335,-49.1263352,brasil_aberto,True
GO,5220454,Senador Canedo,Solar Park Ilhabela,solar park ilhabela,-16.6900111,-49.0670543,brasil_aberto,True
GO,5220454,Senador Canedo,São Francisco,sao francisco,-16.7067962,-49.084775,brasil_aberto,True
GO,5220454,Senador Canedo,São Francisco II,sao francisco ii,-16.7057692,-49.0819463,brasil_aberto,True
GO,5220454,Senador Canedo,Sítios Boa Sorte,sitios boa sorte,-16.6593823,-49.1622176,brasil_aberto,True
GO,5220454,Senador Canedo,Sítios Olhos D'agua,sitios olhos d'agua,-16.762374,-49.0817186,brasil_aberto,True
GO,5220454,Senador Canedo,Sítios Vale das Brisas,sitios vale das brisas,-16.7072298,-49.0793248,brasil_aberto,True
GO,5220454,Senador Canedo,Terrabela Cerrado I,terrabela cerrado i,-16.7263018,-49.0886976,brasil_aberto,True
GO,5220454,Senador Canedo,Terrabela Cerrado II,terrabela cerrado ii,-16.7184756,-49.1011091,brasil_aberto,True
GO,5220454,Senador Canedo,Terrabela Cerrado III,terrabela cerrado iii,-16.6837525,-49.1696849,brasil_aberto,True
GO,5220454,Senador Canedo,Terras Alpha Residencial 1,terras alpha residencial 1,-16.7527777,-49.0842689,brasil_aberto,True
GO,5220454,Senador Canedo,Terras Alpha Residencial 2,terras alpha residencial 2,-16.7528841,-49.0828152,brasil_aberto,True
GO,5220454,Senador Canedo,Top do Parque,top do parque,-16.71241,-49.1384185,brasil_aberto,True
GO,5220454,Senador Canedo,Vila Bonsucesso,vila bonsucesso,-16.7067962,-49.084775,brasil_aberto,True
GO,5220454,Senador Canedo,Vila Galvão,vila galvao,-16.6954526,-49.1844293,brasil_aberto,True
GO,5220454,Senador Canedo,Vila São João,vila sao joao,-16.6917652,-49.1882158,brasil_aberto,True
GO,5220454,Senador Canedo,Vila São Sebastião,vila sao sebastiao,-16.7203835,-49.0899076,brasil_aberto,True
GO,5220454,Senador Canedo,Área Rural de Senador Canedo,area rural de senador canedo,-16.7001459,-49.0999618,brasil_aberto,True
GO,5220504,Serranópolis,Setor Central,setor central,-18.3091569,-51.9621772,brasil_aberto,True
GO,5220603,Silvânia,Setor Central,setor central,-16.6602762,-48.6059701,brasil_aberto,True
GO,5220686,Simolândia,Centro,centro,-14.4755523,-46.4853327,brasil_aberto,True
GO,5219803,São Domingos,Setor Leste,setor leste,-16.6767339,-49.2460984,brasil_aberto,True
GO,5219902,São Francisco de Goiás,Setor Central,setor central,-15.9295412,-49.26130879999999,brasil_aberto,True
GO,5220009,São João d'Aliança,Centro,centro,,,brasil_aberto,True
GO,5220009,São João d'Aliança,Forte,forte,,,brasil_aberto,True
GO,5220058,São João da Paraúna,Setor Central,setor central,-16.8144734,-50.4091552,brasil_aberto,True
GO,5220157,São Luiz do Norte,Setor Central,setor central,-14.8610205,-49.3339775,brasil_aberto,True
GO,5220108,São Luís de Montes Belos,Residencial Araras Complementar,residencial araras complementar,,,brasil_aberto,True
GO,5220108,São Luís de Montes Belos,Residencial Califórnia,residencial california,-16.5074739,-50.3870051,brasil_aberto,True
GO,5220108,São Luís de Montes Belos,Residencial Thaís,residencial thais,,,brasil_aberto,True
GO,5220108,São Luís de Montes Belos,Rosalândia,rosalandia,,,brasil_aberto,True
GO,5220108,São Luís de Montes Belos,Setor Bela Vista,setor bela vista,,,brasil_aberto,True
GO,5220108,São Luís de Montes Belos,Setor Central,setor central,,,brasil_aberto,True
GO,5220108,São Luís de Montes Belos,Setor Inicial,setor inicial,,,brasil_aberto,True
GO,5220108,São Luís de Montes Belos,Setor Montes Belos 2ª Etapa,setor montes belos 2ª etapa,,,brasil_aberto,True
GO,5220108,São Luís de Montes Belos,Vila Aeroporto,vila aeroporto,,,brasil_aberto,True
GO,5220108,São Luís de Montes Belos,Área Rural de São Luís de Montes Belos,area rural de sao luis de montes belos,-16.5249984,-50.3706945,brasil_aberto,True
GO,5220207,São Miguel do Araguaia,Centro (Tataíra),centro (tataira),-13.2753398,-50.1680878,brasil_aberto,True
GO,5220207,São Miguel do Araguaia,Luiz Alves,luiz alves,-13.2117743,-50.5817047,brasil_aberto,True
GO,5220207,São Miguel do Araguaia,Setor Central,setor central,-13.2734254,-50.1704373,brasil_aberto,True
GO,5220264,São Miguel do Passa Quatro,Setor Central,setor central,-17.0564654,-48.6645687,brasil_aberto,True
GO,5220280,São Patrício,Setor Central,setor central,-15.3498522,-49.8163116,brasil_aberto,True
GO,5220405,São Simão,Itaguaçu,itaguacu,-19.0121484,-50.6772279,brasil_aberto,True
GO,5220405,São Simão,Setor Central,setor central,-19.012264,-50.6780594,brasil_aberto,True
GO,5220702,Sítio d'Abadia,Centro,centro,,,brasil_aberto,True
GO,5221007,Taquaral de Goiás,Setor Central,setor central,,,brasil_aberto,True
GO,5221080,Teresina de Goiás,Centro,centro,-13.7771885,-47.2655729,brasil_aberto,True
GO,5221197,Terezópolis de Goiás,Setor Central,setor central,,,brasil_aberto,True
GO,5221403,Trindade,Centro,centro,-16.651045,-49.4960835,brasil_aberto,True
GO,5221403,Trindade,Chácaras Santa Luzia,chacaras santa luzia,-16.6333188,-49.4977861,brasil_aberto,True
GO,5221403,Trindade,Condomínio Cléo Pinheiro,condominio cleo pinheiro,-16.6300346,-49.5131518,brasil_aberto,True
GO,5221403,Trindade,Conjunto Dona Iris,conjunto dona iris,-16.6231838,-49.4007438,brasil_aberto,True
GO,5221403,Trindade,Conjunto Dona Iris II,conjunto dona iris ii,-16.6326316,-49.3983864,brasil_aberto,True
GO,5221403,Trindade,Conjunto Privê Elias,conjunto prive elias,-16.6462442,-49.426568,brasil_aberto,True
GO,5221403,Trindade,Conjunto Sol Dourado,conjunto sol dourado,-16.6740897,-49.4980977,brasil_aberto,True
GO,5221403,Trindade,Estâncias Aroeira,estancias aroeira,-16.6124284,-49.4089599,brasil_aberto,True
GO,5221403,Trindade,Guarujá Park,guaruja park,-16.6443416,-49.4182477,brasil_aberto,True
GO,5221403,Trindade,Jardim Califórnia,jardim california,-16.6207716,-49.4218713,brasil_aberto,True
GO,5221403,Trindade,Jardim Decolores,jardim decolores,-16.6595455,-49.4885957,brasil_aberto,True
GO,5221403,Trindade,Jardim Floresta,jardim floresta,-16.6326316,-49.3983864,brasil_aberto,True
GO,5221403,Trindade,Jardim Ipanema,jardim ipanema,-16.6326316,-49.3983864,brasil_aberto,True
GO,5221403,Trindade,Jardim Nossa Senhora do Perpétuo Socorro,jardim nossa senhora do perpetuo socorro,-16.6587648,-49.4952319,brasil_aberto,True
GO,5221403,Trindade,Jardim Novo Horizonte,jardim novo horizonte,-16.6683141,-49.4896339,brasil_aberto,True
GO,5221403,Trindade,Jardim Primavera,jardim primavera,-16.6612315,-49.4939152,brasil_aberto,True
GO,5221403,Trindade,Jardim Scala,jardim scala,-16.6257382,-49.4080615,brasil_aberto,True
GO,5221403,Trindade,Jardim das Oliveiras,jardim das oliveiras,-16.6413437,-49.3927393,brasil_aberto,True
GO,5221403,Trindade,Jardim das Tamareiras,jardim das tamareiras,-16.6645382,-49.4955081,brasil_aberto,True
GO,5221403,Trindade,Núcleo Urbano Anhanguera,nucleo urbano anhanguera,-18.3377056,-48.21954890000001,brasil_aberto,True
GO,5221403,Trindade,Parque Cristo Redentor,parque cristo redentor,-16.6409582,-49.4861771,brasil_aberto,True
GO,5221403,Trindade,Parque Serra Branca,parque serra branca,-16.649254,-49.4950175,brasil_aberto,True
GO,5221403,Trindade,Recanto do Lago,recanto do lago,-16.6658828,-49.4950508,brasil_aberto,True
GO,5221403,Trindade,Residencial 14 Bis,residencial 14 bis,-16.6367916,-49.40085999999999,brasil_aberto,True
GO,5221403,Trindade,Residencial Alto do Cerrado I,residencial alto do cerrado i,-16.6688494,-49.4421697,brasil_aberto,True
GO,5221403,Trindade,Residencial Alto do Cerrado II,residencial alto do cerrado ii,-16.649254,-49.4950175,brasil_aberto,True
GO,5221403,Trindade,Residencial Araguaia,residencial araguaia,-16.6239976,-49.3363636,brasil_aberto,True
GO,5221403,Trindade,Residencial Jardim da Luz,residencial jardim da luz,-16.6467173,-49.4088414,brasil_aberto,True
GO,5221403,Trindade,Residencial Luzia Monteiro,residencial luzia monteiro,-16.6421173,-49.453538,brasil_aberto,True
GO,5221403,Trindade,Residencial Maria Monteiro,residencial maria monteiro,-16.6443773,-49.4454232,brasil_aberto,True
GO,5221403,Trindade,Residencial Marise,residencial marise,-16.6482231,-49.5171261,brasil_aberto,True
GO,5221403,Trindade,Residencial Melk,residencial melk,-16.6356869,-49.5016108,brasil_aberto,True
GO,5221403,Trindade,Residencial Monte Cristo,residencial monte cristo,-16.6765514,-49.4813732,brasil_aberto,True
GO,5221403,Trindade,Residencial Moraes,residencial moraes,-16.6719207,-49.4874916,brasil_aberto,True
GO,5221403,Trindade,Residencial Nova Canaã,residencial nova canaa,-16.6416272,-49.53478699999999,brasil_aberto,True
GO,5221403,Trindade,Residencial Nova Morada,residencial nova morada,-16.6226062,-49.46273799999999,brasil_aberto,True
GO,5221403,Trindade,Residencial Pai Eterno,residencial pai eterno,-16.6437364,-49.493541,brasil_aberto,True
GO,5221403,Trindade,Residencial Paineiras,residencial paineiras,-16.649254,-49.4950175,brasil_aberto,True
GO,5221403,Trindade,Residencial Renata Park,residencial renata park,-16.6446868,-49.4057483,brasil_aberto,True
GO,5221403,Trindade,Residencial Rosa Morena,residencial rosa morena,-16.6329411,-49.5216954,brasil_aberto,True
GO,5221403,Trindade,Residencial Santa Fé,residencial santa fe,-16.6382546,-49.52903999999999,brasil_aberto,True
GO,5221403,Trindade,Residencial Setor da Mansões,residencial setor da mansoes,-16.7192191,-49.3848625,brasil_aberto,True
GO,5221403,Trindade,Residencial Solar São Francisco II,residencial solar sao francisco ii,-16.5784676,-49.4226032,brasil_aberto,True
GO,5221403,Trindade,Residencial São Bernardo II,residencial sao bernardo ii,-16.585703,-49.3944657,brasil_aberto,True
GO,5221403,Trindade,Residencial São Francisco I,residencial sao francisco i,-16.649254,-49.4950175,brasil_aberto,True
GO,5221403,Trindade,Residencial Terra Santa,residencial terra santa,-16.6417944,-49.477823,brasil_aberto,True
GO,5221403,Trindade,Residencial Vieira,residencial vieira,-16.6374508,-49.4388948,brasil_aberto,True
GO,5221403,Trindade,Residencial das Neves,residencial das neves,-16.6495248,-49.5053962,brasil_aberto,True
GO,5221403,Trindade,Santa Maria,santa maria,-16.6655638,-49.4993587,brasil_aberto,True
GO,5221403,Trindade,Santuário,santuario,-16.6607516,-49.4819348,brasil_aberto,True
GO,5221403,Trindade,Setor Abrão Manoel,setor abrao manoel,-16.6584397,-49.4923951,brasil_aberto,True
GO,5221403,Trindade,Setor Ana Rosa,setor ana rosa,-16.6526296,-49.5100001,brasil_aberto,True
GO,5221403,Trindade,Setor Barcelos,setor barcelos,-16.6468789,-49.4236524,brasil_aberto,True
GO,5221403,Trindade,Setor Bela Vista,setor bela vista,-16.6333392,-49.4680219,brasil_aberto,True
GO,5221403,Trindade,Setor Carvelo,setor carvelo,-16.6515456,-49.4897334,brasil_aberto,True
GO,5221403,Trindade,Setor Cristina,setor cristina,-16.6351515,-49.4157334,brasil_aberto,True
GO,5221403,Trindade,Setor Cristina II,setor cristina ii,-16.668901,-49.4896533,brasil_aberto,True
GO,5221403,Trindade,Setor Cristina II Expansão,setor cristina ii expansao,-16.6761187,-49.4925941,brasil_aberto,True
GO,5221403,Trindade,Setor Estrela do Oriente,setor estrela do oriente,-16.6619664,-49.5041588,brasil_aberto,True
GO,5221403,Trindade,Setor Jardim Imperial,setor jardim imperial,-16.6555728,-49.516261,brasil_aberto,True
GO,5221403,Trindade,Setor Jardim Marista,setor jardim marista,-16.6432339,-49.4261833,brasil_aberto,True
GO,5221403,Trindade,Setor Laguna Parque,setor laguna parque,-16.7052245,-49.2508052,brasil_aberto,True
GO,5221403,Trindade,Setor Maria Eduarda,setor maria eduarda,-16.67685,-49.4938578,brasil_aberto,True
GO,5221403,Trindade,Setor Mariápolis,setor mariapolis,-16.6526296,-49.5100001,brasil_aberto,True
GO,5221403,Trindade,Setor Maysa,setor maysa,-16.6373466,-49.3903358,brasil_aberto,True
GO,5221403,Trindade,Setor Monte Sinai,setor monte sinai,-16.6403568,-49.4828658,brasil_aberto,True
GO,5221403,Trindade,Setor Morada do Bosque,setor morada do bosque,-16.6744733,-49.4969275,brasil_aberto,True
GO,5221403,Trindade,Setor Morada do Lago,setor morada do lago,-16.6433511,-49.5080768,brasil_aberto,True
GO,5221403,Trindade,Setor Novo Paraíso,setor novo paraiso,-16.6550478,-49.5092493,brasil_aberto,True
GO,5221403,Trindade,Setor Oeste,setor oeste,-16.6680785,-49.4948544,brasil_aberto,True
GO,5221403,Trindade,Setor Pai Eterno,setor pai eterno,-16.6446488,-49.4928736,brasil_aberto,True
GO,5221403,Trindade,Setor Palmares,setor palmares,-16.5897482,-49.4021333,brasil_aberto,True
GO,5221403,Trindade,Setor Ponta Kayana,setor ponta kayana,-16.6414622,-49.4352802,brasil_aberto,True
GO,5221403,Trindade,Setor Residencial Garavelo I,setor residencial garavelo i,-16.7490517,-49.3500865,brasil_aberto,True
GO,5221403,Trindade,Setor Residencial Garavelo II,setor residencial garavelo ii,-16.7490517,-49.3500865,brasil_aberto,True
GO,5221403,Trindade,Setor Rio Vermelho,setor rio vermelho,-16.6464737,-49.4123766,brasil_aberto,True
GO,5221403,Trindade,Setor Samarah,setor samarah,-16.6396843,-49.4897869,brasil_aberto,True
GO,5221403,Trindade,Setor Serra Dourada,setor serra dourada,-16.6353809,-49.4962965,brasil_aberto,True
GO,5221403,Trindade,Setor Soares,setor soares,-16.6329246,-49.4122942,brasil_aberto,True
GO,5221403,Trindade,Setor Sol Dourado,setor sol dourado,-16.67625,-49.49832,brasil_aberto,True
GO,5221403,Trindade,Setor Solange,setor solange,-16.6445247,-49.52695259999999,brasil_aberto,True
GO,5221403,Trindade,Setor Sul,setor sul,-16.65674,-49.5014707,brasil_aberto,True
GO,5221403,Trindade,Setor São Sebastião,setor sao sebastiao,-18.3901997,-49.2170088,brasil_aberto,True
GO,5221403,Trindade,Setor Vale dos Sonhos,setor vale dos sonhos,-16.649254,-49.4950175,brasil_aberto,True
GO,5221403,Trindade,Setor Vida Nova,setor vida nova,-16.6300346,-49.5131518,brasil_aberto,True
GO,5221403,Trindade,Setor dos Bandeirantes,setor dos bandeirantes,-16.6103882,-49.3965838,brasil_aberto,True
GO,5221403,Trindade,Vila Amador,vila amador,-16.6664811,-49.4927917,brasil_aberto,True
GO,5221403,Trindade,Vila Arco-íris,vila arco-iris,-16.6658828,-49.4950508,brasil_aberto,True
GO,5221403,Trindade,Vila Augustus,vila augustus,-16.6538412,-49.5031534,brasil_aberto,True
GO,5221403,Trindade,Vila Barro Preto,vila barro preto,-16.6495248,-49.5053962,brasil_aberto,True
GO,5221403,Trindade,Vila Emanuel,vila emanuel,-16.6538412,-49.5031534,brasil_aberto,True
GO,5221403,Trindade,Vila Guilherme,vila guilherme,-16.6557968,-49.4946305,brasil_aberto,True
GO,5221403,Trindade,Vila Jardim Salvador,vila jardim salvador,-16.658357,-49.4860719,brasil_aberto,True
GO,5221403,Trindade,Vila João Braz,vila joao braz,-16.6503956,-49.4830687,brasil_aberto,True
GO,5221403,Trindade,Vila Jussara,vila jussara,-16.6558087,-49.5001261,brasil_aberto,True
GO,5221403,Trindade,Vila Maria,vila maria,-16.6680785,-49.4948544,brasil_aberto,True
GO,5221403,Trindade,Vila Padre Eterno,vila padre eterno,-16.6540819,-49.4898433,brasil_aberto,True
GO,5221403,Trindade,Vila Padre Renato,vila padre renato,-16.6432788,-49.4937981,brasil_aberto,True
GO,5221403,Trindade,Vila Roberto Monteiro,vila roberto monteiro,-16.665009,-49.4924111,brasil_aberto,True
GO,5221403,Trindade,Vila Santa Inês,vila santa ines,-16.6558583,-49.4944297,brasil_aberto,True
GO,5221403,Trindade,Vila Santo Afonso,vila santo afonso,-16.6541484,-49.5020731,brasil_aberto,True
GO,5221403,Trindade,Vila Santo Onofre,vila santo onofre,-16.660301,-49.4869612,brasil_aberto,True
GO,5221403,Trindade,Vila William,vila william,-16.658805,-49.4880374,brasil_aberto,True
GO,5221403,Trindade,Vila do Sonho,vila do sonho,-16.67625,-49.49832,brasil_aberto,True
GO,5221403,Trindade,Área Rural de Trindade,area rural de trindade,-16.649254,-49.4950175,brasil_aberto,True
GO,5221452,Trombas,Setor Central,setor central,-18.4161639,-49.214477,brasil_aberto,True
GO,5221304,Três Ranchos,Setor Central,setor central,-16.3289154,-48.9580767,brasil_aberto,True
GO,5221551,Turvelândia,Setor Central,setor central,-17.8526008,-50.30418969999999,brasil_aberto,True
GO,5221502,Turvânia,Setor Central,setor central,-16.6125624,-50.1356645,brasil_aberto,True
GO,5221577,Uirapuru,Setor Central,setor central,-16.6716683,-49.2562665,brasil_aberto,True
GO,5221577,Uirapuru,Vila Sertaneja,vila sertaneja,-14.0911032,-49.9825409,brasil_aberto,True
GO,5221700,Uruana,Setor Central,setor central,-15.5013483,-49.68572630000001,brasil_aberto,True
GO,5221700,Uruana,Uruita,uruita,-15.6710605,-49.6883652,brasil_aberto,True
GO,5221601,Uruaçu,Geriaçu,geriacu,,,brasil_aberto,True
GO,5221601,Uruaçu,Setor Central,setor central,,,brasil_aberto,True
GO,5221809,Urutaí,Setor Central,setor central,-18.4217862,-49.2164022,brasil_aberto,True
GO,5221858,Valparaíso de Goiás,Chácara Lourdes Meireles,chacara lourdes meireles,-16.0546734,-47.9856779,brasil_aberto,True
GO,5221858,Valparaíso de Goiás,Chácaras Anhangüera,chacaras anhanguera,-16.0668257,-47.995143,brasil_aberto,True
GO,5221858,Valparaíso de Goiás,Chácaras Araguaia,chacaras araguaia,-16.0753576,-47.9860661,brasil_aberto,True
GO,5221858,Valparaíso de Goiás,Chácaras Benvinda,chacaras benvinda,-16.0766999,-47.998856,brasil_aberto,True
GO,5221858,Valparaíso de Goiás,Chácaras Brasil A,chacaras brasil a,-16.1161347,-47.9920069,brasil_aberto,True
GO,5221858,Valparaíso de Goiás,Chácaras Brasil B,chacaras brasil b,-16.1131704,-47.9930228,brasil_aberto,True
GO,5221858,Valparaíso de Goiás,Chácaras Ipanema,chacaras ipanema,-16.1287354,-47.9821252,brasil_aberto,True
GO,5221858,Valparaíso de Goiás,Chácaras Pirangy,chacaras pirangy,-16.1141792,-47.9886798,brasil_aberto,True
GO,5221858,Valparaíso de Goiás,Chácaras Saia Velha,chacaras saia velha,-16.1064905,-47.9731622,brasil_aberto,True
GO,5221858,Valparaíso de Goiás,Chácaras Santa Maria,chacaras santa maria,-16.1225415,-47.9997327,brasil_aberto,True
GO,5221858,Valparaíso de Goiás,Chácaras e Mansões Santa Maria,chacaras e mansoes santa maria,,,brasil_aberto,True
GO,5221858,Valparaíso de Goiás,Cidade Jardins,cidade jardins,-16.0519804,-47.96924200000001,brasil_aberto,True
GO,5221858,Valparaíso de Goiás,Cidade Jardins - Etapa B,cidade jardins - etapa b,-16.0509679,-47.97039059999999,brasil_aberto,True
GO,5221858,Valparaíso de Goiás,Condomínio Residencial Parque dos Ipês,condominio residencial parque dos ipes,-16.1211136,-47.9781866,brasil_aberto,True
GO,5221858,Valparaíso de Goiás,Cruzeiro do Sul,cruzeiro do sul,-16.0753495,-47.9860535,brasil_aberto,True
GO,5221858,Valparaíso de Goiás,Fazenda Santa Maria,fazenda santa maria,-18.7220283,-44.9430602,brasil_aberto,True
GO,5221858,Valparaíso de Goiás,Jardim Céu Azul,jardim ceu azul,-16.0545067,-47.9857925,brasil_aberto,True
GO,5221858,Valparaíso de Goiás,Jardim Ipanema,jardim ipanema,-16.0870438,-47.992983,brasil_aberto,True
GO,5221858,Valparaíso de Goiás,Jardim Oriente,jardim oriente,-16.0739381,-48.0055631,brasil_aberto,True
GO,5221858,Valparaíso de Goiás,Jardim dos Ipês,jardim dos ipes,-16.0934571,-47.9630564,brasil_aberto,True
GO,5221858,Valparaíso de Goiás,Jardins Versailles,jardins versailles,-16.073962,-47.9895899,brasil_aberto,True
GO,5221858,Valparaíso de Goiás,Mansões Recreio Estrela D'Alva,mansoes recreio estrela d'alva,-16.0753495,-47.9860535,brasil_aberto,True
GO,5221858,Valparaíso de Goiás,Morada Nobre,morada nobre,-16.061984,-47.9834849,brasil_aberto,True
GO,5221858,Valparaíso de Goiás,Nova Vila Guaíra,nova vila guaira,-16.0617011,-48.02231440000001,brasil_aberto,True
GO,5221858,Valparaíso de Goiás,Pacaembu,pacaembu,-16.0585505,-47.9910025,brasil_aberto,True
GO,5221858,Valparaíso de Goiás,Parque Araruama,parque araruama,-16.103123,-47.9874468,brasil_aberto,True
GO,5221858,Valparaíso de Goiás,Parque Esplanada I,parque esplanada i,-16.058464,-47.982464,brasil_aberto,True
GO,5221858,Valparaíso de Goiás,Parque Esplanada II,parque esplanada ii,-16.0604859,-47.9842968,brasil_aberto,True
GO,5221858,Valparaíso de Goiás,Parque Esplanada III,parque esplanada iii,-16.07774,-47.9731489,brasil_aberto,True
GO,5221858,Valparaíso de Goiás,Parque Esplanada V,parque esplanada v,-16.0959757,-47.9810724,brasil_aberto,True
GO,5221858,Valparaíso de Goiás,Parque Marajó,parque marajo,-16.106522,-47.9605527,brasil_aberto,True
GO,5221858,Valparaíso de Goiás,Parque Rio Branco,parque rio branco,-16.0759075,-47.985691,brasil_aberto,True
GO,5221858,Valparaíso de Goiás,Parque Santa Rita de Cássia,parque santa rita de cassia,-16.1169785,-47.9723367,brasil_aberto,True
GO,5221858,Valparaíso de Goiás,Parque São Bernardo,parque sao bernardo,-16.0546734,-47.9856779,brasil_aberto,True
GO,5221858,Valparaíso de Goiás,Parque das Cachoeiras,parque das cachoeiras,-16.0778836,-47.9895154,brasil_aberto,True
GO,5221858,Valparaíso de Goiás,Parque do Ipê,parque do ipe,-16.120086,-47.9730928,brasil_aberto,True
GO,5221858,Valparaíso de Goiás,Residencial Florais do Planalto,residencial florais do planalto,-16.0839595,-47.9698402,brasil_aberto,True
GO,5221858,Valparaíso de Goiás,Residencial Reserva Paraíso,residencial reserva paraiso,-16.0748779,-47.9869291,brasil_aberto,True
GO,5221858,Valparaíso de Goiás,Rio das Pedras,rio das pedras,-16.0708538,-47.9759818,brasil_aberto,True
GO,5221858,Valparaíso de Goiás,Setor de Chácaras Anhangüera A,setor de chacaras anhanguera a,-16.0505642,-47.9799107,brasil_aberto,True
GO,5221858,Valparaíso de Goiás,Setor de Chácaras Anhangüera B,setor de chacaras anhanguera b,-16.0675481,-48.0059694,brasil_aberto,True
GO,5221858,Valparaíso de Goiás,Setor de Chácaras Anhangüera C,setor de chacaras anhanguera c,-16.0505642,-47.9799107,brasil_aberto,True
GO,5221858,Valparaíso de Goiás,Unimorar,unimorar,-16.1236964,-47.9897424,brasil_aberto,True
GO,5221858,Valparaíso de Goiás,Valparaiso I - Etapa A,valparaiso i - etapa a,-16.0725777,-47.98396229999999,brasil_aberto,True
GO,5221858,Valparaíso de Goiás,Valparaiso I - Etapa B,valparaiso i - etapa b,-16.0725777,-47.98396229999999,brasil_aberto,True
GO,5221858,Valparaíso de Goiás,Valparaiso I - Etapa C,valparaiso i - etapa c,-16.0726075,-47.9838946,brasil_aberto,True
GO,5221858,Valparaíso de Goiás,Valparaiso I - Etapa D,valparaiso i - etapa d,-16.0725777,-47.98396229999999,brasil_aberto,True
GO,5221858,Valparaíso de Goiás,Valparaiso I - Etapa E,valparaiso i - etapa e,-16.0725777,-47.98396229999999,brasil_aberto,True
GO,5221858,Valparaíso de Goiás,Valparaiso II,valparaiso ii,-16.073962,-47.9895899,brasil_aberto,True
GO,5221858,Valparaíso de Goiás,Vila Isabel,vila isabel,-16.0914572,-47.9829888,brasil_aberto,True
GO,5221858,Valparaíso de Goiás,Ypiranga,ypiranga,-16.1007849,-47.9866989,brasil_aberto,True
GO,5221858,Valparaíso de Goiás,Área Rural de Valparaíso de Goiás,area rural de valparaiso de goias,-16.0753576,-47.9860661,brasil_aberto,True
GO,5221908,Varjão,Setor Central,setor central,-17.7960281,-50.9315292,brasil_aberto,True
GO,5222005,Vianópolis,Caraíba,caraiba,-16.8629223,-48.37886,brasil_aberto,True
GO,5222005,Vianópolis,Ponte Funda,ponte funda,-16.8060762,-48.4351023,brasil_aberto,True
GO,5222005,Vianópolis,Setor Central,setor central,-16.7432751,-48.5163744,brasil_aberto,True
GO,5222054,Vicentinópolis,Setor Central,setor central,,,brasil_aberto,True
GO,5222203,Vila Boa,Jardim Nova Aurora,jardim nova aurora,-15.0346797,-47.0531507,brasil_aberto,True
GO,5222302,Vila Propício,Dois Irmãos,dois irmaos,,,brasil_aberto,True
GO,5222302,Vila Propício,Setor Central,setor central,-15.458585,-48.8873053,brasil_aberto,True
GO,5200175,Água Fria de Goiás,Centro,centro,-14.9826793,-47.786203,brasil_aberto,True
GO,5200209,Água Limpa,Setor Central,setor central,,,brasil_aberto,True
GO,5200258,Águas Lindas de Goiás,Camping Clube,camping clube,-15.7856167,-48.25677169999999,brasil_aberto,True
GO,5200258,Águas Lindas de Goiás,Centro,centro,-15.7442065,-48.2794916,brasil_aberto,True
GO,5200258,Águas Lindas de Goiás,Chácaras Cachoeira da Mata,chacaras cachoeira da mata,-15.7317274,-48.292382,brasil_aberto,True
GO,5200258,Águas Lindas de Goiás,Chácaras Coimbra,chacaras coimbra,-15.7277144,-48.2778292,brasil_aberto,True
GO,5200258,Águas Lindas de Goiás,Chácaras Quedas do Descoberto,chacaras quedas do descoberto,-15.7725361,-48.2743402,brasil_aberto,True
GO,5200258,Águas Lindas de Goiás,Chácaras do Entorno,chacaras do entorno,-15.710882,-48.2874387,brasil_aberto,True
GO,5200258,Águas Lindas de Goiás,Chácaras Águas Lindas,chacaras aguas lindas,-15.726184,-48.2947102,brasil_aberto,True
GO,5200258,Águas Lindas de Goiás,Cidade Jardim,cidade jardim,-15.739387,-48.2654833,brasil_aberto,True
GO,5200258,Águas Lindas de Goiás,Condomínio Bela Vista da Barragem I,condominio bela vista da barragem i,-15.7522742,-48.253552,brasil_aberto,True
GO,5200258,Águas Lindas de Goiás,Condomínio Residencial Embaixador,condominio residencial embaixador,-15.7321791,-48.29687269999999,brasil_aberto,True
GO,5200258,Águas Lindas de Goiás,Condomínio solar da Barragem,condominio solar da barragem,,,brasil_aberto,True
GO,5200258,Águas Lindas de Goiás,Expansão do Jardim Barragem 02,expansao do jardim barragem 02,-15.7442065,-48.2794916,brasil_aberto,True
GO,5200258,Águas Lindas de Goiás,Jardim Alterosa,jardim alterosa,-15.7442065,-48.2794916,brasil_aberto,True
GO,5200258,Águas Lindas de Goiás,Jardim América I,jardim america i,-15.7565961,-48.33824389999999,brasil_aberto,True
GO,5200258,Águas Lindas de Goiás,Jardim América II,jardim america ii,-15.7397329,-48.3418283,brasil_aberto,True
GO,5200258,Águas Lindas de Goiás,Jardim América III,jardim america iii,-15.7333427,-48.3153309,brasil_aberto,True
GO,5200258,Águas Lindas de Goiás,Jardim América IV,jardim america iv,-15.7363986,-48.3146915,brasil_aberto,True
GO,5200258,Águas Lindas de Goiás,Jardim América V,jardim america v,-15.7564617,-48.3354872,brasil_aberto,True
GO,5200258,Águas Lindas de Goiás,Jardim América VI,jardim america vi,-15.7473953,-48.3343406,brasil_aberto,True
GO,5200258,Águas Lindas de Goiás,Jardim Bela Vista,jardim bela vista,-15.7315076,-48.2556602,brasil_aberto,True
GO,5200258,Águas Lindas de Goiás,Jardim Brasília,jardim brasilia,-15.7250259,-48.2845047,brasil_aberto,True
GO,5200258,Águas Lindas de Goiás,Jardim Brasília II,jardim brasilia ii,-15.7250259,-48.2845047,brasil_aberto,True
GO,5200258,Águas Lindas de Goiás,Jardim Califórnia,jardim california,-15.7402661,-48.3157394,brasil_aberto,True
GO,5200258,Águas Lindas de Goiás,Jardim Guaíra I,jardim guaira i,-15.7643249,-48.2465171,brasil_aberto,True
GO,5200258,Águas Lindas de Goiás,Jardim Guaíra II,jardim guaira ii,-15.7653453,-48.2455732,brasil_aberto,True
GO,5200258,Águas Lindas de Goiás,Jardim Maria Madalena,jardim maria madalena,-15.7442065,-48.2794916,brasil_aberto,True
GO,5200258,Águas Lindas de Goiás,Jardim Pepita,jardim pepita,-15.7277144,-48.2778292,brasil_aberto,True
GO,5200258,Águas Lindas de Goiás,Jardim Planalto,jardim planalto,-15.7317274,-48.292382,brasil_aberto,True
GO,5200258,Águas Lindas de Goiás,Jardim Pérola da Barragem I,jardim perola da barragem i,-15.7337111,-48.2556542,brasil_aberto,True
GO,5200258,Águas Lindas de Goiás,Jardim Pérola da Barragem II,jardim perola da barragem ii,-15.7423722,-48.3294502,brasil_aberto,True
GO,5200258,Águas Lindas de Goiás,Jardim Querência,jardim querencia,-15.7547049,-48.2605051,brasil_aberto,True
GO,5200258,Águas Lindas de Goiás,Jardim Recanto,jardim recanto,-15.7413511,-48.2550326,brasil_aberto,True
GO,5200258,Águas Lindas de Goiás,Jardim Recreio,jardim recreio,-15.7442065,-48.2794916,brasil_aberto,True
GO,5200258,Águas Lindas de Goiás,Jardim Santa Lúcia,jardim santa lucia,-15.7811185,-48.302374,brasil_aberto,True
GO,5200258,Águas Lindas de Goiás,Jardim Santana,jardim santana,-15.6725538,-48.2019223,brasil_aberto,True
GO,5200258,Águas Lindas de Goiás,Jardim Vitória,jardim vitoria,-15.771647,-48.2428046,brasil_aberto,True
GO,5200258,Águas Lindas de Goiás,Jardim da Barragem I,jardim da barragem i,-15.7317429,-48.2877157,brasil_aberto,True
GO,5200258,Águas Lindas de Goiás,Jardim da Barragem II,jardim da barragem ii,-15.7263759,-48.2906584,brasil_aberto,True
GO,5200258,Águas Lindas de Goiás,Jardim da Barragem III,jardim da barragem iii,-15.7325238,-48.2916263,brasil_aberto,True
GO,5200258,Águas Lindas de Goiás,Jardim da Barragem IV,jardim da barragem iv,-15.7174537,-48.2927586,brasil_aberto,True
GO,5200258,Águas Lindas de Goiás,Jardim da Barragem V,jardim da barragem v,-15.7894417,-48.2934832,brasil_aberto,True
GO,5200258,Águas Lindas de Goiás,Jardim da Barragem VI,jardim da barragem vi,-15.7442065,-48.2794916,brasil_aberto,True
GO,5200258,Águas Lindas de Goiás,Jardim das Laranjeiras I,jardim das laranjeiras i,-15.7442065,-48.2794916,brasil_aberto,True
GO,5200258,Águas Lindas de Goiás,Jardim das Oliveiras I,jardim das oliveiras i,-15.7589431,-48.2446263,brasil_aberto,True
GO,5200258,Águas Lindas de Goiás,Jardim das Oliveiras II,jardim das oliveiras ii,-15.7310604,-48.2684159,brasil_aberto,True
GO,5200258,Águas Lindas de Goiás,Jardim do Eden,jardim do eden,-15.7497618,-48.2821519,brasil_aberto,True
GO,5200258,Águas Lindas de Goiás,Jardim do Entorno I,jardim do entorno i,-15.6972525,-48.2816655,brasil_aberto,True
GO,5200258,Águas Lindas de Goiás,Jardim dos Pinheiros,jardim dos pinheiros,-15.7205373,-48.27357370000001,brasil_aberto,True
GO,5200258,Águas Lindas de Goiás,Jardim Águas Lindas,jardim aguas lindas,-15.7925714,-48.2940485,brasil_aberto,True
GO,5200258,Águas Lindas de Goiás,Jardim Águas Lindas II,jardim aguas lindas ii,-15.7910937,-48.295362,brasil_aberto,True
GO,5200258,Águas Lindas de Goiás,Laranjeiras II,laranjeiras ii,-15.7513345,-48.2978708,brasil_aberto,True
GO,5200258,Águas Lindas de Goiás,Mansões Azaléia,mansoes azaleia,-15.7804445,-48.3103075,brasil_aberto,True
GO,5200258,Águas Lindas de Goiás,Mansões Camargo,mansoes camargo,-15.7691265,-48.2784939,brasil_aberto,True
GO,5200258,Águas Lindas de Goiás,Mansões Centro Oeste,mansoes centro oeste,-15.73631,-48.260611,brasil_aberto,True
GO,5200258,Águas Lindas de Goiás,Mansões Ilha Bela,mansoes ilha bela,-15.7205571,-48.2654833,brasil_aberto,True
GO,5200258,Águas Lindas de Goiás,Mansões Imperatriz,mansoes imperatriz,-15.7566091,-48.284581,brasil_aberto,True
GO,5200258,Águas Lindas de Goiás,Mansões Itamaracá,mansoes itamaraca,-15.7141002,-48.2641837,brasil_aberto,True
GO,5200258,Águas Lindas de Goiás,Mansões Odisséia,mansoes odisseia,-15.7721157,-48.2848532,brasil_aberto,True
GO,5200258,Águas Lindas de Goiás,Mansões Olinda,mansoes olinda,-15.7331953,-48.2814722,brasil_aberto,True
GO,5200258,Águas Lindas de Goiás,Mansões Pôr do Sol,mansoes por do sol,-15.7252275,-48.275441,brasil_aberto,True
GO,5200258,Águas Lindas de Goiás,Mansões Samurai,mansoes samurai,-15.7904494,-48.3127988,brasil_aberto,True
GO,5200258,Águas Lindas de Goiás,Mansões Savana,mansoes savana,-15.7700634,-48.3314873,brasil_aberto,True
GO,5200258,Águas Lindas de Goiás,Mansões Village,mansoes village,-15.726184,-48.2947102,brasil_aberto,True
GO,5200258,Águas Lindas de Goiás,Mansões Águas Lindas,mansoes aguas lindas,-15.7302931,-48.2824196,brasil_aberto,True
GO,5200258,Águas Lindas de Goiás,Park das Águas Bonitas II,park das aguas bonitas ii,-15.7847224,-48.2914902,brasil_aberto,True
GO,5200258,Águas Lindas de Goiás,Parque da Barragem Setor 01,parque da barragem setor 01,-15.7497618,-48.2821519,brasil_aberto,True
GO,5200258,Águas Lindas de Goiás,Parque da Barragem Setor 02,parque da barragem setor 02,-15.7230434,-48.29041729999999,brasil_aberto,True
GO,5200258,Águas Lindas de Goiás,Parque da Barragem Setor 03,parque da barragem setor 03,-15.7582132,-48.2671307,brasil_aberto,True
GO,5200258,Águas Lindas de Goiás,Parque da Barragem Setor 04,parque da barragem setor 04,-15.7497618,-48.2821519,brasil_aberto,True
GO,5200258,Águas Lindas de Goiás,Parque da Barragem Setor 05,parque da barragem setor 05,-15.7497618,-48.2821519,brasil_aberto,True
GO,5200258,Águas Lindas de Goiás,Parque da Barragem Setor 06,parque da barragem setor 06,-15.773832,-48.2758057,brasil_aberto,True
GO,5200258,Águas Lindas de Goiás,Parque da Barragem Setor 07,parque da barragem setor 07,-15.748299,-48.2618051,brasil_aberto,True
GO,5200258,Águas Lindas de Goiás,Parque da Barragem Setor 08,parque da barragem setor 08,-15.7380784,-48.290554,brasil_aberto,True
GO,5200258,Águas Lindas de Goiás,Parque da Barragem Setor 09,parque da barragem setor 09,-15.7497618,-48.2821519,brasil_aberto,True
GO,5200258,Águas Lindas de Goiás,Parque da Barragem Setor 10,parque da barragem setor 10,-15.7446034,-48.2765886,brasil_aberto,True
GO,5200258,Águas Lindas de Goiás,Parque da Barragem Setor 11,parque da barragem setor 11,-15.7497618,-48.2821519,brasil_aberto,True
GO,5200258,Águas Lindas de Goiás,Parque da Barragem Setor 12,parque da barragem setor 12,-15.7497618,-48.2821519,brasil_aberto,True
GO,5200258,Águas Lindas de Goiás,Parque da Barragem Setor 13,parque da barragem setor 13,-15.7472778,-48.2919936,brasil_aberto,True
GO,5200258,Águas Lindas de Goiás,Parque da Barragem Setor 14,parque da barragem setor 14,-15.7497618,-48.2821519,brasil_aberto,True
GO,5200258,Águas Lindas de Goiás,Parque da Barragem Setor 15,parque da barragem setor 15,-15.7543648,-48.2741962,brasil_aberto,True
GO,5200258,Águas Lindas de Goiás,Parque da Barragem Setor 16,parque da barragem setor 16,-15.7380784,-48.290554,brasil_aberto,True
GO,5200258,Águas Lindas de Goiás,Parque das Águas Bonitas I,parque das aguas bonitas i,-15.7560887,-48.3219511,brasil_aberto,True
GO,5200258,Águas Lindas de Goiás,Parque das Águas Bonitas I Etapa B,parque das aguas bonitas i etapa b,-15.7514125,-48.3266464,brasil_aberto,True
GO,5200258,Águas Lindas de Goiás,Parque do Bosque,parque do bosque,-15.7043781,-48.27578090000001,brasil_aberto,True
GO,5200258,Águas Lindas de Goiás,Portal da Barragem,portal da barragem,-15.765681,-48.2318893,brasil_aberto,True
GO,5200258,Águas Lindas de Goiás,Quinta das Águas Bonitas,quinta das aguas bonitas,-15.7580113,-48.32525709999999,brasil_aberto,True
GO,5200258,Águas Lindas de Goiás,Quintas Paraíso - Etapa A,quintas paraiso - etapa a,-15.7582372,-48.30345699999999,brasil_aberto,True
GO,5200258,Águas Lindas de Goiás,Quintas Paraíso - Etapa B,quintas paraiso - etapa b,-15.7574255,-48.3003864,brasil_aberto,True
GO,5200258,Águas Lindas de Goiás,Recanto da Barragem,recanto da barragem,-15.7490555,-48.26646059999999,brasil_aberto,True
GO,5200258,Águas Lindas de Goiás,Recreio da Barragem,recreio da barragem,-15.7377245,-48.3026033,brasil_aberto,True
GO,5200258,Águas Lindas de Goiás,Recreio das Águas Lindas I,recreio das aguas lindas i,-15.7765019,-48.2798885,brasil_aberto,True
GO,5200258,Águas Lindas de Goiás,Recreio das Águas Lindas II,recreio das aguas lindas ii,-15.7693334,-48.2820514,brasil_aberto,True
GO,5200258,Águas Lindas de Goiás,Recreio das Águas Lindas III,recreio das aguas lindas iii,-15.7883254,-48.2860231,brasil_aberto,True
GO,5200258,Águas Lindas de Goiás,Residencial Bethel,residencial bethel,-15.7277144,-48.2778292,brasil_aberto,True
GO,5200258,Águas Lindas de Goiás,Residencial Boa Vista,residencial boa vista,-15.7527077,-48.30645490000001,brasil_aberto,True
GO,5200258,Águas Lindas de Goiás,Residencial Jardim Paraíso,residencial jardim paraiso,-15.7522132,-48.3003434,brasil_aberto,True
GO,5200258,Águas Lindas de Goiás,Residencial Portal da Barragem,residencial portal da barragem,-15.765681,-48.2318893,brasil_aberto,True
GO,5200258,Águas Lindas de Goiás,Residencial Sol Nascente I,residencial sol nascente i,-15.7671384,-48.2495501,brasil_aberto,True
GO,5200258,Águas Lindas de Goiás,Residencial Sol Nascente II,residencial sol nascente ii,-15.7411899,-48.2577683,brasil_aberto,True
GO,5200258,Águas Lindas de Goiás,Royal Parque,royal parque,-15.7736233,-48.2938933,brasil_aberto,True
GO,5200258,Águas Lindas de Goiás,Setor 14,setor 14,-15.7497618,-48.2821519,brasil_aberto,True
GO,5200258,Águas Lindas de Goiás,Setor 15,setor 15,-15.7442065,-48.2794916,brasil_aberto,True
GO,5200258,Águas Lindas de Goiás,Setor 16,setor 16,-15.7442065,-48.2794916,brasil_aberto,True
GO,5200258,Águas Lindas de Goiás,Setor Mansões Lago do Descoberto,setor mansoes lago do descoberto,-15.7703544,-48.2314194,brasil_aberto,True
GO,5200258,Águas Lindas de Goiás,Vila Esperança,vila esperanca,-15.6709409,-48.2017598,brasil_aberto,True
GO,5200258,Águas Lindas de Goiás,Vivendas Paraíso,vivendas paraiso,-15.7373644,-48.2846869,brasil_aberto,True
GO,5200258,Águas Lindas de Goiás,Área Rural de Águas Lindas de Goiás,area rural de aguas lindas de goias,-15.7442065,-48.2794916,brasil_aberto,True
