Uf,CityIbgeCode,City,Neighborhood,NormalizedName,Latitude,Longitude,Source,IsActive
RJ,3300100,Angra dos Reis,Abraãozinho (Ilha Grande),abraaozinho ilha grande,-23.141389,-44.166786,mapbox_geocoding,True
RJ,3300100,Angra dos Reis,Aeroporto (Cunhambebe),aeroporto cunhambebe,-22.97894287,-44.30387497,brasil_aberto_first_street,True
RJ,3300100,Angra dos Reis,Água Santa,agua santa,-23.03259277,-44.2036438,brasil_aberto_first_street,True
RJ,3300100,Angra dos Reis,Araçatiba (Ilha Grande),aracatiba ilha grande,-23.00443,-44.317321,mapbox_geocoding,True
RJ,3300100,Angra dos Reis,Área Rural de Angra dos Reis,area rural de angra dos reis,-23.0002317,-44.3091389,brasil_aberto_first_street,True
RJ,3300100,Angra dos Reis,Areal (Cunhambebe),areal cunhambebe,-23.03259277,-44.2036438,brasil_aberto_first_street,True
RJ,3300100,Angra dos Reis,Ariró (Cunhambebe),ariro cunhambebe,-22.80878,-43.019077,mapbox_geocoding,True
RJ,3300100,Angra dos Reis,Balneário,balneario,-22.99976921,-44.30857849,brasil_aberto_first_street,True
RJ,3300100,Angra dos Reis,Bananal (Ilha Grande),bananal ilha grande,-22.80878,-43.019077,mapbox_geocoding,True
RJ,3300100,Angra dos Reis,Banqueta (Cunhambebe),banqueta cunhambebe,-22.974926,-44.294297,mapbox_geocoding,True
RJ,3300100,Angra dos Reis,Biscaia,biscaia,-23.02817535,-44.2326088,brasil_aberto_first_street,True
RJ,3300100,Angra dos Reis,BNH,bnh,,,brasil_aberto,True
RJ,3300100,Angra dos Reis,Bonfim,bonfim,-23.02086067,-44.3335762,brasil_aberto_first_street,True
RJ,3300100,Angra dos Reis,Bracuí (Cunhambebe),bracui cunhambebe,-22.931489,-44.386567,mapbox_geocoding,True
RJ,3300100,Angra dos Reis,Caetés,caetes,-23.04049301,-44.17890549,brasil_aberto_first_street,True
RJ,3300100,Angra dos Reis,Camorim,camorim,-22.99835396,-44.2645874,brasil_aberto_first_street,True
RJ,3300100,Angra dos Reis,Camorim Pequeno,camorim pequeno,-23.004248,-44.529079,mapbox_geocoding,True
RJ,3300100,Angra dos Reis,Campo Belo (Cunhambebe),campo belo cunhambebe,-22.9829928,-44.299055,brasil_aberto_first_street,True
RJ,3300100,Angra dos Reis,Cantagalo,cantagalo,-23.030745,-44.17152,mapbox_geocoding,True
RJ,3300100,Angra dos Reis,Caputera I,caputera i,-22.80878,-43.019077,mapbox_geocoding,True
RJ,3300100,Angra dos Reis,Caputera II,caputera ii,-22.80878,-43.019077,mapbox_geocoding,True
RJ,3300100,Angra dos Reis,Centro,centro,-23.00800133,-44.31312943,brasil_aberto_first_street,True
RJ,3300100,Angra dos Reis,Cidade da Bíblia,cidade da biblia,-23.03259277,-44.2036438,brasil_aberto_first_street,True
RJ,3300100,Angra dos Reis,Colégio Naval,colegio naval,-23.01508713,-44.32442093,brasil_aberto_first_street,True
RJ,3300100,Angra dos Reis,Encruzo da Enseada (Cunhambebe),encruzo da enseada cunhambebe,-22.991982,-44.306293,mapbox_geocoding,True
RJ,3300100,Angra dos Reis,Enseada,enseada,-22.99703598,-44.33145905,brasil_aberto_first_street,True
RJ,3300100,Angra dos Reis,Enseada das Estrelas (Ilha Grande),enseada das estrelas ilha grande,-22.80878,-43.019077,mapbox_geocoding,True
RJ,3300100,Angra dos Reis,Enseada das Palmas (Ilha Grande),enseada das palmas ilha grande,-22.80878,-43.019077,mapbox_geocoding,True
RJ,3300100,Angra dos Reis,Enseada do Sítio Forte (Ilha Grande),enseada do sitio forte ilha grande,-22.80878,-43.019077,mapbox_geocoding,True
RJ,3300100,Angra dos Reis,Frade (Cunhambebe),frade cunhambebe,-22.96319199,-44.43894577,brasil_aberto_first_street,True
RJ,3300100,Angra dos Reis,Freguesia de Santana (Ilha Grande),freguesia de santana ilha grande,-22.80878,-43.019077,mapbox_geocoding,True
RJ,3300100,Angra dos Reis,Gambôa do Belém (Cunhambebe),gamboa do belem cunhambebe,-22.956799,-44.30057,mapbox_geocoding,True
RJ,3300100,Angra dos Reis,Gambôa do Bracuí (Cunhambebe),gamboa do bracui cunhambebe,-22.937883,-44.41317,mapbox_geocoding,True
RJ,3300100,Angra dos Reis,Garatucaia,garatucaia,-23.0319252,-44.17298508,brasil_aberto_first_street,True
RJ,3300100,Angra dos Reis,Grataú (Cunhambebe),gratau cunhambebe,-23.03259277,-44.2036438,brasil_aberto_first_street,True
RJ,3300100,Angra dos Reis,Guaxuma (Ilha Grande),guaxuma ilha grande,-22.971419,-44.439951,mapbox_geocoding,True
RJ,3300100,Angra dos Reis,Ilha da Caieira,ilha da caieira,-22.956272,-44.309753,mapbox_geocoding,True
RJ,3300100,Angra dos Reis,Ilha do Jorge,ilha do jorge,-22.954996,-44.288572,mapbox_geocoding,True
RJ,3300100,Angra dos Reis,Ilha Grande,ilha grande,,,brasil_aberto,True
RJ,3300100,Angra dos Reis,Itanema (Cunhambebe),itanema cunhambebe,-22.927202,-44.35742,mapbox_geocoding,True
RJ,3300100,Angra dos Reis,Jacuacanga,jacuacanga,-22.9914172,-44.2436243,brasil_aberto_first_street,True
RJ,3300100,Angra dos Reis,Japuíba (Cunhambebe),japuiba cunhambebe,-22.97277832,-44.29844284,brasil_aberto_first_street,True
RJ,3300100,Angra dos Reis,Lambicada,lambicada,-22.963333,-44.4372,mapbox_geocoding,True
RJ,3300100,Angra dos Reis,Maciéis,macieis,-23.04939461,-44.22483444,brasil_aberto_first_street,True
RJ,3300100,Angra dos Reis,Marinas,marinas,-22.991446,-44.247193,mapbox_geocoding,True
RJ,3300100,Angra dos Reis,Matariz (Ilha Grande),matariz ilha grande,-22.80878,-43.019077,mapbox_geocoding,True
RJ,3300100,Angra dos Reis,Mombaça,mombaca,-23.03259277,-44.2036438,brasil_aberto_first_street,True
RJ,3300100,Angra dos Reis,Monsuaba,monsuaba,-23.02817535,-44.2326088,brasil_aberto_first_street,True
RJ,3300100,Angra dos Reis,Monte Castelo,monte castelo,-23.005138,-44.296257,mapbox_geocoding,True
RJ,3300100,Angra dos Reis,Morro da Boa Vista (Mambucaba),morro da boa vista mambucaba,-23.03259277,-44.2036438,brasil_aberto_first_street,True
RJ,3300100,Angra dos Reis,Morro da Caixa D'Água,morro da caixa d agua,-23.0037835,-44.3200333,brasil_aberto_first_street,True
RJ,3300100,Angra dos Reis,Morro da Carioca,morro da carioca,-23.00985909,-44.32293701,brasil_aberto_first_street,True
RJ,3300100,Angra dos Reis,Morro da Cruz,morro da cruz,-22.936762,-44.413138,mapbox_geocoding,True
RJ,3300100,Angra dos Reis,Morro da Fortaleza,morro da fortaleza,-23.008528,-44.31863,mapbox_geocoding,True
RJ,3300100,Angra dos Reis,Morro da Glória,morro da gloria,-22.994658,-44.309204,mapbox_geocoding,True
RJ,3300100,Angra dos Reis,Morro da Glória II,morro da gloria ii,-22.99547577,-44.30581284,brasil_aberto_first_street,True
RJ,3300100,Angra dos Reis,Morro do Abel,morro do abel,-23.011486,-44.323566,mapbox_geocoding,True
RJ,3300100,Angra dos Reis,Morro do Bulé,morro do bule,-23.00707245,-44.32618332,brasil_aberto_first_street,True
RJ,3300100,Angra dos Reis,Morro do Carmo,morro do carmo,-23.00306129,-44.31260681,brasil_aberto_first_street,True
RJ,3300100,Angra dos Reis,Morro do Moreno,morro do moreno,-23.008528,-44.31863,mapbox_geocoding,True
RJ,3300100,Angra dos Reis,Morro do Perez,morro do perez,-22.99699,-44.310894,mapbox_geocoding,True
RJ,3300100,Angra dos Reis,Morro do Santo Antônio,morro do santo antonio,-23.0002317,-44.3091389,brasil_aberto_first_street,True
RJ,3300100,Angra dos Reis,Morro do Tatu,morro do tatu,-23.02936745,-46.36982727,brasil_aberto_first_street,True
RJ,3300100,Angra dos Reis,Nova Angra (Cunhambebe),nova angra cunhambebe,-22.97502518,-44.29178238,brasil_aberto_first_street,True
RJ,3300100,Angra dos Reis,Paraíso,paraiso,-23.02817535,-44.2326088,brasil_aberto_first_street,True
RJ,3300100,Angra dos Reis,Parque Belém (Cunhambebe),parque belem cunhambebe,-22.96344566,-44.29836273,brasil_aberto_first_street,True
RJ,3300100,Angra dos Reis,Parque das Palmeiras,parque das palmeiras,-22.99868202,-44.30502701,brasil_aberto_first_street,True
RJ,3300100,Angra dos Reis,Parque Mambucaba (Mambucaba),parque mambucaba mambucaba,-23.011778,-44.544328,mapbox_geocoding,True
RJ,3300100,Angra dos Reis,Parque Perequê (Mambucaba),parque pereque mambucaba,-23.01513672,-44.53855896,brasil_aberto_first_street,True
RJ,3300100,Angra dos Reis,Piraquara (Cunhambebe),piraquara cunhambebe,-23.03259277,-44.2036438,brasil_aberto_first_street,True
RJ,3300100,Angra dos Reis,Ponta da Cruz,ponta da cruz,-23.141322,-44.166289,mapbox_geocoding,True
RJ,3300100,Angra dos Reis,Ponta da Ribeira (Cunhambebe),ponta da ribeira cunhambebe,-22.99703598,-44.33145905,brasil_aberto_first_street,True
RJ,3300100,Angra dos Reis,Ponta do Sapê (Cunhambebe),ponta do sape cunhambebe,-22.9889786,-44.3273017,brasil_aberto_first_street,True
RJ,3300100,Angra dos Reis,Ponta dos Ubás,ponta dos ubas,-23.008528,-44.31863,mapbox_geocoding,True
RJ,3300100,Angra dos Reis,Ponta Leste,ponta leste,-23.02817535,-44.2326088,brasil_aberto_first_street,True
RJ,3300100,Angra dos Reis,Pontal (Cunhambebe),pontal cunhambebe,-22.94532967,-44.31884003,brasil_aberto_first_street,True
RJ,3300100,Angra dos Reis,Pontal do Partido (Cunhambebe),pontal do partido cunhambebe,-22.93190765,-44.32193756,brasil_aberto_first_street,True
RJ,3300100,Angra dos Reis,Portogalo,portogalo,-22.971703,-44.441646,mapbox_geocoding,True
RJ,3300100,Angra dos Reis,Praia Brava (Mambucaba),praia brava mambucaba,-23.00837708,-44.48521042,brasil_aberto_first_street,True
RJ,3300100,Angra dos Reis,Praia da Chácara,praia da chacara,-23.0012508,-44.3017909,brasil_aberto_first_street,True
RJ,3300100,Angra dos Reis,Praia da Ribeira (Cunhambebe),praia da ribeira cunhambebe,-22.80878,-43.019077,mapbox_geocoding,True
RJ,3300100,Angra dos Reis,Praia das Goiabas (Mambucaba),praia das goiabas mambucaba,-23.02498245,-44.5138092,brasil_aberto_first_street,True
RJ,3300100,Angra dos Reis,Praia do Anil,praia do anil,-23.0052621,-44.3101767,brasil_aberto_first_street,True
RJ,3300100,Angra dos Reis,Praia do Jardim,praia do jardim,-23.01202965,-44.297966,brasil_aberto_first_street,True
RJ,3300100,Angra dos Reis,Praia do Machado,praia do machado,-22.99990845,-44.25386047,brasil_aberto_first_street,True
RJ,3300100,Angra dos Reis,Praia do Recife,praia do recife,-22.80878,-43.019077,mapbox_geocoding,True
RJ,3300100,Angra dos Reis,Praia Grande,praia grande,-22.99703598,-44.33145905,brasil_aberto_first_street,True
RJ,3300100,Angra dos Reis,Praia Longa (Ilha Grande),praia longa ilha grande,-21.720105,-41.31467,mapbox_geocoding,True
RJ,3300100,Angra dos Reis,Praia Vermelha (Ilha Grande),praia vermelha ilha grande,-22.80878,-43.019077,mapbox_geocoding,True
RJ,3300100,Angra dos Reis,Praia Vermelha (Mambucaba),praia vermelha mambucaba,-23.04366875,-44.57635117,brasil_aberto_first_street,True
RJ,3300100,Angra dos Reis,Provetá (Ilha Grande),proveta ilha grande,-23.142581,-44.166273,mapbox_geocoding,True
RJ,3300100,Angra dos Reis,Retiro (Cunhambebe),retiro cunhambebe,-22.99703598,-44.33145905,brasil_aberto_first_street,True
RJ,3300100,Angra dos Reis,Santa Rita do Bracuí (Cunhambebe),santa rita do bracui cunhambebe,-22.93651199,-44.4006958,brasil_aberto_first_street,True
RJ,3300100,Angra dos Reis,São Bento,sao bento,-23.01101494,-44.32209778,brasil_aberto_first_street,True
RJ,3300100,Angra dos Reis,Sapinhatuba I,sapinhatuba i,-23.008528,-44.31863,mapbox_geocoding,True
RJ,3300100,Angra dos Reis,Sapinhatuba III,sapinhatuba iii,-22.988085,-44.24106,mapbox_geocoding,True
RJ,3300100,Angra dos Reis,Serra D'Água (Cunhambebe),serra d agua cunhambebe,-22.80431366,-44.18835449,brasil_aberto_first_street,True
RJ,3300100,Angra dos Reis,Sertão de Mambucaba,sertao de mambucaba,-22.80878,-43.019077,mapbox_geocoding,True
RJ,3300100,Angra dos Reis,Sertão do Bracuí,sertao do bracui,-22.80878,-43.019077,mapbox_geocoding,True
RJ,3300100,Angra dos Reis,Tanguá,tangua,-22.99703598,-44.33145905,brasil_aberto_first_street,True
RJ,3300100,Angra dos Reis,Usina Nuclear (Cunhambebe),usina nuclear cunhambebe,-22.936795,-44.3971156,brasil_aberto_first_street,True
RJ,3300100,Angra dos Reis,Verolme,verolme,,,brasil_aberto,True
RJ,3300100,Angra dos Reis,Vila da Petrobrás,vila da petrobras,-23.0329,-44.236663,mapbox_geocoding,True
RJ,3300100,Angra dos Reis,Vila do Abraão (Ilha Grande),vila do abraao ilha grande,-22.963333,-44.4372,mapbox_geocoding,True
RJ,3300100,Angra dos Reis,Vila dos Pescadores,vila dos pescadores,-23.0369323,-44.1783352,brasil_aberto_first_street,True
RJ,3300100,Angra dos Reis,Vila Histórica de Mambucaba (Mambucaba),vila historica de mambucaba mambucaba,-23.0231543,-44.5150499,brasil_aberto_first_street,True
RJ,3300100,Angra dos Reis,Vila Velha,vila velha,-23.020512,-44.351086,mapbox_geocoding,True
RJ,3300100,Angra dos Reis,Village,village,-22.9953289,-44.23817444,brasil_aberto_first_street,True
RJ,3300100,Angra dos Reis,Zungú,zungu,-22.80878,-43.019077,mapbox_geocoding,True
RJ,3300159,Aperibé,Aperibé,aperibe,-22.309925,-41.75309,mapbox_geocoding,True
RJ,3300159,Aperibé,Área Rural de Aperibé,area rural de aperibe,-21.623264,-42.101418,mapbox_geocoding,True
RJ,3300159,Aperibé,Centro,centro,,,brasil_aberto,True
RJ,3300159,Aperibé,Ponte Seca,ponte seca,,,brasil_aberto,True
RJ,3300159,Aperibé,Porto das Barcas,porto das barcas,,,brasil_aberto,True
RJ,3300209,Araruama,Alto da Boa Vista,alto da boa vista,-22.876632,-42.343484,mapbox_geocoding,True
RJ,3300209,Araruama,Araruama,araruama,-22.872694,-42.33639,mapbox_geocoding,True
RJ,3300209,Araruama,Área Rural de Araruama,area rural de araruama,-22.872694,-42.33639,mapbox_geocoding,True
RJ,3300209,Araruama,Areal,areal,-22.788871,-43.375253,mapbox_geocoding,True
RJ,3300209,Araruama,Atlântico (Praia Seca),atlantico praia seca,-22.937287,-42.302316,mapbox_geocoding,True
RJ,3300209,Araruama,Aurora (Morro Grande),aurora morro grande,-22.848923,-42.333287,mapbox_geocoding,True
RJ,3300209,Araruama,Balneário (Praia Seca),balneario praia seca,-22.929126,-42.361263,mapbox_geocoding,True
RJ,3300209,Araruama,Bananeiras (Iguabinha),bananeiras iguabinha,-22.878877,-42.272226,mapbox_geocoding,True
RJ,3300209,Araruama,Boa Perna,boa perna,-22.859333,-42.348939,mapbox_geocoding,True
RJ,3300209,Araruama,Canal (Praia Seca),canal praia seca,-22.9235,-42.308793,mapbox_geocoding,True
RJ,3300209,Araruama,Centro,centro,-22.873654,-42.343334,mapbox_geocoding,True
RJ,3300209,Araruama,Centro (Iguabinha),centro iguabinha,-22.853731,-42.258622,mapbox_geocoding,True
RJ,3300209,Araruama,Centro (Morro Grande),centro morro grande,-22.868094,-42.372864,mapbox_geocoding,True
RJ,3300209,Araruama,Centro (Praia Seca),centro praia seca,-22.9235,-42.308793,mapbox_geocoding,True
RJ,3300209,Araruama,Centro (São Vicente),centro sao vicente,-22.739298,-42.25952,mapbox_geocoding,True
RJ,3300209,Araruama,Cerâmica,ceramica,-22.856771,-42.328983,mapbox_geocoding,True
RJ,3300209,Araruama,Clube dos Engenheiros,clube dos engenheiros,-22.849578,-42.333378,mapbox_geocoding,True
RJ,3300209,Araruama,Coqueiral,coqueiral,-22.869678,-42.306449,mapbox_geocoding,True
RJ,3300209,Araruama,Fazendinha,fazendinha,-22.888365,-42.348683,mapbox_geocoding,True
RJ,3300209,Araruama,Fonte Limpa,fonte limpa,-22.863828,-42.355122,mapbox_geocoding,True
RJ,3300209,Araruama,Haway,haway,-22.872694,-42.33639,mapbox_geocoding,True
RJ,3300209,Araruama,Hospício,hospicio,-22.888365,-42.348683,mapbox_geocoding,True
RJ,3300209,Araruama,Itatiquara,itatiquara,-22.836149,-42.360262,mapbox_geocoding,True
RJ,3300209,Araruama,Japão,japao,-22.859333,-42.348939,mapbox_geocoding,True
RJ,3300209,Araruama,Jardim Califórnia (Morro Grande),jardim california morro grande,-22.821094,-42.208138,mapbox_geocoding,True
RJ,3300209,Araruama,Jardim São Paulo,jardim sao paulo,-22.859333,-42.348939,mapbox_geocoding,True
RJ,3300209,Araruama,Lagoinha,lagoinha,-22.786224,-42.364372,mapbox_geocoding,True
RJ,3300209,Araruama,Marrecas (Praia Seca),marrecas praia seca,-22.885172,-42.388683,mapbox_geocoding,True
RJ,3300209,Araruama,Monte Belo (Iguabinha),monte belo iguabinha,-22.468752,-43.738355,mapbox_geocoding,True
RJ,3300209,Araruama,Monteiro (São Vicente),monteiro sao vicente,-22.845022,-42.326884,mapbox_geocoding,True
RJ,3300209,Araruama,Morro Grande,morro grande,-22.872694,-42.33639,mapbox_geocoding,True
RJ,3300209,Araruama,Morro Moreno,morro moreno,-22.857609,-42.279317,mapbox_geocoding,True
RJ,3300209,Araruama,Norival Carvalho (São Vicente),norival carvalho sao vicente,-22.760515,-42.263369,mapbox_geocoding,True
RJ,3300209,Araruama,Nossa Senhora de Nazareth,nossa senhora de nazareth,-22.871456,-42.349658,mapbox_geocoding,True
RJ,3300209,Araruama,Novo Horizonte (Iguabinha),novo horizonte iguabinha,-22.866896,-42.286055,mapbox_geocoding,True
RJ,3300209,Araruama,Outeiro,outeiro,-22.872731,-42.360404,mapbox_geocoding,True
RJ,3300209,Araruama,Palmeiras (Morro Grande),palmeiras morro grande,-22.809546,-42.379827,mapbox_geocoding,True
RJ,3300209,Araruama,Paracatu (Morro Grande),paracatu morro grande,-22.861009,-42.28539,mapbox_geocoding,True
RJ,3300209,Araruama,Paraty,paraty,-22.86074,-42.291076,mapbox_geocoding,True
RJ,3300209,Araruama,Parque das Acácias,parque das acacias,-22.856808,-42.341984,mapbox_geocoding,True
RJ,3300209,Araruama,Parque Hotel,parque hotel,-22.86074,-42.291076,mapbox_geocoding,True
RJ,3300209,Araruama,Parque Mataruna,parque mataruna,-22.865618,-42.342755,mapbox_geocoding,True
RJ,3300209,Araruama,Pernambuca (Praia Seca),pernambuca praia seca,-22.9235,-42.308793,mapbox_geocoding,True
RJ,3300209,Araruama,Picada,picada,-22.429973,-43.163193,mapbox_geocoding,True
RJ,3300209,Araruama,Ponta do Capim (Praia Seca),ponta do capim praia seca,-22.9235,-42.308793,mapbox_geocoding,True
RJ,3300209,Araruama,Ponte dos Leites,ponte dos leites,-22.868846,-42.375385,mapbox_geocoding,True
RJ,3300209,Araruama,Pontinha,pontinha,-22.86074,-42.291076,mapbox_geocoding,True
RJ,3300209,Araruama,Praça da Bandeira,praca da bandeira,-22.859333,-42.348939,mapbox_geocoding,True
RJ,3300209,Araruama,Praia Seca,praia seca,,,brasil_aberto,True
RJ,3300209,Araruama,Regamé,regame,-22.872731,-42.360404,mapbox_geocoding,True
RJ,3300209,Araruama,Reserva (Praia Seca),reserva praia seca,-22.924575,-42.309853,mapbox_geocoding,True
RJ,3300209,Araruama,Rio do Limão,rio do limao,-22.866896,-42.286055,mapbox_geocoding,True
RJ,3300209,Araruama,Salinas (Praia Seca),salinas praia seca,-22.9235,-42.308793,mapbox_geocoding,True
RJ,3300209,Araruama,Santana (São Vicente),santana sao vicente,-22.861009,-42.28539,mapbox_geocoding,True
RJ,3300209,Araruama,São Vicente de Paula,sao vicente de paula,-22.872694,-42.33639,mapbox_geocoding,True
RJ,3300209,Araruama,Solar (São Vicente),solar sao vicente,-22.688411,-42.196863,mapbox_geocoding,True
RJ,3300209,Araruama,Tomé (Praia Seca),tome praia seca,-22.922335,-42.304947,mapbox_geocoding,True
RJ,3300209,Araruama,Três Vendas,tres vendas,-22.859333,-42.348939,mapbox_geocoding,True
RJ,3300209,Araruama,Veneza (Praia Seca),veneza praia seca,-22.934001,-42.307267,mapbox_geocoding,True
RJ,3300209,Araruama,Viaduto,viaduto,-22.885211,-42.361087,mapbox_geocoding,True
RJ,3300209,Araruama,Vila Canaã,vila canaa,-22.875828,-42.26272,mapbox_geocoding,True
RJ,3300209,Araruama,Vila Capri,vila capri,-22.845243,-42.20026,mapbox_geocoding,True
RJ,3300209,Araruama,Vila Cássia (Praia Seca),vila cassia praia seca,-22.924575,-42.309853,mapbox_geocoding,True
RJ,3300209,Araruama,XV de Novembro,xv de novembro,-22.845243,-42.20026,mapbox_geocoding,True
RJ,3300225,Areal,Área Rural de Areal,area rural de areal,-22.236652,-43.101803,mapbox_geocoding,True
RJ,3300225,Areal,Areal,areal,-22.230799,-43.104907,mapbox_geocoding,True
RJ,3300233,Armação dos Búzios,Albatroz,albatroz,-22.755255,-41.8872,mapbox_geocoding,True
RJ,3300233,Armação dos Búzios,Alto da Marina,alto da marina,-22.758652,-41.8908,mapbox_geocoding,True
RJ,3300233,Armação dos Búzios,Alto de Búzios,alto de buzios,-22.758652,-41.8908,mapbox_geocoding,True
RJ,3300233,Armação dos Búzios,Área Rural de Armação dos Búzios,area rural de armacao dos buzios,-22.755255,-41.8872,mapbox_geocoding,True
RJ,3300233,Armação dos Búzios,Armação,armacao,-22.750182,-41.880776,mapbox_geocoding,True
RJ,3300233,Armação dos Búzios,Arpoador,arpoador,-22.744524,-41.954049,mapbox_geocoding,True
RJ,3300233,Armação dos Búzios,Baía Formosa,baia formosa,-22.77683,-41.933387,mapbox_geocoding,True
RJ,3300233,Armação dos Búzios,Bosque de Geribá,bosque de geriba,-22.77683,-41.933387,mapbox_geocoding,True
RJ,3300233,Armação dos Búzios,Brava,brava,-22.758301,-41.880106,mapbox_geocoding,True
RJ,3300233,Armação dos Búzios,Canto,canto,-22.758652,-41.8908,mapbox_geocoding,True
RJ,3300233,Armação dos Búzios,Capão,capao,-22.790417,-41.936827,mapbox_geocoding,True
RJ,3300233,Armação dos Búzios,Caravelas,caravelas,-22.7975482,-41.9690279,brasil_aberto_first_street,True
RJ,3300233,Armação dos Búzios,Cem Braças,cem bracas,-22.77683,-41.933387,mapbox_geocoding,True
RJ,3300233,Armação dos Búzios,Centro,centro,,,brasil_aberto,True
RJ,3300233,Armação dos Búzios,Centro (Mangue),centro mangue,-22.7565874,-41.8850089,brasil_aberto_first_street,True
RJ,3300233,Armação dos Búzios,Enseada do Gancho,enseada do gancho,-22.766081,-41.899238,mapbox_geocoding,True
RJ,3300233,Armação dos Búzios,Ferradura,ferradura,-22.771988,-41.893246,mapbox_geocoding,True
RJ,3300233,Armação dos Búzios,Ferradurinha,ferradurinha,-22.755255,-41.8872,mapbox_geocoding,True
RJ,3300233,Armação dos Búzios,Forno,forno,-22.758301,-41.880106,mapbox_geocoding,True
RJ,3300233,Armação dos Búzios,Geribá,geriba,-22.775957,-41.906,mapbox_geocoding,True
RJ,3300233,Armação dos Búzios,Golfe,golfe,-22.758652,-41.8908,mapbox_geocoding,True
RJ,3300233,Armação dos Búzios,Humaitá,humaita,-22.750182,-41.880776,mapbox_geocoding,True
RJ,3300233,Armação dos Búzios,João Fernandes,joao fernandes,-22.745207,-41.876025,mapbox_geocoding,True
RJ,3300233,Armação dos Búzios,José Gonçalves,jose goncalves,-22.77683,-41.933387,mapbox_geocoding,True
RJ,3300233,Armação dos Búzios,Malhada,malhada,-22.810824,-41.978145,mapbox_geocoding,True
RJ,3300233,Armação dos Búzios,Manguinhos,manguinhos,-22.775957,-41.906,mapbox_geocoding,True
RJ,3300233,Armação dos Búzios,Marina,marina,-22.755255,-41.8872,mapbox_geocoding,True
RJ,3300233,Armação dos Búzios,Ossos,ossos,-22.758652,-41.8908,mapbox_geocoding,True
RJ,3300233,Armação dos Búzios,Portal da Ferradura,portal da ferradura,-22.758652,-41.8908,mapbox_geocoding,True
RJ,3300233,Armação dos Búzios,Praia Rasa,praia rasa,-22.743992,-41.953518,mapbox_geocoding,True
RJ,3300233,Armação dos Búzios,Rasa,rasa,-22.742836,-41.955931,mapbox_geocoding,True
RJ,3300233,Armação dos Búzios,São José,sao jose,-22.77683,-41.933387,mapbox_geocoding,True
RJ,3300233,Armação dos Búzios,Tartaruga,tartaruga,-22.758652,-41.8908,mapbox_geocoding,True
RJ,3300233,Armação dos Búzios,Tucuns,tucuns,-22.797284,-41.930816,mapbox_geocoding,True
RJ,3300233,Armação dos Búzios,Vila Caranga,vila caranga,-22.758652,-41.8908,mapbox_geocoding,True
RJ,3300233,Armação dos Búzios,Vila Verde,vila verde,-22.761988,-41.995742,mapbox_geocoding,True
RJ,3300258,Arraial do Cabo,Baleia,baleia,-22.968826,-42.02128,mapbox_geocoding,True
RJ,3300258,Arraial do Cabo,Boa Vista,boa vista,-22.967462,-42.030368,mapbox_geocoding,True
RJ,3300258,Arraial do Cabo,Caiçara (Figueira),caicara figueira,-22.921222,-42.21105,mapbox_geocoding,True
RJ,3300258,Arraial do Cabo,Cambuinha (Monte Alto),cambuinha monte alto,-22.948299,-42.049655,mapbox_geocoding,True
RJ,3300258,Arraial do Cabo,Canaã,canaa,-22.972476,-42.028521,mapbox_geocoding,True
RJ,3300258,Arraial do Cabo,Centro,centro,-22.923221,-42.223566,mapbox_geocoding,True
RJ,3300258,Arraial do Cabo,Figueira (Figueira),figueira figueira,-22.946571,-42.154507,mapbox_geocoding,True
RJ,3300258,Arraial do Cabo,Gaivota (Figueira),gaivota figueira,-22.946571,-42.154507,mapbox_geocoding,True
RJ,3300258,Arraial do Cabo,Garças (Figueira),garcas figueira,-22.943824,-42.152351,mapbox_geocoding,True
RJ,3300258,Arraial do Cabo,Lagoa Azul (Monte Alto),lagoa azul monte alto,-22.918751,-42.038192,mapbox_geocoding,True
RJ,3300258,Arraial do Cabo,Macedônia,macedonia,-22.923221,-42.223566,mapbox_geocoding,True
RJ,3300258,Arraial do Cabo,Monte Alto (Monte Alto),monte alto monte alto,-22.946917,-42.118313,mapbox_geocoding,True
RJ,3300258,Arraial do Cabo,Morro da Cabocla,morro da cabocla,-22.962847,-42.022045,mapbox_geocoding,True
RJ,3300258,Arraial do Cabo,Novo Arraial (Figueira),novo arraial figueira,-22.928808,-42.203738,mapbox_geocoding,True
RJ,3300258,Arraial do Cabo,Parque da Figueira (Figueira),parque da figueira figueira,-22.945672,-42.102023,mapbox_geocoding,True
RJ,3300258,Arraial do Cabo,Pernambuca (Pernambuca),pernambuca pernambuca,-22.929063,-42.28151,mapbox_geocoding,True
RJ,3300258,Arraial do Cabo,Pontal do Atalaia,pontal do atalaia,-22.991095,-42.014369,mapbox_geocoding,True
RJ,3300258,Arraial do Cabo,Praia do Forno,praia do forno,-22.968961,-42.018752,mapbox_geocoding,True
RJ,3300258,Arraial do Cabo,Praia do Pontal,praia do pontal,-22.936514,-42.040288,mapbox_geocoding,True
RJ,3300258,Arraial do Cabo,Praia dos Anjos,praia dos anjos,-22.923221,-42.223566,mapbox_geocoding,True
RJ,3300258,Arraial do Cabo,Praia Grande,praia grande,-22.923221,-42.223566,mapbox_geocoding,True
RJ,3300258,Arraial do Cabo,Prainha,prainha,-22.965017,-42.028922,mapbox_geocoding,True
RJ,3300258,Arraial do Cabo,Rebeche,rebeche,-22.966086,-42.031577,mapbox_geocoding,True
RJ,3300258,Arraial do Cabo,Recanto das Orquídeas (Pernambuca),recanto das orquideas pernambuca,-22.968826,-42.02128,mapbox_geocoding,True
RJ,3300258,Arraial do Cabo,Sabiá (Figueira),sabia figueira,-22.925052,-42.21239,mapbox_geocoding,True
RJ,3300258,Arraial do Cabo,Santa Clara (Monte Alto),santa clara monte alto,-22.945672,-42.102023,mapbox_geocoding,True
RJ,3300258,Arraial do Cabo,Sítio,sitio,-22.967672,-42.023023,mapbox_geocoding,True
RJ,3300258,Arraial do Cabo,Summer Beach (Monte Alto),summer beach monte alto,-22.918751,-42.038192,mapbox_geocoding,True
RJ,3300258,Arraial do Cabo,Verdadeiro Monte Alto (Monte Alto),verdadeiro monte alto monte alto,-22.968826,-42.02128,mapbox_geocoding,True
RJ,3300258,Arraial do Cabo,Village do Pontal,village do pontal,-22.950617,-42.03256,mapbox_geocoding,True
RJ,3300258,Arraial do Cabo,Villagio Valtellina (Pernambuca),villagio valtellina pernambuca,-22.945672,-42.102023,mapbox_geocoding,True
RJ,3300258,Arraial do Cabo,Zona de Expansão 1,zona de expansao 1,-22.960684,-42.02628,mapbox_geocoding,True
RJ,3300258,Arraial do Cabo,Zona de Expansão 10 (Monte Alto),zona de expansao 10 monte alto,-22.945672,-42.102023,mapbox_geocoding,True
RJ,3300258,Arraial do Cabo,Zona de Expansão 11 (Monte Alto),zona de expansao 11 monte alto,-22.945672,-42.102023,mapbox_geocoding,True
RJ,3300258,Arraial do Cabo,Zona de Expansão 12 (Figueira),zona de expansao 12 figueira,-22.945672,-42.102023,mapbox_geocoding,True
RJ,3300258,Arraial do Cabo,Zona de Expansão 13 (Figueira),zona de expansao 13 figueira,-22.945672,-42.102023,mapbox_geocoding,True
RJ,3300258,Arraial do Cabo,Zona de Expansão 3,zona de expansao 3,-22.936514,-42.040288,mapbox_geocoding,True
RJ,3300258,Arraial do Cabo,Zona de Expansão 4,zona de expansao 4,-22.914241,-42.062021,mapbox_geocoding,True
RJ,3300258,Arraial do Cabo,Zona de Expansão 5,zona de expansao 5,-22.914241,-42.062021,mapbox_geocoding,True
RJ,3300258,Arraial do Cabo,Zona de Expansão 6,zona de expansao 6,-22.945672,-42.102023,mapbox_geocoding,True
RJ,3300258,Arraial do Cabo,Zona de Expansão 7,zona de expansao 7,-22.945672,-42.102023,mapbox_geocoding,True
RJ,3300258,Arraial do Cabo,Zona de Expansão 8,zona de expansao 8,-22.945672,-42.102023,mapbox_geocoding,True
RJ,3300258,Arraial do Cabo,Zona de Expansão 9 (Monte Alto),zona de expansao 9 monte alto,-22.945672,-42.102023,mapbox_geocoding,True
RJ,3300308,Barra do Piraí,Área Rural de Barra do Piraí,area rural de barra do pirai,-22.46260452,-43.8185997,brasil_aberto_first_street,True
RJ,3300308,Barra do Piraí,Areal,areal,-22.48700523,-43.83212662,brasil_aberto_first_street,True
RJ,3300308,Barra do Piraí,Arthur Cataldi,arthur cataldi,-22.4485028,-43.7987159,brasil_aberto_first_street,True
RJ,3300308,Barra do Piraí,Bairro de Fátima (Califórnia da Barra),bairro de fatima california da barra,-22.476758,-44.044699,mapbox_geocoding,True
RJ,3300308,Barra do Piraí,Belvedere da Taquara,belvedere da taquara,-22.45653343,-43.83911514,brasil_aberto_first_street,True
RJ,3300308,Barra do Piraí,Boa Sorte,boa sorte,-22.48308945,-43.83271408,brasil_aberto_first_street,True
RJ,3300308,Barra do Piraí,Boa Vista da Barra (Califórnia da Barra),boa vista da barra california da barra,-22.425896,-43.765629,mapbox_geocoding,True
RJ,3300308,Barra do Piraí,Boca do Mato,boca do mato,-22.87722778,-43.24363708,brasil_aberto_first_street,True
RJ,3300308,Barra do Piraí,Caieira São Pedro,caieira sao pedro,-22.46638298,-43.81968307,brasil_aberto_first_street,True
RJ,3300308,Barra do Piraí,Caieira Velha,caieira velha,-22.48239326,-43.82342529,brasil_aberto_first_street,True
RJ,3300308,Barra do Piraí,Caixa D'Água Velha,caixa d agua velha,-22.4867299,-43.8437402,brasil_aberto_first_street,True
RJ,3300308,Barra do Piraí,Califórnia da Barra,california da barra,,,brasil_aberto,True
RJ,3300308,Barra do Piraí,Campo Bom,campo bom,-22.47726059,-43.85198212,brasil_aberto_first_street,True
RJ,3300308,Barra do Piraí,Cantão,cantao,-22.808884,-43.014975,mapbox_geocoding,True
RJ,3300308,Barra do Piraí,Carlos Queiroz,carlos queiroz,-22.47585487,-43.81613159,brasil_aberto_first_street,True
RJ,3300308,Barra do Piraí,Carvão,carvao,-22.4897284,-43.8158314,brasil_aberto_first_street,True
RJ,3300308,Barra do Piraí,Centro,centro,-22.4685389,-43.8275186,brasil_aberto_first_street,True
RJ,3300308,Barra do Piraí,Centro (Califórnia da Barra),centro california da barra,-22.484066,-44.048196,mapbox_geocoding,True
RJ,3300308,Barra do Piraí,Centro (Dorândia),centro dorandia,-22.46881,-43.825127,mapbox_geocoding,True
RJ,3300308,Barra do Piraí,Centro (Ipiabas),centro ipiabas,-22.808884,-43.014975,mapbox_geocoding,True
RJ,3300308,Barra do Piraí,Centro (São José do Turvo),centro sao jose do turvo,-22.378807,-44.033342,mapbox_geocoding,True
RJ,3300308,Barra do Piraí,Centro (Vargem Alegre),centro vargem alegre,-22.495224,-43.935489,mapbox_geocoding,True
RJ,3300308,Barra do Piraí,Cerâmica União (Califórnia da Barra),ceramica uniao california da barra,-22.476758,-44.044699,mapbox_geocoding,True
RJ,3300308,Barra do Piraí,Chácara Farani,chacara farani,-22.97724724,-43.41145706,brasil_aberto_first_street,True
RJ,3300308,Barra do Piraí,Chalet,chalet,-22.53278732,-43.81266403,brasil_aberto_first_street,True
RJ,3300308,Barra do Piraí,Coimbra,coimbra,-22.4376,-43.80692,mapbox_geocoding,True
RJ,3300308,Barra do Piraí,Dorândia,dorandia,,,brasil_aberto,True
RJ,3300308,Barra do Piraí,Dorândia (Dorândia),dorandia dorandia,-22.46881,-43.825127,mapbox_geocoding,True
RJ,3300308,Barra do Piraí,Doutor Mesquita,doutor mesquita,-22.808884,-43.014975,mapbox_geocoding,True
RJ,3300308,Barra do Piraí,Grota Funda,grota funda,-22.4525383,-43.7947072,brasil_aberto_first_street,True
RJ,3300308,Barra do Piraí,Ipiabas,ipiabas,,,brasil_aberto,True
RJ,3300308,Barra do Piraí,Lago Azul,lago azul,-21.92795181,-42.78233719,brasil_aberto_first_street,True
RJ,3300308,Barra do Piraí,Maracanã,maracana,-22.48693275,-43.8111496,brasil_aberto_first_street,True
RJ,3300308,Barra do Piraí,Matadouro,matadouro,-22.46034813,-43.82673264,brasil_aberto_first_street,True
RJ,3300308,Barra do Piraí,Metalúrgica,metalurgica,-22.47070885,-43.83227158,brasil_aberto_first_street,True
RJ,3300308,Barra do Piraí,Minuano,minuano,-22.46881,-43.825127,mapbox_geocoding,True
RJ,3300308,Barra do Piraí,Morada do Vale (Califórnia da Barra),morada do vale california da barra,-22.484066,-44.048196,mapbox_geocoding,True
RJ,3300308,Barra do Piraí,Morro do Gama,morro do gama,-22.480774,-43.8276419,brasil_aberto_first_street,True
RJ,3300308,Barra do Piraí,Morro do Paraíso,morro do paraiso,-22.47237778,-43.82473755,brasil_aberto_first_street,True
RJ,3300308,Barra do Piraí,Muqueca,muqueca,-22.47387123,-43.81758881,brasil_aberto_first_street,True
RJ,3300308,Barra do Piraí,Nossa Senhora de Santana,nossa senhora de santana,-22.465137,-43.8300777,brasil_aberto_first_street,True
RJ,3300308,Barra do Piraí,Novo México,novo mexico,-22.46440125,-43.81346893,brasil_aberto_first_street,True
RJ,3300308,Barra do Piraí,Oficinas Velhas,oficinas velhas,-22.47991,-43.840015,mapbox_geocoding,True
RJ,3300308,Barra do Piraí,Parque Almirante,parque almirante,-22.7346859,-43.31927872,brasil_aberto_first_street,True
RJ,3300308,Barra do Piraí,Parque Santana,parque santana,-22.5095253,-43.8054657,brasil_aberto_first_street,True
RJ,3300308,Barra do Piraí,Parque São Joaquim,parque sao joaquim,-22.45817566,-43.80675125,brasil_aberto_first_street,True
RJ,3300308,Barra do Piraí,Parque São José,parque sao jose,-22.4601485,-43.8484919,brasil_aberto_first_street,True
RJ,3300308,Barra do Piraí,Ponte do Andrade,ponte do andrade,-22.50623512,-43.81261444,brasil_aberto_first_street,True
RJ,3300308,Barra do Piraí,Ponte Preta,ponte preta,-22.391365,-43.866685,mapbox_geocoding,True
RJ,3300308,Barra do Piraí,Ponte Vermelha,ponte vermelha,-22.50526237,-43.81977081,brasil_aberto_first_street,True
RJ,3300308,Barra do Piraí,Química,quimica,-22.4610483,-43.8126106,brasil_aberto_first_street,True
RJ,3300308,Barra do Piraí,Recanto Feliz (Califórnia da Barra),recanto feliz california da barra,-22.484066,-44.048196,mapbox_geocoding,True
RJ,3300308,Barra do Piraí,Represa,represa,-22.47152138,-43.81384277,brasil_aberto_first_street,True
RJ,3300308,Barra do Piraí,Roseira,roseira,-22.69681931,-43.41152573,brasil_aberto_first_street,True
RJ,3300308,Barra do Piraí,Santa Terezinha (Califórnia da Barra),santa terezinha california da barra,-22.425896,-43.765629,mapbox_geocoding,True
RJ,3300308,Barra do Piraí,Santana da Barra,santana da barra,-22.46346664,-43.82866287,brasil_aberto_first_street,True
RJ,3300308,Barra do Piraí,Santo Antônio,santo antonio,-22.808884,-43.014975,mapbox_geocoding,True
RJ,3300308,Barra do Piraí,Santo Cristo,santo cristo,-22.5338114,-43.7975973,brasil_aberto_first_street,True
RJ,3300308,Barra do Piraí,São Francisco (Califórnia da Barra),sao francisco california da barra,-22.46881,-43.825127,mapbox_geocoding,True
RJ,3300308,Barra do Piraí,São João,sao joao,-22.48045921,-43.81748199,brasil_aberto_first_street,True
RJ,3300308,Barra do Piraí,São José do Turvo,sao jose do turvo,,,brasil_aberto,True
RJ,3300308,Barra do Piraí,São Luís,sao luis,-22.4563961,-43.80102539,brasil_aberto_first_street,True
RJ,3300308,Barra do Piraí,São Luiz da Barra (Califórnia da Barra),sao luiz da barra california da barra,-22.459476,-44.058129,mapbox_geocoding,True
RJ,3300308,Barra do Piraí,São Luiz de Ipiabas (Ipiabas),sao luiz de ipiabas ipiabas,-22.46359,-43.767902,mapbox_geocoding,True
RJ,3300308,Barra do Piraí,Vale do Ipiranga,vale do ipiranga,-22.4451387,-43.7838663,brasil_aberto_first_street,True
RJ,3300308,Barra do Piraí,Vargem Alegre,vargem alegre,,,brasil_aberto,True
RJ,3300308,Barra do Piraí,Vargem Alegre (Vargem Alegre),vargem alegre vargem alegre,-22.425896,-43.765629,mapbox_geocoding,True
RJ,3300308,Barra do Piraí,Vargem Grande,vargem grande,-22.48498154,-43.82099915,brasil_aberto_first_street,True
RJ,3300308,Barra do Piraí,Vila Helena,vila helena,-22.468594,-43.827057,mapbox_geocoding,True
RJ,3300308,Barra do Piraí,Vila Pegas (Ipiabas),vila pegas ipiabas,-22.37878,-43.880285,mapbox_geocoding,True
RJ,3300308,Barra do Piraí,Vila Suíça,vila suica,-22.45979118,-43.81804657,brasil_aberto_first_street,True
RJ,3300407,Barra Mansa,9 de Abril,9 de abril,-22.5567142,-44.1516371,brasil_aberto_first_street,True
RJ,3300407,Barra Mansa,Abelhas,abelhas,-22.55177689,-44.17401886,brasil_aberto_first_street,True
RJ,3300407,Barra Mansa,Água Comprida,agua comprida,-22.52150536,-44.18372726,brasil_aberto_first_street,True
RJ,3300407,Barra Mansa,Ano Bom,ano bom,-22.54125023,-44.16371918,brasil_aberto_first_street,True
RJ,3300407,Barra Mansa,Antônio Rocha,antonio rocha,-22.64779091,-44.15211868,brasil_aberto_first_street,True
RJ,3300407,Barra Mansa,Apóstolo Paulo,apostolo paulo,-22.55760765,-44.16519928,brasil_aberto_first_street,True
RJ,3300407,Barra Mansa,Área Rural de Barra Mansa,area rural de barra mansa,-22.52886581,-44.20610428,brasil_aberto_first_street,True
RJ,3300407,Barra Mansa,Assunção,assuncao,-22.5471077,-44.11260986,brasil_aberto_first_street,True
RJ,3300407,Barra Mansa,Barbara,barbara,-22.534852,-44.1164085,brasil_aberto_first_street,True
RJ,3300407,Barra Mansa,Boa Sorte,boa sorte,-22.5527515,-44.1568492,brasil_aberto_first_street,True
RJ,3300407,Barra Mansa,Boa Vista,boa vista,-22.547957,-44.114195,brasil_aberto_first_street,True
RJ,3300407,Barra Mansa,Boa Vista I,boa vista i,-22.56002235,-44.12174988,brasil_aberto_first_street,True
RJ,3300407,Barra Mansa,Boa Vista II,boa vista ii,-22.79276085,-43.28478241,brasil_aberto_first_street,True
RJ,3300407,Barra Mansa,Boa Vista III,boa vista iii,-22.556528,-44.11858,mapbox_geocoding,True
RJ,3300407,Barra Mansa,Bocaininha,bocaininha,-22.5311995,-44.195014,brasil_aberto_first_street,True
RJ,3300407,Barra Mansa,Bom Pastor,bom pastor,-21.22193909,-43.77248001,brasil_aberto_first_street,True
RJ,3300407,Barra Mansa,Cajueiro,cajueiro,-22.53747177,-44.12905121,brasil_aberto_first_street,True
RJ,3300407,Barra Mansa,Cantagalo,cantagalo,-22.54514503,-44.19945526,brasil_aberto_first_street,True
RJ,3300407,Barra Mansa,Centro,centro,-22.55393219,-44.1690712,brasil_aberto_first_street,True
RJ,3300407,Barra Mansa,Cicuta,cicuta,-22.5408519,-44.1772604,brasil_aberto_first_street,True
RJ,3300407,Barra Mansa,Colônia Santo Antônio,colonia santo antonio,-22.53826332,-44.2303772,brasil_aberto_first_street,True
RJ,3300407,Barra Mansa,Cotiara,cotiara,-22.546518,-44.182594,brasil_aberto_first_street,True
RJ,3300407,Barra Mansa,Floriano,floriano,-22.5446653,-44.1739515,brasil_aberto_first_street,True
RJ,3300407,Barra Mansa,Getúlio Vargas,getulio vargas,-22.52966881,-44.15727997,brasil_aberto_first_street,True
RJ,3300407,Barra Mansa,Goiabal,goiabal,-22.58189011,-44.17157364,brasil_aberto_first_street,True
RJ,3300407,Barra Mansa,Jardim Alice,jardim alice,-22.55016899,-44.14189529,brasil_aberto_first_street,True
RJ,3300407,Barra Mansa,Jardim Alvorada,jardim alvorada,-22.75824165,-43.48953629,brasil_aberto_first_street,True
RJ,3300407,Barra Mansa,Jardim América,jardim america,-22.56515121,-44.17343903,brasil_aberto_first_street,True
RJ,3300407,Barra Mansa,Jardim Boa Vista,jardim boa vista,-22.54249001,-44.19992065,brasil_aberto_first_street,True
RJ,3300407,Barra Mansa,Jardim Central,jardim central,-22.52723694,-44.18243027,brasil_aberto_first_street,True
RJ,3300407,Barra Mansa,Jardim Guanabara,jardim guanabara,-22.71128082,-43.26296997,brasil_aberto_first_street,True
RJ,3300407,Barra Mansa,Jardim Marilu,jardim marilu,-22.57719231,-44.18011856,brasil_aberto_first_street,True
RJ,3300407,Barra Mansa,Jardim Ponte Alta,jardim ponte alta,-22.5390503,-44.1258082,brasil_aberto_first_street,True
RJ,3300407,Barra Mansa,Jardim Primavera,jardim primavera,-22.56746674,-44.16638565,brasil_aberto_first_street,True
RJ,3300407,Barra Mansa,Jardim Redentor,jardim redentor,-22.56031227,-44.11124802,brasil_aberto_first_street,True
RJ,3300407,Barra Mansa,Km - 4,km 4,-22.5678429,-44.1928927,brasil_aberto_first_street,True
RJ,3300407,Barra Mansa,Km - 7,km 7,-22.552103,-44.186723,mapbox_geocoding,True
RJ,3300407,Barra Mansa,Loteamento Aiuruoca,loteamento aiuruoca,-22.50725555,-44.18846893,brasil_aberto_first_street,True
RJ,3300407,Barra Mansa,Loteamento Belo Horizonte,loteamento belo horizonte,-22.5102159,-44.19308210000001,brasil_aberto_first_street,True
RJ,3300407,Barra Mansa,Loteamento Boa Vista,loteamento boa vista,-22.55880928,-44.12628937,brasil_aberto_first_street,True
RJ,3300407,Barra Mansa,Loteamento Chinês,loteamento chines,-22.53238106,-44.14716339,brasil_aberto_first_street,True
RJ,3300407,Barra Mansa,Loteamento Cristo Redentor,loteamento cristo redentor,-22.53663445,-44.16811371,brasil_aberto_first_street,True
RJ,3300407,Barra Mansa,Loteamento da Chácara,loteamento da chacara,-22.54972649,-44.17337036,brasil_aberto_first_street,True
RJ,3300407,Barra Mansa,Loteamento Jardim Monique,loteamento jardim monique,-22.58467865,-44.19107819,brasil_aberto_first_street,True
RJ,3300407,Barra Mansa,Loteamento Morada da Colonia,loteamento morada da colonia,-22.537184,-44.2169577,brasil_aberto_first_street,True
RJ,3300407,Barra Mansa,Loteamento Primavera,loteamento primavera,-22.468693,-44.2799242,brasil_aberto_first_street,True
RJ,3300407,Barra Mansa,Loteamento São Sebastião,loteamento sao sebastiao,-22.55814362,-44.12822723,brasil_aberto_first_street,True
RJ,3300407,Barra Mansa,Loteamento São Vicente,loteamento sao vicente,-22.5404605,-44.1922932,brasil_aberto_first_street,True
RJ,3300407,Barra Mansa,Loteamento Sofia,loteamento sofia,-22.5105797,-44.1927033,brasil_aberto_first_street,True
RJ,3300407,Barra Mansa,Mangueira,mangueira,-22.653099,-44.157376,mapbox_geocoding,True
RJ,3300407,Barra Mansa,Metalúrgico,metalurgico,-22.5414753,-44.11325836,brasil_aberto_first_street,True
RJ,3300407,Barra Mansa,Minerlândia,minerlandia,-22.53462791,-44.11809158,brasil_aberto_first_street,True
RJ,3300407,Barra Mansa,Moinho de Vento,moinho de vento,-22.58621216,-44.11306381,brasil_aberto_first_street,True
RJ,3300407,Barra Mansa,Monte Cristo,monte cristo,-22.56181526,-44.17073059,brasil_aberto_first_street,True
RJ,3300407,Barra Mansa,Morada da Colonia I,morada da colonia i,-22.5357138,-44.2011213,brasil_aberto_first_street,True
RJ,3300407,Barra Mansa,Morada da Granja,morada da granja,-22.53485107,-44.1164093,brasil_aberto_first_street,True
RJ,3300407,Barra Mansa,Morada da Granja II,morada da granja ii,-22.53941536,-44.12097931,brasil_aberto_first_street,True
RJ,3300407,Barra Mansa,Morada do Vale,morada do vale,-22.53274536,-44.19987869,brasil_aberto_first_street,True
RJ,3300407,Barra Mansa,Morada Verde,morada verde,-22.54011726,-44.19867325,brasil_aberto_first_street,True
RJ,3300407,Barra Mansa,Nossa Senhora Aparecida,nossa senhora aparecida,-22.5754596,-44.1594483,brasil_aberto_first_street,True
RJ,3300407,Barra Mansa,Nossa Senhora de Fátima,nossa senhora de fatima,-22.54042053,-44.18618774,brasil_aberto_first_street,True
RJ,3300407,Barra Mansa,Nossa Senhora de Lourdes,nossa senhora de lourdes,-21.0320549,-41.98867416,brasil_aberto_first_street,True
RJ,3300407,Barra Mansa,Nossa Senhora do Amparo,nossa senhora do amparo,-22.41825104,-44.14522552,brasil_aberto_first_street,True
RJ,3300407,Barra Mansa,Nossa Senhora dos Remédios,nossa senhora dos remedios,-22.5743328,-44.1601602,brasil_aberto_first_street,True
RJ,3300407,Barra Mansa,Nova Esperança,nova esperanca,-22.5658493,-44.16299438,brasil_aberto_first_street,True
RJ,3300407,Barra Mansa,Novo Horizonte,novo horizonte,-22.54009628,-44.24232483,brasil_aberto_first_street,True
RJ,3300407,Barra Mansa,Paraíso,paraiso,-22.536693,-44.133417,mapbox_geocoding,True
RJ,3300407,Barra Mansa,Parque Independência,parque independencia,-22.5360508,-44.1605835,brasil_aberto_first_street,True
RJ,3300407,Barra Mansa,Piteiras,piteiras,-22.55954742,-44.14993286,brasil_aberto_first_street,True
RJ,3300407,Barra Mansa,Pombal,pombal,-22.5408519,-44.1772604,brasil_aberto_first_street,True
RJ,3300407,Barra Mansa,Ponte Alta,ponte alta,-22.54268074,-44.13090134,brasil_aberto_first_street,True
RJ,3300407,Barra Mansa,Recanto do Sol,recanto do sol,-22.5407716,-44.128227,brasil_aberto_first_street,True
RJ,3300407,Barra Mansa,Rialto,rialto,-22.54923439,-44.21102524,brasil_aberto_first_street,True
RJ,3300407,Barra Mansa,Roberto Silveira,roberto silveira,-22.53897858,-44.17828369,brasil_aberto_first_street,True
RJ,3300407,Barra Mansa,Roselândia,roselandia,-22.5697,-44.16181,mapbox_geocoding,True
RJ,3300407,Barra Mansa,Santa Clara,santa clara,-22.58418083,-44.17502213,brasil_aberto_first_street,True
RJ,3300407,Barra Mansa,Santa Ines,santa ines,-22.53551102,-44.11352539,brasil_aberto_first_street,True
RJ,3300407,Barra Mansa,Santa Izabel,santa izabel,-22.5242008,-44.16480689999999,brasil_aberto_first_street,True
RJ,3300407,Barra Mansa,Santa Lúcia,santa lucia,-22.5869503,-44.17860031,brasil_aberto_first_street,True
RJ,3300407,Barra Mansa,Santa Maria I,santa maria i,-22.52770233,-44.2046051,brasil_aberto_first_street,True
RJ,3300407,Barra Mansa,Santa Maria II,santa maria ii,-22.52872086,-44.20348358,brasil_aberto_first_street,True
RJ,3300407,Barra Mansa,Santa Maria III,santa maria iii,-22.52679062,-44.20077896,brasil_aberto_first_street,True
RJ,3300407,Barra Mansa,Santa Rita,santa rita,-22.528582,-44.179612,mapbox_geocoding,True
RJ,3300407,Barra Mansa,Santa Rita de Cássia,santa rita de cassia,-22.87455368,-43.36968231,brasil_aberto_first_street,True
RJ,3300407,Barra Mansa,Santa Rosa,santa rosa,-22.53390694,-44.16920853,brasil_aberto_first_street,True
RJ,3300407,Barra Mansa,São Carlos,sao carlos,-22.54991913,-44.11720276,brasil_aberto_first_street,True
RJ,3300407,Barra Mansa,São Domingos,sao domingos,-22.5363817,-44.182189,brasil_aberto_first_street,True
RJ,3300407,Barra Mansa,São Francisco de Assis,sao francisco de assis,-22.52461815,-44.15941238,brasil_aberto_first_street,True
RJ,3300407,Barra Mansa,São Genaro,sao genaro,-22.575974,-44.1946309,brasil_aberto_first_street,True
RJ,3300407,Barra Mansa,São Judas Tadeu,sao judas tadeu,-22.5301697,-44.1467216,brasil_aberto_first_street,True
RJ,3300407,Barra Mansa,São Lucas,sao lucas,-22.53639603,-44.21865463,brasil_aberto_first_street,True
RJ,3300407,Barra Mansa,São Luís,sao luis,-22.557661,-44.156998,mapbox_geocoding,True
RJ,3300407,Barra Mansa,São Luiz,sao luiz,-22.5661709,-44.173775,brasil_aberto_first_street,True
RJ,3300407,Barra Mansa,São Paulo,sao paulo,-22.5408519,-44.1772604,brasil_aberto_first_street,True
RJ,3300407,Barra Mansa,São Pedro,sao pedro,-22.5740802,-44.17973809999999,brasil_aberto_first_street,True
RJ,3300407,Barra Mansa,São Sebastião,sao sebastiao,-22.54432869,-44.11697006,brasil_aberto_first_street,True
RJ,3300407,Barra Mansa,São Silvestre,sao silvestre,-22.54394341,-44.18480682,brasil_aberto_first_street,True
RJ,3300407,Barra Mansa,Saudade,saudade,-22.53139305,-44.18904877,brasil_aberto_first_street,True
RJ,3300407,Barra Mansa,Siderlandia,siderlandia,-22.577478,-44.159626,mapbox_geocoding,True
RJ,3300407,Barra Mansa,Vale do Paraíba,vale do paraiba,-22.53193855,-44.14222336,brasil_aberto_first_street,True
RJ,3300407,Barra Mansa,Verbo Divino,verbo divino,-22.54697037,-44.17457581,brasil_aberto_first_street,True
RJ,3300407,Barra Mansa,Vila Coringa,vila coringa,-22.52462387,-44.17404175,brasil_aberto_first_street,True
RJ,3300407,Barra Mansa,Vila Elmira,vila elmira,-22.54093552,-44.13705826,brasil_aberto_first_street,True
RJ,3300407,Barra Mansa,Vila Independência,vila independencia,-22.56750679,-44.17759705,brasil_aberto_first_street,True
RJ,3300407,Barra Mansa,Vila Maria,vila maria,-22.533649,-44.183669,mapbox_geocoding,True
RJ,3300407,Barra Mansa,Vila Nova,vila nova,-22.87490654,-43.46873093,brasil_aberto_first_street,True
RJ,3300407,Barra Mansa,Vila Orlandelia,vila orlandelia,-22.53786278,-44.15987015,brasil_aberto_first_street,True
RJ,3300407,Barra Mansa,Vila Principal,vila principal,-22.564998,-44.1616768,brasil_aberto_first_street,True
RJ,3300407,Barra Mansa,Vila Santa Maria,vila santa maria,-22.52654266,-44.20208359,brasil_aberto_first_street,True
RJ,3300407,Barra Mansa,Vila Ursulino,vila ursulino,-22.52976227,-44.20790482,brasil_aberto_first_street,True
RJ,3300407,Barra Mansa,Village do Sol,village do sol,-22.70677567,-42.92369843,brasil_aberto_first_street,True
RJ,3300407,Barra Mansa,Vista Alegre,vista alegre,-22.51376152,-44.19444275,brasil_aberto_first_street,True
RJ,3300456,Belford Roxo,Andrade Araujo,andrade araujo,-22.7506096,-43.3967549,brasil_aberto_first_street,True
RJ,3300456,Belford Roxo,Área Rural de Belford Roxo,area rural de belford roxo,-22.7622786,-43.3970283,brasil_aberto_first_street,True
RJ,3300456,Belford Roxo,Areia Branca,areia branca,-22.75228119,-43.4078064,brasil_aberto_first_street,True
RJ,3300456,Belford Roxo,Babi,babi,-22.71714973,-43.39108276,brasil_aberto_first_street,True
RJ,3300456,Belford Roxo,Barro Vermelho,barro vermelho,-22.73638153,-43.37636185,brasil_aberto_first_street,True
RJ,3300456,Belford Roxo,Belford Roxo,belford roxo,-22.75637436,-43.39877319,brasil_aberto_first_street,True
RJ,3300456,Belford Roxo,Benfica,benfica,-22.75323486,-43.3410759,brasil_aberto_first_street,True
RJ,3300456,Belford Roxo,Boa Esperança,boa esperanca,-22.74938583,-43.38494873,brasil_aberto_first_street,True
RJ,3300456,Belford Roxo,Boa Sorte,boa sorte,-22.71385765,-43.34687805,brasil_aberto_first_street,True
RJ,3300456,Belford Roxo,Boa Ventura,boa ventura,-22.711657,-43.327595,mapbox_geocoding,True
RJ,3300456,Belford Roxo,Bom Pastor,bom pastor,-22.76070595,-43.36745834,brasil_aberto_first_street,True
RJ,3300456,Belford Roxo,Centro,centro,-22.76754379,-43.39860153,brasil_aberto_first_street,True
RJ,3300456,Belford Roxo,Chácara Santo Antônio,chacara santo antonio,-22.72779274,-43.36882019,brasil_aberto_first_street,True
RJ,3300456,Belford Roxo,Das Graças,das gracas,-22.76480484,-43.39601517,brasil_aberto_first_street,True
RJ,3300456,Belford Roxo,Dois Irmãos,dois irmaos,-22.73486519,-43.35756683,brasil_aberto_first_street,True
RJ,3300456,Belford Roxo,Dos Ferreiras,dos ferreiras,-22.7409153,-43.37586975,brasil_aberto_first_street,True
RJ,3300456,Belford Roxo,Frei Fabiano,frei fabiano,-22.70741081,-43.33985519,brasil_aberto_first_street,True
RJ,3300456,Belford Roxo,Glaucia,glaucia,-22.76925468,-43.36117172,brasil_aberto_first_street,True
RJ,3300456,Belford Roxo,Heliópolis,heliopolis,-22.72897148,-43.38833237,brasil_aberto_first_street,True
RJ,3300456,Belford Roxo,Hiterland,hiterland,-22.09132004,-43.22146225,brasil_aberto_first_street,True
RJ,3300456,Belford Roxo,Itaipu,itaipu,-22.71765709,-43.42805481,brasil_aberto_first_street,True
RJ,3300456,Belford Roxo,Jardim Almo,jardim almo,-22.75615692,-43.40074539,brasil_aberto_first_street,True
RJ,3300456,Belford Roxo,Jardim Amapa,jardim amapa,-22.697389,-43.343646,mapbox_geocoding,True
RJ,3300456,Belford Roxo,Jardim América,jardim america,-22.74188805,-43.42311859,brasil_aberto_first_street,True
RJ,3300456,Belford Roxo,Jardim Brasil,jardim brasil,-22.70840454,-43.3293457,brasil_aberto_first_street,True
RJ,3300456,Belford Roxo,Jardim Cristina,jardim cristina,-22.74851227,-43.34816742,brasil_aberto_first_street,True
RJ,3300456,Belford Roxo,Jardim das Acácias,jardim das acacias,-22.72858047,-43.42272186,brasil_aberto_first_street,True
RJ,3300456,Belford Roxo,Jardim Dimas Filho,jardim dimas filho,-22.74791336,-43.3966713,brasil_aberto_first_street,True
RJ,3300456,Belford Roxo,Jardim Ideal,jardim ideal,-22.74941444,-43.3506012,brasil_aberto_first_street,True
RJ,3300456,Belford Roxo,Jardim Imperial,jardim imperial,-22.7187782,-43.3284614,brasil_aberto_first_street,True
RJ,3300456,Belford Roxo,Jardim Lisboa,jardim lisboa,-22.70425034,-43.3300705,brasil_aberto_first_street,True
RJ,3300456,Belford Roxo,Jardim Marajó,jardim marajo,-22.69922829,-43.35000992,brasil_aberto_first_street,True
RJ,3300456,Belford Roxo,Jardim Maringá,jardim maringa,-22.71945763,-43.3638649,brasil_aberto_first_street,True
RJ,3300456,Belford Roxo,Jardim Marques de Pombal,jardim marques de pombal,-22.7140021,-43.3462005,brasil_aberto_first_street,True
RJ,3300456,Belford Roxo,Jardim Meu Retiro,jardim meu retiro,-22.7605591,-43.4037201,brasil_aberto_first_street,True
RJ,3300456,Belford Roxo,Jardim Patricia,jardim patricia,-22.7034023,-43.3379151,brasil_aberto_first_street,True
RJ,3300456,Belford Roxo,Jardim Santa Marta,jardim santa marta,-22.76591,-43.400288,mapbox_geocoding,True
RJ,3300456,Belford Roxo,Jardim São Bento,jardim sao bento,-22.72554207,-43.30275345,brasil_aberto_first_street,True
RJ,3300456,Belford Roxo,Jardim Silvana,jardim silvana,-22.75412178,-43.35204315,brasil_aberto_first_street,True
RJ,3300456,Belford Roxo,Jardim Tupiara,jardim tupiara,-22.7264676,-43.3330872,brasil_aberto_first_street,True
RJ,3300456,Belford Roxo,Lisboa,lisboa,-22.75023079,-43.41898346,brasil_aberto_first_street,True
RJ,3300456,Belford Roxo,Lote XV,lote xv,-22.72897148,-43.38833237,brasil_aberto_first_street,True
RJ,3300456,Belford Roxo,Luzes,luzes,-22.71920586,-43.33888245,brasil_aberto_first_street,True
RJ,3300456,Belford Roxo,Malhapão,malhapao,-22.72805977,-43.32717133,brasil_aberto_first_street,True
RJ,3300456,Belford Roxo,Maringá,maringa,-22.71814537,-43.35325623,brasil_aberto_first_street,True
RJ,3300456,Belford Roxo,Martins Ribeiro,martins ribeiro,-8.16078186,-34.92238617,brasil_aberto_first_street,True
RJ,3300456,Belford Roxo,Meu Cantinho,meu cantinho,-22.77674484,-43.36056137,brasil_aberto_first_street,True
RJ,3300456,Belford Roxo,Miguel Couto,miguel couto,-22.7134237,-43.4220278,brasil_aberto_first_street,True
RJ,3300456,Belford Roxo,Nossa Senhora das Graças,nossa senhora das gracas,-22.85010338,-43.25638199,brasil_aberto_first_street,True
RJ,3300456,Belford Roxo,Nossa Senhora de Fátima,nossa senhora de fatima,-22.71662712,-43.3321991,brasil_aberto_first_street,True
RJ,3300456,Belford Roxo,Nova Aurora,nova aurora,-22.722435,-43.39381409,brasil_aberto_first_street,True
RJ,3300456,Belford Roxo,Nova Piam,nova piam,-22.74119186,-43.3915329,brasil_aberto_first_street,True
RJ,3300456,Belford Roxo,Novo Eldorado,novo eldorado,-22.72530365,-43.41740799,brasil_aberto_first_street,True
RJ,3300456,Belford Roxo,Núcleo Colonial São Bento,nucleo colonial sao bento,-22.70252419,-43.38008881,brasil_aberto_first_street,True
RJ,3300456,Belford Roxo,Outeiro,outeiro,-22.71030617,-43.3366394,brasil_aberto_first_street,True
RJ,3300456,Belford Roxo,Parque Afonso,parque afonso,-22.71336365,-43.336689,brasil_aberto_first_street,True
RJ,3300456,Belford Roxo,Parque Aida,parque aida,-22.73535728,-43.35010147,brasil_aberto_first_street,True
RJ,3300456,Belford Roxo,Parque Alvorada,parque alvorada,-22.72632217,-43.33850098,brasil_aberto_first_street,True
RJ,3300456,Belford Roxo,Parque Amorim,parque amorim,-22.70669365,-43.33338547,brasil_aberto_first_street,True
RJ,3300456,Belford Roxo,Parque Boa Sorte,parque boa sorte,-22.73801231,-43.35980606,brasil_aberto_first_street,True
RJ,3300456,Belford Roxo,Parque Colonial,parque colonial,-22.7090457,-43.339847,brasil_aberto_first_street,True
RJ,3300456,Belford Roxo,Parque das Flores,parque das flores,-22.73285294,-43.35525894,brasil_aberto_first_street,True
RJ,3300456,Belford Roxo,Parque dos Califas,parque dos califas,-22.725515,-43.353535,mapbox_geocoding,True
RJ,3300456,Belford Roxo,Parque Esperança,parque esperanca,-22.721003,-43.360806,mapbox_geocoding,True
RJ,3300456,Belford Roxo,Parque Floresta,parque floresta,-22.73349762,-43.35326004,brasil_aberto_first_street,True
RJ,3300456,Belford Roxo,Parque Fluminense,parque fluminense,-22.73478889,-43.33633423,brasil_aberto_first_street,True
RJ,3300456,Belford Roxo,Parque Glória,parque gloria,-22.7397674,-43.3460277,brasil_aberto_first_street,True
RJ,3300456,Belford Roxo,Parque Jordão,parque jordao,-22.72169304,-43.35807037,brasil_aberto_first_street,True
RJ,3300456,Belford Roxo,Parque Jupiranguai,parque jupiranguai,-22.73068237,-43.33266449,brasil_aberto_first_street,True
RJ,3300456,Belford Roxo,Parque Martinho,parque martinho,-22.71122551,-43.33046722,brasil_aberto_first_street,True
RJ,3300456,Belford Roxo,Parque Nossa Senhora Aparecida,parque nossa senhora aparecida,-22.71608925,-43.35933685,brasil_aberto_first_street,True
RJ,3300456,Belford Roxo,Parque Nova Aurea,parque nova aurea,-22.71371,-43.403704,mapbox_geocoding,True
RJ,3300456,Belford Roxo,Parque Real,parque real,-22.72346115,-43.3600502,brasil_aberto_first_street,True
RJ,3300456,Belford Roxo,Parque Renascenca,parque renascenca,-22.74687767,-43.42787552,brasil_aberto_first_street,True
RJ,3300456,Belford Roxo,Parque Roseiral,parque roseiral,-22.7211206,-43.35330949999999,brasil_aberto_first_street,True
RJ,3300456,Belford Roxo,Parque Santa Branca,parque santa branca,-22.71655464,-43.35982513,brasil_aberto_first_street,True
RJ,3300456,Belford Roxo,Parque Santa Rita,parque santa rita,-22.71953011,-43.32946014,brasil_aberto_first_street,True
RJ,3300456,Belford Roxo,Parque São Bernardo,parque sao bernardo,,,brasil_aberto,True
RJ,3300456,Belford Roxo,Parque São Lucas,parque sao lucas,-22.76591,-43.400288,mapbox_geocoding,True
RJ,3300456,Belford Roxo,Parque Umari,parque umari,-22.90984154,-43.20157623,brasil_aberto_first_street,True
RJ,3300456,Belford Roxo,Parque União,parque uniao,-22.7216568,-43.34416962,brasil_aberto_first_street,True
RJ,3300456,Belford Roxo,Parque União 4,parque uniao 4,-22.71854591,-43.36139297,brasil_aberto_first_street,True
RJ,3300456,Belford Roxo,Parque Veneza,parque veneza,-22.84347916,-43.34649277,brasil_aberto_first_street,True
RJ,3300456,Belford Roxo,Pauline,pauline,-22.7303009,-43.36902618,brasil_aberto_first_street,True
RJ,3300456,Belford Roxo,Peixoto,peixoto,-22.76758766,-43.4095993,brasil_aberto_first_street,True
RJ,3300456,Belford Roxo,Penápolis,penapolis,-22.73950577,-43.35792923,brasil_aberto_first_street,True
RJ,3300456,Belford Roxo,Piam,piam,-22.7511354,-43.4021656,brasil_aberto_first_street,True
RJ,3300456,Belford Roxo,Primus,primus,-22.7025235,-43.3800897,brasil_aberto_first_street,True
RJ,3300456,Belford Roxo,Recantus,recantus,-22.71461296,-43.39357758,brasil_aberto_first_street,True
RJ,3300456,Belford Roxo,Redentor,redentor,-22.75864792,-43.36883163,brasil_aberto_first_street,True
RJ,3300456,Belford Roxo,Retiro dos Califas,retiro dos califas,-22.72769928,-43.35609436,brasil_aberto_first_street,True
RJ,3300456,Belford Roxo,Retiro Santa Isabel,retiro santa isabel,-22.74009132,-43.36508942,brasil_aberto_first_street,True
RJ,3300456,Belford Roxo,Ribaslandia,ribaslandia,-22.71528816,-43.35736084,brasil_aberto_first_street,True
RJ,3300456,Belford Roxo,Rocha Sobrinho,rocha sobrinho,-22.81787872,-45.1820755,brasil_aberto_first_street,True
RJ,3300456,Belford Roxo,Santa Amélia,santa amelia,-22.74926567,-43.39214325,brasil_aberto_first_street,True
RJ,3300456,Belford Roxo,Santa Emilia,santa emilia,-22.71759987,-43.35016632,brasil_aberto_first_street,True
RJ,3300456,Belford Roxo,Santa Helena,santa helena,-22.723164,-43.33945,mapbox_geocoding,True
RJ,3300456,Belford Roxo,Santa Maria,santa maria,-22.72698784,-43.38264847,brasil_aberto_first_street,True
RJ,3300456,Belford Roxo,Santa Tereza,santa tereza,-22.76925468,-43.36117172,brasil_aberto_first_street,True
RJ,3300456,Belford Roxo,Santo Antônio da Prata,santo antonio da prata,-22.75228119,-43.4078064,brasil_aberto_first_street,True
RJ,3300456,Belford Roxo,Santo Tirco,santo tirco,-22.72213554,-43.35816956,brasil_aberto_first_street,True
RJ,3300456,Belford Roxo,São Bernardo,sao bernardo,-22.73099899,-43.3852005,brasil_aberto_first_street,True
RJ,3300456,Belford Roxo,São Francisco de Assis,sao francisco de assis,-22.73107338,-43.40982056,brasil_aberto_first_street,True
RJ,3300456,Belford Roxo,São Jorge,sao jorge,-22.7215765,-43.3908841,brasil_aberto_first_street,True
RJ,3300456,Belford Roxo,São José,sao jose,-22.76925468,-43.36117172,brasil_aberto_first_street,True
RJ,3300456,Belford Roxo,São Leopoldo,sao leopoldo,-22.72575188,-43.37906647,brasil_aberto_first_street,True
RJ,3300456,Belford Roxo,São Vicente,sao vicente,-22.72988319,-43.36652374,brasil_aberto_first_street,True
RJ,3300456,Belford Roxo,Shangri-lá,shangri la,-22.72750473,-43.42238617,brasil_aberto_first_street,True
RJ,3300456,Belford Roxo,Sitio Floresta Linda,sitio floresta linda,-22.72865677,-43.34634399,brasil_aberto_first_street,True
RJ,3300456,Belford Roxo,Sitio Retiro Feliz,sitio retiro feliz,-22.71939659,-43.40763855,brasil_aberto_first_street,True
RJ,3300456,Belford Roxo,Sublime,sublime,-22.74924278,-43.33813095,brasil_aberto_first_street,True
RJ,3300456,Belford Roxo,Vale do Ipê,vale do ipe,-22.71323586,-43.34043121,brasil_aberto_first_street,True
RJ,3300456,Belford Roxo,Vila Borgerth,vila borgerth,-22.72454262,-43.44898605,brasil_aberto_first_street,True
RJ,3300456,Belford Roxo,Vila Dagmar,vila dagmar,-22.76688194,-43.40605545,brasil_aberto_first_street,True
RJ,3300456,Belford Roxo,Vila Era,vila era,-22.73814392,-43.37865067,brasil_aberto_first_street,True
RJ,3300456,Belford Roxo,Vila Esperança,vila esperanca,-22.74039459,-43.33001328,brasil_aberto_first_street,True
RJ,3300456,Belford Roxo,Vila Heliopolis,vila heliopolis,-22.87619781,-43.67605209,brasil_aberto_first_street,True
RJ,3300456,Belford Roxo,Vila Herminia Maia,vila herminia maia,-22.75693321,-43.39822388,brasil_aberto_first_street,True
RJ,3300456,Belford Roxo,Vila João Rodrigues,vila joao rodrigues,-22.75228882,-43.36101532,brasil_aberto_first_street,True
RJ,3300456,Belford Roxo,Vila Joema,vila joema,-22.7383461,-43.34000015,brasil_aberto_first_street,True
RJ,3300456,Belford Roxo,Vila Jola,vila jola,-22.72831154,-43.37913132,brasil_aberto_first_street,True
RJ,3300456,Belford Roxo,Vila Luz,vila luz,-22.74169159,-43.41295242,brasil_aberto_first_street,True
RJ,3300456,Belford Roxo,Vila Maia,vila maia,-22.72605705,-43.3889389,brasil_aberto_first_street,True
RJ,3300456,Belford Roxo,Vila Maria Céu,vila maria ceu,-22.74547958,-43.36744308,brasil_aberto_first_street,True
RJ,3300456,Belford Roxo,Vila Marquesa de Santos,vila marquesa de santos,-22.7298548,-43.4036987,brasil_aberto_first_street,True
RJ,3300456,Belford Roxo,Vila Medeiros,vila medeiros,-22.75671196,-43.40169144,brasil_aberto_first_street,True
RJ,3300456,Belford Roxo,Vila Rica,vila rica,-22.7192381,-43.3633912,brasil_aberto_first_street,True
RJ,3300456,Belford Roxo,Vila Santa Teresa,vila santa teresa,-22.734468,-43.381212,mapbox_geocoding,True
RJ,3300456,Belford Roxo,Vila Santo Antônio,vila santo antonio,-22.7334156,-43.37820435,brasil_aberto_first_street,True
RJ,3300456,Belford Roxo,Vila São Sebastião,vila sao sebastiao,-22.7260787,-43.3924943,brasil_aberto_first_street,True
RJ,3300456,Belford Roxo,Vila São Teodoro,vila sao teodoro,-22.82714653,-43.37621689,brasil_aberto_first_street,True
RJ,3300456,Belford Roxo,Vila Sousa,vila sousa,-22.75449562,-43.40625763,brasil_aberto_first_street,True
RJ,3300456,Belford Roxo,Vila Tamoios,vila tamoios,-22.70689011,-43.59192276,brasil_aberto_first_street,True
RJ,3300456,Belford Roxo,Vila Verde,vila verde,-22.72529984,-43.36581802,brasil_aberto_first_street,True
RJ,3300456,Belford Roxo,Vila Viçosa,vila vicosa,-22.73881721,-43.38085175,brasil_aberto_first_street,True
RJ,3300456,Belford Roxo,Vila Vitorio,vila vitorio,-22.74959183,-43.40151978,brasil_aberto_first_street,True
RJ,3300456,Belford Roxo,Vilarinho,vilarinho,-22.73850441,-43.37313461,brasil_aberto_first_street,True
RJ,3300456,Belford Roxo,Wona,wona,-22.73238945,-43.36419678,brasil_aberto_first_street,True
RJ,3300456,Belford Roxo,Xavantes,xavantes,-22.73886681,-43.40045547,brasil_aberto_first_street,True
RJ,3300506,Bom Jardim,Alto de São José,alto de sao jose,-22.152495,-42.426447,mapbox_geocoding,True
RJ,3300506,Bom Jardim,Banquete,banquete,,,dne,True
RJ,3300506,Bom Jardim,Barra Alegre,barra alegre,-22.235852,-42.296936,brasil_aberto_first_street,True
RJ,3300506,Bom Jardim,Centro,centro,-22.17573357,-42.47277832,brasil_aberto_first_street,True
RJ,3300506,Bom Jardim,Côrrego de Santo Antonio,corrego de santo antonio,-22.235852,-42.296936,brasil_aberto_first_street,True
RJ,3300506,Bom Jardim,São José do Ribeirão,sao jose do ribeirao,,,dne,True
RJ,3300605,Bom Jesus do Itabapoana,Calheiros,calheiros,,,dne,True
RJ,3300605,Bom Jesus do Itabapoana,Carabuçu,carabucu,,,dne,True
RJ,3300605,Bom Jesus do Itabapoana,Centro,centro,-22.75754166,-43.45539093,brasil_aberto_first_street,True
RJ,3300605,Bom Jesus do Itabapoana,Mutum,mutum,-21.240248,-41.491513,mapbox_geocoding,True
RJ,3300605,Bom Jesus do Itabapoana,Pirapetinga,pirapetinga,-21.1362798,-41.677214,brasil_aberto_first_street,True
RJ,3300605,Bom Jesus do Itabapoana,Pirapetinga de Bom Jesus,pirapetinga de bom jesus,,,dne,True
RJ,3300605,Bom Jesus do Itabapoana,Rosal,rosal,,,dne,True
RJ,3300605,Bom Jesus do Itabapoana,Serrinha,serrinha,-21.1364336,-41.6770744,brasil_aberto_first_street,True
RJ,3300605,Bom Jesus do Itabapoana,Usina Santa Isabel,usina santa isabel,-21.13516998,-41.67996216,brasil_aberto_first_street,True
RJ,3300605,Bom Jesus do Itabapoana,Usina Santa Maria,usina santa maria,-21.240248,-41.491513,mapbox_geocoding,True
RJ,3300704,Cabo Frio,Agrisa,agrisa,-22.6342333,-42.0791847,brasil_aberto_first_street,True
RJ,3300704,Cabo Frio,Algodoal,algodoal,-22.88950157,-42.02600861,brasil_aberto_first_street,True
RJ,3300704,Cabo Frio,Aquarius (Tamoios),aquarius tamoios,-22.62493324,-41.99976349,brasil_aberto_first_street,True
RJ,3300704,Cabo Frio,Área Rural de Cabo Frio,area rural de cabo frio,-22.8868925,-42.0266568,brasil_aberto_first_street,True
RJ,3300704,Cabo Frio,Bairro Sinagoga (Tamoios),bairro sinagoga tamoios,-22.64536667,-42.00334167,brasil_aberto_first_street,True
RJ,3300704,Cabo Frio,Botafogo,botafogo,-22.82070732,-43.3635025,brasil_aberto_first_street,True
RJ,3300704,Cabo Frio,Braga,braga,-22.83418655,-42.00798798,brasil_aberto_first_street,True
RJ,3300704,Cabo Frio,Cajueiro,cajueiro,-22.86076164,-41.99940872,brasil_aberto_first_street,True
RJ,3300704,Cabo Frio,Caminho de Búzios,caminho de buzios,-22.83315468,-42.00051117,brasil_aberto_first_street,True
RJ,3300704,Cabo Frio,Canto do Forte,canto do forte,-22.880423,-42.00772,mapbox_geocoding,True
RJ,3300704,Cabo Frio,Célula Mater,celula mater,-22.88093376,-42.0512352,brasil_aberto_first_street,True
RJ,3300704,Cabo Frio,Centro,centro,-22.8811264,-42.01602173,brasil_aberto_first_street,True
RJ,3300704,Cabo Frio,Centro Hípico (Tamoios),centro hipico tamoios,-22.58413506,-42.00169373,brasil_aberto_first_street,True
RJ,3300704,Cabo Frio,Colinas do Peró,colinas do pero,-22.842636,-42.031442,mapbox_geocoding,True
RJ,3300704,Cabo Frio,Dunas,dunas,-22.900616,-42.036586,mapbox_geocoding,True
RJ,3300704,Cabo Frio,Dunas do Peró,dunas do pero,-21.889834,-41.296329,mapbox_geocoding,True
RJ,3300704,Cabo Frio,Florestinha I (Tamoios),florestinha i tamoios,-22.6816764,-42.0063373,brasil_aberto_first_street,True
RJ,3300704,Cabo Frio,Florestinha II (Tamoios),florestinha ii tamoios,-22.6867647,-42.0092175,brasil_aberto_first_street,True
RJ,3300704,Cabo Frio,Foguete,foguete,-22.90603828,-42.03368759,brasil_aberto_first_street,True
RJ,3300704,Cabo Frio,Gamboa,gamboa,-22.86859322,-42.01259995,brasil_aberto_first_street,True
RJ,3300704,Cabo Frio,Guarani,guarani,-22.89340973,-42.04617691,brasil_aberto_first_street,True
RJ,3300704,Cabo Frio,Guriri,guriri,-22.664025,-42.019979,mapbox_geocoding,True
RJ,3300704,Cabo Frio,Itajuru,itajuru,-22.879447,-42.024409,mapbox_geocoding,True
RJ,3300704,Cabo Frio,Jacaré,jacare,-22.8669467,-42.0212609,brasil_aberto_first_street,True
RJ,3300704,Cabo Frio,Jardim Caiçara,jardim caicara,-22.879698,-42.018764,mapbox_geocoding,True
RJ,3300704,Cabo Frio,Jardim Esperança,jardim esperanca,-22.68138,-42.003226,mapbox_geocoding,True
RJ,3300704,Cabo Frio,Jardim Excelsior,jardim excelsior,-22.88118744,-42.03110886,brasil_aberto_first_street,True
RJ,3300704,Cabo Frio,Jardim Flamboyant,jardim flamboyant,-22.88326454,-42.02873611,brasil_aberto_first_street,True
RJ,3300704,Cabo Frio,Jardim Machado,jardim machado,-22.88139534,-42.01383972,brasil_aberto_first_street,True
RJ,3300704,Cabo Frio,Jardim Náutilus,jardim nautilus,-22.90175056,-42.04677582,brasil_aberto_first_street,True
RJ,3300704,Cabo Frio,Jardim Olinda,jardim olinda,-22.8827314,-42.0491091,brasil_aberto_first_street,True
RJ,3300704,Cabo Frio,Jardim Peró,jardim pero,-22.84152985,-42.01750565,brasil_aberto_first_street,True
RJ,3300704,Cabo Frio,Juscelino Kubitschek de Oliveira,juscelino kubitschek de oliveira,-22.879698,-42.018764,mapbox_geocoding,True
RJ,3300704,Cabo Frio,Long Beach (Tamoios),long beach tamoios,-22.65899467,-42.00034332,brasil_aberto_first_street,True
RJ,3300704,Cabo Frio,Loteamento Praia do Coral (Tamoios),loteamento praia do coral tamoios,-22.67277145,-41.99703979,brasil_aberto_first_street,True
RJ,3300704,Cabo Frio,Manoel Correa,manoel correa,-22.8985424,-42.03913879,brasil_aberto_first_street,True
RJ,3300704,Cabo Frio,Maria Joaquina (Tamoios),maria joaquina tamoios,-22.803559,-43.011806,mapbox_geocoding,True
RJ,3300704,Cabo Frio,Marlin,marlin,-22.877635,-42.008715,mapbox_geocoding,True
RJ,3300704,Cabo Frio,Monte Alegre,monte alegre,-22.803559,-43.011806,mapbox_geocoding,True
RJ,3300704,Cabo Frio,Nova Cabo Frio,nova cabo frio,-22.345121,-41.762669,mapbox_geocoding,True
RJ,3300704,Cabo Frio,Nova Califórnia (Tamoios),nova california tamoios,-22.88419914,-42.04109955,brasil_aberto_first_street,True
RJ,3300704,Cabo Frio,Ogiva,ogiva,-22.86289215,-41.993927,brasil_aberto_first_street,True
RJ,3300704,Cabo Frio,Orla 500 (Tamoios),orla 500 tamoios,-22.6775925,-42.0003588,brasil_aberto_first_street,True
RJ,3300704,Cabo Frio,Palmeiras,palmeiras,-22.88217926,-42.04651642,brasil_aberto_first_street,True
RJ,3300704,Cabo Frio,Parque Balneário São Francisco,parque balneario sao francisco,-22.84799957,-41.99808884,brasil_aberto_first_street,True
RJ,3300704,Cabo Frio,Parque Burle,parque burle,-22.87292099,-42.04584885,brasil_aberto_first_street,True
RJ,3300704,Cabo Frio,Parque Central,parque central,-22.88813019,-42.03332901,brasil_aberto_first_street,True
RJ,3300704,Cabo Frio,Parque Eldorado,parque eldorado,-22.803559,-43.011806,mapbox_geocoding,True
RJ,3300704,Cabo Frio,Parque Riviera,parque riviera,-22.88350487,-42.02580261,brasil_aberto_first_street,True
RJ,3300704,Cabo Frio,Passagem,passagem,-22.8811512,-42.00769043,brasil_aberto_first_street,True
RJ,3300704,Cabo Frio,Peró,pero,-22.86060715,-41.98658371,brasil_aberto_first_street,True
RJ,3300704,Cabo Frio,Perynas,perynas,-22.803559,-43.011806,mapbox_geocoding,True
RJ,3300704,Cabo Frio,Pontal do Peró,pontal do pero,-22.5966301,-41.9962311,brasil_aberto_first_street,True
RJ,3300704,Cabo Frio,Portinho,portinho,-22.87383842,-42.03058243,brasil_aberto_first_street,True
RJ,3300704,Cabo Frio,Porto do Carro,porto do carro,-22.85930252,-42.0370369,brasil_aberto_first_street,True
RJ,3300704,Cabo Frio,Praia do Foguete,praia do foguete,-22.91956329,-42.03704453,brasil_aberto_first_street,True
RJ,3300704,Cabo Frio,Praia do Siqueira,praia do siqueira,-22.88093376,-42.0512352,brasil_aberto_first_street,True
RJ,3300704,Cabo Frio,Recanto das Dunas,recanto das dunas,-22.902076,-42.041771,mapbox_geocoding,True
RJ,3300704,Cabo Frio,Reserva do Peró,reserva do pero,-22.83418655,-42.00798798,brasil_aberto_first_street,True
RJ,3300704,Cabo Frio,Samburá (Tamoios),sambura tamoios,-22.62493324,-41.99976349,brasil_aberto_first_street,True
RJ,3300704,Cabo Frio,Santa Margarida I (Tamoios),santa margarida i tamoios,-22.6534591,-42.008834,brasil_aberto_first_street,True
RJ,3300704,Cabo Frio,Santa Margarida II (Tamoios),santa margarida ii tamoios,-22.6537578,-42.0043403,brasil_aberto_first_street,True
RJ,3300704,Cabo Frio,Santo Antônio (Tamoios),santo antonio tamoios,-22.62493324,-41.99976349,brasil_aberto_first_street,True
RJ,3300704,Cabo Frio,São Bento,sao bento,-22.87705612,-42.0142746,brasil_aberto_first_street,True
RJ,3300704,Cabo Frio,São Cristóvão,sao cristovao,-22.9133358,-42.0616684,brasil_aberto_first_street,True
RJ,3300704,Cabo Frio,São Francisco,sao francisco,-22.88723564,-42.03323364,brasil_aberto_first_street,True
RJ,3300704,Cabo Frio,São Jacinto (Tamoios),sao jacinto tamoios,-22.879698,-42.018764,mapbox_geocoding,True
RJ,3300704,Cabo Frio,Terramar (Tamoios),terramar tamoios,-22.6712473,-42.0061042,brasil_aberto_first_street,True
RJ,3300704,Cabo Frio,Unamar (Tamoios),unamar tamoios,-22.6436966,-42.0058636,brasil_aberto_first_street,True
RJ,3300704,Cabo Frio,Verão Vermelho (Tamoios),verao vermelho tamoios,-22.663745,-42.0017563,brasil_aberto_first_street,True
RJ,3300704,Cabo Frio,Vila Blanche,vila blanche,-21.135196,-41.665497,mapbox_geocoding,True
RJ,3300704,Cabo Frio,Vila do Sol,vila do sol,-22.91633034,-42.06166077,brasil_aberto_first_street,True
RJ,3300704,Cabo Frio,Vila Nova,vila nova,-22.886869,-42.021126,mapbox_geocoding,True
RJ,3300704,Cabo Frio,Vista Alegre (Tamoios),vista alegre tamoios,-22.6720968,-42.0065698,brasil_aberto_first_street,True
RJ,3300704,Cabo Frio,Vivamar (Tamoios),vivamar tamoios,-22.6736733,-41.9972948,brasil_aberto_first_street,True
RJ,3300803,Cachoeiras de Macacu,Agrobrasil,agrobrasil,-22.500664,-42.686937,mapbox_geocoding,True
RJ,3300803,Cachoeiras de Macacu,Área Rural de Cachoeiras de Macacu,area rural de cachoeiras de macacu,-22.463919,-42.652847,mapbox_geocoding,True
RJ,3300803,Cachoeiras de Macacu,Areia Branca,areia branca,-22.560826,-42.696637,mapbox_geocoding,True
RJ,3300803,Cachoeiras de Macacu,Betel,betel,-22.463919,-42.652847,mapbox_geocoding,True
RJ,3300803,Cachoeiras de Macacu,Boa Vista,boa vista,-22.472017,-42.645308,mapbox_geocoding,True
RJ,3300803,Cachoeiras de Macacu,Boca do Mato,boca do mato,-22.463919,-42.652847,mapbox_geocoding,True
RJ,3300803,Cachoeiras de Macacu,Bom Jardim,bom jardim,-22.511928,-42.669131,mapbox_geocoding,True
RJ,3300803,Cachoeiras de Macacu,Campo do Prado,campo do prado,-22.460365,-42.652812,mapbox_geocoding,True
RJ,3300803,Cachoeiras de Macacu,Castália,castalia,-22.435757,-42.641011,mapbox_geocoding,True
RJ,3300803,Cachoeiras de Macacu,Centro,centro,-22.464133,-42.657433,mapbox_geocoding,True
RJ,3300803,Cachoeiras de Macacu,Centro (Japuíba),centro japuiba,-22.559845,-42.690979,mapbox_geocoding,True
RJ,3300803,Cachoeiras de Macacu,Centro (Papucaia),centro papucaia,-22.601693,-42.744899,mapbox_geocoding,True
RJ,3300803,Cachoeiras de Macacu,Cidade Alta,cidade alta,-22.464133,-42.657433,mapbox_geocoding,True
RJ,3300803,Cachoeiras de Macacu,Coletivo,coletivo,-22.593739,-42.746649,mapbox_geocoding,True
RJ,3300803,Cachoeiras de Macacu,Duas Barras,duas barras,-22.463919,-42.652847,mapbox_geocoding,True
RJ,3300803,Cachoeiras de Macacu,Expansão,expansao,-22.599218,-42.743361,mapbox_geocoding,True
RJ,3300803,Cachoeiras de Macacu,Faraó de Baixo,farao de baixo,-22.511928,-42.669131,mapbox_geocoding,True
RJ,3300803,Cachoeiras de Macacu,Faraó de Cima,farao de cima,-22.511928,-42.669131,mapbox_geocoding,True
RJ,3300803,Cachoeiras de Macacu,Forno Velho,forno velho,-22.500664,-42.686937,mapbox_geocoding,True
RJ,3300803,Cachoeiras de Macacu,Funchal,funchal,-22.463919,-42.652847,mapbox_geocoding,True
RJ,3300803,Cachoeiras de Macacu,Ganguri,ganguri,-22.465918,-42.658867,mapbox_geocoding,True
RJ,3300803,Cachoeiras de Macacu,Gleba Colégio,gleba colegio,-22.463919,-42.652847,mapbox_geocoding,True
RJ,3300803,Cachoeiras de Macacu,Gleba Ribeira,gleba ribeira,-22.593739,-42.746649,mapbox_geocoding,True
RJ,3300803,Cachoeiras de Macacu,Granada,granada,-22.624141,-42.685886,mapbox_geocoding,True
RJ,3300803,Cachoeiras de Macacu,Guapiaçu,guapiacu,-22.463919,-42.652847,mapbox_geocoding,True
RJ,3300803,Cachoeiras de Macacu,Guararapes,guararapes,-22.610585,-42.742683,mapbox_geocoding,True
RJ,3300803,Cachoeiras de Macacu,Japuíba,japuiba,,,brasil_aberto,True
RJ,3300803,Cachoeiras de Macacu,Maraporã,marapora,-22.582973,-42.739708,mapbox_geocoding,True
RJ,3300803,Cachoeiras de Macacu,Marreca,marreca,-22.596855,-42.733071,mapbox_geocoding,True
RJ,3300803,Cachoeiras de Macacu,Morro do Céu,morro do ceu,-22.500664,-42.686937,mapbox_geocoding,True
RJ,3300803,Cachoeiras de Macacu,Papucaia,papucaia,,,brasil_aberto,True
RJ,3300803,Cachoeiras de Macacu,Parque Santa Luiza,parque santa luiza,-22.463919,-42.652847,mapbox_geocoding,True
RJ,3300803,Cachoeiras de Macacu,Parque Veneza,parque veneza,-22.463919,-42.652847,mapbox_geocoding,True
RJ,3300803,Cachoeiras de Macacu,Pedreira,pedreira,-22.463919,-42.652847,mapbox_geocoding,True
RJ,3300803,Cachoeiras de Macacu,Poço Verde,poco verde,-22.465891,-42.653293,mapbox_geocoding,True
RJ,3300803,Cachoeiras de Macacu,Porto Taboado,porto taboado,-22.511928,-42.669131,mapbox_geocoding,True
RJ,3300803,Cachoeiras de Macacu,Quizanga,quizanga,-22.440817,-42.63699,mapbox_geocoding,True
RJ,3300803,Cachoeiras de Macacu,Raiz da Serra,raiz da serra,-22.440811,-42.636989,mapbox_geocoding,True
RJ,3300803,Cachoeiras de Macacu,Raposo,raposo,-22.557868,-42.690477,mapbox_geocoding,True
RJ,3300803,Cachoeiras de Macacu,Rasgo,rasgo,-22.435902,-42.638523,mapbox_geocoding,True
RJ,3300803,Cachoeiras de Macacu,Ribeira,ribeira,-22.59306,-42.733035,mapbox_geocoding,True
RJ,3300803,Cachoeiras de Macacu,Rio do Mato,rio do mato,-22.563527,-42.847426,mapbox_geocoding,True
RJ,3300803,Cachoeiras de Macacu,Santo Antônio,santo antonio,-22.472017,-42.645308,mapbox_geocoding,True
RJ,3300803,Cachoeiras de Macacu,São Francisco de Assis,sao francisco de assis,-22.469835,-42.6553,mapbox_geocoding,True
RJ,3300803,Cachoeiras de Macacu,São José da Boa Morte,sao jose da boa morte,-22.463919,-42.652847,mapbox_geocoding,True
RJ,3300803,Cachoeiras de Macacu,Sebastião Mendes,sebastiao mendes,-22.454992,-42.650843,mapbox_geocoding,True
RJ,3300803,Cachoeiras de Macacu,Setenta,setenta,-22.463919,-42.652847,mapbox_geocoding,True
RJ,3300803,Cachoeiras de Macacu,Subaio,subaio,,,brasil_aberto,True
RJ,3300803,Cachoeiras de Macacu,Tuim,tuim,-22.500664,-42.686937,mapbox_geocoding,True
RJ,3300803,Cachoeiras de Macacu,Valério,valerio,-22.435902,-42.638523,mapbox_geocoding,True
RJ,3300803,Cachoeiras de Macacu,Várzea,varzea,-22.465821,-42.652263,mapbox_geocoding,True
RJ,3300803,Cachoeiras de Macacu,Vecchi,vecchi,-22.440817,-42.63699,mapbox_geocoding,True
RJ,3300803,Cachoeiras de Macacu,Veneza,veneza,-22.454992,-42.650843,mapbox_geocoding,True
RJ,3300803,Cachoeiras de Macacu,Vilage,vilage,-22.500664,-42.686937,mapbox_geocoding,True
RJ,3300803,Cachoeiras de Macacu,Viracopos,viracopos,-22.500664,-42.686937,mapbox_geocoding,True
RJ,3300902,Cambuci,Área Rural de Cambuci,area rural de cambuci,-21.57789,-41.912,mapbox_geocoding,True
RJ,3300902,Cambuci,Cambuci,cambuci,-21.57731,-41.912337,mapbox_geocoding,True
RJ,3300902,Cambuci,Centro,centro,,,brasil_aberto,True
RJ,3300902,Cambuci,Cruzeiro,cruzeiro,-21.412162,-41.812561,mapbox_geocoding,True
RJ,3300902,Cambuci,Funil,funil,-21.6280185,-42.08780540000001,brasil_aberto_first_street,True
RJ,3300902,Cambuci,Monte Verde,monte verde,-21.469858,-41.910331,mapbox_geocoding,True
RJ,3300902,Cambuci,São João do Paraíso,sao joao do paraiso,-21.414052,-41.815102,mapbox_geocoding,True
RJ,3300902,Cambuci,Três Irmãos,tres irmaos,-21.625911,-41.985772,mapbox_geocoding,True
RJ,3300936,Carapebus,Centro,centro,-22.1881343,-41.6616299,brasil_aberto_first_street,True
RJ,3300936,Carapebus,Ubás,ubas,,,brasil_aberto,True
RJ,3300951,Comendador Levy Gasparian,Afonso Arinos,afonso arinos,-22.031151,-43.208948,mapbox_geocoding,True
RJ,3300951,Comendador Levy Gasparian,Área Rural de Comendador Levy Gasparian,area rural de comendador levy gasparian,-22.925272,-42.505806,mapbox_geocoding,True
RJ,3300951,Comendador Levy Gasparian,Centro,centro,,,brasil_aberto,True
RJ,3300951,Comendador Levy Gasparian,Comendador Levy Gasparian,comendador levy gasparian,-22.035316,-43.221526,mapbox_geocoding,True
RJ,3301009,Campos dos Goytacazes,Alpha Green,alpha green,-22.018212,-41.014271,mapbox_geocoding,True
RJ,3301009,Campos dos Goytacazes,Alphaville,alphaville,-21.79405212,-41.32147217,brasil_aberto_first_street,True
RJ,3301009,Campos dos Goytacazes,Área Rural de Campos dos Goytacazes,area rural de campos dos goytacazes,-21.7614561,-41.3167841,brasil_aberto_first_street,True
RJ,3301009,Campos dos Goytacazes,Baixa Grande,baixa grande,-21.98378372,-41.13054276,brasil_aberto_first_street,True
RJ,3301009,Campos dos Goytacazes,Beira do Taí,beira do tai,-21.7901989,-41.1506543,brasil_aberto_first_street,True
RJ,3301009,Campos dos Goytacazes,Bosque das Acácias,bosque das acacias,-21.7845036,-41.3278958,brasil_aberto_first_street,True
RJ,3301009,Campos dos Goytacazes,Caju,caju,-22.90575981,-43.18398285,brasil_aberto_first_street,True
RJ,3301009,Campos dos Goytacazes,Campo Limpo,campo limpo,-21.995205,-41.120417,mapbox_geocoding,True
RJ,3301009,Campos dos Goytacazes,Centro,centro,-21.75030136,-41.33864975,brasil_aberto_first_street,True
RJ,3301009,Campos dos Goytacazes,Codim,codim,-21.7154159,-41.2899176,brasil_aberto_first_street,True
RJ,3301009,Campos dos Goytacazes,Conselheiro Josino,conselheiro josino,-21.44486809,-41.40744781,brasil_aberto_first_street,True
RJ,3301009,Campos dos Goytacazes,Custodópolis,custodopolis,-21.72603416,-41.30805206,brasil_aberto_first_street,True
RJ,3301009,Campos dos Goytacazes,Donana,donana,-21.794946,-41.299577,mapbox_geocoding,True
RJ,3301009,Campos dos Goytacazes,Dores de Macabu,dores de macabu,-21.9879458,-41.5075284,brasil_aberto_first_street,True
RJ,3301009,Campos dos Goytacazes,Farol de São Tomé,farol de sao tome,-21.87484169,-41.22850418,brasil_aberto_first_street,True
RJ,3301009,Campos dos Goytacazes,Fazenda Santo Antônio,fazenda santo antonio,-21.793589,-41.303084,mapbox_geocoding,True
RJ,3301009,Campos dos Goytacazes,Flamboyant,flamboyant,-21.764756,-41.304863,mapbox_geocoding,True
RJ,3301009,Campos dos Goytacazes,Goitacazes,goitacazes,,,dne,True
RJ,3301009,Campos dos Goytacazes,Goytacazes,goytacazes,-21.75726,-41.32381,mapbox_geocoding,True
RJ,3301009,Campos dos Goytacazes,Horto,horto,-21.76237679,-41.29654694,brasil_aberto_first_street,True
RJ,3301009,Campos dos Goytacazes,Horto Municipal,horto municipal,,,brasil_aberto,True
RJ,3301009,Campos dos Goytacazes,Ibitioca,ibitioca,-21.83069229,-41.45209885,brasil_aberto_first_street,True
RJ,3301009,Campos dos Goytacazes,Ips,ips,-21.78258514,-41.32001877,brasil_aberto_first_street,True
RJ,3301009,Campos dos Goytacazes,Jardim Carioca,jardim carioca,-21.7463913,-41.32355881,brasil_aberto_first_street,True
RJ,3301009,Campos dos Goytacazes,Jardim Ceasa,jardim ceasa,-21.82864761,-41.27018738,brasil_aberto_first_street,True
RJ,3301009,Campos dos Goytacazes,Jardim das Acácias,jardim das acacias,-21.79270363,-41.29811859,brasil_aberto_first_street,True
RJ,3301009,Campos dos Goytacazes,Jardim Lagoa das Pedras,jardim lagoa das pedras,-21.75713539,-41.31131744,brasil_aberto_first_street,True
RJ,3301009,Campos dos Goytacazes,Jardins de Campos,jardins de campos,-21.735654,-41.309661,mapbox_geocoding,True
RJ,3301009,Campos dos Goytacazes,Lagoa de Cima,lagoa de cima,-21.7623615,-41.5246097,brasil_aberto_first_street,True
RJ,3301009,Campos dos Goytacazes,Lapa,lapa,-21.75713539,-41.31131744,brasil_aberto_first_street,True
RJ,3301009,Campos dos Goytacazes,Loteamento Sonho Dourado,loteamento sonho dourado,-21.76618958,-41.35071182,brasil_aberto_first_street,True
RJ,3301009,Campos dos Goytacazes,Marrecas,marrecas,-21.9837842,-41.1305446,brasil_aberto_first_street,True
RJ,3301009,Campos dos Goytacazes,Martins Lage,martins lage,-21.758747,-41.248084,mapbox_geocoding,True
RJ,3301009,Campos dos Goytacazes,Morangaba,morangaba,-21.7285466,-41.6061307,brasil_aberto_first_street,True
RJ,3301009,Campos dos Goytacazes,Morro do Côco,morro do coco,,,dne,True
RJ,3301009,Campos dos Goytacazes,Murundu,murundu,-21.2672418,-41.4490709,brasil_aberto_first_street,True
RJ,3301009,Campos dos Goytacazes,Mussurepe,mussurepe,,,dne,True
RJ,3301009,Campos dos Goytacazes,Nova Campos,nova campos,-21.72440338,-41.30637741,brasil_aberto_first_street,True
RJ,3301009,Campos dos Goytacazes,Parque Aeroporto,parque aeroporto,-21.6662159,-41.31128311,brasil_aberto_first_street,True
RJ,3301009,Campos dos Goytacazes,Parque Aldeia,parque aldeia,-21.75574493,-41.30805588,brasil_aberto_first_street,True
RJ,3301009,Campos dos Goytacazes,Parque Alvorada,parque alvorada,-21.73211479,-41.3185997,brasil_aberto_first_street,True
RJ,3301009,Campos dos Goytacazes,Parque Aurora,parque aurora,-21.794245,-41.324302,mapbox_geocoding,True
RJ,3301009,Campos dos Goytacazes,Parque Bandeirantes,parque bandeirantes,-21.7230658,-41.3161552,brasil_aberto_first_street,True
RJ,3301009,Campos dos Goytacazes,Parque Barão do Rio Branco,parque barao do rio branco,-21.73688698,-41.31476593,brasil_aberto_first_street,True
RJ,3301009,Campos dos Goytacazes,Parque Bela Vista,parque bela vista,-21.79751396,-41.29666519,brasil_aberto_first_street,True
RJ,3301009,Campos dos Goytacazes,Parque Boa Vista,parque boa vista,-21.641173,-41.285322,mapbox_geocoding,True
RJ,3301009,Campos dos Goytacazes,Parque Bonsucesso,parque bonsucesso,-21.732279,-41.284123,mapbox_geocoding,True
RJ,3301009,Campos dos Goytacazes,Parque Brasília,parque brasilia,-21.74558449,-41.36058426,brasil_aberto_first_street,True
RJ,3301009,Campos dos Goytacazes,Parque Caju,parque caju,-21.75726,-41.32381,mapbox_geocoding,True
RJ,3301009,Campos dos Goytacazes,Parque Calabouço,parque calabouco,-21.73791695,-41.31406403,brasil_aberto_first_street,True
RJ,3301009,Campos dos Goytacazes,Parque Califórnia,parque california,-21.76312065,-41.29439545,brasil_aberto_first_street,True
RJ,3301009,Campos dos Goytacazes,Parque Ceasa,parque ceasa,-21.712545,-41.303726,mapbox_geocoding,True
RJ,3301009,Campos dos Goytacazes,Parque Céu Azul,parque ceu azul,-21.7147385,-41.2893872,brasil_aberto_first_street,True
RJ,3301009,Campos dos Goytacazes,Parque Cidade Luz,parque cidade luz,-21.7249797,-41.3316731,brasil_aberto_first_street,True
RJ,3301009,Campos dos Goytacazes,Parque Corrientes,parque corrientes,-13.00664902,-38.52442169,brasil_aberto_first_street,True
RJ,3301009,Campos dos Goytacazes,Parque Eldorado,parque eldorado,-21.71651459,-41.30335617,brasil_aberto_first_street,True
RJ,3301009,Campos dos Goytacazes,Parque Esplanada,parque esplanada,-21.75077057,-41.362957,brasil_aberto_first_street,True
RJ,3301009,Campos dos Goytacazes,Parque Flamboyant,parque flamboyant,-21.77578,-41.307061,mapbox_geocoding,True
RJ,3301009,Campos dos Goytacazes,Parque Fundão,parque fundao,-21.74588203,-41.32641983,brasil_aberto_first_street,True
RJ,3301009,Campos dos Goytacazes,Parque Guarus,parque guarus,-21.71440887,-41.32728958,brasil_aberto_first_street,True
RJ,3301009,Campos dos Goytacazes,Parque Imperial,parque imperial,-21.800036,-41.3011539,brasil_aberto_first_street,True
RJ,3301009,Campos dos Goytacazes,Parque Jardim Carioca,parque jardim carioca,-21.74588203,-41.32641983,brasil_aberto_first_street,True
RJ,3301009,Campos dos Goytacazes,Parque João Maria,parque joao maria,-21.77247047,-41.31587982,brasil_aberto_first_street,True
RJ,3301009,Campos dos Goytacazes,Parque Jóquei Club,parque joquei club,-21.757864,-41.24526215,brasil_aberto_first_street,True
RJ,3301009,Campos dos Goytacazes,Parque Julião Nogueira,parque juliao nogueira,-21.74767113,-41.35681534,brasil_aberto_first_street,True
RJ,3301009,Campos dos Goytacazes,Parque Leopoldina,parque leopoldina,-21.75030136,-41.33864975,brasil_aberto_first_street,True
RJ,3301009,Campos dos Goytacazes,Parque Maciel,parque maciel,-21.758136,-41.307792,mapbox_geocoding,True
RJ,3301009,Campos dos Goytacazes,Parque Novo Jockey,parque novo jockey,-21.798274,-41.250504,mapbox_geocoding,True
RJ,3301009,Campos dos Goytacazes,Parque Novo Mundo,parque novo mundo,-21.72330856,-41.31544495,brasil_aberto_first_street,True
RJ,3301009,Campos dos Goytacazes,Parque Pecuária,parque pecuaria,-21.73714256,-41.35180664,brasil_aberto_first_street,True
RJ,3301009,Campos dos Goytacazes,Parque Penha,parque penha,-21.79237938,-41.27313232,brasil_aberto_first_street,True
RJ,3301009,Campos dos Goytacazes,Parque Prazeres,parque prazeres,-21.745806,-41.299152,mapbox_geocoding,True
RJ,3301009,Campos dos Goytacazes,Parque Presidente Vargas,parque presidente vargas,-21.73140907,-41.32106018,brasil_aberto_first_street,True
RJ,3301009,Campos dos Goytacazes,Parque Rodoviário,parque rodoviario,-21.608644,-41.313114,mapbox_geocoding,True
RJ,3301009,Campos dos Goytacazes,Parque Rosário,parque rosario,-21.77461815,-41.30537796,brasil_aberto_first_street,True
RJ,3301009,Campos dos Goytacazes,Parque Rui Barbosa,parque rui barbosa,-21.7861042,-41.32521439,brasil_aberto_first_street,True
RJ,3301009,Campos dos Goytacazes,Parque Salo Brand,parque salo brand,-21.7623539,-41.32618713,brasil_aberto_first_street,True
RJ,3301009,Campos dos Goytacazes,Parque Santa Clara,parque santa clara,-21.73495865,-41.30967331,brasil_aberto_first_street,True
RJ,3301009,Campos dos Goytacazes,Parque Santa Helena,parque santa helena,-21.73113441,-41.32585907,brasil_aberto_first_street,True
RJ,3301009,Campos dos Goytacazes,Parque Santa Maria,parque santa maria,-21.79171753,-41.29442978,brasil_aberto_first_street,True
RJ,3301009,Campos dos Goytacazes,Parque Santa Rosa,parque santa rosa,-21.7226354,-41.3118455,brasil_aberto_first_street,True
RJ,3301009,Campos dos Goytacazes,Parque Santo Amaro,parque santo amaro,-21.76283836,-41.34224701,brasil_aberto_first_street,True
RJ,3301009,Campos dos Goytacazes,Parque Santo Antônio,parque santo antonio,-21.74588203,-41.32641983,brasil_aberto_first_street,True
RJ,3301009,Campos dos Goytacazes,Parque Santos Dumont,parque santos dumont,-21.641143,-41.285288,mapbox_geocoding,True
RJ,3301009,Campos dos Goytacazes,Parque São Benedito,parque sao benedito,-21.7861042,-41.32521439,brasil_aberto_first_street,True
RJ,3301009,Campos dos Goytacazes,Parque São Caetano,parque sao caetano,-21.75943184,-41.34508514,brasil_aberto_first_street,True
RJ,3301009,Campos dos Goytacazes,Parque São Domingos,parque sao domingos,-21.72422981,-41.2957077,brasil_aberto_first_street,True
RJ,3301009,Campos dos Goytacazes,Parque São José,parque sao jose,-21.73073769,-41.32924652,brasil_aberto_first_street,True
RJ,3301009,Campos dos Goytacazes,Parque São Mateus,parque sao mateus,-21.712876,-41.279624,mapbox_geocoding,True
RJ,3301009,Campos dos Goytacazes,Parque São Silvestre,parque sao silvestre,-21.7118973,-41.3016508,brasil_aberto_first_street,True
RJ,3301009,Campos dos Goytacazes,Parque Tamandaré,parque tamandare,-21.75914764,-41.34000397,brasil_aberto_first_street,True
RJ,3301009,Campos dos Goytacazes,Parque Tarcisio Miranda,parque tarcisio miranda,-21.794606,-41.309553,mapbox_geocoding,True
RJ,3301009,Campos dos Goytacazes,Parque Tropical,parque tropical,-21.81639862,-41.30252838,brasil_aberto_first_street,True
RJ,3301009,Campos dos Goytacazes,Parque Turf Club,parque turf club,-21.8322751,-41.2683408,brasil_aberto_first_street,True
RJ,3301009,Campos dos Goytacazes,Parque Varanda do Visconde,parque varanda do visconde,-21.80687523,-41.2992897,brasil_aberto_first_street,True
RJ,3301009,Campos dos Goytacazes,Parque Vera Cruz,parque vera cruz,-21.72190094,-41.31685257,brasil_aberto_first_street,True
RJ,3301009,Campos dos Goytacazes,Parque Vicente Gonçalves Dias,parque vicente goncalves dias,-21.74588203,-41.32641983,brasil_aberto_first_street,True
RJ,3301009,Campos dos Goytacazes,Parque Visconde de Ururaí,parque visconde de ururai,-21.7261239,-41.3283664,brasil_aberto_first_street,True
RJ,3301009,Campos dos Goytacazes,Parque Zuza Mota,parque zuza mota,-21.73320007,-41.31737518,brasil_aberto_first_street,True
RJ,3301009,Campos dos Goytacazes,Poço Gordo,poco gordo,-21.884669,-41.198033,mapbox_geocoding,True
RJ,3301009,Campos dos Goytacazes,Ponta da Lama,ponta da lama,-21.81065,-41.3946116,brasil_aberto_first_street,True
RJ,3301009,Campos dos Goytacazes,Ponta Grossa,ponta grossa,-21.9451604,-41.3379921,brasil_aberto_first_street,True
RJ,3301009,Campos dos Goytacazes,Residencial Porto Seguro,residencial porto seguro,-21.7865781,-41.3037079,brasil_aberto_first_street,True
RJ,3301009,Campos dos Goytacazes,Santa Cruz,santa cruz,-21.7260788,-41.4043264,brasil_aberto_first_street,True
RJ,3301009,Campos dos Goytacazes,Santa Maria,santa maria,-21.7614561,-41.3167841,brasil_aberto_first_street,True
RJ,3301009,Campos dos Goytacazes,Santo Amaro de Campos,santo amaro de campos,,,dne,True
RJ,3301009,Campos dos Goytacazes,Santo Eduardo,santo eduardo,,,dne,True
RJ,3301009,Campos dos Goytacazes,São Jorge,sao jorge,-21.74943542,-41.30501938,brasil_aberto_first_street,True
RJ,3301009,Campos dos Goytacazes,São Martinho,sao martinho,-21.9627698,-41.1801277,brasil_aberto_first_street,True
RJ,3301009,Campos dos Goytacazes,São Sebastião de Campos,sao sebastiao de campos,-21.78985596,-41.19129181,brasil_aberto_first_street,True
RJ,3301009,Campos dos Goytacazes,Saturnino Braga,saturnino braga,-21.87484169,-41.22850418,brasil_aberto_first_street,True
RJ,3301009,Campos dos Goytacazes,Serrinha,serrinha,-19.7449379,-40.37586594,brasil_aberto_first_street,True
RJ,3301009,Campos dos Goytacazes,Tapera,tapera,-21.78522491,-41.38276672,brasil_aberto_first_street,True
RJ,3301009,Campos dos Goytacazes,Terra Prometida,terra prometida,-21.75726,-41.32381,mapbox_geocoding,True
RJ,3301009,Campos dos Goytacazes,Tocos,tocos,,,dne,True
RJ,3301009,Campos dos Goytacazes,Travessão,travessao,,,dne,True
RJ,3301009,Campos dos Goytacazes,Ururaí,ururai,-21.81208038,-41.39087677,brasil_aberto_first_street,True
RJ,3301009,Campos dos Goytacazes,Vila da Rainha,vila da rainha,-21.77101898,-41.28318024,brasil_aberto_first_street,True
RJ,3301009,Campos dos Goytacazes,Vila Industrial,vila industrial,-21.71803093,-41.29324341,brasil_aberto_first_street,True
RJ,3301009,Campos dos Goytacazes,Vila Menezes,vila menezes,,,brasil_aberto,True
RJ,3301009,Campos dos Goytacazes,Vila Nova,vila nova,-21.5260193,-41.3384177,brasil_aberto_first_street,True
RJ,3301009,Campos dos Goytacazes,Vila Nova de Campos,vila nova de campos,,,dne,True
RJ,3301009,Campos dos Goytacazes,Vila Verde,vila verde,-21.805492,-41.2947957,brasil_aberto_first_street,True
RJ,3301009,Campos dos Goytacazes,Vivendas do Coqueiro I,vivendas do coqueiro i,-21.79593468,-41.29457092,brasil_aberto_first_street,True
RJ,3301009,Campos dos Goytacazes,Vivendas do Coqueiro II,vivendas do coqueiro ii,-21.788381,-41.291863,mapbox_geocoding,True
RJ,3301009,Campos dos Goytacazes,Vivendas do Coqueiro III,vivendas do coqueiro iii,-21.788958,-41.192858,mapbox_geocoding,True
RJ,3301009,Campos dos Goytacazes,Vivendas do Coqueiro IV,vivendas do coqueiro iv,-21.75726,-41.32381,mapbox_geocoding,True
RJ,3301108,Cantagalo,Boa Sorte,boa sorte,-22.77756,-43.609011,mapbox_geocoding,True
RJ,3301108,Cantagalo,Centro,centro,-21.9812453,-42.3648599,brasil_aberto_first_street,True
RJ,3301108,Cantagalo,Euclidelândia,euclidelandia,-21.8994996,-42.2563388,cep_aberto,True
RJ,3301108,Cantagalo,Santa Rita da Floresta,santa rita da floresta,-21.879725,-42.455631,mapbox_geocoding,True
RJ,3301108,Cantagalo,São Sebastião da Paraíba,sao sebastiao da paraiba,-21.732483,-41.305313,mapbox_geocoding,True
RJ,3301108,Cantagalo,São Sebastião do Paraíba,sao sebastiao do paraiba,,,dne,True
RJ,3301157,Cardoso Moreira,Centro,centro,-21.4905122,-41.616505,brasil_aberto_first_street,True
RJ,3301157,Cardoso Moreira,Doutor Matos,doutor matos,-21.472594,-41.595057,mapbox_geocoding,True
RJ,3301157,Cardoso Moreira,Outeiro,outeiro,-21.489226,-41.616512,mapbox_geocoding,True
RJ,3301157,Cardoso Moreira,São Joaquim,sao joaquim,-21.479211,-41.47562,mapbox_geocoding,True
RJ,3301157,Cardoso Moreira,São Luiz,sao luiz,-21.47951126,-41.47505951,brasil_aberto_first_street,True
RJ,3301207,Carmo,Barra de São Francisco,barra de sao francisco,,,brasil_aberto,True
RJ,3301207,Carmo,Centro,centro,-21.9327568,-42.6084396,brasil_aberto_first_street,True
RJ,3301207,Carmo,Córrego da Prata,corrego da prata,-21.864452,-42.485055,mapbox_geocoding,True
RJ,3301207,Carmo,Influência,influencia,-21.9314728,-42.6076037,brasil_aberto_first_street,True
RJ,3301207,Carmo,Porto Velho do Cunha,porto velho do cunha,-21.82553,-42.550956,mapbox_geocoding,True
RJ,3301306,Casimiro de Abreu,Barra de São João,barra de sao joao,-22.57440186,-41.98595047,brasil_aberto_first_street,True
RJ,3301306,Casimiro de Abreu,Centro,centro,-22.4775432,-42.2028235,brasil_aberto_first_street,True
RJ,3301306,Casimiro de Abreu,Industrial,industrial,-22.477213,-42.203182,mapbox_geocoding,True
RJ,3301306,Casimiro de Abreu,Professor Souza,professor souza,-22.492869,-42.127916,mapbox_geocoding,True
RJ,3301306,Casimiro de Abreu,Rio Dourado,rio dourado,-22.469797,-42.070863,mapbox_geocoding,True
RJ,3301405,Conceição de Macabu,Centro,centro,-22.08632469,-41.8645401,brasil_aberto_first_street,True
RJ,3301405,Conceição de Macabu,Curato,curato,-22.095056,-41.8362,mapbox_geocoding,True
RJ,3301405,Conceição de Macabu,Macabuzinho,macabuzinho,,,dne,True
RJ,3301504,Cordeiro,Centro,centro,-22.02863884,-42.36286545,brasil_aberto_first_street,True
RJ,3301504,Cordeiro,Lavrinhas,lavrinhas,-22.02863884,-42.36286545,brasil_aberto_first_street,True
RJ,3301504,Cordeiro,Pirazzo,pirazzo,-22.034906,-42.393193,mapbox_geocoding,True
RJ,3301504,Cordeiro,Retiro Poético,retiro poetico,-22.033926,-42.385185,mapbox_geocoding,True
RJ,3301603,Duas Barras,Centro,centro,-22.05122375,-42.52293396,brasil_aberto_first_street,True
RJ,3301603,Duas Barras,Fazenda do Campo,fazenda do campo,-22.848746,-42.100835,mapbox_geocoding,True
RJ,3301603,Duas Barras,Monnerat,monnerat,,,dne,True
RJ,3301603,Duas Barras,Vargem Grande,vargem grande,-22.05219,-42.517515,mapbox_geocoding,True
RJ,3301702,Duque de Caxias,Alto da Serra,alto da serra,-22.94842339,-43.33614731,brasil_aberto_first_street,True
RJ,3301702,Duque de Caxias,Amapá,amapa,-22.68889046,-43.35000992,brasil_aberto_first_street,True
RJ,3301702,Duque de Caxias,Área Rural de Duque de Caxias,area rural de duque de caxias,-22.7868557,-43.3130887,brasil_aberto_first_street,True
RJ,3301702,Duque de Caxias,Barro Branco,barro branco,-22.63615036,-43.24949265,brasil_aberto_first_street,True
RJ,3301702,Duque de Caxias,Bom Retiro,bom retiro,-22.70388222,-43.24857712,brasil_aberto_first_street,True
RJ,3301702,Duque de Caxias,Campos Elíseos,campos eliseos,-22.69325447,-43.28614426,brasil_aberto_first_street,True
RJ,3301702,Duque de Caxias,Cangulo,cangulo,-22.6937794,-43.2279653,brasil_aberto_first_street,True
RJ,3301702,Duque de Caxias,Capivari,capivari,-22.67219353,-43.29411316,brasil_aberto_first_street,True
RJ,3301702,Duque de Caxias,Carolina,carolina,-22.7657684,-43.300081,brasil_aberto_first_street,True
RJ,3301702,Duque de Caxias,Centro,centro,-22.79394722,-43.31656265,brasil_aberto_first_street,True
RJ,3301702,Duque de Caxias,Chácaras Arcampo,chacaras arcampo,-22.65092468,-43.27955627,brasil_aberto_first_street,True
RJ,3301702,Duque de Caxias,Chácaras Maria Helena,chacaras maria helena,-22.66351128,-43.27490616,brasil_aberto_first_street,True
RJ,3301702,Duque de Caxias,Chácaras Rio-Petrópolis,chacaras rio petropolis,-22.68403816,-43.28202057,brasil_aberto_first_street,True
RJ,3301702,Duque de Caxias,Chacrinha,chacrinha,-22.7826296,-43.2982974,brasil_aberto_first_street,True
RJ,3301702,Duque de Caxias,Cidade dos Meninos,cidade dos meninos,-22.68673897,-43.32188034,brasil_aberto_first_street,True
RJ,3301702,Duque de Caxias,Circular,circular,-22.78196144,-43.30768585,brasil_aberto_first_street,True
RJ,3301702,Duque de Caxias,Coriolano,coriolano,-22.73826981,-43.32601166,brasil_aberto_first_street,True
RJ,3301702,Duque de Caxias,Divino,divino,-22.72579384,-43.32058716,brasil_aberto_first_street,True
RJ,3301702,Duque de Caxias,Doutor Laureano,doutor laureano,-22.77122307,-43.29129028,brasil_aberto_first_street,True
RJ,3301702,Duque de Caxias,Engenho do Porto,engenho do porto,-22.78834724,-43.32297516,brasil_aberto_first_street,True
RJ,3301702,Duque de Caxias,Figueira,figueira,-22.60625076,-43.2829628,brasil_aberto_first_street,True
RJ,3301702,Duque de Caxias,Fonseca,fonseca,-22.70241165,-43.2741394,brasil_aberto_first_street,True
RJ,3301702,Duque de Caxias,Graças,gracas,-22.7337959,-43.3110661,brasil_aberto_first_street,True
RJ,3301702,Duque de Caxias,Gramacho,gramacho,-22.75601959,-43.30620193,brasil_aberto_first_street,True
RJ,3301702,Duque de Caxias,Imbariê,imbarie,-22.63624382,-43.2229538,brasil_aberto_first_street,True
RJ,3301702,Duque de Caxias,Itatiaia,itatiaia,-22.77835,-43.2992789,brasil_aberto_first_street,True
RJ,3301702,Duque de Caxias,Jardim Anhangá,jardim anhanga,-22.6451511,-43.2333987,brasil_aberto_first_street,True
RJ,3301702,Duque de Caxias,Jardim Balneário Ana Clara,jardim balneario ana clara,-22.70216942,-43.24100113,brasil_aberto_first_street,True
RJ,3301702,Duque de Caxias,Jardim Barro Branco,jardim barro branco,-22.62193108,-43.23457718,brasil_aberto_first_street,True
RJ,3301702,Duque de Caxias,Jardim Califórnia,jardim california,-22.97066689,-43.18971634,brasil_aberto_first_street,True
RJ,3301702,Duque de Caxias,Jardim das Oliveiras,jardim das oliveiras,-22.73036385,-43.3181572,brasil_aberto_first_street,True
RJ,3301702,Duque de Caxias,Jardim Fim de Semana,jardim fim de semana,-22.695008,-43.2619307,brasil_aberto_first_street,True
RJ,3301702,Duque de Caxias,Jardim Glória,jardim gloria,-22.7170262,-43.3204118,brasil_aberto_first_street,True
RJ,3301702,Duque de Caxias,Jardim Gramacho,jardim gramacho,-22.759552,-43.29205322,brasil_aberto_first_street,True
RJ,3301702,Duque de Caxias,Jardim Guanabara,jardim guanabara,-22.7825271,-43.294123,brasil_aberto_first_street,True
RJ,3301702,Duque de Caxias,Jardim Imbariê,jardim imbarie,-22.62193108,-43.23457718,brasil_aberto_first_street,True
RJ,3301702,Duque de Caxias,Jardim Leal,jardim leal,-22.7567714,-43.3173542,brasil_aberto_first_street,True
RJ,3301702,Duque de Caxias,Jardim Líder,jardim lider,-22.6937794,-43.2279653,brasil_aberto_first_street,True
RJ,3301702,Duque de Caxias,Jardim Mariana,jardim mariana,-22.6813089,-43.3553054,brasil_aberto_first_street,True
RJ,3301702,Duque de Caxias,Jardim Maricen,jardim maricen,-22.72880936,-43.32776642,brasil_aberto_first_street,True
RJ,3301702,Duque de Caxias,Jardim Nossa Senhora de Fátima,jardim nossa senhora de fatima,-22.87979507,-43.36473083,brasil_aberto_first_street,True
RJ,3301702,Duque de Caxias,Jardim Nossa Senhora do Carmo,jardim nossa senhora do carmo,-22.7021712,-43.2847827,brasil_aberto_first_street,True
RJ,3301702,Duque de Caxias,Jardim Olimpo,jardim olimpo,-22.62168503,-43.28566742,brasil_aberto_first_street,True
RJ,3301702,Duque de Caxias,Jardim Panamá,jardim panama,-22.78899956,-43.2912674,brasil_aberto_first_street,True
RJ,3301702,Duque de Caxias,Jardim Piratininga,jardim piratininga,-22.7068882,-43.26998901,brasil_aberto_first_street,True
RJ,3301702,Duque de Caxias,Jardim Porangaba,jardim porangaba,-22.7272646,-43.323214,brasil_aberto_first_street,True
RJ,3301702,Duque de Caxias,Jardim Portugal,jardim portugal,-22.72528267,-43.32822418,brasil_aberto_first_street,True
RJ,3301702,Duque de Caxias,Jardim Primavera,jardim primavera,-22.68389511,-43.27700043,brasil_aberto_first_street,True
RJ,3301702,Duque de Caxias,Jardim Rosário,jardim rosario,-22.68417549,-43.24288177,brasil_aberto_first_street,True
RJ,3301702,Duque de Caxias,Jardim Rotsen,jardim rotsen,-22.63502121,-43.23469162,brasil_aberto_first_street,True
RJ,3301702,Duque de Caxias,Jardim Santa Rita,jardim santa rita,-22.6801815,-43.25061798,brasil_aberto_first_street,True
RJ,3301702,Duque de Caxias,Jardim Santana do Pilar,jardim santana do pilar,-22.69112968,-43.25757217,brasil_aberto_first_street,True
RJ,3301702,Duque de Caxias,Jardim Santos Meira,jardim santos meira,-22.65760994,-43.31161118,brasil_aberto_first_street,True
RJ,3301702,Duque de Caxias,Jardim São Lourenço,jardim sao lourenco,-22.73861122,-43.32713318,brasil_aberto_first_street,True
RJ,3301702,Duque de Caxias,Jardim Três Marias,jardim tres marias,-22.89714432,-43.27201462,brasil_aberto_first_street,True
RJ,3301702,Duque de Caxias,Jardim Vila Nova,jardim vila nova,-22.72106934,-43.31781387,brasil_aberto_first_street,True
RJ,3301702,Duque de Caxias,Jardim Vinte e Cinco de Agosto,jardim vinte e cinco de agosto,-22.79206085,-43.30520248,brasil_aberto_first_street,True
RJ,3301702,Duque de Caxias,Jardim Vista Alegre,jardim vista alegre,-22.7180928,-43.3057068,brasil_aberto_first_street,True
RJ,3301702,Duque de Caxias,Lamarão,lamarao,-22.707906,-43.308176,mapbox_geocoding,True
RJ,3301702,Duque de Caxias,Loteamento Cachoeira,loteamento cachoeira,-22.6391365,-43.2513352,brasil_aberto_first_street,True
RJ,3301702,Duque de Caxias,Mantiquira,mantiquira,-22.56812477,-43.28459167,brasil_aberto_first_street,True
RJ,3301702,Duque de Caxias,Nossa Senhora das Graças,nossa senhora das gracas,-22.72294426,-43.32081223,brasil_aberto_first_street,True
RJ,3301702,Duque de Caxias,Nossa Senhora do Carmo,nossa senhora do carmo,-22.74563789,-43.32817841,brasil_aberto_first_street,True
RJ,3301702,Duque de Caxias,Nova Campinas,nova campinas,-22.6461388,-43.2519662,brasil_aberto_first_street,True
RJ,3301702,Duque de Caxias,Olavo Bilac,olavo bilac,-22.76233673,-43.32779694,brasil_aberto_first_street,True
RJ,3301702,Duque de Caxias,Parada Angélica,parada angelica,-22.62193108,-43.23457718,brasil_aberto_first_street,True
RJ,3301702,Duque de Caxias,Parada Morabi,parada morabi,-22.66283035,-43.22678757,brasil_aberto_first_street,True
RJ,3301702,Duque de Caxias,Parque A Equitativa,parque a equitativa,-22.63291359,-43.26459885,brasil_aberto_first_street,True
RJ,3301702,Duque de Caxias,Parque Alvorada,parque alvorada,-22.74814796,-43.30727768,brasil_aberto_first_street,True
RJ,3301702,Duque de Caxias,Parque Beira Mar,parque beira mar,-22.79050636,-43.28995132,brasil_aberto_first_street,True
RJ,3301702,Duque de Caxias,Parque Boa Vista I,parque boa vista i,-22.79185486,-43.28776169,brasil_aberto_first_street,True
RJ,3301702,Duque de Caxias,Parque Boa Vista II,parque boa vista ii,-22.79486847,-43.28355026,brasil_aberto_first_street,True
RJ,3301702,Duque de Caxias,Parque Centenário,parque centenario,-22.62347984,-43.21831131,brasil_aberto_first_street,True
RJ,3301702,Duque de Caxias,Parque Chuno,parque chuno,-22.688097,-43.25304794,brasil_aberto_first_street,True
RJ,3301702,Duque de Caxias,Parque Comercial,parque comercial,-22.7281295,-43.3228264,brasil_aberto_first_street,True
RJ,3301702,Duque de Caxias,Parque das Missões,parque das missoes,-22.80547523,-43.28240204,brasil_aberto_first_street,True
RJ,3301702,Duque de Caxias,Parque do Carmo,parque do carmo,-22.72437859,-43.3111763,brasil_aberto_first_street,True
RJ,3301702,Duque de Caxias,Parque Duque,parque duque,-22.80070305,-43.28463745,brasil_aberto_first_street,True
RJ,3301702,Duque de Caxias,Parque Eldorado,parque eldorado,-22.64653206,-43.29786301,brasil_aberto_first_street,True
RJ,3301702,Duque de Caxias,Parque Esperança,parque esperanca,-22.71310043,-43.32039642,brasil_aberto_first_street,True
RJ,3301702,Duque de Caxias,Parque Estrela,parque estrela,-22.64556503,-43.2201767,brasil_aberto_first_street,True
RJ,3301702,Duque de Caxias,Parque Felicidade,parque felicidade,-22.7855146,-43.2974671,brasil_aberto_first_street,True
RJ,3301702,Duque de Caxias,Parque Fluminense,parque fluminense,-22.7332058,-43.31616974,brasil_aberto_first_street,True
RJ,3301702,Duque de Caxias,Parque Guararapes,parque guararapes,-22.67287636,-43.25453186,brasil_aberto_first_street,True
RJ,3301702,Duque de Caxias,Parque Império,parque imperio,-22.69050407,-43.27584076,brasil_aberto_first_street,True
RJ,3301702,Duque de Caxias,Parque Independência,parque independencia,-22.6746552,-43.2352221,brasil_aberto_first_street,True
RJ,3301702,Duque de Caxias,Parque João Pessoa,parque joao pessoa,-22.67713165,-43.25907135,brasil_aberto_first_street,True
RJ,3301702,Duque de Caxias,Parque Lafaiete,parque lafaiete,-22.80031013,-43.32326889,brasil_aberto_first_street,True
RJ,3301702,Duque de Caxias,Parque Laguna e Dourados,parque laguna e dourados,-22.7973069,-43.313771,brasil_aberto_first_street,True
RJ,3301702,Duque de Caxias,Parque Marilandia,parque marilandia,-22.69781685,-43.26660538,brasil_aberto_first_street,True
RJ,3301702,Duque de Caxias,Parque Moderno,parque moderno,-22.68725586,-43.25890732,brasil_aberto_first_street,True
RJ,3301702,Duque de Caxias,Parque Muísa,parque muisa,-22.74814796,-43.30727768,brasil_aberto_first_street,True
RJ,3301702,Duque de Caxias,Parque Nossa Senhora da Penha,parque nossa senhora da penha,,,brasil_aberto,True
RJ,3301702,Duque de Caxias,Parque Nova Esperança,parque nova esperanca,-22.74814796,-43.30727768,brasil_aberto_first_street,True
RJ,3301702,Duque de Caxias,Parque Panorama,parque panorama,-22.72818565,-43.32649994,brasil_aberto_first_street,True
RJ,3301702,Duque de Caxias,Parque Paulicéia,parque pauliceia,-22.78245544,-43.30516815,brasil_aberto_first_street,True
RJ,3301702,Duque de Caxias,Parque Paulista,parque paulista,-22.62193108,-43.23457718,brasil_aberto_first_street,True
RJ,3301702,Duque de Caxias,Parque Redentor,parque redentor,-22.7904882,-43.2899536,brasil_aberto_first_street,True
RJ,3301702,Duque de Caxias,Parque Samirópolis,parque samiropolis,-22.7344666,-43.3252409,brasil_aberto_first_street,True
RJ,3301702,Duque de Caxias,Parque Santa Lúcia,parque santa lucia,-22.67020607,-43.2844696,brasil_aberto_first_street,True
RJ,3301702,Duque de Caxias,Parque Santa Marta,parque santa marta,-22.7956489,-43.2893558,brasil_aberto_first_street,True
RJ,3301702,Duque de Caxias,Parque Santa Rosa,parque santa rosa,-22.6443882,-43.22114944,brasil_aberto_first_street,True
RJ,3301702,Duque de Caxias,Parque Santo Antônio,parque santo antonio,-22.70907974,-43.31132889,brasil_aberto_first_street,True
RJ,3301702,Duque de Caxias,Parque São Bento,parque sao bento,-22.78913,-43.3106,mapbox_geocoding,True
RJ,3301702,Duque de Caxias,Parque São Carlos,parque sao carlos,-22.84187508,-43.01279831,brasil_aberto_first_street,True
RJ,3301702,Duque de Caxias,Parque São João,parque sao joao,-22.70798302,-43.30020905,brasil_aberto_first_street,True
RJ,3301702,Duque de Caxias,Parque São Pedro de Alcantara,parque sao pedro de alcantara,-22.7868557,-43.3130887,brasil_aberto_first_street,True
RJ,3301702,Duque de Caxias,Parque Sarapuí,parque sarapui,-22.77081108,-43.28303146,brasil_aberto_first_street,True
RJ,3301702,Duque de Caxias,Parque Senhor do Bonfim,parque senhor do bonfim,-22.77509499,-43.31753159,brasil_aberto_first_street,True
RJ,3301702,Duque de Caxias,Parque Uruguaiana,parque uruguaiana,-22.67764091,-43.24772644,brasil_aberto_first_street,True
RJ,3301702,Duque de Caxias,Parque Vila Nova,parque vila nova,-22.805085,-43.27754,mapbox_geocoding,True
RJ,3301702,Duque de Caxias,Parque Vitória,parque vitoria,-22.71798134,-43.32015228,brasil_aberto_first_street,True
RJ,3301702,Duque de Caxias,Parque Xerém,parque xerem,-22.55779648,-43.31092834,brasil_aberto_first_street,True
RJ,3301702,Duque de Caxias,Pilar,pilar,-22.678365,-43.360533,mapbox_geocoding,True
RJ,3301702,Duque de Caxias,Quatorze de Julho,quatorze de julho,-22.7868557,-43.3130887,brasil_aberto_first_street,True
RJ,3301702,Duque de Caxias,Santa Alice,santa alice,-22.60156441,-43.30204391,brasil_aberto_first_street,True
RJ,3301702,Duque de Caxias,Santa Cruz da Serra,santa cruz da serra,-22.60703,-43.195564,mapbox_geocoding,True
RJ,3301702,Duque de Caxias,Santa Lúcia,santa lucia,-22.95927048,-43.19975281,brasil_aberto_first_street,True
RJ,3301702,Duque de Caxias,Santo Antônio,santo antonio,-22.60749817,-43.28021622,brasil_aberto_first_street,True
RJ,3301702,Duque de Caxias,Santo Antônio da Serra,santo antonio da serra,-22.56361771,-43.22820663,brasil_aberto_first_street,True
RJ,3301702,Duque de Caxias,São Bento,sao bento,-22.74814796,-43.30727768,brasil_aberto_first_street,True
RJ,3301702,Duque de Caxias,Saracuruna,saracuruna,-22.68603516,-43.27153015,brasil_aberto_first_street,True
RJ,3301702,Duque de Caxias,Silva,silva,-22.70746231,-43.30451202,brasil_aberto_first_street,True
RJ,3301702,Duque de Caxias,Silva Cardoso,silva cardoso,-22.71007729,-43.30475998,brasil_aberto_first_street,True
RJ,3301702,Duque de Caxias,Taquara,taquara,-22.61975098,-43.23679733,brasil_aberto_first_street,True
RJ,3301702,Duque de Caxias,Vila Actura,vila actura,-22.71073151,-43.26462173,brasil_aberto_first_street,True
RJ,3301702,Duque de Caxias,Vila Amélia,vila amelia,-22.78441048,-43.32119751,brasil_aberto_first_street,True
RJ,3301702,Duque de Caxias,Vila Angélica,vila angelica,-22.62521362,-43.20378494,brasil_aberto_first_street,True
RJ,3301702,Duque de Caxias,Vila Araci (Imbariê),vila araci imbarie,-22.63694954,-43.21564865,brasil_aberto_first_street,True
RJ,3301702,Duque de Caxias,Vila Bela Vista,vila bela vista,-22.78898048,-43.32078171,brasil_aberto_first_street,True
RJ,3301702,Duque de Caxias,Vila Bernadete,vila bernadete,-22.78913,-43.3106,mapbox_geocoding,True
RJ,3301702,Duque de Caxias,Vila Bonança,vila bonanca,-22.61578369,-43.28432083,brasil_aberto_first_street,True
RJ,3301702,Duque de Caxias,Vila Caetano Madeira,vila caetano madeira,-22.75860023,-43.2960968,brasil_aberto_first_street,True
RJ,3301702,Duque de Caxias,Vila Campanaro,vila campanaro,-22.7877121,-43.32215881,brasil_aberto_first_street,True
RJ,3301702,Duque de Caxias,Vila Canaan,vila canaan,-22.62854958,-43.28293228,brasil_aberto_first_street,True
RJ,3301702,Duque de Caxias,Vila Capixaba,vila capixaba,-22.62128258,-43.2131958,brasil_aberto_first_street,True
RJ,3301702,Duque de Caxias,Vila Centenário,vila centenario,-22.76862907,-43.31791687,brasil_aberto_first_street,True
RJ,3301702,Duque de Caxias,Vila Cocota,vila cocota,-22.638523,-43.2273605,brasil_aberto_first_street,True
RJ,3301702,Duque de Caxias,Vila Constança de Calvos,vila constanca de calvos,-22.77589607,-43.29122925,brasil_aberto_first_street,True
RJ,3301702,Duque de Caxias,Vila Ema,vila ema,-22.62199974,-43.23107147,brasil_aberto_first_street,True
RJ,3301702,Duque de Caxias,Vila Esperança,vila esperanca,-22.61705208,-43.205616,brasil_aberto_first_street,True
RJ,3301702,Duque de Caxias,Vila Flávia,vila flavia,-22.78831482,-43.31559372,brasil_aberto_first_street,True
RJ,3301702,Duque de Caxias,Vila Guanabara,vila guanabara,-22.7819567,-43.2933938,brasil_aberto_first_street,True
RJ,3301702,Duque de Caxias,Vila Ideal,vila ideal,-22.7941245,-43.31437469999999,brasil_aberto_first_street,True
RJ,3301702,Duque de Caxias,Vila Irene,vila irene,-22.617,-43.2068213,brasil_aberto_first_street,True
RJ,3301702,Duque de Caxias,Vila Itamarati,vila itamarati,-22.77802467,-43.30262375,brasil_aberto_first_street,True
RJ,3301702,Duque de Caxias,Vila Leopoldina,vila leopoldina,-22.7600138,-43.3077331,brasil_aberto_first_street,True
RJ,3301702,Duque de Caxias,Vila Maria Helena,vila maria helena,-22.6585319,-43.2818989,brasil_aberto_first_street,True
RJ,3301702,Duque de Caxias,Vila Meriti,vila meriti,-22.7567714,-43.3173542,brasil_aberto_first_street,True
RJ,3301702,Duque de Caxias,Vila Nossa Senhora das Graças,vila nossa senhora das gracas,-22.59910393,-43.29121017,brasil_aberto_first_street,True
RJ,3301702,Duque de Caxias,Vila Oito de Maio,vila oito de maio,-22.79150963,-43.29825592,brasil_aberto_first_street,True
RJ,3301702,Duque de Caxias,Vila Operária,vila operaria,-22.60086823,-43.29222488,brasil_aberto_first_street,True
RJ,3301702,Duque de Caxias,Vila Ouro Preto,vila ouro preto,-22.77015114,-43.28684235,brasil_aberto_first_street,True
RJ,3301702,Duque de Caxias,Vila Paula,vila paula,-22.78766632,-43.31667328,brasil_aberto_first_street,True
RJ,3301702,Duque de Caxias,Vila Rosário,vila rosario,-22.7343483,-43.31886292,brasil_aberto_first_street,True
RJ,3301702,Duque de Caxias,Vila Santa Alice,vila santa alice,-22.60004044,-43.29874039,brasil_aberto_first_street,True
RJ,3301702,Duque de Caxias,Vila Santa Cruz,vila santa cruz,-22.64398384,-43.27406693,brasil_aberto_first_street,True
RJ,3301702,Duque de Caxias,Vila Santo Antônio,vila santo antonio,-22.74559975,-43.31333923,brasil_aberto_first_street,True
RJ,3301702,Duque de Caxias,Vila São João,vila sao joao,-22.78767395,-43.31863403,brasil_aberto_first_street,True
RJ,3301702,Duque de Caxias,Vila São Judas Tadeu,vila sao judas tadeu,-22.6584534,-43.287199,brasil_aberto_first_street,True
RJ,3301702,Duque de Caxias,Vila São Luís,vila sao luis,-22.77964401,-43.29092026,brasil_aberto_first_street,True
RJ,3301702,Duque de Caxias,Vila São Pedro,vila sao pedro,-22.74007225,-43.32276154,brasil_aberto_first_street,True
RJ,3301702,Duque de Caxias,Vila São Sebastião,vila sao sebastiao,-22.77122307,-43.29129028,brasil_aberto_first_street,True
RJ,3301702,Duque de Caxias,Vila Sapê,vila sape,-22.608817,-43.282971,mapbox_geocoding,True
RJ,3301702,Duque de Caxias,Vila Sarapuí,vila sarapui,-22.75061226,-43.30036926,brasil_aberto_first_street,True
RJ,3301702,Duque de Caxias,Vila Sheila,vila sheila,-22.67083931,-43.28292084,brasil_aberto_first_street,True
RJ,3301702,Duque de Caxias,Vila Sossego,vila sossego,-22.7868557,-43.3130887,brasil_aberto_first_street,True
RJ,3301702,Duque de Caxias,Vila Teresa,vila teresa,-22.7409996,-43.3279571,brasil_aberto_first_street,True
RJ,3301702,Duque de Caxias,Vila Urussaí,vila urussai,-22.6691227,-43.27038956,brasil_aberto_first_street,True
RJ,3301702,Duque de Caxias,Xerém,xerem,-22.704408,-43.280959,mapbox_geocoding,True
RJ,3301801,Engenheiro Paulo de Frontin,Centro,centro,-22.55019379,-43.67758179,brasil_aberto_first_street,True
RJ,3301801,Engenheiro Paulo de Frontin,Morro Azul do Tinguá,morro azul do tingua,-22.476062,-43.582028,mapbox_geocoding,True
RJ,3301801,Engenheiro Paulo de Frontin,Sacra Família do Tinguá,sacra familia do tingua,,,dne,True
RJ,3301850,Guapimirim,Área Rural de Guapimirm,area rural de guapimirm,-22.5212452,-42.9795361,brasil_aberto_first_street,True
RJ,3301850,Guapimirim,Bananal,bananal,-22.94109917,-43.33221436,brasil_aberto_first_street,True
RJ,3301850,Guapimirim,Barreira,barreira,-22.50744247,-42.9888382,brasil_aberto_first_street,True
RJ,3301850,Guapimirim,Cadetes Fabres,cadetes fabres,-22.55361557,-42.9615097,brasil_aberto_first_street,True
RJ,3301850,Guapimirim,Caneca Fina,caneca fina,-22.49976349,-42.95670319,brasil_aberto_first_street,True
RJ,3301850,Guapimirim,Cantagalo,cantagalo,-22.52983284,-42.98466492,brasil_aberto_first_street,True
RJ,3301850,Guapimirim,Centro,centro,-22.52872658,-42.98391342,brasil_aberto_first_street,True
RJ,3301850,Guapimirim,Cidade Jardim Guapimirim,cidade jardim guapimirim,-22.55913353,-42.99049759,brasil_aberto_first_street,True
RJ,3301850,Guapimirim,Citrolândia,citrolandia,-22.5960959,-43.0007192,brasil_aberto_first_street,True
RJ,3301850,Guapimirim,Corujas,corujas,-22.654264,-43.0617615,brasil_aberto_first_street,True
RJ,3301850,Guapimirim,Cotia,cotia,-22.541346,-42.929669,mapbox_geocoding,True
RJ,3301850,Guapimirim,Espinhaço,espinhaco,-22.51990509,-42.99224091,brasil_aberto_first_street,True
RJ,3301850,Guapimirim,Garrafão,garrafao,-22.47555351,-42.99525452,brasil_aberto_first_street,True
RJ,3301850,Guapimirim,Iconha,iconha,-22.514559,-42.9691428,brasil_aberto_first_street,True
RJ,3301850,Guapimirim,Limoeiro,limoeiro,-22.5054683,-42.9787281,brasil_aberto_first_street,True
RJ,3301850,Guapimirim,Monte Oliveti,monte oliveti,-22.50973129,-43.00989532,brasil_aberto_first_street,True
RJ,3301850,Guapimirim,Nova Marília,nova marilia,-22.63006783,-43.01675415,brasil_aberto_first_street,True
RJ,3301850,Guapimirim,Orindi,orindi,-22.5205032,-42.9006504,brasil_aberto_first_street,True
RJ,3301850,Guapimirim,Paiol,paiol,-22.5232974,-42.9826303,brasil_aberto_first_street,True
RJ,3301850,Guapimirim,Parada Ideal,parada ideal,-22.57692528,-43.00632858,brasil_aberto_first_street,True
RJ,3301850,Guapimirim,Parada Modelo,parada modelo,-22.55274582,-42.98940659,brasil_aberto_first_street,True
RJ,3301850,Guapimirim,Paraíso,paraiso,-22.48972321,-42.9116478,brasil_aberto_first_street,True
RJ,3301850,Guapimirim,Parque Fleixal,parque fleixal,,,brasil_aberto,True
RJ,3301850,Guapimirim,Parque Freixal,parque freixal,-22.5294789,-42.9801359,brasil_aberto_first_street,True
RJ,3301850,Guapimirim,Parque Nossa Senhora da Ajuda,parque nossa senhora da ajuda,-22.5212452,-42.9795361,brasil_aberto_first_street,True
RJ,3301850,Guapimirim,Parque Santa Eugênia,parque santa eugenia,-22.55962181,-43.00658035,brasil_aberto_first_street,True
RJ,3301850,Guapimirim,Parque Silvestre,parque silvestre,-22.52902031,-42.99484253,brasil_aberto_first_street,True
RJ,3301850,Guapimirim,Quinta Mariana,quinta mariana,-22.53318977,-42.97728729,brasil_aberto_first_street,True
RJ,3301850,Guapimirim,Segredo,segredo,-22.54292107,-42.98275375,brasil_aberto_first_street,True
RJ,3301850,Guapimirim,Vale das Pedrinhas,vale das pedrinhas,-22.65863228,-43.01664352,brasil_aberto_first_street,True
RJ,3301850,Guapimirim,Vale Jequitibá,vale jequitiba,-22.5283521,-42.9745309,brasil_aberto_first_street,True
RJ,3301850,Guapimirim,Várzea Alegre,varzea alegre,-22.67009735,-43.02313232,brasil_aberto_first_street,True
RJ,3301850,Guapimirim,Vila Olímpia,vila olimpia,-22.66817284,-43.02313995,brasil_aberto_first_street,True
RJ,3301876,Iguaba Grande,Área Rural de Iguaba Grande,area rural de iguaba grande,-22.839153,-42.225056,mapbox_geocoding,True
RJ,3301876,Iguaba Grande,Arrastão das Pedras,arrastao das pedras,-22.792006,-42.243646,mapbox_geocoding,True
RJ,3301876,Iguaba Grande,Boa Vista,boa vista,-22.829877,-42.226586,mapbox_geocoding,True
RJ,3301876,Iguaba Grande,Canellas City,canellas city,-22.843789,-42.229983,mapbox_geocoding,True
RJ,3301876,Iguaba Grande,Capivara,capivara,-22.839312,-42.208018,mapbox_geocoding,True
RJ,3301876,Iguaba Grande,Centro,centro,-22.834926,-42.2292,mapbox_geocoding,True
RJ,3301876,Iguaba Grande,Cidade Nova,cidade nova,-22.835551,-42.224779,mapbox_geocoding,True
RJ,3301876,Iguaba Grande,Coqueiros,coqueiros,-22.839153,-42.225056,mapbox_geocoding,True
RJ,3301876,Iguaba Grande,Estação,estacao,-22.829877,-42.226586,mapbox_geocoding,True
RJ,3301876,Iguaba Grande,Igarapiapunha,igarapiapunha,-22.810009,-42.243826,mapbox_geocoding,True
RJ,3301876,Iguaba Grande,Iguaba Grande,iguaba grande,,,brasil_aberto,True
RJ,3301876,Iguaba Grande,Iguaba Pequena,iguaba pequena,-22.835551,-42.224779,mapbox_geocoding,True
RJ,3301876,Iguaba Grande,Jardim Solares,jardim solares,-22.798762,-42.432537,mapbox_geocoding,True
RJ,3301876,Iguaba Grande,Nova Iguaba,nova iguaba,-22.82976,-42.208906,mapbox_geocoding,True
RJ,3301876,Iguaba Grande,Parque dos Desejos,parque dos desejos,-22.840991,-42.186827,mapbox_geocoding,True
RJ,3301876,Iguaba Grande,Pedreira,pedreira,-22.836359,-42.240247,mapbox_geocoding,True
RJ,3301876,Iguaba Grande,São Miguel,sao miguel,-22.801362,-42.214837,mapbox_geocoding,True
RJ,3301876,Iguaba Grande,Sapiatiba Mirim,sapiatiba mirim,-22.839153,-42.225056,mapbox_geocoding,True
RJ,3301876,Iguaba Grande,Sopotó,sopoto,-22.834926,-42.2292,mapbox_geocoding,True
RJ,3301876,Iguaba Grande,Tamariz,tamariz,-22.839153,-42.225056,mapbox_geocoding,True
RJ,3301876,Iguaba Grande,Ubás,ubas,-22.844818,-42.200518,mapbox_geocoding,True
RJ,3301876,Iguaba Grande,União,uniao,-22.801362,-42.214837,mapbox_geocoding,True
RJ,3301876,Iguaba Grande,Vila Nova,vila nova,-22.839153,-42.225056,mapbox_geocoding,True
RJ,3301900,Itaboraí,Agro Brasil (Sambaetiba),agro brasil sambaetiba,-23.0211544,-43.4932251,brasil_aberto_first_street,True
RJ,3301900,Itaboraí,Aldeia da Prata (Manilha),aldeia da prata manilha,-22.77232933,-42.93809128,brasil_aberto_first_street,True
RJ,3301900,Itaboraí,Alto do Jacú (Sambaetiba),alto do jacu sambaetiba,-22.7013112,-42.797824,brasil_aberto_first_street,True
RJ,3301900,Itaboraí,Ampliação,ampliacao,-22.75354958,-42.85976791,brasil_aberto_first_street,True
RJ,3301900,Itaboraí,Apolo II (Manilha),apolo ii manilha,-22.78027916,-42.93689346,brasil_aberto_first_street,True
RJ,3301900,Itaboraí,Área Rural de Itaboraí,area rural de itaborai,-22.7544183,-42.8985316,brasil_aberto_first_street,True
RJ,3301900,Itaboraí,Areal,areal,-22.72316551,-42.85721207,brasil_aberto_first_street,True
RJ,3301900,Itaboraí,Badureco,badureco,-22.77518272,-42.86003113,brasil_aberto_first_street,True
RJ,3301900,Itaboraí,Bela Vista,bela vista,-22.75405312,-42.88416672,brasil_aberto_first_street,True
RJ,3301900,Itaboraí,Caluge,caluge,-22.77518272,-42.86003113,brasil_aberto_first_street,True
RJ,3301900,Itaboraí,Calundu,calundu,-22.75982094,-42.84583664,brasil_aberto_first_street,True
RJ,3301900,Itaboraí,Centro,centro,-22.75354958,-42.85976791,brasil_aberto_first_street,True
RJ,3301900,Itaboraí,Centro (Cabuçu),centro cabucu,-22.82275772,-42.88746643,brasil_aberto_first_street,True
RJ,3301900,Itaboraí,Centro (Itambi),centro itambi,-22.7354189,-42.9565696,brasil_aberto_first_street,True
RJ,3301900,Itaboraí,Centro (Manilha),centro manilha,-22.7831955,-42.91823196,brasil_aberto_first_street,True
RJ,3301900,Itaboraí,Centro (Pachecos),centro pachecos,-22.82637596,-42.75693893,brasil_aberto_first_street,True
RJ,3301900,Itaboraí,Centro (Porto das Caixas),centro porto das caixas,-22.70083427,-42.88014221,brasil_aberto_first_street,True
RJ,3301900,Itaboraí,Centro (Sambaetiba),centro sambaetiba,-22.68132019,-42.79266739,brasil_aberto_first_street,True
RJ,3301900,Itaboraí,Centro (Visconde de Itaboraí),centro visconde de itaborai,-22.71666336,-42.90392303,brasil_aberto_first_street,True
RJ,3301900,Itaboraí,Chácara Iguá,chacara igua,-22.7434548,-42.919902,brasil_aberto_first_street,True
RJ,3301900,Itaboraí,Chácaras Bela Vista (Sambaetiba),chacaras bela vista sambaetiba,-22.70642,-42.80493,brasil_aberto_first_street,True
RJ,3301900,Itaboraí,City Areal,city areal,-22.7162157,-42.8744629,brasil_aberto_first_street,True
RJ,3301900,Itaboraí,Colônia,colonia,-22.7463932,-42.85630798,brasil_aberto_first_street,True
RJ,3301900,Itaboraí,Curuzu (Cabuçu),curuzu cabucu,-22.8391926,-42.8573848,brasil_aberto_first_street,True
RJ,3301900,Itaboraí,Engenho Velho,engenho velho,-22.7324648,-42.8124081,brasil_aberto_first_street,True
RJ,3301900,Itaboraí,Esperança,esperanca,-22.7175163,-42.8187608,brasil_aberto_first_street,True
RJ,3301900,Itaboraí,Gebara (Itambi),gebara itambi,-22.76860619,-42.95453644,brasil_aberto_first_street,True
RJ,3301900,Itaboraí,Grande Rio (Itambi),grande rio itambi,-22.73883057,-42.92183304,brasil_aberto_first_street,True
RJ,3301900,Itaboraí,Granjas Cabuçu (Manilha),granjas cabucu manilha,-22.79209328,-42.90281677,brasil_aberto_first_street,True
RJ,3301900,Itaboraí,Granjas Mirassol (Pachecos),granjas mirassol pachecos,-22.82637596,-42.75693893,brasil_aberto_first_street,True
RJ,3301900,Itaboraí,Itamarati (Visconde de Itaboraí),itamarati visconde de itaborai,-22.71666336,-42.90392303,brasil_aberto_first_street,True
RJ,3301900,Itaboraí,Itaville,itaville,-22.76314354,-42.90575409,brasil_aberto_first_street,True
RJ,3301900,Itaboraí,Jardim Ferma,jardim ferma,-22.71974754,-42.86381149,brasil_aberto_first_street,True
RJ,3301900,Itaboraí,Jardim Imperial,jardim imperial,-22.7463932,-42.85630798,brasil_aberto_first_street,True
RJ,3301900,Itaboraí,Jardim Itambi (Itambi),jardim itambi itambi,-22.74630928,-42.94704056,brasil_aberto_first_street,True
RJ,3301900,Itaboraí,João Caetano (Itambi),joao caetano itambi,-22.73338127,-42.94683456,brasil_aberto_first_street,True
RJ,3301900,Itaboraí,Joaquim de Oliveira,joaquim de oliveira,-22.7416447,-42.8784583,brasil_aberto_first_street,True
RJ,3301900,Itaboraí,Marambaia (Manilha),marambaia manilha,-22.78907776,-42.93928528,brasil_aberto_first_street,True
RJ,3301900,Itaboraí,Maravilha (Visconde de Itaboraí),maravilha visconde de itaborai,-22.70537376,-42.89764404,brasil_aberto_first_street,True
RJ,3301900,Itaboraí,Monte Verde (Manilha),monte verde manilha,-22.68186378,-43.40952682,brasil_aberto_first_street,True
RJ,3301900,Itaboraí,Morada do Sol I (Itambi),morada do sol i itambi,-22.74201965,-42.92051315,brasil_aberto_first_street,True
RJ,3301900,Itaboraí,Morada do Sol II (Itambi),morada do sol ii itambi,-22.7500707,-42.91521220000001,brasil_aberto_first_street,True
RJ,3301900,Itaboraí,Nancilândia,nancilandia,-22.72316551,-42.85721207,brasil_aberto_first_street,True
RJ,3301900,Itaboraí,Nova Cidade,nova cidade,-22.75030327,-42.85017776,brasil_aberto_first_street,True
RJ,3301900,Itaboraí,Novo Horizonte (Manilha),novo horizonte manilha,-22.7799241,-42.9214269,brasil_aberto_first_street,True
RJ,3301900,Itaboraí,Outeiro das Pedras,outeiro das pedras,-22.75486565,-42.87088013,brasil_aberto_first_street,True
RJ,3301900,Itaboraí,Parque Aurora (Itambi),parque aurora itambi,-22.68186378,-43.40952682,brasil_aberto_first_street,True
RJ,3301900,Itaboraí,Parque Nova Friburgo (Sambaetiba),parque nova friburgo sambaetiba,-22.01727867,-42.32997894,brasil_aberto_first_street,True
RJ,3301900,Itaboraí,Peróbas (Pachecos),perobas pachecos,-22.747282,-42.858444,mapbox_geocoding,True
RJ,3301900,Itaboraí,Picos,picos,-22.74876976,-42.82748032,brasil_aberto_first_street,True
RJ,3301900,Itaboraí,Quinta dos Colibris (Sambaetiba),quinta dos colibris sambaetiba,-22.7050601,-42.8066643,brasil_aberto_first_street,True
RJ,3301900,Itaboraí,Quissamã,quissama,-22.74956703,-42.82976913,brasil_aberto_first_street,True
RJ,3301900,Itaboraí,Recanto dos Magalhães (Cabuçu),recanto dos magalhaes cabucu,-22.81449509,-42.90431976,brasil_aberto_first_street,True
RJ,3301900,Itaboraí,Retiro,retiro,-22.7336422,-42.8710967,brasil_aberto_first_street,True
RJ,3301900,Itaboraí,Retiro São Joaquim,retiro sao joaquim,-22.75985909,-42.90421677,brasil_aberto_first_street,True
RJ,3301900,Itaboraí,Rio Várzea,rio varzea,-22.75703049,-42.86477661,brasil_aberto_first_street,True
RJ,3301900,Itaboraí,Santo Antônio (Manilha),santo antonio manilha,-22.74965096,-42.92157745,brasil_aberto_first_street,True
RJ,3301900,Itaboraí,Santo Expedito,santo expedito,-22.75405312,-42.88416672,brasil_aberto_first_street,True
RJ,3301900,Itaboraí,São José (Cabuçu),sao jose cabucu,-22.83839035,-42.88492584,brasil_aberto_first_street,True
RJ,3301900,Itaboraí,São Miguel (Manilha),sao miguel manilha,-22.79425049,-42.90252686,brasil_aberto_first_street,True
RJ,3301900,Itaboraí,Sapê,sape,-22.7743694,-42.8843013,brasil_aberto_first_street,True
RJ,3301900,Itaboraí,Sossego,sossego,-22.85240364,-42.51506042,brasil_aberto_first_street,True
RJ,3301900,Itaboraí,Três Pontes,tres pontes,-22.76678848,-42.90101242,brasil_aberto_first_street,True
RJ,3301900,Itaboraí,Venda das Pedras,venda das pedras,-22.72316551,-42.85721207,brasil_aberto_first_street,True
RJ,3301900,Itaboraí,Vila Brasil (Manilha),vila brasil manilha,-22.77827644,-42.93114853,brasil_aberto_first_street,True
RJ,3301900,Itaboraí,Vila Gabriela (Manilha),vila gabriela manilha,-22.76170349,-42.90429688,brasil_aberto_first_street,True
RJ,3301900,Itaboraí,Vila Rica,vila rica,-22.72494125,-42.8474617,brasil_aberto_first_street,True
RJ,3301900,Itaboraí,Vila Verde (Cabuçu),vila verde cabucu,-22.8145752,-42.88431168,brasil_aberto_first_street,True
RJ,3301900,Itaboraí,Vila Visconde (Visconde de Itaboraí),vila visconde visconde de itaborai,-22.71530533,-42.92268753,brasil_aberto_first_street,True
RJ,3301900,Itaboraí,Village do Sol (Visconde de Itaboraí),village do sol visconde de itaborai,-22.71099663,-42.91637039,brasil_aberto_first_street,True
RJ,3302007,Itaguaí,Águas Lindas,aguas lindas,-22.90318489,-43.18611908,brasil_aberto_first_street,True
RJ,3302007,Itaguaí,Amendoeira,amendoeira,-22.85643768,-43.7816925,brasil_aberto_first_street,True
RJ,3302007,Itaguaí,Área Rrual de Itaguaí,area rrual de itaguai,-22.87005043,-43.78500366,brasil_aberto_first_street,True
RJ,3302007,Itaguaí,Boa Esperança,boa esperanca,-22.86980057,-42.01570129,brasil_aberto_first_street,True
RJ,3302007,Itaguaí,Brisa Mar,brisa mar,-22.87327194,-43.80374908,brasil_aberto_first_street,True
RJ,3302007,Itaguaí,Cabral,cabral,-22.8631923,-43.7779091,brasil_aberto_first_street,True
RJ,3302007,Itaguaí,Caçador,cacador,-22.8018687,-43.8114687,brasil_aberto_first_street,True
RJ,3302007,Itaguaí,Califórnia,california,-22.86253357,-43.76350403,brasil_aberto_first_street,True
RJ,3302007,Itaguaí,Campo Lindo,campo lindo,-22.82474518,-43.64963913,brasil_aberto_first_street,True
RJ,3302007,Itaguaí,Centro,centro,-22.8819294,-43.76135635,brasil_aberto_first_street,True
RJ,3302007,Itaguaí,Chaperó,chapero,-22.82694435,-43.7719841,brasil_aberto_first_street,True
RJ,3302007,Itaguaí,Cidade Industrial,cidade industrial,-22.8466552,-43.7979539,brasil_aberto_first_street,True
RJ,3302007,Itaguaí,Coroa Grande,coroa grande,-22.90206337,-43.8585968,brasil_aberto_first_street,True
RJ,3302007,Itaguaí,Dom Bosco,dom bosco,-22.8573994,-43.7550674,brasil_aberto_first_street,True
RJ,3302007,Itaguaí,Engenho,engenho,-22.86420059,-43.78376007,brasil_aberto_first_street,True
RJ,3302007,Itaguaí,Estrela do Céu,estrela do ceu,-22.85499763,-43.76992416,brasil_aberto_first_street,True
RJ,3302007,Itaguaí,Fazenda Caxias,fazenda caxias,-22.858418,-43.7758364,brasil_aberto_first_street,True
RJ,3302007,Itaguaí,Fonte Limpa,fonte limpa,-22.8631923,-43.7779091,brasil_aberto_first_street,True
RJ,3302007,Itaguaí,Ibituporanga,ibituporanga,-22.7580872,-43.7909342,brasil_aberto_first_street,True
RJ,3302007,Itaguaí,Ilha da Madeira,ilha da madeira,-22.86420059,-43.78376007,brasil_aberto_first_street,True
RJ,3302007,Itaguaí,Itimirim,itimirim,-22.86440277,-43.7882576,brasil_aberto_first_street,True
RJ,3302007,Itaguaí,Jardim Acácias,jardim acacias,-22.8631923,-43.7779091,brasil_aberto_first_street,True
RJ,3302007,Itaguaí,Jardim América,jardim america,-22.8819294,-43.76135635,brasil_aberto_first_street,True
RJ,3302007,Itaguaí,Jardim Laiá,jardim laia,-22.8571176,-43.779483,brasil_aberto_first_street,True
RJ,3302007,Itaguaí,Jardim Mar,jardim mar,-22.876535,-43.7882902,brasil_aberto_first_street,True
RJ,3302007,Itaguaí,Leandro,leandro,-22.86520195,-43.8070755,brasil_aberto_first_street,True
RJ,3302007,Itaguaí,Mazomba,mazomba,-22.87327194,-43.80374908,brasil_aberto_first_street,True
RJ,3302007,Itaguaí,Monte Serrat,monte serrat,-22.87756729,-43.7677002,brasil_aberto_first_street,True
RJ,3302007,Itaguaí,Nazare,nazare,-22.8631923,-43.7779091,brasil_aberto_first_street,True
RJ,3302007,Itaguaí,Parque Campo Lindo,parque campo lindo,-22.8266074,-43.651925,brasil_aberto_first_street,True
RJ,3302007,Itaguaí,Parque Independência,parque independencia,-22.86906242,-43.7708931,brasil_aberto_first_street,True
RJ,3302007,Itaguaí,Parque Jocimar,parque jocimar,-22.79760742,-43.65177155,brasil_aberto_first_street,True
RJ,3302007,Itaguaí,Parque Paraíso,parque paraiso,-22.85897255,-43.76528931,brasil_aberto_first_street,True
RJ,3302007,Itaguaí,Parque Primavera,parque primavera,-22.8205662,-43.7633321,brasil_aberto_first_street,True
RJ,3302007,Itaguaí,Parque São Jorge,parque sao jorge,-22.5166538,-41.9351494,brasil_aberto_first_street,True
RJ,3302007,Itaguaí,Parque Vera Cruz,parque vera cruz,-21.7360076,-41.32915,brasil_aberto_first_street,True
RJ,3302007,Itaguaí,Pau Cheiroso,pau cheiroso,-22.9209353,-43.211238,brasil_aberto_first_street,True
RJ,3302007,Itaguaí,Piranema,piranema,-22.8715744,-43.73160934,brasil_aberto_first_street,True
RJ,3302007,Itaguaí,Ponte Preta,ponte preta,-22.8625188,-43.7585456,brasil_aberto_first_street,True
RJ,3302007,Itaguaí,Progresso,progresso,-22.8742471,-43.7705072,brasil_aberto_first_street,True
RJ,3302007,Itaguaí,Raiz da Serra,raiz da serra,-22.7941134,-43.8115387,brasil_aberto_first_street,True
RJ,3302007,Itaguaí,Santa Alice,santa alice,-22.70140266,-43.45792007,brasil_aberto_first_street,True
RJ,3302007,Itaguaí,Santa Cândida,santa candida,-22.84679031,-43.8147583,brasil_aberto_first_street,True
RJ,3302007,Itaguaí,Santa Sofia,santa sofia,-22.8119734,-43.8195382,brasil_aberto_first_street,True
RJ,3302007,Itaguaí,Santana,santana,-22.86359024,-43.75480652,brasil_aberto_first_street,True
RJ,3302007,Itaguaí,São José,sao jose,-22.8786551,-43.7685091,brasil_aberto_first_street,True
RJ,3302007,Itaguaí,São Salvador,sao salvador,-22.8579835,-43.7735018,brasil_aberto_first_street,True
RJ,3302007,Itaguaí,Somel,somel,-22.89528847,-43.84428787,brasil_aberto_first_street,True
RJ,3302007,Itaguaí,Teixeiras,teixeiras,-22.83752441,-43.80161285,brasil_aberto_first_street,True
RJ,3302007,Itaguaí,Vila Geny,vila geny,-22.8999243,-43.8563156,brasil_aberto_first_street,True
RJ,3302007,Itaguaí,Vila Ibirapitanga,vila ibirapitanga,-22.86140823,-43.76436996,brasil_aberto_first_street,True
RJ,3302007,Itaguaí,Vila Margarida,vila margarida,-22.87443733,-43.78842545,brasil_aberto_first_street,True
RJ,3302007,Itaguaí,Vila Paraíso,vila paraiso,-22.89349174,-43.83935547,brasil_aberto_first_street,True
RJ,3302007,Itaguaí,Vilar dos Coqueiros,vilar dos coqueiros,-22.851079,-43.723577,mapbox_geocoding,True
RJ,3302007,Itaguaí,Vista Alegre,vista alegre,-22.85381126,-43.78411865,brasil_aberto_first_street,True
RJ,3302007,Itaguaí,Weda,weda,-22.900238,-43.848506,mapbox_geocoding,True
RJ,3302056,Italva,Centro,centro,-21.423761,-41.69313349999999,brasil_aberto_first_street,True
RJ,3302056,Italva,Cimento Paraíso,cimento paraiso,-21.437161,-41.68023,mapbox_geocoding,True
RJ,3302056,Italva,São Pedro do Paraíso,sao pedro do paraiso,-21.640561,-41.051248,mapbox_geocoding,True
RJ,3302106,Itaocara,Batatal,batatal,,,dne,True
RJ,3302106,Itaocara,Centro,centro,-21.66747284,-42.08202362,brasil_aberto_first_street,True
RJ,3302106,Itaocara,Coronel Teixeira,coronel teixeira,-21.7709752,-42.1849934,brasil_aberto_first_street,True
RJ,3302106,Itaocara,Engenho Central,engenho central,,,brasil_aberto,True
RJ,3302106,Itaocara,Estrada Nova,estrada nova,-21.810189,-42.137508,mapbox_geocoding,True
RJ,3302106,Itaocara,Jaguarembé,jaguarembe,-21.725213,-41.992034,mapbox_geocoding,True
RJ,3302106,Itaocara,Laranjais,laranjais,-21.760337,-42.171307,mapbox_geocoding,True
RJ,3302106,Itaocara,Portela,portela,-21.633015,-41.989219,mapbox_geocoding,True
RJ,3302205,Itaperuna,Boa Ventura,boa ventura,,,dne,True
RJ,3302205,Itaperuna,Centro,centro,-21.20541,-41.88957977,brasil_aberto_first_street,True
RJ,3302205,Itaperuna,Comendador Venâncio,comendador venancio,,,dne,True
RJ,3302205,Itaperuna,Governador Roberto Silveira,governador roberto silveira,-21.19427109,-41.89672852,brasil_aberto_first_street,True
RJ,3302205,Itaperuna,Itajara,itajara,,,dne,True
RJ,3302205,Itaperuna,Niterói,niteroi,-21.21309471,-41.88813019,brasil_aberto_first_street,True
RJ,3302205,Itaperuna,Nossa Senhora da Penha,nossa senhora da penha,-21.297391,-41.756226,mapbox_geocoding,True
RJ,3302205,Itaperuna,Raposo,raposo,-21.09926224,-42.11133957,brasil_aberto_first_street,True
RJ,3302205,Itaperuna,Retiro do Muriaé,retiro do muriae,,,dne,True
RJ,3302254,Itatiaia,África (Penedo),africa penedo,-22.495678,-44.562428,mapbox_geocoding,True
RJ,3302254,Itatiaia,Alto Penedo (Penedo),alto penedo penedo,-22.391405,-42.994266,mapbox_geocoding,True
RJ,3302254,Itatiaia,Área Rural de Itatiaia,area rural de itatiaia,-22.495678,-44.562428,mapbox_geocoding,True
RJ,3302254,Itatiaia,Bela Vista (Penedo),bela vista penedo,-22.952528,-44.038846,mapbox_geocoding,True
RJ,3302254,Itatiaia,Belos Prados,belos prados,-22.495678,-44.562428,mapbox_geocoding,True
RJ,3302254,Itatiaia,Campo Alegre,campo alegre,-22.490463,-44.572556,mapbox_geocoding,True
RJ,3302254,Itatiaia,Casal Garcia,casal garcia,-22.490724,-44.570868,mapbox_geocoding,True
RJ,3302254,Itatiaia,Centro,centro,-22.496511,-44.560992,mapbox_geocoding,True
RJ,3302254,Itatiaia,Comercial (Penedo),comercial penedo,-22.44361,-44.522427,mapbox_geocoding,True
RJ,3302254,Itatiaia,Côrrego Frio (Penedo),corrego frio penedo,-22.423175,-44.534095,mapbox_geocoding,True
RJ,3302254,Itatiaia,Country Clube,country clube,-22.728822,-43.456648,mapbox_geocoding,True
RJ,3302254,Itatiaia,Fazenda Aleluia,fazenda aleluia,-22.446086,-44.521503,mapbox_geocoding,True
RJ,3302254,Itatiaia,Fazenda da Serra (Penedo),fazenda da serra penedo,-22.452428,-44.544316,mapbox_geocoding,True
RJ,3302254,Itatiaia,Fazendinha (Penedo),fazendinha penedo,-22.423122,-44.536098,mapbox_geocoding,True
RJ,3302254,Itatiaia,Gávea (Maringá),gavea maringa,-22.333657,-44.545615,mapbox_geocoding,True
RJ,3302254,Itatiaia,Granja (Penedo),granja penedo,-22.457723,-44.502428,mapbox_geocoding,True
RJ,3302254,Itatiaia,Harry Bertell (Penedo),harry bertell penedo,-22.831193,-43.042084,mapbox_geocoding,True
RJ,3302254,Itatiaia,Jambeiro (Penedo),jambeiro penedo,-22.437173,-44.533613,mapbox_geocoding,True
RJ,3302254,Itatiaia,Jardim das Rosas (Penedo),jardim das rosas penedo,-22.461298,-44.495538,mapbox_geocoding,True
RJ,3302254,Itatiaia,Jardim Itatiaia,jardim itatiaia,-22.4867,-44.562732,mapbox_geocoding,True
RJ,3302254,Itatiaia,Jardim Lugano,jardim lugano,-22.494955,-44.60627,mapbox_geocoding,True
RJ,3302254,Itatiaia,Jardim Manchete (Penedo),jardim manchete penedo,-22.495678,-44.562428,mapbox_geocoding,True
RJ,3302254,Itatiaia,Jardim Martinelli (Penedo),jardim martinelli penedo,-22.456834,-44.515031,mapbox_geocoding,True
RJ,3302254,Itatiaia,Jardim Paineiras,jardim paineiras,-22.494362,-44.556455,mapbox_geocoding,True
RJ,3302254,Itatiaia,Jardim Penedo (Penedo),jardim penedo penedo,-22.45755,-44.511395,mapbox_geocoding,True
RJ,3302254,Itatiaia,Marechal Jardim (Penedo),marechal jardim penedo,-22.468589,-44.502436,mapbox_geocoding,True
RJ,3302254,Itatiaia,Nhangapi,nhangapi,-22.490364,-44.560771,mapbox_geocoding,True
RJ,3302254,Itatiaia,Nova Conquista,nova conquista,-19.120941,-44.321619,mapbox_geocoding,True
RJ,3302254,Itatiaia,Nova Penedo (Penedo),nova penedo penedo,-22.444801,-44.525058,mapbox_geocoding,True
RJ,3302254,Itatiaia,Parque Nacional de Itatiaia,parque nacional de itatiaia,-22.492634,-44.564071,mapbox_geocoding,True
RJ,3302254,Itatiaia,Penedo,penedo,,,dne,True
RJ,3302254,Itatiaia,Penedo (Penedo),penedo penedo,-22.44361,-44.522427,mapbox_geocoding,True
RJ,3302254,Itatiaia,Usina,usina,-22.651387,-43.821277,mapbox_geocoding,True
RJ,3302254,Itatiaia,Vale da Grama (Maringá),vale da grama maringa,-22.446086,-44.521503,mapbox_geocoding,True
RJ,3302254,Itatiaia,Vale das Cruzes (Maringá),vale das cruzes maringa,-22.334915,-44.575542,mapbox_geocoding,True
RJ,3302254,Itatiaia,Vale do Ermitão (Penedo),vale do ermitao penedo,-22.427419,-44.539046,mapbox_geocoding,True
RJ,3302254,Itatiaia,Vale do Pavão (Maringá),vale do pavao maringa,-22.900182,-43.595629,mapbox_geocoding,True
RJ,3302254,Itatiaia,Vale dos Reis,vale dos reis,-22.495678,-44.562428,mapbox_geocoding,True
RJ,3302254,Itatiaia,Vila Benfica,vila benfica,-22.464848,-44.598656,mapbox_geocoding,True
RJ,3302254,Itatiaia,Vila de Furnas,vila de furnas,-19.120941,-44.321619,mapbox_geocoding,True
RJ,3302254,Itatiaia,Vila de Maringá,vila de maringa,,,brasil_aberto,True
RJ,3302254,Itatiaia,Vila de Maringá (Maringá),vila de maringa maringa,-22.333657,-44.545615,mapbox_geocoding,True
RJ,3302254,Itatiaia,Vila de Maromba (Maromba),vila de maromba maromba,-22.333657,-44.545615,mapbox_geocoding,True
RJ,3302254,Itatiaia,Vila Esperança,vila esperanca,-22.495678,-44.562428,mapbox_geocoding,True
RJ,3302254,Itatiaia,Vila Flórida,vila florida,-22.494955,-44.60627,mapbox_geocoding,True
RJ,3302254,Itatiaia,Vila Magnólia,vila magnolia,-22.499206,-44.569624,mapbox_geocoding,True
RJ,3302254,Itatiaia,Vila Maia,vila maia,-22.651387,-43.821277,mapbox_geocoding,True
RJ,3302254,Itatiaia,Vila Martins,vila martins,-22.490364,-44.560771,mapbox_geocoding,True
RJ,3302254,Itatiaia,Vila Monserrat,vila monserrat,-22.736165,-43.450082,mapbox_geocoding,True
RJ,3302254,Itatiaia,Vila Niterói,vila niteroi,-22.495678,-44.562428,mapbox_geocoding,True
RJ,3302254,Itatiaia,Vila Odete,vila odete,-22.496511,-44.560992,mapbox_geocoding,True
RJ,3302254,Itatiaia,Vila Paraíso,vila paraiso,-22.498923,-44.558972,mapbox_geocoding,True
RJ,3302254,Itatiaia,Vila Pinheiro,vila pinheiro,-22.487335,-44.573969,mapbox_geocoding,True
RJ,3302254,Itatiaia,Zona Industrial,zona industrial,-22.489421,-44.536379,mapbox_geocoding,True
RJ,3302270,Japeri,Alecrim,alecrim,-22.680994,-43.598488,mapbox_geocoding,True
RJ,3302270,Japeri,Área Rural de Japeri,area rural de japeri,-22.6310254,-43.6651154,brasil_aberto_first_street,True
RJ,3302270,Japeri,Austin,austin,-22.70501137,-43.52453232,brasil_aberto_first_street,True
RJ,3302270,Japeri,Belo Horizonte,belo horizonte,-22.6732885,-43.58302,brasil_aberto_first_street,True
RJ,3302270,Japeri,Caramujos,caramujos,-22.69169617,-43.60657883,brasil_aberto_first_street,True
RJ,3302270,Japeri,Centro de Japeri,centro de japeri,-22.64602089,-43.65594864,brasil_aberto_first_street,True
RJ,3302270,Japeri,Chacrinha,chacrinha,-22.6414814,-43.64421844,brasil_aberto_first_street,True
RJ,3302270,Japeri,Cidade Jardim Marajoara,cidade jardim marajoara,-22.7023735,-43.61654282,brasil_aberto_first_street,True
RJ,3302270,Japeri,Cidade Senhor do Bonfim,cidade senhor do bonfim,-22.67683983,-43.61022949,brasil_aberto_first_street,True
RJ,3302270,Japeri,Citrópolis,citropolis,-22.6906147,-43.59031296,brasil_aberto_first_street,True
RJ,3302270,Japeri,Colinas,colinas,-22.80615044,-43.20692062,brasil_aberto_first_street,True
RJ,3302270,Japeri,Cosme e Damião,cosme e damiao,-22.70038033,-43.62358856,brasil_aberto_first_street,True
RJ,3302270,Japeri,Engenheiro Pedreira,engenheiro pedreira,-22.68967438,-43.61195374,brasil_aberto_first_street,True
RJ,3302270,Japeri,Esperança,esperanca,-22.6682353,-43.5703067,brasil_aberto_first_street,True
RJ,3302270,Japeri,Eucaliptos,eucaliptos,-22.64567184,-43.61973572,brasil_aberto_first_street,True
RJ,3302270,Japeri,Granja Iguaçu,granja iguacu,-22.67684174,-43.6267395,brasil_aberto_first_street,True
RJ,3302270,Japeri,Irmãos Unidos,irmaos unidos,-22.6468326,-43.654758,brasil_aberto_first_street,True
RJ,3302270,Japeri,Jaceruba,jaceruba,-22.60186768,-43.56725693,brasil_aberto_first_street,True
RJ,3302270,Japeri,Japeri,japeri,-22.6750562,-43.6029287,brasil_aberto_first_street,True
RJ,3302270,Japeri,Jardim Aljezur,jardim aljezur,-22.67846298,-43.57463455,brasil_aberto_first_street,True
RJ,3302270,Japeri,Jardim Americano,jardim americano,-22.64267731,-43.65179825,brasil_aberto_first_street,True
RJ,3302270,Japeri,Jardim Delamare,jardim delamare,-22.68930817,-43.59135437,brasil_aberto_first_street,True
RJ,3302270,Japeri,Jardim Emília,jardim emilia,-22.66566086,-43.56683731,brasil_aberto_first_street,True
RJ,3302270,Japeri,Jardim Esperança,jardim esperanca,-22.66108322,-43.54345322,brasil_aberto_first_street,True
RJ,3302270,Japeri,Jardim Normandia,jardim normandia,-22.66940308,-43.57143402,brasil_aberto_first_street,True
RJ,3302270,Japeri,Jardim Real,jardim real,-22.6468326,-43.654758,brasil_aberto_first_street,True
RJ,3302270,Japeri,Jardim Rio D'Ouro,jardim rio d ouro,-22.92977905,-43.17464447,brasil_aberto_first_street,True
RJ,3302270,Japeri,Jardim Santa Branca,jardim santa branca,-22.67726135,-43.60227585,brasil_aberto_first_street,True
RJ,3302270,Japeri,Jardim São Geraldo,jardim sao geraldo,-22.6468326,-43.654758,brasil_aberto_first_street,True
RJ,3302270,Japeri,Jardim São João,jardim sao joao,-22.6720471,-43.6115428,brasil_aberto_first_street,True
RJ,3302270,Japeri,Jardim São Sebastião,jardim sao sebastiao,-22.68648529,-43.57879257,brasil_aberto_first_street,True
RJ,3302270,Japeri,Jardim Transmontano,jardim transmontano,-22.67393494,-43.61851501,brasil_aberto_first_street,True
RJ,3302270,Japeri,Jardim Tri-Campeão,jardim tri campeao,-22.6909607,-43.5802153,brasil_aberto_first_street,True
RJ,3302270,Japeri,Jardim Willis,jardim willis,-22.67761803,-43.59651947,brasil_aberto_first_street,True
RJ,3302270,Japeri,Julima,julima,-22.93140602,-43.17876053,brasil_aberto_first_street,True
RJ,3302270,Japeri,Laranjal Santo Antônio,laranjal santo antonio,-22.67613029,-43.57378769,brasil_aberto_first_street,True
RJ,3302270,Japeri,Linda Vista,linda vista,-22.68674,-43.59114,mapbox_geocoding,True
RJ,3302270,Japeri,Luis de Camões,luis de camoes,38.78512192,-9.33168507,brasil_aberto_first_street,True
RJ,3302270,Japeri,Mactube,mactube,-22.63841248,-43.6495285,brasil_aberto_first_street,True
RJ,3302270,Japeri,Madeira,madeira,-22.6468326,-43.654758,brasil_aberto_first_street,True
RJ,3302270,Japeri,Mantiqueira,mantiqueira,-22.9608004,-43.200463,brasil_aberto_first_street,True
RJ,3302270,Japeri,Maria José,maria jose,-22.6885364,-43.6257304,brasil_aberto_first_street,True
RJ,3302270,Japeri,Nossa Senhora da Penha,nossa senhora da penha,-22.68366623,-43.62845993,brasil_aberto_first_street,True
RJ,3302270,Japeri,Nossa Senhora de Fátima,nossa senhora de fatima,-22.64474487,-43.66526794,brasil_aberto_first_street,True
RJ,3302270,Japeri,Nova Belém,nova belem,-22.65478897,-43.65732193,brasil_aberto_first_street,True
RJ,3302270,Japeri,Parque Amaro,parque amaro,-22.66532898,-43.60852814,brasil_aberto_first_street,True
RJ,3302270,Japeri,Parque dos Feirantes,parque dos feirantes,-22.6882585,-43.572408,brasil_aberto_first_street,True
RJ,3302270,Japeri,Parque Engenheiro Pedreira,parque engenheiro pedreira,-22.67469025,-43.59979248,brasil_aberto_first_street,True
RJ,3302270,Japeri,Parque Guandu,parque guandu,-22.6894207,-43.64493561,brasil_aberto_first_street,True
RJ,3302270,Japeri,Parque Itaguare,parque itaguare,-22.67024231,-43.60503387,brasil_aberto_first_street,True
RJ,3302270,Japeri,Parque Luiz Gonzaga,parque luiz gonzaga,-22.67430305,-43.59167099,brasil_aberto_first_street,True
RJ,3302270,Japeri,Parque Macaiba,parque macaiba,-22.68048859,-43.61907196,brasil_aberto_first_street,True
RJ,3302270,Japeri,Parque Marabá,parque maraba,-22.69626236,-43.6225853,brasil_aberto_first_street,True
RJ,3302270,Japeri,Parque Mucaja,parque mucaja,-22.6849823,-43.62162399,brasil_aberto_first_street,True
RJ,3302270,Japeri,Parque Professor João de Maria,parque professor joao de maria,-22.65592384,-43.53627777,brasil_aberto_first_street,True
RJ,3302270,Japeri,Parque Santo Antônio,parque santo antonio,-22.67173958,-43.58388138,brasil_aberto_first_street,True
RJ,3302270,Japeri,Parque São Benedito,parque sao benedito,-22.66662216,-43.58204651,brasil_aberto_first_street,True
RJ,3302270,Japeri,Parque Sarandi,parque sarandi,-22.70545578,-43.60564041,brasil_aberto_first_street,True
RJ,3302270,Japeri,Parque Triunfo,parque triunfo,-22.6836922,-43.5834901,brasil_aberto_first_street,True
RJ,3302270,Japeri,Pedra Lisa,pedra lisa,-22.66566086,-43.56683731,brasil_aberto_first_street,True
RJ,3302270,Japeri,Planetário,planetario,-22.63382339,-43.61692429,brasil_aberto_first_street,True
RJ,3302270,Japeri,Queimados,queimados,-22.970141,-44.289679,mapbox_geocoding,True
RJ,3302270,Japeri,Recreio dos Jornalistas,recreio dos jornalistas,-22.6468326,-43.654758,brasil_aberto_first_street,True
RJ,3302270,Japeri,Redentor,redentor,-22.6808482,-43.6196664,brasil_aberto_first_street,True
RJ,3302270,Japeri,Rio D'Ouro,rio d ouro,-22.663639,-43.580469,mapbox_geocoding,True
RJ,3302270,Japeri,Santa Inês,santa ines,-22.65213776,-43.60656357,brasil_aberto_first_street,True
RJ,3302270,Japeri,Santa Sofia,santa sofia,-22.72184,-43.732032,brasil_aberto_first_street,True
RJ,3302270,Japeri,Santa Terezinha,santa terezinha,-22.6782093,-43.61667633,brasil_aberto_first_street,True
RJ,3302270,Japeri,Santo Antônio,santo antonio,-22.676268,-43.6141405,brasil_aberto_first_street,True
RJ,3302270,Japeri,São Bernardo,sao bernardo,-22.6468326,-43.654758,brasil_aberto_first_street,True
RJ,3302270,Japeri,São Bras,sao bras,-22.64243126,-43.59313965,brasil_aberto_first_street,True
RJ,3302270,Japeri,São Jorge,sao jorge,-22.64602089,-43.65594864,brasil_aberto_first_street,True
RJ,3302270,Japeri,Teofilo Cunha,teofilo cunha,-22.6453148,-43.6086224,brasil_aberto_first_street,True
RJ,3302270,Japeri,Três Fontes,tres fontes,-22.699287,-43.517902,mapbox_geocoding,True
RJ,3302270,Japeri,Vila Bom Jardim,vila bom jardim,-22.67588615,-43.59579849,brasil_aberto_first_street,True
RJ,3302270,Japeri,Vila Carmelita,vila carmelita,-22.67941666,-43.59912872,brasil_aberto_first_street,True
RJ,3302270,Japeri,Vila Central,vila central,-22.69576,-43.5967268,brasil_aberto_first_street,True
RJ,3302270,Japeri,Vila Coqueiros,vila coqueiros,-22.6648941,-43.60852432,brasil_aberto_first_street,True
RJ,3302270,Japeri,Vila Japeri,vila japeri,-22.67650032,-43.59081268,brasil_aberto_first_street,True
RJ,3302270,Japeri,Vila Maricá,vila marica,-22.70796204,-43.52605438,brasil_aberto_first_street,True
RJ,3302270,Japeri,Vila Maringá,vila maringa,-22.6468326,-43.654758,brasil_aberto_first_street,True
RJ,3302270,Japeri,Vila Nossa Senhora da Conceição,vila nossa senhora da conceicao,-22.91693115,-43.25173569,brasil_aberto_first_street,True
RJ,3302270,Japeri,Vila Nossa Senhora do Rosário,vila nossa senhora do rosario,-22.92848396,-43.25248337,brasil_aberto_first_street,True
RJ,3302270,Japeri,Vila Santa Amélia,vila santa amelia,-22.641747,-43.63721,mapbox_geocoding,True
RJ,3302270,Japeri,Vila Santa Helena,vila santa helena,-22.6468326,-43.654758,brasil_aberto_first_street,True
RJ,3302270,Japeri,Vila São Francisco,vila sao francisco,-22.6792925,-43.578714,brasil_aberto_first_street,True
RJ,3302270,Japeri,Vila São João,vila sao joao,-22.69269371,-43.62853241,brasil_aberto_first_street,True
RJ,3302270,Japeri,Vilar Grande,vilar grande,-22.68371964,-43.53159332,brasil_aberto_first_street,True
RJ,3302270,Japeri,Vitória,vitoria,-20.26024628,-40.27031326,brasil_aberto_first_street,True
RJ,3302304,Laje do Muriaé,Área Rural de Laje do Muriaé,area rural de laje do muriae,-21.207424,-42.121586,mapbox_geocoding,True
RJ,3302304,Laje do Muriaé,Centro,centro,,,brasil_aberto,True
RJ,3302304,Laje do Muriaé,Laje do Muriaé,laje do muriae,-21.205334,-42.122947,mapbox_geocoding,True
RJ,3302403,Macaé,Ajuda,ajuda,,,brasil_aberto,True
RJ,3302403,Macaé,Ajuda de Baixo,ajuda de baixo,-22.3837126,-41.7827578,brasil_aberto_first_street,True
RJ,3302403,Macaé,Ajuda de Cima,ajuda de cima,-22.30628777,-41.75352859,brasil_aberto_first_street,True
RJ,3302403,Macaé,Alto Cajueiros,alto cajueiros,-22.38087463,-41.77612305,brasil_aberto_first_street,True
RJ,3302403,Macaé,Área Rural de Macaé,area rural de macae,-22.3836956,-41.7827676,brasil_aberto_first_street,True
RJ,3302403,Macaé,Aroeira,aroeira,-22.367419,-41.791414,mapbox_geocoding,True
RJ,3302403,Macaé,Barra de Macaé,barra de macae,-22.3585966,-41.7735196,brasil_aberto_first_street,True
RJ,3302403,Macaé,Bela Vista,bela vista,-22.38188553,-41.78855515,brasil_aberto_first_street,True
RJ,3302403,Macaé,Botafogo,botafogo,-22.3624499,-41.7943596,brasil_aberto_first_street,True
RJ,3302403,Macaé,Cabiúnas,cabiunas,-22.3004281,-41.7216338,brasil_aberto_first_street,True
RJ,3302403,Macaé,Cachoeiros,cachoeiros,,,dne,True
RJ,3302403,Macaé,Cajueiros,cajueiros,-22.38367462,-41.77363205,brasil_aberto_first_street,True
RJ,3302403,Macaé,Campo do Oeste,campo do oeste,-22.38874817,-41.78832626,brasil_aberto_first_street,True
RJ,3302403,Macaé,Cancela Preta,cancela preta,-22.40010071,-41.79735184,brasil_aberto_first_street,True
RJ,3302403,Macaé,Cavaleiros,cavaleiros,-22.40251732,-41.81855011,brasil_aberto_first_street,True
RJ,3302403,Macaé,Centro,centro,-22.37988281,-41.77579117,brasil_aberto_first_street,True
RJ,3302403,Macaé,Córrego do Ouro,corrego do ouro,-22.806568,-43.393068,mapbox_geocoding,True
RJ,3302403,Macaé,Costa do Sol,costa do sol,-22.39185905,-41.77674103,brasil_aberto_first_street,True
RJ,3302403,Macaé,Engenho da Praia,engenho da praia,-22.3145838,-41.7230042,brasil_aberto_first_street,True
RJ,3302403,Macaé,Frade,frade,-28.458301,-54.250504,mapbox_geocoding,True
RJ,3302403,Macaé,Fronteira,fronteira,-22.3512481,-41.7626512,brasil_aberto_first_street,True
RJ,3302403,Macaé,Glicério,glicerio,-22.238584,-42.058296,mapbox_geocoding,True
RJ,3302403,Macaé,Glicério (Trapiche),glicerio trapiche,-22.33632,-41.750488,mapbox_geocoding,True
RJ,3302403,Macaé,Glória,gloria,-22.40490723,-41.8047142,brasil_aberto_first_street,True
RJ,3302403,Macaé,Granja dos Cavaleiros,granja dos cavaleiros,-22.39509773,-41.81988144,brasil_aberto_first_street,True
RJ,3302403,Macaé,Horto,horto,-22.35930824,-41.80695724,brasil_aberto_first_street,True
RJ,3302403,Macaé,Imbetiba,imbetiba,-22.3820076,-41.77425766,brasil_aberto_first_street,True
RJ,3302403,Macaé,Imboassica,imboassica,-22.40578651,-41.86286926,brasil_aberto_first_street,True
RJ,3302403,Macaé,Imburo,imburo,,,brasil_aberto,True
RJ,3302403,Macaé,Jardim Maringá,jardim maringa,-22.3871085,-41.7917385,brasil_aberto_first_street,True
RJ,3302403,Macaé,Jardim Santo Antônio,jardim santo antonio,-21.78843498,-41.30060959,brasil_aberto_first_street,True
RJ,3302403,Macaé,Jardim Vitória,jardim vitoria,-22.37989426,-41.79407883,brasil_aberto_first_street,True
RJ,3302403,Macaé,Lagoa,lagoa,-22.39299583,-41.8433075,brasil_aberto_first_street,True
RJ,3302403,Macaé,Lagomar,lagomar,-22.31673241,-41.71973419,brasil_aberto_first_street,True
RJ,3302403,Macaé,Malvinas,malvinas,-19.99830627,-43.89286423,brasil_aberto_first_street,True
RJ,3302403,Macaé,Maringá,maringa,-22.38442993,-41.79194641,brasil_aberto_first_street,True
RJ,3302403,Macaé,Miramar,miramar,-22.37383652,-41.78462219,brasil_aberto_first_street,True
RJ,3302403,Macaé,Mirante da Lagoa,mirante da lagoa,-22.4084568,-41.84109116,brasil_aberto_first_street,True
RJ,3302403,Macaé,Morro Santana,morro santana,-22.371515,-41.783959,mapbox_geocoding,True
RJ,3302403,Macaé,Morro São Jorge,morro sao jorge,-22.37110329,-41.79440308,brasil_aberto_first_street,True
RJ,3302403,Macaé,Nova Aroeiras,nova aroeiras,-22.36763,-41.79570007,brasil_aberto_first_street,True
RJ,3302403,Macaé,Nova Cidade,nova cidade,-22.618525,-43.221234,mapbox_geocoding,True
RJ,3302403,Macaé,Nova Holanda,nova holanda,-22.34989166,-41.78298187,brasil_aberto_first_street,True
RJ,3302403,Macaé,Nova Macaé,nova macae,-22.3766547,-41.7960899,brasil_aberto_first_street,True
RJ,3302403,Macaé,Novo Cavaleiro,novo cavaleiro,-22.40210915,-41.81030273,brasil_aberto_first_street,True
RJ,3302403,Macaé,Novo Horizonte,novo horizonte,-22.38874817,-41.78832626,brasil_aberto_first_street,True
RJ,3302403,Macaé,Novo Visconde,novo visconde,-22.39309883,-41.79104233,brasil_aberto_first_street,True
RJ,3302403,Macaé,Paraíso,paraiso,-22.3837126,-41.7827578,brasil_aberto_first_street,True
RJ,3302403,Macaé,Parque Aeroporto,parque aeroporto,-22.34432983,-41.75962448,brasil_aberto_first_street,True
RJ,3302403,Macaé,Parque Atlântico,parque atlantico,-22.306832,-41.711002,mapbox_geocoding,True
RJ,3302403,Macaé,Parque Duque de Caxias,parque duque de caxias,-22.3904381,-41.7932366,brasil_aberto_first_street,True
RJ,3302403,Macaé,Parque União,parque uniao,-22.3398832,-41.7536447,brasil_aberto_first_street,True
RJ,3302403,Macaé,Praia Campista,praia campista,-22.39689827,-41.78606796,brasil_aberto_first_street,True
RJ,3302403,Macaé,Praia do Pecado,praia do pecado,-22.41175842,-41.81355667,brasil_aberto_first_street,True
RJ,3302403,Macaé,Riviera Fluminense,riviera fluminense,-22.3940506,-41.79282379,brasil_aberto_first_street,True
RJ,3302403,Macaé,Sana,sana,-22.325364,-42.181892,mapbox_geocoding,True
RJ,3302403,Macaé,Santa Mônica,santa monica,-22.37677193,-41.79097748,brasil_aberto_first_street,True
RJ,3302403,Macaé,São José do Barreto,sao jose do barreto,-22.3315773,-41.74198532,brasil_aberto_first_street,True
RJ,3302403,Macaé,São Marcos,sao marcos,-22.40093231,-41.82280731,brasil_aberto_first_street,True
RJ,3302403,Macaé,Sol e Mar,sol e mar,-22.38874817,-41.78832626,brasil_aberto_first_street,True
RJ,3302403,Macaé,Trapiche,trapiche,-22.327737,-41.747142,mapbox_geocoding,True
RJ,3302403,Macaé,Vale Encantado,vale encantado,-22.38509178,-41.82622528,brasil_aberto_first_street,True
RJ,3302403,Macaé,Virgem Santa,virgem santa,-22.35862923,-41.80544281,brasil_aberto_first_street,True
RJ,3302403,Macaé,Visconde de Araújo,visconde de araujo,-22.38147736,-41.78347015,brasil_aberto_first_street,True
RJ,3302452,Macuco,Área Rural de Macuco,area rural de macuco,-21.985126,-42.25378,mapbox_geocoding,True
RJ,3302452,Macuco,Centro,centro,,,brasil_aberto,True
RJ,3302452,Macuco,Macuco,macuco,-21.984674,-42.252652,mapbox_geocoding,True
RJ,3302502,Magé,Andorinhas (Santo Aleixo),andorinhas santo aleixo,-22.5465268,-43.0443822,brasil_aberto_first_street,True
RJ,3302502,Magé,Área Rural de Magé,area rural de mage,-22.61587334,-43.10596848,brasil_aberto_first_street,True
RJ,3302502,Magé,Baía Branca (Guia de Pacobaíba),baia branca guia de pacobaiba,-22.7123383,-43.1728453,brasil_aberto_first_street,True
RJ,3302502,Magé,Barão do Iriri,barao do iriri,-22.6853541,-43.09689110000001,brasil_aberto_first_street,True
RJ,3302502,Magé,Barbuda,barbuda,-22.66708374,-43.03165054,brasil_aberto_first_street,True
RJ,3302502,Magé,Batatal (Santo Aleixo),batatal santo aleixo,-22.5390001,-43.0412522,brasil_aberto_first_street,True
RJ,3302502,Magé,Bela Floresta,bela floresta,-22.6681004,-43.0598353,brasil_aberto_first_street,True
RJ,3302502,Magé,BNH,bnh,-22.66222763,-43.04360962,brasil_aberto_first_street,True
RJ,3302502,Magé,Boa Vista,boa vista,-22.6758321,-43.0719579,brasil_aberto_first_street,True
RJ,3302502,Magé,Bongaba (Vila Inhomirim),bongaba vila inhomirim,-22.62763214,-43.18123245,brasil_aberto_first_street,True
RJ,3302502,Magé,Bosque Jambalaia,bosque jambalaia,-22.5997955,-43.0206984,brasil_aberto_first_street,True
RJ,3302502,Magé,Britador (Santo Aleixo),britador santo aleixo,-22.57118797,-43.05652237,brasil_aberto_first_street,True
RJ,3302502,Magé,Cachoeira Grande (Rio do Ouro),cachoeira grande rio do ouro,-22.584395,-43.164393,mapbox_geocoding,True
RJ,3302502,Magé,Campinho (Suruí),campinho surui,-22.64839363,-43.1199646,brasil_aberto_first_street,True
RJ,3302502,Magé,Canal,canal,-22.6653043,-43.0392,brasil_aberto_first_street,True
RJ,3302502,Magé,Capela (Rio do Ouro),capela rio do ouro,-22.59280586,-43.11817932,brasil_aberto_first_street,True
RJ,3302502,Magé,Cascata (Santo Aleixo),cascata santo aleixo,-22.56911278,-43.060112,brasil_aberto_first_street,True
RJ,3302502,Magé,Cavado (Santo Aleixo),cavado santo aleixo,-22.5493528,-43.0448688,brasil_aberto_first_street,True
RJ,3302502,Magé,Centro,centro,-22.78245544,-43.30516815,brasil_aberto_first_street,True
RJ,3302502,Magé,Centro (Rio do Ouro),centro rio do ouro,-22.6253969,-43.1117434,brasil_aberto_first_street,True
RJ,3302502,Magé,Centro (Suruí),centro surui,-22.65958595,-43.12828827,brasil_aberto_first_street,True
RJ,3302502,Magé,Centro (Vila Inhomirim),centro vila inhomirim,-22.62193108,-43.23457718,brasil_aberto_first_street,True
RJ,3302502,Magé,Chácaras Grande Rio (Suruí),chacaras grande rio surui,-22.6674178,-43.1116005,brasil_aberto_first_street,True
RJ,3302502,Magé,Cidade do Cinema (Guia de Pacobaíba),cidade do cinema guia de pacobaiba,-22.6493289,-43.1586156,brasil_aberto_first_street,True
RJ,3302502,Magé,Cidade Horácio (Vila Inhomirim),cidade horacio vila inhomirim,-22.656816,-43.038055,mapbox_geocoding,True
RJ,3302502,Magé,Citrolândia,citrolandia,-22.5997963,-43.02069855,brasil_aberto_first_street,True
RJ,3302502,Magé,Comendador Reis,comendador reis,-22.65356445,-43.04415512,brasil_aberto_first_street,True
RJ,3302502,Magé,Conceição (Rio do Ouro),conceicao rio do ouro,-22.6253969,-43.1117434,brasil_aberto_first_street,True
RJ,3302502,Magé,Cruzeiro,cruzeiro,-22.6643293,-43.0311967,brasil_aberto_first_street,True
RJ,3302502,Magé,Fazenda Sobradinho (Vila Inhomirim),fazenda sobradinho vila inhomirim,-22.5928053,-43.1181789,brasil_aberto_first_street,True
RJ,3302502,Magé,Figueira,figueira,-22.6506131,-43.0353967,brasil_aberto_first_street,True
RJ,3302502,Magé,Flexeiras,flexeiras,-22.6469452,-43.0286306,brasil_aberto_first_street,True
RJ,3302502,Magé,Fragoso (Vila Inhomirim),fragoso vila inhomirim,-22.59392166,-43.18372345,brasil_aberto_first_street,True
RJ,3302502,Magé,Gandé,gande,-22.60932922,-43.03493118,brasil_aberto_first_street,True
RJ,3302502,Magé,Goya (Guia de Pacobaíba),goya guia de pacobaiba,-22.68695259,-43.13333893,brasil_aberto_first_street,True
RJ,3302502,Magé,Granja Santa Teresa (Vila Inhomirim),granja santa teresa vila inhomirim,-22.62690735,-43.18867874,brasil_aberto_first_street,True
RJ,3302502,Magé,Ilha (Vila Inhomirim),ilha vila inhomirim,-22.5962736,-43.1738824,brasil_aberto_first_street,True
RJ,3302502,Magé,Ipiranga (Guia de Pacobaíba),ipiranga guia de pacobaiba,-22.7170957,-43.1980135,brasil_aberto_first_street,True
RJ,3302502,Magé,Iriri,iriri,-22.65426445,-43.06175995,brasil_aberto_first_street,True
RJ,3302502,Magé,Jardim Carlos Neto (Guia de Pacobaíba),jardim carlos neto guia de pacobaiba,-22.6569956,-43.1609332,brasil_aberto_first_street,True
RJ,3302502,Magé,Jardim da Paz (Guia de Pacobaíba),jardim da paz guia de pacobaiba,-22.71457672,-43.16989136,brasil_aberto_first_street,True
RJ,3302502,Magé,Jardim Esmeralda,jardim esmeralda,-22.609603,-43.034882,mapbox_geocoding,True
RJ,3302502,Magé,Jardim Gandé,jardim gande,-22.5971679,-43.0403858,brasil_aberto_first_street,True
RJ,3302502,Magé,Jardim Nazareno (Vila Inhomirim),jardim nazareno vila inhomirim,-22.6048069,-43.19329453,brasil_aberto_first_street,True
RJ,3302502,Magé,Jardim Nossa Senhora da Piedade,jardim nossa senhora da piedade,-22.6632007,-43.0330505,brasil_aberto_first_street,True
RJ,3302502,Magé,Jardim Prazeres,jardim prazeres,-22.6691105,-43.1084289,brasil_aberto_first_street,True
RJ,3302502,Magé,Jardim Riviera (Guia de Pacobaíba),jardim riviera guia de pacobaiba,-22.67607117,-43.17359161,brasil_aberto_first_street,True
RJ,3302502,Magé,Jardim Santo Antônio,jardim santo antonio,-22.60680389,-43.04652405,brasil_aberto_first_street,True
RJ,3302502,Magé,Magemirim,magemirim,-22.6634372,-43.0378841,brasil_aberto_first_street,True
RJ,3302502,Magé,Mara,mara,-21.7650032,-41.33148956,brasil_aberto_first_street,True
RJ,3302502,Magé,Maria Conga,maria conga,-22.65986061,-43.0249939,brasil_aberto_first_street,True
RJ,3302502,Magé,Maringá,maringa,-22.5972023,-43.0403595,brasil_aberto_first_street,True
RJ,3302502,Magé,Maurimárcia (Vila Inhomirim),maurimarcia vila inhomirim,-22.62745476,-43.1728363,brasil_aberto_first_street,True
RJ,3302502,Magé,Meia Noite (Vila Inhomirim),meia noite vila inhomirim,-22.660985,-43.2056747,brasil_aberto_first_street,True
RJ,3302502,Magé,Mundo Novo,mundo novo,-22.656816,-43.038055,mapbox_geocoding,True
RJ,3302502,Magé,Nova Marília,nova marilia,-22.88070679,-43.27347183,brasil_aberto_first_street,True
RJ,3302502,Magé,Nova Orleans (Suruí),nova orleans surui,-22.6941114,-43.1122717,brasil_aberto_first_street,True
RJ,3302502,Magé,Novo Horizonte (Vila Inhomirim),novo horizonte vila inhomirim,-22.6264326,-43.1821085,brasil_aberto_first_street,True
RJ,3302502,Magé,Paraíso (Vila Inhomirim),paraiso vila inhomirim,-22.6592598,-43.20456314,brasil_aberto_first_street,True
RJ,3302502,Magé,Paranhos (Vila Inhomirim),paranhos vila inhomirim,-22.59585571,-43.18671036,brasil_aberto_first_street,True
RJ,3302502,Magé,Parque Azul,parque azul,-22.6608728,-43.0509188,brasil_aberto_first_street,True
RJ,3302502,Magé,Parque Boneville,parque boneville,-22.8612175,-43.45223236,brasil_aberto_first_street,True
RJ,3302502,Magé,Parque Caçula (Vila Inhomirim),parque cacula vila inhomirim,-22.62193108,-43.23457718,brasil_aberto_first_street,True
RJ,3302502,Magé,Parque do Imperador,parque do imperador,-22.6447442,-43.0400765,brasil_aberto_first_street,True
RJ,3302502,Magé,Parque Dom Pedro II (Santo Aleixo),parque dom pedro ii santo aleixo,-22.65369606,-43.1537323,brasil_aberto_first_street,True
RJ,3302502,Magé,Parque dos Artistas II (Vila Inhomirim),parque dos artistas ii vila inhomirim,-22.7044742,-43.1562854,brasil_aberto_first_street,True
RJ,3302502,Magé,Parque dos Artistas (Rio do Ouro),parque dos artistas rio do ouro,-22.6174087,-43.1526655,brasil_aberto_first_street,True
RJ,3302502,Magé,Parque Estrela (Vila Inhomirim),parque estrela vila inhomirim,-22.656816,-43.038055,mapbox_geocoding,True
RJ,3302502,Magé,Parque Itinga (Suruí),parque itinga surui,-22.6818982,-43.1370083,brasil_aberto_first_street,True
RJ,3302502,Magé,Parque Maitá (Vila Inhomirim),parque maita vila inhomirim,-22.62268066,-43.19241714,brasil_aberto_first_street,True
RJ,3302502,Magé,Parque Monte Rose (Rio do Ouro),parque monte rose rio do ouro,-22.60932159,-43.12278748,brasil_aberto_first_street,True
RJ,3302502,Magé,Parque Recreio Dom Pedro II (Guia de Pacobaíba),parque recreio dom pedro ii guia de pacobaiba,-22.6698512,-43.1684873,brasil_aberto_first_street,True
RJ,3302502,Magé,Parque Samira,parque samira,-22.653037,-43.066786,mapbox_geocoding,True
RJ,3302502,Magé,Parque Santa Rita,parque santa rita,-22.67209053,-43.06624222,brasil_aberto_first_street,True
RJ,3302502,Magé,Parque Santana (Vila Inhomirim),parque santana vila inhomirim,-22.61400604,-43.1792984,brasil_aberto_first_street,True
RJ,3302502,Magé,Parque Sayonara II (Vila Inhomirim),parque sayonara ii vila inhomirim,-22.5937595,-43.1781499,brasil_aberto_first_street,True
RJ,3302502,Magé,Parque Sayonara (Vila Inhomirim),parque sayonara vila inhomirim,-22.62193108,-43.23457718,brasil_aberto_first_street,True
RJ,3302502,Magé,Parque Veneza (Vila Inhomirim),parque veneza vila inhomirim,-22.63979721,-43.17679214,brasil_aberto_first_street,True
RJ,3302502,Magé,Pau Grande (Vila Inhomirim),pau grande vila inhomirim,-22.582838,-43.169891,mapbox_geocoding,True
RJ,3302502,Magé,Piabetá (Inhomirim),piabeta inhomirim,-22.61400604,-43.1792984,brasil_aberto_first_street,True
RJ,3302502,Magé,Pico (Santo Aleixo),pico santo aleixo,-22.552975,-43.045922,mapbox_geocoding,True
RJ,3302502,Magé,Piedade,piedade,-22.6643293,-43.0311967,brasil_aberto_first_street,True
RJ,3302502,Magé,Poço Bento,poco bento,-22.67438316,-43.06150055,brasil_aberto_first_street,True
RJ,3302502,Magé,Poço Escuro (Santo Aleixo),poco escuro santo aleixo,-22.54935265,-43.04486847,brasil_aberto_first_street,True
RJ,3302502,Magé,Praia da Esperança (Guia de Pacobaíba),praia da esperanca guia de pacobaiba,-22.7044735,-43.15628433,brasil_aberto_first_street,True
RJ,3302502,Magé,Praia de Olaria (Guia de Pacobaíba),praia de olaria guia de pacobaiba,-22.7017746,-43.13716125,brasil_aberto_first_street,True
RJ,3302502,Magé,Praia do Anil (Guia de Pacobaíba),praia do anil guia de pacobaiba,-22.71686172,-43.17859268,brasil_aberto_first_street,True
RJ,3302502,Magé,Praia do Imperador (Guia de Pacobaíba),praia do imperador guia de pacobaiba,-22.70186043,-43.15335846,brasil_aberto_first_street,True
RJ,3302502,Magé,Raiz da Serra (Vila Inhomirim),raiz da serra vila inhomirim,-22.661038,-43.205689,mapbox_geocoding,True
RJ,3302502,Magé,Saco,saco,-22.6681004,-43.0598353,brasil_aberto_first_street,True
RJ,3302502,Magé,Sampaio (Vila Inhomirim),sampaio vila inhomirim,-22.59179878,-43.18664169,brasil_aberto_first_street,True
RJ,3302502,Magé,Santa Dalila (Suruí),santa dalila surui,-22.65475273,-43.15871429,brasil_aberto_first_street,True
RJ,3302502,Magé,São Francisco do Cruará (Guia de Pacobaíba),sao francisco do cruara guia de pacobaiba,-22.7018571,-43.11872289999999,brasil_aberto_first_street,True
RJ,3302502,Magé,São José da Cachoeira (Rio do Ouro),sao jose da cachoeira rio do ouro,-22.5932193,-43.112885,brasil_aberto_first_street,True
RJ,3302502,Magé,São Lourenço (Guia de Pacobaíba),sao lourenco guia de pacobaiba,-22.70040703,-43.11761475,brasil_aberto_first_street,True
RJ,3302502,Magé,Vila Atlântica,vila atlantica,-22.49736786,-41.92060471,brasil_aberto_first_street,True
RJ,3302502,Magé,Vila Carvalho (Vila Inhomirim),vila carvalho vila inhomirim,-22.62193108,-43.23457718,brasil_aberto_first_street,True
RJ,3302502,Magé,Vila Citrolândia (Santo Aleixo),vila citrolandia santo aleixo,-22.5888255,-43.0253641,brasil_aberto_first_street,True
RJ,3302502,Magé,Vila da Liberdade,vila da liberdade,-22.66411018,-43.04218674,brasil_aberto_first_street,True
RJ,3302502,Magé,Vila Esperança,vila esperanca,-22.6358333,-43.0724827,brasil_aberto_first_street,True
RJ,3302502,Magé,Vila Esperança (Vila Inhomirim),vila esperanca vila inhomirim,-22.62193108,-43.23457718,brasil_aberto_first_street,True
RJ,3302502,Magé,Vila Inca,vila inca,-22.63583374,-43.07248306,brasil_aberto_first_street,True
RJ,3302502,Magé,Vila Nova,vila nova,-22.65425873,-43.03511429,brasil_aberto_first_street,True
RJ,3302502,Magé,Vila Nova (Suruí),vila nova surui,-22.6672788,-43.1245319,brasil_aberto_first_street,True
RJ,3302502,Magé,Vila Piabetá (Vila Inhomirim),vila piabeta vila inhomirim,-22.611591,-43.1796213,brasil_aberto_first_street,True
RJ,3302502,Magé,Vila Recreio (Vila Inhomirim),vila recreio vila inhomirim,-22.63979721,-43.17679214,brasil_aberto_first_street,True
RJ,3302502,Magé,Vila Serrana (Vila Inhomirim),vila serrana vila inhomirim,-22.6219303,-43.234577,brasil_aberto_first_street,True
RJ,3302502,Magé,Vila Velha (Santo Aleixo),vila velha santo aleixo,-22.55873871,-43.05208969,brasil_aberto_first_street,True
RJ,3302502,Magé,Vila Vitória,vila vitoria,-22.66148376,-43.04457855,brasil_aberto_first_street,True
RJ,3302601,Mangaratiba,Centro,centro,-23.02946472,-44.16334152,brasil_aberto_first_street,True
RJ,3302601,Mangaratiba,Conceição de Jacareí,conceicao de jacarei,,,dne,True
RJ,3302601,Mangaratiba,Itacurussá,itacurussa,-22.927215,-43.907955,mapbox_geocoding,True
RJ,3302601,Mangaratiba,Vila Muriqui,vila muriqui,,,dne,True
RJ,3302700,Maricá,Araçatiba,aracatiba,-22.92374802,-42.82264328,brasil_aberto_first_street,True
RJ,3302700,Maricá,Área Rural de Maricá,area rural de marica,-22.9160994,-42.819192,brasil_aberto_first_street,True
RJ,3302700,Maricá,Balneário Bambuí (Ponta Negra),balneario bambui ponta negra,-22.9347511,-42.7482822,brasil_aberto_first_street,True
RJ,3302700,Maricá,Bananal (Ponta Negra),bananal ponta negra,-22.9518157,-42.7955546,brasil_aberto_first_street,True
RJ,3302700,Maricá,Barra de Maricá,barra de marica,-22.96128654,-42.82006454,brasil_aberto_first_street,True
RJ,3302700,Maricá,Barroco (Itaipuaçu),barroco itaipuacu,-22.968473,-43.0074547,brasil_aberto_first_street,True
RJ,3302700,Maricá,Caju (Ponta Negra),caju ponta negra,-22.91401482,-42.77110291,brasil_aberto_first_street,True
RJ,3302700,Maricá,Cajueiros (Itaipuaçu),cajueiros itaipuacu,-22.96913147,-43.00083923,brasil_aberto_first_street,True
RJ,3302700,Maricá,Calaboca (Inoã),calaboca inoa,-22.9092965,-42.9443562,brasil_aberto_first_street,True
RJ,3302700,Maricá,Camburi,camburi,41.15186691,-8.60630226,brasil_aberto_first_street,True
RJ,3302700,Maricá,Cassorotiba (Inoã),cassorotiba inoa,-22.8952552,-42.9387396,brasil_aberto_first_street,True
RJ,3302700,Maricá,Caxito,caxito,-22.8796542,-42.8023534,brasil_aberto_first_street,True
RJ,3302700,Maricá,Centro,centro,-22.9185524,-43.17514038,brasil_aberto_first_street,True
RJ,3302700,Maricá,Chácaras de Inoã (Inoã),chacaras de inoa inoa,-22.93361092,-42.93655777,brasil_aberto_first_street,True
RJ,3302700,Maricá,Condado de Maricá,condado de marica,-22.8967257,-42.7923071,brasil_aberto_first_street,True
RJ,3302700,Maricá,Cordeirinho (Ponta Negra),cordeirinho ponta negra,-22.9560118,-42.7533687,brasil_aberto_first_street,True
RJ,3302700,Maricá,Espraiado (Ponta Negra),espraiado ponta negra,-22.9550037,-42.7958705,brasil_aberto_first_street,True
RJ,3302700,Maricá,Flamengo,flamengo,-22.9063372,-42.8039609,brasil_aberto_first_street,True
RJ,3302700,Maricá,Guaratiba (Ponta Negra),guaratiba ponta negra,-22.95322418,-42.79401779,brasil_aberto_first_street,True
RJ,3302700,Maricá,Inoã (Inoã),inoa inoa,-22.91308594,-42.86280441,brasil_aberto_first_street,True
RJ,3302700,Maricá,Itaocaia Valley (Itaipuaçu),itaocaia valley itaipuacu,-22.91907692,-42.95381546,brasil_aberto_first_street,True
RJ,3302700,Maricá,Itapeba,itapeba,-22.90902138,-42.81710052,brasil_aberto_first_street,True
RJ,3302700,Maricá,Jacaroá,jacaroa,-22.93063927,-42.79938889,brasil_aberto_first_street,True
RJ,3302700,Maricá,Jaconé (Ponta Negra),jacone ponta negra,-22.93805695,-42.66107941,brasil_aberto_first_street,True
RJ,3302700,Maricá,Jardim Atlântico Central (Itaipuaçu),jardim atlantico central itaipuacu,-22.968473,-43.0074547,brasil_aberto_first_street,True
RJ,3302700,Maricá,Jardim Atlântico Leste (Itaipuaçu),jardim atlantico leste itaipuacu,-22.968473,-43.0074547,brasil_aberto_first_street,True
RJ,3302700,Maricá,Jardim Atlântico Oeste (Itaipuaçu),jardim atlantico oeste itaipuacu,-22.968473,-43.0074547,brasil_aberto_first_street,True
RJ,3302700,Maricá,Jardim Interlagos (Ponta Negra),jardim interlagos ponta negra,-22.95223236,-42.78702927,brasil_aberto_first_street,True
RJ,3302700,Maricá,Lagarto,lagarto,-22.894262,-42.7999777,brasil_aberto_first_street,True
RJ,3302700,Maricá,Manoel Ribeiro (Ponta Negra),manoel ribeiro ponta negra,-22.93192673,-42.7472229,brasil_aberto_first_street,True
RJ,3302700,Maricá,Marquês de Maricá,marques de marica,-22.90434456,-42.79277802,brasil_aberto_first_street,True
RJ,3302700,Maricá,Morada das Águias (Itaipuaçu),morada das aguias itaipuacu,-22.94739151,-42.99029541,brasil_aberto_first_street,True
RJ,3302700,Maricá,Mumbuca,mumbuca,-22.910458,-42.822972,mapbox_geocoding,True
RJ,3302700,Maricá,Parque Nanci,parque nanci,-22.91715431,-42.84603882,brasil_aberto_first_street,True
RJ,3302700,Maricá,Pilar,pilar,-22.894262,-42.7999777,brasil_aberto_first_street,True
RJ,3302700,Maricá,Pindobal (Ponta Negra),pindobal ponta negra,-22.9170145,-42.7520246,brasil_aberto_first_street,True
RJ,3302700,Maricá,Pindobas,pindobas,-22.89486122,-42.83494568,brasil_aberto_first_street,True
RJ,3302700,Maricá,Ponta Grossa,ponta grossa,-22.92783546,-42.85707474,brasil_aberto_first_street,True
RJ,3302700,Maricá,Ponta Negra (Ponta Negra),ponta negra ponta negra,-22.95355034,-42.69460297,brasil_aberto_first_street,True
RJ,3302700,Maricá,Praia de Itaipuaçu (Itaipuaçu),praia de itaipuacu itaipuacu,-22.902357,-42.792915,mapbox_geocoding,True
RJ,3302700,Maricá,Recanto de Itaipuaçu (Itaipuaçu),recanto de itaipuacu itaipuacu,-22.9681873,-43.002582,brasil_aberto_first_street,True
RJ,3302700,Maricá,Restinga de Maricá,restinga de marica,-22.9651183,-42.8713647,brasil_aberto_first_street,True
RJ,3302700,Maricá,Retiro,retiro,-23.00056267,-43.30820084,brasil_aberto_first_street,True
RJ,3302700,Maricá,Rincão Mimoso (Itaipuaçu),rincao mimoso itaipuacu,-22.886243,-42.710437,mapbox_geocoding,True
RJ,3302700,Maricá,Santa Paula (Inoã),santa paula inoa,-22.89767838,-42.93449402,brasil_aberto_first_street,True
RJ,3302700,Maricá,São José do Imbassaí,sao jose do imbassai,-22.93878746,-42.89207458,brasil_aberto_first_street,True
RJ,3302700,Maricá,Silvado,silvado,-22.9160517,-42.8192762,brasil_aberto_first_street,True
RJ,3302700,Maricá,Spar (Inoã),spar inoa,-22.8979186,-42.9369253,brasil_aberto_first_street,True
RJ,3302700,Maricá,Ubatiba,ubatiba,-22.8816847,-42.8035496,brasil_aberto_first_street,True
RJ,3302700,Maricá,Vale da Figueira (Ponta Negra),vale da figueira ponta negra,-22.90317345,-42.71643829,brasil_aberto_first_street,True
RJ,3302700,Maricá,Zacarias,zacarias,-22.96128654,-42.82006454,brasil_aberto_first_street,True
RJ,3302809,Mendes,Centro,centro,-22.52547264,-43.72967148,brasil_aberto_first_street,True
RJ,3302858,Mesquita,Alto Uruguai,alto uruguai,-22.79039574,-43.43559265,brasil_aberto_first_street,True
RJ,3302858,Mesquita,Área Rural de Mesquita,area rural de mesquita,-22.73679543,-43.41954422,brasil_aberto_first_street,True
RJ,3302858,Mesquita,Banco de Areia,banco de areia,-22.77916718,-43.40469742,brasil_aberto_first_street,True
RJ,3302858,Mesquita,BNH,bnh,-22.7778511,-43.40613174,brasil_aberto_first_street,True
RJ,3302858,Mesquita,Centro,centro,-22.8612175,-43.45223236,brasil_aberto_first_street,True
RJ,3302858,Mesquita,Chatuba,chatuba,-22.8065811,-43.43798839999999,brasil_aberto_first_street,True
RJ,3302858,Mesquita,Coréia,coreia,-22.77827644,-43.43848801,brasil_aberto_first_street,True
RJ,3302858,Mesquita,Cosmorama,cosmorama,-22.78972435,-43.41969299,brasil_aberto_first_street,True
RJ,3302858,Mesquita,Cruzeiro do Sul,cruzeiro do sul,-22.79072189,-43.42531204,brasil_aberto_first_street,True
RJ,3302858,Mesquita,Edson Passos,edson passos,-22.79766655,-43.42800522,brasil_aberto_first_street,True
RJ,3302858,Mesquita,Industrial,industrial,-22.7771289,-43.4065898,brasil_aberto_first_street,True
RJ,3302858,Mesquita,Jacutinga,jacutinga,-22.76996994,-43.42054749,brasil_aberto_first_street,True
RJ,3302858,Mesquita,Juscelino,juscelino,-22.79072189,-43.42531204,brasil_aberto_first_street,True
RJ,3302858,Mesquita,Rocha Sobrinho,rocha sobrinho,-22.7778511,-43.40613174,brasil_aberto_first_street,True
RJ,3302858,Mesquita,Santa Terezinha,santa terezinha,-22.79079819,-43.43320084,brasil_aberto_first_street,True
RJ,3302858,Mesquita,Santo Elias,santo elias,-22.76996994,-43.42054749,brasil_aberto_first_street,True
RJ,3302858,Mesquita,Vila Emil,vila emil,-22.78972435,-43.41969299,brasil_aberto_first_street,True
RJ,3302858,Mesquita,Vila Norma,vila norma,-22.7850773,-43.4138719,brasil_aberto_first_street,True
RJ,3302908,Miguel Pereira,Centro,centro,-22.45579147,-43.46901321,brasil_aberto_first_street,True
RJ,3302908,Miguel Pereira,Conrado,conrado,-22.453619,-43.46834,mapbox_geocoding,True
RJ,3302908,Miguel Pereira,Governador Portela,governador portela,-22.4778005,-43.4983642,brasil_aberto_first_street,True
RJ,3302908,Miguel Pereira,Vera Cruz,vera cruz,-22.4548642,-43.4703589,brasil_aberto_first_street,True
RJ,3303005,Miracema,Centro,centro,-22.90886307,-43.17134857,brasil_aberto_first_street,True
RJ,3303005,Miracema,Paraíso do Tobias,paraiso do tobias,,,dne,True
RJ,3303005,Miracema,Venda das Flores,venda das flores,,,dne,True
RJ,3303104,Natividade,Bom Jesus do Querendo,bom jesus do querendo,-20.97971,-41.849012,mapbox_geocoding,True
RJ,3303104,Natividade,Centro,centro,-21.04387665,-41.97502899,brasil_aberto_first_street,True
RJ,3303104,Natividade,Ourânia,ourania,-21.035681,-41.894566,mapbox_geocoding,True
RJ,3303203,Nilópolis,Área Rural de Nilópolis,area rural de nilopolis,-22.81547737,-43.32602692,brasil_aberto_first_street,True
RJ,3303203,Nilópolis,Cabral,cabral,-22.82349014,-43.42037201,brasil_aberto_first_street,True
RJ,3303203,Nilópolis,Cabuis,cabuis,-22.8106842,-43.39966583,brasil_aberto_first_street,True
RJ,3303203,Nilópolis,Centro,centro,-22.8023361,-43.4265888,brasil_aberto_first_street,True
RJ,3303203,Nilópolis,Nossa Senhora de Fátima,nossa senhora de fatima,-22.80990219,-43.43289185,brasil_aberto_first_street,True
RJ,3303203,Nilópolis,Nova Cidade,nova cidade,-22.80039978,-43.41516495,brasil_aberto_first_street,True
RJ,3303203,Nilópolis,Olinda,olinda,-22.81166267,-43.42056274,brasil_aberto_first_street,True
RJ,3303203,Nilópolis,Paiol de Pólvora,paiol de polvora,-22.8129451,-43.3972363,brasil_aberto_first_street,True
RJ,3303302,Niterói,Área Rural de Niterói,area rural de niteroi,-22.9344044,-43.00186069999999,brasil_aberto_first_street,True
RJ,3303302,Niterói,Atalaia,atalaia,-22.90058899,-43.07496262,brasil_aberto_first_street,True
RJ,3303302,Niterói,Badu,badu,-22.910652,-43.048725,mapbox_geocoding,True
RJ,3303302,Niterói,Baldeador,baldeador,-22.87590218,-43.0612793,brasil_aberto_first_street,True
RJ,3303302,Niterói,Barreto,barreto,-22.86973,-43.11035538,brasil_aberto_first_street,True
RJ,3303302,Niterói,Boa Viagem,boa viagem,-22.9076004,-43.12841415,brasil_aberto_first_street,True
RJ,3303302,Niterói,Camboinhas,camboinhas,-22.961258,-43.0545702,brasil_aberto_first_street,True
RJ,3303302,Niterói,Cantagalo,cantagalo,-22.910652,-43.048725,mapbox_geocoding,True
RJ,3303302,Niterói,Caramujo,caramujo,-22.8882102,-43.0644088,brasil_aberto_first_street,True
RJ,3303302,Niterói,Centro,centro,-22.89502144,-43.11746597,brasil_aberto_first_street,True
RJ,3303302,Niterói,Charitas,charitas,-22.93205261,-43.09607697,brasil_aberto_first_street,True
RJ,3303302,Niterói,Cubango,cubango,-22.761757,-43.483112,mapbox_geocoding,True
RJ,3303302,Niterói,Engenho do Mato,engenho do mato,-22.92717361,-43.0116539,brasil_aberto_first_street,True
RJ,3303302,Niterói,Engenhoca,engenhoca,-22.87026596,-43.09633636,brasil_aberto_first_street,True
RJ,3303302,Niterói,Fátima,fatima,-22.89526,-43.11065,mapbox_geocoding,True
RJ,3303302,Niterói,Figueira,figueira,-22.84196854,-43.48879623,brasil_aberto_first_street,True
RJ,3303302,Niterói,Fonseca,fonseca,-22.88111305,-43.0941925,brasil_aberto_first_street,True
RJ,3303302,Niterói,Gragoatá,gragoata,-22.90610886,-43.13425446,brasil_aberto_first_street,True
RJ,3303302,Niterói,Icaraí,icarai,-22.90948486,-43.10597229,brasil_aberto_first_street,True
RJ,3303302,Niterói,Ilha da Conceição,ilha da conceicao,-22.873755,-43.1155,mapbox_geocoding,True
RJ,3303302,Niterói,Ingá,inga,-22.9058857,-43.12546539,brasil_aberto_first_street,True
RJ,3303302,Niterói,Itacoatiara,itacoatiara,-22.972109,-43.0316339,brasil_aberto_first_street,True
RJ,3303302,Niterói,Itaipu,itaipu,-22.96672249,-43.04399109,brasil_aberto_first_street,True
RJ,3303302,Niterói,Ititioca,ititioca,-22.89635468,-43.0839386,brasil_aberto_first_street,True
RJ,3303302,Niterói,Jacaré,jacare,-22.930517,-43.048977,mapbox_geocoding,True
RJ,3303302,Niterói,Jardim Imbuí,jardim imbui,-22.94736671,-43.09514618,brasil_aberto_first_street,True
RJ,3303302,Niterói,Jurujuba,jurujuba,-22.93532944,-43.11328506,brasil_aberto_first_street,True
RJ,3303302,Niterói,Largo da Batalha,largo da batalha,-22.9027459,-43.076868,brasil_aberto_first_street,True
RJ,3303302,Niterói,Largo do Barradas,largo do barradas,-22.87418365,-43.10890198,brasil_aberto_first_street,True
RJ,3303302,Niterói,Maceió,maceio,-22.915173,-42.986381,mapbox_geocoding,True
RJ,3303302,Niterói,Maravista,maravista,-22.94015503,-43.02337265,brasil_aberto_first_street,True
RJ,3303302,Niterói,Marazul,marazul,-22.95199776,-43.09164429,brasil_aberto_first_street,True
RJ,3303302,Niterói,Maria Paula,maria paula,-22.87910843,-43.03433609,brasil_aberto_first_street,True
RJ,3303302,Niterói,Mata Paca,mata paca,-22.893564,-43.11968,mapbox_geocoding,True
RJ,3303302,Niterói,Muriqui,muriqui,-22.89756966,-43.01921082,brasil_aberto_first_street,True
RJ,3303302,Niterói,Pe Pequeno,pe pequeno,-22.89668083,-43.10358047,brasil_aberto_first_street,True
RJ,3303302,Niterói,Pendotiba,pendotiba,-22.9081445,-43.0619818,brasil_aberto_first_street,True
RJ,3303302,Niterói,Piratininga,piratininga,-22.93205261,-43.09607697,brasil_aberto_first_street,True
RJ,3303302,Niterói,Ponta D'Areia,ponta d areia,-22.884135,-43.128171,mapbox_geocoding,True
RJ,3303302,Niterói,Rio do Ouro,rio do ouro,-22.92717361,-43.0116539,brasil_aberto_first_street,True
RJ,3303302,Niterói,Santa Bárbara,santa barbara,-22.87929153,-43.04929733,brasil_aberto_first_street,True
RJ,3303302,Niterói,Santa Rosa,santa rosa,-22.902634,-43.08714,mapbox_geocoding,True
RJ,3303302,Niterói,Santana,santana,-22.87513542,-43.10092926,brasil_aberto_first_street,True
RJ,3303302,Niterói,Santo Antônio,santo antonio,-22.93997192,-43.04727554,brasil_aberto_first_street,True
RJ,3303302,Niterói,São Domingos,sao domingos,-22.89779663,-43.1256752,brasil_aberto_first_street,True
RJ,3303302,Niterói,São Francisco,sao francisco,-22.91275024,-43.09916306,brasil_aberto_first_street,True
RJ,3303302,Niterói,São Lourenço,sao lourenco,-23.00598,-44.520752,mapbox_geocoding,True
RJ,3303302,Niterói,Sapê,sape,-22.8983266,-43.0612542,brasil_aberto_first_street,True
RJ,3303302,Niterói,Serra Grande,serra grande,-22.92717361,-43.0116539,brasil_aberto_first_street,True
RJ,3303302,Niterói,Tenente Jardim,tenente jardim,-22.8685379,-43.07622528,brasil_aberto_first_street,True
RJ,3303302,Niterói,Várzea das Moças,varzea das mocas,-22.92717361,-43.0116539,brasil_aberto_first_street,True
RJ,3303302,Niterói,Venda da Cruz,venda da cruz,-22.8955555,-43.60083389,brasil_aberto_first_street,True
RJ,3303302,Niterói,Vila Progresso,vila progresso,-22.90622711,-43.04242706,brasil_aberto_first_street,True
RJ,3303302,Niterói,Vital Brazil,vital brazil,-22.9070401,-43.0948938,brasil_aberto_first_street,True
RJ,3303401,Nova Friburgo,Amparo,amparo,-22.26008,-42.45833,mapbox_geocoding,True
RJ,3303401,Nova Friburgo,Aprazível,aprazivel,-22.2895298,-42.5460701,brasil_aberto_first_street,True
RJ,3303401,Nova Friburgo,Área Rural de Nova Friburgo,area rural de nova friburgo,-22.2985983,-42.5404507,brasil_aberto_first_street,True
RJ,3303401,Nova Friburgo,Bela Vista,bela vista,-22.2944154,-42.5374761,brasil_aberto_first_street,True
RJ,3303401,Nova Friburgo,Braunes,braunes,-22.28489685,-42.51882172,brasil_aberto_first_street,True
RJ,3303401,Nova Friburgo,Campo do Coelho,campo do coelho,-22.26986694,-42.57347488,brasil_aberto_first_street,True
RJ,3303401,Nova Friburgo,Cardinot,cardinot,-22.930158,-43.251054,mapbox_geocoding,True
RJ,3303401,Nova Friburgo,Cascatinha,cascatinha,-22.33273506,-42.55685043,brasil_aberto_first_street,True
RJ,3303401,Nova Friburgo,Catarcione,catarcione,-22.29298592,-42.51916504,brasil_aberto_first_street,True
RJ,3303401,Nova Friburgo,Centro,centro,-22.282696,-42.53114,mapbox_geocoding,True
RJ,3303401,Nova Friburgo,Chácara Paraíso,chacara paraiso,-22.26284981,-42.48270035,brasil_aberto_first_street,True
RJ,3303401,Nova Friburgo,Cônego,conego,-22.332473,-42.55219,mapbox_geocoding,True
RJ,3303401,Nova Friburgo,Conselheiro Paulino,conselheiro paulino,-22.24891663,-42.52135086,brasil_aberto_first_street,True
RJ,3303401,Nova Friburgo,Cordoeira,cordoeira,-22.282696,-42.53114,mapbox_geocoding,True
RJ,3303401,Nova Friburgo,Córrego D'Antas,corrego d antas,-22.27432442,-42.57796478,brasil_aberto_first_street,True
RJ,3303401,Nova Friburgo,Debossan,debossan,-22.35276222,-42.50523376,brasil_aberto_first_street,True
RJ,3303401,Nova Friburgo,Duas Pedras,duas pedras,-22.24933624,-42.5251503,brasil_aberto_first_street,True
RJ,3303401,Nova Friburgo,Fazenda Bela Vista,fazenda bela vista,-22.2933265,-42.4895723,brasil_aberto_first_street,True
RJ,3303401,Nova Friburgo,Granja Spinelli,granja spinelli,-22.27682686,-42.56027603,brasil_aberto_first_street,True
RJ,3303401,Nova Friburgo,Jardim Califórnia,jardim california,-22.23856926,-42.53622818,brasil_aberto_first_street,True
RJ,3303401,Nova Friburgo,Jardim Ouro Preto,jardim ouro preto,-22.25386047,-42.52757263,brasil_aberto_first_street,True
RJ,3303401,Nova Friburgo,Jardinlândia,jardinlandia,-22.2502079,-42.52711105,brasil_aberto_first_street,True
RJ,3303401,Nova Friburgo,Lagoinha,lagoinha,-22.285532,-42.54112244,brasil_aberto_first_street,True
RJ,3303401,Nova Friburgo,Loteamento Floresta,loteamento floresta,-22.22567177,-42.52274704,brasil_aberto_first_street,True
RJ,3303401,Nova Friburgo,Loteamento Nosso Sonho,loteamento nosso sonho,-22.30831146,-42.53328705,brasil_aberto_first_street,True
RJ,3303401,Nova Friburgo,Loteamento Santa Teresinha,loteamento santa teresinha,-22.22545815,-42.52457428,brasil_aberto_first_street,True
RJ,3303401,Nova Friburgo,Loteamento São João,loteamento sao joao,-22.2642738,-42.5301838,brasil_aberto_first_street,True
RJ,3303401,Nova Friburgo,Loteamento São José,loteamento sao jose,-22.25257683,-42.52742386,brasil_aberto_first_street,True
RJ,3303401,Nova Friburgo,Loteamento São Sebastião,loteamento sao sebastiao,-22.34649277,-42.32297134,brasil_aberto_first_street,True
RJ,3303401,Nova Friburgo,Loteamento Sitio Jacina,loteamento sitio jacina,-22.2598814,-42.5223669,brasil_aberto_first_street,True
RJ,3303401,Nova Friburgo,Lumiar,lumiar,-22.2887261,-42.5340796,brasil_aberto_first_street,True
RJ,3303401,Nova Friburgo,Mury,mury,-22.32661438,-42.51855469,brasil_aberto_first_street,True
RJ,3303401,Nova Friburgo,Nova Suíça,nova suica,-22.27676201,-42.50271225,brasil_aberto_first_street,True
RJ,3303401,Nova Friburgo,Olaria,olaria,-22.29800415,-42.5402565,brasil_aberto_first_street,True
RJ,3303401,Nova Friburgo,Parque Dom João VI,parque dom joao vi,-22.30580902,-42.51708984,brasil_aberto_first_street,True
RJ,3303401,Nova Friburgo,Parque Maria Teresa,parque maria teresa,-22.2123394,-42.51747513,brasil_aberto_first_street,True
RJ,3303401,Nova Friburgo,Parque Residencial Solares,parque residencial solares,-22.2743596,-42.6008189,brasil_aberto_first_street,True
RJ,3303401,Nova Friburgo,Parque São Clemente,parque sao clemente,-22.29640388,-42.5451355,brasil_aberto_first_street,True
RJ,3303401,Nova Friburgo,Perissê,perisse,-22.29581833,-42.52809143,brasil_aberto_first_street,True
RJ,3303401,Nova Friburgo,Ponte da Saudade,ponte da saudade,-22.492629,-44.10544,mapbox_geocoding,True
RJ,3303401,Nova Friburgo,Prado,prado,-22.23804283,-42.52062225,brasil_aberto_first_street,True
RJ,3303401,Nova Friburgo,Riograndina,riograndina,-22.1968245,-42.5156749,brasil_aberto_first_street,True
RJ,3303401,Nova Friburgo,Rui Sanglard,rui sanglard,-22.24891663,-42.52135086,brasil_aberto_first_street,True
RJ,3303401,Nova Friburgo,Sans Souci,sans souci,-22.2896987,-42.5193017,brasil_aberto_first_street,True
RJ,3303401,Nova Friburgo,Santa Elisa,santa elisa,-22.29166794,-42.52145386,brasil_aberto_first_street,True
RJ,3303401,Nova Friburgo,Santo André,santo andre,-22.233269,-42.513231,mapbox_geocoding,True
RJ,3303401,Nova Friburgo,São Geraldo,sao geraldo,-22.2407005,-42.5507161,brasil_aberto_first_street,True
RJ,3303401,Nova Friburgo,São Pedro da Serra,sao pedro da serra,-22.34200668,-42.33005142,brasil_aberto_first_street,True
RJ,3303401,Nova Friburgo,Serraville,serraville,-22.2950068,-42.5248381,brasil_aberto_first_street,True
RJ,3303401,Nova Friburgo,Suíço,suico,-22.2810027,-42.5283793,brasil_aberto_first_street,True
RJ,3303401,Nova Friburgo,Theodoro de Oliveira,theodoro de oliveira,-22.3776998,-42.5532026,brasil_aberto_first_street,True
RJ,3303401,Nova Friburgo,Vale do Sol,vale do sol,-22.25786209,-42.5299263,brasil_aberto_first_street,True
RJ,3303401,Nova Friburgo,Vale dos Pinheiros,vale dos pinheiros,-22.29145241,-42.54679871,brasil_aberto_first_street,True
RJ,3303401,Nova Friburgo,Vargem Grande,vargem grande,-22.32120323,-42.55406189,brasil_aberto_first_street,True
RJ,3303401,Nova Friburgo,Varginha,varginha,-22.28894234,-42.49812317,brasil_aberto_first_street,True
RJ,3303401,Nova Friburgo,Vila Amélia,vila amelia,-22.28351021,-42.53843689,brasil_aberto_first_street,True
RJ,3303401,Nova Friburgo,Vila Guarani,vila guarani,-22.2946297,-42.5217701,brasil_aberto_first_street,True
RJ,3303401,Nova Friburgo,Vila Nova,vila nova,-22.26518,-42.5368631,brasil_aberto_first_street,True
RJ,3303401,Nova Friburgo,Vilage,vilage,-22.27398491,-42.53248215,brasil_aberto_first_street,True
RJ,3303401,Nova Friburgo,Ypu,ypu,-22.2938259,-42.5298223,brasil_aberto_first_street,True
RJ,3303500,Nova Iguaçu,Adrianópolis,adrianopolis,-22.6767044,-43.5112163,brasil_aberto_first_street,True
RJ,3303500,Nova Iguaçu,Aero Clube,aero clube,-22.76038742,-43.44730377,brasil_aberto_first_street,True
RJ,3303500,Nova Iguaçu,Afonso Celso,afonso celso,-22.74510193,-43.50465775,brasil_aberto_first_street,True
RJ,3303500,Nova Iguaçu,Alto da Posse,alto da posse,-22.7325573,-43.46801376,brasil_aberto_first_street,True
RJ,3303500,Nova Iguaçu,Alvarez,alvarez,-22.75749016,-43.4594841,brasil_aberto_first_street,True
RJ,3303500,Nova Iguaçu,Ambaí,ambai,-22.7087059,-43.45197678,brasil_aberto_first_street,True
RJ,3303500,Nova Iguaçu,Andrade Araújo,andrade araujo,-22.75036621,-43.42473602,brasil_aberto_first_street,True
RJ,3303500,Nova Iguaçu,Área Rural de Nova Iguaçu,area rural de nova iguacu,-22.7425251,-43.45866394,brasil_aberto_first_street,True
RJ,3303500,Nova Iguaçu,Austin,austin,-22.72690773,-43.5294342,brasil_aberto_first_street,True
RJ,3303500,Nova Iguaçu,Autódromo,autodromo,-22.65888023,-43.4989357,brasil_aberto_first_street,True
RJ,3303500,Nova Iguaçu,Barão de Amapá,barao de amapa,-22.6903827,-43.4609231,brasil_aberto_first_street,True
RJ,3303500,Nova Iguaçu,Barão de Guandu,barao de guandu,-22.67686272,-43.4010582,brasil_aberto_first_street,True
RJ,3303500,Nova Iguaçu,Bela Vista,bela vista,-22.7188295,-43.4494298,brasil_aberto_first_street,True
RJ,3303500,Nova Iguaçu,Belmonte,belmonte,-22.76645279,-43.44448471,brasil_aberto_first_street,True
RJ,3303500,Nova Iguaçu,Belterra,belterra,-22.75125504,-43.48711777,brasil_aberto_first_street,True
RJ,3303500,Nova Iguaçu,Bernardo Kelner,bernardo kelner,-22.7312851,-43.48090363,brasil_aberto_first_street,True
RJ,3303500,Nova Iguaçu,Boa Esperança,boa esperanca,-22.68616867,-43.28469849,brasil_aberto_first_street,True
RJ,3303500,Nova Iguaçu,Boa Vista,boa vista,-22.72648621,-43.48441315,brasil_aberto_first_street,True
RJ,3303500,Nova Iguaçu,Botafogo,botafogo,-22.94124413,-43.17684174,brasil_aberto_first_street,True
RJ,3303500,Nova Iguaçu,Brasil,brasil,-22.7411306,-43.4379638,brasil_aberto_first_street,True
RJ,3303500,Nova Iguaçu,Cabuçu,cabucu,-22.78210449,-43.53912735,brasil_aberto_first_street,True
RJ,3303500,Nova Iguaçu,Cachoeiras,cachoeiras,-22.65114403,-43.46419907,brasil_aberto_first_street,True
RJ,3303500,Nova Iguaçu,Cacuia,cacuia,-22.7219162,-43.51647568,brasil_aberto_first_street,True
RJ,3303500,Nova Iguaçu,Caioaba,caioaba,-22.73589516,-43.44018936,brasil_aberto_first_street,True
RJ,3303500,Nova Iguaçu,Califórnia,california,-22.76095963,-43.43709946,brasil_aberto_first_street,True
RJ,3303500,Nova Iguaçu,Campo Alegre,campo alegre,-22.76699257,-43.61174011,brasil_aberto_first_street,True
RJ,3303500,Nova Iguaçu,Caonze,caonze,-22.883894,-43.509091,mapbox_geocoding,True
RJ,3303500,Nova Iguaçu,Carlos Sampaio,carlos sampaio,-22.74790192,-43.45679855,brasil_aberto_first_street,True
RJ,3303500,Nova Iguaçu,Carmari,carmari,-22.72173882,-43.45352554,brasil_aberto_first_street,True
RJ,3303500,Nova Iguaçu,Carolina,carolina,-22.75025177,-43.43314743,brasil_aberto_first_street,True
RJ,3303500,Nova Iguaçu,Centro,centro,-22.78210449,-43.53912735,brasil_aberto_first_street,True
RJ,3303500,Nova Iguaçu,Cerâmica,ceramica,-22.73531532,-43.4813385,brasil_aberto_first_street,True
RJ,3303500,Nova Iguaçu,Chacrinha,chacrinha,-22.89154434,-43.43533325,brasil_aberto_first_street,True
RJ,3303500,Nova Iguaçu,Chavascal,chavascal,-22.75146484,-43.4487648,brasil_aberto_first_street,True
RJ,3303500,Nova Iguaçu,Cidade Jardim Parque Estoril,cidade jardim parque estoril,-22.6452765,-43.3986912,brasil_aberto_first_street,True
RJ,3303500,Nova Iguaçu,Comendador Soares,comendador soares,-22.7397064,-43.4896215,brasil_aberto_first_street,True
RJ,3303500,Nova Iguaçu,Conjunto Residencial Redenção,conjunto residencial redencao,-22.76221466,-43.47431564,brasil_aberto_first_street,True
RJ,3303500,Nova Iguaçu,Corumbá,corumba,-22.70456505,-43.4803772,brasil_aberto_first_street,True
RJ,3303500,Nova Iguaçu,Cruzeiro do Sul,cruzeiro do sul,-22.77775192,-43.42609406,brasil_aberto_first_street,True
RJ,3303500,Nova Iguaçu,Cuiabá,cuiaba,-22.8786087,-43.36312866,brasil_aberto_first_street,True
RJ,3303500,Nova Iguaçu,da Luz,da luz,-22.78210449,-43.53912735,brasil_aberto_first_street,True
RJ,3303500,Nova Iguaçu,Danon,danon,-22.77183723,-43.50879288,brasil_aberto_first_street,True
RJ,3303500,Nova Iguaçu,Diana,diana,,,brasil_aberto,True
RJ,3303500,Nova Iguaçu,Dois Irmãos,dois irmaos,-22.7238369,-43.45215988,brasil_aberto_first_street,True
RJ,3303500,Nova Iguaçu,Dom Rodrigo,dom rodrigo,-22.758955,-43.47726059,brasil_aberto_first_street,True
RJ,3303500,Nova Iguaçu,Dona Neli,dona neli,-22.75600624,-43.44412994,brasil_aberto_first_street,True
RJ,3303500,Nova Iguaçu,Duque Estrada,duque estrada,-22.74427605,-43.43900681,brasil_aberto_first_street,True
RJ,3303500,Nova Iguaçu,Engenheiro Rocha Freire,engenheiro rocha freire,-22.6753404,-43.4563753,brasil_aberto_first_street,True
RJ,3303500,Nova Iguaçu,Engenho Pequeno,engenho pequeno,-22.72766113,-43.43233871,brasil_aberto_first_street,True
RJ,3303500,Nova Iguaçu,Essolandia,essolandia,-22.88741684,-43.45197296,brasil_aberto_first_street,True
RJ,3303500,Nova Iguaçu,Figueiras,figueiras,-22.6892121,-43.4331702,brasil_aberto_first_street,True
RJ,3303500,Nova Iguaçu,Flores,flores,-22.74920273,-43.48167801,brasil_aberto_first_street,True
RJ,3303500,Nova Iguaçu,Floresta,floresta,-22.7259407,-43.46981049,brasil_aberto_first_street,True
RJ,3303500,Nova Iguaçu,Fraternidade,fraternidade,-22.757126,-43.438612,brasil_aberto_first_street,True
RJ,3303500,Nova Iguaçu,Geneciano,geneciano,-22.68723869,-43.41785049,brasil_aberto_first_street,True
RJ,3303500,Nova Iguaçu,Grajau,grajau,-22.7365237,-43.4674897,brasil_aberto_first_street,True
RJ,3303500,Nova Iguaçu,Grama,grama,-22.69955254,-43.40287018,brasil_aberto_first_street,True
RJ,3303500,Nova Iguaçu,Guarani,guarani,-22.73640251,-43.45313263,brasil_aberto_first_street,True
RJ,3303500,Nova Iguaçu,Hiterland,hiterland,-22.73857307,-43.41966629,brasil_aberto_first_street,True
RJ,3303500,Nova Iguaçu,Ida,ida,-22.91819954,-43.68451691,brasil_aberto_first_street,True
RJ,3303500,Nova Iguaçu,Iguaçu Velho,iguacu velho,-22.7638885,-43.486235,brasil_aberto_first_street,True
RJ,3303500,Nova Iguaçu,Imperador,imperador,-22.76614189,-43.42873001,brasil_aberto_first_street,True
RJ,3303500,Nova Iguaçu,Imperial,imperial,-22.76192856,-43.46213913,brasil_aberto_first_street,True
RJ,3303500,Nova Iguaçu,Inconfidência,inconfidencia,-22.7183876,-43.53111267,brasil_aberto_first_street,True
RJ,3303500,Nova Iguaçu,Independência,independencia,-22.7510573,-43.4578976,brasil_aberto_first_street,True
RJ,3303500,Nova Iguaçu,Industrial,industrial,-22.7386069,-43.4769275,brasil_aberto_first_street,True
RJ,3303500,Nova Iguaçu,Iolanda,iolanda,-22.77394295,-43.51275635,brasil_aberto_first_street,True
RJ,3303500,Nova Iguaçu,Ipiranga,ipiranga,-22.7821331,-43.55909348,brasil_aberto_first_street,True
RJ,3303500,Nova Iguaçu,Jaceruba,jaceruba,-22.6009899,-43.5661011,brasil_aberto_first_street,True
RJ,3303500,Nova Iguaçu,Jardim Alvorada,jardim alvorada,-22.78210449,-43.53912735,brasil_aberto_first_street,True
RJ,3303500,Nova Iguaçu,Jardim Belo Horizonte,jardim belo horizonte,-22.74664688,-43.5022049,brasil_aberto_first_street,True
RJ,3303500,Nova Iguaçu,Jardim Cachoeira,jardim cachoeira,-22.6582991,-43.4656027,brasil_aberto_first_street,True
RJ,3303500,Nova Iguaçu,Jardim Canaã,jardim canaa,-22.75321388,-43.4805603,brasil_aberto_first_street,True
RJ,3303500,Nova Iguaçu,Jardim Carioca,jardim carioca,-22.72912216,-43.45862961,brasil_aberto_first_street,True
RJ,3303500,Nova Iguaçu,Jardim Continental,jardim continental,-22.76268578,-43.43574905,brasil_aberto_first_street,True
RJ,3303500,Nova Iguaçu,Jardim Corumbá,jardim corumba,,,brasil_aberto,True
RJ,3303500,Nova Iguaçu,Jardim da Posse,jardim da posse,-22.912079,-43.619628,mapbox_geocoding,True
RJ,3303500,Nova Iguaçu,Jardim Esplanada,jardim esplanada,-22.74226952,-43.44652557,brasil_aberto_first_street,True
RJ,3303500,Nova Iguaçu,Jardim Felix,jardim felix,-22.88145256,-43.24745178,brasil_aberto_first_street,True
RJ,3303500,Nova Iguaçu,Jardim Fonte São Miguel,jardim fonte sao miguel,-22.694664,-43.4248848,brasil_aberto_first_street,True
RJ,3303500,Nova Iguaçu,Jardim Guandu,jardim guandu,-22.82099342,-43.61721039,brasil_aberto_first_street,True
RJ,3303500,Nova Iguaçu,Jardim Iara,jardim iara,-22.759783,-43.451626,mapbox_geocoding,True
RJ,3303500,Nova Iguaçu,Jardim Ideal,jardim ideal,-22.74040794,-43.47166443,brasil_aberto_first_street,True
RJ,3303500,Nova Iguaçu,Jardim Iguaçu,jardim iguacu,-22.74202538,-43.46535492,brasil_aberto_first_street,True
RJ,3303500,Nova Iguaçu,Jardim Império,jardim imperio,,,brasil_aberto,True
RJ,3303500,Nova Iguaçu,Jardim Jasmim,jardim jasmim,-22.75994873,-43.49190521,brasil_aberto_first_street,True
RJ,3303500,Nova Iguaçu,Jardim Javari,jardim javari,-22.76184082,-43.45635986,brasil_aberto_first_street,True
RJ,3303500,Nova Iguaçu,Jardim Lumar,jardim lumar,-22.75408363,-43.48445129,brasil_aberto_first_street,True
RJ,3303500,Nova Iguaçu,Jardim Marambaia,jardim marambaia,-22.63474846,-43.3934021,brasil_aberto_first_street,True
RJ,3303500,Nova Iguaçu,Jardim Marilice,jardim marilice,-22.69455147,-43.47082138,brasil_aberto_first_street,True
RJ,3303500,Nova Iguaçu,Jardim Mato Grosso,jardim mato grosso,-22.70190048,-43.4750824,brasil_aberto_first_street,True
RJ,3303500,Nova Iguaçu,Jardim Monte Castelo,jardim monte castelo,-22.701334,-43.46166229,brasil_aberto_first_street,True
RJ,3303500,Nova Iguaçu,Jardim Nacional,jardim nacional,-22.76800156,-43.42993546,brasil_aberto_first_street,True
RJ,3303500,Nova Iguaçu,Jardim Natal,jardim natal,-22.71482086,-43.52804947,brasil_aberto_first_street,True
RJ,3303500,Nova Iguaçu,Jardim Nazaré,jardim nazare,-22.7220544,-43.4347978,brasil_aberto_first_street,True
RJ,3303500,Nova Iguaçu,Jardim Nossa Senhora das Graças,jardim nossa senhora das gracas,-22.76215363,-43.48031616,brasil_aberto_first_street,True
RJ,3303500,Nova Iguaçu,Jardim Nova Era,jardim nova era,-22.78210449,-43.53912735,brasil_aberto_first_street,True
RJ,3303500,Nova Iguaçu,Jardim Palmares,jardim palmares,-22.78210449,-43.53912735,brasil_aberto_first_street,True
RJ,3303500,Nova Iguaçu,Jardim Pernambuco,jardim pernambuco,-22.75168991,-43.49928665,brasil_aberto_first_street,True
RJ,3303500,Nova Iguaçu,Jardim Pitoresco,jardim pitoresco,-22.75680923,-43.50140762,brasil_aberto_first_street,True
RJ,3303500,Nova Iguaçu,Jardim Real,jardim real,-22.68891716,-43.47097015,brasil_aberto_first_street,True
RJ,3303500,Nova Iguaçu,Jardim Sagrado Coração de Jesus,jardim sagrado coracao de jesus,-22.73613739,-43.50080872,brasil_aberto_first_street,True
RJ,3303500,Nova Iguaçu,Jardim Santa Fé,jardim santa fe,-22.71725082,-43.45214844,brasil_aberto_first_street,True
RJ,3303500,Nova Iguaçu,Jardim Santa Rita,jardim santa rita,-22.69212151,-43.46474838,brasil_aberto_first_street,True
RJ,3303500,Nova Iguaçu,Jardim Santo Inácio,jardim santo inacio,-22.7132673,-43.465944,brasil_aberto_first_street,True
RJ,3303500,Nova Iguaçu,Jardim São João,jardim sao joao,-22.759783,-43.451626,mapbox_geocoding,True
RJ,3303500,Nova Iguaçu,Jardim São Vicente,jardim sao vicente,-22.7123127,-43.44519043,brasil_aberto_first_street,True
RJ,3303500,Nova Iguaçu,Jardim Tropical,jardim tropical,-22.81787872,-45.1820755,brasil_aberto_first_street,True
RJ,3303500,Nova Iguaçu,Jardim Vila Rica,jardim vila rica,-22.69288635,-43.44266129,brasil_aberto_first_street,True
RJ,3303500,Nova Iguaçu,Jardim Willis,jardim willis,-22.67809486,-43.59765244,brasil_aberto_first_street,True
RJ,3303500,Nova Iguaçu,Joana D'Arc,joana d arc,-22.759464,-43.44950499999999,brasil_aberto_first_street,True
RJ,3303500,Nova Iguaçu,Juriti,juriti,-22.7325573,-43.46801376,brasil_aberto_first_street,True
RJ,3303500,Nova Iguaçu,Kennedy,kennedy,-22.72878265,-43.44322586,brasil_aberto_first_street,True
RJ,3303500,Nova Iguaçu,Km 32,km 32,-22.852393,-43.6111323,brasil_aberto_first_street,True
RJ,3303500,Nova Iguaçu,Lafaiete,lafaiete,-22.76192284,-43.47941971,brasil_aberto_first_street,True
RJ,3303500,Nova Iguaçu,Lagoinha,lagoinha,-22.82716179,-43.62101746,brasil_aberto_first_street,True
RJ,3303500,Nova Iguaçu,Lambert,lambert,-22.75357246,-43.44616318,brasil_aberto_first_street,True
RJ,3303500,Nova Iguaçu,Ligia,ligia,-22.6685685,-43.4016735,brasil_aberto_first_street,True
RJ,3303500,Nova Iguaçu,Lisboa,lisboa,-22.75310135,-43.4204483,brasil_aberto_first_street,True
RJ,3303500,Nova Iguaçu,Maio,maio,-22.9851799,-43.19781876,brasil_aberto_first_street,True
RJ,3303500,Nova Iguaçu,Marapicu,marapicu,-22.7167239,-43.5288269,brasil_aberto_first_street,True
RJ,3303500,Nova Iguaçu,Marco II,marco ii,-22.6956456,-43.4723046,brasil_aberto_first_street,True
RJ,3303500,Nova Iguaçu,Maria da Luz,maria da luz,-22.757126,-43.438612,brasil_aberto_first_street,True
RJ,3303500,Nova Iguaçu,Maria José,maria jose,-22.7568221,-43.4790704,brasil_aberto_first_street,True
RJ,3303500,Nova Iguaçu,Martins Ribeiro,martins ribeiro,-22.69756508,-43.41329575,brasil_aberto_first_street,True
RJ,3303500,Nova Iguaçu,Metrópole,metropole,-22.7553978,-43.44560242,brasil_aberto_first_street,True
RJ,3303500,Nova Iguaçu,Miguel Couto,miguel couto,-22.69955254,-43.40287018,brasil_aberto_first_street,True
RJ,3303500,Nova Iguaçu,Monte Castelo,monte castelo,-22.69955254,-43.40287018,brasil_aberto_first_street,True
RJ,3303500,Nova Iguaçu,Monte Líbano,monte libano,-22.756464,-43.4289227,brasil_aberto_first_street,True
RJ,3303500,Nova Iguaçu,Montevidéu,montevideu,-22.6245657,-43.3989208,brasil_aberto_first_street,True
RJ,3303500,Nova Iguaçu,Moquetá,moqueta,-22.74586868,-43.45536804,brasil_aberto_first_street,True
RJ,3303500,Nova Iguaçu,Nossa Senhora das Graças,nossa senhora das gracas,-22.75180626,-43.47323608,brasil_aberto_first_street,True
RJ,3303500,Nova Iguaçu,Nossa Senhora de Fátima,nossa senhora de fatima,-22.72431755,-43.45436478,brasil_aberto_first_street,True
RJ,3303500,Nova Iguaçu,Nova América,nova america,-22.7168375,-43.4319228,brasil_aberto_first_street,True
RJ,3303500,Nova Iguaçu,Nova Brasília,nova brasilia,-22.677483,-43.50092,mapbox_geocoding,True
RJ,3303500,Nova Iguaçu,Nova Luz,nova luz,-22.68318748,-43.42750168,brasil_aberto_first_street,True
RJ,3303500,Nova Iguaçu,Oliveira,oliveira,-22.759464,-43.44950499999999,brasil_aberto_first_street,True
RJ,3303500,Nova Iguaçu,Ouro Preto,ouro preto,-22.7529386,-43.4945673,brasil_aberto_first_street,True
RJ,3303500,Nova Iguaçu,Ouro Verde,ouro verde,-22.7530029,-43.487348,brasil_aberto_first_street,True
RJ,3303500,Nova Iguaçu,Palhada,palhada,-22.75122833,-43.52872467,brasil_aberto_first_street,True
RJ,3303500,Nova Iguaçu,Palmeiras,palmeiras,-22.76204491,-43.45733643,brasil_aberto_first_street,True
RJ,3303500,Nova Iguaçu,Parada Amaral,parada amaral,-22.69331741,-43.48735046,brasil_aberto_first_street,True
RJ,3303500,Nova Iguaçu,Paraíso,paraiso,-22.78210449,-43.53912735,brasil_aberto_first_street,True
RJ,3303500,Nova Iguaçu,Parque Alvorada,parque alvorada,-22.66773415,-43.45114517,brasil_aberto_first_street,True
RJ,3303500,Nova Iguaçu,Parque Ambaí,parque ambai,-22.73239136,-43.46911621,brasil_aberto_first_street,True
RJ,3303500,Nova Iguaçu,Parque Antártica,parque antartica,-22.67298889,-43.44945526,brasil_aberto_first_street,True
RJ,3303500,Nova Iguaçu,Parque Bárbara,parque barbara,-22.7597332,-43.41865158,brasil_aberto_first_street,True
RJ,3303500,Nova Iguaçu,Parque do Laranjal,parque do laranjal,-22.74503708,-43.50807571,brasil_aberto_first_street,True
RJ,3303500,Nova Iguaçu,Parque Flora,parque flora,-22.71595573,-43.45495605,brasil_aberto_first_street,True
RJ,3303500,Nova Iguaçu,Parque Horizonte,parque horizonte,-22.7493515,-43.45560074,brasil_aberto_first_street,True
RJ,3303500,Nova Iguaçu,Parque Maria da Fonte,parque maria da fonte,-22.68378067,-43.4431076,brasil_aberto_first_street,True
RJ,3303500,Nova Iguaçu,Parque Princesa Isabel,parque princesa isabel,-22.69271088,-43.44988632,brasil_aberto_first_street,True
RJ,3303500,Nova Iguaçu,Parque Renascença,parque renascenca,-22.90228844,-43.28134537,brasil_aberto_first_street,True
RJ,3303500,Nova Iguaçu,Parque Residencial Gisela,parque residencial gisela,-22.72924805,-43.47292328,brasil_aberto_first_street,True
RJ,3303500,Nova Iguaçu,Parque Residencial Guadalajara,parque residencial guadalajara,-22.75135422,-43.46532059,brasil_aberto_first_street,True
RJ,3303500,Nova Iguaçu,Parque Rodilar,parque rodilar,-22.7620611,-43.4939657,brasil_aberto_first_street,True
RJ,3303500,Nova Iguaçu,Parque Rosa do Sertão,parque rosa do sertao,-22.6846631,-43.4692209,brasil_aberto_first_street,True
RJ,3303500,Nova Iguaçu,Parque Rosário,parque rosario,-22.76117134,-43.42037201,brasil_aberto_first_street,True
RJ,3303500,Nova Iguaçu,Parque São Carlos,parque sao carlos,-22.68922234,-43.45474625,brasil_aberto_first_street,True
RJ,3303500,Nova Iguaçu,Parque São Vicente de Paulo,parque sao vicente de paulo,-22.76774025,-43.51218414,brasil_aberto_first_street,True
RJ,3303500,Nova Iguaçu,Parque Saudade,parque saudade,-22.67651558,-43.44672775,brasil_aberto_first_street,True
RJ,3303500,Nova Iguaçu,Parque Ulisses,parque ulisses,-22.75678825,-43.45422363,brasil_aberto_first_street,True
RJ,3303500,Nova Iguaçu,Pau Rolou,pau rolou,40.90095901,-7.494699,brasil_aberto_first_street,True
RJ,3303500,Nova Iguaçu,Peixoto,peixoto,-22.76828957,-43.41350555,brasil_aberto_first_street,True
RJ,3303500,Nova Iguaçu,Pioneiro,pioneiro,-22.85860825,-43.477314,brasil_aberto_first_street,True
RJ,3303500,Nova Iguaçu,Ponto Chic,ponto chic,-22.799216,-43.019173,mapbox_geocoding,True
RJ,3303500,Nova Iguaçu,Posse,posse,-22.74790192,-43.45679855,brasil_aberto_first_street,True
RJ,3303500,Nova Iguaçu,Prados Verdes,prados verdes,-22.83310509,-43.61439896,brasil_aberto_first_street,True
RJ,3303500,Nova Iguaçu,Prata,prata,-22.76324081,-43.4159317,brasil_aberto_first_street,True
RJ,3303500,Nova Iguaçu,Primavera,primavera,-22.65225792,-43.59871674,brasil_aberto_first_street,True
RJ,3303500,Nova Iguaçu,Quartéis,quarteis,-22.74638557,-43.49494171,brasil_aberto_first_street,True
RJ,3303500,Nova Iguaçu,Quinta da Piedade,quinta da piedade,-22.759464,-43.44950499999999,brasil_aberto_first_street,True
RJ,3303500,Nova Iguaçu,Rancho Alegre,rancho alegre,-22.75219727,-43.48507309,brasil_aberto_first_street,True
RJ,3303500,Nova Iguaçu,Rancho Fundo,rancho fundo,-22.695763,-43.456463,mapbox_geocoding,True
RJ,3303500,Nova Iguaçu,Rancho Novo,rancho novo,-22.74414253,-43.4461937,brasil_aberto_first_street,True
RJ,3303500,Nova Iguaçu,Recanto Santo Antônio,recanto santo antonio,-22.69299126,-43.45799637,brasil_aberto_first_street,True
RJ,3303500,Nova Iguaçu,Recreio Paco da Marambaia,recreio paco da marambaia,-22.6568203,-43.41725159,brasil_aberto_first_street,True
RJ,3303500,Nova Iguaçu,Riachão,riachao,-22.74621582,-43.52130127,brasil_aberto_first_street,True
RJ,3303500,Nova Iguaçu,Rio D'ouro,rio d ouro,-22.68158722,-43.54251862,brasil_aberto_first_street,True
RJ,3303500,Nova Iguaçu,Rodilândia,rodilandia,-22.73734665,-43.50832748,brasil_aberto_first_street,True
RJ,3303500,Nova Iguaçu,Rosa dos Ventos,rosa dos ventos,-22.75182152,-43.5122261,brasil_aberto_first_street,True
RJ,3303500,Nova Iguaçu,Sacopa,sacopa,-22.7042001,-43.4495266,brasil_aberto_first_street,True
RJ,3303500,Nova Iguaçu,Santa Catarina,santa catarina,-22.7467236,-43.4471238,brasil_aberto_first_street,True
RJ,3303500,Nova Iguaçu,Santa Cecília,santa cecilia,,,brasil_aberto,True
RJ,3303500,Nova Iguaçu,Santa Eufenia,santa eufenia,-22.7508297,-43.46031952,brasil_aberto_first_street,True
RJ,3303500,Nova Iguaçu,Santa Eugênia,santa eugenia,-22.74716759,-43.47095871,brasil_aberto_first_street,True
RJ,3303500,Nova Iguaçu,Santa Isabel,santa isabel,-22.72501183,-43.45612717,brasil_aberto_first_street,True
RJ,3303500,Nova Iguaçu,Santa Lúcia,santa lucia,-22.7433793,-43.4940506,brasil_aberto_first_street,True
RJ,3303500,Nova Iguaçu,Santa Rita,santa rita,-22.69242477,-43.46493149,brasil_aberto_first_street,True
RJ,3303500,Nova Iguaçu,Santos Neves,santos neves,-22.74382019,-43.50112152,brasil_aberto_first_street,True
RJ,3303500,Nova Iguaçu,São Benedito,sao benedito,-22.7298336,-43.45989609,brasil_aberto_first_street,True
RJ,3303500,Nova Iguaçu,São Francisco Xavier,sao francisco xavier,-22.74791908,-43.4907608,brasil_aberto_first_street,True
RJ,3303500,Nova Iguaçu,São Gabriel,sao gabriel,-22.72129822,-43.43887329,brasil_aberto_first_street,True
RJ,3303500,Nova Iguaçu,São Geraldo,sao geraldo,-22.73962975,-43.51131439,brasil_aberto_first_street,True
RJ,3303500,Nova Iguaçu,São Jorge,sao jorge,-22.74661064,-43.50440598,brasil_aberto_first_street,True
RJ,3303500,Nova Iguaçu,São José,sao jose,-22.77105713,-43.41890335,brasil_aberto_first_street,True
RJ,3303500,Nova Iguaçu,São Luiz Gonzaga,sao luiz gonzaga,-28.404459,-54.94694901,brasil_aberto_first_street,True
RJ,3303500,Nova Iguaçu,Sitio Novo Oriente,sitio novo oriente,-22.7325573,-43.46801376,brasil_aberto_first_street,True
RJ,3303500,Nova Iguaçu,Tinguá,tingua,-22.82486916,-43.34240341,brasil_aberto_first_street,True
RJ,3303500,Nova Iguaçu,Tinguazinho,tinguazinho,-22.72537422,-43.49687576,brasil_aberto_first_street,True
RJ,3303500,Nova Iguaçu,Tiradentes,tiradentes,-22.7324601,-43.4517323,brasil_aberto_first_street,True
RJ,3303500,Nova Iguaçu,Três Corações,tres coracoes,-22.71907806,-43.45786285,brasil_aberto_first_street,True
RJ,3303500,Nova Iguaçu,Triangulo,triangulo,-22.6878643,-43.45162201,brasil_aberto_first_street,True
RJ,3303500,Nova Iguaçu,Valverde,valverde,-22.78210449,-43.53912735,brasil_aberto_first_street,True
RJ,3303500,Nova Iguaçu,Viga,viga,-22.73899078,-43.43524551,brasil_aberto_first_street,True
RJ,3303500,Nova Iguaçu,Vila Abolição,vila abolicao,-22.73147392,-43.45879745,brasil_aberto_first_street,True
RJ,3303500,Nova Iguaçu,Vila Anita,vila anita,-22.72583961,-43.47804642,brasil_aberto_first_street,True
RJ,3303500,Nova Iguaçu,Vila Avelina,vila avelina,-22.75745964,-43.48263931,brasil_aberto_first_street,True
RJ,3303500,Nova Iguaçu,Vila Bandeirantes,vila bandeirantes,-22.75100327,-43.47243881,brasil_aberto_first_street,True
RJ,3303500,Nova Iguaçu,Vila Bom Jardim,vila bom jardim,-22.69241142,-43.43336105,brasil_aberto_first_street,True
RJ,3303500,Nova Iguaçu,Vila Borgerth,vila borgerth,-22.72454262,-43.44898605,brasil_aberto_first_street,True
RJ,3303500,Nova Iguaçu,Vila Borges,vila borges,-22.74621201,-43.49029541,brasil_aberto_first_street,True
RJ,3303500,Nova Iguaçu,Vila Brasília,vila brasilia,-22.97553825,-43.22546768,brasil_aberto_first_street,True
RJ,3303500,Nova Iguaçu,Vila Carlota,vila carlota,-22.6708077,-43.4542464,brasil_aberto_first_street,True
RJ,3303500,Nova Iguaçu,Vila Catia,vila catia,-22.75990868,-43.42089844,brasil_aberto_first_street,True
RJ,3303500,Nova Iguaçu,Vila Catulina,vila catulina,-22.76787949,-43.44739151,brasil_aberto_first_street,True
RJ,3303500,Nova Iguaçu,Vila Cosme e Damião,vila cosme e damiao,-22.87864113,-43.32893372,brasil_aberto_first_street,True
RJ,3303500,Nova Iguaçu,Vila Crista,vila crista,-22.6895322,-43.4577782,brasil_aberto_first_street,True
RJ,3303500,Nova Iguaçu,Vila de Cava,vila de cava,-22.65929222,-43.46022415,brasil_aberto_first_street,True
RJ,3303500,Nova Iguaçu,Vila do Tinguá,vila do tingua,-22.59295273,-43.4171524,brasil_aberto_first_street,True
RJ,3303500,Nova Iguaçu,Vila Esperança,vila esperanca,-22.73434639,-43.45333862,brasil_aberto_first_street,True
RJ,3303500,Nova Iguaçu,Vila Fátima,vila fatima,-22.76941681,-43.44617462,brasil_aberto_first_street,True
RJ,3303500,Nova Iguaçu,Vila Fluminense,vila fluminense,-22.694466,-43.433374,mapbox_geocoding,True
RJ,3303500,Nova Iguaçu,Vila Formosa,vila formosa,-22.70058441,-43.45537949,brasil_aberto_first_street,True
RJ,3303500,Nova Iguaçu,Vila Gaúcha,vila gaucha,-22.69588089,-43.4221611,brasil_aberto_first_street,True
RJ,3303500,Nova Iguaçu,Vila Guarita,vila guarita,-22.85383415,-43.3094368,brasil_aberto_first_street,True
RJ,3303500,Nova Iguaçu,Vila Guimarães,vila guimaraes,-22.71773148,-43.53178024,brasil_aberto_first_street,True
RJ,3303500,Nova Iguaçu,Vila Iguaçuana,vila iguacuana,-22.68256569,-43.46304703,brasil_aberto_first_street,True
RJ,3303500,Nova Iguaçu,Vila Iracema,vila iracema,-22.74527168,-43.43139267,brasil_aberto_first_street,True
RJ,3303500,Nova Iguaçu,Vila Itaci,vila itaci,-22.75300789,-43.45650864,brasil_aberto_first_street,True
RJ,3303500,Nova Iguaçu,Vila José,vila jose,-22.74512863,-43.42970657,brasil_aberto_first_street,True
RJ,3303500,Nova Iguaçu,Vila Maia,vila maia,-22.70213699,-43.43309021,brasil_aberto_first_street,True
RJ,3303500,Nova Iguaçu,Vila Maranhão,vila maranhao,-22.74207306,-43.45307541,brasil_aberto_first_street,True
RJ,3303500,Nova Iguaçu,Vila Marilia,vila marilia,-22.71601868,-43.45040131,brasil_aberto_first_street,True
RJ,3303500,Nova Iguaçu,Vila Marines,vila marines,-22.72529221,-43.47502136,brasil_aberto_first_street,True
RJ,3303500,Nova Iguaçu,Vila Marpiza,vila marpiza,-22.75390244,-43.48776245,brasil_aberto_first_street,True
RJ,3303500,Nova Iguaçu,Vila Martins,vila martins,-22.7730217,-43.51066971,brasil_aberto_first_street,True
RJ,3303500,Nova Iguaçu,Vila Matilde,vila matilde,-22.6684494,-43.45153809,brasil_aberto_first_street,True
RJ,3303500,Nova Iguaçu,Vila Morro Agudo,vila morro agudo,-22.72760773,-43.47826767,brasil_aberto_first_street,True
RJ,3303500,Nova Iguaçu,Vila Nossa Senhora da Conceição,vila nossa senhora da conceicao,-22.69035721,-43.46990204,brasil_aberto_first_street,True
RJ,3303500,Nova Iguaçu,Vila Nova,vila nova,-22.76910019,-43.41619492,brasil_aberto_first_street,True
RJ,3303500,Nova Iguaçu,Vila Nova do Couto,vila nova do couto,-22.68237114,-43.42611694,brasil_aberto_first_street,True
RJ,3303500,Nova Iguaçu,Vila Olorum,vila olorum,-22.74253273,-43.4275856,brasil_aberto_first_street,True
RJ,3303500,Nova Iguaçu,Vila Omega,vila omega,-22.66863632,-43.44890594,brasil_aberto_first_street,True
RJ,3303500,Nova Iguaçu,Vila Operária,vila operaria,-22.7366045,-43.4325876,brasil_aberto_first_street,True
RJ,3303500,Nova Iguaçu,Vila Pacheco da Rocha,vila pacheco da rocha,-22.71563721,-43.44970703,brasil_aberto_first_street,True
RJ,3303500,Nova Iguaçu,Vila Palmeiras,vila palmeiras,-22.74141884,-43.47350311,brasil_aberto_first_street,True
RJ,3303500,Nova Iguaçu,Vila Paulista,vila paulista,-22.72130203,-43.4529686,brasil_aberto_first_street,True
RJ,3303500,Nova Iguaçu,Vila Pedro I,vila pedro i,-22.73627281,-43.47460175,brasil_aberto_first_street,True
RJ,3303500,Nova Iguaçu,Vila Posse,vila posse,-22.72976303,-43.43866348,brasil_aberto_first_street,True
RJ,3303500,Nova Iguaçu,Vila Sacra Família,vila sacra familia,-22.51089287,-44.09571838,brasil_aberto_first_street,True
RJ,3303500,Nova Iguaçu,Vila Santa Teresinha de Jesus,vila santa teresinha de jesus,-22.73443794,-43.43226624,brasil_aberto_first_street,True
RJ,3303500,Nova Iguaçu,Vila Santo Antônio,vila santo antonio,-22.76229286,-43.41905975,brasil_aberto_first_street,True
RJ,3303500,Nova Iguaçu,Vila Santos Neto,vila santos neto,-22.75662613,-43.41575241,brasil_aberto_first_street,True
RJ,3303500,Nova Iguaçu,Vila São Domingos,vila sao domingos,-22.7618885,-43.50867844,brasil_aberto_first_street,True
RJ,3303500,Nova Iguaçu,Vila São Jorge,vila sao jorge,-22.7584095,-43.47111893,brasil_aberto_first_street,True
RJ,3303500,Nova Iguaçu,Vila São Luis,vila sao luis,-22.1384697,-43.17093277,brasil_aberto_first_street,True
RJ,3303500,Nova Iguaçu,Vila São Teodoro,vila sao teodoro,-22.7168375,-43.4319228,brasil_aberto_first_street,True
RJ,3303500,Nova Iguaçu,Vila Sueli,vila sueli,-22.75232124,-43.41892242,brasil_aberto_first_street,True
RJ,3303500,Nova Iguaçu,Vila Três Corações,vila tres coracoes,-22.7413044,-43.3270607,brasil_aberto_first_street,True
RJ,3303500,Nova Iguaçu,Vila Treze de Maio,vila treze de maio,-22.73434067,-43.46072769,brasil_aberto_first_street,True
RJ,3303500,Nova Iguaçu,Vila Zulmira,vila zulmira,-22.75146484,-43.48635483,brasil_aberto_first_street,True
RJ,3303500,Nova Iguaçu,Vista Alegre,vista alegre,-22.7543087,-43.48564911,brasil_aberto_first_street,True
RJ,3303609,Paracambi,Amapá,amapa,-22.555177,-43.683784,mapbox_geocoding,True
RJ,3303609,Paracambi,Barreira,barreira,-22.609974,-43.710403,mapbox_geocoding,True
RJ,3303609,Paracambi,BNH de Baixo,bnh de baixo,-22.601526,-43.695001,mapbox_geocoding,True
RJ,3303609,Paracambi,BNH de Cima,bnh de cima,-22.598114,-43.69168,mapbox_geocoding,True
RJ,3303609,Paracambi,Boa Vista,boa vista,-22.643614,-43.66032,mapbox_geocoding,True
RJ,3303609,Paracambi,Bom Jardim,bom jardim,-22.640062,-43.694954,mapbox_geocoding,True
RJ,3303609,Paracambi,Boqueirão,boqueirao,-22.825239,-43.34578,mapbox_geocoding,True
RJ,3303609,Paracambi,Cabral,cabral,-22.628848,-43.708408,mapbox_geocoding,True
RJ,3303609,Paracambi,Capinheira,capinheira,-22.555177,-43.683784,mapbox_geocoding,True
RJ,3303609,Paracambi,Cascata,cascata,-22.593554,-43.710567,mapbox_geocoding,True
RJ,3303609,Paracambi,Centro,centro,-22.60679,-43.708936,mapbox_geocoding,True
RJ,3303609,Paracambi,Copê,cope,-22.620778,-43.710536,mapbox_geocoding,True
RJ,3303609,Paracambi,Coroado,coroado,-22.625429,-43.70672,mapbox_geocoding,True
RJ,3303609,Paracambi,Costa Verde,costa verde,-22.59633,-43.690053,mapbox_geocoding,True
RJ,3303609,Paracambi,Distrito Industrial do Cabral,distrito industrial do cabral,-22.555177,-43.683784,mapbox_geocoding,True
RJ,3303609,Paracambi,Fábrica,fabrica,-22.609974,-43.710403,mapbox_geocoding,True
RJ,3303609,Paracambi,Fazenda do Sabugo,fazenda do sabugo,-22.609974,-43.710403,mapbox_geocoding,True
RJ,3303609,Paracambi,Fazenda Retiro,fazenda retiro,-22.555177,-43.683784,mapbox_geocoding,True
RJ,3303609,Paracambi,Floresta,floresta,-22.616016,-43.720187,mapbox_geocoding,True
RJ,3303609,Paracambi,Guarajuba,guarajuba,-21.813571,-41.394357,mapbox_geocoding,True
RJ,3303609,Paracambi,Gurgel,gurgel,-22.609531,-43.691346,mapbox_geocoding,True
RJ,3303609,Paracambi,Jardim Nova Era,jardim nova era,-22.597678,-43.689272,mapbox_geocoding,True
RJ,3303609,Paracambi,Lages,lages,-22.484066,-44.048196,mapbox_geocoding,True
RJ,3303609,Paracambi,Lago Azul,lago azul,-22.633114,-43.712163,mapbox_geocoding,True
RJ,3303609,Paracambi,Mário Belo,mario belo,-22.599025,-43.662534,mapbox_geocoding,True
RJ,3303609,Paracambi,Mutirão,mutirao,-22.6224,-43.69604,mapbox_geocoding,True
RJ,3303609,Paracambi,Pacheco,pacheco,-12.93804,-43.795132,mapbox_geocoding,True
RJ,3303609,Paracambi,Ponte Coberta,ponte coberta,-22.750182,-41.880776,mapbox_geocoding,True
RJ,3303609,Paracambi,Quilombo,quilombo,-22.611383,-43.714375,mapbox_geocoding,True
RJ,3303609,Paracambi,Raia,raia,-22.604189,-43.703435,mapbox_geocoding,True
RJ,3303609,Paracambi,Ramalho,ramalho,-22.558584,-43.683857,mapbox_geocoding,True
RJ,3303609,Paracambi,São José,sao jose,-22.591957,-43.734923,mapbox_geocoding,True
RJ,3303609,Paracambi,São Lourenço,sao lourenco,-22.555177,-43.683784,mapbox_geocoding,True
RJ,3303609,Paracambi,Saudoso,saudoso,-22.616016,-43.720187,mapbox_geocoding,True
RJ,3303609,Paracambi,Vale da Conquista,vale da conquista,-22.555177,-43.683784,mapbox_geocoding,True
RJ,3303609,Paracambi,Vila Nova do Sabugo,vila nova do sabugo,-22.611289,-43.716173,mapbox_geocoding,True
RJ,3303708,Paraíba do Sul,Centro,centro,-22.211483,-43.317352,mapbox_geocoding,True
RJ,3303708,Paraíba do Sul,Inconfidência,inconfidencia,,,brasil_aberto,True
RJ,3303708,Paraíba do Sul,Salutaris,salutaris,,,dne,True
RJ,3303708,Paraíba do Sul,Sardoal,sardoal,-22.322326,-43.265399,mapbox_geocoding,True
RJ,3303708,Paraíba do Sul,Sebollas,sebollas,-22.252215,-43.190365,mapbox_geocoding,True
RJ,3303708,Paraíba do Sul,Werneck,werneck,-22.220994,-43.315526,mapbox_geocoding,True
RJ,3303807,Paraty,Centro Histórico (Paraty),centro historico paraty,-23.2185173,-44.71509933,brasil_aberto_first_street,True
RJ,3303807,Paraty,Parati Mirim,parati mirim,,,dne,True
RJ,3303807,Paraty,Tarituba,tarituba,,,dne,True
RJ,3303856,Paty do Alferes,Avelar,avelar,-22.32132721,-43.40364456,brasil_aberto_first_street,True
RJ,3303856,Paty do Alferes,Centro,centro,-22.42506981,-43.421978,brasil_aberto_first_street,True
RJ,3303856,Paty do Alferes,Coqueiros,coqueiros,-22.4192862,-43.4209277,brasil_aberto_first_street,True
RJ,3303906,Petrópolis,Alto da Serra,alto da serra,-22.52773666,-43.17659378,brasil_aberto_first_street,True
RJ,3303906,Petrópolis,Araras,araras,-22.5120883,-43.17950829999999,brasil_aberto_first_street,True
RJ,3303906,Petrópolis,Área Rural de Petrópolis,area rural de petropolis,-22.5120883,-43.17950829999999,brasil_aberto_first_street,True
RJ,3303906,Petrópolis,Bingen,bingen,-22.51705551,-43.22543716,brasil_aberto_first_street,True
RJ,3303906,Petrópolis,Bonsucesso,bonsucesso,-22.4193921,-43.1407836,brasil_aberto_first_street,True
RJ,3303906,Petrópolis,Carangola,carangola,-22.476237,-43.173606,mapbox_geocoding,True
RJ,3303906,Petrópolis,Cascatinha,cascatinha,-22.47522926,-43.15241623,brasil_aberto_first_street,True
RJ,3303906,Petrópolis,Castelanea,castelanea,-22.51568413,-43.17658997,brasil_aberto_first_street,True
RJ,3303906,Petrópolis,Castrioto,castrioto,-22.51005,-43.175694,mapbox_geocoding,True
RJ,3303906,Petrópolis,Caxambu,caxambu,-22.511181,-43.1529163,brasil_aberto_first_street,True
RJ,3303906,Petrópolis,Centro,centro,-22.4986649,-43.1804918,brasil_aberto_first_street,True
RJ,3303906,Petrópolis,Chácara Flora,chacara flora,-22.53344154,-43.17747116,brasil_aberto_first_street,True
RJ,3303906,Petrópolis,Coronel Veiga,coronel veiga,-22.5108522,-43.1767634,brasil_aberto_first_street,True
RJ,3303906,Petrópolis,Corrêas,correas,-22.43788528,-43.14372635,brasil_aberto_first_street,True
RJ,3303906,Petrópolis,Cuiabá,cuiaba,-22.3426669,-43.0464089,brasil_aberto_first_street,True
RJ,3303906,Petrópolis,Duarte Silveira,duarte silveira,-22.96166611,-43.25666809,brasil_aberto_first_street,True
RJ,3303906,Petrópolis,Duchas,duchas,-22.50055885,-43.18421936,brasil_aberto_first_street,True
RJ,3303906,Petrópolis,Duques,duques,-22.51005,-43.175694,mapbox_geocoding,True
RJ,3303906,Petrópolis,Estrada da Saudade,estrada da saudade,-22.4893837,-43.16107178,brasil_aberto_first_street,True
RJ,3303906,Petrópolis,Fazenda Inglesa,fazenda inglesa,-22.4173198,-43.1689314,brasil_aberto_first_street,True
RJ,3303906,Petrópolis,Floresta,floresta,-22.64064026,-43.75678635,brasil_aberto_first_street,True
RJ,3303906,Petrópolis,Gloria,gloria,-23.186169,-44.340633,mapbox_geocoding,True
RJ,3303906,Petrópolis,Independência,independencia,-22.5109267,-43.2255461,brasil_aberto_first_street,True
RJ,3303906,Petrópolis,Itaipava,itaipava,-22.38243675,-43.11293793,brasil_aberto_first_street,True
RJ,3303906,Petrópolis,Itamarati,itamarati,-22.4979099,-43.1470388,brasil_aberto_first_street,True
RJ,3303906,Petrópolis,Morin,morin,-22.52308273,-43.16296387,brasil_aberto_first_street,True
RJ,3303906,Petrópolis,Mosela,mosela,-22.726091,-43.405437,mapbox_geocoding,True
RJ,3303906,Petrópolis,Nogueira,nogueira,-22.41666603,-43.12466049,brasil_aberto_first_street,True
RJ,3303906,Petrópolis,Pedro do Rio,pedro do rio,-22.3353672,-43.17506027,brasil_aberto_first_street,True
RJ,3303906,Petrópolis,Posse,posse,-22.25400925,-43.06742859,brasil_aberto_first_street,True
RJ,3303906,Petrópolis,Provisória,provisoria,-22.4968484,-43.1565502,brasil_aberto_first_street,True
RJ,3303906,Petrópolis,Quarteirão Brasileiro,quarteirao brasileiro,-22.538113,-43.169638,mapbox_geocoding,True
RJ,3303906,Petrópolis,Quarteirão Ingelheim,quarteirao ingelheim,-22.50597382,-43.19398499,brasil_aberto_first_street,True
RJ,3303906,Petrópolis,Quissama,quissama,-22.4845034,-43.1492699,brasil_aberto_first_street,True
RJ,3303906,Petrópolis,Quitandinha,quitandinha,-22.4193921,-43.1407836,brasil_aberto_first_street,True
RJ,3303906,Petrópolis,Retiro,retiro,-22.86706,-43.093666,mapbox_geocoding,True
RJ,3303906,Petrópolis,Roseiral,roseiral,-22.4680361,-43.1494987,brasil_aberto_first_street,True
RJ,3303906,Petrópolis,Saldanha Marinho,saldanha marinho,-22.5197807,-43.1867436,brasil_aberto_first_street,True
RJ,3303906,Petrópolis,Samambaia,samambaia,-22.470414,-43.148064,mapbox_geocoding,True
RJ,3303906,Petrópolis,São Sebastião,sao sebastiao,-22.66884995,-43.29278564,brasil_aberto_first_street,True
RJ,3303906,Petrópolis,Simeria,simeria,-22.51005,-43.175694,mapbox_geocoding,True
RJ,3303906,Petrópolis,Vale do Carangola,vale do carangola,-23.54440689,-46.62735367,brasil_aberto_first_street,True
RJ,3303906,Petrópolis,Valparaíso,valparaiso,-22.52031708,-43.19495392,brasil_aberto_first_street,True
RJ,3303906,Petrópolis,Vila Militar,vila militar,-22.50819778,-43.16838455,brasil_aberto_first_street,True
RJ,3303955,Pinheiral,Área Rural de Pinheiral,area rural de pinheiral,-22.514952,-44.00022,mapbox_geocoding,True
RJ,3303955,Pinheiral,Centro,centro,-22.519202,-44.001056,mapbox_geocoding,True
RJ,3303955,Pinheiral,Chalet,chalet,-22.967518,-42.029997,mapbox_geocoding,True
RJ,3303955,Pinheiral,Colina,colina,-22.521119,-43.999438,mapbox_geocoding,True
RJ,3303955,Pinheiral,Cruzeiro I,cruzeiro i,-22.517843,-44.005754,mapbox_geocoding,True
RJ,3303955,Pinheiral,Cruzeiro II,cruzeiro ii,-22.519236,-44.005958,mapbox_geocoding,True
RJ,3303955,Pinheiral,Ipê,ipe,-22.521359,-44.004304,mapbox_geocoding,True
RJ,3303955,Pinheiral,Jardim Bela Vista,jardim bela vista,-22.510137,-44.017484,mapbox_geocoding,True
RJ,3303955,Pinheiral,Jardim dos Pinhais,jardim dos pinhais,-22.509422,-44.009152,mapbox_geocoding,True
RJ,3303955,Pinheiral,Jardim Palmeiras,jardim palmeiras,-22.52032,-44.010697,mapbox_geocoding,True
RJ,3303955,Pinheiral,Km 2,km 2,-22.538867,-44.001583,mapbox_geocoding,True
RJ,3303955,Pinheiral,Km 5,km 5,-22.552302,-43.999798,mapbox_geocoding,True
RJ,3303955,Pinheiral,Km 7,km 7,-22.56809,-44.01558,mapbox_geocoding,True
RJ,3303955,Pinheiral,Km 9,km 9,-22.56809,-44.01558,mapbox_geocoding,True
RJ,3303955,Pinheiral,Olaria do Meio,olaria do meio,-22.521674,-43.953947,mapbox_geocoding,True
RJ,3303955,Pinheiral,Oriente,oriente,-22.5224,-44.002913,mapbox_geocoding,True
RJ,3303955,Pinheiral,Palmeiras,palmeiras,-22.514592,-44.003684,mapbox_geocoding,True
RJ,3303955,Pinheiral,Paraíso,paraiso,-22.521476,-43.998206,mapbox_geocoding,True
RJ,3303955,Pinheiral,Parque Industrial,parque industrial,-22.520766,-44.01067,mapbox_geocoding,True
RJ,3303955,Pinheiral,Parque Maíra,parque maira,-22.487831,-44.024944,mapbox_geocoding,True
RJ,3303955,Pinheiral,Planalto do Sol,planalto do sol,-22.51191,-44.002638,mapbox_geocoding,True
RJ,3303955,Pinheiral,Pôr do Sol,por do sol,-22.51191,-44.002638,mapbox_geocoding,True
RJ,3303955,Pinheiral,Posto Zootécnico,posto zootecnico,-22.521674,-43.953947,mapbox_geocoding,True
RJ,3303955,Pinheiral,Rolamão,rolamao,-22.50948,-44.005341,mapbox_geocoding,True
RJ,3303955,Pinheiral,São Jorge,sao jorge,-22.51191,-44.002638,mapbox_geocoding,True
RJ,3303955,Pinheiral,Serrinha,serrinha,-22.906996,-42.741959,mapbox_geocoding,True
RJ,3303955,Pinheiral,Três Poços,tres pocos,-22.51191,-44.002638,mapbox_geocoding,True
RJ,3303955,Pinheiral,Vale do Cruzeiro,vale do cruzeiro,-22.516797,-44.003426,mapbox_geocoding,True
RJ,3303955,Pinheiral,Vale do Sol,vale do sol,-22.505428,-44.011812,mapbox_geocoding,True
RJ,3303955,Pinheiral,Vale dos Pinheiros,vale dos pinheiros,-22.525327,-44.002007,mapbox_geocoding,True
RJ,3303955,Pinheiral,Vale Verde,vale verde,-22.521674,-43.953947,mapbox_geocoding,True
RJ,3303955,Pinheiral,Varjão,varjao,-22.504681,-44.004682,mapbox_geocoding,True
RJ,3304003,Piraí,Arrozal,arrozal,-22.59856606,-44.03679276,brasil_aberto_first_street,True
RJ,3304003,Piraí,Centro,centro,-22.927191,-42.315062,mapbox_geocoding,True
RJ,3304003,Piraí,Monumento,monumento,-22.886095,-43.254992,mapbox_geocoding,True
RJ,3304003,Piraí,Ribeirão das Lajes,ribeirao das lajes,-22.682045,-43.872846,mapbox_geocoding,True
RJ,3304003,Piraí,Rosa Machado,rosa machado,-22.559474,-43.817196,mapbox_geocoding,True
RJ,3304003,Piraí,Santanésia,santanesia,,,dne,True
RJ,3304102,Porciúncula,Barra de São Jorge,barra de sao jorge,-20.983288,-42.038041,mapbox_geocoding,True
RJ,3304102,Porciúncula,Bela Vista,bela vista,-20.965214,-42.040021,mapbox_geocoding,True
RJ,3304102,Porciúncula,Boa Vista,boa vista,-20.97021,-42.042893,mapbox_geocoding,True
RJ,3304102,Porciúncula,Bom Jardim (Santa Clara),bom jardim santa clara,-20.822501,-41.91094,mapbox_geocoding,True
RJ,3304102,Porciúncula,Caeté,caete,-20.960137,-42.040283,mapbox_geocoding,True
RJ,3304102,Porciúncula,Centro,centro,-20.962803,-42.041443,mapbox_geocoding,True
RJ,3304102,Porciúncula,Centro (Purilândia),centro purilandia,-20.963679,-42.039296,mapbox_geocoding,True
RJ,3304102,Porciúncula,Centro (Santa Clara),centro santa clara,-20.821835,-41.908692,mapbox_geocoding,True
RJ,3304102,Porciúncula,Cristo Rei,cristo rei,-20.964823,-42.045793,mapbox_geocoding,True
RJ,3304102,Porciúncula,Ilha,ilha,-20.969219,-42.039642,mapbox_geocoding,True
RJ,3304102,Porciúncula,João Clóvis Breijão,joao clovis breijao,-20.961652,-42.036933,mapbox_geocoding,True
RJ,3304102,Porciúncula,João Francisco Bráz,joao francisco braz,-20.962994,-42.040161,mapbox_geocoding,True
RJ,3304102,Porciúncula,João Pimentel,joao pimentel,-20.963679,-42.039296,mapbox_geocoding,True
RJ,3304102,Porciúncula,Nossa Senhora da Penha,nossa senhora da penha,-22.727731,-41.99289,mapbox_geocoding,True
RJ,3304102,Porciúncula,Nova Caeté,nova caete,-20.955356,-42.036777,mapbox_geocoding,True
RJ,3304102,Porciúncula,Octávio de Avellar,octavio de avellar,-20.970513,-42.049501,mapbox_geocoding,True
RJ,3304102,Porciúncula,Olívia Peres Moreira,olivia peres moreira,-20.972335,-42.042261,mapbox_geocoding,True
RJ,3304102,Porciúncula,Purilândia,purilandia,,,dne,True
RJ,3304102,Porciúncula,Santa Clara,santa clara,,,dne,True
RJ,3304102,Porciúncula,Santo Antônio,santo antonio,-20.970513,-42.049501,mapbox_geocoding,True
RJ,3304102,Porciúncula,São João Batista,sao joao batista,-20.96361,-42.04346,mapbox_geocoding,True
RJ,3304102,Porciúncula,São Judas Tadeu (Santa Clara),sao judas tadeu santa clara,-20.818353,-41.908809,mapbox_geocoding,True
RJ,3304102,Porciúncula,Vale do Sol,vale do sol,-20.971792,-42.047102,mapbox_geocoding,True
RJ,3304102,Porciúncula,Vale Verde,vale verde,-20.958647,-42.032072,mapbox_geocoding,True
RJ,3304110,Porto Real,Bulhões,bulhoes,,,brasil_aberto,True
RJ,3304110,Porto Real,Centro,centro,-22.41936493,-44.30255508,brasil_aberto_first_street,True
RJ,3304110,Porto Real,Santo Antônio,santo antonio,-22.458192,-44.337267,mapbox_geocoding,True
RJ,3304128,Quatis,Alto Paraíso,alto paraiso,-22.30267334,-44.18878174,brasil_aberto_first_street,True
RJ,3304128,Quatis,Área Rural de Quatis,area rural de quatis,-22.40443039,-44.26760101,brasil_aberto_first_street,True
RJ,3304128,Quatis,Barrinha,barrinha,-22.4155441,-44.274231,brasil_aberto_first_street,True
RJ,3304128,Quatis,Bela Vista,bela vista,,,brasil_aberto,True
RJ,3304128,Quatis,Boa Vista,boa vista,-22.40269,-44.253133,mapbox_geocoding,True
RJ,3304128,Quatis,Centro,centro,-22.4105585,-44.260196,brasil_aberto_first_street,True
RJ,3304128,Quatis,Falcão,falcao,-22.2937506,-44.2568187,brasil_aberto_first_street,True
RJ,3304128,Quatis,Jardim Independência,jardim independencia,-22.40732956,-44.25476456,brasil_aberto_first_street,True
RJ,3304128,Quatis,Jardim Polastri,jardim polastri,-22.411965,-44.2683889,brasil_aberto_first_street,True
RJ,3304128,Quatis,Loteamento Bela Vista,loteamento bela vista,-22.617184,-43.158108,mapbox_geocoding,True
RJ,3304128,Quatis,Loteamento Bondarovshy,loteamento bondarovshy,-22.4136657,-44.2590291,brasil_aberto_first_street,True
RJ,3304128,Quatis,Loteamento São José,loteamento sao jose,-22.469077,-44.279438,mapbox_geocoding,True
RJ,3304128,Quatis,Loteamento Terras Nobres,loteamento terras nobres,-20.965028,-42.044854,mapbox_geocoding,True
RJ,3304128,Quatis,Mirandópolis,mirandopolis,-22.41309738,-44.27116013,brasil_aberto_first_street,True
RJ,3304128,Quatis,Nossa Senhora do Rosário,nossa senhora do rosario,-22.40395355,-44.25632095,brasil_aberto_first_street,True
RJ,3304128,Quatis,Pilotos,pilotos,-22.4103898,-44.26440969999999,brasil_aberto_first_street,True
RJ,3304128,Quatis,Quatis,quatis,-22.40863609,-44.27093124,brasil_aberto_first_street,True
RJ,3304128,Quatis,Ribeirão de São Joaquim,ribeirao de sao joaquim,-22.3032995,-44.1865019,brasil_aberto_first_street,True
RJ,3304128,Quatis,Santa Bárbara,santa barbara,-7.20419,-39.276567,mapbox_geocoding,True
RJ,3304128,Quatis,São Benedito,sao benedito,-22.40547752,-44.25894547,brasil_aberto_first_street,True
RJ,3304128,Quatis,São Francisco de Assis,sao francisco de assis,-22.40446281,-44.25468063,brasil_aberto_first_street,True
RJ,3304128,Quatis,Vila Santo Antônio,vila santo antonio,-22.4068203,-44.25705719,brasil_aberto_first_street,True
RJ,3304144,Queimados,Aliança,alianca,-22.73383713,-43.55133438,brasil_aberto_first_street,True
RJ,3304144,Queimados,Área Rural de Queimados,area rural de queimados,-22.70320511,-43.57286072,brasil_aberto_first_street,True
RJ,3304144,Queimados,Austin,austin,-22.7183876,-43.53111267,brasil_aberto_first_street,True
RJ,3304144,Queimados,Belmonte,belmonte,-22.71210098,-43.56393814,brasil_aberto_first_street,True
RJ,3304144,Queimados,Boa Esperança,boa esperanca,-22.69966698,-43.59109116,brasil_aberto_first_street,True
RJ,3304144,Queimados,Campo Alegre,campo alegre,-22.74562454,-43.62718582,brasil_aberto_first_street,True
RJ,3304144,Queimados,Centro,centro,-22.71863365,-43.55476761,brasil_aberto_first_street,True
RJ,3304144,Queimados,Cidade Jardim Cabuçu,cidade jardim cabucu,-22.72361374,-43.58740997,brasil_aberto_first_street,True
RJ,3304144,Queimados,Coimbra,coimbra,-22.73810768,-43.56913376,brasil_aberto_first_street,True
RJ,3304144,Queimados,Distrito Industrial,distrito industrial,-22.747015,-43.612957,brasil_aberto_first_street,True
RJ,3304144,Queimados,Do Carmo,do carmo,-22.69888496,-43.5682869,brasil_aberto_first_street,True
RJ,3304144,Queimados,Esperança,esperanca,-22.73809624,-43.5149231,brasil_aberto_first_street,True
RJ,3304144,Queimados,Fanchem,fanchem,-22.70535469,-43.56745529,brasil_aberto_first_street,True
RJ,3304144,Queimados,Flesmam,flesmam,-22.71523857,-43.54378891,brasil_aberto_first_street,True
RJ,3304144,Queimados,Fluminense,fluminense,-22.7110979,-43.569125,brasil_aberto_first_street,True
RJ,3304144,Queimados,Granja Rosalina,granja rosalina,-22.71538162,-43.58679581,brasil_aberto_first_street,True
RJ,3304144,Queimados,Guandu,guandu,-22.72577095,-43.63415527,brasil_aberto_first_street,True
RJ,3304144,Queimados,Guarani,guarani,-22.72324371,-43.57260513,brasil_aberto_first_street,True
RJ,3304144,Queimados,Inconfidência,inconfidencia,-22.715487,-43.546694,mapbox_geocoding,True
RJ,3304144,Queimados,Jardim Alzira,jardim alzira,-22.71730042,-43.5725975,brasil_aberto_first_street,True
RJ,3304144,Queimados,Jardim Campo Alegre,jardim campo alegre,-22.71646118,-43.59436798,brasil_aberto_first_street,True
RJ,3304144,Queimados,Jardim Excelcior,jardim excelcior,,,brasil_aberto,True
RJ,3304144,Queimados,Jardim Guanabara,jardim guanabara,-22.91430092,-43.38721466,brasil_aberto_first_street,True
RJ,3304144,Queimados,Jardim Himalaia,jardim himalaia,-22.7110979,-43.569125,brasil_aberto_first_street,True
RJ,3304144,Queimados,Jardim Magnólia,jardim magnolia,-22.7282753,-43.56581497,brasil_aberto_first_street,True
RJ,3304144,Queimados,Jardim Passa Vinte,jardim passa vinte,-22.74236107,-43.56576538,brasil_aberto_first_street,True
RJ,3304144,Queimados,Jardim Queimados,jardim queimados,-22.71210098,-43.56393814,brasil_aberto_first_street,True
RJ,3304144,Queimados,Jardim São Silvestre,jardim sao silvestre,-22.72251129,-43.57011795,brasil_aberto_first_street,True
RJ,3304144,Queimados,Jardim Vista Alegre,jardim vista alegre,-22.7156129,-43.5856077,brasil_aberto_first_street,True
RJ,3304144,Queimados,Lili,lili,-22.74086761,-43.55987167,brasil_aberto_first_street,True
RJ,3304144,Queimados,Luiz de Camões,luiz de camoes,-22.97009468,-43.18321991,brasil_aberto_first_street,True
RJ,3304144,Queimados,Marajoara,marajoara,-22.72577095,-43.63415527,brasil_aberto_first_street,True
RJ,3304144,Queimados,Meu Ranchinho,meu ranchinho,-22.73126411,-43.56905365,brasil_aberto_first_street,True
RJ,3304144,Queimados,Nossa Senhora de Fátima,nossa senhora de fatima,-22.72475624,-43.57054138,brasil_aberto_first_street,True
RJ,3304144,Queimados,Paraíso,paraiso,-22.689328,-43.598864,mapbox_geocoding,True
RJ,3304144,Queimados,Parque Central,parque central,-22.7385069,-43.5845225,brasil_aberto_first_street,True
RJ,3304144,Queimados,Parque Coqueiros,parque coqueiros,-22.7370623,-43.5835181,brasil_aberto_first_street,True
RJ,3304144,Queimados,Parque Eldorado,parque eldorado,-22.72087097,-43.58382034,brasil_aberto_first_street,True
RJ,3304144,Queimados,Parque Farias,parque farias,-22.7185669,-43.5403006,brasil_aberto_first_street,True
RJ,3304144,Queimados,Parque Ipanema,parque ipanema,-22.71646118,-43.59436798,brasil_aberto_first_street,True
RJ,3304144,Queimados,Parque Luzitana,parque luzitana,-22.71915436,-43.57521439,brasil_aberto_first_street,True
RJ,3304144,Queimados,Parque Santa Eugenia,parque santa eugenia,-22.87926865,-43.45680618,brasil_aberto_first_street,True
RJ,3304144,Queimados,Parque Santiago,parque santiago,-8.80727196,-63.8856163,brasil_aberto_first_street,True
RJ,3304144,Queimados,Parque Valdairosa,parque valdairosa,-22.7235508,-43.57274246,brasil_aberto_first_street,True
RJ,3304144,Queimados,Pedreira,pedreira,-22.69957352,-43.52667618,brasil_aberto_first_street,True
RJ,3304144,Queimados,Penápolis,penapolis,-22.71111679,-43.58431244,brasil_aberto_first_street,True
RJ,3304144,Queimados,Piabas,piabas,-22.72501945,-43.59438324,brasil_aberto_first_street,True
RJ,3304144,Queimados,Ponte Preta,ponte preta,-22.71796799,-43.56841278,brasil_aberto_first_street,True
RJ,3304144,Queimados,Primavera,primavera,-22.7041245,-43.5474762,brasil_aberto_first_street,True
RJ,3304144,Queimados,Prq,prq,-22.7169197,-43.5424468,brasil_aberto_first_street,True
RJ,3304144,Queimados,Queimados,queimados,-22.7003032,-43.5378206,brasil_aberto_first_street,True
RJ,3304144,Queimados,Riachão,riachao,-22.72896004,-43.53999329,brasil_aberto_first_street,True
RJ,3304144,Queimados,Rodoviário,rodoviario,-22.71210098,-43.56393814,brasil_aberto_first_street,True
RJ,3304144,Queimados,Roncador,roncador,-22.6932732,-43.5545263,brasil_aberto_first_street,True
RJ,3304144,Queimados,Santa Rosa,santa rosa,-22.71646118,-43.59436798,brasil_aberto_first_street,True
RJ,3304144,Queimados,Santo Antônio,santo antonio,-22.7685477,-43.6073435,brasil_aberto_first_street,True
RJ,3304144,Queimados,Santo Expedito,santo expedito,-22.74766922,-43.60365295,brasil_aberto_first_street,True
RJ,3304144,Queimados,São Cristóvão,sao cristovao,-22.71527,-43.558914,mapbox_geocoding,True
RJ,3304144,Queimados,São Humberto,sao humberto,-22.71287155,-43.54681396,brasil_aberto_first_street,True
RJ,3304144,Queimados,São Manuel,sao manuel,-22.71562004,-43.58931351,brasil_aberto_first_street,True
RJ,3304144,Queimados,São Roque,sao roque,-22.72303963,-43.58156967,brasil_aberto_first_street,True
RJ,3304144,Queimados,São Simão,sao simao,-22.71038246,-43.55133057,brasil_aberto_first_street,True
RJ,3304144,Queimados,Sarapó,sarapo,-22.74239922,-43.55749893,brasil_aberto_first_street,True
RJ,3304144,Queimados,Siag,siag,-22.72,-43.545345,brasil_aberto_first_street,True
RJ,3304144,Queimados,Sion,sion,-22.7197006,-43.5769124,brasil_aberto_first_street,True
RJ,3304144,Queimados,Três Fontes,tres fontes,-22.69462776,-43.54128265,brasil_aberto_first_street,True
RJ,3304144,Queimados,Valdariosa,valdariosa,-22.72303963,-43.58156967,brasil_aberto_first_street,True
RJ,3304144,Queimados,Vila Amélia,vila amelia,-22.71745491,-43.57911301,brasil_aberto_first_street,True
RJ,3304144,Queimados,Vila Americana,vila americana,-22.75054169,-43.57348251,brasil_aberto_first_street,True
RJ,3304144,Queimados,Vila Avante,vila avante,-22.7575531,-43.5319519,brasil_aberto_first_street,True
RJ,3304144,Queimados,Vila Camarim,vila camarim,-22.7047449,-43.5667018,brasil_aberto_first_street,True
RJ,3304144,Queimados,Vila Central,vila central,-22.6906147,-43.59031296,brasil_aberto_first_street,True
RJ,3304144,Queimados,Vila das Mangueiras,vila das mangueiras,-22.7078563,-43.5632683,brasil_aberto_first_street,True
RJ,3304144,Queimados,Vila das Porteiras,vila das porteiras,-22.71021652,-43.55496216,brasil_aberto_first_street,True
RJ,3304144,Queimados,Vila do Tinguá,vila do tingua,-22.70918465,-43.56012726,brasil_aberto_first_street,True
RJ,3304144,Queimados,Vila Dona Branca,vila dona branca,-22.72644424,-43.57260132,brasil_aberto_first_street,True
RJ,3304144,Queimados,Vila Nanci,vila nanci,-22.7001869,-43.5889221,brasil_aberto_first_street,True
RJ,3304144,Queimados,Vila Nascente,vila nascente,-22.72330475,-43.55359268,brasil_aberto_first_street,True
RJ,3304144,Queimados,Vila Pacaembu,vila pacaembu,-22.72317314,-43.56068039,brasil_aberto_first_street,True
RJ,3304144,Queimados,Vila Santa Catarina,vila santa catarina,-22.7201767,-43.53973389,brasil_aberto_first_street,True
RJ,3304144,Queimados,Vila Santa Maria,vila santa maria,-22.71494675,-43.58935928,brasil_aberto_first_street,True
RJ,3304144,Queimados,Vila São Francisco,vila sao francisco,-22.70288467,-43.55237961,brasil_aberto_first_street,True
RJ,3304144,Queimados,Vila São João,vila sao joao,-22.73554993,-43.55798721,brasil_aberto_first_street,True
RJ,3304144,Queimados,Vila Scintila,vila scintila,-22.71646118,-43.59436798,brasil_aberto_first_street,True
RJ,3304144,Queimados,Vila Tarumã,vila taruma,-22.71637344,-43.57585526,brasil_aberto_first_street,True
RJ,3304144,Queimados,Vila Zenith,vila zenith,-22.7110979,-43.569125,brasil_aberto_first_street,True
RJ,3304144,Queimados,Vilar Grande,vilar grande,-22.90471077,-43.17823029,brasil_aberto_first_street,True
RJ,3304144,Queimados,Vista Alegre,vista alegre,-22.720741,-43.5748,mapbox_geocoding,True
RJ,3304151,Quissamã,Alto Alegre,alto alegre,-22.106828,-41.459545,mapbox_geocoding,True
RJ,3304151,Quissamã,Alto Grande,alto grande,-29.80984,-50.741031,mapbox_geocoding,True
RJ,3304151,Quissamã,Araçá,araca,-22.20313,-41.481786,mapbox_geocoding,True
RJ,3304151,Quissamã,Área Rural de Quissamã,area rural de quissama,-22.107336,-41.470585,mapbox_geocoding,True
RJ,3304151,Quissamã,Areias,areias,-22.137893,-41.511677,mapbox_geocoding,True
RJ,3304151,Quissamã,Balneário João Francisco de Paula,balneario joao francisco de paula,-22.210321,-41.479729,mapbox_geocoding,True
RJ,3304151,Quissamã,Barra do Furado,barra do furado,-22.0992,-41.142737,mapbox_geocoding,True
RJ,3304151,Quissamã,Beira da Lagoa,beira da lagoa,-22.087018,-41.448866,mapbox_geocoding,True
RJ,3304151,Quissamã,Bosque da Ribeira,bosque da ribeira,-22.739419,-43.366112,mapbox_geocoding,True
RJ,3304151,Quissamã,Campina,campina,-22.087018,-41.448866,mapbox_geocoding,True
RJ,3304151,Quissamã,Canto da Saudade,canto da saudade,-22.1017,-41.464135,mapbox_geocoding,True
RJ,3304151,Quissamã,Canto Santo Antônio,canto santo antonio,-29.80984,-50.741031,mapbox_geocoding,True
RJ,3304151,Quissamã,Capivari,capivari,-22.094285,-41.378244,mapbox_geocoding,True
RJ,3304151,Quissamã,Capororoca,capororoca,-22.094285,-41.378244,mapbox_geocoding,True
RJ,3304151,Quissamã,Carmo,carmo,-22.112509,-41.482139,mapbox_geocoding,True
RJ,3304151,Quissamã,Caxias,caxias,-22.106828,-41.459545,mapbox_geocoding,True
RJ,3304151,Quissamã,Centro,centro,-22.216178,-41.660453,mapbox_geocoding,True
RJ,3304151,Quissamã,Conde de Araruama,conde de araruama,-22.094285,-41.378244,mapbox_geocoding,True
RJ,3304151,Quissamã,Estivinha,estivinha,-21.942289,-41.122394,mapbox_geocoding,True
RJ,3304151,Quissamã,Farinha Seca,farinha seca,-22.094285,-41.378244,mapbox_geocoding,True
RJ,3304151,Quissamã,Fazenda do Melo,fazenda do melo,-22.076196,-41.476684,mapbox_geocoding,True
RJ,3304151,Quissamã,Fazenda Monte Alegre,fazenda monte alegre,-22.019157,-41.466724,mapbox_geocoding,True
RJ,3304151,Quissamã,Fazenda Palmeiras,fazenda palmeiras,-22.047218,-41.464365,mapbox_geocoding,True
RJ,3304151,Quissamã,Fazenda Patos,fazenda patos,-22.094285,-41.378244,mapbox_geocoding,True
RJ,3304151,Quissamã,Fazenda Prosperidade,fazenda prosperidade,-22.06068,-41.471175,mapbox_geocoding,True
RJ,3304151,Quissamã,Fazenda Santa Francisca,fazenda santa francisca,-22.094285,-41.378244,mapbox_geocoding,True
RJ,3304151,Quissamã,Fazenda Santa Raquel,fazenda santa raquel,-22.094285,-41.378244,mapbox_geocoding,True
RJ,3304151,Quissamã,Fazenda Santa Teresa,fazenda santa teresa,-22.101685,-41.506712,mapbox_geocoding,True
RJ,3304151,Quissamã,Fazenda São Domingos,fazenda sao domingos,-22.101685,-41.506712,mapbox_geocoding,True
RJ,3304151,Quissamã,Fazenda São José,fazenda sao jose,-22.094285,-41.378244,mapbox_geocoding,True
RJ,3304151,Quissamã,Fazenda São Manoel,fazenda sao manoel,-22.094285,-41.378244,mapbox_geocoding,True
RJ,3304151,Quissamã,Fazenda São Miguel,fazenda sao miguel,-22.101685,-41.506712,mapbox_geocoding,True
RJ,3304151,Quissamã,Fazenda União,fazenda uniao,-21.987101,-41.663397,mapbox_geocoding,True
RJ,3304151,Quissamã,Flexeiras,flexeiras,-22.094285,-41.378244,mapbox_geocoding,True
RJ,3304151,Quissamã,Floresta,floresta,-22.107336,-41.470585,mapbox_geocoding,True
RJ,3304151,Quissamã,Goiabal,goiabal,-22.137893,-41.511677,mapbox_geocoding,True
RJ,3304151,Quissamã,Jurubatiba,jurubatiba,-22.20313,-41.481786,mapbox_geocoding,True
RJ,3304151,Quissamã,KM 50,km 50,-22.20313,-41.481786,mapbox_geocoding,True
RJ,3304151,Quissamã,Machadinha,machadinha,-22.047218,-41.464365,mapbox_geocoding,True
RJ,3304151,Quissamã,Machado,machado,-22.094285,-41.378244,mapbox_geocoding,True
RJ,3304151,Quissamã,Mandiquera,mandiquera,-29.80984,-50.741031,mapbox_geocoding,True
RJ,3304151,Quissamã,Matias,matias,-22.101826,-41.454962,mapbox_geocoding,True
RJ,3304151,Quissamã,Mato de Pipa,mato de pipa,-22.106701,-41.477059,mapbox_geocoding,True
RJ,3304151,Quissamã,Meio,meio,-29.80984,-50.741031,mapbox_geocoding,True
RJ,3304151,Quissamã,Mocotó,mocoto,-22.934969,-42.895591,mapbox_geocoding,True
RJ,3304151,Quissamã,Monte Belo,monte belo,-22.10444,-41.591778,mapbox_geocoding,True
RJ,3304151,Quissamã,Morrinhos,morrinhos,-22.934969,-42.895591,mapbox_geocoding,True
RJ,3304151,Quissamã,Morro Alto,morro alto,-22.104288,-41.587373,mapbox_geocoding,True
RJ,3304151,Quissamã,Mutum,mutum,-22.05789,-41.463481,mapbox_geocoding,True
RJ,3304151,Quissamã,Olhos D'Água,olhos d agua,-21.942289,-41.122394,mapbox_geocoding,True
RJ,3304151,Quissamã,Penha,penha,-22.137893,-41.511677,mapbox_geocoding,True
RJ,3304151,Quissamã,Piedade,piedade,-22.10444,-41.591778,mapbox_geocoding,True
RJ,3304151,Quissamã,Pindobas,pindobas,-22.85438,-42.234773,mapbox_geocoding,True
RJ,3304151,Quissamã,Pitanga,pitanga,-22.094285,-41.378244,mapbox_geocoding,True
RJ,3304151,Quissamã,Piteiras,piteiras,-22.112509,-41.482139,mapbox_geocoding,True
RJ,3304151,Quissamã,Quintas D'Areia,quintas d areia,-21.942289,-41.122394,mapbox_geocoding,True
RJ,3304151,Quissamã,Ribeira,ribeira,-22.119079,-41.466192,mapbox_geocoding,True
RJ,3304151,Quissamã,Santa Catarina,santa catarina,-22.07327,-41.497364,mapbox_geocoding,True
RJ,3304151,Quissamã,Santa Rita,santa rita,-22.122345,-41.573499,mapbox_geocoding,True
RJ,3304151,Quissamã,Santa Úrsula,santa ursula,-22.087018,-41.448866,mapbox_geocoding,True
RJ,3304151,Quissamã,São Miguel do Furado,sao miguel do furado,-22.108367,-41.163197,mapbox_geocoding,True
RJ,3304151,Quissamã,Sítio Boa Vista,sitio boa vista,-22.05789,-41.463481,mapbox_geocoding,True
RJ,3304151,Quissamã,Sítio Quissamã,sitio quissama,-22.106142,-41.461159,mapbox_geocoding,True
RJ,3304151,Quissamã,Sítio Santa Luzia,sitio santa luzia,-22.019157,-41.466724,mapbox_geocoding,True
RJ,3304151,Quissamã,Sítio Senhor do Bonfim,sitio senhor do bonfim,-22.064263,-41.477219,mapbox_geocoding,True
RJ,3304151,Quissamã,Trindade,trindade,-22.094285,-41.378244,mapbox_geocoding,True
RJ,3304151,Quissamã,Usina,usina,-22.107336,-41.470585,mapbox_geocoding,True
RJ,3304151,Quissamã,Visgueiro,visgueiro,-22.107336,-41.470585,mapbox_geocoding,True
RJ,3304151,Quissamã,Vista Alegre,vista alegre,-22.076503,-41.485366,mapbox_geocoding,True
RJ,3304201,Resende,Alambari,alambari,-22.47118759,-44.45544815,brasil_aberto_first_street,True
RJ,3304201,Resende,Alegria,alegria,-22.472613,-44.4854,mapbox_geocoding,True
RJ,3304201,Resende,Alto dos Passos,alto dos passos,-22.47364426,-44.44901657,brasil_aberto_first_street,True
RJ,3304201,Resende,Alvorada,alvorada,-22.46300125,-44.46607971,brasil_aberto_first_street,True
RJ,3304201,Resende,Área Rural de Resende,area rural de resende,-22.4722561,-44.4649211,brasil_aberto_first_street,True
RJ,3304201,Resende,Barbosa Lima,barbosa lima,-22.46894455,-44.4499054,brasil_aberto_first_street,True
RJ,3304201,Resende,Bela Vista,bela vista,-22.4900715,-44.4899445,brasil_aberto_first_street,True
RJ,3304201,Resende,Boa Vista I,boa vista i,-22.46417809,-44.44387054,brasil_aberto_first_street,True
RJ,3304201,Resende,Boa Vista II,boa vista ii,-22.75598335,-43.37971497,brasil_aberto_first_street,True
RJ,3304201,Resende,Bulhões,bulhoes,-22.47118759,-44.45544815,brasil_aberto_first_street,True
RJ,3304201,Resende,Cabral,cabral,-22.63033295,-43.2625885,brasil_aberto_first_street,True
RJ,3304201,Resende,Campo Belo,campo belo,-22.43861771,-44.39848328,brasil_aberto_first_street,True
RJ,3304201,Resende,Campos Elíseos,campos eliseos,-22.46468735,-44.4478035,brasil_aberto_first_street,True
RJ,3304201,Resende,Capelinha (Fumaça),capelinha fumaca,-22.360101,-44.501817,mapbox_geocoding,True
RJ,3304201,Resende,Casa da Lua,casa da lua,-22.48403168,-44.47802734,brasil_aberto_first_street,True
RJ,3304201,Resende,Castelo Branco,castelo branco,-22.45330048,-44.43038559,brasil_aberto_first_street,True
RJ,3304201,Resende,Centro,centro,-22.46894455,-44.4499054,brasil_aberto_first_street,True
RJ,3304201,Resende,Cidade Alegria,cidade alegria,-22.48085213,-44.49596024,brasil_aberto_first_street,True
RJ,3304201,Resende,Cidade Alegria II,cidade alegria ii,-22.4850235,-44.49693298,brasil_aberto_first_street,True
RJ,3304201,Resende,Comercial,comercial,-22.46596909,-44.44373703,brasil_aberto_first_street,True
RJ,3304201,Resende,Elite,elite,-22.47229767,-44.47772217,brasil_aberto_first_street,True
RJ,3304201,Resende,Engenheiro Passos,engenheiro passos,-22.499274,-44.674718,mapbox_geocoding,True
RJ,3304201,Resende,Eucaliptal,eucaliptal,-22.52773285,-44.12104034,brasil_aberto_first_street,True
RJ,3304201,Resende,Fazenda Castelo,fazenda castelo,-22.4642141,-44.4422102,brasil_aberto_first_street,True
RJ,3304201,Resende,Fazenda da Barra,fazenda da barra,-22.4581871,-44.37843704,brasil_aberto_first_street,True
RJ,3304201,Resende,Fazenda da Barra 2,fazenda da barra 2,-22.4629364,-44.37849426,brasil_aberto_first_street,True
RJ,3304201,Resende,Fazenda da Barra 3,fazenda da barra 3,-22.4495339,-44.3908637,brasil_aberto_first_street,True
RJ,3304201,Resende,Fumaça,fumaca,-22.297916,-44.31102,mapbox_geocoding,True
RJ,3304201,Resende,Guararapes,guararapes,-22.45701599,-44.4536972,brasil_aberto_first_street,True
RJ,3304201,Resende,Independência (Agulhas Negras),independencia agulhas negras,-22.45988464,-44.46509171,brasil_aberto_first_street,True
RJ,3304201,Resende,Itapuca,itapuca,-22.47559547,-44.50281143,brasil_aberto_first_street,True
RJ,3304201,Resende,Jardim Alegria,jardim alegria,-22.47465324,-44.50341415,brasil_aberto_first_street,True
RJ,3304201,Resende,Jardim Aliança,jardim alianca,-22.48325157,-44.50484467,brasil_aberto_first_street,True
RJ,3304201,Resende,Jardim Aliança II,jardim alianca ii,-22.48852921,-44.5038414,brasil_aberto_first_street,True
RJ,3304201,Resende,Jardim Beira Rio,jardim beira rio,-22.4731636,-44.49993515,brasil_aberto_first_street,True
RJ,3304201,Resende,Jardim Brasília,jardim brasilia,-22.4764061,-44.45825958,brasil_aberto_first_street,True
RJ,3304201,Resende,Jardim Brasília 2,jardim brasilia 2,-22.4779129,-44.45549011,brasil_aberto_first_street,True
RJ,3304201,Resende,Jardim D'Oeste,jardim d oeste,-22.49255562,-44.50400925,brasil_aberto_first_street,True
RJ,3304201,Resende,Jardim do Sol,jardim do sol,-22.45155716,-44.41362381,brasil_aberto_first_street,True
RJ,3304201,Resende,Jardim Esperança,jardim esperanca,-22.84395409,-42.02685928,brasil_aberto_first_street,True
RJ,3304201,Resende,Jardim Jalisco,jardim jalisco,-22.46438026,-44.45898819,brasil_aberto_first_street,True
RJ,3304201,Resende,Jardim Primavera I,jardim primavera i,-22.4779015,-44.505727,brasil_aberto_first_street,True
RJ,3304201,Resende,Jardim Primavera II,jardim primavera ii,-22.47613335,-44.50355148,brasil_aberto_first_street,True
RJ,3304201,Resende,Jardim Primavera III,jardim primavera iii,-22.47542953,-44.50533676,brasil_aberto_first_street,True
RJ,3304201,Resende,Jardim Tropical,jardim tropical,-22.46360207,-44.44593811,brasil_aberto_first_street,True
RJ,3304201,Resende,Lava-pés,lava pes,-22.48480988,-44.44014359,brasil_aberto_first_street,True
RJ,3304201,Resende,Liberdade,liberdade,-22.46455002,-44.46453476,brasil_aberto_first_street,True
RJ,3304201,Resende,Manejo,manejo,-22.46916389,-44.46853638,brasil_aberto_first_street,True
RJ,3304201,Resende,Mirante das Agulhas,mirante das agulhas,-22.48851585,-44.48878098,brasil_aberto_first_street,True
RJ,3304201,Resende,Mirante de Serra,mirante de serra,-22.48325157,-44.50484467,brasil_aberto_first_street,True
RJ,3304201,Resende,Monet,monet,-22.4632421,-44.4263088,brasil_aberto_first_street,True
RJ,3304201,Resende,Monte Castelo,monte castelo,-20.48374176,-54.58897781,brasil_aberto_first_street,True
RJ,3304201,Resende,Montese,montese,-22.46822166,-44.44260406,brasil_aberto_first_street,True
RJ,3304201,Resende,Morada da Barra,morada da barra,-22.4629795,-44.3839359,brasil_aberto_first_street,True
RJ,3304201,Resende,Morada da Colina,morada da colina,-22.48396111,-44.48213577,brasil_aberto_first_street,True
RJ,3304201,Resende,Morada da Felicidade,morada da felicidade,-22.46832275,-44.4787178,brasil_aberto_first_street,True
RJ,3304201,Resende,Morada da Montanha,morada da montanha,-22.4846859,-44.50491714,brasil_aberto_first_street,True
RJ,3304201,Resende,Morada das Garças,morada das garcas,-22.54080582,-44.43084335,brasil_aberto_first_street,True
RJ,3304201,Resende,Morada do Bosque,morada do bosque,-22.4933998,-44.4882004,brasil_aberto_first_street,True
RJ,3304201,Resende,Morada do Castelo,morada do castelo,-22.46359634,-44.44847107,brasil_aberto_first_street,True
RJ,3304201,Resende,Morada do Contorno,morada do contorno,-22.4800909,-44.5042661,brasil_aberto_first_street,True
RJ,3304201,Resende,Nova Alegria,nova alegria,-22.4770527,-44.4977855,brasil_aberto_first_street,True
RJ,3304201,Resende,Nova Liberdade,nova liberdade,-22.46438026,-44.45898819,brasil_aberto_first_street,True
RJ,3304201,Resende,Nova Resende,nova resende,-22.48615,-44.4932925,brasil_aberto_first_street,True
RJ,3304201,Resende,Novo Surubi,novo surubi,-22.4716071,-44.4406001,brasil_aberto_first_street,True
RJ,3304201,Resende,Paraíso,paraiso,-22.46024132,-44.43632126,brasil_aberto_first_street,True
RJ,3304201,Resende,Parque Embaixador,parque embaixador,-22.81787872,-45.1820755,brasil_aberto_first_street,True
RJ,3304201,Resende,Parque Ipiranga,parque ipiranga,-22.48024368,-44.4638176,brasil_aberto_first_street,True
RJ,3304201,Resende,Parque Ipiranga II,parque ipiranga ii,-22.48485947,-44.45567703,brasil_aberto_first_street,True
RJ,3304201,Resende,Pedra Selada,pedra selada,-22.361714,-44.416072,mapbox_geocoding,True
RJ,3304201,Resende,Pirangaí,pirangai,,,dne,True
RJ,3304201,Resende,Pólo Industrial,polo industrial,-22.666585,-43.582218,mapbox_geocoding,True
RJ,3304201,Resende,Portal de Pirapitinga - Solaris,portal de pirapitinga solaris,-22.482737,-44.505726,mapbox_geocoding,True
RJ,3304201,Resende,Residências do Campo,residencias do campo,-22.4844585,-44.502332,brasil_aberto_first_street,True
RJ,3304201,Resende,Residências do Vale,residencias do vale,-22.4824488,-44.5050828,brasil_aberto_first_street,True
RJ,3304201,Resende,Santa Isabel,santa isabel,-22.47098541,-44.46540833,brasil_aberto_first_street,True
RJ,3304201,Resende,Santo Amaro,santo amaro,-22.48198128,-44.45309448,brasil_aberto_first_street,True
RJ,3304201,Resende,São Caetano,sao caetano,-22.4634474,-44.4840569,brasil_aberto_first_street,True
RJ,3304201,Resende,Serrinha do Alambari (Agulhas Negras),serrinha do alambari agulhas negras,-22.869341,-43.345495,mapbox_geocoding,True
RJ,3304201,Resende,Surubi,surubi,-22.48259354,-44.38936615,brasil_aberto_first_street,True
RJ,3304201,Resende,Terras Alpha,terras alpha,-22.48264122,-44.46569443,brasil_aberto_first_street,True
RJ,3304201,Resende,Terras Alphaville 2,terras alphaville 2,-22.453073,-44.302726,mapbox_geocoding,True
RJ,3304201,Resende,Toyota I,toyota i,-22.47559547,-44.50281143,brasil_aberto_first_street,True
RJ,3304201,Resende,Toyota II,toyota ii,-22.4850226,-44.4969317,brasil_aberto_first_street,True
RJ,3304201,Resende,Vicentino,vicentino,-22.48384666,-44.44826126,brasil_aberto_first_street,True
RJ,3304201,Resende,Vila Adelaide,vila adelaide,-22.4753613,-44.4522491,brasil_aberto_first_street,True
RJ,3304201,Resende,Vila Central,vila central,-22.47171402,-44.45159149,brasil_aberto_first_street,True
RJ,3304201,Resende,Vila Hulda Rocha,vila hulda rocha,-22.47118759,-44.47425079,brasil_aberto_first_street,True
RJ,3304201,Resende,Vila Isabel,vila isabel,-22.4742012,-44.50423431,brasil_aberto_first_street,True
RJ,3304201,Resende,Vila Julieta,vila julieta,-22.4739933,-44.46467209,brasil_aberto_first_street,True
RJ,3304201,Resende,Vila Moderna,vila moderna,-22.47651482,-44.45062637,brasil_aberto_first_street,True
RJ,3304201,Resende,Vila Nossa Senhora de Fátima,vila nossa senhora de fatima,-22.7687397,-43.33580399,brasil_aberto_first_street,True
RJ,3304201,Resende,Vila Nova,vila nova,-22.47256,-44.445428,mapbox_geocoding,True
RJ,3304201,Resende,Vila Santa Cecília,vila santa cecilia,-22.47098541,-44.46540833,brasil_aberto_first_street,True
RJ,3304201,Resende,Vila Verde,vila verde,-22.47900772,-44.4370079,brasil_aberto_first_street,True
RJ,3304201,Resende,Visconde de Mauá,visconde de maua,,,dne,True
RJ,3304300,Rio Bonito,Área Rural de Rio Bonito,area rural de rio bonito,-22.710459,-42.621124,mapbox_geocoding,True
RJ,3304300,Rio Bonito,Basílio (Basílio),basilio basilio,-22.711807,-42.695317,mapbox_geocoding,True
RJ,3304300,Rio Bonito,Bazílio,bazilio,,,brasil_aberto,True
RJ,3304300,Rio Bonito,Bela Vista,bela vista,-22.707659,-42.616031,mapbox_geocoding,True
RJ,3304300,Rio Bonito,Boa Esperança,boa esperanca,,,dne,True
RJ,3304300,Rio Bonito,Boa Esperança (Boa Esperança),boa esperanca boa esperanca,-22.788953,-42.537855,mapbox_geocoding,True
RJ,3304300,Rio Bonito,Boqueirão,boqueirao,-22.722786,-42.620906,mapbox_geocoding,True
RJ,3304300,Rio Bonito,Bosque Clube,bosque clube,-22.704505,-42.617781,mapbox_geocoding,True
RJ,3304300,Rio Bonito,Braçanã (Basílio),bracana basilio,-22.651257,-42.652039,mapbox_geocoding,True
RJ,3304300,Rio Bonito,Cachoeira dos Bagres (Basílio),cachoeira dos bagres basilio,-22.703071,-42.655128,mapbox_geocoding,True
RJ,3304300,Rio Bonito,Caixa D'Água,caixa d agua,-22.705779,-42.628239,mapbox_geocoding,True
RJ,3304300,Rio Bonito,Catimbau,catimbau,-22.762344,-42.593567,mapbox_geocoding,True
RJ,3304300,Rio Bonito,Centro,centro,-22.709065,-42.624056,mapbox_geocoding,True
RJ,3304300,Rio Bonito,Chavão (Boa Esperança),chavao boa esperanca,-22.778038,-42.508213,mapbox_geocoding,True
RJ,3304300,Rio Bonito,Cidade Nova,cidade nova,-22.707895,-42.6117,mapbox_geocoding,True
RJ,3304300,Rio Bonito,Colina da Primavera,colina da primavera,-22.684035,-42.536577,mapbox_geocoding,True
RJ,3304300,Rio Bonito,Condomínio Industrial (Basílio),condominio industrial basilio,-22.684035,-42.536577,mapbox_geocoding,True
RJ,3304300,Rio Bonito,Duas Barras,duas barras,-22.762344,-42.593567,mapbox_geocoding,True
RJ,3304300,Rio Bonito,Green Park,green park,-22.703071,-42.655128,mapbox_geocoding,True
RJ,3304300,Rio Bonito,Green Valley,green valley,-22.70603,-42.642015,mapbox_geocoding,True
RJ,3304300,Rio Bonito,Ipê,ipe,-22.716147,-42.642321,mapbox_geocoding,True
RJ,3304300,Rio Bonito,Jacuba,jacuba,-22.700678,-42.599421,mapbox_geocoding,True
RJ,3304300,Rio Bonito,Jacundá (Boa Esperança),jacunda boa esperanca,-22.801439,-42.468622,mapbox_geocoding,True
RJ,3304300,Rio Bonito,Lagoa Verde (Basílio),lagoa verde basilio,-22.727617,-42.693463,mapbox_geocoding,True
RJ,3304300,Rio Bonito,Lavras,lavras,-22.700678,-42.599421,mapbox_geocoding,True
RJ,3304300,Rio Bonito,Mangueira,mangueira,-22.698049,-42.576329,mapbox_geocoding,True
RJ,3304300,Rio Bonito,Mangueirinha,mangueirinha,-22.71258,-42.641617,mapbox_geocoding,True
RJ,3304300,Rio Bonito,Marajó,marajo,-22.722786,-42.620906,mapbox_geocoding,True
RJ,3304300,Rio Bonito,Mata,mata,-22.712829,-42.62441,mapbox_geocoding,True
RJ,3304300,Rio Bonito,Mato Frio,mato frio,-22.788953,-42.537855,mapbox_geocoding,True
RJ,3304300,Rio Bonito,Mineiros (Boa Esperança),mineiros boa esperanca,-22.764181,-42.426419,mapbox_geocoding,True
RJ,3304300,Rio Bonito,Monte Azul,monte azul,-22.673763,-42.579995,mapbox_geocoding,True
RJ,3304300,Rio Bonito,Monteiro Lobato,monteiro lobato,-22.684035,-42.536577,mapbox_geocoding,True
RJ,3304300,Rio Bonito,Nova Cidade (Boa Esperança),nova cidade boa esperanca,-22.788953,-42.537855,mapbox_geocoding,True
RJ,3304300,Rio Bonito,Paineiras,paineiras,-22.684035,-42.536577,mapbox_geocoding,True
RJ,3304300,Rio Bonito,Palmital (Boa Esperança),palmital boa esperanca,-22.801362,-42.214837,mapbox_geocoding,True
RJ,3304300,Rio Bonito,Parque Andrea (Boa Esperança),parque andrea boa esperanca,-22.783909,-42.528048,mapbox_geocoding,True
RJ,3304300,Rio Bonito,Parque da Luz (Basílio),parque da luz basilio,-22.726167,-42.685869,mapbox_geocoding,True
RJ,3304300,Rio Bonito,Parque das Acácias (Basílio),parque das acacias basilio,-22.710459,-42.621124,mapbox_geocoding,True
RJ,3304300,Rio Bonito,Parque Indiano (Basílio),parque indiano basilio,-22.684035,-42.536577,mapbox_geocoding,True
RJ,3304300,Rio Bonito,Praça Belopes,praca belopes,-22.748089,-42.647127,mapbox_geocoding,True
RJ,3304300,Rio Bonito,Praça Cruzeiro,praca cruzeiro,-22.716845,-42.643745,mapbox_geocoding,True
RJ,3304300,Rio Bonito,Prainha (Boa Esperança),prainha boa esperanca,-22.784539,-42.564607,mapbox_geocoding,True
RJ,3304300,Rio Bonito,Rio do Ouro,rio do ouro,-22.707895,-42.6117,mapbox_geocoding,True
RJ,3304300,Rio Bonito,Rio Mole (Boa Esperança),rio mole boa esperanca,-22.79831,-42.454824,mapbox_geocoding,True
RJ,3304300,Rio Bonito,Rio Seco,rio seco,-22.747662,-42.614197,mapbox_geocoding,True
RJ,3304300,Rio Bonito,Rio Vermelho,rio vermelho,-22.707895,-42.6117,mapbox_geocoding,True
RJ,3304300,Rio Bonito,Sambê,sambe,-22.69411,-42.449002,mapbox_geocoding,True
RJ,3304300,Rio Bonito,Serra do Sambê,serra do sambe,-22.705779,-42.628239,mapbox_geocoding,True
RJ,3304300,Rio Bonito,Tomascar,tomascar,-22.811267,-42.703717,mapbox_geocoding,True
RJ,3304300,Rio Bonito,Vertentes (Boa Esperança),vertentes boa esperanca,-22.710459,-42.621124,mapbox_geocoding,True
RJ,3304300,Rio Bonito,Viçosa,vicosa,-22.914958,-42.636264,mapbox_geocoding,True
RJ,3304409,Rio Claro,Centro,centro,-22.72494698,-44.13119507,brasil_aberto_first_street,True
RJ,3304409,Rio Claro,Fazenda da Grama,fazenda da grama,-22.651016,-44.025286,mapbox_geocoding,True
RJ,3304409,Rio Claro,Getulândia,getulandia,-22.836326,-43.064647,mapbox_geocoding,True
RJ,3304409,Rio Claro,Lídice,lidice,,,dne,True
RJ,3304409,Rio Claro,Passa Três,passa tres,-22.694003,-44.00535,mapbox_geocoding,True
RJ,3304409,Rio Claro,São João Marcos,sao joao marcos,,,dne,True
RJ,3304508,Rio das Flores,Abarracamento,abarracamento,-22.179083,-43.592852,mapbox_geocoding,True
RJ,3304508,Rio das Flores,Área Rural de Rio das Flores,area rural de rio das flores,-22.166199,-43.58552,mapbox_geocoding,True
RJ,3304508,Rio das Flores,Centro,centro,,,brasil_aberto,True
RJ,3304508,Rio das Flores,Formoso,formoso,,,brasil_aberto,True
RJ,3304508,Rio das Flores,Manuel Duarte,manuel duarte,-22.084047,-43.522098,mapbox_geocoding,True
RJ,3304508,Rio das Flores,Rio das Flores,rio das flores,-22.159643,-43.58392,mapbox_geocoding,True
RJ,3304508,Rio das Flores,Taboas,taboas,-22.209963,-43.624294,mapbox_geocoding,True
RJ,3304524,Rio das Ostras,Alphaville,alphaville,-22.426919,-41.8598423,brasil_aberto_first_street,True
RJ,3304524,Rio das Ostras,Área Rural de Rio das Ostras,area rural de rio das ostras,-22.5273001,-41.9463938,brasil_aberto_first_street,True
RJ,3304524,Rio das Ostras,Atlântica,atlantica,-22.49852943,-41.92113876,brasil_aberto_first_street,True
RJ,3304524,Rio das Ostras,Balneário das Garças,balneario das garcas,-22.43900299,-41.8586998,brasil_aberto_first_street,True
RJ,3304524,Rio das Ostras,Balneário Remanso,balneario remanso,-22.52137947,-41.93473053,brasil_aberto_first_street,True
RJ,3304524,Rio das Ostras,Boca da Barra,boca da barra,-22.53060913,-41.93562317,brasil_aberto_first_street,True
RJ,3304524,Rio das Ostras,Bosque Beira Rio,bosque beira rio,-22.53089523,-41.93504333,brasil_aberto_first_street,True
RJ,3304524,Rio das Ostras,Bosque da Areia,bosque da areia,-22.48933983,-41.90444946,brasil_aberto_first_street,True
RJ,3304524,Rio das Ostras,Bosque da Praia,bosque da praia,-22.5300045,-41.95545197,brasil_aberto_first_street,True
RJ,3304524,Rio das Ostras,Cantagalo,cantagalo,-22.4864254,-41.92327499,brasil_aberto_first_street,True
RJ,3304524,Rio das Ostras,Cantinho do Mar,cantinho do mar,-22.520188,-41.980947,mapbox_geocoding,True
RJ,3304524,Rio das Ostras,Casa Grande,casa grande,-22.51870155,-41.95473862,brasil_aberto_first_street,True
RJ,3304524,Rio das Ostras,Centro,centro,-22.52444077,-41.93972015,brasil_aberto_first_street,True
RJ,3304524,Rio das Ostras,Chácara Mariléa,chacara marilea,-22.50334549,-41.93473434,brasil_aberto_first_street,True
RJ,3304524,Rio das Ostras,Cidade Beira Mar,cidade beira mar,-22.5496769,-41.97529221,brasil_aberto_first_street,True
RJ,3304524,Rio das Ostras,Cidade Praiana,cidade praiana,-22.5496769,-41.97529221,brasil_aberto_first_street,True
RJ,3304524,Rio das Ostras,Colinas,colinas,-22.52714729,-41.93272018,brasil_aberto_first_street,True
RJ,3304524,Rio das Ostras,Condomínio Porto Seguro,condominio porto seguro,-22.50433731,-41.94039917,brasil_aberto_first_street,True
RJ,3304524,Rio das Ostras,Costazul,costazul,-22.52239418,-41.9249649,brasil_aberto_first_street,True
RJ,3304524,Rio das Ostras,Enseada das Gaivotas,enseada das gaivotas,-22.51503754,-41.91621017,brasil_aberto_first_street,True
RJ,3304524,Rio das Ostras,Extensão do Bosque,extensao do bosque,-22.52633858,-41.95998764,brasil_aberto_first_street,True
RJ,3304524,Rio das Ostras,Extensão Novo Rio das Ostras,extensao novo rio das ostras,-22.52198219,-41.94721603,brasil_aberto_first_street,True
RJ,3304524,Rio das Ostras,Fazenda Palmeiras,fazenda palmeiras,-22.51677704,-41.98714066,brasil_aberto_first_street,True
RJ,3304524,Rio das Ostras,Floresta das Gaivotas,floresta das gaivotas,-22.49534035,-41.90060425,brasil_aberto_first_street,True
RJ,3304524,Rio das Ostras,Gelson Apicelo,gelson apicelo,-22.509958,-41.9545433,brasil_aberto_first_street,True
RJ,3304524,Rio das Ostras,Jardim Bela Vista,jardim bela vista,-22.50970459,-41.91524506,brasil_aberto_first_street,True
RJ,3304524,Rio das Ostras,Jardim Campomar,jardim campomar,-22.5496769,-41.97529221,brasil_aberto_first_street,True
RJ,3304524,Rio das Ostras,Jardim Mariléa,jardim marilea,-22.508309,-41.987774,mapbox_geocoding,True
RJ,3304524,Rio das Ostras,Jardim Miramar,jardim miramar,-22.5496769,-41.97529221,brasil_aberto_first_street,True
RJ,3304524,Rio das Ostras,Jardim Patrícia,jardim patricia,-22.53869438,-41.98738098,brasil_aberto_first_street,True
RJ,3304524,Rio das Ostras,Liberdade,liberdade,-22.52057076,-41.9341507,brasil_aberto_first_street,True
RJ,3304524,Rio das Ostras,Loteamento Extensão do Serramar,loteamento extensao do serramar,-22.53485107,-41.97006989,brasil_aberto_first_street,True
RJ,3304524,Rio das Ostras,Loteamento Harmonia,loteamento harmonia,-22.486593,-41.931456,mapbox_geocoding,True
RJ,3304524,Rio das Ostras,Mar do Norte,mar do norte,-22.502953,-41.955447,mapbox_geocoding,True
RJ,3304524,Rio das Ostras,Mar Y Lago,mar y lago,-22.50135422,-41.91568756,brasil_aberto_first_street,True
RJ,3304524,Rio das Ostras,Maria Turri,maria turri,-22.522295,-41.98368073,brasil_aberto_first_street,True
RJ,3304524,Rio das Ostras,Nova Aliança,nova alianca,-22.85240364,-42.51506042,brasil_aberto_first_street,True
RJ,3304524,Rio das Ostras,Nova Cidade,nova cidade,-22.52198219,-41.94721603,brasil_aberto_first_street,True
RJ,3304524,Rio das Ostras,Nova Esperança,nova esperanca,-22.52444077,-41.93972015,brasil_aberto_first_street,True
RJ,3304524,Rio das Ostras,Novo Rio das Ostras,novo rio das ostras,-22.52057076,-41.9341507,brasil_aberto_first_street,True
RJ,3304524,Rio das Ostras,Operário,operario,-22.52345467,-41.95301056,brasil_aberto_first_street,True
RJ,3304524,Rio das Ostras,Ouro Verde,ouro verde,-22.51503754,-41.91621017,brasil_aberto_first_street,True
RJ,3304524,Rio das Ostras,Palmital,palmital,-19.77706718,-43.93689346,brasil_aberto_first_street,True
RJ,3304524,Rio das Ostras,Parque São Jorge,parque sao jorge,-22.51708603,-41.93471527,brasil_aberto_first_street,True
RJ,3304524,Rio das Ostras,Parque Zabulão,parque zabulao,-22.52198219,-41.94721603,brasil_aberto_first_street,True
RJ,3304524,Rio das Ostras,Peroba,peroba,-22.51893616,-41.95630646,brasil_aberto_first_street,True
RJ,3304524,Rio das Ostras,Praia Mar,praia mar,-22.49277,-41.899365,mapbox_geocoding,True
RJ,3304524,Rio das Ostras,Recanto,recanto,-22.5317905,-41.9658323,brasil_aberto_first_street,True
RJ,3304524,Rio das Ostras,Recreio,recreio,-22.5171153,-41.9175166,brasil_aberto_first_street,True
RJ,3304524,Rio das Ostras,Reduto da Paz,reduto da paz,-22.51503754,-41.91621017,brasil_aberto_first_street,True
RJ,3304524,Rio das Ostras,Residencial Camping do Bosque,residencial camping do bosque,-22.521943,-41.955827,mapbox_geocoding,True
RJ,3304524,Rio das Ostras,Residencial Praia Âncora,residencial praia ancora,-22.47979927,-41.91307068,brasil_aberto_first_street,True
RJ,3304524,Rio das Ostras,Residencial Rio das Ostras,residencial rio das ostras,-22.52444458,-41.97526169,brasil_aberto_first_street,True
RJ,3304524,Rio das Ostras,Rocha Leão,rocha leao,-22.42539215,-42.00646591,brasil_aberto_first_street,True
RJ,3304524,Rio das Ostras,São Cristóvão,sao cristovao,-22.52198219,-41.94721603,brasil_aberto_first_street,True
RJ,3304524,Rio das Ostras,Serramar,serramar,-22.5251757,-41.9772126,brasil_aberto_first_street,True
RJ,3304524,Rio das Ostras,Sobradinho Cerveja,sobradinho cerveja,-22.5291856,-41.9506247,brasil_aberto_first_street,True
RJ,3304524,Rio das Ostras,Terra Firme,terra firme,-22.51503754,-41.91621017,brasil_aberto_first_street,True
RJ,3304524,Rio das Ostras,Terras do Contorno,terras do contorno,-22.489907,-41.974771,mapbox_geocoding,True
RJ,3304524,Rio das Ostras,Verdes Mares,verdes mares,-22.5017352,-41.9063792,brasil_aberto_first_street,True
RJ,3304524,Rio das Ostras,Vila Real,vila real,-22.509023,-41.951283,mapbox_geocoding,True
RJ,3304524,Rio das Ostras,Village Rio das Ostras,village rio das ostras,-22.49550247,-41.91883469,brasil_aberto_first_street,True
RJ,3304524,Rio das Ostras,Village Sol e Mar,village sol e mar,-22.517994,-41.941612,mapbox_geocoding,True
RJ,3304524,Rio das Ostras,Viverde I,viverde i,-22.5186968,-41.9625801,brasil_aberto_first_street,True
RJ,3304524,Rio das Ostras,Viverde II,viverde ii,-22.5236702,-41.96731186,brasil_aberto_first_street,True
RJ,3304524,Rio das Ostras,Viverde III,viverde iii,-22.5176352,-41.9603767,brasil_aberto_first_street,True
RJ,3304524,Rio das Ostras,Zona Zen,zona zen,-22.42089081,-41.86580658,brasil_aberto_first_street,True
RJ,3304557,Rio de Janeiro,Abolição,abolicao,-22.88750076,-43.28478241,brasil_aberto_first_street,True
RJ,3304557,Rio de Janeiro,Acari,acari,-22.87157059,-43.25918579,brasil_aberto_first_street,True
RJ,3304557,Rio de Janeiro,Água Santa,agua santa,-22.905016,-43.306713,mapbox_geocoding,True
RJ,3304557,Rio de Janeiro,Alto da Boa Vista,alto da boa vista,-22.95454216,-43.26440048,brasil_aberto_first_street,True
RJ,3304557,Rio de Janeiro,Anchieta,anchieta,-22.82837105,-43.41927338,brasil_aberto_first_street,True
RJ,3304557,Rio de Janeiro,Andaraí,andarai,-22.815213,-43.34639,mapbox_geocoding,True
RJ,3304557,Rio de Janeiro,Anil,anil,-22.96357727,-43.33837509,brasil_aberto_first_street,True
RJ,3304557,Rio de Janeiro,Área Rural de Rio de Janeiro,area rural de rio de janeiro,-22.9068467,-43.1728965,brasil_aberto_first_street,True
RJ,3304557,Rio de Janeiro,Argentino,argentino,-22.83532906,-43.30772018,brasil_aberto_first_street,True
RJ,3304557,Rio de Janeiro,Baia de Guanabara,baia de guanabara,-22.7966671,-43.11249924,brasil_aberto_first_street,True
RJ,3304557,Rio de Janeiro,Bancários,bancarios,-22.79308319,-43.18003464,brasil_aberto_first_street,True
RJ,3304557,Rio de Janeiro,Bangu,bangu,-22.85451126,-43.49298096,brasil_aberto_first_street,True
RJ,3304557,Rio de Janeiro,Barra da Tijuca,barra da tijuca,-23.00415611,-43.30926514,brasil_aberto_first_street,True
RJ,3304557,Rio de Janeiro,Barra de Guaratiba,barra de guaratiba,-23.009116,-43.518991,mapbox_geocoding,True
RJ,3304557,Rio de Janeiro,Barra Olímpica,barra olimpica,-22.98390961,-43.41747665,brasil_aberto_first_street,True
RJ,3304557,Rio de Janeiro,Barros Filho,barros filho,-22.8612175,-43.45223236,brasil_aberto_first_street,True
RJ,3304557,Rio de Janeiro,Benfica,benfica,-22.8612175,-43.45223236,brasil_aberto_first_street,True
RJ,3304557,Rio de Janeiro,Bento Ribeiro,bento ribeiro,-22.86258125,-43.36392212,brasil_aberto_first_street,True
RJ,3304557,Rio de Janeiro,Bonsucesso,bonsucesso,-22.8612175,-43.45223236,brasil_aberto_first_street,True
RJ,3304557,Rio de Janeiro,Botafogo,botafogo,-22.95224762,-43.17937851,brasil_aberto_first_street,True
RJ,3304557,Rio de Janeiro,Brás de Pina,bras de pina,-22.82612991,-43.28998184,brasil_aberto_first_street,True
RJ,3304557,Rio de Janeiro,Braz de Pina,braz de pina,,,brasil_aberto,True
RJ,3304557,Rio de Janeiro,Cachambi,cachambi,-22.88750076,-43.28478241,brasil_aberto_first_street,True
RJ,3304557,Rio de Janeiro,Cacuia,cacuia,-22.81929588,-43.19252014,brasil_aberto_first_street,True
RJ,3304557,Rio de Janeiro,Caju,caju,-22.87696838,-43.23396301,brasil_aberto_first_street,True
RJ,3304557,Rio de Janeiro,Camorim,camorim,-22.98125267,-43.41311264,brasil_aberto_first_street,True
RJ,3304557,Rio de Janeiro,Campinho,campinho,-22.884732,-43.345628,mapbox_geocoding,True
RJ,3304557,Rio de Janeiro,Campo dos Afonsos,campo dos afonsos,-22.88536453,-43.39949417,brasil_aberto_first_street,True
RJ,3304557,Rio de Janeiro,Campo Grande,campo grande,-22.93605995,-43.56521988,brasil_aberto_first_street,True
RJ,3304557,Rio de Janeiro,Cascadura,cascadura,-22.88750076,-43.28478241,brasil_aberto_first_street,True
RJ,3304557,Rio de Janeiro,Catete,catete,-22.928284,-43.177044,mapbox_geocoding,True
RJ,3304557,Rio de Janeiro,Catumbi,catumbi,-22.97963333,-43.21279907,brasil_aberto_first_street,True
RJ,3304557,Rio de Janeiro,Cavalcanti,cavalcanti,-22.909534,-43.209934,mapbox_geocoding,True
RJ,3304557,Rio de Janeiro,Centro,centro,-22.90490723,-43.17041779,brasil_aberto_first_street,True
RJ,3304557,Rio de Janeiro,Cidade de Deus,cidade de deus,-22.94874573,-43.36620331,brasil_aberto_first_street,True
RJ,3304557,Rio de Janeiro,Cidade Nova,cidade nova,-22.90132332,-43.17907333,brasil_aberto_first_street,True
RJ,3304557,Rio de Janeiro,Cidade Universitária,cidade universitaria,-22.85846329,-43.23139572,brasil_aberto_first_street,True
RJ,3304557,Rio de Janeiro,Cocotá,cocota,-22.79551888,-43.17781067,brasil_aberto_first_street,True
RJ,3304557,Rio de Janeiro,Coelho Neto,coelho neto,-22.8612175,-43.45223236,brasil_aberto_first_street,True
RJ,3304557,Rio de Janeiro,Colégio,colegio,-22.84898186,-43.32125854,brasil_aberto_first_street,True
RJ,3304557,Rio de Janeiro,Complexo do Alemão,complexo do alemao,-22.838849,-41.998422,mapbox_geocoding,True
RJ,3304557,Rio de Janeiro,Copacabana,copacabana,-22.96946335,-43.18132019,brasil_aberto_first_street,True
RJ,3304557,Rio de Janeiro,Cordovil,cordovil,-22.82543564,-43.29112244,brasil_aberto_first_street,True
RJ,3304557,Rio de Janeiro,Cosme Velho,cosme velho,-22.93977737,-43.20134354,brasil_aberto_first_street,True
RJ,3304557,Rio de Janeiro,Cosmos,cosmos,-22.90116882,-43.60011292,brasil_aberto_first_street,True
RJ,3304557,Rio de Janeiro,Costa Barros,costa barros,-22.8265419,-43.36733627,brasil_aberto_first_street,True
RJ,3304557,Rio de Janeiro,Curicica,curicica,-22.96302795,-43.17474747,brasil_aberto_first_street,True
RJ,3304557,Rio de Janeiro,Del Castilho,del castilho,-22.88750076,-43.28478241,brasil_aberto_first_street,True
RJ,3304557,Rio de Janeiro,Dendê,dende,-19.9531765,-43.94281387,brasil_aberto_first_street,True
RJ,3304557,Rio de Janeiro,Deodoro,deodoro,-22.85560036,-43.38994598,brasil_aberto_first_street,True
RJ,3304557,Rio de Janeiro,Dumas,dumas,-22.9362258,-43.6971742,brasil_aberto_first_street,True
RJ,3304557,Rio de Janeiro,Encantado,encantado,-22.902117,-43.305627,mapbox_geocoding,True
RJ,3304557,Rio de Janeiro,Engenheiro Leal,engenheiro leal,-22.875096,-43.326899,mapbox_geocoding,True
RJ,3304557,Rio de Janeiro,Engenho da Rainha,engenho da rainha,-22.86987305,-43.29645157,brasil_aberto_first_street,True
RJ,3304557,Rio de Janeiro,Engenho de Dentro,engenho de dentro,-22.89645576,-43.2891655,brasil_aberto_first_street,True
RJ,3304557,Rio de Janeiro,Engenho Novo,engenho novo,-22.899072,-43.265415,mapbox_geocoding,True
RJ,3304557,Rio de Janeiro,Estácio,estacio,-22.91853142,-43.20635223,brasil_aberto_first_street,True
RJ,3304557,Rio de Janeiro,Flamengo,flamengo,-22.93984795,-43.17513657,brasil_aberto_first_street,True
RJ,3304557,Rio de Janeiro,Freguesia (Ilha do Governador),freguesia ilha do governador,-22.79551888,-43.17781067,brasil_aberto_first_street,True
RJ,3304557,Rio de Janeiro,Freguesia (Jacarepaguá),freguesia jacarepagua,-22.9459598,-43.3540688,brasil_aberto_first_street,True
RJ,3304557,Rio de Janeiro,Galeão,galeao,-22.84001923,-43.24062347,brasil_aberto_first_street,True
RJ,3304557,Rio de Janeiro,Gamboa,gamboa,-22.8957386,-43.18669128,brasil_aberto_first_street,True
RJ,3304557,Rio de Janeiro,Gardênia Azul,gardenia azul,-22.96422005,-43.34631348,brasil_aberto_first_street,True
RJ,3304557,Rio de Janeiro,Gávea,gavea,-22.9775906,-43.3384832,brasil_aberto_first_street,True
RJ,3304557,Rio de Janeiro,Glória,gloria,-22.9224305,-43.1763144,brasil_aberto_first_street,True
RJ,3304557,Rio de Janeiro,Grajaú,grajau,-22.9221611,-43.2633934,brasil_aberto_first_street,True
RJ,3304557,Rio de Janeiro,Grumari,grumari,-23.0476154,-43.5175541,brasil_aberto_first_street,True
RJ,3304557,Rio de Janeiro,Guadalupe,guadalupe,-22.83971596,-43.37531281,brasil_aberto_first_street,True
RJ,3304557,Rio de Janeiro,Guarabu,guarabu,-22.80448341,-43.19250107,brasil_aberto_first_street,True
RJ,3304557,Rio de Janeiro,Guaratiba,guaratiba,-22.9948656,-43.6154973,brasil_aberto_first_street,True
RJ,3304557,Rio de Janeiro,Higienópolis,higienopolis,-22.87118149,-43.26346588,brasil_aberto_first_street,True
RJ,3304557,Rio de Janeiro,Honório Gurgel,honorio gurgel,-22.83850861,-43.35853577,brasil_aberto_first_street,True
RJ,3304557,Rio de Janeiro,Humaitá,humaita,-22.95598,-43.19723,mapbox_geocoding,True
RJ,3304557,Rio de Janeiro,Inhaúma,inhauma,-22.86882019,-43.26742172,brasil_aberto_first_street,True
RJ,3304557,Rio de Janeiro,Inhoaíba,inhoaiba,-22.9209137,-43.60417938,brasil_aberto_first_street,True
RJ,3304557,Rio de Janeiro,Ipanema,ipanema,-22.97426224,-43.20649719,brasil_aberto_first_street,True
RJ,3304557,Rio de Janeiro,Irajá,iraja,-22.8612175,-43.45223236,brasil_aberto_first_street,True
RJ,3304557,Rio de Janeiro,Itacolomi,itacolomi,-22.9561775,-43.6849536,brasil_aberto_first_street,True
RJ,3304557,Rio de Janeiro,Itanhangá,itanhanga,-22.97860527,-43.33367538,brasil_aberto_first_street,True
RJ,3304557,Rio de Janeiro,Jacaré,jacare,-22.8905663,-43.2611416,brasil_aberto_first_street,True
RJ,3304557,Rio de Janeiro,Jacarepaguá,jacarepagua,-22.94105339,-43.39414215,brasil_aberto_first_street,True
RJ,3304557,Rio de Janeiro,Jacarezinho,jacarezinho,-22.88750076,-43.28478241,brasil_aberto_first_street,True
RJ,3304557,Rio de Janeiro,Jardim América,jardim america,-22.81102562,-43.33082962,brasil_aberto_first_street,True
RJ,3304557,Rio de Janeiro,Jardim Botânico,jardim botanico,-22.879075,-43.253928,mapbox_geocoding,True
RJ,3304557,Rio de Janeiro,Jardim Carioca,jardim carioca,-22.80192566,-43.20241928,brasil_aberto_first_street,True
RJ,3304557,Rio de Janeiro,Jardim Guanabara,jardim guanabara,-22.81562614,-43.18877792,brasil_aberto_first_street,True
RJ,3304557,Rio de Janeiro,Jardim Sulacap,jardim sulacap,-22.8871322,-43.3889652,brasil_aberto_first_street,True
RJ,3304557,Rio de Janeiro,Joá,joa,-22.99822426,-43.62792206,brasil_aberto_first_street,True
RJ,3304557,Rio de Janeiro,Lagoa,lagoa,-22.96212006,-43.20775604,brasil_aberto_first_street,True
RJ,3304557,Rio de Janeiro,Laranjeiras,laranjeiras,-22.930815,-43.189235,mapbox_geocoding,True
RJ,3304557,Rio de Janeiro,Leblon,leblon,-22.98270988,-43.2179184,brasil_aberto_first_street,True
RJ,3304557,Rio de Janeiro,Leme,leme,-22.97074699,-43.18647766,brasil_aberto_first_street,True
RJ,3304557,Rio de Janeiro,Lins de Vasconcelos,lins de vasconcelos,-22.913451,-43.281822,mapbox_geocoding,True
RJ,3304557,Rio de Janeiro,Madureira,madureira,-22.86612701,-43.33434677,brasil_aberto_first_street,True
RJ,3304557,Rio de Janeiro,Magalhães Bastos,magalhaes bastos,-22.88536453,-43.39949417,brasil_aberto_first_street,True
RJ,3304557,Rio de Janeiro,Mangueira,mangueira,-22.9025508,-43.2370745,brasil_aberto_first_street,True
RJ,3304557,Rio de Janeiro,Manguinhos,manguinhos,-22.87540245,-43.2572937,brasil_aberto_first_street,True
RJ,3304557,Rio de Janeiro,Maracanã,maracana,-22.92705917,-43.23851776,brasil_aberto_first_street,True
RJ,3304557,Rio de Janeiro,Maré,mare,-22.843117,-43.249219,mapbox_geocoding,True
RJ,3304557,Rio de Janeiro,Marechal Hermes,marechal hermes,-22.86168671,-43.37176132,brasil_aberto_first_street,True
RJ,3304557,Rio de Janeiro,Maria da Graça,maria da graca,-22.88750076,-43.28478241,brasil_aberto_first_street,True
RJ,3304557,Rio de Janeiro,Méier,meier,-22.89645576,-43.2891655,brasil_aberto_first_street,True
RJ,3304557,Rio de Janeiro,Moneró,monero,-22.79766655,-43.19261169,brasil_aberto_first_street,True
RJ,3304557,Rio de Janeiro,Nossa Senhora das Graças,nossa senhora das gracas,-22.8657237,-43.4285179,brasil_aberto_first_street,True
RJ,3304557,Rio de Janeiro,Olaria,olaria,-22.85096741,-43.27495956,brasil_aberto_first_street,True
RJ,3304557,Rio de Janeiro,Oswaldo Cruz,oswaldo cruz,-22.8752327,-43.364151,brasil_aberto_first_street,True
RJ,3304557,Rio de Janeiro,Paciência,paciencia,-22.877045,-43.502496,mapbox_geocoding,True
RJ,3304557,Rio de Janeiro,Padre Miguel,padre miguel,-22.8821373,-43.48250198,brasil_aberto_first_street,True
RJ,3304557,Rio de Janeiro,Paquetá,paqueta,-22.75316811,-43.11151123,brasil_aberto_first_street,True
RJ,3304557,Rio de Janeiro,Parada de Lucas,parada de lucas,-22.8612175,-43.45223236,brasil_aberto_first_street,True
RJ,3304557,Rio de Janeiro,Parque Anchieta,parque anchieta,-22.8335495,-43.40557861,brasil_aberto_first_street,True
RJ,3304557,Rio de Janeiro,Parque Colúmbia,parque columbia,-22.81150818,-43.34196472,brasil_aberto_first_street,True
RJ,3304557,Rio de Janeiro,Pavuna,pavuna,-22.81404495,-43.35449982,brasil_aberto_first_street,True
RJ,3304557,Rio de Janeiro,Pechincha,pechincha,-22.92905235,-43.35400772,brasil_aberto_first_street,True
RJ,3304557,Rio de Janeiro,Pedra de Guaratiba,pedra de guaratiba,-22.99105453,-43.62195587,brasil_aberto_first_street,True
RJ,3304557,Rio de Janeiro,Penha,penha,-20.28900719,-40.2910614,brasil_aberto_first_street,True
RJ,3304557,Rio de Janeiro,Penha Circular,penha circular,-22.83951569,-43.29693985,brasil_aberto_first_street,True
RJ,3304557,Rio de Janeiro,Piedade,piedade,-22.88750076,-43.28478241,brasil_aberto_first_street,True
RJ,3304557,Rio de Janeiro,Pilares,pilares,-22.88887024,-43.29551697,brasil_aberto_first_street,True
RJ,3304557,Rio de Janeiro,Pitangueiras,pitangueiras,-22.82051849,-43.17999649,brasil_aberto_first_street,True
RJ,3304557,Rio de Janeiro,Portuguesa,portuguesa,-22.79907417,-43.20907593,brasil_aberto_first_street,True
RJ,3304557,Rio de Janeiro,Praça da Bandeira,praca da bandeira,-22.91050148,-43.21564865,brasil_aberto_first_street,True
RJ,3304557,Rio de Janeiro,Praça Seca,praca seca,-22.88197708,-43.32523346,brasil_aberto_first_street,True
RJ,3304557,Rio de Janeiro,Praia da Bandeira,praia da bandeira,-22.80981827,-43.17895508,brasil_aberto_first_street,True
RJ,3304557,Rio de Janeiro,Quintino Bocaiúva,quintino bocaiuva,-22.88750076,-43.28478241,brasil_aberto_first_street,True
RJ,3304557,Rio de Janeiro,Ramos,ramos,-22.84428215,-43.24656677,brasil_aberto_first_street,True
RJ,3304557,Rio de Janeiro,Realengo,realengo,-22.86069679,-43.44657898,brasil_aberto_first_street,True
RJ,3304557,Rio de Janeiro,Recreio dos Bandeirantes,recreio dos bandeirantes,-22.9956837,-43.4490504,brasil_aberto_first_street,True
RJ,3304557,Rio de Janeiro,Riachuelo,riachuelo,-22.90337372,-43.25500107,brasil_aberto_first_street,True
RJ,3304557,Rio de Janeiro,Ribeira,ribeira,-22.82051849,-43.17999649,brasil_aberto_first_street,True
RJ,3304557,Rio de Janeiro,Ricardo de Albuquerque,ricardo de albuquerque,-22.82926559,-43.39835358,brasil_aberto_first_street,True
RJ,3304557,Rio de Janeiro,Rio Comprido,rio comprido,-22.92349,-43.21311,mapbox_geocoding,True
RJ,3304557,Rio de Janeiro,Rocha,rocha,-22.90337372,-43.25500107,brasil_aberto_first_street,True
RJ,3304557,Rio de Janeiro,Rocha Miranda,rocha miranda,-22.84650993,-43.34943771,brasil_aberto_first_street,True
RJ,3304557,Rio de Janeiro,Rocinha,rocinha,-22.99231,-43.250633,mapbox_geocoding,True
RJ,3304557,Rio de Janeiro,Sampaio,sampaio,-22.90337372,-43.25500107,brasil_aberto_first_street,True
RJ,3304557,Rio de Janeiro,Santa Cruz,santa cruz,-22.871187,-43.258965,mapbox_geocoding,True
RJ,3304557,Rio de Janeiro,Santa Teresa,santa teresa,-22.93793297,-43.20689392,brasil_aberto_first_street,True
RJ,3304557,Rio de Janeiro,Santíssimo,santissimo,-22.8821373,-43.48250198,brasil_aberto_first_street,True
RJ,3304557,Rio de Janeiro,Santo Cristo,santo cristo,-22.89873695,-43.20329285,brasil_aberto_first_street,True
RJ,3304557,Rio de Janeiro,São Conrado,sao conrado,-22.99642181,-43.25815582,brasil_aberto_first_street,True
RJ,3304557,Rio de Janeiro,São Cristóvão,sao cristovao,-22.90781403,-43.22956467,brasil_aberto_first_street,True
RJ,3304557,Rio de Janeiro,São Francisco Xavier,sao francisco xavier,-22.90109444,-43.24308014,brasil_aberto_first_street,True
RJ,3304557,Rio de Janeiro,Saúde,saude,-22.89800644,-43.18373489,brasil_aberto_first_street,True
RJ,3304557,Rio de Janeiro,Senador Camará,senador camara,-22.87211418,-43.48409653,brasil_aberto_first_street,True
RJ,3304557,Rio de Janeiro,Senador Vasconcelos,senador vasconcelos,-22.91426849,-43.60253906,brasil_aberto_first_street,True
RJ,3304557,Rio de Janeiro,Sepetiba,sepetiba,-22.97570801,-43.69153595,brasil_aberto_first_street,True
RJ,3304557,Rio de Janeiro,Tanque,tanque,-22.92905235,-43.35400772,brasil_aberto_first_street,True
RJ,3304557,Rio de Janeiro,Taquara,taquara,-22.91730309,-43.40639114,brasil_aberto_first_street,True
RJ,3304557,Rio de Janeiro,Tauá,taua,-22.79551888,-43.17781067,brasil_aberto_first_street,True
RJ,3304557,Rio de Janeiro,Tijuca,tijuca,-22.92457962,-43.23109055,brasil_aberto_first_street,True
RJ,3304557,Rio de Janeiro,Todos os Santos,todos os santos,-22.89645576,-43.2891655,brasil_aberto_first_street,True
RJ,3304557,Rio de Janeiro,Tomás Coelho,tomas coelho,-22.87128258,-43.29946518,brasil_aberto_first_street,True
RJ,3304557,Rio de Janeiro,Tubiacanga,tubiacanga,-22.7864191,-43.2273605,brasil_aberto_first_street,True
RJ,3304557,Rio de Janeiro,Turiaçu,turiacu,-22.84650993,-43.34943771,brasil_aberto_first_street,True
RJ,3304557,Rio de Janeiro,Urca,urca,-22.94493484,-43.15853119,brasil_aberto_first_street,True
RJ,3304557,Rio de Janeiro,Vargem Grande,vargem grande,-22.97674179,-43.4807663,brasil_aberto_first_street,True
RJ,3304557,Rio de Janeiro,Vargem Pequena,vargem pequena,-22.99037933,-43.42914963,brasil_aberto_first_street,True
RJ,3304557,Rio de Janeiro,Vasco da Gama,vasco da gama,-22.89290428,-43.22875595,brasil_aberto_first_street,True
RJ,3304557,Rio de Janeiro,Vaz Lobo,vaz lobo,-22.84554863,-43.32403564,brasil_aberto_first_street,True
RJ,3304557,Rio de Janeiro,Vicente de Carvalho,vicente de carvalho,-22.84898186,-43.32125854,brasil_aberto_first_street,True
RJ,3304557,Rio de Janeiro,Vidigal,vidigal,-22.99453,-43.23782509999999,brasil_aberto_first_street,True
RJ,3304557,Rio de Janeiro,Vigário Geral,vigario geral,-22.8612175,-43.45223236,brasil_aberto_first_street,True
RJ,3304557,Rio de Janeiro,Vila da Penha,vila da penha,-22.83951569,-43.29693985,brasil_aberto_first_street,True
RJ,3304557,Rio de Janeiro,Vila Isabel,vila isabel,-22.91810989,-43.24187088,brasil_aberto_first_street,True
RJ,3304557,Rio de Janeiro,Vila Kosmos,vila kosmos,-22.83767891,-43.31005096,brasil_aberto_first_street,True
RJ,3304557,Rio de Janeiro,Vila Militar,vila militar,-22.8076992,-43.40730286,brasil_aberto_first_street,True
RJ,3304557,Rio de Janeiro,Vila Valqueire,vila valqueire,-22.88202667,-43.37147141,brasil_aberto_first_street,True
RJ,3304557,Rio de Janeiro,Vista Alegre,vista alegre,-22.83951569,-43.29693985,brasil_aberto_first_street,True
RJ,3304557,Rio de Janeiro,Zumbi,zumbi,-22.9233096,-43.6205745,brasil_aberto_first_street,True
RJ,3304607,Santa Maria Madalena,Centro,centro,-21.95745277,-42.00948334,brasil_aberto_first_street,True
RJ,3304607,Santa Maria Madalena,Doutor Loreti,doutor loreti,-22.028555,-42.006413,mapbox_geocoding,True
RJ,3304607,Santa Maria Madalena,Renascença,renascenca,,,dne,True
RJ,3304607,Santa Maria Madalena,Santo Antônio do Imbé,santo antonio do imbe,-21.989064,-41.876354,mapbox_geocoding,True
RJ,3304607,Santa Maria Madalena,Sossego,sossego,,,dne,True
RJ,3304607,Santa Maria Madalena,Triunfo,triunfo,-29.668053,-53.66094,mapbox_geocoding,True
RJ,3304706,Santo Antônio de Pádua,Baltazar,baltazar,,,dne,True
RJ,3304706,Santo Antônio de Pádua,Boa Nova,boa nova,,,brasil_aberto,True
RJ,3304706,Santo Antônio de Pádua,Campelo,campelo,-21.54105949,-42.18013382,brasil_aberto_first_street,True
RJ,3304706,Santo Antônio de Pádua,Centro,centro,-21.540648,-42.180614,mapbox_geocoding,True
RJ,3304706,Santo Antônio de Pádua,Ibitiguaçu,ibitiguacu,,,dne,True
RJ,3304706,Santo Antônio de Pádua,Marangatu,marangatu,,,dne,True
RJ,3304706,Santo Antônio de Pádua,Monte Alegre,monte alegre,,,dne,True
RJ,3304706,Santo Antônio de Pádua,Paraoquena,paraoquena,,,dne,True
RJ,3304706,Santo Antônio de Pádua,Santa Cruz,santa cruz,,,dne,True
RJ,3304706,Santo Antônio de Pádua,Santa Luzia,santa luzia,-21.540648,-42.180614,mapbox_geocoding,True
RJ,3304706,Santo Antônio de Pádua,São Pedro de Alcântara,sao pedro de alcantara,,,brasil_aberto,True
RJ,3304706,Santo Antônio de Pádua,Vila Boa Nova,vila boa nova,-21.534172,-42.161478,mapbox_geocoding,True
RJ,3304755,São Francisco de Itabapoana,Amontoado Brejo Grande,amontoado brejo grande,-21.4019966,-41.140908,brasil_aberto_first_street,True
RJ,3304755,São Francisco de Itabapoana,Barra do Itabapoana,barra do itabapoana,-21.30278,-40.962659,mapbox_geocoding,True
RJ,3304755,São Francisco de Itabapoana,Barra Seca,barra seca,,,dne,True
RJ,3304755,São Francisco de Itabapoana,Batelão da Barra,batelao da barra,-21.340153,-41.044927,brasil_aberto_first_street,True
RJ,3304755,São Francisco de Itabapoana,Buena,buena,-21.3052845,-41.11404419,brasil_aberto_first_street,True
RJ,3304755,São Francisco de Itabapoana,Centro,centro,-21.47555542,-41.10920715,brasil_aberto_first_street,True
RJ,3304755,São Francisco de Itabapoana,Estreito,estreito,-21.51646996,-41.07777023,brasil_aberto_first_street,True
RJ,3304755,São Francisco de Itabapoana,Floresta,floresta,,,brasil_aberto,True
RJ,3304755,São Francisco de Itabapoana,Gargau,gargau,-21.3100329,-41.0318413,brasil_aberto_first_street,True
RJ,3304755,São Francisco de Itabapoana,Guaxindiba,guaxindiba,-21.3024689,-40.9627169,brasil_aberto_first_street,True
RJ,3304755,São Francisco de Itabapoana,Imburi,imburi,,,brasil_aberto,True
RJ,3304755,São Francisco de Itabapoana,Imburi de Cacimbas,imburi de cacimbas,-21.4944887,-41.1800884,brasil_aberto_first_street,True
RJ,3304755,São Francisco de Itabapoana,Itabapoana,itabapoana,,,dne,True
RJ,3304755,São Francisco de Itabapoana,Maniva,maniva,,,dne,True
RJ,3304755,São Francisco de Itabapoana,Ponto de Cacimbas,ponto de cacimbas,-21.5040264,-41.1116265,brasil_aberto_first_street,True
RJ,3304755,São Francisco de Itabapoana,Praça João Pessoa,praca joao pessoa,-21.310023,-41.11162,mapbox_geocoding,True
RJ,3304755,São Francisco de Itabapoana,Praia de Santa Clara,praia de santa clara,-21.4458402,-41.2558248,brasil_aberto_first_street,True
RJ,3304755,São Francisco de Itabapoana,Praia dos Sonhos,praia dos sonhos,-21.41005135,-41.01449585,brasil_aberto_first_street,True
RJ,3304755,São Francisco de Itabapoana,Santa Luzia,santa luzia,-21.43314362,-41.18593979,brasil_aberto_first_street,True
RJ,3304755,São Francisco de Itabapoana,Santa Rita,santa rita,-21.57810211,-41.06399536,brasil_aberto_first_street,True
RJ,3304755,São Francisco de Itabapoana,Travessão da Barra,travessao da barra,-21.4837329,-41.0617425,brasil_aberto_first_street,True
RJ,3304805,São Fidélis,Cambiasca,cambiasca,-21.7154356,-41.9252314,brasil_aberto_first_street,True
RJ,3304805,São Fidélis,Centro,centro,-22.50332451,-43.16980362,brasil_aberto_first_street,True
RJ,3304805,São Fidélis,Colônia,colonia,-21.6524209,-41.7528735,brasil_aberto_first_street,True
RJ,3304805,São Fidélis,Ernesto Machado,ernesto machado,-21.721574,-41.8830689,brasil_aberto_first_street,True
RJ,3304805,São Fidélis,Ipuca,ipuca,,,dne,True
RJ,3304805,São Fidélis,Pureza,pureza,,,dne,True
RJ,3304805,São Fidélis,Valão dos Milagres,valao dos milagres,-21.720844,-41.886651,mapbox_geocoding,True
RJ,3304904,São Gonçalo,Alcântara,alcantara,-22.82734871,-43.01750183,brasil_aberto_first_street,True
RJ,3304904,São Gonçalo,Almerinda,almerinda,-22.84644699,-42.99901199,brasil_aberto_first_street,True
RJ,3304904,São Gonçalo,Amendoeira,amendoeira,-22.82673454,-42.97694016,brasil_aberto_first_street,True
RJ,3304904,São Gonçalo,Anaia Grande,anaia grande,-22.87194824,-43.01895905,brasil_aberto_first_street,True
RJ,3304904,São Gonçalo,Anaia Pequeno,anaia pequeno,-22.87194824,-43.01895905,brasil_aberto_first_street,True
RJ,3304904,São Gonçalo,Antonina,antonina,-22.8194046,-43.03490067,brasil_aberto_first_street,True
RJ,3304904,São Gonçalo,Área Rural de São Gonçalo,area rural de sao goncalo,-22.8505126,-43.0975879,brasil_aberto_first_street,True
RJ,3304904,São Gonçalo,Arrastão,arrastao,-22.8858223,-43.01644135,brasil_aberto_first_street,True
RJ,3304904,São Gonçalo,Arsenal,arsenal,-22.86933136,-43.00372314,brasil_aberto_first_street,True
RJ,3304904,São Gonçalo,Barracão,barracao,-22.9605751,-43.34498978,brasil_aberto_first_street,True
RJ,3304904,São Gonçalo,Barro Vermelho,barro vermelho,-22.840763,-43.0783994,brasil_aberto_first_street,True
RJ,3304904,São Gonçalo,Boa Vista,boa vista,-22.81373787,-43.05809784,brasil_aberto_first_street,True
RJ,3304904,São Gonçalo,Boaçu,boacu,-22.80464745,-43.04668045,brasil_aberto_first_street,True
RJ,3304904,São Gonçalo,Bom Retiro,bom retiro,-22.79090118,-42.94163132,brasil_aberto_first_street,True
RJ,3304904,São Gonçalo,Brasilândia,brasilandia,-22.82504654,-43.05474091,brasil_aberto_first_street,True
RJ,3304904,São Gonçalo,Camarão,camarao,-22.82660103,-43.06245041,brasil_aberto_first_street,True
RJ,3304904,São Gonçalo,Centro,centro,-22.82791901,-43.05341339,brasil_aberto_first_street,True
RJ,3304904,São Gonçalo,Coelho,coelho,-22.84740257,-42.9865303,brasil_aberto_first_street,True
RJ,3304904,São Gonçalo,Colubande,colubande,-22.84126472,-43.02207184,brasil_aberto_first_street,True
RJ,3304904,São Gonçalo,Covanca,covanca,-22.85515404,-43.07905197,brasil_aberto_first_street,True
RJ,3304904,São Gonçalo,Eliane,eliane,-22.84771729,-42.95337296,brasil_aberto_first_street,True
RJ,3304904,São Gonçalo,Engenho do Roçado,engenho do rocado,-22.88565063,-42.9821701,brasil_aberto_first_street,True
RJ,3304904,São Gonçalo,Engenho Pequeno,engenho pequeno,-22.85158157,-43.0496521,brasil_aberto_first_street,True
RJ,3304904,São Gonçalo,Estrela do Norte,estrela do norte,-22.90320015,-43.11470032,brasil_aberto_first_street,True
RJ,3304904,São Gonçalo,Fazenda dos Mineiros,fazenda dos mineiros,-22.82866,-42.980895,mapbox_geocoding,True
RJ,3304904,São Gonçalo,Galo Branco,galo branco,-22.82734871,-43.01750183,brasil_aberto_first_street,True
RJ,3304904,São Gonçalo,Gebara,gebara,-22.7704373,-42.9560563,brasil_aberto_first_street,True
RJ,3304904,São Gonçalo,Gradim,gradim,-22.82684135,-43.08686447,brasil_aberto_first_street,True
RJ,3304904,São Gonçalo,Guaxindiba,guaxindiba,-22.80691338,-42.98700333,brasil_aberto_first_street,True
RJ,3304904,São Gonçalo,Iêda,ieda,-22.84771729,-42.95337296,brasil_aberto_first_street,True
RJ,3304904,São Gonçalo,Ipiíba,ipiiba,-22.87124062,-42.9778595,brasil_aberto_first_street,True
RJ,3304904,São Gonçalo,Itaoca,itaoca,-22.7813801,-43.0627313,brasil_aberto_first_street,True
RJ,3304904,São Gonçalo,Itaúna,itauna,-22.77017021,-43.01654053,brasil_aberto_first_street,True
RJ,3304904,São Gonçalo,Jardim Alcântara,jardim alcantara,-22.82734871,-43.01750183,brasil_aberto_first_street,True
RJ,3304904,São Gonçalo,Jardim Catarina,jardim catarina,-22.80497169,-43.00668716,brasil_aberto_first_street,True
RJ,3304904,São Gonçalo,Jardim Fluminense,jardim fluminense,-22.82672119,-43.01144791,brasil_aberto_first_street,True
RJ,3304904,São Gonçalo,Jardim Independência,jardim independencia,-22.84406281,-42.99288177,brasil_aberto_first_street,True
RJ,3304904,São Gonçalo,Jardim Nova República,jardim nova republica,-22.84644699,-42.99901199,brasil_aberto_first_street,True
RJ,3304904,São Gonçalo,Jóquei Clube,joquei clube,-22.8449448,-42.9991109,brasil_aberto_first_street,True
RJ,3304904,São Gonçalo,Lagoinha,lagoinha,-22.82192612,-42.97050476,brasil_aberto_first_street,True
RJ,3304904,São Gonçalo,Laranjal,laranjal,-22.81064034,-42.977005,brasil_aberto_first_street,True
RJ,3304904,São Gonçalo,Largo da Idéia,largo da ideia,-22.8290081,-42.91705322,brasil_aberto_first_street,True
RJ,3304904,São Gonçalo,Lindo Parque,lindo parque,-22.83510971,-43.05408859,brasil_aberto_first_street,True
RJ,3304904,São Gonçalo,Luiz Caçador,luiz cacador,-22.79399872,-43.02002716,brasil_aberto_first_street,True
RJ,3304904,São Gonçalo,Mangueira,mangueira,-22.82842445,-43.07067108,brasil_aberto_first_street,True
RJ,3304904,São Gonçalo,Marambaia,marambaia,-22.79119682,-42.94694901,brasil_aberto_first_street,True
RJ,3304904,São Gonçalo,Maria Paula,maria paula,-22.87975883,-42.97686005,brasil_aberto_first_street,True
RJ,3304904,São Gonçalo,Miriambi,miriambi,-22.82496643,-42.99239731,brasil_aberto_first_street,True
RJ,3304904,São Gonçalo,Monjolos,monjolos,-22.8190707,-42.9417987,brasil_aberto_first_street,True
RJ,3304904,São Gonçalo,Morro do Castro,morro do castro,-22.86535072,-43.06694031,brasil_aberto_first_street,True
RJ,3304904,São Gonçalo,Mutondo,mutondo,-22.81878471,-43.02263641,brasil_aberto_first_street,True
RJ,3304904,São Gonçalo,Mutuá,mutua,-22.818964,-43.04282761,brasil_aberto_first_street,True
RJ,3304904,São Gonçalo,Mutuaguaçu,mutuaguacu,-22.80903053,-43.03816986,brasil_aberto_first_street,True
RJ,3304904,São Gonçalo,Mutuapira,mutuapira,-22.800636,-43.035214,mapbox_geocoding,True
RJ,3304904,São Gonçalo,Neves (Neves),neves neves,-22.86029434,-43.09556198,brasil_aberto_first_street,True
RJ,3304904,São Gonçalo,Nossa Senhora da Paz,nossa senhora da paz,-22.80634117,-43.03258896,brasil_aberto_first_street,True
RJ,3304904,São Gonçalo,Nova Cidade,nova cidade,-22.8194046,-43.03490067,brasil_aberto_first_street,True
RJ,3304904,São Gonçalo,Nova Grécia,nova grecia,-22.86018372,-43.03611755,brasil_aberto_first_street,True
RJ,3304904,São Gonçalo,Novo México,novo mexico,-22.87038,-43.04542,mapbox_geocoding,True
RJ,3304904,São Gonçalo,Pacheco,pacheco,-22.8114872,-42.9765625,brasil_aberto_first_street,True
RJ,3304904,São Gonçalo,Palmeiras,palmeiras,-22.8233781,-43.0462495,brasil_aberto_first_street,True
RJ,3304904,São Gonçalo,Parada 40,parada 40,-22.8300172,-43.0643858,brasil_aberto_first_street,True
RJ,3304904,São Gonçalo,Paraíso,paraiso,-22.833454,-43.079105,mapbox_geocoding,True
RJ,3304904,São Gonçalo,Parque São Sebastião,parque sao sebastiao,-22.85472488,-43.00090027,brasil_aberto_first_street,True
RJ,3304904,São Gonçalo,Patronato,patronato,-22.83087158,-43.07634354,brasil_aberto_first_street,True
RJ,3304904,São Gonçalo,Pião,piao,-22.30610085,-42.93619156,brasil_aberto_first_street,True
RJ,3304904,São Gonçalo,Pita,pita,-22.84445381,-43.06457901,brasil_aberto_first_street,True
RJ,3304904,São Gonçalo,Portão do Rosa,portao do rosa,-22.80036354,-43.04566193,brasil_aberto_first_street,True
RJ,3304904,São Gonçalo,Porto da Madama,porto da madama,-22.83539772,-43.08270645,brasil_aberto_first_street,True
RJ,3304904,São Gonçalo,Porto da Pedra,porto da pedra,-22.8231815,-43.0622651,brasil_aberto_first_street,True
RJ,3304904,São Gonçalo,Porto do Rosa,porto do rosa,-22.78883934,-43.05803299,brasil_aberto_first_street,True
RJ,3304904,São Gonçalo,Porto Novo,porto novo,-22.821509,-43.076922,mapbox_geocoding,True
RJ,3304904,São Gonçalo,Porto Velho,porto velho,-8.76963234,-63.87199783,brasil_aberto_first_street,True
RJ,3304904,São Gonçalo,Raul Veiga,raul veiga,-22.824496,-42.995722,brasil_aberto_first_street,True
RJ,3304904,São Gonçalo,Retiro do Alcântara,retiro do alcantara,-22.97377205,-43.22312164,brasil_aberto_first_street,True
RJ,3304904,São Gonçalo,Rio do Ouro,rio do ouro,-22.88446617,-42.98360062,brasil_aberto_first_street,True
RJ,3304904,São Gonçalo,Rocha,rocha,-22.83408737,-43.05150604,brasil_aberto_first_street,True
RJ,3304904,São Gonçalo,Sacramento,sacramento,-22.81765,-42.988696,mapbox_geocoding,True
RJ,3304904,São Gonçalo,Salgueiro,salgueiro,-22.77861786,-43.02338409,brasil_aberto_first_street,True
RJ,3304904,São Gonçalo,Santa Anita,santa anita,-22.8167928,-43.0508658,brasil_aberto_first_street,True
RJ,3304904,São Gonçalo,Santa Bárbara,santa barbara,-22.8858223,-43.01644135,brasil_aberto_first_street,True
RJ,3304904,São Gonçalo,Santa Catarina,santa catarina,-22.8358347,-43.0609257,brasil_aberto_first_street,True
RJ,3304904,São Gonçalo,Santa Isabel,santa isabel,-22.85275459,-42.94535446,brasil_aberto_first_street,True
RJ,3304904,São Gonçalo,Santa Luzia,santa luzia,-22.80691338,-42.98700333,brasil_aberto_first_street,True
RJ,3304904,São Gonçalo,São Miguel,sao miguel,-22.81607246,-43.03622055,brasil_aberto_first_street,True
RJ,3304904,São Gonçalo,Sete Pontes,sete pontes,-22.8440018,-43.0619117,brasil_aberto_first_street,True
RJ,3304904,São Gonçalo,Tenente Jardim,tenente jardim,-23.56601143,-46.65351868,brasil_aberto_first_street,True
RJ,3304904,São Gonçalo,Tiradentes,tiradentes,-22.8302949,-42.9745143,brasil_aberto_first_street,True
RJ,3304904,São Gonçalo,Tribobó,tribobo,-22.86719131,-43.0266037,brasil_aberto_first_street,True
RJ,3304904,São Gonçalo,Trindade,trindade,-22.80497169,-43.00668716,brasil_aberto_first_street,True
RJ,3304904,São Gonçalo,Várzea das Moças,varzea das mocas,-22.90106583,-42.98403168,brasil_aberto_first_street,True
RJ,3304904,São Gonçalo,Venda da Cruz,venda da cruz,-22.86021233,-43.09242249,brasil_aberto_first_street,True
RJ,3304904,São Gonçalo,Vila Candoza,vila candoza,-22.83930016,-42.98946381,brasil_aberto_first_street,True
RJ,3304904,São Gonçalo,Vila Iara,vila iara,-22.82425499,-43.04973602,brasil_aberto_first_street,True
RJ,3304904,São Gonçalo,Vila Lage,vila lage,-22.84412956,-43.08920288,brasil_aberto_first_street,True
RJ,3304904,São Gonçalo,Vila Três,vila tres,-22.81945038,-42.99716949,brasil_aberto_first_street,True
RJ,3304904,São Gonçalo,Vista Alegre,vista alegre,-22.80399132,-42.94680023,brasil_aberto_first_street,True
RJ,3304904,São Gonçalo,Zé Garoto,ze garoto,-22.83009529,-43.05793381,brasil_aberto_first_street,True
RJ,3304904,São Gonçalo,Zumbi,zumbi,-22.85404587,-43.06269073,brasil_aberto_first_street,True
RJ,3305000,São João da Barra,Atafona,atafona,-21.635307,-41.047623,mapbox_geocoding,True
RJ,3305000,São João da Barra,Barcelos,barcelos,-21.635307,-41.047623,mapbox_geocoding,True
RJ,3305000,São João da Barra,Cajueiro,cajueiro,-21.630436,-41.035678,mapbox_geocoding,True
RJ,3305000,São João da Barra,Centro,centro,-22.88821983,-43.55747223,brasil_aberto_first_street,True
RJ,3305000,São João da Barra,Grussaí,grussai,-21.697802,-41.032833,mapbox_geocoding,True
RJ,3305000,São João da Barra,Mato Escuro,mato escuro,-21.653897,-41.10411,mapbox_geocoding,True
RJ,3305000,São João da Barra,Pipeiras,pipeiras,-21.806255,-41.142208,mapbox_geocoding,True
RJ,3305000,São João da Barra,Praia do Açu,praia do acu,-21.902595,-40.985834,mapbox_geocoding,True
RJ,3305000,São João da Barra,Sabonete,sabonete,-21.885164,-41.120582,mapbox_geocoding,True
RJ,3305109,São João de Meriti,Agostinho Porto,agostinho porto,-22.78743553,-43.391716,brasil_aberto_first_street,True
RJ,3305109,São João de Meriti,Área Rural de São João de Meriti,area rural de sao joao de meriti,-22.7757625,-43.355343,brasil_aberto_first_street,True
RJ,3305109,São João de Meriti,Barão do Rio Branco,barao do rio branco,-22.77812767,-43.36751938,brasil_aberto_first_street,True
RJ,3305109,São João de Meriti,Centro,centro,-22.79885864,-43.34221268,brasil_aberto_first_street,True
RJ,3305109,São João de Meriti,Coelho da Rocha,coelho da rocha,-22.78159904,-43.39453125,brasil_aberto_first_street,True
RJ,3305109,São João de Meriti,Éden,eden,-22.78743553,-43.391716,brasil_aberto_first_street,True
RJ,3305109,São João de Meriti,Engenheiro Belford,engenheiro belford,-22.80554581,-43.3767395,brasil_aberto_first_street,True
RJ,3305109,São João de Meriti,Farrula,farrula,-22.75598335,-43.37971497,brasil_aberto_first_street,True
RJ,3305109,São João de Meriti,Fonte Carioca,fonte carioca,-22.78851891,-43.35516357,brasil_aberto_first_street,True
RJ,3305109,São João de Meriti,Grande Rio,grande rio,-22.78146362,-43.39866257,brasil_aberto_first_street,True
RJ,3305109,São João de Meriti,Indiara,indiara,-22.79820824,-43.39683914,brasil_aberto_first_street,True
RJ,3305109,São João de Meriti,Itapuã,itapua,-22.79395294,-43.3809166,brasil_aberto_first_street,True
RJ,3305109,São João de Meriti,Jardim Alegria,jardim alegria,-22.76443481,-43.34286118,brasil_aberto_first_street,True
RJ,3305109,São João de Meriti,Jardim Botânico,jardim botanico,-22.7743275,-43.348311,brasil_aberto_first_street,True
RJ,3305109,São João de Meriti,Jardim Fátima,jardim fatima,-22.76318932,-43.3513298,brasil_aberto_first_street,True
RJ,3305109,São João de Meriti,Jardim Íris,jardim iris,-22.802113,-43.370163,mapbox_geocoding,True
RJ,3305109,São João de Meriti,Jardim José Bonifácio,jardim jose bonifacio,-22.76925468,-43.36117172,brasil_aberto_first_street,True
RJ,3305109,São João de Meriti,Jardim Jurema,jardim jurema,-22.78536415,-43.3404808,brasil_aberto_first_street,True
RJ,3305109,São João de Meriti,Jardim Jurujuba,jardim jurujuba,-22.77214622,-43.34234619,brasil_aberto_first_street,True
RJ,3305109,São João de Meriti,Jardim Limoeiro,jardim limoeiro,-22.8612175,-43.45223236,brasil_aberto_first_street,True
RJ,3305109,São João de Meriti,Jardim Meriti,jardim meriti,-22.7881261,-43.369285,brasil_aberto_first_street,True
RJ,3305109,São João de Meriti,Jardim Metrópole,jardim metropole,-22.7645625,-43.3367082,brasil_aberto_first_street,True
RJ,3305109,São João de Meriti,Jardim Nova Califórnia,jardim nova california,-22.76585197,-43.33864212,brasil_aberto_first_street,True
RJ,3305109,São João de Meriti,Jardim Noya,jardim noya,-22.7625885,-43.35799789,brasil_aberto_first_street,True
RJ,3305109,São João de Meriti,Jardim Olavo Bilac,jardim olavo bilac,-22.7818485,-43.33346,brasil_aberto_first_street,True
RJ,3305109,São João de Meriti,Jardim Paraíso,jardim paraiso,-22.76259995,-43.35312653,brasil_aberto_first_street,True
RJ,3305109,São João de Meriti,Jardim Santa Rosa,jardim santa rosa,-22.76854134,-43.35020065,brasil_aberto_first_street,True
RJ,3305109,São João de Meriti,Jardim Santo Antônio,jardim santo antonio,-22.802113,-43.370163,mapbox_geocoding,True
RJ,3305109,São João de Meriti,Jardim Sumaré,jardim sumare,-22.78057289,-43.33388519,brasil_aberto_first_street,True
RJ,3305109,São João de Meriti,Lar Fluminense,lar fluminense,-22.77117348,-43.38207626,brasil_aberto_first_street,True
RJ,3305109,São João de Meriti,Parque Alian,parque alian,-22.7690506,-43.38721085,brasil_aberto_first_street,True
RJ,3305109,São João de Meriti,Parque Analândia,parque analandia,-22.79885864,-43.34221268,brasil_aberto_first_street,True
RJ,3305109,São João de Meriti,Parque Araruama,parque araruama,-22.80051231,-43.33317566,brasil_aberto_first_street,True
RJ,3305109,São João de Meriti,Parque Barreto,parque barreto,-22.79439163,-43.35627365,brasil_aberto_first_street,True
RJ,3305109,São João de Meriti,Parque Cruz Alta,parque cruz alta,-22.7736909,-43.3585843,brasil_aberto_first_street,True
RJ,3305109,São João de Meriti,Parque Elisabeth,parque elisabeth,-22.78585052,-43.35253906,brasil_aberto_first_street,True
RJ,3305109,São João de Meriti,Parque Juriti,parque juriti,-22.79885864,-43.34221268,brasil_aberto_first_street,True
RJ,3305109,São João de Meriti,Parque Novo Rio,parque novo rio,-22.802113,-43.370163,mapbox_geocoding,True
RJ,3305109,São João de Meriti,Parque Regina,parque regina,-22.7811982,-43.3421391,brasil_aberto_first_street,True
RJ,3305109,São João de Meriti,Parque Santana,parque santana,-22.78966522,-43.34563065,brasil_aberto_first_street,True
RJ,3305109,São João de Meriti,Parque São Judas Tadeu,parque sao judas tadeu,-22.78812218,-43.39567566,brasil_aberto_first_street,True
RJ,3305109,São João de Meriti,Parque São Nicolau,parque sao nicolau,-22.8196782,-43.3816497,brasil_aberto_first_street,True
RJ,3305109,São João de Meriti,Parque São Roque,parque sao roque,-22.79306221,-43.33133316,brasil_aberto_first_street,True
RJ,3305109,São João de Meriti,Parque Siqueira,parque siqueira,-22.80682755,-43.39226151,brasil_aberto_first_street,True
RJ,3305109,São João de Meriti,Parque Teles de Menezes,parque teles de menezes,-22.78744316,-43.34036255,brasil_aberto_first_street,True
RJ,3305109,São João de Meriti,Parque Tietê,parque tiete,-22.79330063,-43.33381271,brasil_aberto_first_street,True
RJ,3305109,São João de Meriti,Parque Vitória,parque vitoria,-22.8016587,-43.3895087,brasil_aberto_first_street,True
RJ,3305109,São João de Meriti,São Mateus,sao mateus,-22.80563354,-43.38875198,brasil_aberto_first_street,True
RJ,3305109,São João de Meriti,Sítio dos Gansos,sitio dos gansos,-22.7652569,-43.3416583,brasil_aberto_first_street,True
RJ,3305109,São João de Meriti,Tomazinho,tomazinho,-22.8022332,-43.390991,brasil_aberto_first_street,True
RJ,3305109,São João de Meriti,Trezentos,trezentos,-22.802113,-43.370163,mapbox_geocoding,True
RJ,3305109,São João de Meriti,Vale da Simpatia,vale da simpatia,-22.773122,-43.346068,mapbox_geocoding,True
RJ,3305109,São João de Meriti,Venda Velha,venda velha,-22.78756523,-43.35109329,brasil_aberto_first_street,True
RJ,3305109,São João de Meriti,Vila Andorinhas,vila andorinhas,-22.768379,-43.345064,mapbox_geocoding,True
RJ,3305109,São João de Meriti,Vila Colúmbia,vila columbia,-22.77398682,-43.34308243,brasil_aberto_first_street,True
RJ,3305109,São João de Meriti,Vila Dias Lopes,vila dias lopes,-22.76890755,-43.34631348,brasil_aberto_first_street,True
RJ,3305109,São João de Meriti,Vila dos Araújos,vila dos araujos,-22.76368141,-43.35575485,brasil_aberto_first_street,True
RJ,3305109,São João de Meriti,Vila dos Guedes,vila dos guedes,-22.76550293,-43.34125519,brasil_aberto_first_street,True
RJ,3305109,São João de Meriti,Vila Fluminense,vila fluminense,-22.76457596,-43.33929825,brasil_aberto_first_street,True
RJ,3305109,São João de Meriti,Vila Gentil,vila gentil,-22.7908017,-43.3699405,brasil_aberto_first_street,True
RJ,3305109,São João de Meriti,Vila Humaitá,vila humaita,-22.80973434,-43.38605499,brasil_aberto_first_street,True
RJ,3305109,São João de Meriti,Vila Jurandir,vila jurandir,-22.78579521,-43.40147018,brasil_aberto_first_street,True
RJ,3305109,São João de Meriti,Vila Laís,vila lais,-22.78556824,-43.33141327,brasil_aberto_first_street,True
RJ,3305109,São João de Meriti,Vila Mercúrio,vila mercurio,-22.76779175,-43.34807205,brasil_aberto_first_street,True
RJ,3305109,São João de Meriti,Vila Nadir,vila nadir,-22.76443863,-43.35414505,brasil_aberto_first_street,True
RJ,3305109,São João de Meriti,Vila Norma,vila norma,-22.802113,-43.370163,mapbox_geocoding,True
RJ,3305109,São João de Meriti,Vila Nossa Senhora Aparecida,vila nossa senhora aparecida,-22.8039891,-43.3866024,brasil_aberto_first_street,True
RJ,3305109,São João de Meriti,Vila Nossa Senhora de Fátima,vila nossa senhora de fatima,-22.76859474,-43.33623886,brasil_aberto_first_street,True
RJ,3305109,São João de Meriti,Vila Rosali,vila rosali,-22.788908,-43.37523651,brasil_aberto_first_street,True
RJ,3305109,São João de Meriti,Vila Santa Rita,vila santa rita,-22.78362656,-43.35181808,brasil_aberto_first_street,True
RJ,3305109,São João de Meriti,Vila São João,vila sao joao,-22.76534081,-43.35214615,brasil_aberto_first_street,True
RJ,3305109,São João de Meriti,Vila Saudade,vila saudade,-22.80174255,-43.36001205,brasil_aberto_first_street,True
RJ,3305109,São João de Meriti,Vila Tiradentes,vila tiradentes,-22.79180908,-43.38502121,brasil_aberto_first_street,True
RJ,3305109,São João de Meriti,Vila Vênus,vila venus,-22.76448059,-43.35235977,brasil_aberto_first_street,True
RJ,3305109,São João de Meriti,Vila Zulmira,vila zulmira,-22.79237556,-43.40034103,brasil_aberto_first_street,True
RJ,3305109,São João de Meriti,Vilar dos Teles,vilar dos teles,-22.77229691,-43.36325455,brasil_aberto_first_street,True
RJ,3305109,São João de Meriti,Vilar Formoso,vilar formoso,-22.77791023,-43.34618759,brasil_aberto_first_street,True
RJ,3305133,São José de Ubá,Área Rural de São José de Ubá,area rural de sao jose de uba,-21.358383,-41.939438,mapbox_geocoding,True
RJ,3305133,São José de Ubá,Centro,centro,,,brasil_aberto,True
RJ,3305133,São José de Ubá,São José de Ubá,sao jose de uba,-21.358383,-41.939438,mapbox_geocoding,True
RJ,3305158,São José do Vale do Rio Preto,Centro,centro,-22.15062714,-42.92230606,brasil_aberto_first_street,True
RJ,3305208,São Pedro da Aldeia,Alecrim,alecrim,-22.8179205,-42.0859822,brasil_aberto_first_street,True
RJ,3305208,São Pedro da Aldeia,Área Rural de São Pedro da Aldeia,area rural de sao pedro da aldeia,-22.8376247,-42.1032541,brasil_aberto_first_street,True
RJ,3305208,São Pedro da Aldeia,Baixo Grande,baixo grande,-22.8574028,-42.06116104,brasil_aberto_first_street,True
RJ,3305208,São Pedro da Aldeia,Baleia,baleia,-22.8808747,-42.1239182,brasil_aberto_first_street,True
RJ,3305208,São Pedro da Aldeia,Balneário das Conchas,balneario das conchas,-22.83856201,-42.14240265,brasil_aberto_first_street,True
RJ,3305208,São Pedro da Aldeia,Balneário São Pedro,balneario sao pedro,-22.82846069,-42.12376785,brasil_aberto_first_street,True
RJ,3305208,São Pedro da Aldeia,Base Aero Naval,base aero naval,-22.7998085,-42.04758453,brasil_aberto_first_street,True
RJ,3305208,São Pedro da Aldeia,Bela Vista,bela vista,-22.82802963,-42.09466934,brasil_aberto_first_street,True
RJ,3305208,São Pedro da Aldeia,Boa Vista,boa vista,-22.812645,-42.0735837,brasil_aberto_first_street,True
RJ,3305208,São Pedro da Aldeia,Boqueirão,boqueirao,-22.87101173,-42.11088562,brasil_aberto_first_street,True
RJ,3305208,São Pedro da Aldeia,Botafogo,botafogo,-22.844707,-42.077305,mapbox_geocoding,True
RJ,3305208,São Pedro da Aldeia,Campo Redondo,campo redondo,-22.84344101,-42.07473373,brasil_aberto_first_street,True
RJ,3305208,São Pedro da Aldeia,Centro,centro,-22.8397706,-42.1016719,brasil_aberto_first_street,True
RJ,3305208,São Pedro da Aldeia,Colina,colina,-22.837258,-42.058445,brasil_aberto_first_street,True
RJ,3305208,São Pedro da Aldeia,Cruz,cruz,-22.808815,-42.12561417,brasil_aberto_first_street,True
RJ,3305208,São Pedro da Aldeia,Estação,estacao,-22.8330265,-42.1042012,brasil_aberto_first_street,True
RJ,3305208,São Pedro da Aldeia,Flexeira,flexeira,-22.80879402,-42.12984467,brasil_aberto_first_street,True
RJ,3305208,São Pedro da Aldeia,Flexeira II,flexeira ii,-22.8097323,-42.1211138,brasil_aberto_first_street,True
RJ,3305208,São Pedro da Aldeia,Fluminense,fluminense,-22.82701683,-42.08732224,brasil_aberto_first_street,True
RJ,3305208,São Pedro da Aldeia,Itaí,itai,-22.7099482,-42.17323529999999,brasil_aberto_first_street,True
RJ,3305208,São Pedro da Aldeia,Jardim Arco Íris,jardim arco iris,-22.84151077,-42.14878845,brasil_aberto_first_street,True
RJ,3305208,São Pedro da Aldeia,Jardim das Acácias,jardim das acacias,-22.81269646,-42.11444473,brasil_aberto_first_street,True
RJ,3305208,São Pedro da Aldeia,Jardim Morada da Aldeia,jardim morada da aldeia,-22.821946,-42.109268,mapbox_geocoding,True
RJ,3305208,São Pedro da Aldeia,Jardim Primavera,jardim primavera,-22.85061,-42.039722,mapbox_geocoding,True
RJ,3305208,São Pedro da Aldeia,Jardim Soledade,jardim soledade,-22.82281113,-42.08989716,brasil_aberto_first_street,True
RJ,3305208,São Pedro da Aldeia,Morro do Milagre,morro do milagre,-22.82478142,-42.08270264,brasil_aberto_first_street,True
RJ,3305208,São Pedro da Aldeia,Nova São Pedro,nova sao pedro,-22.8360983,-42.0960233,brasil_aberto_first_street,True
RJ,3305208,São Pedro da Aldeia,Parque Arruda,parque arruda,-22.83981323,-42.13132858,brasil_aberto_first_street,True
RJ,3305208,São Pedro da Aldeia,Parque Dois Meninos,parque dois meninos,-22.82739,-42.1327063,brasil_aberto_first_street,True
RJ,3305208,São Pedro da Aldeia,Parque Estoril,parque estoril,-22.85540962,-42.0557785,brasil_aberto_first_street,True
RJ,3305208,São Pedro da Aldeia,Pau Rachado,pau rachado,-22.7873336,-42.1437774,brasil_aberto_first_street,True
RJ,3305208,São Pedro da Aldeia,Pinheiros,pinheiros,-22.800221,-42.118412,mapbox_geocoding,True
RJ,3305208,São Pedro da Aldeia,Poço Fundo,poco fundo,-22.86136818,-42.10660934,brasil_aberto_first_street,True
RJ,3305208,São Pedro da Aldeia,Ponta do Ambrósio,ponta do ambrosio,-22.864561,-42.048023,mapbox_geocoding,True
RJ,3305208,São Pedro da Aldeia,Porto da Aldeia,porto da aldeia,-22.85097313,-42.09898376,brasil_aberto_first_street,True
RJ,3305208,São Pedro da Aldeia,Porto do Carro,porto do carro,-22.84402,-42.049522,mapbox_geocoding,True
RJ,3305208,São Pedro da Aldeia,Praia do Sudoeste,praia do sudoeste,-22.87405586,-42.11575699,brasil_aberto_first_street,True
RJ,3305208,São Pedro da Aldeia,Praia Linda,praia linda,-22.84853554,-42.16159821,brasil_aberto_first_street,True
RJ,3305208,São Pedro da Aldeia,Recanto das Orquídeas,recanto das orquideas,-22.83012199,-42.04285812,brasil_aberto_first_street,True
RJ,3305208,São Pedro da Aldeia,Recanto do Sol,recanto do sol,-22.80270767,-42.10639572,brasil_aberto_first_street,True
RJ,3305208,São Pedro da Aldeia,Retiro,retiro,-22.8179205,-42.0859822,brasil_aberto_first_street,True
RJ,3305208,São Pedro da Aldeia,Rua do Fogo,rua do fogo,-22.81049347,-42.11728668,brasil_aberto_first_street,True
RJ,3305208,São Pedro da Aldeia,Santo Antônio,santo antonio,-22.80402756,-42.10852432,brasil_aberto_first_street,True
RJ,3305208,São Pedro da Aldeia,São João,sao joao,-22.851818,-42.0621,mapbox_geocoding,True
RJ,3305208,São Pedro da Aldeia,São José,sao jose,-22.82942772,-42.09800339,brasil_aberto_first_street,True
RJ,3305208,São Pedro da Aldeia,São Mateus,sao mateus,-22.80270767,-42.10639572,brasil_aberto_first_street,True
RJ,3305208,São Pedro da Aldeia,Sergeira,sergeira,-22.79152298,-42.1565094,brasil_aberto_first_street,True
RJ,3305208,São Pedro da Aldeia,Três Vendas,tres vendas,-22.6873594,-42.1650067,brasil_aberto_first_street,True
RJ,3305208,São Pedro da Aldeia,Vinhateiro,vinhateiro,-22.854488,-42.049175,mapbox_geocoding,True
RJ,3305307,São Sebastião do Alto,Área Rural de São Sebastião do Alto,area rural de sao sebastiao do alto,-21.956484,-42.134853,mapbox_geocoding,True
RJ,3305307,São Sebastião do Alto,Centro,centro,,,brasil_aberto,True
RJ,3305307,São Sebastião do Alto,Ibipeba,ibipeba,-21.786228,-42.020681,mapbox_geocoding,True
RJ,3305307,São Sebastião do Alto,Ipituna,ipituna,-21.768782,-41.995429,mapbox_geocoding,True
RJ,3305307,São Sebastião do Alto,São Sebastião do Alto,sao sebastiao do alto,-21.957046,-42.134434,mapbox_geocoding,True
RJ,3305307,São Sebastião do Alto,Valão do Barro,valao do barro,-21.827886,-42.085883,mapbox_geocoding,True
RJ,3305406,Sapucaia,Anta,anta,,,dne,True
RJ,3305406,Sapucaia,Centro,centro,-22.031958,-42.790807,mapbox_geocoding,True
RJ,3305406,Sapucaia,Jamapará,jamapara,-21.884284,-42.691703,mapbox_geocoding,True
RJ,3305406,Sapucaia,Nossa Senhora da Aparecida,nossa senhora da aparecida,,,dne,True
RJ,3305406,Sapucaia,Pião,piao,,,dne,True
RJ,3305406,Sapucaia,Vila do Pião,vila do piao,-22.031958,-42.790807,mapbox_geocoding,True
RJ,3305505,Saquarema,Água Branca (Bacaxá),agua branca bacaxa,-22.88963699,-42.44132233,brasil_aberto_first_street,True
RJ,3305505,Saquarema,Alvorada (Bacaxá),alvorada bacaxa,-22.86581612,-42.50617599,brasil_aberto_first_street,True
RJ,3305505,Saquarema,Área Rural de Bacaxá,area rural de bacaxa,-22.8937947,-42.4687752,brasil_aberto_first_street,True
RJ,3305505,Saquarema,Área Rural de Sampaio Correia,area rural de sampaio correia,-22.8526997,-42.5975152,brasil_aberto_first_street,True
RJ,3305505,Saquarema,Área Rural de Saquarema,area rural de saquarema,-22.9307982,-42.4989159,brasil_aberto_first_street,True
RJ,3305505,Saquarema,Areal,areal,-22.9312439,-42.50318527,brasil_aberto_first_street,True
RJ,3305505,Saquarema,Asfalto Velho (Bacaxá),asfalto velho bacaxa,-22.85240364,-42.51506042,brasil_aberto_first_street,True
RJ,3305505,Saquarema,Aterrado (Bacaxá),aterrado bacaxa,-22.89857483,-42.4515686,brasil_aberto_first_street,True
RJ,3305505,Saquarema,Bacaxá (Bacaxá),bacaxa bacaxa,-22.91312027,-42.47651672,brasil_aberto_first_street,True
RJ,3305505,Saquarema,Barra Nova,barra nova,-22.92823219,-42.55669022,brasil_aberto_first_street,True
RJ,3305505,Saquarema,Barreira (Bacaxá),barreira bacaxa,-22.90098763,-42.47454834,brasil_aberto_first_street,True
RJ,3305505,Saquarema,Basilea (Sampaio Correia),basilea sampaio correia,-22.92645,-42.50463,mapbox_geocoding,True
RJ,3305505,Saquarema,Bicuíba (Bacaxá),bicuiba bacaxa,-22.86655426,-42.40563583,brasil_aberto_first_street,True
RJ,3305505,Saquarema,Bonsucesso (Bacaxá),bonsucesso bacaxa,-22.8673172,-42.42959595,brasil_aberto_first_street,True
RJ,3305505,Saquarema,Boqueirão,boqueirao,-22.92823219,-42.55669022,brasil_aberto_first_street,True
RJ,3305505,Saquarema,Caixa D'água (Bacaxá),caixa d agua bacaxa,-22.88963699,-42.44132233,brasil_aberto_first_street,True
RJ,3305505,Saquarema,Centro,centro,-22.93234444,-42.53604507,brasil_aberto_first_street,True
RJ,3305505,Saquarema,Comum (Bacaxá),comum bacaxa,-22.90101814,-42.42457581,brasil_aberto_first_street,True
RJ,3305505,Saquarema,Condado de Bacaxá (Bacaxá),condado de bacaxa bacaxa,-22.85240364,-42.51506042,brasil_aberto_first_street,True
RJ,3305505,Saquarema,Coqueiral,coqueiral,-22.92823219,-42.55669022,brasil_aberto_first_street,True
RJ,3305505,Saquarema,Engenho Grande (Bacaxá),engenho grande bacaxa,-22.87224579,-42.39751816,brasil_aberto_first_street,True
RJ,3305505,Saquarema,Fátima (Bacaxá),fatima bacaxa,-22.8892334,-42.4734252,brasil_aberto_first_street,True
RJ,3305505,Saquarema,Gravatá,gravata,-22.93234444,-42.53604507,brasil_aberto_first_street,True
RJ,3305505,Saquarema,Guarani,guarani,-21.83655,-41.433262,mapbox_geocoding,True
RJ,3305505,Saquarema,Ipitangas,ipitangas,-22.9093374,-42.4061087,brasil_aberto_first_street,True
RJ,3305505,Saquarema,Itaúna,itauna,-22.933628,-42.4672139,brasil_aberto_first_street,True
RJ,3305505,Saquarema,Jaconé (Sampaio Correia),jacone sampaio correia,-22.93276596,-42.60153198,brasil_aberto_first_street,True
RJ,3305505,Saquarema,Jardim,jardim,-22.90257835,-42.49238968,brasil_aberto_first_street,True
RJ,3305505,Saquarema,Leigos,leigos,-22.93357086,-42.46599579,brasil_aberto_first_street,True
RJ,3305505,Saquarema,Madressilva (Bacaxá),madressilva bacaxa,-22.90257835,-42.49238968,brasil_aberto_first_street,True
RJ,3305505,Saquarema,Mombaça,mombaca,-22.881641,-42.5460573,brasil_aberto_first_street,True
RJ,3305505,Saquarema,Morro dos Pregos (Bacaxá),morro dos pregos bacaxa,-22.85240364,-42.51506042,brasil_aberto_first_street,True
RJ,3305505,Saquarema,Palmital,palmital,-22.865738,-42.463211,mapbox_geocoding,True
RJ,3305505,Saquarema,Parque Marina (Bacaxá),parque marina bacaxa,-22.8842659,-42.48482895,brasil_aberto_first_street,True
RJ,3305505,Saquarema,Porto da Roça I,porto da roca i,-22.91312027,-42.47651672,brasil_aberto_first_street,True
RJ,3305505,Saquarema,Porto da Roça II (Bacaxá),porto da roca ii bacaxa,-22.90399933,-42.47507477,brasil_aberto_first_street,True
RJ,3305505,Saquarema,Porto Novo,porto novo,-22.92550087,-42.48429871,brasil_aberto_first_street,True
RJ,3305505,Saquarema,Raia (Bacaxá),raia bacaxa,-22.89857483,-42.4515686,brasil_aberto_first_street,True
RJ,3305505,Saquarema,Retiro (Bacaxá),retiro bacaxa,-22.8848307,-42.467713,brasil_aberto_first_street,True
RJ,3305505,Saquarema,Rio da Areia (Bacaxá),rio da areia bacaxa,-22.87589455,-42.45751953,brasil_aberto_first_street,True
RJ,3305505,Saquarema,Rio Mole (Bacaxá),rio mole bacaxa,-22.8989292,-42.4688275,brasil_aberto_first_street,True
RJ,3305505,Saquarema,Rio Seco (Bacaxá),rio seco bacaxa,-22.85322189,-42.48973846,brasil_aberto_first_street,True
RJ,3305505,Saquarema,Sampaio Correia (Sampaio Correia),sampaio correia sampaio correia,-22.862633,-42.601395,mapbox_geocoding,True
RJ,3305505,Saquarema,São Geraldo (Bacaxá),sao geraldo bacaxa,-22.88645363,-42.47481155,brasil_aberto_first_street,True
RJ,3305505,Saquarema,Serra de Mato Grosso (Sampaio Correia),serra de mato grosso sampaio correia,-22.8814546,-42.6268969,brasil_aberto_first_street,True
RJ,3305505,Saquarema,Tinguí (Sampaio Correia),tingui sampaio correia,-22.8271347,-42.5983992,brasil_aberto_first_street,True
RJ,3305505,Saquarema,Verde Vale (Bacaxá),verde vale bacaxa,-22.89629745,-42.47961426,brasil_aberto_first_street,True
RJ,3305505,Saquarema,Vilatur,vilatur,-22.8953096,-42.4119358,brasil_aberto_first_street,True
RJ,3305554,Seropédica,Área Rural de Seropédica,area rural de seropedica,-22.76923561,-43.6850853,brasil_aberto_first_street,True
RJ,3305554,Seropédica,Boa Esperança,boa esperanca,-22.74583817,-43.68870926,brasil_aberto_first_street,True
RJ,3305554,Seropédica,Cabral,cabral,-22.6342411,-43.71033859,brasil_aberto_first_street,True
RJ,3305554,Seropédica,Campo Lindo,campo lindo,-22.81941223,-43.65338516,brasil_aberto_first_street,True
RJ,3305554,Seropédica,Canto do Rio,canto do rio,-22.93016815,-43.66794205,brasil_aberto_first_street,True
RJ,3305554,Seropédica,Carretão,carretao,-22.6711329,-43.6902872,brasil_aberto_first_street,True
RJ,3305554,Seropédica,Chaperó,chapero,-22.787873,-43.738572,mapbox_geocoding,True
RJ,3305554,Seropédica,Ecologia,ecologia,-22.79496574,-43.64829636,brasil_aberto_first_street,True
RJ,3305554,Seropédica,Fazenda Caxias,fazenda caxias,-22.74514008,-43.70114136,brasil_aberto_first_street,True
RJ,3305554,Seropédica,Incra,incra,-22.90143204,-43.18070221,brasil_aberto_first_street,True
RJ,3305554,Seropédica,Jardim Maracanã,jardim maracana,-22.73254204,-43.65585327,brasil_aberto_first_street,True
RJ,3305554,Seropédica,Jardins,jardins,-22.79816628,-43.6391716,brasil_aberto_first_street,True
RJ,3305554,Seropédica,Nazaré,nazare,-22.6721609,-43.6760969,brasil_aberto_first_street,True
RJ,3305554,Seropédica,Parque Jacimar,parque jacimar,-22.79798508,-43.65065384,brasil_aberto_first_street,True
RJ,3305554,Seropédica,Piranema,piranema,-22.78943825,-43.69123077,brasil_aberto_first_street,True
RJ,3305554,Seropédica,Santa Alice,santa alice,-22.7059843,-43.6854936,brasil_aberto_first_street,True
RJ,3305554,Seropédica,Santa Sofia,santa sofia,-22.72270393,-43.72966385,brasil_aberto_first_street,True
RJ,3305554,Seropédica,São Miguel,sao miguel,-22.699315,-43.7190392,brasil_aberto_first_street,True
RJ,3305554,Seropédica,UFRRJ,ufrrj,-22.78943825,-43.69123077,brasil_aberto_first_street,True
RJ,3305604,Silva Jardim,Aldeia Velha,aldeia velha,-22.6493508,-42.38938419999999,brasil_aberto_first_street,True
RJ,3305604,Silva Jardim,Bananeiras,bananeiras,-22.650867,-42.390537,mapbox_geocoding,True
RJ,3305604,Silva Jardim,Boqueirão,boqueirao,-22.650867,-42.390537,mapbox_geocoding,True
RJ,3305604,Silva Jardim,Caxito,caxito,-22.664786,-42.502325,mapbox_geocoding,True
RJ,3305604,Silva Jardim,Centro,centro,-22.6508684,-42.3905453,brasil_aberto_first_street,True
RJ,3305604,Silva Jardim,Coqueiro,coqueiro,-22.673315,-42.38057,mapbox_geocoding,True
RJ,3305604,Silva Jardim,Correntezas,correntezas,,,dne,True
RJ,3305604,Silva Jardim,Fazenda Brasil,fazenda brasil,,,brasil_aberto,True
RJ,3305604,Silva Jardim,Gaviões,gavioes,-22.643068,-42.395804,mapbox_geocoding,True
RJ,3305604,Silva Jardim,Imbaú,imbau,-22.617102,-42.47728,mapbox_geocoding,True
RJ,3305604,Silva Jardim,Mato Alto,mato alto,-22.69411,-42.449002,mapbox_geocoding,True
RJ,3305604,Silva Jardim,Quartéis,quarteis,,,dne,True
RJ,3305604,Silva Jardim,Varginha,varginha,-22.644679,-42.473944,mapbox_geocoding,True
RJ,3305703,Sumidouro,Campinas,campinas,-22.1623764,-42.66236877,brasil_aberto_first_street,True
RJ,3305703,Sumidouro,Centro,centro,-22.90275383,-43.18297195,brasil_aberto_first_street,True
RJ,3305703,Sumidouro,Dona Mariana,dona mariana,-21.603654,-41.316393,mapbox_geocoding,True
RJ,3305703,Sumidouro,Soledade,soledade,-22.1680172,-42.7173856,brasil_aberto_first_street,True
RJ,3305752,Tanguá,Ampliação,ampliacao,-22.7236346,-42.7161638,brasil_aberto_first_street,True
RJ,3305752,Tanguá,Bandeirantes I,bandeirantes i,-22.932144,-42.628674,mapbox_geocoding,True
RJ,3305752,Tanguá,Bandeirantes II,bandeirantes ii,-22.734984,-42.752224,mapbox_geocoding,True
RJ,3305752,Tanguá,Centro,centro,-22.73485947,-42.72061157,brasil_aberto_first_street,True
RJ,3305752,Tanguá,Duques,duques,-22.9946052,-43.4453128,brasil_aberto_first_street,True
RJ,3305752,Tanguá,Posse dos Coutinhos,posse dos coutinhos,-22.7567443,-42.7188546,brasil_aberto_first_street,True
RJ,3305802,Teresópolis,Agriões,agrioes,-22.81762123,-43.42268753,brasil_aberto_first_street,True
RJ,3305802,Teresópolis,Água Quente,agua quente,-22.1632503,-42.7709481,brasil_aberto_first_street,True
RJ,3305802,Teresópolis,Albuquerque,albuquerque,-22.98829842,-43.59194183,brasil_aberto_first_street,True
RJ,3305802,Teresópolis,Alto,alto,-22.42993355,-42.9796524,brasil_aberto_first_street,True
RJ,3305802,Teresópolis,Andradas,andradas,-22.4170038,-42.9755379,brasil_aberto_first_street,True
RJ,3305802,Teresópolis,Antas,antas,-22.81640434,-43.77602005,brasil_aberto_first_street,True
RJ,3305802,Teresópolis,Araras,araras,-22.43328857,-42.96993637,brasil_aberto_first_street,True
RJ,3305802,Teresópolis,Área Rural de Teresópolis,area rural de teresopolis,-22.4161561,-42.9720399,brasil_aberto_first_street,True
RJ,3305802,Teresópolis,Artistas,artistas,-22.40406227,-42.96533203,brasil_aberto_first_street,True
RJ,3305802,Teresópolis,Barra do Imbuí,barra do imbui,-22.39762878,-42.98419189,brasil_aberto_first_street,True
RJ,3305802,Teresópolis,Barroso,barroso,-22.409533,-42.9672,mapbox_geocoding,True
RJ,3305802,Teresópolis,Baú,bau,-22.4170038,-42.9755379,brasil_aberto_first_street,True
RJ,3305802,Teresópolis,Biquinha,biquinha,-22.2990843,-42.9187452,brasil_aberto_first_street,True
RJ,3305802,Teresópolis,Bom Retiro,bom retiro,-22.42839622,-42.95780945,brasil_aberto_first_street,True
RJ,3305802,Teresópolis,Bonsucesso,bonsucesso,-22.32622719,-42.83010101,brasil_aberto_first_street,True
RJ,3305802,Teresópolis,Caleme,caleme,-22.399443,-43.00728,mapbox_geocoding,True
RJ,3305802,Teresópolis,Campanha,campanha,-22.2677471,-42.7772012,brasil_aberto_first_street,True
RJ,3305802,Teresópolis,Campo Limpo,campo limpo,-22.31176186,-42.91028595,brasil_aberto_first_street,True
RJ,3305802,Teresópolis,Carlos Guinle,carlos guinle,-22.45368958,-42.97410965,brasil_aberto_first_street,True
RJ,3305802,Teresópolis,Cascata do Imbuí,cascata do imbui,-22.37699,-42.983173,mapbox_geocoding,True
RJ,3305802,Teresópolis,Cascata dos Amores,cascata dos amores,-22.43310356,-42.99171448,brasil_aberto_first_street,True
RJ,3305802,Teresópolis,Cascata Guarani,cascata guarani,-22.42352295,-42.97626877,brasil_aberto_first_street,True
RJ,3305802,Teresópolis,Caxangá,caxanga,-22.443405,-42.97555,mapbox_geocoding,True
RJ,3305802,Teresópolis,Caxumba,caxumba,-22.4170038,-42.9755379,brasil_aberto_first_street,True
RJ,3305802,Teresópolis,Colônia Alpina,colonia alpina,-22.45327187,-42.9659462,brasil_aberto_first_street,True
RJ,3305802,Teresópolis,Córrego das Pedras,corrego das pedras,-22.35854912,-42.86382675,brasil_aberto_first_street,True
RJ,3305802,Teresópolis,Córrego Sujo,corrego sujo,-22.2496256,-42.8262304,brasil_aberto_first_street,True
RJ,3305802,Teresópolis,Corta Vento,corta vento,-22.42152405,-42.97874069,brasil_aberto_first_street,True
RJ,3305802,Teresópolis,Cruzeiro,cruzeiro,-22.3032448,-42.9478931,brasil_aberto_first_street,True
RJ,3305802,Teresópolis,Cuiabá,cuiaba,-15.5954635,-56.0925824,brasil_aberto_first_street,True
RJ,3305802,Teresópolis,Ermitage,ermitage,-22.40749359,-42.95543671,brasil_aberto_first_street,True
RJ,3305802,Teresópolis,Fazenda Alpina,fazenda alpina,-22.3369534,-42.980937,brasil_aberto_first_street,True
RJ,3305802,Teresópolis,Fazenda Boa Fé,fazenda boa fe,-22.38759804,-42.87516022,brasil_aberto_first_street,True
RJ,3305802,Teresópolis,Fazenda Conceição,fazenda conceicao,-22.4526915,-42.9766307,brasil_aberto_first_street,True
RJ,3305802,Teresópolis,Fazenda Suiça,fazenda suica,-22.2870903,-42.9305954,brasil_aberto_first_street,True
RJ,3305802,Teresópolis,Fazendinha,fazendinha,-22.42559814,-42.97220612,brasil_aberto_first_street,True
RJ,3305802,Teresópolis,Fischer,fischer,-22.37586975,-42.95632935,brasil_aberto_first_street,True
RJ,3305802,Teresópolis,Fonte Santa,fonte santa,-22.3856325,-42.955474,brasil_aberto_first_street,True
RJ,3305802,Teresópolis,Golfe,golfe,-22.39762878,-42.98419189,brasil_aberto_first_street,True
RJ,3305802,Teresópolis,Granja Florestal,granja florestal,-22.37338448,-42.98563766,brasil_aberto_first_street,True
RJ,3305802,Teresópolis,Granja Guarani,granja guarani,-22.44741249,-42.99365997,brasil_aberto_first_street,True
RJ,3305802,Teresópolis,Granja Mafra,granja mafra,-22.30610085,-42.93619156,brasil_aberto_first_street,True
RJ,3305802,Teresópolis,Green Valleiy,green valleiy,-22.3262271,-42.8301009,brasil_aberto_first_street,True
RJ,3305802,Teresópolis,Imbiu,imbiu,-22.38022804,-42.99842834,brasil_aberto_first_street,True
RJ,3305802,Teresópolis,Iucas,iucas,-22.409533,-42.9672,mapbox_geocoding,True
RJ,3305802,Teresópolis,Jardim Cascata,jardim cascata,-22.42666626,-42.97893906,brasil_aberto_first_street,True
RJ,3305802,Teresópolis,Jardim Europa,jardim europa,-22.41105843,-42.96752167,brasil_aberto_first_street,True
RJ,3305802,Teresópolis,Jardim Meudon,jardim meudon,-22.434484,-42.950943,mapbox_geocoding,True
RJ,3305802,Teresópolis,Jardim Pinheiros,jardim pinheiros,-22.86703491,-43.45019531,brasil_aberto_first_street,True
RJ,3305802,Teresópolis,Jardim Salaco,jardim salaco,-22.368912,-42.962196,mapbox_geocoding,True
RJ,3305802,Teresópolis,Maria da Prata,maria da prata,-22.3871824,-42.9556552,brasil_aberto_first_street,True
RJ,3305802,Teresópolis,Meudon,meudon,-22.43383217,-42.94431686,brasil_aberto_first_street,True
RJ,3305802,Teresópolis,Motas,motas,-22.21521378,-42.75608063,brasil_aberto_first_street,True
RJ,3305802,Teresópolis,Nhunguaçu,nhunguacu,-22.17749786,-42.43009949,brasil_aberto_first_street,True
RJ,3305802,Teresópolis,Nossa Senhora de Fátima,nossa senhora de fatima,-22.43153572,-42.9782486,brasil_aberto_first_street,True
RJ,3305802,Teresópolis,Paineira,paineira,-22.39762878,-42.98419189,brasil_aberto_first_street,True
RJ,3305802,Teresópolis,Panorama,panorama,-22.4175386,-42.9787854,brasil_aberto_first_street,True
RJ,3305802,Teresópolis,Paquequer Pequeno,paquequer pequeno,,,dne,True
RJ,3305802,Teresópolis,Parque Boa União,parque boa uniao,-22.4170038,-42.9755379,brasil_aberto_first_street,True
RJ,3305802,Teresópolis,Parque do Imbui,parque do imbui,-22.3897497,-42.9974405,brasil_aberto_first_street,True
RJ,3305802,Teresópolis,Parque do Ingá,parque do inga,-22.43930626,-42.98345566,brasil_aberto_first_street,True
RJ,3305802,Teresópolis,Parque São Luiz,parque sao luiz,-22.4133873,-42.96333694,brasil_aberto_first_street,True
RJ,3305802,Teresópolis,Pessegueiros,pessegueiros,-22.4069114,-42.95543790000001,brasil_aberto_first_street,True
RJ,3305802,Teresópolis,Pimenteiras,pimenteiras,-22.4209912,-42.9759573,brasil_aberto_first_street,True
RJ,3305802,Teresópolis,Ponte Nova,ponte nova,-18.14040565,-41.6963768,brasil_aberto_first_street,True
RJ,3305802,Teresópolis,Posse,posse,-22.37816048,-42.99202347,brasil_aberto_first_street,True
RJ,3305802,Teresópolis,Prata,prata,-22.3871824,-42.9556552,brasil_aberto_first_street,True
RJ,3305802,Teresópolis,Prata dos Aredes,prata dos aredes,-22.4109789,-42.9067138,brasil_aberto_first_street,True
RJ,3305802,Teresópolis,Providência,providencia,-22.2645478,-42.9295407,brasil_aberto_first_street,True
RJ,3305802,Teresópolis,Quebra Coco,quebra coco,-22.4170038,-42.9755379,brasil_aberto_first_street,True
RJ,3305802,Teresópolis,Quebra Frascos,quebra frascos,-22.40930557,-42.98719406,brasil_aberto_first_street,True
RJ,3305802,Teresópolis,Quebra Vidro,quebra vidro,-22.26807594,-42.8518219,brasil_aberto_first_street,True
RJ,3305802,Teresópolis,Quinta da Barra,quinta da barra,-22.39566231,-42.96898651,brasil_aberto_first_street,True
RJ,3305802,Teresópolis,Quinta Lebrão,quinta lebrao,-22.408396,-42.948048,mapbox_geocoding,True
RJ,3305802,Teresópolis,Santa Cecília,santa cecilia,-22.409533,-42.9672,mapbox_geocoding,True
RJ,3305802,Teresópolis,Santa Rosa,santa rosa,-22.2387743,-42.7719307,brasil_aberto_first_street,True
RJ,3305802,Teresópolis,São Pedro,sao pedro,-22.4324398,-42.96866226,brasil_aberto_first_street,True
RJ,3305802,Teresópolis,Sebastiana,sebastiana,-22.27289009,-42.84499359,brasil_aberto_first_street,True
RJ,3305802,Teresópolis,Segredo,segredo,-22.5452258,-42.6727914,brasil_aberto_first_street,True
RJ,3305802,Teresópolis,Serra,serra,-22.87153053,-43.536026,brasil_aberto_first_street,True
RJ,3305802,Teresópolis,Serra do Capim,serra do capim,-22.1660049,-42.8372943,brasil_aberto_first_street,True
RJ,3305802,Teresópolis,Serra do Palmital,serra do palmital,-22.2850731,-42.72174709999999,brasil_aberto_first_street,True
RJ,3305802,Teresópolis,Serrinha,serrinha,-11.662842,-39.0084965,brasil_aberto_first_street,True
RJ,3305802,Teresópolis,Soberbo,soberbo,-22.45566368,-42.98450089,brasil_aberto_first_street,True
RJ,3305802,Teresópolis,Sobradinho,sobradinho,-22.2833772,-42.9293974,brasil_aberto_first_street,True
RJ,3305802,Teresópolis,Souto Maior,souto maior,-21.83144379,-41.27122498,brasil_aberto_first_street,True
RJ,3305802,Teresópolis,Taboinha,taboinha,-22.43310356,-42.99171448,brasil_aberto_first_street,True
RJ,3305802,Teresópolis,Taumaturgo,taumaturgo,-22.43032074,-42.98284149,brasil_aberto_first_street,True
RJ,3305802,Teresópolis,Tijuca,tijuca,-22.4185156,-42.9563153,brasil_aberto_first_street,True
RJ,3305802,Teresópolis,Três Córregos,tres corregos,-22.3572074,-42.94208649999999,brasil_aberto_first_street,True
RJ,3305802,Teresópolis,Trombetas,trombetas,-22.41009331,-42.96543121,brasil_aberto_first_street,True
RJ,3305802,Teresópolis,Vale do Paraíso,vale do paraiso,-12.97052574,-38.47457886,brasil_aberto_first_street,True
RJ,3305802,Teresópolis,Vale Feliz,vale feliz,-22.38248062,-42.93610764,brasil_aberto_first_street,True
RJ,3305802,Teresópolis,Vargem Grande,vargem grande,-22.802123,-43.021816,mapbox_geocoding,True
RJ,3305802,Teresópolis,Várzea,varzea,-22.4111518,-42.9653428,brasil_aberto_first_street,True
RJ,3305802,Teresópolis,Venda Nova,venda nova,-22.346761,-42.8614984,brasil_aberto_first_street,True
RJ,3305802,Teresópolis,Viana,viana,-22.4161561,-42.9720399,brasil_aberto_first_street,True
RJ,3305802,Teresópolis,Vieira,vieira,-22.26867294,-42.76219559,brasil_aberto_first_street,True
RJ,3305802,Teresópolis,Vila Muqui,vila muqui,-22.39762878,-42.98419189,brasil_aberto_first_street,True
RJ,3305802,Teresópolis,Vista Alegre,vista alegre,-22.4170038,-42.9755379,brasil_aberto_first_street,True
RJ,3305802,Teresópolis,Volta do Pião,volta do piao,-22.12265015,-42.77852249,brasil_aberto_first_street,True
RJ,3305802,Teresópolis,Xotó,xoto,-22.4170038,-42.9755379,brasil_aberto_first_street,True
RJ,3305901,Trajano de Moraes,Barra dos Passos,barra dos passos,-22.06342,-42.063442,mapbox_geocoding,True
RJ,3305901,Trajano de Moraes,Centro,centro,-22.0625,-42.0633316,brasil_aberto_first_street,True
RJ,3305901,Trajano de Moraes,Doutor Elias,doutor elias,,,dne,True
RJ,3305901,Trajano de Moraes,Maria Mendonça,maria mendonca,-22.06342,-42.063442,mapbox_geocoding,True
RJ,3305901,Trajano de Moraes,Monte Café,monte cafe,-22.06342,-42.063442,mapbox_geocoding,True
RJ,3305901,Trajano de Moraes,Ponte de Zinco,ponte de zinco,-22.06342,-42.063442,mapbox_geocoding,True
RJ,3305901,Trajano de Moraes,Ponte Nova,ponte nova,-22.162734,-42.141,mapbox_geocoding,True
RJ,3305901,Trajano de Moraes,Sodrelândia,sodrelandia,-22.136132,-42.071666,mapbox_geocoding,True
RJ,3305901,Trajano de Moraes,Tapera,tapera,,,dne,True
RJ,3305901,Trajano de Moraes,Vila Americana,vila americana,-22.185316,-42.106464,mapbox_geocoding,True
RJ,3305901,Trajano de Moraes,Vila da Grama,vila da grama,,,dne,True
RJ,3305901,Trajano de Moraes,Visconde de Imbé,visconde de imbe,-22.068019,-42.159719,mapbox_geocoding,True
RJ,3306008,Três Rios,Área Rural de Três Rios,area rural de tres rios,-22.11617279,-43.19968033,brasil_aberto_first_street,True
RJ,3306008,Três Rios,Barros Franco,barros franco,-22.1039585,-43.19227040000001,brasil_aberto_first_street,True
RJ,3306008,Três Rios,Bemposta,bemposta,,,dne,True
RJ,3306008,Três Rios,Boa União,boa uniao,-22.0976247,-43.217078,brasil_aberto_first_street,True
RJ,3306008,Três Rios,Caixa D'Água,caixa d agua,-22.10688019,-43.20767975,brasil_aberto_first_street,True
RJ,3306008,Três Rios,Cantagalo,cantagalo,-22.12115097,-43.2257843,brasil_aberto_first_street,True
RJ,3306008,Três Rios,Centro,centro,-22.11834145,-43.21535873,brasil_aberto_first_street,True
RJ,3306008,Três Rios,Cidade Nova,cidade nova,-22.1078949,-43.22475815,brasil_aberto_first_street,True
RJ,3306008,Três Rios,Habitat,habitat,-22.802099,-43.009998,mapbox_geocoding,True
RJ,3306008,Três Rios,Hermogênio Silva,hermogenio silva,-22.85763741,-42.01945114,brasil_aberto_first_street,True
RJ,3306008,Três Rios,Jaqueira,jaqueira,-22.09883308,-43.18671036,brasil_aberto_first_street,True
RJ,3306008,Três Rios,Jardim Primavera,jardim primavera,-22.10405159,-43.21327209,brasil_aberto_first_street,True
RJ,3306008,Três Rios,Ladeira das Palmeiras,ladeira das palmeiras,-22.1140969,-43.20073989999999,brasil_aberto_first_street,True
RJ,3306008,Três Rios,Monte Castelo,monte castelo,-22.08977699,-43.21513367,brasil_aberto_first_street,True
RJ,3306008,Três Rios,Morada do Sol,morada do sol,-22.10899353,-43.18206406,brasil_aberto_first_street,True
RJ,3306008,Três Rios,Morro da CTB,morro da ctb,-22.11090279,-43.21311951,brasil_aberto_first_street,True
RJ,3306008,Três Rios,Moura Brasil,moura brasil,-22.1198154,-43.1529163,brasil_aberto_first_street,True
RJ,3306008,Três Rios,Nova Niterói,nova niteroi,-22.12249374,-43.2109108,brasil_aberto_first_street,True
RJ,3306008,Três Rios,Palmital,palmital,-22.10538101,-43.18803787,brasil_aberto_first_street,True
RJ,3306008,Três Rios,Pátio da Estação,patio da estacao,-22.11397171,-43.20532608,brasil_aberto_first_street,True
RJ,3306008,Três Rios,Pilões,piloes,-22.1384697,-43.17093277,brasil_aberto_first_street,True
RJ,3306008,Três Rios,Ponte das Garças,ponte das garcas,-22.12223053,-43.18016434,brasil_aberto_first_street,True
RJ,3306008,Três Rios,Ponto Azul,ponto azul,-21.7990303,-42.5689888,brasil_aberto_first_street,True
RJ,3306008,Três Rios,Portão Vermelho,portao vermelho,-22.10477448,-43.21094894,brasil_aberto_first_street,True
RJ,3306008,Três Rios,Purys,purys,-22.09730721,-43.20701599,brasil_aberto_first_street,True
RJ,3306008,Três Rios,Santa Rosa,santa rosa,-22.10836601,-43.2225647,brasil_aberto_first_street,True
RJ,3306008,Três Rios,Santa Teresinha,santa teresinha,-22.85565376,-43.27244186,brasil_aberto_first_street,True
RJ,3306008,Três Rios,Triângulo,triangulo,-22.11874771,-43.19570541,brasil_aberto_first_street,True
RJ,3306008,Três Rios,Vila Isabel,vila isabel,-22.11225128,-43.18805695,brasil_aberto_first_street,True
RJ,3306008,Três Rios,Vila Paraíso,vila paraiso,-22.0947837,-43.165634,brasil_aberto_first_street,True
RJ,3306107,Valença,Alicácio,alicacio,-22.239907,-43.706091,mapbox_geocoding,True
RJ,3306107,Valença,Antônio Lopes (Parapeúna),antonio lopes parapeuna,-22.104087,-43.839134,mapbox_geocoding,True
RJ,3306107,Valença,Aparecida,aparecida,-22.252319,-43.71012,mapbox_geocoding,True
RJ,3306107,Valença,Área Rural de Valença,area rural de valenca,-22.24493,-43.702293,mapbox_geocoding,True
RJ,3306107,Valença,Bairro de Fátima,bairro de fatima,-22.237472,-43.706558,mapbox_geocoding,True
RJ,3306107,Valença,Barão de Juparana,barao de juparana,,,dne,True
RJ,3306107,Valença,Barroso,barroso,-22.237383,-43.702108,mapbox_geocoding,True
RJ,3306107,Valença,Belo Horizonte,belo horizonte,-22.250981,-43.711185,mapbox_geocoding,True
RJ,3306107,Valença,Benfica,benfica,-22.21993,-43.677436,mapbox_geocoding,True
RJ,3306107,Valença,Benfica (Conservatória),benfica conservatoria,-22.345219,-43.68225,mapbox_geocoding,True
RJ,3306107,Valença,Biquinha,biquinha,-22.21993,-43.677436,mapbox_geocoding,True
RJ,3306107,Valença,Brasil Novo,brasil novo,-22.345219,-43.68225,mapbox_geocoding,True
RJ,3306107,Valença,Cambotá,cambota,-22.218084,-43.683109,mapbox_geocoding,True
RJ,3306107,Valença,Canteiro,canteiro,-22.303225,-43.6701,mapbox_geocoding,True
RJ,3306107,Valença,Carambita,carambita,-22.227747,-43.710517,mapbox_geocoding,True
RJ,3306107,Valença,Centro,centro,-22.2408156,-43.7078473,brasil_aberto_first_street,True
RJ,3306107,Valença,Centro (Barão de Juparanã),centro barao de juparana,-22.343484,-43.680891,mapbox_geocoding,True
RJ,3306107,Valença,Centro (Conservatória),centro conservatoria,-22.24493,-43.702293,mapbox_geocoding,True
RJ,3306107,Valença,Centro (Parapeúna),centro parapeuna,-22.24493,-43.702293,mapbox_geocoding,True
RJ,3306107,Valença,Centro (Pentagna),centro pentagna,-22.165609,-43.763024,mapbox_geocoding,True
RJ,3306107,Valença,Centro (Santa Isabel do Rio Preto),centro santa isabel do rio preto,-22.227733,-44.067387,mapbox_geocoding,True
RJ,3306107,Valença,Chácara (Parapeúna),chacara parapeuna,-22.126887,-43.779698,mapbox_geocoding,True
RJ,3306107,Valença,Chacrinha,chacrinha,-22.250981,-43.711185,mapbox_geocoding,True
RJ,3306107,Valença,Chica Cobra,chica cobra,-22.345219,-43.68225,mapbox_geocoding,True
RJ,3306107,Valença,Conservatória,conservatoria,,,dne,True
RJ,3306107,Valença,Cruzeiro (Santa Isabel do Rio Preto),cruzeiro santa isabel do rio preto,-22.385781,-44.112914,mapbox_geocoding,True
RJ,3306107,Valença,Da Vila (Pentagna),da vila pentagna,-22.165609,-43.763024,mapbox_geocoding,True
RJ,3306107,Valença,Distrito Industrial (Barão de Juparanã),distrito industrial barao de juparana,-22.339924,-43.677757,mapbox_geocoding,True
RJ,3306107,Valença,Duque de Caxias (Barão de Juparanã),duque de caxias barao de juparana,-22.300909,-43.685149,mapbox_geocoding,True
RJ,3306107,Valença,Esplanada do Cruzeiro,esplanada do cruzeiro,-22.242006,-43.699183,mapbox_geocoding,True
RJ,3306107,Valença,Esteves,esteves,-22.303225,-43.6701,mapbox_geocoding,True
RJ,3306107,Valença,Hildebrando Lopes,hildebrando lopes,-22.727731,-41.99289,mapbox_geocoding,True
RJ,3306107,Valença,Jardim Dona Angelina,jardim dona angelina,-22.264517,-43.693375,mapbox_geocoding,True
RJ,3306107,Valença,Jardim Nossa Senhora de Lourdes,jardim nossa senhora de lourdes,-22.509852,-43.175273,mapbox_geocoding,True
RJ,3306107,Valença,Jardim Seresta (Conservatória),jardim seresta conservatoria,-22.281277,-43.917702,mapbox_geocoding,True
RJ,3306107,Valença,Jardim Valença,jardim valenca,-22.237133,-43.703597,mapbox_geocoding,True
RJ,3306107,Valença,João Bonito,joao bonito,-20.531129,-54.633685,mapbox_geocoding,True
RJ,3306107,Valença,João Dias,joao dias,-22.254779,-43.708529,mapbox_geocoding,True
RJ,3306107,Valença,Laranjeiras,laranjeiras,-22.495451,-44.101735,mapbox_geocoding,True
RJ,3306107,Valença,Leca (Santa Isabel do Rio Preto),leca santa isabel do rio preto,-22.231638,-44.066458,mapbox_geocoding,True
RJ,3306107,Valença,Monte Belo,monte belo,-22.256977,-43.715589,mapbox_geocoding,True
RJ,3306107,Valença,Monte D'Ouro,monte d ouro,-22.237472,-43.706558,mapbox_geocoding,True
RJ,3306107,Valença,Morada do Sol,morada do sol,-22.258776,-43.719179,mapbox_geocoding,True
RJ,3306107,Valença,Nossa Senhora da Conceição,nossa senhora da conceicao,-22.21526,-43.699619,mapbox_geocoding,True
RJ,3306107,Valença,Novo Horizonte,novo horizonte,-22.236715,-43.708589,mapbox_geocoding,True
RJ,3306107,Valença,Osório,osorio,-22.200057,-43.726489,mapbox_geocoding,True
RJ,3306107,Valença,Paraíso,paraiso,-22.303225,-43.6701,mapbox_geocoding,True
RJ,3306107,Valença,Paraíso (Barão de Juparanã),paraiso barao de juparana,-22.21547,-43.685053,mapbox_geocoding,True
RJ,3306107,Valença,Parapeúna,parapeuna,,,dne,True
RJ,3306107,Valença,Parque da Água Fria,parque da agua fria,-22.232095,-43.705813,mapbox_geocoding,True
RJ,3306107,Valença,Parque Pentagna,parque pentagna,-22.679258,-42.586792,mapbox_geocoding,True
RJ,3306107,Valença,Passagem,passagem,-22.391365,-43.866685,mapbox_geocoding,True
RJ,3306107,Valença,Pedro Carlos,pedro carlos,,,brasil_aberto,True
RJ,3306107,Valença,Pedro Carlos (Conservatória),pedro carlos conservatoria,-22.290537,-43.934317,mapbox_geocoding,True
RJ,3306107,Valença,Pentagna,pentagna,,,dne,True
RJ,3306107,Valença,Ponte Funda,ponte funda,-22.203578,-43.726694,mapbox_geocoding,True
RJ,3306107,Valença,Pontilhão do Retiro (Parapeúna),pontilhao do retiro parapeuna,-22.297896,-43.678745,mapbox_geocoding,True
RJ,3306107,Valença,Quirino,quirino,,,brasil_aberto,True
RJ,3306107,Valença,Quirino (Barão de Juparanã),quirino barao de juparana,-22.345219,-43.68225,mapbox_geocoding,True
RJ,3306107,Valença,Raia (Conservatória),raia conservatoria,-22.345219,-43.68225,mapbox_geocoding,True
RJ,3306107,Valença,Rancho Novo,rancho novo,-22.345219,-43.68225,mapbox_geocoding,True
RJ,3306107,Valença,Sabão (Conservatória),sabao conservatoria,-22.283858,-43.930133,mapbox_geocoding,True
RJ,3306107,Valença,Santa Cruz,santa cruz,-22.254779,-43.708529,mapbox_geocoding,True
RJ,3306107,Valença,Santa Isabel do Rio Preto,santa isabel do rio preto,,,dne,True
RJ,3306107,Valença,Santa Terezinha,santa terezinha,-22.345219,-43.68225,mapbox_geocoding,True
RJ,3306107,Valença,São Bento (Santa Isabel do Rio Preto),sao bento santa isabel do rio preto,-22.2272,-44.066494,mapbox_geocoding,True
RJ,3306107,Valença,São Cristóvão,sao cristovao,-22.241641,-43.703003,mapbox_geocoding,True
RJ,3306107,Valença,São Francisco,sao francisco,-22.24493,-43.702293,mapbox_geocoding,True
RJ,3306107,Valença,São Jorge (Santa Isabel do Rio Preto),sao jorge santa isabel do rio preto,-22.314045,-42.174385,mapbox_geocoding,True
RJ,3306107,Valença,São José das Palmeiras,sao jose das palmeiras,-22.227318,-43.705639,mapbox_geocoding,True
RJ,3306107,Valença,São Miguel (Parapeúna),sao miguel parapeuna,-22.093371,-43.831052,mapbox_geocoding,True
RJ,3306107,Valença,São Sebastião (Santa Isabel do Rio Preto),sao sebastiao santa isabel do rio preto,-20.931256,-41.868158,mapbox_geocoding,True
RJ,3306107,Valença,Saudade (Conservatória),saudade conservatoria,-22.24493,-43.702293,mapbox_geocoding,True
RJ,3306107,Valença,Serra da Glória,serra da gloria,-22.679258,-42.586792,mapbox_geocoding,True
RJ,3306107,Valença,Spala,spala,-22.227673,-43.708548,mapbox_geocoding,True
RJ,3306107,Valença,Terceira Turma,terceira turma,-22.345219,-43.68225,mapbox_geocoding,True
RJ,3306107,Valença,Torres Homem,torres homem,-22.242917,-43.695966,mapbox_geocoding,True
RJ,3306107,Valença,Vale Verde,vale verde,-22.28763,-43.752892,mapbox_geocoding,True
RJ,3306107,Valença,Varginha,varginha,-22.760262,-43.575516,mapbox_geocoding,True
RJ,3306107,Valença,Vila Ivete (Santa Isabel do Rio Preto),vila ivete santa isabel do rio preto,-22.520185,-42.968375,mapbox_geocoding,True
RJ,3306107,Valença,Vila Progresso,vila progresso,-22.245041,-43.6982,mapbox_geocoding,True
RJ,3306156,Varre-Sai,Centro,centro,-20.92974091,-41.86766434,brasil_aberto_first_street,True
RJ,3306206,Vassouras,Andrade Costa,andrade costa,-22.408056,-43.660892,mapbox_geocoding,True
RJ,3306206,Vassouras,Andrade Pinto,andrade pinto,,,dne,True
RJ,3306206,Vassouras,Centro,centro,-22.23870659,-43.4213295,brasil_aberto_first_street,True
RJ,3306206,Vassouras,Itakamosi,itakamosi,-22.418529,-43.749116,mapbox_geocoding,True
RJ,3306206,Vassouras,Itakamozi,itakamozi,,,brasil_aberto,True
RJ,3306206,Vassouras,Massambará,massambara,-22.2876241,-43.5832121,brasil_aberto_first_street,True
RJ,3306206,Vassouras,São Sebastião dos Ferreiros,sao sebastiao dos ferreiros,,,dne,True
RJ,3306206,Vassouras,Sebastião de Lacerda,sebastiao de lacerda,,,dne,True
RJ,3306305,Volta Redonda,Açude,acude,-22.49002647,-44.12139893,brasil_aberto_first_street,True
RJ,3306305,Volta Redonda,Aero Clube,aero clube,-22.50539207,-44.08239365,brasil_aberto_first_street,True
RJ,3306305,Volta Redonda,Água Limpa,agua limpa,-22.50575447,-44.0646286,brasil_aberto_first_street,True
RJ,3306305,Volta Redonda,Área Rural de Volta Redonda,area rural de volta redonda,-22.50019836,-44.12236404,brasil_aberto_first_street,True
RJ,3306305,Volta Redonda,Aterrado,aterrado,-22.5096302,-44.08375931,brasil_aberto_first_street,True
RJ,3306305,Volta Redonda,Barreira Cravo,barreira cravo,-22.49373055,-44.0867691,brasil_aberto_first_street,True
RJ,3306305,Volta Redonda,Bela Vista,bela vista,-22.5226286,-44.1096954,brasil_aberto_first_street,True
RJ,3306305,Volta Redonda,Belmonte,belmonte,-22.50738525,-44.13322449,brasil_aberto_first_street,True
RJ,3306305,Volta Redonda,Belo Horizonte,belo horizonte,-22.49187469,-44.10862732,brasil_aberto_first_street,True
RJ,3306305,Volta Redonda,Bom Jesus,bom jesus,-22.49612427,-44.10482025,brasil_aberto_first_street,True
RJ,3306305,Volta Redonda,Brasilândia,brasilandia,-22.489663,-44.107177,mapbox_geocoding,True
RJ,3306305,Volta Redonda,Caieira,caieira,,,brasil_aberto,True
RJ,3306305,Volta Redonda,Cailândia,cailandia,,,brasil_aberto,True
RJ,3306305,Volta Redonda,Candelária,candelaria,-22.4678421,-44.07541275,brasil_aberto_first_street,True
RJ,3306305,Volta Redonda,Casa de Pedra,casa de pedra,-22.54208183,-44.06642914,brasil_aberto_first_street,True
RJ,3306305,Volta Redonda,Centro,centro,-22.511464,-44.0873384,brasil_aberto_first_street,True
RJ,3306305,Volta Redonda,Colorado,colorado,-22.485979,-44.053677,mapbox_geocoding,True
RJ,3306305,Volta Redonda,Conforto,conforto,-22.522367,-44.10478,mapbox_geocoding,True
RJ,3306305,Volta Redonda,Coqueiros,coqueiros,37.95892715,-8.86496162,brasil_aberto_first_street,True
RJ,3306305,Volta Redonda,Dom Bosco,dom bosco,-22.47725868,-44.06097412,brasil_aberto_first_street,True
RJ,3306305,Volta Redonda,Duzentos e Quarenta e Nove,duzentos e quarenta e nove,-22.53059578,-44.12740707,brasil_aberto_first_street,True
RJ,3306305,Volta Redonda,Eldorado,eldorado,,,brasil_aberto,True
RJ,3306305,Volta Redonda,Eucaliptal,eucaliptal,-22.52518654,-44.1177597,brasil_aberto_first_street,True
RJ,3306305,Volta Redonda,Jardim Amália,jardim amalia,-22.496066,-44.09542,mapbox_geocoding,True
RJ,3306305,Volta Redonda,Jardim Belvedere,jardim belvedere,-22.53152084,-44.07025909,brasil_aberto_first_street,True
RJ,3306305,Volta Redonda,Jardim Cidade do Aço,jardim cidade do aco,-22.5279137,-44.1406553,brasil_aberto_first_street,True
RJ,3306305,Volta Redonda,Jardim Esperança,jardim esperanca,-22.53542137,-44.08875275,brasil_aberto_first_street,True
RJ,3306305,Volta Redonda,Jardim Europa,jardim europa,-22.527594,-44.128523,mapbox_geocoding,True
RJ,3306305,Volta Redonda,Jardim Normandia,jardim normandia,,,brasil_aberto,True
RJ,3306305,Volta Redonda,Jardim Padre Josimo Tavares,jardim padre josimo tavares,-22.5131724,-44.14726,brasil_aberto_first_street,True
RJ,3306305,Volta Redonda,Jardim Paraíba,jardim paraiba,-22.50610733,-44.09422684,brasil_aberto_first_street,True
RJ,3306305,Volta Redonda,Jardim Ponte Alta,jardim ponte alta,-22.487153,-44.056409,mapbox_geocoding,True
RJ,3306305,Volta Redonda,Jardim Primavera,jardim primavera,-22.4983902,-44.09707642,brasil_aberto_first_street,True
RJ,3306305,Volta Redonda,Jardim Suíça,jardim suica,-22.53326988,-44.13599014,brasil_aberto_first_street,True
RJ,3306305,Volta Redonda,Jardim Tiradentes,jardim tiradentes,-22.48748779,-44.0546875,brasil_aberto_first_street,True
RJ,3306305,Volta Redonda,Jardim Veneza,jardim veneza,-22.4957428,-44.08526611,brasil_aberto_first_street,True
RJ,3306305,Volta Redonda,Jardim Vila Rica - Tiradentes,jardim vila rica tiradentes,-22.51693726,-44.10575867,brasil_aberto_first_street,True
RJ,3306305,Volta Redonda,Laranjal,laranjal,-22.5141716,-44.09813309,brasil_aberto_first_street,True
RJ,3306305,Volta Redonda,Limoeiro,limoeiro,,,brasil_aberto,True
RJ,3306305,Volta Redonda,Mariana Torres,mariana torres,-22.4897801,-44.1071669,brasil_aberto_first_street,True
RJ,3306305,Volta Redonda,Minerlândia,minerlandia,-22.53053284,-44.12239838,brasil_aberto_first_street,True
RJ,3306305,Volta Redonda,Mirante do Vale,mirante do vale,-22.4900816,-44.0995961,brasil_aberto_first_street,True
RJ,3306305,Volta Redonda,Monte Castelo,monte castelo,-22.478686,-44.044664,mapbox_geocoding,True
RJ,3306305,Volta Redonda,Morada do Campo,morada do campo,-22.48550797,-44.1305542,brasil_aberto_first_street,True
RJ,3306305,Volta Redonda,Morro da Conquista,morro da conquista,-22.49070168,-44.07758713,brasil_aberto_first_street,True
RJ,3306305,Volta Redonda,Morro São Carlos,morro sao carlos,-22.52910614,-44.11650467,brasil_aberto_first_street,True
RJ,3306305,Volta Redonda,Niterói,niteroi,-22.49827385,-44.08951187,brasil_aberto_first_street,True
RJ,3306305,Volta Redonda,Nossa Senhora das Graças,nossa senhora das gracas,-22.50589371,-44.08844757,brasil_aberto_first_street,True
RJ,3306305,Volta Redonda,Nova Esperança,nova esperanca,-22.491887,-44.075843,mapbox_geocoding,True
RJ,3306305,Volta Redonda,Nova Primavera,nova primavera,-22.49205589,-44.06869507,brasil_aberto_first_street,True
RJ,3306305,Volta Redonda,Nova São Luiz,nova sao luiz,,,brasil_aberto,True
RJ,3306305,Volta Redonda,Padre Josino,padre josino,,,brasil_aberto,True
RJ,3306305,Volta Redonda,Parque das Ilhas,parque das ilhas,-22.49126434,-44.08497238,brasil_aberto_first_street,True
RJ,3306305,Volta Redonda,Parque Vitória,parque vitoria,-22.495408,-44.047484,mapbox_geocoding,True
RJ,3306305,Volta Redonda,Pinto da Serra,pinto da serra,-22.48134995,-44.08240128,brasil_aberto_first_street,True
RJ,3306305,Volta Redonda,Ponte Alta,ponte alta,-22.52793503,-44.1350708,brasil_aberto_first_street,True
RJ,3306305,Volta Redonda,Retiro,retiro,-22.49002647,-44.12139893,brasil_aberto_first_street,True
RJ,3306305,Volta Redonda,Rio das Flores,rio das flores,-22.81787872,-45.1820755,brasil_aberto_first_street,True
RJ,3306305,Volta Redonda,Roma,roma,-22.490624,-44.137462,mapbox_geocoding,True
RJ,3306305,Volta Redonda,Rústico,rustico,-22.52311134,-44.11262131,brasil_aberto_first_street,True
RJ,3306305,Volta Redonda,Sam Remo,sam remo,-22.4955101,-44.07924271,brasil_aberto_first_street,True
RJ,3306305,Volta Redonda,Santa Cruz,santa cruz,-22.46591759,-44.09698105,brasil_aberto_first_street,True
RJ,3306305,Volta Redonda,Santa Cruz II,santa cruz ii,-22.46519089,-44.1016655,brasil_aberto_first_street,True
RJ,3306305,Volta Redonda,Santa Inês,santa ines,-22.511683,-44.088816,mapbox_geocoding,True
RJ,3306305,Volta Redonda,Santa Rita do Zarur,santa rita do zarur,-22.500057,-44.086837,mapbox_geocoding,True
RJ,3306305,Volta Redonda,Santo Agostinho,santo agostinho,-22.487253,-44.074922,mapbox_geocoding,True
RJ,3306305,Volta Redonda,São Carlos,sao carlos,-22.91389847,-43.20413208,brasil_aberto_first_street,True
RJ,3306305,Volta Redonda,São Cristóvão,sao cristovao,-22.511683,-44.088816,mapbox_geocoding,True
RJ,3306305,Volta Redonda,São Geraldo,sao geraldo,-22.51519585,-44.08670807,brasil_aberto_first_street,True
RJ,3306305,Volta Redonda,São João,sao joao,-22.89362144,-43.11827469,brasil_aberto_first_street,True
RJ,3306305,Volta Redonda,São João Batista,sao joao batista,-22.48872375,-44.09535599,brasil_aberto_first_street,True
RJ,3306305,Volta Redonda,São Lucas,sao lucas,-22.5301655,-44.1197674,brasil_aberto_first_street,True
RJ,3306305,Volta Redonda,São Luís,sao luis,,,brasil_aberto,True
RJ,3306305,Volta Redonda,São Luiz,sao luiz,-22.495718,-44.0786171,brasil_aberto_first_street,True
RJ,3306305,Volta Redonda,São Sebastião,sao sebastiao,-22.46125,-44.074599,mapbox_geocoding,True
RJ,3306305,Volta Redonda,Sessenta,sessenta,-22.52544212,-44.10116577,brasil_aberto_first_street,True
RJ,3306305,Volta Redonda,Siderlândia,siderlandia,-22.51929474,-44.1352272,brasil_aberto_first_street,True
RJ,3306305,Volta Redonda,Siderópolis,sideropolis,-20.80418968,-40.653759,brasil_aberto_first_street,True
RJ,3306305,Volta Redonda,Sidervile,sidervile,-22.52675629,-44.13457489,brasil_aberto_first_street,True
RJ,3306305,Volta Redonda,Três Poços,tres pocos,-22.490905,-44.111855,mapbox_geocoding,True
RJ,3306305,Volta Redonda,Vale Verde,vale verde,-22.522367,-44.10478,mapbox_geocoding,True
RJ,3306305,Volta Redonda,Vila Americana,vila americana,-22.5011158,-44.07666779,brasil_aberto_first_street,True
RJ,3306305,Volta Redonda,Vila Brasília,vila brasilia,-22.505035,-44.062579,mapbox_geocoding,True
RJ,3306305,Volta Redonda,Vila Mury,vila mury,-22.4998436,-44.10422516,brasil_aberto_first_street,True
RJ,3306305,Volta Redonda,Vila Rica,vila rica,-22.496769,-44.040016,mapbox_geocoding,True
RJ,3306305,Volta Redonda,Vila Rica Ouro Verde,vila rica ouro verde,,,brasil_aberto,True
RJ,3306305,Volta Redonda,Vila Santa Cecília,vila santa cecilia,-22.51505852,-44.10310745,brasil_aberto_first_street,True
RJ,3306305,Volta Redonda,Voldac,voldac,-22.49071693,-44.08829498,brasil_aberto_first_street,True
RJ,3306305,Volta Redonda,Volta Grande,volta grande,,,brasil_aberto,True
RJ,3306305,Volta Redonda,Volta Grande II,volta grande ii,-22.48950005,-44.06705475,brasil_aberto_first_street,True
