Uf,CityIbgeCode,City,Neighborhood,NormalizedName,Latitude,Longitude,Source,IsActive
MG,3100104,Abadia dos Dourados,Centro,centro,-18.48430443,-47.402771,brasil_aberto,True
MG,3100203,Abaeté,Centro,centro,-19.1576252,-45.44813538,brasil_aberto,True
MG,3100302,Abre Campo,Centro,centro,-20.30185127,-42.47848892,brasil_aberto,True
MG,3100302,Abre Campo,Granada,granada,-20.16681862,-42.38967133,brasil_aberto,True
MG,3100401,Acaiaca,Centro,centro,-17.3490962,-44.947475,brasil_aberto,True
MG,3100807,Aguanil,Boticão,boticao,-20.9624029,-45.4781155,brasil_aberto,True
MG,3100807,Aguanil,Centro,centro,-20.94252205,-45.39324188,brasil_aberto,True
MG,3101102,Aimorés,Alto Capim,alto capim,-19.86626244,-41.23560333,brasil_aberto,True
MG,3101102,Aimorés,Centro,centro,-19.4917405,-41.0609215,brasil_aberto,True
MG,3101102,Aimorés,Conceição do Capim,conceicao do capim,-19.56556702,-41.22677231,brasil_aberto,True
MG,3101102,Aimorés,Expedicionário Alício,expedicionario alicio,-19.64219475,-41.29835129,brasil_aberto,True
MG,3101102,Aimorés,Mundo Novo de Minas,mundo novo de minas,-19.74415588,-41.35501862,brasil_aberto,True
MG,3101102,Aimorés,Penha do Capim,penha do capim,-19.66914558,-41.25361633,brasil_aberto,True
MG,3101102,Aimorés,Santo Antônio do Rio Doce,santo antonio do rio doce,-19.4416575,-41.0277803,brasil_aberto,True
MG,3101102,Aimorés,São Sebastião da Vala,sao sebastiao da vala,-19.75791931,-41.28355789,brasil_aberto,True
MG,3101102,Aimorés,Tabaúna,tabauna,-19.50025558,-41.30554581,brasil_aberto,True
MG,3101201,Aiuruoca,Centro,centro,-21.97694016,-44.60361099,brasil_aberto,True
MG,3101300,Alagoa,Centro,centro,-22.1705196,-44.63931609999999,brasil_aberto,True
MG,3101409,Albertina,Centro,centro,-22.20090866,-46.61693573,brasil_aberto,True
MG,3101607,Alfenas,Aparecida,aparecida,-21.78909492,-46.55513763,brasil_aberto,True
MG,3101607,Alfenas,Barranco Alto,barranco alto,-21.184618,-45.9622345,brasil_aberto,True
MG,3101607,Alfenas,Campinho,campinho,-21.43761635,-45.94529343,brasil_aberto,True
MG,3101607,Alfenas,Campos Elísios,campos elisios,-21.4077836,-45.9416028,brasil_aberto,True
MG,3101607,Alfenas,Centro,centro,-19.92785454,-43.97912979,brasil_aberto,True
MG,3101607,Alfenas,Chapada,chapada,-21.4234648,-45.9493315,brasil_aberto,True
MG,3101607,Alfenas,Cidade Jardim,cidade jardim,-19.90878487,-43.9256134,brasil_aberto,True
MG,3101607,Alfenas,Conjunto Habitacional Campo Alegre (Por do Sol),conjunto habitacional campo alegre (por do sol),-21.41449165,-45.95763016,brasil_aberto,True
MG,3101607,Alfenas,Conjunto Habitacional Francelino Pereira dos Santos (Pinheirinho),conjunto habitacional francelino pereira dos santos (pinheirinho),-21.424353,-45.9794347,brasil_aberto,True
MG,3101607,Alfenas,Cruz Preta,cruz preta,-21.4416694,-45.9466206,brasil_aberto,True
MG,3101607,Alfenas,Distrito Industrial,distrito industrial,-21.4102225,-45.9699819,brasil_aberto,True
MG,3101607,Alfenas,Estação,estacao,-21.4265123,-45.9453806,brasil_aberto,True
MG,3101607,Alfenas,Fac II,fac ii,-19.62978745,-43.23310471,brasil_aberto,True
MG,3101607,Alfenas,Gaspar Lopes,gaspar lopes,-21.36545372,-45.93130875,brasil_aberto,True
MG,3101607,Alfenas,Jardim Aeroporto,jardim aeroporto,-21.43262672,-45.93887329,brasil_aberto,True
MG,3101607,Alfenas,Jardim Aeroporto II,jardim aeroporto ii,-21.43443489,-45.93831253,brasil_aberto,True
MG,3101607,Alfenas,Jardim Aeroporto III,jardim aeroporto iii,-21.43443489,-45.93831253,brasil_aberto,True
MG,3101607,Alfenas,Jardim Alto da Boa Vista,jardim alto da boa vista,-21.417475,-45.9405454,brasil_aberto,True
MG,3101607,Alfenas,Jardim Alvorada,jardim alvorada,-21.41843987,-45.97517776,brasil_aberto,True
MG,3101607,Alfenas,Jardim América,jardim america,-21.41254997,-45.95589828,brasil_aberto,True
MG,3101607,Alfenas,Jardim América I,jardim america i,-21.40743256,-45.95426178,brasil_aberto,True
MG,3101607,Alfenas,Jardim América II,jardim america ii,-21.409855,-45.9546827,brasil_aberto,True
MG,3101607,Alfenas,Jardim América III,jardim america iii,-21.40743256,-45.95426178,brasil_aberto,True
MG,3101607,Alfenas,Jardim Boa Esperança,jardim boa esperanca,-21.42172623,-45.96220016,brasil_aberto,True
MG,3101607,Alfenas,Jardim Boa Esperança I,jardim boa esperanca i,-21.42227,-45.9618402,brasil_aberto,True
MG,3101607,Alfenas,Jardim Boa Esperança II,jardim boa esperanca ii,-21.420328,-45.9628933,brasil_aberto,True
MG,3101607,Alfenas,Jardim Boa Esperança III,jardim boa esperanca iii,-21.4223194,-45.9622944,brasil_aberto,True
MG,3101607,Alfenas,Jardim Boa Esperança IV,jardim boa esperanca iv,-21.4223194,-45.9622944,brasil_aberto,True
MG,3101607,Alfenas,Jardim Boa Esperança V,jardim boa esperanca v,-21.4233385,-45.9568597,brasil_aberto,True
MG,3101607,Alfenas,Jardim Elite,jardim elite,-21.42794991,-45.95808029,brasil_aberto,True
MG,3101607,Alfenas,Jardim Elite II,jardim elite ii,-21.42585373,-45.96134186,brasil_aberto,True
MG,3101607,Alfenas,Jardim Eunice,jardim eunice,-21.40108871,-45.94143295,brasil_aberto,True
MG,3101607,Alfenas,Jardim Furnas,jardim furnas,-21.4201433,-45.9568065,brasil_aberto,True
MG,3101607,Alfenas,Jardim Montês,jardim montes,-21.4088561,-45.9391755,brasil_aberto,True
MG,3101607,Alfenas,Jardim Nova Alfenas,jardim nova alfenas,-21.40732384,-45.97867203,brasil_aberto,True
MG,3101607,Alfenas,Jardim Nova América,jardim nova america,-21.411521,-45.9512013,brasil_aberto,True
MG,3101607,Alfenas,Jardim Olímpia,jardim olimpia,-21.40845871,-45.96166992,brasil_aberto,True
MG,3101607,Alfenas,Jardim Panorama,jardim panorama,-21.43919754,-45.94928741,brasil_aberto,True
MG,3101607,Alfenas,Jardim Primavera,jardim primavera,-21.3975228,-45.9457721,brasil_aberto,True
MG,3101607,Alfenas,Jardim Santa Inês,jardim santa ines,-21.43761635,-45.94529343,brasil_aberto,True
MG,3101607,Alfenas,Jardim Santa Maria,jardim santa maria,-21.43907738,-45.95328903,brasil_aberto,True
MG,3101607,Alfenas,Jardim Santa Maria II,jardim santa maria ii,-21.4411869,-45.95663071,brasil_aberto,True
MG,3101607,Alfenas,Jardim São Carlos,jardim sao carlos,-21.4087677,-45.94878006,brasil_aberto,True
MG,3101607,Alfenas,Jardim São Lucas,jardim sao lucas,-21.43867683,-45.94393921,brasil_aberto,True
MG,3101607,Alfenas,Jardim São Lucas II,jardim sao lucas ii,-21.43867683,-45.94393921,brasil_aberto,True
MG,3101607,Alfenas,Jardim São Lucas III,jardim sao lucas iii,-21.43761635,-45.94529343,brasil_aberto,True
MG,3101607,Alfenas,Jardim São Paulo,jardim sao paulo,-21.41418266,-45.97254562,brasil_aberto,True
MG,3101607,Alfenas,Jardim Tropical,jardim tropical,-21.42844772,-45.96289062,brasil_aberto,True
MG,3101607,Alfenas,Jardim Vista Alegre,jardim vista alegre,-21.43515968,-45.95244598,brasil_aberto,True
MG,3101607,Alfenas,Jardim da Colina,jardim da colina,-21.43215942,-45.95912933,brasil_aberto,True
MG,3101607,Alfenas,Jardim das Palmeiras,jardim das palmeiras,-21.45710564,-45.94852448,brasil_aberto,True
MG,3101607,Alfenas,Loteamento Athenas,loteamento athenas,-21.4388513,-45.9411384,brasil_aberto,True
MG,3101607,Alfenas,Loteamento Martelli,loteamento martelli,-21.42141533,-45.94052887,brasil_aberto,True
MG,3101607,Alfenas,Loteamento Montserrat,loteamento montserrat,-21.4413678,-45.9380392,brasil_aberto,True
MG,3101607,Alfenas,Loteamento Siqueira,loteamento siqueira,-21.43120956,-45.96247482,brasil_aberto,True
MG,3101607,Alfenas,Loteamento Trevo,loteamento trevo,-21.45710564,-45.94852448,brasil_aberto,True
MG,3101607,Alfenas,Parque das Nações,parque das nacoes,-21.42068291,-45.95021439,brasil_aberto,True
MG,3101607,Alfenas,Por do Sol II,por do sol ii,-21.40872002,-45.95901489,brasil_aberto,True
MG,3101607,Alfenas,Recreio Vale do Sol,recreio vale do sol,-21.42156601,-45.97447205,brasil_aberto,True
MG,3101607,Alfenas,Residencial Aeroporto,residencial aeroporto,-21.42837334,-45.94236374,brasil_aberto,True
MG,3101607,Alfenas,Residencial Alda Caetani,residencial alda caetani,-21.43780899,-45.9551506,brasil_aberto,True
MG,3101607,Alfenas,Residencial Alto do Aeroporto,residencial alto do aeroporto,-21.4394731,-45.9312596,brasil_aberto,True
MG,3101607,Alfenas,Residencial Bosque dos Ipês,residencial bosque dos ipes,-21.4299744,-45.9438602,brasil_aberto,True
MG,3101607,Alfenas,Residencial Cidade Universitária,residencial cidade universitaria,-21.4237957,-45.94047928,brasil_aberto,True
MG,3101607,Alfenas,Residencial Colinas Park,residencial colinas park,-21.4307269,-45.9605739,brasil_aberto,True
MG,3101607,Alfenas,Residencial Cândido Alves,residencial candido alves,-21.4183734,-45.9729926,brasil_aberto,True
MG,3101607,Alfenas,Residencial Dona Anita,residencial dona anita,-21.409787,-45.964419,brasil_aberto,True
MG,3101607,Alfenas,Residencial Dona Vita,residencial dona vita,-21.44168472,-45.9311142,brasil_aberto,True
MG,3101607,Alfenas,Residencial Euroville,residencial euroville,-21.43021965,-45.96419525,brasil_aberto,True
MG,3101607,Alfenas,Residencial Floresta,residencial floresta,-21.4223671,-45.93325806,brasil_aberto,True
MG,3101607,Alfenas,Residencial Itaparica,residencial itaparica,-21.40562248,-45.94167328,brasil_aberto,True
MG,3101607,Alfenas,Residencial Júlio Alves,residencial julio alves,-21.09214783,-45.56268311,brasil_aberto,True
MG,3101607,Alfenas,Residencial Júlio Alves - Parte II,residencial julio alves - parte ii,-21.4068912,-45.9620824,brasil_aberto,True
MG,3101607,Alfenas,Residencial Mont Blanc,residencial mont blanc,-21.4373742,-45.9311415,brasil_aberto,True
MG,3101607,Alfenas,Residencial Morada do Sol,residencial morada do sol,-21.41727638,-45.9616394,brasil_aberto,True
MG,3101607,Alfenas,Residencial Novo Horizonte,residencial novo horizonte,-21.4256923,-45.9686093,brasil_aberto,True
MG,3101607,Alfenas,Residencial Oliveira,residencial oliveira,-21.4084593,-45.9616689,brasil_aberto,True
MG,3101607,Alfenas,Residencial Portal Universitário,residencial portal universitario,-21.4155027,-45.9868613,brasil_aberto,True
MG,3101607,Alfenas,Residencial Ribeiro,residencial ribeiro,-21.4094255,-45.9487296,brasil_aberto,True
MG,3101607,Alfenas,Residencial São Lucas,residencial sao lucas,-21.4403659,-45.9394794,brasil_aberto,True
MG,3101607,Alfenas,Residencial Teixeira,residencial teixeira,-21.44560814,-45.9586525,brasil_aberto,True
MG,3101607,Alfenas,Residencial Vale Verde,residencial vale verde,-21.42536163,-45.97465134,brasil_aberto,True
MG,3101607,Alfenas,Residencial Vista Alegre,residencial vista alegre,-21.43582535,-45.95493698,brasil_aberto,True
MG,3101607,Alfenas,Santa Clara,santa clara,-21.4232991,-45.9838913,brasil_aberto,True
MG,3101607,Alfenas,Santa Rita,santa rita,-21.87062073,-42.6980896,brasil_aberto,True
MG,3101607,Alfenas,Santos Reis,santos reis,-21.42663574,-45.93954849,brasil_aberto,True
MG,3101607,Alfenas,Sindicato Rural,sindicato rural,-21.25126076,-46.1435051,brasil_aberto,True
MG,3101607,Alfenas,São José,sao jose,-21.4284341,-45.961075,brasil_aberto,True
MG,3101607,Alfenas,São Vicente,sao vicente,-21.4323349,-45.95334244,brasil_aberto,True
MG,3101607,Alfenas,Vila Betânia,vila betania,-21.41614151,-45.95458984,brasil_aberto,True
MG,3101607,Alfenas,Vila Esperança,vila esperanca,-21.40338707,-45.94402313,brasil_aberto,True
MG,3101607,Alfenas,Vila Formosa,vila formosa,-21.43761635,-45.94529343,brasil_aberto,True
MG,3101607,Alfenas,Vila Godoy,vila godoy,-21.42455292,-45.95290375,brasil_aberto,True
MG,3101607,Alfenas,Vila Porto Seguro,vila porto seguro,-23.21656799,-44.71430588,brasil_aberto,True
MG,3101607,Alfenas,Vila Promessa,vila promessa,-21.4011898,-45.93906784,brasil_aberto,True
MG,3101607,Alfenas,Vila Santa Edwirges,vila santa edwirges,-21.4116478,-45.94173813,brasil_aberto,True
MG,3101607,Alfenas,Vila Santa Luzia,vila santa luzia,-19.78957748,-43.9461441,brasil_aberto,True
MG,3101607,Alfenas,Vila Teixeira,vila teixeira,-21.44278336,-45.95074081,brasil_aberto,True
MG,3101607,Alfenas,Vista Grande,vista grande,-21.39916039,-45.94997787,brasil_aberto,True
MG,3101607,Alfenas,Área Rural de Alfenas,area rural de alfenas,-21.4245173,-45.9470205,brasil_aberto,True
MG,3101631,Alfredo Vasconcelos,Centro,centro,-21.14604378,-43.7763176,brasil_aberto,True
MG,3101631,Alfredo Vasconcelos,São José de Pouso Alegre,sao jose de pouso alegre,-21.12075996,-43.63732529,brasil_aberto,True
MG,3101706,Almenara,Centro,centro,-16.17507553,-40.69346619,brasil_aberto,True
MG,3101706,Almenara,Pedra Grande,pedra grande,-15.9791776,-40.8884299,brasil_aberto,True
MG,3101805,Alpercata,Centro,centro,-18.99271584,-41.99044418,brasil_aberto,True
MG,3101805,Alpercata,Era Nova,era nova,-19.76603889,-43.03586578,brasil_aberto,True
MG,3101904,Alpinópolis,Centro,centro,-20.8639061,-46.3917833,brasil_aberto,True
MG,3102001,Alterosa,Centro,centro,-21.25599289,-46.14340591,brasil_aberto,True
MG,3102001,Alterosa,Divino Espírito Santo,divino espirito santo,-21.15917397,-46.10074234,brasil_aberto,True
MG,3102050,Alto Caparaó,Liberdade,liberdade,-20.44454193,-41.87134933,brasil_aberto,True
MG,3153509,Alto Jequitibá,Centro,centro,-20.4304638,-41.9632908,brasil_aberto,True
MG,3153509,Alto Jequitibá,Padre Júlio Maria,padre julio maria,-20.47705841,-41.99749374,brasil_aberto,True
MG,3102100,Alto Rio Doce,Abreus,abreus,-21.0025005,-43.2953779,brasil_aberto,True
MG,3102100,Alto Rio Doce,Centro,centro,-21.023197,-43.415511,brasil_aberto,True
MG,3102100,Alto Rio Doce,Missionário,missionario,-21.01181412,-43.48279572,brasil_aberto,True
MG,3102100,Alto Rio Doce,Vitorinos,vitorinos,-20.98620605,-43.5378418,brasil_aberto,True
MG,3102209,Alvarenga,Centro,centro,-19.9156189,-43.91384888,brasil_aberto,True
MG,3102308,Alvinópolis,Barretos de Alvinópolis,barretos de alvinopolis,-20.05843735,-43.19389343,brasil_aberto,True
MG,3102308,Alvinópolis,Centro,centro,-19.94250488,-44.03355789,brasil_aberto,True
MG,3102308,Alvinópolis,Fonseca,fonseca,-20.15972137,-43.29787064,brasil_aberto,True
MG,3102308,Alvinópolis,Major Ezequiel,major ezequiel,-20.02338028,-42.99237823,brasil_aberto,True
MG,3102407,Alvorada de Minas,Centro,centro,-18.73417282,-43.36529922,brasil_aberto,True
MG,3102407,Alvorada de Minas,Itapanhoacanga,itapanhoacanga,-18.7780323,-43.4324653,brasil_aberto,True
MG,3101508,Além Paraíba,Angustura,angustura,-21.74757957,-42.67653656,brasil_aberto,True
MG,3101508,Além Paraíba,Centro,centro,-21.882164,-42.69589615,brasil_aberto,True
MG,3101508,Além Paraíba,Porto Novo,porto novo,-21.884964,-42.6987311,brasil_aberto,True
MG,3102506,Amparo do Serra,Centro,centro,,,brasil_aberto,True
MG,3102506,Amparo do Serra,Padre Felisberto,padre felisberto,-20.5649975,-42.8202785,brasil_aberto,True
MG,3102605,Andradas,Alto Alegre,alto alegre,-22.0695126,-46.5694811,brasil_aberto,True
MG,3102605,Andradas,Campestrinho,campestrinho,-22.1500787,-46.4637826,brasil_aberto,True
MG,3102605,Andradas,Canto dos Pássaros,canto dos passaros,-22.0709856,-46.5734039,brasil_aberto,True
MG,3102605,Andradas,Centro,centro,-22.0720773,-46.574924,brasil_aberto,True
MG,3102605,Andradas,Chácara Pirapitinga,chacara pirapitinga,,,brasil_aberto,True
MG,3102605,Andradas,Conjunto Habitacional São Domingos,conjunto habitacional sao domingos,,,brasil_aberto,True
MG,3102605,Andradas,Dos Garibaldi,dos garibaldi,-22.0750422,-46.5784037,brasil_aberto,True
MG,3102605,Andradas,Gramínea,graminea,-22.1691527,-46.6257279,brasil_aberto,True
MG,3102605,Andradas,Jardim Alto da Serra,jardim alto da serra,,,brasil_aberto,True
MG,3102605,Andradas,Jardim Alvorada,jardim alvorada,,,brasil_aberto,True
MG,3102605,Andradas,Jardim América,jardim america,,,brasil_aberto,True
MG,3102605,Andradas,Jardim Bela Vista,jardim bela vista,-22.060987,-46.5722239,brasil_aberto,True
MG,3102605,Andradas,Jardim Europa,jardim europa,,,brasil_aberto,True
MG,3102605,Andradas,Jardim Ipê,jardim ipe,,,brasil_aberto,True
MG,3102605,Andradas,Jardim Itália,jardim italia,,,brasil_aberto,True
MG,3102605,Andradas,Jardim Mantiqueira,jardim mantiqueira,-22.0713763,-46.5797899,brasil_aberto,True
MG,3102605,Andradas,Jardim Mantiqueira II,jardim mantiqueira ii,-22.0713763,-46.5797899,brasil_aberto,True
MG,3102605,Andradas,Jardim Muterle,jardim muterle,-22.0799116,-46.5732553,brasil_aberto,True
MG,3102605,Andradas,Jardim Nova Andradas,jardim nova andradas,-22.0773397,-46.5796959,brasil_aberto,True
MG,3102605,Andradas,Jardim Panorama,jardim panorama,-22.0728722,-46.5645301,brasil_aberto,True
MG,3102605,Andradas,Jardim Primavera,jardim primavera,,,brasil_aberto,True
MG,3102605,Andradas,Jardim Rio Negro,jardim rio negro,,,brasil_aberto,True
MG,3102605,Andradas,Jardim Santa Lúcia,jardim santa lucia,,,brasil_aberto,True
MG,3102605,Andradas,Jardim Santo Antônio,jardim santo antonio,,,brasil_aberto,True
MG,3102605,Andradas,Jardim da Sóvis,jardim da sovis,,,brasil_aberto,True
MG,3102605,Andradas,João Teixeira Filho,joao teixeira filho,,,brasil_aberto,True
MG,3102605,Andradas,Leandro Previato,leandro previato,,,brasil_aberto,True
MG,3102605,Andradas,Manoel Alves dos Santos,manoel alves dos santos,-22.0619171,-46.5691529,brasil_aberto,True
MG,3102605,Andradas,Morada dos Pássaros,morada dos passaros,,,brasil_aberto,True
MG,3102605,Andradas,Sete de Setembro,sete de setembro,,,brasil_aberto,True
MG,3102605,Andradas,Vila Buzato,vila buzato,-22.0632737,-46.5661308,brasil_aberto,True
MG,3102605,Andradas,Vila Camargo,vila camargo,,,brasil_aberto,True
MG,3102605,Andradas,Vila Graziani,vila graziani,,,brasil_aberto,True
MG,3102605,Andradas,Vila Maganhoto,vila maganhoto,,,brasil_aberto,True
MG,3102605,Andradas,Vila Samambaia,vila samambaia,,,brasil_aberto,True
MG,3102605,Andradas,Vila Santa Cecília,vila santa cecilia,,,brasil_aberto,True
MG,3102605,Andradas,Vila Santa Cruz,vila santa cruz,,,brasil_aberto,True
MG,3102605,Andradas,Vila Santa Rita,vila santa rita,-22.0804918,-46.5748404,brasil_aberto,True
MG,3102605,Andradas,Vila Tiradentes,vila tiradentes,,,brasil_aberto,True
MG,3102605,Andradas,Área Rural De Andradas,area rural de andradas,-22.0709856,-46.5734039,brasil_aberto,True
MG,3102803,Andrelândia,Centro,centro,-21.73919678,-44.31053162,brasil_aberto,True
MG,3102852,Angelândia,Centro,centro,-17.72686195,-42.27131653,brasil_aberto,True
MG,3102902,Antônio Carlos,Campolide,campolide,-21.2820797,-43.82595444,brasil_aberto,True
MG,3102902,Antônio Carlos,Centro,centro,,,brasil_aberto,True
MG,3102902,Antônio Carlos,Curral Novo,curral novo,,,brasil_aberto,True
MG,3102902,Antônio Carlos,Curral Novo de Minas,curral novo de minas,-21.44189835,-43.80997467,brasil_aberto,True
MG,3103009,Antônio Dias,Centro,centro,-20.66289139,-43.7952919,brasil_aberto,True
MG,3103009,Antônio Dias,Hematita,hematita,-19.50283051,-43.00884247,brasil_aberto,True
MG,3103108,Antônio Prado de Minas,Centro,centro,-21.01885414,-42.11007309,brasil_aberto,True
MG,3103306,Aracitaba,Centro,centro,-21.3377875,-43.3789411,brasil_aberto,True
MG,3103504,Araguari,Amanhece,amanhece,-18.53292465,-48.19589996,brasil_aberto,True
MG,3103504,Araguari,Amorim,amorim,-18.66286278,-48.17982864,brasil_aberto,True
MG,3103504,Araguari,Beatriz,beatriz,-18.66430664,-48.18289948,brasil_aberto,True
MG,3103504,Araguari,Bosque,bosque,-18.65654564,-48.18037033,brasil_aberto,True
MG,3103504,Araguari,Brasília,brasilia,-18.6581087,-48.2082306,brasil_aberto,True
MG,3103504,Araguari,Centro,centro,-18.6492678,-48.1918954,brasil_aberto,True
MG,3103504,Araguari,Distrito Industrial,distrito industrial,-18.6642656,-48.1690958,brasil_aberto,True
MG,3103504,Araguari,Florestina,florestina,-18.51174545,-47.99800491,brasil_aberto,True
MG,3103504,Araguari,Fátima,fatima,-18.6559445,-48.2104054,brasil_aberto,True
MG,3103504,Araguari,Goiás,goias,-18.64635468,-48.20930862,brasil_aberto,True
MG,3103504,Araguari,Goiás (Parte Alta),goias (parte alta),-18.6390407,-48.2182088,brasil_aberto,True
MG,3103504,Araguari,Independência,independencia,-18.63810349,-48.20473099,brasil_aberto,True
MG,3103504,Araguari,Industrial,industrial,-18.65181541,-48.20290756,brasil_aberto,True
MG,3103504,Araguari,Jardim Ipanema,jardim ipanema,-18.65446663,-48.2131424,brasil_aberto,True
MG,3103504,Araguari,Jardim Panorama,jardim panorama,-18.62002563,-48.19045258,brasil_aberto,True
MG,3103504,Araguari,Jardim Regina,jardim regina,-18.66171074,-48.19726944,brasil_aberto,True
MG,3103504,Araguari,João Calixto,joao calixto,,,brasil_aberto,True
MG,3103504,Araguari,Jóquei Clube,joquei clube,-18.62431908,-48.19604874,brasil_aberto,True
MG,3103504,Araguari,Loteamento Residencial Vila Olímpica,loteamento residencial vila olimpica,,,brasil_aberto,True
MG,3103504,Araguari,Loteamento Sítio de Recreio Ouro Verde,loteamento sitio de recreio ouro verde,,,brasil_aberto,True
MG,3103504,Araguari,Maria Eugênia,maria eugenia,-18.6627244,-48.2082579,brasil_aberto,True
MG,3103504,Araguari,Milenium,milenium,-18.66696167,-48.18285751,brasil_aberto,True
MG,3103504,Araguari,Miranda,miranda,-18.63709641,-48.1893158,brasil_aberto,True
MG,3103504,Araguari,Nossa Senhora da Penha,nossa senhora da penha,,,brasil_aberto,True
MG,3103504,Araguari,Novo Horizonte,novo horizonte,-19.7828598,-43.9511528,brasil_aberto,True
MG,3103504,Araguari,Oliveira,oliveira,,,brasil_aberto,True
MG,3103504,Araguari,Ouro Verde,ouro verde,-18.660729,-48.217288,brasil_aberto,True
MG,3103504,Araguari,Palmeiras do Império,palmeiras do imperio,-18.6274784,-48.1998643,brasil_aberto,True
MG,3103504,Araguari,Paraíso,paraiso,-18.63777542,-48.17743683,brasil_aberto,True
MG,3103504,Araguari,Parque Flamboyants,parque flamboyants,,,brasil_aberto,True
MG,3103504,Araguari,Parque dos Verdes,parque dos verdes,-18.6251491,-48.1613018,brasil_aberto,True
MG,3103504,Araguari,Piracaiba,piracaiba,-18.4472637,-48.5187229,brasil_aberto,True
MG,3103504,Araguari,Rosário,rosario,-18.64556885,-48.18269348,brasil_aberto,True
MG,3103504,Araguari,Santa Helena,santa helena,-18.66449165,-48.19952011,brasil_aberto,True
MG,3103504,Araguari,Santa Terezinha,santa terezinha,-18.63300896,-48.19688797,brasil_aberto,True
MG,3103504,Araguari,Santiago,santiago,-18.6307624,-48.1938507,brasil_aberto,True
MG,3103504,Araguari,Sewa,sewa,-18.6293482,-48.1734279,brasil_aberto,True
MG,3103504,Araguari,Sibipiruna,sibipiruna,-18.6455807,-48.1802849,brasil_aberto,True
MG,3103504,Araguari,São João,sao joao,,,brasil_aberto,True
MG,3103504,Araguari,São Judas Tadeu,sao judas tadeu,,,brasil_aberto,True
MG,3103504,Araguari,São Luiz,sao luiz,,,brasil_aberto,True
MG,3103504,Araguari,São Sebastião,sao sebastiao,-18.6315257,-48.2184492,brasil_aberto,True
MG,3103504,Araguari,São Vicente de Paula,sao vicente de paula,-19.4892357,-42.6131263,brasil_aberto,True
MG,3103504,Araguari,Vieno,vieno,-18.62322426,-48.21266174,brasil_aberto,True
MG,3103504,Araguari,Vila Militar,vila militar,-22.91207695,-43.68492508,brasil_aberto,True
MG,3103504,Araguari,Área Rural de Araguari,area rural de araguari,-18.6458648,-48.1979912,brasil_aberto,True
MG,3103603,Arantina,Centro,centro,-21.91202927,-44.25436401,brasil_aberto,True
MG,3103702,Araponga,Centro,centro,-18.9168129,-41.35882187,brasil_aberto,True
MG,3103702,Araponga,Estevão de Araújo,estevao de araujo,-20.61068344,-42.53604126,brasil_aberto,True
MG,3103751,Araporã,Centro,centro,-18.4321706,-49.188309,brasil_aberto,True
MG,3103801,Arapuá,Centro,centro,-19.034834,-46.1545399,brasil_aberto,True
MG,3104007,Araxá,Abolição,abolicao,-19.56732368,-46.95340729,brasil_aberto,True
MG,3104007,Araxá,Ademar Rodrigues Vale,ademar rodrigues vale,-19.61333847,-46.92460251,brasil_aberto,True
MG,3104007,Araxá,Aeroporto,aeroporto,-19.56746483,-46.95830536,brasil_aberto,True
MG,3104007,Araxá,Alvorada,alvorada,-19.58955002,-46.951828,brasil_aberto,True
MG,3104007,Araxá,Amazonas,amazonas,-19.5720895,-46.9213107,brasil_aberto,True
MG,3104007,Araxá,Ana Antônia,ana antonia,-19.5732371,-46.9260855,brasil_aberto,True
MG,3104007,Araxá,Ana Pinto de Almeida,ana pinto de almeida,-19.56946373,-46.94313431,brasil_aberto,True
MG,3104007,Araxá,Arasol,arasol,-19.60604095,-46.92876434,brasil_aberto,True
MG,3104007,Araxá,Barreirinho,barreirinho,-19.62752724,-46.94932175,brasil_aberto,True
MG,3104007,Araxá,Barreiro,barreiro,-19.64328384,-46.94873047,brasil_aberto,True
MG,3104007,Araxá,Bom Jesus,bom jesus,-19.576769,-46.9416556,brasil_aberto,True
MG,3104007,Araxá,Centro,centro,-19.5970331,-46.93923179999999,brasil_aberto,True
MG,3104007,Araxá,Cicinato de Ávila,cicinato de avila,-19.5739403,-46.9300301,brasil_aberto,True
MG,3104007,Araxá,Conjunto Habitacional Bela Vista,conjunto habitacional bela vista,-19.58886909,-46.91952896,brasil_aberto,True
MG,3104007,Araxá,Conjunto Habitacional Boa Vista,conjunto habitacional boa vista,-19.59216881,-46.96284103,brasil_aberto,True
MG,3104007,Araxá,Conjunto Habitacional Pão de Açúcar,conjunto habitacional pao de acucar,-19.5658474,-46.92762375,brasil_aberto,True
MG,3104007,Araxá,Córrego da Mata,corrego da mata,-19.911026,-43.9198494,brasil_aberto,True
MG,3104007,Araxá,Distrito Industrial,distrito industrial,-20.3364296,-40.38928223,brasil_aberto,True
MG,3104007,Araxá,Distrito Industrial José Honorato da Silva,distrito industrial jose honorato da silva,-19.5620545,-46.9850845,brasil_aberto,True
MG,3104007,Araxá,Domingos Zema,domingos zema,-19.57661247,-46.93302155,brasil_aberto,True
MG,3104007,Araxá,Dona Beja,dona beja,-19.61730957,-46.93210983,brasil_aberto,True
MG,3104007,Araxá,Doutor Pedro Pezzuti,doutor pedro pezzuti,-19.60231018,-46.92874146,brasil_aberto,True
MG,3104007,Araxá,Engenheiro Clovis Freitas Leal,engenheiro clovis freitas leal,-19.61122704,-46.92243576,brasil_aberto,True
MG,3104007,Araxá,Francisco Duarte,francisco duarte,-19.5758667,-46.94224167,brasil_aberto,True
MG,3104007,Araxá,Guilhermina Vieira Chaer,guilhermina vieira chaer,-19.60535431,-46.94671631,brasil_aberto,True
MG,3104007,Araxá,Jardim Europa,jardim europa,-19.58960533,-46.91781235,brasil_aberto,True
MG,3104007,Araxá,Jardim Europa IV,jardim europa iv,-19.59605026,-46.91598892,brasil_aberto,True
MG,3104007,Araxá,Jardim Europa V,jardim europa v,-21.22005081,-43.77952194,brasil_aberto,True
MG,3104007,Araxá,Jardim Natália,jardim natalia,-19.57652092,-46.92506409,brasil_aberto,True
MG,3104007,Araxá,Jardim Residencial Bela Vista,jardim residencial bela vista,-19.58655548,-46.92663193,brasil_aberto,True
MG,3104007,Araxá,Jardim das Primaveras,jardim das primaveras,-19.6161597,-46.9250088,brasil_aberto,True
MG,3104007,Araxá,José Ferreira Guimarães (Mangueira II),jose ferreira guimaraes (mangueira ii),-19.60190964,-46.92105103,brasil_aberto,True
MG,3104007,Araxá,João Bosco Teixeira,joao bosco teixeira,-19.57222176,-46.92850876,brasil_aberto,True
MG,3104007,Araxá,Leblon,leblon,-19.57920456,-46.94706345,brasil_aberto,True
MG,3104007,Araxá,Leda Barcelos,leda barcelos,-19.61390877,-46.93278885,brasil_aberto,True
MG,3104007,Araxá,Loteamento Bosque dos Ipês,loteamento bosque dos ipes,-19.5851791,-46.9447957,brasil_aberto,True
MG,3104007,Araxá,Loteamento Dona Adélia,loteamento dona adelia,-19.6162678,-46.9212797,brasil_aberto,True
MG,3104007,Araxá,Loteamento Fenícia,loteamento fenicia,-19.5786071,-46.9634372,brasil_aberto,True
MG,3104007,Araxá,Loteamento Flávia Helena,loteamento flavia helena,-19.5880459,-46.9237125,brasil_aberto,True
MG,3104007,Araxá,Loteamento Jardim América,loteamento jardim america,-19.5851791,-46.9447957,brasil_aberto,True
MG,3104007,Araxá,Loteamento Max Newmann,loteamento max newmann,-19.5603347,-46.9556249,brasil_aberto,True
MG,3104007,Araxá,Loteamento Nosso Lar,loteamento nosso lar,-19.6049366,-46.9678813,brasil_aberto,True
MG,3104007,Araxá,Loteamento Novo Horizonte,loteamento novo horizonte,-19.56446075,-46.94289398,brasil_aberto,True
MG,3104007,Araxá,Loteamento Novo Pão de Açúcar,loteamento novo pao de acucar,-19.58276176,-46.94451904,brasil_aberto,True
MG,3104007,Araxá,Loteamento Quintas do Lago,loteamento quintas do lago,-19.7750564,-44.0924659,brasil_aberto,True
MG,3104007,Araxá,Loteamento Recanto das Gameleiras,loteamento recanto das gameleiras,-19.5851791,-46.9447957,brasil_aberto,True
MG,3104007,Araxá,Loteamento Residencial Condomínio Villágio II,loteamento residencial condominio villagio ii,-19.60473061,-46.96794891,brasil_aberto,True
MG,3104007,Araxá,Loteamento Residencial Flora Urciano,loteamento residencial flora urciano,-19.61023903,-46.9347229,brasil_aberto,True
MG,3104007,Araxá,Loteamento Residencial Solaris,loteamento residencial solaris,-19.5908424,-46.9248333,brasil_aberto,True
MG,3104007,Araxá,Loteamento Residencial Villágio I,loteamento residencial villagio i,-19.6079216,-46.96433258,brasil_aberto,True
MG,3104007,Araxá,Loteamento Sima,loteamento sima,-19.5888573,-46.9262976,brasil_aberto,True
MG,3104007,Araxá,Loteamento Vale dos Araxás,loteamento vale dos araxas,-19.5808155,-46.9404131,brasil_aberto,True
MG,3104007,Araxá,Loteamento Valter dos Reis Ramos e Outros,loteamento valter dos reis ramos e outros,-19.5982453,-46.9532245,brasil_aberto,True
MG,3104007,Araxá,Loteamento Vila Verde,loteamento vila verde,-19.6132576,-46.9295544,brasil_aberto,True
MG,3104007,Araxá,Loteamento Villa das Artes,loteamento villa das artes,-19.6264534,-46.91646957,brasil_aberto,True
MG,3104007,Araxá,Mangueira I,mangueira i,-19.60282326,-46.9233284,brasil_aberto,True
MG,3104007,Araxá,Micro Distrito Santa Rita,micro distrito santa rita,-19.57544899,-46.92968369,brasil_aberto,True
MG,3104007,Araxá,Monte Verde,monte verde,-19.594313,-46.9173414,brasil_aberto,True
MG,3104007,Araxá,Morada do Sol,morada do sol,-19.583327,-46.93498450000001,brasil_aberto,True
MG,3104007,Araxá,Novo Horizonte,novo horizonte,-19.5637578,-46.9340153,brasil_aberto,True
MG,3104007,Araxá,Novo Santo Antônio,novo santo antonio,-19.609869,-46.92308044,brasil_aberto,True
MG,3104007,Araxá,Novo São Geraldo,novo sao geraldo,-19.57720184,-46.95025253,brasil_aberto,True
MG,3104007,Araxá,Odilon José Carneiro,odilon jose carneiro,-19.59753418,-46.92388535,brasil_aberto,True
MG,3104007,Araxá,Orozino Teixeira,orozino teixeira,-19.57512856,-46.93027115,brasil_aberto,True
MG,3104007,Araxá,Parque das Flores,parque das flores,-19.63109016,-46.93154144,brasil_aberto,True
MG,3104007,Araxá,Parque das Mangabeiras,parque das mangabeiras,-19.5851791,-46.9447957,brasil_aberto,True
MG,3104007,Araxá,Pedra Azul,pedra azul,-19.5851791,-46.9447957,brasil_aberto,True
MG,3104007,Araxá,Portal do Camburi,portal do camburi,-19.6105081,-46.9208412,brasil_aberto,True
MG,3104007,Araxá,Recanto do Bosque,recanto do bosque,-19.5854149,-46.9238858,brasil_aberto,True
MG,3104007,Araxá,Recanto do Ipê,recanto do ipe,-19.59564209,-46.92834091,brasil_aberto,True
MG,3104007,Araxá,Residencial Bocaina,residencial bocaina,-19.59268951,-46.92025757,brasil_aberto,True
MG,3104007,Araxá,Residencial Camuá,residencial camua,-19.57812881,-46.9589653,brasil_aberto,True
MG,3104007,Araxá,Residencial Jardim das Oliveiras,residencial jardim das oliveiras,-19.5851791,-46.9447957,brasil_aberto,True
MG,3104007,Araxá,Residencial Laura,residencial laura,-19.6077193,-46.9202581,brasil_aberto,True
MG,3104007,Araxá,Riviera do Lago,riviera do lago,-19.5887775,-46.9558675,brasil_aberto,True
MG,3104007,Araxá,Salomão Drumond,salomao drumond,-19.56861496,-46.94137192,brasil_aberto,True
MG,3104007,Araxá,Santa Maria,santa maria,-19.5657111,-46.9447349,brasil_aberto,True
MG,3104007,Araxá,Santa Mônica,santa monica,-18.9251461,-48.25600052,brasil_aberto,True
MG,3104007,Araxá,Santa Rita,santa rita,-19.58868408,-46.94834137,brasil_aberto,True
MG,3104007,Araxá,Santo Antônio,santo antonio,-19.5989736,-46.9284856,brasil_aberto,True
MG,3104007,Araxá,Serra Morena,serra morena,-19.59180069,-46.96007156,brasil_aberto,True
MG,3104007,Araxá,Setor Sul,setor sul,-19.61717987,-46.96580887,brasil_aberto,True
MG,3104007,Araxá,São Cristóvão,sao cristovao,-19.5981373,-46.9468896,brasil_aberto,True
MG,3104007,Araxá,São Domingos,sao domingos,-19.59286118,-46.95972824,brasil_aberto,True
MG,3104007,Araxá,São Francisco,sao francisco,-19.57069397,-46.94624329,brasil_aberto,True
MG,3104007,Araxá,São Geraldo,sao geraldo,-19.58257675,-46.95052338,brasil_aberto,True
MG,3104007,Araxá,Tiradentes,tiradentes,-19.57073212,-46.93465042,brasil_aberto,True
MG,3104007,Araxá,Urciano Lemos,urciano lemos,-19.5741423,-46.93801819999999,brasil_aberto,True
MG,3104007,Araxá,Veredas da Cidade,veredas da cidade,-19.6147747,-46.9243927,brasil_aberto,True
MG,3104007,Araxá,Veredas do Belvedere,veredas do belvedere,-19.59789658,-46.91874313,brasil_aberto,True
MG,3104007,Araxá,Vila Andréa,vila andrea,-19.60528183,-46.92516708,brasil_aberto,True
MG,3104007,Araxá,Vila Estância,vila estancia,-19.61209679,-46.92546463,brasil_aberto,True
MG,3104007,Araxá,Vila Fertiza,vila fertiza,-19.6106634,-46.9444679,brasil_aberto,True
MG,3104007,Araxá,Vila Guimarães,vila guimaraes,-19.59256744,-46.93032455,brasil_aberto,True
MG,3104007,Araxá,Vila Jardim,vila jardim,-19.59537888,-46.94584656,brasil_aberto,True
MG,3104007,Araxá,Vila João Ribeiro,vila joao ribeiro,-19.6024189,-46.94107056,brasil_aberto,True
MG,3104007,Araxá,Vila Lamartine (Área II),vila lamartine (area ii),-19.61224747,-46.93109894,brasil_aberto,True
MG,3104007,Araxá,Vila Padre Alaor,vila padre alaor,-19.6075573,-46.93035889,brasil_aberto,True
MG,3104007,Araxá,Vila Rica,vila rica,-19.5872332,-46.9346641,brasil_aberto,True
MG,3104007,Araxá,Vila Santa Luzia,vila santa luzia,-19.59702873,-46.94482803,brasil_aberto,True
MG,3104007,Araxá,Vila Santa Terezinha,vila santa terezinha,-19.60131264,-46.93296432,brasil_aberto,True
MG,3104007,Araxá,Vila Silvéria,vila silveria,-19.61769485,-46.94263077,brasil_aberto,True
MG,3104007,Araxá,Vila São Pedro,vila sao pedro,-19.58522415,-46.9398613,brasil_aberto,True
MG,3104007,Araxá,Vila Universitária,vila universitaria,-19.5813845,-46.954632,brasil_aberto,True
MG,3104007,Araxá,Área I (CBMM),area i (cbmm),-19.60615158,-46.9216423,brasil_aberto,True
MG,3104007,Araxá,Área Rural de Araxá,area rural de araxa,-19.5851791,-46.9447957,brasil_aberto,True
MG,3103207,Araçaí,Centro,centro,-19.20072937,-44.24947739,brasil_aberto,True
MG,3103405,Araçuaí,Alfredo Graça,alfredo graca,,,brasil_aberto,True
MG,3103405,Araçuaí,Alto Planalto,alto planalto,-16.8504134,-42.061834,brasil_aberto,True
MG,3103405,Araçuaí,Bela Vista,bela vista,,,brasil_aberto,True
MG,3103405,Araçuaí,Canoeiro José Alves de Carvalho,canoeiro jose alves de carvalho,-16.8435701,-42.067143,brasil_aberto,True
MG,3103405,Araçuaí,Centro,centro,,,brasil_aberto,True
MG,3103405,Araçuaí,Engenheiro Schnoor,engenheiro schnoor,-17.1592278,-42.0830654,brasil_aberto,True
MG,3103405,Araçuaí,Esplanada,esplanada,,,brasil_aberto,True
MG,3103405,Araçuaí,Grã-Bretanha,gra-bretanha,,,brasil_aberto,True
MG,3103405,Araçuaí,Itira,itira,,,brasil_aberto,True
MG,3103405,Araçuaí,Nova Terra,nova terra,,,brasil_aberto,True
MG,3103405,Araçuaí,Planalto Vila Magnólia,planalto vila magnolia,,,brasil_aberto,True
MG,3103405,Araçuaí,Santa Tereza,santa tereza,,,brasil_aberto,True
MG,3103405,Araçuaí,São Francisco,sao francisco,,,brasil_aberto,True
MG,3103405,Araçuaí,São Geraldo,sao geraldo,,,brasil_aberto,True
MG,3103405,Araçuaí,São Jorge,sao jorge,,,brasil_aberto,True
MG,3103405,Araçuaí,São Mateus,sao mateus,-16.8412549,-42.0502865,brasil_aberto,True
MG,3103900,Araújos,Centro,centro,-19.93015671,-43.93274307,brasil_aberto,True
MG,3104106,Arceburgo,Centro,centro,-21.36462402,-46.94099426,brasil_aberto,True
MG,3104205,Arcos,Belvedere,belvedere,,,brasil_aberto,True
MG,3104205,Arcos,Brasília,brasilia,-20.2961894,-45.539323,brasil_aberto,True
MG,3104205,Arcos,Calciolândia,calciolandia,,,brasil_aberto,True
MG,3104205,Arcos,Castelo II,castelo ii,,,brasil_aberto,True
MG,3104205,Arcos,Centro,centro,-20.2854356,-45.5402657,brasil_aberto,True
MG,3104205,Arcos,Cidade Esperança I,cidade esperanca i,,,brasil_aberto,True
MG,3104205,Arcos,Cidade Jardim,cidade jardim,,,brasil_aberto,True
MG,3104205,Arcos,Cidade Nova,cidade nova,-20.2821428,-45.5451577,brasil_aberto,True
MG,3104205,Arcos,Cruzeiro,cruzeiro,,,brasil_aberto,True
MG,3104205,Arcos,Floresta,floresta,,,brasil_aberto,True
MG,3104205,Arcos,Geny Andrade,geny andrade,-20.2908268,-45.543309,brasil_aberto,True
MG,3104205,Arcos,Ilha,ilha,-19.5778786,-45.310827,brasil_aberto,True
MG,3104205,Arcos,Jardim Bela Vista,jardim bela vista,-20.2877726,-45.5396954,brasil_aberto,True
MG,3104205,Arcos,Jardim Esplanada,jardim esplanada,,,brasil_aberto,True
MG,3104205,Arcos,Juá,jua,,,brasil_aberto,True
MG,3104205,Arcos,Juá II,jua ii,,,brasil_aberto,True
MG,3104205,Arcos,Luxemburgo,luxemburgo,,,brasil_aberto,True
MG,3104205,Arcos,Nossa Senhora Aparecida,nossa senhora aparecida,,,brasil_aberto,True
MG,3104205,Arcos,Nova Morada II,nova morada ii,,,brasil_aberto,True
MG,3104205,Arcos,Novo Santo Antônio,novo santo antonio,,,brasil_aberto,True
MG,3104205,Arcos,Novo São Judas Tadeu,novo sao judas tadeu,,,brasil_aberto,True
MG,3104205,Arcos,Núcleo Industrial II,nucleo industrial ii,,,brasil_aberto,True
MG,3104205,Arcos,Pinheiros,pinheiros,,,brasil_aberto,True
MG,3104205,Arcos,Pinheiros I,pinheiros i,,,brasil_aberto,True
MG,3104205,Arcos,Planalto,planalto,,,brasil_aberto,True
MG,3104205,Arcos,Planalto II,planalto ii,,,brasil_aberto,True
MG,3104205,Arcos,Residencial Buritis I,residencial buritis i,,,brasil_aberto,True
MG,3104205,Arcos,Residencial Jardim Canadá,residencial jardim canada,,,brasil_aberto,True
MG,3104205,Arcos,Residencial Parque da Floresta II,residencial parque da floresta ii,,,brasil_aberto,True
MG,3104205,Arcos,Santo Antônio,santo antonio,,,brasil_aberto,True
MG,3104205,Arcos,Sion,sion,,,brasil_aberto,True
MG,3104205,Arcos,São Bento,sao bento,,,brasil_aberto,True
MG,3104205,Arcos,São Francisco,sao francisco,,,brasil_aberto,True
MG,3104205,Arcos,São José,sao jose,-20.2908268,-45.543309,brasil_aberto,True
MG,3104205,Arcos,São Judas Tadeu,sao judas tadeu,,,brasil_aberto,True
MG,3104205,Arcos,São Pedro,sao pedro,,,brasil_aberto,True
MG,3104205,Arcos,São Vicente,sao vicente,,,brasil_aberto,True
MG,3104205,Arcos,Vila Boa Vista,vila boa vista,,,brasil_aberto,True
MG,3104205,Arcos,Vila Calcita,vila calcita,,,brasil_aberto,True
MG,3104205,Arcos,Área Rural de Arcos,area rural de arcos,-20.2877726,-45.5396954,brasil_aberto,True
MG,3104304,Areado,Centro,centro,-21.36022758,-46.14408875,brasil_aberto,True
MG,3104403,Argirita,Centro,centro,-21.6121229,-42.8365052,brasil_aberto,True
MG,3104452,Aricanduva,Centro,centro,,,brasil_aberto,True
MG,3104502,Arinos,Centro,centro,-15.91478062,-46.10743332,brasil_aberto,True
MG,3104502,Arinos,Pic Sagarana,pic sagarana,-16.1654777,-46.1783674,brasil_aberto,True
MG,3104502,Arinos,Vila Bom Jesus,vila bom jesus,-15.796389,-45.677778,brasil_aberto,True
MG,3104601,Astolfo Dutra,Centro,centro,-21.38572502,-42.69279861,brasil_aberto,True
MG,3104601,Astolfo Dutra,Santana do Campestre,santana do campestre,-21.26808548,-42.93711853,brasil_aberto,True
MG,3104601,Astolfo Dutra,Sobral Pinto,sobral pinto,-21.2675128,-42.8985292,brasil_aberto,True
MG,3104700,Ataléia,Centro,centro,-18.9443834,-46.9926574,brasil_aberto,True
MG,3104700,Ataléia,Fidelândia,fidelandia,-18.1941359,-41.2405487,brasil_aberto,True
MG,3104700,Ataléia,Novo Horizonte,novo horizonte,-18.295187,-41.14502716,brasil_aberto,True
MG,3104809,Augusto de Lima,Centro,centro,-18.10938835,-44.26578522,brasil_aberto,True
MG,3100500,Açucena,Aramirim,aramirim,-18.99578285,-42.4793129,brasil_aberto,True
MG,3100500,Açucena,Centro,centro,-19.07347488,-42.5460968,brasil_aberto,True
MG,3100500,Açucena,Felicina,felicina,-19.07588387,-42.38335419,brasil_aberto,True
MG,3100500,Açucena,Gama,gama,-19.1189003,-42.39036179,brasil_aberto,True
MG,3100500,Açucena,Naque-Nanuque,naque-nanuque,-19.18683434,-42.4264946,brasil_aberto,True
MG,3100500,Açucena,Pedra Corrida,pedra corrida,,,brasil_aberto,True
MG,3104908,Baependi,Centro,centro,-21.95894814,-44.89193726,brasil_aberto,True
MG,3105004,Baldim,Amanda,amanda,-19.35219383,-43.87372208,brasil_aberto,True
MG,3105004,Baldim,Centro,centro,-19.46637154,-44.2499733,brasil_aberto,True
MG,3105004,Baldim,Mocambo,mocambo,,,brasil_aberto,True
MG,3105004,Baldim,São Vicente,sao vicente,-21.70168114,-44.44005203,brasil_aberto,True
MG,3105004,Baldim,Vargem Grande,vargem grande,,,brasil_aberto,True
MG,3105004,Baldim,Vargem Grande da Serra,vargem grande da serra,-19.33585739,-43.81953812,brasil_aberto,True
MG,3105103,Bambuí,Centro,centro,-20.01273155,-45.98025131,brasil_aberto,True
MG,3105202,Bandeira,Centro,centro,,,brasil_aberto,True
MG,3105202,Bandeira,Zona Rural,zona rural,,,brasil_aberto,True
MG,3105301,Bandeira do Sul,Centro,centro,-21.70914078,-46.24981308,brasil_aberto,True
MG,3105608,Barbacena,Aeroporto,aeroporto,-21.25549126,-43.76808167,brasil_aberto,True
MG,3105608,Barbacena,Andaraí,andarai,-21.21703529,-43.766922,brasil_aberto,True
MG,3105608,Barbacena,Belvedere,belvedere,-21.23066139,-43.79148483,brasil_aberto,True
MG,3105608,Barbacena,Boa Morte,boa morte,-21.22454834,-43.77911377,brasil_aberto,True
MG,3105608,Barbacena,Boa Vista,boa vista,-21.21661377,-43.76292801,brasil_aberto,True
MG,3105608,Barbacena,Bom Pastor,bom pastor,-21.23406219,-43.76834488,brasil_aberto,True
MG,3105608,Barbacena,Caiçaras,caicaras,-21.21916771,-43.7498436,brasil_aberto,True
MG,3105608,Barbacena,Caminho Novo,caminho novo,-21.20999527,-43.76095581,brasil_aberto,True
MG,3105608,Barbacena,Campo,campo,,,brasil_aberto,True
MG,3105608,Barbacena,Carmo,carmo,-21.2408905,-43.7701683,brasil_aberto,True
MG,3105608,Barbacena,Centro,centro,-21.22815323,-43.77468491,brasil_aberto,True
MG,3105608,Barbacena,Chácaras das Andorinhas,chacaras das andorinhas,-21.22399521,-43.75960159,brasil_aberto,True
MG,3105608,Barbacena,Colônia Rodrigo Silva,colonia rodrigo silva,-21.25852966,-43.80942535,brasil_aberto,True
MG,3105608,Barbacena,Correia de Almeida,correia de almeida,-21.30133629,-43.62673187,brasil_aberto,True
MG,3105608,Barbacena,Costas da Mantiqueira,costas da mantiqueira,-21.24585152,-43.65372467,brasil_aberto,True
MG,3105608,Barbacena,Diniz,diniz,-21.20879555,-43.77906799,brasil_aberto,True
MG,3105608,Barbacena,Diniz II,diniz ii,,,brasil_aberto,True
MG,3105608,Barbacena,Dom Bosco,dom bosco,-21.2505151,-43.7689508,brasil_aberto,True
MG,3105608,Barbacena,Doutor Geraldo Xavier,doutor geraldo xavier,-21.2279652,-43.7925442,brasil_aberto,True
MG,3105608,Barbacena,Eucisa,eucisa,,,brasil_aberto,True
MG,3105608,Barbacena,Faria,faria,-20.8033638,-42.01277542,brasil_aberto,True
MG,3105608,Barbacena,Floresta,floresta,-21.2056737,-43.7857471,brasil_aberto,True
MG,3105608,Barbacena,Funcionários,funcionarios,-21.21619225,-43.78072357,brasil_aberto,True
MG,3105608,Barbacena,Fátima,fatima,-21.23761368,-43.77293777,brasil_aberto,True
MG,3105608,Barbacena,Galego,galego,-21.2367382,-43.72475052,brasil_aberto,True
MG,3105608,Barbacena,Greenville,greenville,-21.1951075,-43.7581516,brasil_aberto,True
MG,3105608,Barbacena,Grogotó,grogoto,-21.20636177,-43.77465057,brasil_aberto,True
MG,3105608,Barbacena,Guarani,guarani,,,brasil_aberto,True
MG,3105608,Barbacena,Ibiapaba,ibiapaba,-21.22146034,-43.77715683,brasil_aberto,True
MG,3105608,Barbacena,Ipanema,ipanema,-21.22992516,-43.74420929,brasil_aberto,True
MG,3105608,Barbacena,Jardim,jardim,-21.23034096,-43.76909637,brasil_aberto,True
MG,3105608,Barbacena,João Paulo II,joao paulo ii,-21.19497681,-43.79056168,brasil_aberto,True
MG,3105608,Barbacena,Mansões,mansoes,-21.23761368,-43.77293777,brasil_aberto,True
MG,3105608,Barbacena,Mantiqueira do Palmital,mantiqueira do palmital,-21.28751945,-43.68286514,brasil_aberto,True
MG,3105608,Barbacena,Marino Ceolin,marino ceolin,,,brasil_aberto,True
MG,3105608,Barbacena,Monsenhor Mário Quintão,monsenhor mario quintao,-21.22399902,-43.7870369,brasil_aberto,True
MG,3105608,Barbacena,Monte Mário,monte mario,-21.2283831,-43.804225,brasil_aberto,True
MG,3105608,Barbacena,Nossa Senhora Aparecida,nossa senhora aparecida,-21.2116246,-43.7872575,brasil_aberto,True
MG,3105608,Barbacena,Nova Cidade,nova cidade,-21.22816086,-43.73930359,brasil_aberto,True
MG,3105608,Barbacena,Nova Suíça,nova suica,-21.22771645,-43.73605347,brasil_aberto,True
MG,3105608,Barbacena,Nove de Março,nove de marco,-21.19924927,-43.79361343,brasil_aberto,True
MG,3105608,Barbacena,Novo Horizonte,novo horizonte,-21.20716858,-43.76935959,brasil_aberto,True
MG,3105608,Barbacena,Padre Brito,padre brito,-21.28898811,-43.99253082,brasil_aberto,True
MG,3105608,Barbacena,Padre Cunha,padre cunha,-21.21955109,-43.78086853,brasil_aberto,True
MG,3105608,Barbacena,Panorama,panorama,-21.20583153,-43.77867508,brasil_aberto,True
MG,3105608,Barbacena,Passarinhos,passarinhos,-18.72216034,-44.94288635,brasil_aberto,True
MG,3105608,Barbacena,Pinheiro Grosso,pinheiro grosso,-21.20040703,-43.7096138,brasil_aberto,True
MG,3105608,Barbacena,Ponte do Cosme,ponte do cosme,-21.27233315,-43.78039551,brasil_aberto,True
MG,3105608,Barbacena,Pontilhão,pontilhao,-21.21823883,-43.78158951,brasil_aberto,True
MG,3105608,Barbacena,Ponto Chique do Martelo,ponto chique do martelo,-21.35723877,-43.93533325,brasil_aberto,True
MG,3105608,Barbacena,Retiro das Rosas,retiro das rosas,,,brasil_aberto,True
MG,3105608,Barbacena,Santa Cecília,santa cecilia,-21.23157883,-43.77375793,brasil_aberto,True
MG,3105608,Barbacena,Santa Efigênia,santa efigenia,-21.20841217,-43.76681137,brasil_aberto,True
MG,3105608,Barbacena,Santa Luzia,santa luzia,-21.20715141,-43.77313995,brasil_aberto,True
MG,3105608,Barbacena,Santa Maria,santa maria,-21.19828606,-43.79680252,brasil_aberto,True
MG,3105608,Barbacena,Santa Tereza I,santa tereza i,-21.2287349,-43.7834604,brasil_aberto,True
MG,3105608,Barbacena,Santa Tereza II,santa tereza ii,-21.22852325,-43.79192352,brasil_aberto,True
MG,3105608,Barbacena,Santo Antônio,santo antonio,-21.20022583,-43.75233841,brasil_aberto,True
MG,3105608,Barbacena,Senhora das Dores,senhora das dores,-21.19093323,-43.64592743,brasil_aberto,True
MG,3105608,Barbacena,Serra Verde,serra verde,-21.2442855,-43.7837957,brasil_aberto,True
MG,3105608,Barbacena,São Cristóvão,sao cristovao,-21.22019005,-43.78769302,brasil_aberto,True
MG,3105608,Barbacena,São Francisco,sao francisco,-21.20053101,-43.77360153,brasil_aberto,True
MG,3105608,Barbacena,São Geraldo,sao geraldo,-21.23157883,-43.77375793,brasil_aberto,True
MG,3105608,Barbacena,São Jorge,sao jorge,-21.21621895,-43.78736115,brasil_aberto,True
MG,3105608,Barbacena,São José,sao jose,-21.22630692,-43.7696228,brasil_aberto,True
MG,3105608,Barbacena,São Pedro,sao pedro,-21.20286751,-43.75423813,brasil_aberto,True
MG,3105608,Barbacena,São Sebastião,sao sebastiao,-21.2181015,-43.77281952,brasil_aberto,True
MG,3105608,Barbacena,São Sebastião dos Torres,sao sebastiao dos torres,-21.28817558,-43.6675148,brasil_aberto,True
MG,3105608,Barbacena,São Vicente de Paula,sao vicente de paula,,,brasil_aberto,True
MG,3105608,Barbacena,Vale das Rosas,vale das rosas,-21.1957016,-43.77381897,brasil_aberto,True
MG,3105608,Barbacena,Vilela,vilela,-21.21888733,-43.75350952,brasil_aberto,True
MG,3105608,Barbacena,Vista Alegre,vista alegre,-21.20567131,-43.76872253,brasil_aberto,True
MG,3105608,Barbacena,Água Santa,agua santa,-21.2026912,-43.7519729,brasil_aberto,True
MG,3105608,Barbacena,Área Rural de Barbacena,area rural de barbacena,-21.2219897,-43.77244870000001,brasil_aberto,True
MG,3105707,Barra Longa,Barro Branco,barro branco,,,brasil_aberto,True
MG,3105707,Barra Longa,Bom Sucesso,bom sucesso,-20.3995681,-43.031427,brasil_aberto,True
MG,3105707,Barra Longa,Bonfim da Barra,bonfim da barra,-20.22158432,-43.03540802,brasil_aberto,True
MG,3105707,Barra Longa,Centro,centro,-20.2826366,-43.0410455,brasil_aberto,True
MG,3105707,Barra Longa,Gesteira,gesteira,,,brasil_aberto,True
MG,3105905,Barroso,Alonso,alonso,,,brasil_aberto,True
MG,3105905,Barroso,Centro,centro,-21.1873225,-43.9781123,brasil_aberto,True
MG,3105905,Barroso,Doutor José Guimarães,doutor jose guimaraes,,,brasil_aberto,True
MG,3105905,Barroso,Genésio Graçano,genesio gracano,,,brasil_aberto,True
MG,3105905,Barroso,Irmãos Pinto,irmaos pinto,,,brasil_aberto,True
MG,3105905,Barroso,Jardim Bandeirantes,jardim bandeirantes,,,brasil_aberto,True
MG,3105905,Barroso,Jardim Europa,jardim europa,,,brasil_aberto,True
MG,3105905,Barroso,Joaquim Gabriel de Souza,joaquim gabriel de souza,,,brasil_aberto,True
MG,3105905,Barroso,Josefina Coelho de Souza,josefina coelho de souza,,,brasil_aberto,True
MG,3105905,Barroso,João Bedeschi,joao bedeschi,,,brasil_aberto,True
MG,3105905,Barroso,Rosário,rosario,,,brasil_aberto,True
MG,3105905,Barroso,Santa Maria,santa maria,,,brasil_aberto,True
MG,3105905,Barroso,São José,sao jose,,,brasil_aberto,True
MG,3105400,Barão de Cocais,Centro,centro,-19.93966484,-43.47777557,brasil_aberto,True
MG,3105400,Barão de Cocais,Cocais,cocais,-19.86351585,-43.45243835,brasil_aberto,True
MG,3105400,Barão de Cocais,Viúva,viuva,-19.9492216,-43.4765239,brasil_aberto,True
MG,3105509,Barão do Monte Alto,Cachoeira Alegre,cachoeira alegre,,,brasil_aberto,True
MG,3105509,Barão do Monte Alto,Centro,centro,,,brasil_aberto,True
MG,3105509,Barão do Monte Alto,Silveira Carvalho,silveira carvalho,,,brasil_aberto,True
MG,3105509,Barão do Monte Alto,Vardiero,vardiero,,,brasil_aberto,True
MG,3106002,Bela Vista de Minas,Centro,centro,-19.82911491,-43.09148026,brasil_aberto,True
MG,3106101,Belmiro Braga,Centro,centro,-21.94911385,-43.41626358,brasil_aberto,True
MG,3106101,Belmiro Braga,Porto das Flores,porto das flores,-22.08659172,-43.56876755,brasil_aberto,True
MG,3106101,Belmiro Braga,Três Ilhas,tres ilhas,-22.02310371,-43.45484924,brasil_aberto,True
MG,3106200,Belo Horizonte,Aarão Reis,aarao reis,-19.84537315,-43.92543411,brasil_aberto,True
MG,3106200,Belo Horizonte,Acaba Mundo,acaba mundo,-19.96201324,-43.92960739,brasil_aberto,True
MG,3106200,Belo Horizonte,Acaiaca,acaiaca,-19.84601784,-43.89290619,brasil_aberto,True
MG,3106200,Belo Horizonte,Adelaide,adelaide,-19.9017804,-43.976586,brasil_aberto,True
MG,3106200,Belo Horizonte,Aeroporto,aeroporto,-19.8543644,-43.9546051,brasil_aberto,True
MG,3106200,Belo Horizonte,Alpes,alpes,-19.82872581,-43.99051666,brasil_aberto,True
MG,3106200,Belo Horizonte,Alta Tensão I,alta tensao i,-19.9819425,-43.9907022,brasil_aberto,True
MG,3106200,Belo Horizonte,Alto Barroca,alto barroca,-19.9310933,-43.9696938,brasil_aberto,True
MG,3106200,Belo Horizonte,Alto Caiçaras,alto caicaras,-19.89896774,-43.97692108,brasil_aberto,True
MG,3106200,Belo Horizonte,Alto Vera Cruz,alto vera cruz,-19.9058557,-43.8859156,brasil_aberto,True
MG,3106200,Belo Horizonte,Alto dos Pinheiros,alto dos pinheiros,-19.9332337,-44.0005835,brasil_aberto,True
MG,3106200,Belo Horizonte,Alípio de Melo,alipio de melo,-19.89815331,-44.0032196,brasil_aberto,True
MG,3106200,Belo Horizonte,Anchieta,anchieta,-19.94930649,-43.92251205,brasil_aberto,True
MG,3106200,Belo Horizonte,Aparecida,aparecida,-19.8930397,-43.95736313,brasil_aberto,True
MG,3106200,Belo Horizonte,Aparecida Sétima Seção,aparecida setima secao,-19.8928619,-43.9594623,brasil_aberto,True
MG,3106200,Belo Horizonte,Apolônia,apolonia,-19.82872581,-43.99051666,brasil_aberto,True
MG,3106200,Belo Horizonte,Araguaia,araguaia,-19.99323845,-44.00615311,brasil_aberto,True
MG,3106200,Belo Horizonte,Baleia,baleia,-19.92948723,-43.89806747,brasil_aberto,True
MG,3106200,Belo Horizonte,Bandeirantes (Pampulha),bandeirantes (pampulha),-19.86369514,-43.99210739,brasil_aberto,True
MG,3106200,Belo Horizonte,Barreiro,barreiro,-19.97697449,-44.02508926,brasil_aberto,True
MG,3106200,Belo Horizonte,Barro Preto,barro preto,-19.92770767,-43.94120026,brasil_aberto,True
MG,3106200,Belo Horizonte,Barroca,barroca,-19.93212128,-43.96598816,brasil_aberto,True
MG,3106200,Belo Horizonte,Barão Homem de Melo I,barao homem de melo i,-19.9386178,-43.973286,brasil_aberto,True
MG,3106200,Belo Horizonte,Beija Flor,beija flor,-19.84447861,-43.88418961,brasil_aberto,True
MG,3106200,Belo Horizonte,Beira-Linha,beira-linha,-19.83781624,-43.89558029,brasil_aberto,True
MG,3106200,Belo Horizonte,Belmonte,belmonte,-19.8866024,-43.91316605,brasil_aberto,True
MG,3106200,Belo Horizonte,Belvedere,belvedere,-19.96615791,-43.9380188,brasil_aberto,True
MG,3106200,Belo Horizonte,Bernadete (Barreiro),bernadete (barreiro),-19.98514938,-43.98519516,brasil_aberto,True
MG,3106200,Belo Horizonte,Betânia,betania,-19.95985603,-43.99438095,brasil_aberto,True
MG,3106200,Belo Horizonte,Biquinhas,biquinhas,,,brasil_aberto,True
MG,3106200,Belo Horizonte,Bispo de Maura,bispo de maura,-19.83343506,-44.03742981,brasil_aberto,True
MG,3106200,Belo Horizonte,Boa Esperança,boa esperanca,-19.97201538,-44.16252518,brasil_aberto,True
MG,3106200,Belo Horizonte,Boa Viagem,boa viagem,-19.93274498,-43.93002701,brasil_aberto,True
MG,3106200,Belo Horizonte,Boa Vista,boa vista,-19.89106178,-43.89312744,brasil_aberto,True
MG,3106200,Belo Horizonte,Bom Jesus,bom jesus,-19.89646339,-43.95485687,brasil_aberto,True
MG,3106200,Belo Horizonte,Bonfim,bonfim,-19.91259766,-43.95039749,brasil_aberto,True
MG,3106200,Belo Horizonte,Bonsucesso (Barreiro),bonsucesso (barreiro),-19.98842049,-43.98924255,brasil_aberto,True
MG,3106200,Belo Horizonte,Brasil Industrial (Barreiro),brasil industrial (barreiro),-20.00062561,-44.01873779,brasil_aberto,True
MG,3106200,Belo Horizonte,Braúnas,braunas,-19.85527992,-44.01008987,brasil_aberto,True
MG,3106200,Belo Horizonte,Buritis,buritis,-19.9823792,-43.9697166,brasil_aberto,True
MG,3106200,Belo Horizonte,CDI Jatobá (Barreiro),cdi jatoba (barreiro),-19.9994297,-44.04132843,brasil_aberto,True
MG,3106200,Belo Horizonte,Cabana do Pai Tomás,cabana do pai tomas,-19.9469223,-43.99967575,brasil_aberto,True
MG,3106200,Belo Horizonte,Cachoeirinha,cachoeirinha,-19.8934536,-43.94869614,brasil_aberto,True
MG,3106200,Belo Horizonte,Caetano Furquim,caetano furquim,-19.91078186,-43.90912628,brasil_aberto,True
MG,3106200,Belo Horizonte,Caiçara-Adelaide,caicara-adelaide,-19.90133095,-43.98083496,brasil_aberto,True
MG,3106200,Belo Horizonte,Caiçaras,caicaras,-19.90820503,-43.96884537,brasil_aberto,True
MG,3106200,Belo Horizonte,Calafate,calafate,-19.92636108,-43.97661209,brasil_aberto,True
MG,3106200,Belo Horizonte,Califórnia,california,-19.95304298,-43.93412018,brasil_aberto,True
MG,3106200,Belo Horizonte,Camargos,camargos,-19.93851662,-44.01724243,brasil_aberto,True
MG,3106200,Belo Horizonte,Campo Alegre,campo alegre,-19.82936668,-43.94691467,brasil_aberto,True
MG,3106200,Belo Horizonte,Campus UFMG,campus ufmg,-19.8669704,-43.9620077,brasil_aberto,True
MG,3106200,Belo Horizonte,Canadá,canada,-19.89764404,-43.94500351,brasil_aberto,True
MG,3106200,Belo Horizonte,Canaã,canaa,-19.7942152,-43.9484235,brasil_aberto,True
MG,3106200,Belo Horizonte,Candelária,candelaria,-19.81025124,-43.97141647,brasil_aberto,True
MG,3106200,Belo Horizonte,Capitão Eduardo,capitao eduardo,-19.84793854,-43.88823318,brasil_aberto,True
MG,3106200,Belo Horizonte,Capitão Eduardo (Bairro Montes Claros),capitao eduardo (bairro montes claros),,,brasil_aberto,True
MG,3106200,Belo Horizonte,Cardoso (Barreiro),cardoso (barreiro),-20.00391769,-44.00638199,brasil_aberto,True
MG,3106200,Belo Horizonte,Carlos Prates,carlos prates,-19.91317558,-43.94797516,brasil_aberto,True
MG,3106200,Belo Horizonte,Carmo,carmo,-19.94042778,-43.93108749,brasil_aberto,True
MG,3106200,Belo Horizonte,Casa Branca,casa branca,-19.89531136,-43.88690567,brasil_aberto,True
MG,3106200,Belo Horizonte,Castanheira (Barreiro),castanheira (barreiro),-19.99786949,-44.03334427,brasil_aberto,True
MG,3106200,Belo Horizonte,Castelo,castelo,-19.87286758,-43.99542236,brasil_aberto,True
MG,3106200,Belo Horizonte,Centro,centro,-19.91765594,-43.93395996,brasil_aberto,True
MG,3106200,Belo Horizonte,Cenáculo,cenaculo,-19.80449677,-43.96139526,brasil_aberto,True
MG,3106200,Belo Horizonte,Cidade Jardim,cidade jardim,-19.94114113,-43.94907379,brasil_aberto,True
MG,3106200,Belo Horizonte,Cidade Jardim Taquaril,cidade jardim taquaril,-19.93225861,-43.88477707,brasil_aberto,True
MG,3106200,Belo Horizonte,Cidade Nova,cidade nova,-19.88547707,-43.92346573,brasil_aberto,True
MG,3106200,Belo Horizonte,Cinquentenário,cinquentenario,-19.95287895,-43.98115158,brasil_aberto,True
MG,3106200,Belo Horizonte,Colégio Batista,colegio batista,-19.90573502,-43.9356041,brasil_aberto,True
MG,3106200,Belo Horizonte,Comiteco,comiteco,-19.95146751,-43.92021942,brasil_aberto,True
MG,3106200,Belo Horizonte,Concórdia,concordia,-19.89859772,-43.94117737,brasil_aberto,True
MG,3106200,Belo Horizonte,Confisco,confisco,-19.86810875,-44.01953125,brasil_aberto,True
MG,3106200,Belo Horizonte,Conjunto Ademar Maldonado (Barreiro),conjunto ademar maldonado (barreiro),-19.98257446,-44.02522659,brasil_aberto,True
MG,3106200,Belo Horizonte,Conjunto Bonsucesso (Barreiro),conjunto bonsucesso (barreiro),-19.9775952,-43.9918552,brasil_aberto,True
MG,3106200,Belo Horizonte,Conjunto Califórnia,conjunto california,-19.91934395,-44.01165771,brasil_aberto,True
MG,3106200,Belo Horizonte,Conjunto Celso Machado,conjunto celso machado,-19.88371277,-44.008461,brasil_aberto,True
MG,3106200,Belo Horizonte,Conjunto Habitacional Vale do Jatobá (Barreiro),conjunto habitacional vale do jatoba (barreiro),-20.00731468,-44.03834152,brasil_aberto,True
MG,3106200,Belo Horizonte,Conjunto Jardim Filadélfia,conjunto jardim filadelfia,-19.90795135,-44.01002121,brasil_aberto,True
MG,3106200,Belo Horizonte,Conjunto Jatobá (Barreiro),conjunto jatoba (barreiro),-20.00431252,-44.04205704,brasil_aberto,True
MG,3106200,Belo Horizonte,Conjunto Lagoa,conjunto lagoa,-19.86667442,-43.99701309,brasil_aberto,True
MG,3106200,Belo Horizonte,Conjunto Minascaixa,conjunto minascaixa,-19.80340004,-43.95795822,brasil_aberto,True
MG,3106200,Belo Horizonte,Conjunto Novo Dom Bosco,conjunto novo dom bosco,-19.91750145,-44.00880814,brasil_aberto,True
MG,3106200,Belo Horizonte,Conjunto Paulo VI,conjunto paulo vi,-19.83125114,-43.88379288,brasil_aberto,True
MG,3106200,Belo Horizonte,Conjunto Santa Maria,conjunto santa maria,-19.95042801,-43.96072006,brasil_aberto,True
MG,3106200,Belo Horizonte,Conjunto Taquaril,conjunto taquaril,-19.91904449,-43.88086319,brasil_aberto,True
MG,3106200,Belo Horizonte,Conjunto Túnel Ibirité (Barreiro),conjunto tunel ibirite (barreiro),-19.98744011,-44.04665756,brasil_aberto,True
MG,3106200,Belo Horizonte,Copacabana,copacabana,-19.83756065,-43.98225784,brasil_aberto,True
MG,3106200,Belo Horizonte,Coqueiros,coqueiros,-19.90206146,-44.02030182,brasil_aberto,True
MG,3106200,Belo Horizonte,Coração Eucarístico,coracao eucaristico,-19.92591095,-43.98994827,brasil_aberto,True
MG,3106200,Belo Horizonte,Coração de Jesus,coracao de jesus,-19.9425412,-43.9535799,brasil_aberto,True
MG,3106200,Belo Horizonte,Corumbiara (Barreiro),corumbiara (barreiro),-20.0093589,-44.0138994,brasil_aberto,True
MG,3106200,Belo Horizonte,Cruzeiro,cruzeiro,-19.93274498,-43.93002701,brasil_aberto,True
MG,3106200,Belo Horizonte,Céu Azul,ceu azul,-19.82851028,-43.99626541,brasil_aberto,True
MG,3106200,Belo Horizonte,Cônego Pinheiro,conego pinheiro,-19.9195425,-43.9094005,brasil_aberto,True
MG,3106200,Belo Horizonte,Delta,delta,-20.0023889,-44.0157899,brasil_aberto,True
MG,3106200,Belo Horizonte,Diamante (Barreiro),diamante (barreiro),-19.99005127,-44.01893997,brasil_aberto,True
MG,3106200,Belo Horizonte,Distrito Industrial do Jatobá (Barreiro),distrito industrial do jatoba (barreiro),-20.00836563,-44.02793121,brasil_aberto,True
MG,3106200,Belo Horizonte,Distrito Industrial do Jatobá (Camilo Torres),distrito industrial do jatoba (camilo torres),-20.008035,-44.0283044,brasil_aberto,True
MG,3106200,Belo Horizonte,Distrito Industrial do Jatobá (Eliana Silva),distrito industrial do jatoba (eliana silva),-20.0093831,-44.0268161,brasil_aberto,True
MG,3106200,Belo Horizonte,Distrito Industrial do Jatobá (Irmã Doroty),distrito industrial do jatoba (irma doroty),-20.00653267,-44.02642822,brasil_aberto,True
MG,3106200,Belo Horizonte,Distrito Industrial do Jatobá (Nelson Mandela),distrito industrial do jatoba (nelson mandela),-20.0076256,-44.0253781,brasil_aberto,True
MG,3106200,Belo Horizonte,Distrito Industrial do Jatobá (Paulo Freire),distrito industrial do jatoba (paulo freire),-20.00619888,-44.0273056,brasil_aberto,True
MG,3106200,Belo Horizonte,Dom Bosco,dom bosco,-19.91429901,-44.00012207,brasil_aberto,True
MG,3106200,Belo Horizonte,Dom Cabral,dom cabral,-19.92149734,-43.99666977,brasil_aberto,True
MG,3106200,Belo Horizonte,Dom Joaquim,dom joaquim,-19.87827492,-43.914814,brasil_aberto,True
MG,3106200,Belo Horizonte,Dom Silvério,dom silverio,-19.85340691,-43.90366364,brasil_aberto,True
MG,3106200,Belo Horizonte,Dona Clara,dona clara,-19.8611145,-43.93677902,brasil_aberto,True
MG,3106200,Belo Horizonte,Engenho Nogueira,engenho nogueira,-19.935112,-44.01708603,brasil_aberto,True
MG,3106200,Belo Horizonte,Ermelinda,ermelinda,-19.88478851,-43.96255875,brasil_aberto,True
MG,3106200,Belo Horizonte,Ernesto do Nascimento(Barreiro),ernesto do nascimento(barreiro),-20.00839233,-44.03185272,brasil_aberto,True
MG,3106200,Belo Horizonte,Esperança (Barreiro),esperanca (barreiro),-19.99322891,-43.98913956,brasil_aberto,True
MG,3106200,Belo Horizonte,Esplanada,esplanada,-19.90637779,-43.90172577,brasil_aberto,True
MG,3106200,Belo Horizonte,Estoril,estoril,-19.95889282,-43.96221542,brasil_aberto,True
MG,3106200,Belo Horizonte,Estrela,estrela,-19.94836998,-43.94083023,brasil_aberto,True
MG,3106200,Belo Horizonte,Estrela do Oriente,estrela do oriente,-19.964571,-43.98950195,brasil_aberto,True
MG,3106200,Belo Horizonte,Etelvina Carneiro,etelvina carneiro,-19.81155777,-43.9323616,brasil_aberto,True
MG,3106200,Belo Horizonte,Europa,europa,-19.80358696,-43.96603012,brasil_aberto,True
MG,3106200,Belo Horizonte,Eymard,eymard,-19.86381721,-43.91869354,brasil_aberto,True
MG,3106200,Belo Horizonte,Fazendinha,fazendinha,-19.93168449,-43.90490723,brasil_aberto,True
MG,3106200,Belo Horizonte,Fernão Dias,fernao dias,-19.86849403,-43.9179306,brasil_aberto,True
MG,3106200,Belo Horizonte,Floramar,floramar,-19.8394146,-43.93183517,brasil_aberto,True
MG,3106200,Belo Horizonte,Floresta,floresta,-19.91950417,-43.9300499,brasil_aberto,True
MG,3106200,Belo Horizonte,Flávio Marques Lisboa (Barreiro),flavio marques lisboa (barreiro),-19.99271011,-43.9998703,brasil_aberto,True
MG,3106200,Belo Horizonte,Flávio de Oliveira (Barreiro),flavio de oliveira (barreiro),-20.00186348,-44.00298691,brasil_aberto,True
MG,3106200,Belo Horizonte,Frei Leopoldo,frei leopoldo,-19.8069706,-43.93864441,brasil_aberto,True
MG,3106200,Belo Horizonte,Funcionários,funcionarios,-19.93274498,-43.93002701,brasil_aberto,True
MG,3106200,Belo Horizonte,Gameleira,gameleira,-19.93068123,-43.97151566,brasil_aberto,True
MG,3106200,Belo Horizonte,Garças,garcas,-19.83378983,-44.00018311,brasil_aberto,True
MG,3106200,Belo Horizonte,Glória,gloria,-19.90163803,-44.01602554,brasil_aberto,True
MG,3106200,Belo Horizonte,Goiânia,goiania,-19.8605175,-43.90349197,brasil_aberto,True
MG,3106200,Belo Horizonte,Grajaú,grajau,-19.93854713,-43.96561813,brasil_aberto,True
MG,3106200,Belo Horizonte,Granja Werneck,granja werneck,-19.8217411,-43.9133606,brasil_aberto,True
MG,3106200,Belo Horizonte,Granja Werneck (Novo Lajedo),granja werneck (novo lajedo),,,brasil_aberto,True
MG,3106200,Belo Horizonte,Granja de Freitas,granja de freitas,-19.91508865,-43.92981339,brasil_aberto,True
MG,3106200,Belo Horizonte,Graça,graca,-19.8985672,-43.93292618,brasil_aberto,True
MG,3106200,Belo Horizonte,Grotinha,grotinha,-19.84910583,-43.89154053,brasil_aberto,True
MG,3106200,Belo Horizonte,Guarani,guarani,-19.84306717,-43.91962051,brasil_aberto,True
MG,3106200,Belo Horizonte,Gutierrez,gutierrez,-19.93652725,-43.95718765,brasil_aberto,True
MG,3106200,Belo Horizonte,Havaí,havai,-19.95155716,-43.98098373,brasil_aberto,True
MG,3106200,Belo Horizonte,Heliópolis,heliopolis,-19.84043121,-43.93809128,brasil_aberto,True
MG,3106200,Belo Horizonte,Horto,horto,-19.9091835,-43.91929626,brasil_aberto,True
MG,3106200,Belo Horizonte,Horto Florestal,horto florestal,-19.90297318,-43.91285324,brasil_aberto,True
MG,3106200,Belo Horizonte,Imbaúbas,imbaubas,-19.94434166,-43.99207687,brasil_aberto,True
MG,3106200,Belo Horizonte,Inconfidência,inconfidencia,-19.90490723,-43.99899292,brasil_aberto,True
MG,3106200,Belo Horizonte,Indaiá,indaia,-19.86689949,-43.953228,brasil_aberto,True
MG,3106200,Belo Horizonte,Independência (Barreiro),independencia (barreiro),-20.02026749,-44.02663422,brasil_aberto,True
MG,3106200,Belo Horizonte,Indústrias I (Barreiro),industrias i (barreiro),,,brasil_aberto,True
MG,3106200,Belo Horizonte,Indústrias II,industrias ii,-19.95796394,-44.0005188,brasil_aberto,True
MG,3106200,Belo Horizonte,Ipiranga,ipiranga,-19.88320923,-43.94001389,brasil_aberto,True
MG,3106200,Belo Horizonte,Ipê,ipe,-19.86856842,-43.90673447,brasil_aberto,True
MG,3106200,Belo Horizonte,Itaipu (Barreiro),itaipu (barreiro),-19.98972702,-44.05075836,brasil_aberto,True
MG,3106200,Belo Horizonte,Itapoã,itapoa,-19.8017221,-43.9415464,brasil_aberto,True
MG,3106200,Belo Horizonte,Itatiaia,itatiaia,-19.86825371,-44.01424789,brasil_aberto,True
MG,3106200,Belo Horizonte,Jaqueline,jaqueline,-19.80172539,-43.93665314,brasil_aberto,True
MG,3106200,Belo Horizonte,Jaraguá,jaragua,-19.8578167,-43.94846725,brasil_aberto,True
MG,3106200,Belo Horizonte,Jardim Alvorada,jardim alvorada,-19.90656281,-43.98329926,brasil_aberto,True
MG,3106200,Belo Horizonte,Jardim América,jardim america,-19.94455147,-43.97317505,brasil_aberto,True
MG,3106200,Belo Horizonte,Jardim Atlântico,jardim atlantico,-19.84449577,-43.98143005,brasil_aberto,True
MG,3106200,Belo Horizonte,Jardim Felicidade,jardim felicidade,-19.8414474,-43.9870067,brasil_aberto,True
MG,3106200,Belo Horizonte,Jardim Filadélfia,jardim filadelfia,-19.91934967,-44.02314758,brasil_aberto,True
MG,3106200,Belo Horizonte,Jardim Guanabara,jardim guanabara,-19.83178329,-43.93601227,brasil_aberto,True
MG,3106200,Belo Horizonte,Jardim Leblon,jardim leblon,-19.82263756,-43.98962021,brasil_aberto,True
MG,3106200,Belo Horizonte,Jardim Montanhês,jardim montanhes,-19.90714455,-43.98009109,brasil_aberto,True
MG,3106200,Belo Horizonte,Jardim Pirineus,jardim pirineus,-19.92482185,-43.89064407,brasil_aberto,True
MG,3106200,Belo Horizonte,Jardim São José,jardim sao jose,-19.90172005,-43.9954567,brasil_aberto,True
MG,3106200,Belo Horizonte,Jardim Vitória,jardim vitoria,-19.85186005,-43.8848114,brasil_aberto,True
MG,3106200,Belo Horizonte,Jardim do Vale (Barreiro),jardim do vale (barreiro),-20.00603485,-44.03204727,brasil_aberto,True
MG,3106200,Belo Horizonte,Jardim dos Comerciários (Venda Nova),jardim dos comerciarios (venda nova),-19.79527664,-43.97281647,brasil_aberto,True
MG,3106200,Belo Horizonte,Jardinópolis,jardinopolis,-19.9416155,-44.0044847,brasil_aberto,True
MG,3106200,Belo Horizonte,Jatobá (Barreiro),jatoba (barreiro),-19.98923111,-44.05417633,brasil_aberto,True
MG,3106200,Belo Horizonte,Jonas Veiga,jonas veiga,-19.92119408,-43.89371109,brasil_aberto,True
MG,3106200,Belo Horizonte,João Paulo II (Barreiro),joao paulo ii (barreiro),-19.98254585,-44.03393555,brasil_aberto,True
MG,3106200,Belo Horizonte,João Pinheiro,joao pinheiro,-19.93016434,-43.99452591,brasil_aberto,True
MG,3106200,Belo Horizonte,Juliana,juliana,-19.8114872,-43.94022369,brasil_aberto,True
MG,3106200,Belo Horizonte,Lagoa,lagoa,-19.80849838,-43.99804306,brasil_aberto,True
MG,3106200,Belo Horizonte,Lagoinha,lagoinha,-19.90978432,-43.94210052,brasil_aberto,True
MG,3106200,Belo Horizonte,Lagoinha Leblon (Venda Nova),lagoinha leblon (venda nova),-19.80590057,-43.99444962,brasil_aberto,True
MG,3106200,Belo Horizonte,Lajedo,lajedo,-19.83330536,-43.91448975,brasil_aberto,True
MG,3106200,Belo Horizonte,Leonina,leonina,-19.95080185,-43.96414566,brasil_aberto,True
MG,3106200,Belo Horizonte,Letícia,leticia,-19.80807114,-43.98064804,brasil_aberto,True
MG,3106200,Belo Horizonte,Liberdade,liberdade,-19.85887337,-43.95608902,brasil_aberto,True
MG,3106200,Belo Horizonte,Lindéia (Barreiro),lindeia (barreiro),-19.97777367,-44.05241394,brasil_aberto,True
MG,3106200,Belo Horizonte,Lourdes,lourdes,-19.92770767,-43.94120026,brasil_aberto,True
MG,3106200,Belo Horizonte,Luxemburgo,luxemburgo,-19.94416046,-43.95431137,brasil_aberto,True
MG,3106200,Belo Horizonte,Madre Gertrudes,madre gertrudes,-19.94900322,-44.00681686,brasil_aberto,True
MG,3106200,Belo Horizonte,Madre Gertrudes III,madre gertrudes iii,-19.9509736,-44.008129,brasil_aberto,True
MG,3106200,Belo Horizonte,Madre Gertrudes V,madre gertrudes v,,,brasil_aberto,True
MG,3106200,Belo Horizonte,Madri,madri,-19.9920607,-43.9841545,brasil_aberto,True
MG,3106200,Belo Horizonte,Mala e Cuia (Sion),mala e cuia (sion),-19.9530657,-43.934134,brasil_aberto,True
MG,3106200,Belo Horizonte,Manacás,manacas,-19.8973999,-43.99893188,brasil_aberto,True
MG,3106200,Belo Horizonte,Mangabeiras,mangabeiras,-19.95880127,-43.91549301,brasil_aberto,True
MG,3106200,Belo Horizonte,Mangueiras (Barreiro),mangueiras (barreiro),-20.01556778,-44.03774261,brasil_aberto,True
MG,3106200,Belo Horizonte,Mantiqueira,mantiqueira,-19.80285835,-43.98600006,brasil_aberto,True
MG,3106200,Belo Horizonte,Marajó,marajo,-19.95557976,-43.98957825,brasil_aberto,True
MG,3106200,Belo Horizonte,Maria Goretti,maria goretti,-19.86416435,-43.91358948,brasil_aberto,True
MG,3106200,Belo Horizonte,Maria Helena,maria helena,-19.79646683,-43.99367523,brasil_aberto,True
MG,3106200,Belo Horizonte,Maria Tereza,maria tereza,,,brasil_aberto,True
MG,3106200,Belo Horizonte,Maria Virgínia,maria virginia,-19.8705616,-43.93553162,brasil_aberto,True
MG,3106200,Belo Horizonte,Mariano de Abreu,mariano de abreu,-19.89546585,-43.88987732,brasil_aberto,True
MG,3106200,Belo Horizonte,Marieta I,marieta i,-19.9915819,-44.034005,brasil_aberto,True
MG,3106200,Belo Horizonte,Marilândia,marilandia,-19.99867249,-44.04738235,brasil_aberto,True
MG,3106200,Belo Horizonte,Mariquinhas,mariquinhas,-19.81297112,-43.94045258,brasil_aberto,True
MG,3106200,Belo Horizonte,Marmiteiros,marmiteiros,-19.9207199,-43.9837312,brasil_aberto,True
MG,3106200,Belo Horizonte,Marçola,marcola,-19.94219971,-43.90950012,brasil_aberto,True
MG,3106200,Belo Horizonte,Milionários (Barreiro),milionarios (barreiro),-19.98150444,-44.00157166,brasil_aberto,True
MG,3106200,Belo Horizonte,Minas Brasil,minas brasil,-19.91880035,-43.98908615,brasil_aberto,True
MG,3106200,Belo Horizonte,Minascaixa,minascaixa,-19.8096447,-43.95934296,brasil_aberto,True
MG,3106200,Belo Horizonte,Minaslândia (P Maio),minaslandia (p maio),-19.85149574,-43.92936325,brasil_aberto,True
MG,3106200,Belo Horizonte,Mineirão,mineirao,-20.02801514,-44.02713394,brasil_aberto,True
MG,3106200,Belo Horizonte,Miramar (Barreiro),miramar (barreiro),-19.99274445,-44.00962067,brasil_aberto,True
MG,3106200,Belo Horizonte,Mirante,mirante,-19.89114761,-43.8902626,brasil_aberto,True
MG,3106200,Belo Horizonte,Monsenhor Messias,monsenhor messias,-19.90799904,-43.97803879,brasil_aberto,True
MG,3106200,Belo Horizonte,Monte Azul,monte azul,-19.81637573,-43.89255142,brasil_aberto,True
MG,3106200,Belo Horizonte,Montes Claros,montes claros,-19.82990837,-43.89126205,brasil_aberto,True
MG,3106200,Belo Horizonte,Morro das Pedras,morro das pedras,-19.94478989,-43.96015549,brasil_aberto,True
MG,3106200,Belo Horizonte,Nazaré,nazare,-19.85418701,-43.89548492,brasil_aberto,True
MG,3106200,Belo Horizonte,Nossa Senhora Aparecida (Aglomerado da Serra),nossa senhora aparecida (aglomerado da serra),-19.9326138,-43.9040912,brasil_aberto,True
MG,3106200,Belo Horizonte,Nossa Senhora da Conceição,nossa senhora da conceicao,-19.93691826,-43.91154099,brasil_aberto,True
MG,3106200,Belo Horizonte,Nossa Senhora da Saúde,nossa senhora da saude,-19.86557961,-43.91052246,brasil_aberto,True
MG,3106200,Belo Horizonte,Nossa Senhora de Fátima,nossa senhora de fatima,-19.93661118,-43.906147,brasil_aberto,True
MG,3106200,Belo Horizonte,Nossa Senhora do Rosário,nossa senhora do rosario,-19.9345403,-43.91429,brasil_aberto,True
MG,3106200,Belo Horizonte,Nova Cachoeirinha,nova cachoeirinha,-19.8678467,-43.9187945,brasil_aberto,True
MG,3106200,Belo Horizonte,Nova Cintra,nova cintra,-19.94930077,-43.98742676,brasil_aberto,True
MG,3106200,Belo Horizonte,Nova Esperança,nova esperanca,-19.89696121,-43.95899963,brasil_aberto,True
MG,3106200,Belo Horizonte,Nova Floresta,nova floresta,-19.89226341,-43.93720627,brasil_aberto,True
MG,3106200,Belo Horizonte,Nova Gameleira,nova gameleira,-19.94274902,-43.99111557,brasil_aberto,True
MG,3106200,Belo Horizonte,Nova Granada,nova granada,-19.93969917,-43.97061539,brasil_aberto,True
MG,3106200,Belo Horizonte,Nova Pampulha,nova pampulha,-19.83145142,-44.01541519,brasil_aberto,True
MG,3106200,Belo Horizonte,Nova Suíssa,nova suissa,-19.93505096,-43.97488403,brasil_aberto,True
MG,3106200,Belo Horizonte,Nova Vista,nova vista,-19.88665199,-43.89775467,brasil_aberto,True
MG,3106200,Belo Horizonte,Novo Aarão Reis,novo aarao reis,-19.8426125,-43.9040957,brasil_aberto,True
MG,3106200,Belo Horizonte,Novo Glória,novo gloria,-19.90229034,-44.01854706,brasil_aberto,True
MG,3106200,Belo Horizonte,Novo Itamarati,novo itamarati,-19.82923126,-43.98305511,brasil_aberto,True
MG,3106200,Belo Horizonte,Novo Santa Cecília (Barreiro),novo santa cecilia (barreiro),-20.00617218,-44.01602554,brasil_aberto,True
MG,3106200,Belo Horizonte,Novo Tupi,novo tupi,-19.83883476,-43.9112854,brasil_aberto,True
MG,3106200,Belo Horizonte,Novo das Indústrias (Barreiro),novo das industrias (barreiro),-19.97558784,-43.99399567,brasil_aberto,True
MG,3106200,Belo Horizonte,Ocupação Rosa Leão (Granja Werneck),ocupacao rosa leao (granja werneck),,,brasil_aberto,True
MG,3106200,Belo Horizonte,Ocupação Vitória (Granja Werneck),ocupacao vitoria (granja werneck),,,brasil_aberto,True
MG,3106200,Belo Horizonte,Oeste,oeste,-19.9687936,-43.9687223,brasil_aberto,True
MG,3106200,Belo Horizonte,Olaria (Barreiro),olaria (barreiro),-19.99176979,-44.0315361,brasil_aberto,True
MG,3106200,Belo Horizonte,Olhos D'Água,olhos d'agua,-19.99523163,-43.96534348,brasil_aberto,True
MG,3106200,Belo Horizonte,Ouro Minas,ouro minas,-19.8476162,-43.91057205,brasil_aberto,True
MG,3106200,Belo Horizonte,Ouro Preto,ouro preto,-19.87727356,-43.9834404,brasil_aberto,True
MG,3106200,Belo Horizonte,Padre Eustáquio,padre eustaquio,-19.91842079,-43.98669434,brasil_aberto,True
MG,3106200,Belo Horizonte,Palmares,palmares,-19.87417793,-43.93542099,brasil_aberto,True
MG,3106200,Belo Horizonte,Palmeiras,palmeiras,-19.97518921,-43.98042297,brasil_aberto,True
MG,3106200,Belo Horizonte,Pampulha,pampulha,-19.85799026,-43.95664978,brasil_aberto,True
MG,3106200,Belo Horizonte,Pantanal,pantanal,-19.95275879,-43.96162033,brasil_aberto,True
MG,3106200,Belo Horizonte,Paquetá,paqueta,-19.89121819,-43.99279022,brasil_aberto,True
MG,3106200,Belo Horizonte,Paraíso,paraiso,-19.91789627,-43.90346909,brasil_aberto,True
MG,3106200,Belo Horizonte,Parque São José,parque sao jose,-19.96339989,-43.97787476,brasil_aberto,True
MG,3106200,Belo Horizonte,Parque São Pedro (Venda Nova),parque sao pedro (venda nova),-19.81184196,-43.95094299,brasil_aberto,True
MG,3106200,Belo Horizonte,Paulo VI,paulo vi,-19.84030151,-43.89642334,brasil_aberto,True
MG,3106200,Belo Horizonte,Pedreira Prado Lopes,pedreira prado lopes,-19.90167618,-43.94868469,brasil_aberto,True
MG,3106200,Belo Horizonte,Pedro II,pedro ii,-19.90173912,-43.96682739,brasil_aberto,True
MG,3106200,Belo Horizonte,Penha,penha,-19.87761688,-43.91227722,brasil_aberto,True
MG,3106200,Belo Horizonte,Petrópolis (Barreiro),petropolis (barreiro),-19.99774551,-44.02101898,brasil_aberto,True
MG,3106200,Belo Horizonte,Pilar,pilar,-19.99972153,-43.97257614,brasil_aberto,True
MG,3106200,Belo Horizonte,Pindorama,pindorama,-19.91474342,-44.02001572,brasil_aberto,True
MG,3106200,Belo Horizonte,Pio XII,pio xii,-19.8961866,-43.9452812,brasil_aberto,True
MG,3106200,Belo Horizonte,Pirajá,piraja,-19.86802292,-43.9188385,brasil_aberto,True
MG,3106200,Belo Horizonte,Piratininga (Venda Nova),piratininga (venda nova),-19.81866837,-43.98931503,brasil_aberto,True
MG,3106200,Belo Horizonte,Planalto,planalto,-19.83688736,-43.94937134,brasil_aberto,True
MG,3106200,Belo Horizonte,Pompéia,pompeia,-19.9122467,-43.90356064,brasil_aberto,True
MG,3106200,Belo Horizonte,Pongelupe (Barreiro),pongelupe (barreiro),-20.00804329,-44.00305557,brasil_aberto,True
MG,3106200,Belo Horizonte,Pousada Santo Antônio,pousada santo antonio,-19.85761642,-43.8888092,brasil_aberto,True
MG,3106200,Belo Horizonte,Prado,prado,-19.92380142,-43.96052551,brasil_aberto,True
MG,3106200,Belo Horizonte,Primeiro de Maio,primeiro de maio,-19.86223984,-43.93110657,brasil_aberto,True
MG,3106200,Belo Horizonte,Providência,providencia,-19.85479164,-43.92791367,brasil_aberto,True
MG,3106200,Belo Horizonte,Renascença,renascenca,-19.88596535,-43.9390564,brasil_aberto,True
MG,3106200,Belo Horizonte,Ribeiro de Abreu,ribeiro de abreu,-19.83625984,-43.90074539,brasil_aberto,True
MG,3106200,Belo Horizonte,Rio Branco,rio branco,-19.82299614,-43.98421097,brasil_aberto,True
MG,3106200,Belo Horizonte,Sagrada Família,sagrada familia,-19.9021874,-43.9214939,brasil_aberto,True
MG,3106200,Belo Horizonte,Salgado Filho,salgado filho,-19.94608498,-43.97781372,brasil_aberto,True
MG,3106200,Belo Horizonte,Santa Amélia,santa amelia,-19.84106064,-43.97491074,brasil_aberto,True
MG,3106200,Belo Horizonte,Santa Branca,santa branca,-19.83724213,-43.96712112,brasil_aberto,True
MG,3106200,Belo Horizonte,Santa Cecília Vale do Jatobá (Barreiro),santa cecilia vale do jatoba (barreiro),-20.00482941,-44.03270721,brasil_aberto,True
MG,3106200,Belo Horizonte,Santa Cruz,santa cruz,-19.87537956,-43.94383621,brasil_aberto,True
MG,3106200,Belo Horizonte,Santa Cruz (Barreiro),santa cruz (barreiro),-19.99155045,-44.01526642,brasil_aberto,True
MG,3106200,Belo Horizonte,Santa Efigênia,santa efigenia,-19.92159653,-43.91401291,brasil_aberto,True
MG,3106200,Belo Horizonte,Santa Helena (Barreiro),santa helena (barreiro),-19.98671722,-44.01014328,brasil_aberto,True
MG,3106200,Belo Horizonte,Santa Inês,santa ines,-19.55099487,-42.64931107,brasil_aberto,True
MG,3106200,Belo Horizonte,Santa Isabel,santa isabel,-19.94214249,-43.92382431,brasil_aberto,True
MG,3106200,Belo Horizonte,Santa Lúcia,santa lucia,-19.97214317,-43.95264435,brasil_aberto,True
MG,3106200,Belo Horizonte,Santa Margarida (Barreiro),santa margarida (barreiro),-19.9747632,-44.0271871,brasil_aberto,True
MG,3106200,Belo Horizonte,Santa Maria,santa maria,-19.93539429,-44.01430893,brasil_aberto,True
MG,3106200,Belo Horizonte,Santa Mônica,santa monica,-19.81967926,-43.97274017,brasil_aberto,True
MG,3106200,Belo Horizonte,Santa Rita (Barreiro),santa rita (barreiro),-20.00816536,-44.03075027,brasil_aberto,True
MG,3106200,Belo Horizonte,Santa Rita de Cássia,santa rita de cassia,-19.95171356,-43.94179153,brasil_aberto,True
MG,3106200,Belo Horizonte,Santa Rosa,santa rosa,-19.86360741,-43.94279099,brasil_aberto,True
MG,3106200,Belo Horizonte,Santa Sofia,santa sofia,-19.95029449,-43.96775436,brasil_aberto,True
MG,3106200,Belo Horizonte,Santa Tereza,santa tereza,-19.91828918,-43.92464828,brasil_aberto,True
MG,3106200,Belo Horizonte,Santa Terezinha,santa terezinha,-19.86807823,-44.00287628,brasil_aberto,True
MG,3106200,Belo Horizonte,Santana do Cafezal,santana do cafezal,-19.93485451,-43.90750122,brasil_aberto,True
MG,3106200,Belo Horizonte,Santo Agostinho,santo agostinho,-19.92967415,-43.94888687,brasil_aberto,True
MG,3106200,Belo Horizonte,Santo André,santo andre,-19.90621376,-43.95861816,brasil_aberto,True
MG,3106200,Belo Horizonte,Santo Antônio,santo antonio,-19.94660187,-43.94604492,brasil_aberto,True
MG,3106200,Belo Horizonte,Satélite,satelite,-19.81208611,-43.94874191,brasil_aberto,True
MG,3106200,Belo Horizonte,Saudade,saudade,-19.91779709,-43.89931107,brasil_aberto,True
MG,3106200,Belo Horizonte,Savassi,savassi,-19.9375248,-43.93815231,brasil_aberto,True
MG,3106200,Belo Horizonte,Senhor dos Passos,senhor dos passos,-19.90778732,-43.94852448,brasil_aberto,True
MG,3106200,Belo Horizonte,Serra,serra,-19.93274498,-43.93002701,brasil_aberto,True
MG,3106200,Belo Horizonte,Serra Verde (Venda Nova),serra verde (venda nova),-19.80001068,-43.96139145,brasil_aberto,True
MG,3106200,Belo Horizonte,Serra do Curral,serra do curral,-20.00745773,-44.00632095,brasil_aberto,True
MG,3106200,Belo Horizonte,Serrano,serrano,-19.8839636,-44.012992,brasil_aberto,True
MG,3106200,Belo Horizonte,Silveira,silveira,-19.89042664,-43.93083191,brasil_aberto,True
MG,3106200,Belo Horizonte,Sion,sion,-19.9514904,-43.93095779,brasil_aberto,True
MG,3106200,Belo Horizonte,Solar do Barreiro (Barreiro),solar do barreiro (barreiro),-20.01094246,-44.00939941,brasil_aberto,True
MG,3106200,Belo Horizonte,Solimões,solimoes,-19.82151794,-43.92733383,brasil_aberto,True
MG,3106200,Belo Horizonte,Sport Club,sport club,-19.9466544,-44.010646,brasil_aberto,True
MG,3106200,Belo Horizonte,Sumaré,sumare,-19.8853117,-43.9668866,brasil_aberto,True
MG,3106200,Belo Horizonte,Suzana,suzana,-19.86370659,-43.93453979,brasil_aberto,True
MG,3106200,Belo Horizonte,São Benedito,sao benedito,-19.87073135,-43.89937592,brasil_aberto,True
MG,3106200,Belo Horizonte,São Bento,sao bento,-19.95896149,-43.95072937,brasil_aberto,True
MG,3106200,Belo Horizonte,São Bernardo,sao bernardo,-19.84992409,-43.93976974,brasil_aberto,True
MG,3106200,Belo Horizonte,São Cristóvão,sao cristovao,-19.89747429,-43.94739914,brasil_aberto,True
MG,3106200,Belo Horizonte,São Damião,sao damiao,-19.78362656,-43.94633102,brasil_aberto,True
MG,3106200,Belo Horizonte,São Francisco,sao francisco,-19.87416458,-43.95861816,brasil_aberto,True
MG,3106200,Belo Horizonte,São Francisco das Chagas,sao francisco das chagas,-19.9144249,-43.96272659,brasil_aberto,True
MG,3106200,Belo Horizonte,São Gabriel,sao gabriel,-19.85634804,-43.9172287,brasil_aberto,True
MG,3106200,Belo Horizonte,São Geraldo,sao geraldo,-19.90225983,-43.89044952,brasil_aberto,True
MG,3106200,Belo Horizonte,São Gonçalo,sao goncalo,-19.8494339,-43.92592239,brasil_aberto,True
MG,3106200,Belo Horizonte,São Jorge,sao jorge,,,brasil_aberto,True
MG,3106200,Belo Horizonte,São Jorge II,sao jorge ii,-19.9417293,-43.9608182,brasil_aberto,True
MG,3106200,Belo Horizonte,São Jorge III,sao jorge iii,-20.30677032,-40.36918259,brasil_aberto,True
MG,3106200,Belo Horizonte,São José,sao jose,-19.85915375,-43.96366119,brasil_aberto,True
MG,3106200,Belo Horizonte,São João,sao joao,-19.99631691,-43.9709816,brasil_aberto,True
MG,3106200,Belo Horizonte,São João Batista (Venda Nova),sao joao batista (venda nova),-19.82279968,-43.96559143,brasil_aberto,True
MG,3106200,Belo Horizonte,São Lucas,sao lucas,-19.92990494,-43.91329575,brasil_aberto,True
MG,3106200,Belo Horizonte,São Luiz,sao luiz,-19.8522935,-43.9575236,brasil_aberto,True
MG,3106200,Belo Horizonte,São Marcos,sao marcos,-19.87055779,-43.90782166,brasil_aberto,True
MG,3106200,Belo Horizonte,São Paulo,sao paulo,-19.86920547,-43.92635727,brasil_aberto,True
MG,3106200,Belo Horizonte,São Pedro,sao pedro,-19.94842339,-43.94190598,brasil_aberto,True
MG,3106200,Belo Horizonte,São Salvador,sao salvador,-19.89480591,-44.01661682,brasil_aberto,True
MG,3106200,Belo Horizonte,São Sebastião,sao sebastiao,-19.87099648,-43.94513702,brasil_aberto,True
MG,3106200,Belo Horizonte,São Tomáz,sao tomaz,-19.84354782,-43.95082474,brasil_aberto,True
MG,3106200,Belo Horizonte,Taquaril,taquaril,-19.91559601,-43.88444138,brasil_aberto,True
MG,3106200,Belo Horizonte,Teixeira Dias (Barreiro),teixeira dias (barreiro),-19.98358536,-44.0189209,brasil_aberto,True
MG,3106200,Belo Horizonte,Tiradentes,tiradentes,-19.83671761,-43.8733139,brasil_aberto,True
MG,3106200,Belo Horizonte,Tirol (Barreiro),tirol (barreiro),-19.98521423,-44.03526688,brasil_aberto,True
MG,3106200,Belo Horizonte,Trevo,trevo,-19.83403015,-44.00482941,brasil_aberto,True
MG,3106200,Belo Horizonte,Trevo (Dandara),trevo (dandara),-19.82979393,-44.01187515,brasil_aberto,True
MG,3106200,Belo Horizonte,Três Marias,tres marias,-19.85427666,-43.90007019,brasil_aberto,True
MG,3106200,Belo Horizonte,Tupi A,tupi a,-19.84003448,-43.9215126,brasil_aberto,True
MG,3106200,Belo Horizonte,Tupi B,tupi b,-19.83852005,-43.9179306,brasil_aberto,True
MG,3106200,Belo Horizonte,Universitário,universitario,-19.86941528,-43.94586945,brasil_aberto,True
MG,3106200,Belo Horizonte,Universo,universo,-19.82872581,-43.99051666,brasil_aberto,True
MG,3106200,Belo Horizonte,União,uniao,-19.88676071,-43.92073059,brasil_aberto,True
MG,3106200,Belo Horizonte,Urca,urca,-19.87197113,-44.01351547,brasil_aberto,True
MG,3106200,Belo Horizonte,Vale do Jatobá (Barreiro),vale do jatoba (barreiro),-20.00596428,-44.03564072,brasil_aberto,True
MG,3106200,Belo Horizonte,Venda Nova,venda nova,-19.81645012,-43.95841217,brasil_aberto,True
MG,3106200,Belo Horizonte,Ventosa,ventosa,-19.95301247,-43.97333527,brasil_aberto,True
MG,3106200,Belo Horizonte,Vera Cruz,vera cruz,-19.91078186,-43.90912628,brasil_aberto,True
MG,3106200,Belo Horizonte,Vila Aeroporto,vila aeroporto,-19.8591671,-43.93160248,brasil_aberto,True
MG,3106200,Belo Horizonte,Vila Antena,vila antena,-19.94744682,-43.96166992,brasil_aberto,True
MG,3106200,Belo Horizonte,Vila Antena Montanhês,vila antena montanhes,-19.89684105,-43.98548889,brasil_aberto,True
MG,3106200,Belo Horizonte,Vila Bandeirantes,vila bandeirantes,-19.9689722,-44.053196,brasil_aberto,True
MG,3106200,Belo Horizonte,Vila Barragem Santa Lúcia,vila barragem santa lucia,-19.95283318,-43.94391251,brasil_aberto,True
MG,3106200,Belo Horizonte,Vila Bernadete (Barreiro),vila bernadete (barreiro),-19.9861285,-43.9859212,brasil_aberto,True
MG,3106200,Belo Horizonte,Vila Calafate,vila calafate,-19.93161392,-43.97101212,brasil_aberto,True
MG,3106200,Belo Horizonte,Vila Cemig,vila cemig,-19.99396515,-43.99464035,brasil_aberto,True
MG,3106200,Belo Horizonte,Vila Cloris,vila cloris,-19.81991768,-43.95063019,brasil_aberto,True
MG,3106200,Belo Horizonte,Vila Coqueiral (Vila da Paz),vila coqueiral (vila da paz),-19.91609573,-44.02527237,brasil_aberto,True
MG,3106200,Belo Horizonte,Vila Ecológica (Barreiro),vila ecologica (barreiro),-20.01202965,-44.01932526,brasil_aberto,True
MG,3106200,Belo Horizonte,Vila Formosa Vale do Jatobá (Barreiro),vila formosa vale do jatoba (barreiro),-19.99916267,-44.03110123,brasil_aberto,True
MG,3106200,Belo Horizonte,Vila Independencia I,vila independencia i,-20.0177338,-44.0278506,brasil_aberto,True
MG,3106200,Belo Horizonte,Vila Independencia II,vila independencia ii,-20.0197825,-44.0290835,brasil_aberto,True
MG,3106200,Belo Horizonte,Vila Inestan,vila inestan,-19.87555504,-43.94915009,brasil_aberto,True
MG,3106200,Belo Horizonte,Vila Itaipu (Barreiro),vila itaipu (barreiro),,,brasil_aberto,True
MG,3106200,Belo Horizonte,Vila Jardim Alvorada,vila jardim alvorada,-19.89373398,-43.9875679,brasil_aberto,True
MG,3106200,Belo Horizonte,Vila Jardim São José,vila jardim sao jose,-19.88959885,-43.97224808,brasil_aberto,True
MG,3106200,Belo Horizonte,Vila Madre Gertrudes I,vila madre gertrudes i,-19.9498876,-44.0030181,brasil_aberto,True
MG,3106200,Belo Horizonte,Vila Maloca,vila maloca,-19.88007545,-43.9524765,brasil_aberto,True
MG,3106200,Belo Horizonte,Vila Maria,vila maria,-19.85256577,-43.88584137,brasil_aberto,True
MG,3106200,Belo Horizonte,Vila Nossa Senhora Aparecida,vila nossa senhora aparecida,-19.8240373,-43.9677279,brasil_aberto,True
MG,3106200,Belo Horizonte,Vila Nova Gameleira II,vila nova gameleira ii,-19.94028854,-43.99259186,brasil_aberto,True
MG,3106200,Belo Horizonte,Vila Nova Paraíso,vila nova paraiso,-19.97817039,-43.98628998,brasil_aberto,True
MG,3106200,Belo Horizonte,Vila Novo São Lucas,vila novo sao lucas,-19.93384361,-43.90951157,brasil_aberto,True
MG,3106200,Belo Horizonte,Vila Oeste,vila oeste,-19.93984985,-44.00642014,brasil_aberto,True
MG,3106200,Belo Horizonte,Vila Ouro Minas,vila ouro minas,-19.84607506,-43.91097641,brasil_aberto,True
MG,3106200,Belo Horizonte,Vila Paris,vila paris,-19.9491787,-43.95050049,brasil_aberto,True
MG,3106200,Belo Horizonte,Vila Petrópolis (Barreiro),vila petropolis (barreiro),-20.01397133,-44.02946854,brasil_aberto,True
MG,3106200,Belo Horizonte,Vila Pinho Vale do Jatobá (Barreiro),vila pinho vale do jatoba (barreiro),-19.99675751,-44.02656174,brasil_aberto,True
MG,3106200,Belo Horizonte,Vila Real II,vila real ii,-19.86051559,-43.90550232,brasil_aberto,True
MG,3106200,Belo Horizonte,Vila Rica,vila rica,-19.85515022,-43.95339203,brasil_aberto,True
MG,3106200,Belo Horizonte,Vila Santa Branca (Venda Nova),vila santa branca (venda nova),-19.81386375,-43.96342468,brasil_aberto,True
MG,3106200,Belo Horizonte,Vila Santa Mônica (Venda Nova),vila santa monica (venda nova),-19.8185477,-43.9938854,brasil_aberto,True
MG,3106200,Belo Horizonte,Vila Santo Antônio Barroquinha,vila santo antonio barroquinha,-23.52231789,-46.65076828,brasil_aberto,True
MG,3106200,Belo Horizonte,Vila Sumaré,vila sumare,-19.88847542,-43.96542358,brasil_aberto,True
MG,3106200,Belo Horizonte,Vila São José,vila sao jose,-19.90021706,-43.99898911,brasil_aberto,True
MG,3106200,Belo Horizonte,Vila São Paulo,vila sao paulo,-19.86762047,-43.92133713,brasil_aberto,True
MG,3106200,Belo Horizonte,Vila São Rafael,vila sao rafael,,,brasil_aberto,True
MG,3106200,Belo Horizonte,Vila Tirol (Barreiro),vila tirol (barreiro),-19.98409081,-44.0353241,brasil_aberto,True
MG,3106200,Belo Horizonte,Vila Trinta e Um de Março,vila trinta e um de marco,-19.91957092,-44.00079346,brasil_aberto,True
MG,3106200,Belo Horizonte,Vila União,vila uniao,-19.92029572,-43.91871643,brasil_aberto,True
MG,3106200,Belo Horizonte,Vila Vista Alegre,vila vista alegre,-19.95483971,-43.99277115,brasil_aberto,True
MG,3106200,Belo Horizonte,Vila Zilah Spósito,vila zilah sposito,,,brasil_aberto,True
MG,3106200,Belo Horizonte,Vila da Luz,vila da luz,-19.8559556,-43.8966803,brasil_aberto,True
MG,3106200,Belo Horizonte,Vila dos Anjos,vila dos anjos,,,brasil_aberto,True
MG,3106200,Belo Horizonte,Virgínia,virginia,-19.9738664,-43.9694992,brasil_aberto,True
MG,3106200,Belo Horizonte,Vista Alegre,vista alegre,-19.95447159,-43.99742126,brasil_aberto,True
MG,3106200,Belo Horizonte,Vista do Sol,vista do sol,-19.8519653,-43.8892332,brasil_aberto,True
MG,3106200,Belo Horizonte,Vitória,vitoria,-19.86026192,-43.88330841,brasil_aberto,True
MG,3106200,Belo Horizonte,Vitória da Conquista (Barreiro),vitoria da conquista (barreiro),-20.01553535,-44.02324295,brasil_aberto,True
MG,3106200,Belo Horizonte,Várzea da Palma,varzea da palma,-19.82481956,-43.98607635,brasil_aberto,True
MG,3106200,Belo Horizonte,Xodó Marize,xodo marize,-19.82056808,-43.93940735,brasil_aberto,True
MG,3106200,Belo Horizonte,Águas Claras (Barreiro),aguas claras (barreiro),-20.0110618,-44.0378336,brasil_aberto,True
MG,3106200,Belo Horizonte,Álvaro Camargos,alvaro camargos,-19.91786957,-44.00764847,brasil_aberto,True
MG,3106200,Belo Horizonte,Ápia,apia,,,brasil_aberto,True
MG,3106200,Belo Horizonte,Área Rural de Belo Horizonte,area rural de belo horizonte,-19.919052,-43.9386685,brasil_aberto,True
MG,3106200,Belo Horizonte,Átila de Paiva (Barreiro),atila de paiva (barreiro),-19.97766685,-44.0304718,brasil_aberto,True
MG,3106309,Belo Oriente,Bom Jesus do Bagre,bom jesus do bagre,-19.30900192,-42.51358795,brasil_aberto,True
MG,3106309,Belo Oriente,Centro,centro,-19.22477722,-42.48788071,brasil_aberto,True
MG,3106309,Belo Oriente,Perpétuo Socorro,perpetuo socorro,-19.31604195,-42.36856461,brasil_aberto,True
MG,3106309,Belo Oriente,São Sebastião de Braúnas,sao sebastiao de braunas,-19.2470132,-42.4531073,brasil_aberto,True
MG,3106408,Belo Vale,Centro,centro,-20.4091133,-44.02640299999999,brasil_aberto,True
MG,3106408,Belo Vale,Santana do Paraopeba,santana do paraopeba,-20.37534332,-44.08340454,brasil_aberto,True
MG,3106507,Berilo,Centro,centro,-16.94649506,-42.46303177,brasil_aberto,True
MG,3106507,Berilo,Lelivéldia,leliveldia,,,brasil_aberto,True
MG,3106655,Berizal,Centro,centro,-15.61275101,-41.7444725,brasil_aberto,True
MG,3106606,Bertópolis,Balbinópolis,balbinopolis,-17.0613431,-40.5741895,brasil_aberto,True
MG,3106606,Bertópolis,Centro,centro,-22.4168008,-45.4521607,brasil_aberto,True
MG,3106705,Betim,Alta Villa,alta villa,-19.9697308,-44.2032108,brasil_aberto,True
MG,3106705,Betim,Alto das Flores,alto das flores,-19.93525124,-44.18667603,brasil_aberto,True
MG,3106705,Betim,Alvorada,alvorada,-19.58475113,-46.9466095,brasil_aberto,True
MG,3106705,Betim,Amarante,amarante,-19.94419861,-44.13630676,brasil_aberto,True
MG,3106705,Betim,Amazonas,amazonas,-19.94867706,-44.09805679,brasil_aberto,True
MG,3106705,Betim,Angola,angola,-19.9568283,-44.2035122,brasil_aberto,True
MG,3106705,Betim,Aroeiras,aroeiras,-20.33651733,-40.38961029,brasil_aberto,True
MG,3106705,Betim,Arquipélago Verde,arquipelago verde,-19.98445129,-44.18551254,brasil_aberto,True
MG,3106705,Betim,Açude,acude,-20.47561073,-45.57271194,brasil_aberto,True
MG,3106705,Betim,Bandeirinhas,bandeirinhas,-20.0008049,-44.17512894,brasil_aberto,True
MG,3106705,Betim,Betim Industrial,betim industrial,-19.96308327,-44.17365646,brasil_aberto,True
MG,3106705,Betim,Bodocó,bodoco,-20.47561073,-45.57271194,brasil_aberto,True
MG,3106705,Betim,Bom Repouso,bom repouso,-19.93818283,-44.20417023,brasil_aberto,True
MG,3106705,Betim,Bom Retiro,bom retiro,-19.93931961,-44.20053101,brasil_aberto,True
MG,3106705,Betim,Brasiléia,brasileia,-19.97291565,-44.19930649,brasil_aberto,True
MG,3106705,Betim,Brodoski,brodoski,-20.47561073,-45.57271194,brasil_aberto,True
MG,3106705,Betim,Cachoeira,cachoeira,-19.9532711,-44.2246063,brasil_aberto,True
MG,3106705,Betim,Califórnia,california,-19.90947723,-44.2648468,brasil_aberto,True
MG,3106705,Betim,Campos Elíseos,campos eliseos,-19.97994804,-44.14591217,brasil_aberto,True
MG,3106705,Betim,Capelinha,capelinha,-19.93251991,-44.10293579,brasil_aberto,True
MG,3106705,Betim,Casa Amarela,casa amarela,-19.96056557,-44.15771484,brasil_aberto,True
MG,3106705,Betim,Centro,centro,-19.92113876,-43.94235992,brasil_aberto,True
MG,3106705,Betim,Charneca,charneca,-20.0030889,-44.2276642,brasil_aberto,True
MG,3106705,Betim,Chácara,chacara,-19.96526909,-44.17832184,brasil_aberto,True
MG,3106705,Betim,Chácara Várzea das Flores,chacara varzea das flores,-19.89471054,-44.14492416,brasil_aberto,True
MG,3106705,Betim,Cidade Verde,cidade verde,-19.98707581,-44.19602203,brasil_aberto,True
MG,3106705,Betim,Citrolândia,citrolandia,-19.94724464,-44.0074501,brasil_aberto,True
MG,3106705,Betim,Colônia Santa Isabel,colonia santa isabel,-20.03630638,-44.22275543,brasil_aberto,True
MG,3106705,Betim,Conjunto Habitacional Bueno Franco,conjunto habitacional bueno franco,-19.94553947,-44.18365479,brasil_aberto,True
MG,3106705,Betim,Conjunto Habitacional Celso Alves Pedrosa,conjunto habitacional celso alves pedrosa,-19.9406414,-44.14071655,brasil_aberto,True
MG,3106705,Betim,Conjunto Habitacional Dicalino Cabral,conjunto habitacional dicalino cabral,-20.02246666,-44.22460556,brasil_aberto,True
MG,3106705,Betim,Conjunto Habitacional Homero Gil,conjunto habitacional homero gil,-19.93220901,-44.18914413,brasil_aberto,True
MG,3106705,Betim,Conjunto Habitacional Jalila Conceição Pedrosa,conjunto habitacional jalila conceicao pedrosa,-19.92872047,-44.1712265,brasil_aberto,True
MG,3106705,Betim,Conjunto Habitacional José Gomes de Castro,conjunto habitacional jose gomes de castro,-19.98022079,-44.15272522,brasil_aberto,True
MG,3106705,Betim,Cruzeiro,cruzeiro,-19.9899843,-44.1516206,brasil_aberto,True
MG,3106705,Betim,Cruzeiro do Sul,cruzeiro do sul,-19.93493462,-44.1593895,brasil_aberto,True
MG,3106705,Betim,Decamão,decamao,-19.96828079,-44.21289825,brasil_aberto,True
MG,3106705,Betim,Distrito Industrial Bandeirinhas,distrito industrial bandeirinhas,-20.00458527,-44.1695137,brasil_aberto,True
MG,3106705,Betim,Distrito Industrial Jardim Piemont Norte,distrito industrial jardim piemont norte,-19.95001411,-44.07260513,brasil_aberto,True
MG,3106705,Betim,Distrito Industrial Jardim Piemont Sul,distrito industrial jardim piemont sul,-19.96082687,-44.07370377,brasil_aberto,True
MG,3106705,Betim,Distrito Industrial Paulo Camilo Norte,distrito industrial paulo camilo norte,-19.94988823,-44.12673569,brasil_aberto,True
MG,3106705,Betim,Distrito Industrial Paulo Camilo Sul,distrito industrial paulo camilo sul,-19.95923233,-44.11778641,brasil_aberto,True
MG,3106705,Betim,Dom Bosco,dom bosco,-19.95353317,-44.15407562,brasil_aberto,True
MG,3106705,Betim,Duque de Caxias,duque de caxias,-19.9374438,-44.1542012,brasil_aberto,True
MG,3106705,Betim,Espírito Santo,espirito santo,-19.95069885,-44.18492126,brasil_aberto,True
MG,3106705,Betim,Estância do Sereno PTB,estancia do sereno ptb,-20.00093079,-44.14727783,brasil_aberto,True
MG,3106705,Betim,Estância do Sereno Sede,estancia do sereno sede,-19.9949131,-44.16401672,brasil_aberto,True
MG,3106705,Betim,Fazenda Serrinha,fazenda serrinha,-19.9715538,-44.21236801,brasil_aberto,True
MG,3106705,Betim,Filadélfia,filadelfia,-19.94232941,-44.247509,brasil_aberto,True
MG,3106705,Betim,Flores e Florestas,flores e florestas,-19.952396,-44.2679036,brasil_aberto,True
MG,3106705,Betim,Gentileza,gentileza,-19.16848755,-45.09910202,brasil_aberto,True
MG,3106705,Betim,Granja Verde,granja verde,-19.93136978,-44.10345078,brasil_aberto,True
MG,3106705,Betim,Guanabara,guanabara,-19.97327232,-44.14213562,brasil_aberto,True
MG,3106705,Betim,Guarujá,guaruja,-19.9635334,-44.21446609,brasil_aberto,True
MG,3106705,Betim,Guarujá Mansões,guaruja mansoes,-19.96289825,-44.21730423,brasil_aberto,True
MG,3106705,Betim,Horto,horto,-19.95732117,-44.19882202,brasil_aberto,True
MG,3106705,Betim,Icaivera,icaivera,-19.8615445,-44.1558893,brasil_aberto,True
MG,3106705,Betim,Imbiruçu,imbirucu,-19.94595718,-44.10920334,brasil_aberto,True
MG,3106705,Betim,Ingá,inga,-19.94675636,-44.19211578,brasil_aberto,True
MG,3106705,Betim,Ingá Alto,inga alto,-19.95628929,-44.1936264,brasil_aberto,True
MG,3106705,Betim,Itacolomi,itacolomi,-19.92455673,-44.17444992,brasil_aberto,True
MG,3106705,Betim,Jardim Brasília,jardim brasilia,-19.95715141,-44.18605423,brasil_aberto,True
MG,3106705,Betim,Jardim Casa Branca,jardim casa branca,-19.97867775,-44.1900444,brasil_aberto,True
MG,3106705,Betim,Jardim Nazareno,jardim nazareno,-19.99688721,-44.13298416,brasil_aberto,True
MG,3106705,Betim,Jardim Teresópolis,jardim teresopolis,-19.95620728,-44.12172699,brasil_aberto,True
MG,3106705,Betim,Jardim da Cidade,jardim da cidade,-19.96204758,-44.19697571,brasil_aberto,True
MG,3106705,Betim,Jardim das Alterosas - 2ª Seção,jardim das alterosas - 2ª secao,-19.93938446,-44.16293716,brasil_aberto,True
MG,3106705,Betim,Jardim das Alterosas 1ª Seção,jardim das alterosas 1ª secao,-19.95209122,-44.16415405,brasil_aberto,True
MG,3106705,Betim,Laranjeiras,laranjeiras,-19.94535828,-44.12965775,brasil_aberto,True
MG,3106705,Betim,Marimbá,marimba,-19.93198586,-44.27180481,brasil_aberto,True
MG,3106705,Betim,Marmeleiros,marmeleiros,-19.95651436,-44.23024368,brasil_aberto,True
MG,3106705,Betim,Monte Verde,monte verde,-19.97444534,-44.17553711,brasil_aberto,True
MG,3106705,Betim,Morada do Trevo,morada do trevo,-19.98052025,-44.20298386,brasil_aberto,True
MG,3106705,Betim,Niterói,niteroi,-19.94812584,-44.17375565,brasil_aberto,True
MG,3106705,Betim,Nova Baden,nova baden,-19.95067596,-44.13950348,brasil_aberto,True
MG,3106705,Betim,Novo Horizonte,novo horizonte,-19.9485326,-44.2046727,brasil_aberto,True
MG,3106705,Betim,Paquetá,paqueta,-19.9628225,-44.1650209,brasil_aberto,True
MG,3106705,Betim,Parque Industrial de Betim,parque industrial de betim,-19.9628225,-44.1650209,brasil_aberto,True
MG,3106705,Betim,Parque Ipiranga,parque ipiranga,-19.96056557,-44.15771484,brasil_aberto,True
MG,3106705,Betim,Parque das Acácias,parque das acacias,-19.93733597,-44.12936401,brasil_aberto,True
MG,3106705,Betim,Parque das Indústrias,parque das industrias,-19.95811653,-44.17713547,brasil_aberto,True
MG,3106705,Betim,Parque do Cedro (Icaivera),parque do cedro (icaivera),-19.848692,-44.161999,brasil_aberto,True
MG,3106705,Betim,Paulo Camilo,paulo camilo,-19.96417236,-44.13176727,brasil_aberto,True
MG,3106705,Betim,Petrovale,petrovale,-19.99111176,-44.1106987,brasil_aberto,True
MG,3106705,Betim,Petrópolis,petropolis,-19.96770287,-44.17702866,brasil_aberto,True
MG,3106705,Betim,Pimentas,pimentas,-19.9268837,-44.28318024,brasil_aberto,True
MG,3106705,Betim,Pingo D'água,pingo d'agua,-19.9767952,-44.23269272,brasil_aberto,True
MG,3106705,Betim,Ponte Alta,ponte alta,-19.926157,-44.18615341,brasil_aberto,True
MG,3106705,Betim,Presidente Kennedy,presidente kennedy,-19.96663857,-44.13956451,brasil_aberto,True
MG,3106705,Betim,Quintas do Godoy,quintas do godoy,-19.9334176,-44.2351614,brasil_aberto,True
MG,3106705,Betim,Renascer,renascer,-19.94597244,-44.09777069,brasil_aberto,True
MG,3106705,Betim,Residencial Lagoa,residencial lagoa,-19.93496323,-44.21351242,brasil_aberto,True
MG,3106705,Betim,Residencial Montserrat,residencial montserrat,-20.47561073,-45.57271194,brasil_aberto,True
MG,3106705,Betim,Residencial Taquaril,residencial taquaril,-19.93048668,-44.20521164,brasil_aberto,True
MG,3106705,Betim,Riacho III,riacho iii,-19.94449043,-44.07950974,brasil_aberto,True
MG,3106705,Betim,Salomé,salome,-19.95985031,-44.2081337,brasil_aberto,True
MG,3106705,Betim,Santa Cruz,santa cruz,-19.48864937,-42.62276077,brasil_aberto,True
MG,3106705,Betim,Santa Fé,santa fe,-19.95481873,-44.20731735,brasil_aberto,True
MG,3106705,Betim,Santa Inês,santa ines,-19.96385002,-44.21712875,brasil_aberto,True
MG,3106705,Betim,Santa Lúcia,santa lucia,-19.95066833,-44.20317841,brasil_aberto,True
MG,3106705,Betim,Santo Afonso,santo afonso,-19.90023422,-44.28360748,brasil_aberto,True
MG,3106705,Betim,Santo Antônio,santo antonio,-19.94841385,-44.111866,brasil_aberto,True
MG,3106705,Betim,Saraiva,saraiva,-19.93222618,-44.2335434,brasil_aberto,True
MG,3106705,Betim,Senhora das Graças,senhora das gracas,-19.95218086,-44.18179703,brasil_aberto,True
MG,3106705,Betim,Senhora de Fátima,senhora de fatima,-19.93392944,-44.17695999,brasil_aberto,True
MG,3106705,Betim,São Caetano,sao caetano,-19.93818474,-44.11602402,brasil_aberto,True
MG,3106705,Betim,São Cristóvão,sao cristovao,-19.93902016,-44.12113571,brasil_aberto,True
MG,3106705,Betim,São Jorge,sao jorge,-19.94724464,-44.0074501,brasil_aberto,True
MG,3106705,Betim,São João,sao joao,-19.97185135,-44.16462326,brasil_aberto,True
MG,3106705,Betim,São Luiz,sao luiz,-19.9528769,-44.1144227,brasil_aberto,True
MG,3106705,Betim,São Marcos,sao marcos,-19.9628225,-44.1650209,brasil_aberto,True
MG,3106705,Betim,São Salvador,sao salvador,-19.94353676,-44.00784302,brasil_aberto,True
MG,3106705,Betim,São Sebastião,sao sebastiao,-19.74849892,-47.93964005,brasil_aberto,True
MG,3106705,Betim,Teixeirinha,teixeirinha,-19.9480717,-44.2246625,brasil_aberto,True
MG,3106705,Betim,Vale Verde,vale verde,-20.47561073,-45.57271194,brasil_aberto,True
MG,3106705,Betim,Vargem das Flores,vargem das flores,-19.932891,-44.176268,brasil_aberto,True
MG,3106705,Betim,Vianópolis,vianopolis,-19.9485799,-44.2721749,brasil_aberto,True
MG,3106705,Betim,Vila Alpina,vila alpina,-19.97383499,-44.17019653,brasil_aberto,True
MG,3106705,Betim,Vila Boa Esperança,vila boa esperanca,-19.95147514,-44.10187912,brasil_aberto,True
MG,3106705,Betim,Vila Cristina,vila cristina,-19.94194603,-44.12858582,brasil_aberto,True
MG,3106705,Betim,Vila Universal,vila universal,-19.92967796,-44.10610199,brasil_aberto,True
MG,3106705,Betim,Vila Verde,vila verde,-19.99266624,-44.15665054,brasil_aberto,True
MG,3106705,Betim,Vila das Flores,vila das flores,-19.92809868,-44.18309021,brasil_aberto,True
MG,3106705,Betim,Área Rural de Betim,area rural de betim,-19.9697308,-44.2032108,brasil_aberto,True
MG,3106804,Bias Fortes,Centro,centro,-21.6055671,-43.7584788,brasil_aberto,True
MG,3106804,Bias Fortes,Santo Antônio,santo antonio,,,brasil_aberto,True
MG,3106804,Bias Fortes,Várzea Santo Antônio,varzea santo antonio,,,brasil_aberto,True
MG,3106903,Bicas,Centro,centro,,,brasil_aberto,True
MG,3106903,Bicas,Edgar Antônio Moreira,edgar antonio moreira,,,brasil_aberto,True
MG,3106903,Bicas,Gilson Lamha,gilson lamha,,,brasil_aberto,True
MG,3106903,Bicas,Santa Tereza,santa tereza,,,brasil_aberto,True
MG,3106903,Bicas,São Pedro,sao pedro,,,brasil_aberto,True
MG,3106903,Bicas,Todos os Santos,todos os santos,,,brasil_aberto,True
MG,3106903,Bicas,Área Rural de Bicas,area rural de bicas,-21.7109405,-43.05457639999999,brasil_aberto,True
MG,3107000,Biquinhas,Centro,centro,-20.14399147,-44.89221954,brasil_aberto,True
MG,3107109,Boa Esperança,Centro,centro,-24.2429798,-52.7885374,brasil_aberto,True
MG,3107109,Boa Esperança,Nova Era,nova era,-21.0950235,-45.5579425,brasil_aberto,True
MG,3107208,Bocaina de Minas,Centro,centro,-22.1698494,-44.39518738,brasil_aberto,True
MG,3107208,Bocaina de Minas,Mirantão,mirantao,-22.25240517,-44.49370575,brasil_aberto,True
MG,3107307,Bocaiúva,Alto Belo,alto belo,-16.9354748,-43.7367974,brasil_aberto,True
MG,3107307,Bocaiúva,Centro,centro,-17.113664,-43.8149807,brasil_aberto,True
MG,3107307,Bocaiúva,Engenheiro Dolabela,engenheiro dolabela,-17.4658898,-44.0076174,brasil_aberto,True
MG,3107307,Bocaiúva,Terra Branca,terra branca,-17.31369209,-43.21775818,brasil_aberto,True
MG,3107406,Bom Despacho,Ana Rosa,ana rosa,,,brasil_aberto,True
MG,3107406,Bom Despacho,Babilônia,babilonia,,,brasil_aberto,True
MG,3107406,Bom Despacho,Belvedere,belvedere,-19.7543462,-45.2501726,brasil_aberto,True
MG,3107406,Bom Despacho,Centro,centro,-19.7357299,-45.2517868,brasil_aberto,True
MG,3107406,Bom Despacho,Conjunto Aeroporto II,conjunto aeroporto ii,,,brasil_aberto,True
MG,3107406,Bom Despacho,Cruz do Monte,cruz do monte,,,brasil_aberto,True
MG,3107406,Bom Despacho,Dom Joaquim,dom joaquim,,,brasil_aberto,True
MG,3107406,Bom Despacho,Engenho do Ribeiro,engenho do ribeiro,-19.5778786,-45.310827,brasil_aberto,True
MG,3107406,Bom Despacho,Esplanada,esplanada,,,brasil_aberto,True
MG,3107406,Bom Despacho,Jaraguá,jaragua,,,brasil_aberto,True
MG,3107406,Bom Despacho,Jardim América,jardim america,,,brasil_aberto,True
MG,3107406,Bom Despacho,Jardim dos Anjos,jardim dos anjos,,,brasil_aberto,True
MG,3107406,Bom Despacho,Nossa Senhora de Fátima,nossa senhora de fatima,,,brasil_aberto,True
MG,3107406,Bom Despacho,Nossa Senhora do Rosário,nossa senhora do rosario,-19.7468103,-45.2691596,brasil_aberto,True
MG,3107406,Bom Despacho,Novo São José,novo sao jose,,,brasil_aberto,True
MG,3107406,Bom Despacho,Novo São Vicente,novo sao vicente,,,brasil_aberto,True
MG,3107406,Bom Despacho,Olegário Maciel,olegario maciel,-19.7296181,-45.2606542,brasil_aberto,True
MG,3107406,Bom Despacho,Ozanan,ozanan,-19.7294202,-45.2609659,brasil_aberto,True
MG,3107406,Bom Despacho,Palmeiras,palmeiras,,,brasil_aberto,True
MG,3107406,Bom Despacho,Pedro Tavares Gontijo,pedro tavares gontijo,,,brasil_aberto,True
MG,3107406,Bom Despacho,Realengo,realengo,-19.7421532,-45.2764431,brasil_aberto,True
MG,3107406,Bom Despacho,Santa Efigênia,santa efigenia,,,brasil_aberto,True
MG,3107406,Bom Despacho,Santa Lúcia,santa lucia,,,brasil_aberto,True
MG,3107406,Bom Despacho,Santa Lúcia II,santa lucia ii,,,brasil_aberto,True
MG,3107406,Bom Despacho,Santa Marta,santa marta,,,brasil_aberto,True
MG,3107406,Bom Despacho,Santa Ângela,santa angela,,,brasil_aberto,True
MG,3107406,Bom Despacho,Santo Agostinho,santo agostinho,,,brasil_aberto,True
MG,3107406,Bom Despacho,São Francisco,sao francisco,,,brasil_aberto,True
MG,3107406,Bom Despacho,São Geraldo,sao geraldo,,,brasil_aberto,True
MG,3107406,Bom Despacho,São José,sao jose,,,brasil_aberto,True
MG,3107406,Bom Despacho,São João,sao joao,,,brasil_aberto,True
MG,3107406,Bom Despacho,São Vicente,sao vicente,,,brasil_aberto,True
MG,3107406,Bom Despacho,Vila Aurora,vila aurora,,,brasil_aberto,True
MG,3107406,Bom Despacho,Vila Gontijo,vila gontijo,,,brasil_aberto,True
MG,3107406,Bom Despacho,Área Rural de Bom Despacho,area rural de bom despacho,-19.7397781,-45.2536209,brasil_aberto,True
MG,3107505,Bom Jardim de Minas,Centro,centro,-21.94728279,-44.19216537,brasil_aberto,True
MG,3107505,Bom Jardim de Minas,Tabuão,tabuao,-21.98588562,-44.03365326,brasil_aberto,True
MG,3107604,Bom Jesus da Penha,Centro,centro,-19.91291809,-43.93952179,brasil_aberto,True
MG,3107703,Bom Jesus do Amparo,Centro,centro,-19.70435143,-43.47315216,brasil_aberto,True
MG,3107802,Bom Jesus do Galho,Centro,centro,-19.82951736,-42.31612015,brasil_aberto,True
MG,3107802,Bom Jesus do Galho,Iguaçu,iguacu,,,brasil_aberto,True
MG,3107802,Bom Jesus do Galho,Passa Dez,passa dez,-19.69219971,-42.30569839,brasil_aberto,True
MG,3107802,Bom Jesus do Galho,Quartel do Sacramento,quartel do sacramento,-19.72377205,-42.30944824,brasil_aberto,True
MG,3107802,Bom Jesus do Galho,Revés do Belém,reves do belem,-19.58044052,-42.46869659,brasil_aberto,True
MG,3107802,Bom Jesus do Galho,São Geraldo,sao geraldo,,,brasil_aberto,True
MG,3107901,Bom Repouso,Centro,centro,-22.4707417,-46.1463623,brasil_aberto,True
MG,3108008,Bom Sucesso,Centro,centro,-21.03337097,-44.75751114,brasil_aberto,True
MG,3108008,Bom Sucesso,Macaia,macaia,-21.14168549,-44.91249084,brasil_aberto,True
MG,3108107,Bonfim,Centro,centro,-19.51901054,-42.62655258,brasil_aberto,True
MG,3108107,Bonfim,Santo Antônio da Vargem Alegre,santo antonio da vargem alegre,-20.3190129,-44.1862643,brasil_aberto,True
MG,3108206,Bonfinópolis de Minas,Centro,centro,-16.56747818,-45.98844528,brasil_aberto,True
MG,3108255,Bonito de Minas,Centro,centro,-15.32334805,-44.7563591,brasil_aberto,True
MG,3108305,Borda da Mata,Centro,centro,-22.27483559,-46.16682434,brasil_aberto,True
MG,3108305,Borda da Mata,Cervo,cervo,-22.18602371,-46.23928833,brasil_aberto,True
MG,3108305,Borda da Mata,Sertãozinho,sertaozinho,-22.32346725,-46.06030273,brasil_aberto,True
MG,3108404,Botelhos,Centro,centro,-21.64868355,-46.39533997,brasil_aberto,True
MG,3108404,Botelhos,Palmeiral,palmeiral,-21.63776207,-46.51744843,brasil_aberto,True
MG,3108404,Botelhos,São Gonçalo de Botelhos,sao goncalo de botelhos,-21.59667969,-46.32034302,brasil_aberto,True
MG,3108503,Botumirim,Adão Colares,adao colares,-16.7121554,-43.0930496,brasil_aberto,True
MG,3108503,Botumirim,Centro,centro,-16.86311913,-43.0104332,brasil_aberto,True
MG,3108503,Botumirim,Santa Cruz de Botumirim,santa cruz de botumirim,-16.9117848,-42.793888,brasil_aberto,True
MG,3108552,Brasilândia de Minas,Centro,centro,-16.99877548,-46.00979233,brasil_aberto,True
MG,3108602,Brasília de Minas,Angicos de Minas,angicos de minas,-16.0961017,-44.3903788,brasil_aberto,True
MG,3108602,Brasília de Minas,Centro,centro,-16.2102427,-44.4316077,brasil_aberto,True
MG,3108602,Brasília de Minas,Fernão Dias,fernao dias,-21.39085388,-45.19445801,brasil_aberto,True
MG,3108602,Brasília de Minas,Retiro,retiro,-16.2131693,-44.433649,brasil_aberto,True
MG,3108602,Brasília de Minas,Vargem Grande do Bom Jesus,vargem grande do bom jesus,-16.1119218,-44.4653693,brasil_aberto,True
MG,3108602,Brasília de Minas,Vila de Fátima,vila de fatima,-16.0321395,-44.455935,brasil_aberto,True
MG,3108909,Brazópolis,Centro,centro,,,brasil_aberto,True
MG,3108909,Brazópolis,Dias,dias,-19.65326691,-42.87224197,brasil_aberto,True
MG,3108909,Brazópolis,Luminosa,luminosa,-22.58214951,-45.63481522,brasil_aberto,True
MG,3108909,Brazópolis,Tijuco Preto,tijuco preto,-22.47509766,-45.61506271,brasil_aberto,True
MG,3108800,Braúnas,Centro,centro,-19.0576546,-42.7188384,brasil_aberto,True
MG,3108800,Braúnas,Salto Grande,salto grande,,,brasil_aberto,True
MG,3109006,Brumadinho,Aranha,aranha,,,brasil_aberto,True
MG,3109006,Brumadinho,Barroca,barroca,-20.1437952,-44.2137851,brasil_aberto,True
MG,3109006,Brumadinho,Bela Vista,bela vista,,,brasil_aberto,True
MG,3109006,Brumadinho,Candeias (Piedade do Paraopeba),candeias (piedade do paraopeba),-20.1653875,-44.0232815,brasil_aberto,True
MG,3109006,Brumadinho,Casa Branca,casa branca,,,brasil_aberto,True
MG,3109006,Brumadinho,Centro,centro,-20.1422587,-44.2004242,brasil_aberto,True
MG,3109006,Brumadinho,Conceição de Itaguá,conceicao de itagua,,,brasil_aberto,True
MG,3109006,Brumadinho,Do Carmo,do carmo,,,brasil_aberto,True
MG,3109006,Brumadinho,Dom Bosco,dom bosco,,,brasil_aberto,True
MG,3109006,Brumadinho,Ipiranga,ipiranga,,,brasil_aberto,True
MG,3109006,Brumadinho,José de Sales Barbosa (Conceição de Itaguá),jose de sales barbosa (conceicao de itagua),,,brasil_aberto,True
MG,3109006,Brumadinho,Jota,jota,,,brasil_aberto,True
MG,3109006,Brumadinho,Lourdes,lourdes,,,brasil_aberto,True
MG,3109006,Brumadinho,Parque Icoara,parque icoara,,,brasil_aberto,True
MG,3109006,Brumadinho,Piedade do Paraopeba,piedade do paraopeba,,,brasil_aberto,True
MG,3109006,Brumadinho,Planalto I,planalto i,-20.1521271,-44.1948823,brasil_aberto,True
MG,3109006,Brumadinho,Povoado Palhano (Piedade do Paraopeba),povoado palhano (piedade do paraopeba),-20.1987231,-44.0133927,brasil_aberto,True
MG,3109006,Brumadinho,Povoado Tejuco,povoado tejuco,,,brasil_aberto,True
MG,3109006,Brumadinho,Progresso Casa Nossa (Conceição de Itaguá),progresso casa nossa (conceicao de itagua),,,brasil_aberto,True
MG,3109006,Brumadinho,Recanto da Aldeia,recanto da aldeia,,,brasil_aberto,True
MG,3109006,Brumadinho,Recanto da Serra I (Piedade do Paraopeba),recanto da serra i (piedade do paraopeba),,,brasil_aberto,True
MG,3109006,Brumadinho,Recanto da Serra III (Piedade do Paraopeba),recanto da serra iii (piedade do paraopeba),,,brasil_aberto,True
MG,3109006,Brumadinho,Regina Célia,regina celia,,,brasil_aberto,True
MG,3109006,Brumadinho,Retiro das Pedras,retiro das pedras,,,brasil_aberto,True
MG,3109006,Brumadinho,Retiro do Chalé (Piedade do Paraopeba),retiro do chale (piedade do paraopeba),,,brasil_aberto,True
MG,3109006,Brumadinho,Ribeirão (Sâo José do Paraopeba),ribeirao (sao jose do paraopeba),-20.2319754,-44.0038988,brasil_aberto,True
MG,3109006,Brumadinho,Salgado Filho,salgado filho,,,brasil_aberto,True
MG,3109006,Brumadinho,Santa Cruz,santa cruz,,,brasil_aberto,True
MG,3109006,Brumadinho,Silva Prado,silva prado,,,brasil_aberto,True
MG,3109006,Brumadinho,Sol Nascente (Conceição de Itaguá),sol nascente (conceicao de itagua),-20.1521488,-44.2437367,brasil_aberto,True
MG,3109006,Brumadinho,São Bento,sao bento,,,brasil_aberto,True
MG,3109006,Brumadinho,São Conrado,sao conrado,,,brasil_aberto,True
MG,3109006,Brumadinho,São José do Paraopeba,sao jose do paraopeba,,,brasil_aberto,True
MG,3109006,Brumadinho,São Sebastião,sao sebastiao,,,brasil_aberto,True
MG,3108701,Brás Pires,Centro,centro,-20.84479332,-43.23671722,brasil_aberto,True
MG,3109105,Bueno Brandão,Centro,centro,-22.44042015,-46.34863663,brasil_aberto,True
MG,3109204,Buenópolis,Centro,centro,-17.8743672,-44.1747233,brasil_aberto,True
MG,3109204,Buenópolis,Curimataí,curimatai,-17.8750348,-43.9561038,brasil_aberto,True
MG,3109253,Bugre,Centro,centro,-19.4258382,-42.2556964,brasil_aberto,True
MG,3109303,Buritis,Centro,centro,-15.623353,-46.42325211,brasil_aberto,True
MG,3109303,Buritis,Serra Bonita,serra bonita,-15.21158504,-46.81545258,brasil_aberto,True
MG,3109303,Buritis,São Pedro do Passa Três,sao pedro do passa tres,-15.6288264,-46.4298542,brasil_aberto,True
MG,3109402,Buritizeiro,Cachoeira do Manteiga,cachoeira do manteiga,-16.65981102,-45.08231354,brasil_aberto,True
MG,3109402,Buritizeiro,Centro,centro,,,brasil_aberto,True
MG,3109402,Buritizeiro,Paredão de Minas,paredao de minas,-17.1105957,-45.43836975,brasil_aberto,True
MG,3109451,Cabeceira Grande,Centro,centro,-16.0295774,-47.0871769,brasil_aberto,True
MG,3109451,Cabeceira Grande,Palmital de Minas,palmital de minas,-16.12461472,-47.2938118,brasil_aberto,True
MG,3109501,Cabo Verde,Centro,centro,-21.47290039,-46.39714432,brasil_aberto,True
MG,3109501,Cabo Verde,Serra dos Lemes,serra dos lemes,-21.42320061,-46.30753708,brasil_aberto,True
MG,3109501,Cabo Verde,São Bartolomeu,sao bartolomeu,-20.31296158,-43.57863998,brasil_aberto,True
MG,3109808,Cachoeira Dourada,Centro,centro,-18.5157527,-49.5004028,brasil_aberto,True
MG,3109600,Cachoeira da Prata,Centro,centro,-19.5266037,-44.45286942,brasil_aberto,True
MG,3109709,Cachoeira de Minas,Centro,centro,-22.35454941,-45.78065872,brasil_aberto,True
MG,3109709,Cachoeira de Minas,Itaim,itaim,-22.38640976,-45.88780212,brasil_aberto,True
MG,3102704,Cachoeira de Pajeú,Centro,centro,-19.91552353,-43.93497849,brasil_aberto,True
MG,3102704,Cachoeira de Pajeú,Águas Altas,aguas altas,,,brasil_aberto,True
MG,3109907,Caetanópolis,Centro,centro,-19.29424095,-44.41372299,brasil_aberto,True
MG,3110004,Caeté,Antônio dos Santos,antonio dos santos,-19.79696846,-43.56199265,brasil_aberto,True
MG,3110004,Caeté,Centro,centro,-19.90013313,-43.67127991,brasil_aberto,True
MG,3110004,Caeté,Morro Vermelho,morro vermelho,-19.95308495,-43.70005417,brasil_aberto,True
MG,3110004,Caeté,Pedra Branca,pedra branca,,,brasil_aberto,True
MG,3110004,Caeté,Penédia,penedia,-19.84618568,-43.65039825,brasil_aberto,True
MG,3110004,Caeté,Roças Novas,rocas novas,-19.76033211,-43.63463593,brasil_aberto,True
MG,3110103,Caiana,Centro,centro,-20.7332515,-42.0312223,brasil_aberto,True
MG,3110202,Cajuri,Centro,centro,-18.5497592,-42.5627665,brasil_aberto,True
MG,3110202,Cajuri,Paraguai,paraguai,-20.760952,-42.74993896,brasil_aberto,True
MG,3110301,Caldas,Centro,centro,-21.92428017,-46.38664627,brasil_aberto,True
MG,3110301,Caldas,Laranjeiras de Caldas,laranjeiras de caldas,-21.8292675,-46.44915771,brasil_aberto,True
MG,3110301,Caldas,Santana de Caldas,santana de caldas,-21.82567596,-46.40389633,brasil_aberto,True
MG,3110301,Caldas,São Pedro de Caldas,sao pedro de caldas,-21.8193779,-46.26237488,brasil_aberto,True
MG,3110400,Camacho,Centro,centro,-20.6283741,-45.15589142,brasil_aberto,True
MG,3110509,Camanducaia,Centro,centro,-22.75729752,-46.14391708,brasil_aberto,True
MG,3110509,Camanducaia,Monte Verde,monte verde,-22.86323929,-46.03860855,brasil_aberto,True
MG,3110509,Camanducaia,São Mateus de Minas,sao mateus de minas,-22.70487785,-46.03489304,brasil_aberto,True
MG,3110707,Cambuquira,Centro,centro,-21.8520463,-45.2964579,brasil_aberto,True
MG,3110707,Cambuquira,Congonhal,congonhal,-20.5026936,-43.8597346,brasil_aberto,True
MG,3110608,Cambuí,Centro,centro,-22.60900497,-46.06006622,brasil_aberto,True
MG,3110905,Campanha,Centro,centro,-21.83488464,-45.39967346,brasil_aberto,True
MG,3110806,Campanário,Centro,centro,-18.24279404,-41.73128891,brasil_aberto,True
MG,3111002,Campestre,Centro,centro,-8.8527412,-35.5675458,brasil_aberto,True
MG,3111101,Campina Verde,Centro,centro,-19.5321846,-49.48384857,brasil_aberto,True
MG,3111101,Campina Verde,Honorópolis,honoropolis,-19.56319809,-50.0156517,brasil_aberto,True
MG,3111150,Campo Azul,Centro,centro,-16.70085144,-43.87070847,brasil_aberto,True
MG,3111200,Campo Belo,Arandutaba,arandutaba,-20.89548492,-45.27077103,brasil_aberto,True
MG,3111200,Campo Belo,Centro,centro,-21.76590538,-43.34337616,brasil_aberto,True
MG,3111200,Campo Belo,Porto dos Mendes,porto dos mendes,-21.06401062,-45.31030273,brasil_aberto,True
MG,3111408,Campo Florido,Centro,centro,-19.7663951,-48.5720357,brasil_aberto,True
MG,3111309,Campo do Meio,Centro,centro,-21.1107109,-45.829269,brasil_aberto,True
MG,3111507,Campos Altos,Centro,centro,-19.6983628,-46.1718161,brasil_aberto,True
MG,3111507,Campos Altos,São Jerônimo dos Poções,sao jeronimo dos pocoes,-19.57469368,-46.20444489,brasil_aberto,True
MG,3111606,Campos Gerais,Centro,centro,-21.23756599,-45.75786209,brasil_aberto,True
MG,3111606,Campos Gerais,Córrego do Ouro,corrego do ouro,-21.37251091,-45.77430344,brasil_aberto,True
MG,3111903,Cana Verde,Centro,centro,-21.0214865,-45.1812116,brasil_aberto,True
MG,3111903,Cana Verde,Cerradinho,cerradinho,,,brasil_aberto,True
MG,3111705,Canaã,Centro,centro,-20.76217651,-42.74776077,brasil_aberto,True
MG,3112000,Candeias,Centro,centro,-17.53243065,-39.74484253,brasil_aberto,True
MG,3111804,Canápolis,Centro,centro,-13.0701018,-44.200657,brasil_aberto,True
MG,3112109,Caparaó,Centro,centro,-20.52359009,-41.90639114,brasil_aberto,True
MG,3112208,Capela Nova,Centro,centro,-20.66813087,-43.79871368,brasil_aberto,True
MG,3112307,Capelinha,Bela Vista,bela vista,,,brasil_aberto,True
MG,3112307,Capelinha,Centro,centro,,,brasil_aberto,True
MG,3112406,Capetinga,Centro,centro,-20.61978531,-47.05940247,brasil_aberto,True
MG,3112406,Capetinga,Goianases,goianases,-20.70059204,-47.01701355,brasil_aberto,True
MG,3112505,Capim Branco,Centro,centro,-19.54681206,-44.13495255,brasil_aberto,True
MG,3112604,Capinópolis,Centro,centro,-18.6819064,-49.5740438,brasil_aberto,True
MG,3112653,Capitão Andrade,Centro,centro,-19.071486,-41.8633203,brasil_aberto,True
MG,3112703,Capitão Enéas,Caçarema,cacarema,-16.3253656,-43.7106813,brasil_aberto,True
MG,3112703,Capitão Enéas,Centro,centro,-16.3247261,-43.71179581,brasil_aberto,True
MG,3112703,Capitão Enéas,Santana da Serra,santana da serra,-16.0908162,-43.6567219,brasil_aberto,True
MG,3112802,Capitólio,Centro,centro,-20.6137352,-46.05045319,brasil_aberto,True
MG,3112901,Caputira,Centro,centro,-20.1729014,-42.2698217,brasil_aberto,True
MG,3113107,Caranaíba,Centro,centro,-20.8772722,-43.7414823,brasil_aberto,True
MG,3113206,Carandaí,Centro,centro,-20.9518146,-43.8052952,brasil_aberto,True
MG,3113206,Carandaí,Cruzeiro,cruzeiro,,,brasil_aberto,True
MG,3113206,Carandaí,Da Garça,da garca,,,brasil_aberto,True
MG,3113206,Carandaí,Estação,estacao,,,brasil_aberto,True
MG,3113206,Carandaí,Hermilo Alves,hermilo alves,-21.0217268,-43.7849501,brasil_aberto,True
MG,3113206,Carandaí,Jaime Santos,jaime santos,,,brasil_aberto,True
MG,3113206,Carandaí,Nossa Senhora do Rosário,nossa senhora do rosario,-20.9536435,-43.8004092,brasil_aberto,True
MG,3113206,Carandaí,Novo Horizonte,novo horizonte,-20.953788,-43.8021828,brasil_aberto,True
MG,3113206,Carandaí,Olímpico,olimpico,,,brasil_aberto,True
MG,3113206,Carandaí,Pedra do Sino,pedra do sino,-20.9052315,-43.8265421,brasil_aberto,True
MG,3113206,Carandaí,Ponte Chave,ponte chave,,,brasil_aberto,True
MG,3113206,Carandaí,Sant'Ana,sant'ana,,,brasil_aberto,True
MG,3113206,Carandaí,Santa Cecília,santa cecilia,,,brasil_aberto,True
MG,3113206,Carandaí,Santa Luzia,santa luzia,,,brasil_aberto,True
MG,3113206,Carandaí,São Francisco,sao francisco,,,brasil_aberto,True
MG,3113206,Carandaí,Vale Verde,vale verde,,,brasil_aberto,True
MG,3113305,Carangola,Alvorada,alvorada,-20.7386571,-42.0291819,brasil_aberto,True
MG,3113305,Carangola,Amendoeira,amendoeira,-20.7351246,-42.0291428,brasil_aberto,True
MG,3113305,Carangola,Caixa D'Água,caixa d'agua,-20.7292644,-42.027361,brasil_aberto,True
MG,3113305,Carangola,Centro,centro,-20.7351246,-42.0291428,brasil_aberto,True
MG,3113305,Carangola,Chevrand,chevrand,-20.7304089,-42.0364704,brasil_aberto,True
MG,3113305,Carangola,Coroado,coroado,,,brasil_aberto,True
MG,3113305,Carangola,Eldorado,eldorado,,,brasil_aberto,True
MG,3113305,Carangola,Lacerdina,lacerdina,-20.7177954,-42.0358836,brasil_aberto,True
MG,3113305,Carangola,Ouro Verde,ouro verde,-20.7251735,-42.038284,brasil_aberto,True
MG,3113305,Carangola,Ponte Alta de Minas,ponte alta de minas,-20.7053033,-42.2158945,brasil_aberto,True
MG,3113305,Carangola,Santa Emília,santa emilia,,,brasil_aberto,True
MG,3113305,Carangola,Santa Maria,santa maria,,,brasil_aberto,True
MG,3113305,Carangola,Santo Onofre,santo onofre,-20.7253339,-42.0354535,brasil_aberto,True
MG,3113305,Carangola,São Manoel do Boi,sao manoel do boi,,,brasil_aberto,True
MG,3113305,Carangola,Triângulo,triangulo,,,brasil_aberto,True
MG,3113305,Carangola,Varginha (Lacerdinha),varginha (lacerdinha),,,brasil_aberto,True
MG,3113305,Carangola,Área Rural de Carangola,area rural de carangola,-20.7351246,-42.0291428,brasil_aberto,True
MG,3113404,Caratinga,Anápolis,anapolis,-19.7816658,-42.14770889,brasil_aberto,True
MG,3113404,Caratinga,Bom Pastor,bom pastor,-19.7888874,-42.1364522,brasil_aberto,True
MG,3113404,Caratinga,Centro,centro,-19.78999901,-42.14353943,brasil_aberto,True
MG,3113404,Caratinga,Cordeiro de Minas,cordeiro de minas,-19.54654884,-42.36906433,brasil_aberto,True
MG,3113404,Caratinga,Dom Lara,dom lara,-19.77169418,-42.22737885,brasil_aberto,True
MG,3113404,Caratinga,Dom Modesto,dom modesto,-19.74223137,-42.17129517,brasil_aberto,True
MG,3113404,Caratinga,Dos Rodoviários,dos rodoviarios,-19.78888893,-42.13457108,brasil_aberto,True
MG,3113404,Caratinga,Doutor Eduardo Daladier Pereira,doutor eduardo daladier pereira,-19.77941704,-42.14726639,brasil_aberto,True
MG,3113404,Caratinga,Dário Grossi,dario grossi,-19.78149986,-42.14092255,brasil_aberto,True
MG,3113404,Caratinga,Esperança,esperanca,-19.789505,-42.15078735,brasil_aberto,True
MG,3113404,Caratinga,Esplanada,esplanada,-19.78305435,-42.13438797,brasil_aberto,True
MG,3113404,Caratinga,Floresta,floresta,-19.80102539,-42.14041519,brasil_aberto,True
MG,3113404,Caratinga,Graça,graca,-18.67610359,-41.98884964,brasil_aberto,True
MG,3113404,Caratinga,Ilha do Rio Doce,ilha do rio doce,-19.4677046,-42.473904,brasil_aberto,True
MG,3113404,Caratinga,Jardim Francisco Pena,jardim francisco pena,-19.94463539,-43.92242813,brasil_aberto,True
MG,3113404,Caratinga,José Moyses Nacif,jose moyses nacif,-19.78580284,-42.1359787,brasil_aberto,True
MG,3113404,Caratinga,Limoeiro,limoeiro,-19.79738045,-42.14133453,brasil_aberto,True
MG,3113404,Caratinga,Loteamento Alvorada (Santo Antônio),loteamento alvorada (santo antonio),-19.7990538,-42.1533237,brasil_aberto,True
MG,3113404,Caratinga,Loteamento Comunitário Conquista III,loteamento comunitario conquista iii,-20.24665833,-43.76954651,brasil_aberto,True
MG,3113404,Caratinga,Loteamento Izaltino Silveira da Mata,loteamento izaltino silveira da mata,-19.79468536,-42.1358757,brasil_aberto,True
MG,3113404,Caratinga,Loteamento Residencial Jardins La vie,loteamento residencial jardins la vie,-19.7770667,-42.1391672,brasil_aberto,True
MG,3113404,Caratinga,Loteamento Tãozinho Vilela,loteamento taozinho vilela,-19.7729796,-42.1516559,brasil_aberto,True
MG,3113404,Caratinga,Manoel Ribeiro Sobrino,manoel ribeiro sobrino,-19.79372787,-42.14488602,brasil_aberto,True
MG,3113404,Caratinga,Maria da Glória,maria da gloria,-19.7950875,-42.1500441,brasil_aberto,True
MG,3113404,Caratinga,Monte Líbano,monte libano,-19.797683,-42.1539373,brasil_aberto,True
MG,3113404,Caratinga,Morro Escorpião,morro escorpiao,-19.783149,-42.1309517,brasil_aberto,True
MG,3113404,Caratinga,Nossa Senhora Aparecida,nossa senhora aparecida,-19.7928257,-42.14849472,brasil_aberto,True
MG,3113404,Caratinga,Nossa Senhora das Graças,nossa senhora das gracas,-19.79034996,-42.144207,brasil_aberto,True
MG,3113404,Caratinga,Patrocínio de Caratinga,patrocinio de caratinga,-19.76495361,-41.93560791,brasil_aberto,True
MG,3113404,Caratinga,Rafael José de Lima,rafael jose de lima,-19.74990273,-42.134758,brasil_aberto,True
MG,3113404,Caratinga,Salatiel,salatiel,-19.78063202,-42.13729095,brasil_aberto,True
MG,3113404,Caratinga,Santa Cruz,santa cruz,-19.78388786,-42.14978027,brasil_aberto,True
MG,3113404,Caratinga,Santa Efigênia,santa efigenia,-18.82831955,-42.43937683,brasil_aberto,True
MG,3113404,Caratinga,Santa Luzia de Caratinga,santa luzia de caratinga,-19.84858513,-42.07107162,brasil_aberto,True
MG,3113404,Caratinga,Santa Zita,santa zita,-19.78786087,-42.13021851,brasil_aberto,True
MG,3113404,Caratinga,Santo Antônio,santo antonio,-19.79286575,-42.15514755,brasil_aberto,True
MG,3113404,Caratinga,Santo Antônio do Manhuaçu,santo antonio do manhuacu,-19.68220711,-41.83844376,brasil_aberto,True
MG,3113404,Caratinga,Sapucaia,sapucaia,-19.85299492,-42.20860672,brasil_aberto,True
MG,3113404,Caratinga,São Cândido,sao candido,-19.5114052,-42.3074793,brasil_aberto,True
MG,3113404,Caratinga,São João do Jacutinga,sao joao do jacutinga,-19.72970009,-41.9188385,brasil_aberto,True
MG,3113404,Caratinga,Vale do Sol,vale do sol,-19.7806603,-42.129996,brasil_aberto,True
MG,3113404,Caratinga,Zacarias,zacarias,-19.7684048,-42.129908,brasil_aberto,True
MG,3113404,Caratinga,Área Rural de Caratinga,area rural de caratinga,-19.7886652,-42.1417003,brasil_aberto,True
MG,3113008,Caraí,Centro,centro,-17.1881483,-41.6978585,brasil_aberto,True
MG,3113008,Caraí,Marambainha,marambainha,-17.15853691,-41.5650444,brasil_aberto,True
MG,3113008,Caraí,Maranhão,maranhao,,,brasil_aberto,True
MG,3113008,Caraí,Ponto do Marambaia,ponto do marambaia,-17.18330574,-41.48641586,brasil_aberto,True
MG,3113503,Carbonita,Centro,centro,-17.527975,-43.0152187,brasil_aberto,True
MG,3113602,Careaçu,Centro,centro,-22.04255104,-45.6999855,brasil_aberto,True
MG,3113701,Carlos Chagas,Centro,centro,-19.8858059,-43.7996841,brasil_aberto,True
MG,3113701,Carlos Chagas,Epaminondas Otoni,epaminondas otoni,-17.91158104,-41.01316071,brasil_aberto,True
MG,3113701,Carlos Chagas,Francisco Sá,francisco sa,-17.7346597,-41.1191722,brasil_aberto,True
MG,3113701,Carlos Chagas,Mairink,mairink,-17.78633499,-40.49208832,brasil_aberto,True
MG,3113701,Carlos Chagas,Presidente Pena,presidente pena,-17.67421532,-40.89668655,brasil_aberto,True
MG,3113909,Carmo da Cachoeira,Centro,centro,-21.46009445,-45.22182083,brasil_aberto,True
MG,3114006,Carmo da Mata,Centro,centro,-20.5584733,-44.8698319,brasil_aberto,True
MG,3114105,Carmo de Minas,Centro,centro,-22.1209074,-45.1319419,brasil_aberto,True
MG,3114105,Carmo de Minas,Dos Campos,dos campos,,,brasil_aberto,True
MG,3114204,Carmo do Cajuru,Bom Jesus de Angicos,bom jesus de angicos,-20.15171432,-44.69122696,brasil_aberto,True
MG,3114204,Carmo do Cajuru,Centro,centro,-20.18540764,-44.77228928,brasil_aberto,True
MG,3114204,Carmo do Cajuru,Santo Antônio da Serra,santo antonio da serra,-30.02561951,-51.21507645,brasil_aberto,True
MG,3114204,Carmo do Cajuru,São José dos Salgados,sao jose dos salgados,-20.08660698,-44.78048706,brasil_aberto,True
MG,3114303,Carmo do Paranaíba,Alto Niterói,alto niteroi,-18.9877029,-46.3074728,brasil_aberto,True
MG,3114303,Carmo do Paranaíba,Alvorada,alvorada,,,brasil_aberto,True
MG,3114303,Carmo do Paranaíba,Amazonas,amazonas,-19.0003611,-46.3027642,brasil_aberto,True
MG,3114303,Carmo do Paranaíba,Bela Vista II,bela vista ii,-18.9985946,-46.2975233,brasil_aberto,True
MG,3114303,Carmo do Paranaíba,Centro,centro,,,brasil_aberto,True
MG,3114303,Carmo do Paranaíba,Do Rosário,do rosario,,,brasil_aberto,True
MG,3114303,Carmo do Paranaíba,JK,jk,-19.0013995,-46.3068947,brasil_aberto,True
MG,3114303,Carmo do Paranaíba,Jardim JB,jardim jb,,,brasil_aberto,True
MG,3114303,Carmo do Paranaíba,Jardim Ouro Verde,jardim ouro verde,-19.0044017,-46.3036874,brasil_aberto,True
MG,3114303,Carmo do Paranaíba,Jardim das Palmeiras,jardim das palmeiras,,,brasil_aberto,True
MG,3114303,Carmo do Paranaíba,Juscelino Kubitschek,juscelino kubitschek,,,brasil_aberto,True
MG,3114303,Carmo do Paranaíba,Lagoinha,lagoinha,-19.0035422,-46.3106667,brasil_aberto,True
MG,3114303,Carmo do Paranaíba,Minas Gerais,minas gerais,,,brasil_aberto,True
MG,3114303,Carmo do Paranaíba,Morro Grande,morro grande,,,brasil_aberto,True
MG,3114303,Carmo do Paranaíba,Niterói,niteroi,,,brasil_aberto,True
MG,3114303,Carmo do Paranaíba,Novo Paraíso,novo paraiso,,,brasil_aberto,True
MG,3114303,Carmo do Paranaíba,Paranaíba,paranaiba,,,brasil_aberto,True
MG,3114303,Carmo do Paranaíba,Paraíso,paraiso,,,brasil_aberto,True
MG,3114303,Carmo do Paranaíba,Parque Bela Vista,parque bela vista,-18.9969803,-46.2912326,brasil_aberto,True
MG,3114303,Carmo do Paranaíba,Parque da Banheira,parque da banheira,,,brasil_aberto,True
MG,3114303,Carmo do Paranaíba,Parque do Taboão,parque do taboao,,,brasil_aberto,True
MG,3114303,Carmo do Paranaíba,Quintinos,quintinos,-18.9997131,-46.3126967,brasil_aberto,True
MG,3114303,Carmo do Paranaíba,Residencial Nova Floresta,residencial nova floresta,,,brasil_aberto,True
MG,3114303,Carmo do Paranaíba,Residencial Versol Costa,residencial versol costa,,,brasil_aberto,True
MG,3114303,Carmo do Paranaíba,Residencial Vitória,residencial vitoria,,,brasil_aberto,True
MG,3114303,Carmo do Paranaíba,Santa Cruz,santa cruz,,,brasil_aberto,True
MG,3114303,Carmo do Paranaíba,Village Veth,village veth,,,brasil_aberto,True
MG,3114303,Carmo do Paranaíba,Área Rural de Carmo do Paranaíba,area rural de carmo do paranaiba,-19.0034524,-46.31754859999999,brasil_aberto,True
MG,3114402,Carmo do Rio Claro,Centro,centro,-20.97020912,-46.12128067,brasil_aberto,True
MG,3114402,Carmo do Rio Claro,Itaci,itaci,-21.01808167,-46.00592804,brasil_aberto,True
MG,3114402,Carmo do Rio Claro,Rural Três Barras,rural tres barras,-19.3741188,-40.07706451,brasil_aberto,True
MG,3113800,Carmésia,Centro,centro,-19.08646965,-43.14151001,brasil_aberto,True
MG,3114501,Carmópolis de Minas,Bom Jardim das Pedras,bom jardim das pedras,-20.5408268,-44.63866043,brasil_aberto,True
MG,3114501,Carmópolis de Minas,Centro,centro,-20.539318,-44.63362499999999,brasil_aberto,True
MG,3114550,Carneirinho,Estrela da Barra,estrela da barra,-19.9051857,-50.72616196,brasil_aberto,True
MG,3114550,Carneirinho,Fátima do Pontal,fatima do pontal,-19.9269634,-50.9019053,brasil_aberto,True
MG,3114550,Carneirinho,Jardim Primavera,jardim primavera,-19.6978096,-50.68553439999999,brasil_aberto,True
MG,3114550,Carneirinho,São Sebastião do Pontal,sao sebastiao do pontal,-19.7532081,-50.9164569,brasil_aberto,True
MG,3114600,Carrancas,Centro,centro,-21.48925018,-44.64222717,brasil_aberto,True
MG,3114808,Carvalhos,Centro,centro,-22.0005257,-44.4635991,brasil_aberto,True
MG,3114709,Carvalhópolis,Centro,centro,-21.77860451,-45.84245682,brasil_aberto,True
MG,3114907,Casa Grande,Centro,centro,-22.22624588,-45.92967606,brasil_aberto,True
MG,3115003,Cascalho Rico,Centro,centro,-18.57612038,-47.87527084,brasil_aberto,True
MG,3115300,Cataguases,Ana Carrara,ana carrara,-21.39611626,-42.71775436,brasil_aberto,True
MG,3115300,Cataguases,Antônio Justino,antonio justino,-21.39907074,-42.67606735,brasil_aberto,True
MG,3115300,Cataguases,Aracati de Minas,aracati de minas,-21.41324806,-42.59690475,brasil_aberto,True
MG,3115300,Cataguases,Beira Rio,beira rio,-21.40315819,-42.69324875,brasil_aberto,True
MG,3115300,Cataguases,Bela Vista,bela vista,-21.38706589,-42.68913269,brasil_aberto,True
MG,3115300,Cataguases,Bom Pastor,bom pastor,-21.39903831,-42.69570541,brasil_aberto,True
MG,3115300,Cataguases,Bom Retiro,bom retiro,-21.37652588,-42.68837357,brasil_aberto,True
MG,3115300,Cataguases,Carijós,carijos,-21.3923111,-42.68187332,brasil_aberto,True
MG,3115300,Cataguases,Cataguarino,cataguarino,-21.29569054,-42.72776794,brasil_aberto,True
MG,3115300,Cataguases,Centenário,centenario,-21.39636993,-42.69897079,brasil_aberto,True
MG,3115300,Cataguases,Centro,centro,-21.38678169,-42.69200134,brasil_aberto,True
MG,3115300,Cataguases,Chácara Bom Sucesso,chacara bom sucesso,,,brasil_aberto,True
MG,3115300,Cataguases,Chácaras Palmeiras,chacaras palmeiras,-21.380373,-42.68704987,brasil_aberto,True
MG,3115300,Cataguases,Cidade Nova,cidade nova,-19.8635006,-43.90647888,brasil_aberto,True
MG,3115300,Cataguases,Colinas,colinas,-21.37952423,-42.7038765,brasil_aberto,True
MG,3115300,Cataguases,Dico Leite,dico leite,-21.3949337,-42.70689392,brasil_aberto,True
MG,3115300,Cataguases,Distrito Industrial,distrito industrial,-21.40766144,-42.68208313,brasil_aberto,True
MG,3115300,Cataguases,Esperança,esperanca,,,brasil_aberto,True
MG,3115300,Cataguases,Faber Resende,faber resende,,,brasil_aberto,True
MG,3115300,Cataguases,Floresta,floresta,-21.3890789,-42.6932654,brasil_aberto,True
MG,3115300,Cataguases,Fátima,fatima,-21.38528442,-42.70510483,brasil_aberto,True
MG,3115300,Cataguases,Glória de Cataguases,gloria de cataguases,-21.2614727,-42.67919159,brasil_aberto,True
MG,3115300,Cataguases,Granjaria,granjaria,-21.38174248,-42.70881271,brasil_aberto,True
MG,3115300,Cataguases,Guanabara,guanabara,-21.38756943,-42.70412064,brasil_aberto,True
MG,3115300,Cataguases,Haidee,haidee,-21.37801552,-42.6947403,brasil_aberto,True
MG,3115300,Cataguases,Hermenegildo Marote,hermenegildo marote,-21.373923,-42.6724595,brasil_aberto,True
MG,3115300,Cataguases,Horto Florestal,horto florestal,-21.37320709,-42.70663834,brasil_aberto,True
MG,3115300,Cataguases,Ibraim Mendonça,ibraim mendonca,-21.41191673,-42.68893433,brasil_aberto,True
MG,3115300,Cataguases,Ime Farage,ime farage,-21.38704109,-42.70592117,brasil_aberto,True
MG,3115300,Cataguases,Imigrantes,imigrantes,-21.38720322,-42.68534088,brasil_aberto,True
MG,3115300,Cataguases,Independência,independencia,-21.37660599,-42.69464111,brasil_aberto,True
MG,3115300,Cataguases,Iracema,iracema,,,brasil_aberto,True
MG,3115300,Cataguases,Izabel Cristina Mauad,izabel cristina mauad,-21.38913536,-42.7129097,brasil_aberto,True
MG,3115300,Cataguases,Izabel Tavares,izabel tavares,-21.38523293,-42.70685959,brasil_aberto,True
MG,3115300,Cataguases,Jardim,jardim,-21.39393425,-42.69636917,brasil_aberto,True
MG,3115300,Cataguases,Jardim Bandeirantes I,jardim bandeirantes i,-21.37846375,-42.70028305,brasil_aberto,True
MG,3115300,Cataguases,Jardim Bandeirantes II,jardim bandeirantes ii,-21.38138008,-42.69839096,brasil_aberto,True
MG,3115300,Cataguases,Jardim Santa Cristina,jardim santa cristina,-21.39535141,-42.69009399,brasil_aberto,True
MG,3115300,Cataguases,José Gabriel de Passos,jose gabriel de passos,,,brasil_aberto,True
MG,3115300,Cataguases,João Riguete,joao riguete,-21.4038887,-42.66976166,brasil_aberto,True
MG,3115300,Cataguases,Leonardo,leonardo,-21.39029312,-42.71154404,brasil_aberto,True
MG,3115300,Cataguases,Menezes,menezes,-21.37826538,-42.69834137,brasil_aberto,True
MG,3115300,Cataguases,Miguel Rocha,miguel rocha,-21.38056183,-42.70580292,brasil_aberto,True
MG,3115300,Cataguases,Morada da Serra,morada da serra,-21.3843174,-42.69768906,brasil_aberto,True
MG,3115300,Cataguases,Nossa Senhora das Graças,nossa senhora das gracas,,,brasil_aberto,True
MG,3115300,Cataguases,Pampulha,pampulha,-21.36653709,-42.67673111,brasil_aberto,True
MG,3115300,Cataguases,Paraíso,paraiso,-21.40203285,-42.69695282,brasil_aberto,True
MG,3115300,Cataguases,Popular,popular,-21.3758809,-42.6843639,brasil_aberto,True
MG,3115300,Cataguases,Pouso Alegre,pouso alegre,-21.37582397,-42.68580627,brasil_aberto,True
MG,3115300,Cataguases,Primavera,primavera,-21.4036293,-42.70759583,brasil_aberto,True
MG,3115300,Cataguases,Recanto das Palmeiras,recanto das palmeiras,-21.3813343,-42.71151733,brasil_aberto,True
MG,3115300,Cataguases,Santa Clara,santa clara,-21.41222,-42.68304443,brasil_aberto,True
MG,3115300,Cataguases,Sebastião Adolfo,sebastiao adolfo,-21.37118912,-42.68821716,brasil_aberto,True
MG,3115300,Cataguases,Sereno,sereno,-21.31538582,-42.64987946,brasil_aberto,True
MG,3115300,Cataguases,Sol Nascente,sol nascente,-21.3723233,-42.6838724,brasil_aberto,True
MG,3115300,Cataguases,São Cristóvão,sao cristovao,-21.41218758,-42.6737175,brasil_aberto,True
MG,3115300,Cataguases,São Diniz,sao diniz,-21.36164284,-42.66033554,brasil_aberto,True
MG,3115300,Cataguases,São João,sao joao,,,brasil_aberto,True
MG,3115300,Cataguases,São Marcos,sao marcos,-21.3890789,-42.6932654,brasil_aberto,True
MG,3115300,Cataguases,São Pedro,sao pedro,-21.40952301,-42.68703079,brasil_aberto,True
MG,3115300,Cataguases,São Sebastião,sao sebastiao,-7.54381561,-46.04652023,brasil_aberto,True
MG,3115300,Cataguases,Taquara Preta,taquara preta,-21.41260338,-42.67004776,brasil_aberto,True
MG,3115300,Cataguases,Thomé,thome,-21.37572479,-42.69229126,brasil_aberto,True
MG,3115300,Cataguases,Vila Domingos Lopes,vila domingos lopes,-21.38245201,-42.68947601,brasil_aberto,True
MG,3115300,Cataguases,Vila Minalda,vila minalda,-21.40088463,-42.71304321,brasil_aberto,True
MG,3115300,Cataguases,Vila Reis,vila reis,-21.38968849,-42.68224335,brasil_aberto,True
MG,3115300,Cataguases,Vila Rezende,vila rezende,,,brasil_aberto,True
MG,3115300,Cataguases,Vila São José,vila sao jose,,,brasil_aberto,True
MG,3115300,Cataguases,Vila Tereza,vila tereza,-21.39191246,-42.69599152,brasil_aberto,True
MG,3115300,Cataguases,Vista Alegre,vista alegre,-21.4478165,-42.5822057,brasil_aberto,True
MG,3115300,Cataguases,Área Rural de Cataguases,area rural de cataguases,-21.3890789,-42.6932654,brasil_aberto,True
MG,3115359,Catas Altas,Centro,centro,-20.07518196,-43.40857697,brasil_aberto,True
MG,3115409,Catas Altas da Noruega,Centro,centro,-20.69150352,-43.49702454,brasil_aberto,True
MG,3115458,Catuji,Centro,centro,-18.81742477,-41.98422241,brasil_aberto,True
MG,3115474,Catuti,Barreiro Branco,barreiro branco,-15.389722,-43.118611,brasil_aberto,True
MG,3115474,Catuti,Centro,centro,-16.7252938,-43.8608917,brasil_aberto,True
MG,3115508,Caxambu,Centro,centro,-21.98100281,-44.9345665,brasil_aberto,True
MG,3115607,Cedro do Abaeté,Centro,centro,-19.14547348,-45.71186447,brasil_aberto,True
MG,3115706,Central de Minas,Centro,centro,-18.76239395,-41.30547333,brasil_aberto,True
MG,3115706,Central de Minas,Floresta,floresta,-18.81493187,-41.26005936,brasil_aberto,True
MG,3115805,Centralina,Centro,centro,-18.58638,-49.19665909,brasil_aberto,True
MG,3116001,Chalé,Centro,centro,-20.04376221,-41.68931961,brasil_aberto,True
MG,3116001,Chalé,Penha do Coco,penha do coco,,,brasil_aberto,True
MG,3116001,Chalé,Professor Sperber,professor sperber,-19.98069,-41.69249344,brasil_aberto,True
MG,3116159,Chapada Gaúcha,Centro,centro,-21.7597391,-43.3475695,brasil_aberto,True
MG,3116159,Chapada Gaúcha,Retiro Velho,retiro velho,-15.5959918,-45.1283177,brasil_aberto,True
MG,3116159,Chapada Gaúcha,Serra das Araras,serra das araras,-15.50596142,-45.3982811,brasil_aberto,True
MG,3116159,Chapada Gaúcha,Vila Bom Jesus de Minas,vila bom jesus de minas,-15.17580223,-45.46864319,brasil_aberto,True
MG,3116100,Chapada do Norte,Cachoeira do Norte,cachoeira do norte,,,brasil_aberto,True
MG,3116100,Chapada do Norte,Centro,centro,-21.54973412,-45.44177246,brasil_aberto,True
MG,3116100,Chapada do Norte,Granjas do Norte,granjas do norte,-17.2539687,-42.2930111,brasil_aberto,True
MG,3116100,Chapada do Norte,Santa Rita do Araçuaí,santa rita do aracuai,-17.0692382,-42.6205904,brasil_aberto,True
MG,3116100,Chapada do Norte,São Sebastião da Boa Vista,sao sebastiao da boa vista,-17.0208618,-42.6476055,brasil_aberto,True
MG,3116209,Chiador,Centro,centro,-22.00379753,-43.05699158,brasil_aberto,True
MG,3116209,Chiador,Penha Longa,penha longa,-22.05923462,-43.08624649,brasil_aberto,True
MG,3115904,Chácara,Centro,centro,-21.67172813,-43.22187042,brasil_aberto,True
MG,3116308,Cipotânea,Centro,centro,-20.90538025,-43.36476898,brasil_aberto,True
MG,3116407,Claraval,Centro,centro,-20.4026432,-47.28509903,brasil_aberto,True
MG,3116506,Claro dos Poções,Centro,centro,-17.08372307,-44.20428848,brasil_aberto,True
MG,3116506,Claro dos Poções,Vista Alegre,vista alegre,-21.44781685,-42.58220673,brasil_aberto,True
MG,3116605,Cláudio,Bocaina,bocaina,-20.4454295,-44.7660625,brasil_aberto,True
MG,3116605,Cláudio,Centro,centro,-20.4445042,-44.7651353,brasil_aberto,True
MG,3116605,Cláudio,Monsenhor João Alexandre,monsenhor joao alexandre,-20.36705399,-44.68535995,brasil_aberto,True
MG,3116704,Coimbra,Centro,centro,-20.8572688,-42.8012577,brasil_aberto,True
MG,3116803,Coluna,Centro,centro,-18.23296165,-42.84127426,brasil_aberto,True
MG,3116902,Comendador Gomes,Centro,centro,,,brasil_aberto,True
MG,3117009,Comercinho,Centro,centro,-20.52028275,-43.82664871,brasil_aberto,True
MG,3117009,Comercinho,Água Branca de Minas,agua branca de minas,-16.19261551,-41.72598267,brasil_aberto,True
MG,3117108,Conceição da Aparecida,Centro,centro,-21.0953417,-46.2044111,brasil_aberto,True
MG,3115201,Conceição da Barra de Minas,Centro,centro,-21.12870789,-44.47221756,brasil_aberto,True
MG,3117306,Conceição das Alagoas,Centro,centro,-21.75882912,-43.34923935,brasil_aberto,True
MG,3117306,Conceição das Alagoas,Poncianos,poncianos,-19.8890037,-48.2077722,brasil_aberto,True
MG,3117207,Conceição das Pedras,Centro,centro,-22.16145325,-45.4577713,brasil_aberto,True
MG,3117405,Conceição de Ipanema,Centro,centro,-19.9270668,-41.69309998,brasil_aberto,True
MG,3117504,Conceição do Mato Dentro,Brejaúba,brejauba,-19.20024109,-43.14754868,brasil_aberto,True
MG,3117504,Conceição do Mato Dentro,Centro,centro,-19.0357914,-43.42604065,brasil_aberto,True
MG,3117504,Conceição do Mato Dentro,Costa Sena,costa sena,-18.66939354,-43.66278458,brasil_aberto,True
MG,3117504,Conceição do Mato Dentro,Córregos,corregos,-18.88313866,-43.50178528,brasil_aberto,True
MG,3117504,Conceição do Mato Dentro,Itacolomi,itacolomi,-18.9725827,-43.6183335,brasil_aberto,True
MG,3117504,Conceição do Mato Dentro,Ouro Fino,ouro fino,,,brasil_aberto,True
MG,3117504,Conceição do Mato Dentro,Santo Antônio do Norte,santo antonio do norte,-18.81366348,-43.51020432,brasil_aberto,True
MG,3117504,Conceição do Mato Dentro,Socorro,socorro,,,brasil_aberto,True
MG,3117504,Conceição do Mato Dentro,São Sebastião do Bonsucesso,sao sebastiao do bonsucesso,-18.92370033,-43.3970871,brasil_aberto,True
MG,3117504,Conceição do Mato Dentro,Tabuleiro do Mato Dentro,tabuleiro do mato dentro,-19.07038307,-43.54146576,brasil_aberto,True
MG,3117603,Conceição do Pará,Centro,centro,-19.75443649,-44.89905548,brasil_aberto,True
MG,3117702,Conceição do Rio Verde,Centro,centro,-21.88209152,-45.08321381,brasil_aberto,True
MG,3117702,Conceição do Rio Verde,Águas de Contendas,aguas de contendas,-21.89274216,-45.02098846,brasil_aberto,True
MG,3117801,Conceição dos Ouros,Centro,centro,-22.4125563,-45.7975837,brasil_aberto,True
MG,3117876,Confins,Aeroporto Confins,aeroporto confins,-19.6327198,-43.9629447,brasil_aberto,True
MG,3117876,Confins,Centro,centro,-19.62935638,-43.98968887,brasil_aberto,True
MG,3117900,Congonhal,Centro,centro,-18.8562978,-41.9469281,brasil_aberto,True
MG,3118007,Congonhas,Alto Maranhão,alto maranhao,-20.56204224,-43.8506012,brasil_aberto,True
MG,3118007,Congonhas,Alto da Boa Vista,alto da boa vista,-23.95370483,-46.33004761,brasil_aberto,True
MG,3118007,Congonhas,Alto do Cruzeiro,alto do cruzeiro,-20.5125926,-43.8570984,brasil_aberto,True
MG,3118007,Congonhas,Alvorada,alvorada,-20.4955178,-43.8557559,brasil_aberto,True
MG,3118007,Congonhas,Barro Preto,barro preto,-5.79808521,-35.21138,brasil_aberto,True
MG,3118007,Congonhas,Basílica,basilica,-20.5182411,-43.8621383,brasil_aberto,True
MG,3118007,Congonhas,Belvedere,belvedere,-20.5140681,-43.8431042,brasil_aberto,True
MG,3118007,Congonhas,Boa Vista,boa vista,-20.5098517,-43.8528271,brasil_aberto,True
MG,3118007,Congonhas,Bom Jesus,bom jesus,-20.5026936,-43.8597346,brasil_aberto,True
MG,3118007,Congonhas,Campinho,campinho,-20.4740426,-43.8496316,brasil_aberto,True
MG,3118007,Congonhas,Campo das Flores,campo das flores,-19.1163069,-44.6487498,brasil_aberto,True
MG,3118007,Congonhas,Campos Altos,campos altos,-18.72216034,-44.94288635,brasil_aberto,True
MG,3118007,Congonhas,Centro,centro,-20.5026936,-43.8597346,brasil_aberto,True
MG,3118007,Congonhas,Chacreamento Recanto das Andorinhas,chacreamento recanto das andorinhas,-20.5182411,-43.8621383,brasil_aberto,True
MG,3118007,Congonhas,Chacreamento do Vieiro,chacreamento do vieiro,-20.4754705,-43.8520628,brasil_aberto,True
MG,3118007,Congonhas,Chacreamento dos Profetas,chacreamento dos profetas,-22.814888,-43.35606003,brasil_aberto,True
MG,3118007,Congonhas,Chacreamento Água Boa,chacreamento agua boa,-20.5026936,-43.8597346,brasil_aberto,True
MG,3118007,Congonhas,Cidade Jardim,cidade jardim,-20.560443,-43.8144614,brasil_aberto,True
MG,3118007,Congonhas,Cinquentenário I,cinquentenario i,-20.4934073,-43.855671,brasil_aberto,True
MG,3118007,Congonhas,Cinquentenário II,cinquentenario ii,-20.4934437,-43.852933,brasil_aberto,True
MG,3118007,Congonhas,Complementação Cristo Rei,complementacao cristo rei,-20.5056835,-43.8757837,brasil_aberto,True
MG,3118007,Congonhas,Complementação Jardim Vila Andreza,complementacao jardim vila andreza,-20.4998229,-43.8496706,brasil_aberto,True
MG,3118007,Congonhas,Consolação,consolacao,-20.4910135,-43.8712598,brasil_aberto,True
MG,3118007,Congonhas,Cristo Rei,cristo rei,-20.5056835,-43.8757837,brasil_aberto,True
MG,3118007,Congonhas,Dom Oscar,dom oscar,-20.507206,-43.8688183,brasil_aberto,True
MG,3118007,Congonhas,Dom Silvério,dom silverio,-19.83574867,-43.17895126,brasil_aberto,True
MG,3118007,Congonhas,Eldorado,eldorado,-20.13755798,-44.8248558,brasil_aberto,True
MG,3118007,Congonhas,Esmeril,esmeril,-20.5074004,-43.9621544,brasil_aberto,True
MG,3118007,Congonhas,Fonte das Pedras,fonte das pedras,-21.76122284,-43.34335327,brasil_aberto,True
MG,3118007,Congonhas,Fonte dos Moinhos,fonte dos moinhos,-20.5026741,-43.85978699,brasil_aberto,True
MG,3118007,Congonhas,Goiabeiras,goiabeiras,-20.26503563,-40.29719162,brasil_aberto,True
MG,3118007,Congonhas,Grand Park,grand park,-20.499395,-43.8582913,brasil_aberto,True
MG,3118007,Congonhas,Ideal,ideal,-19.99912453,-44.06183243,brasil_aberto,True
MG,3118007,Congonhas,Ipiranga,ipiranga,-18.72216034,-44.94288635,brasil_aberto,True
MG,3118007,Congonhas,Jardim Bela Vista,jardim bela vista,-21.79632759,-46.53832626,brasil_aberto,True
MG,3118007,Congonhas,Jardim Profeta,jardim profeta,-20.5179332,-43.8303613,brasil_aberto,True
MG,3118007,Congonhas,Jardim Vila Andreza,jardim vila andreza,-20.4998229,-43.8496706,brasil_aberto,True
MG,3118007,Congonhas,Joaquim Murtinho,joaquim murtinho,-20.55685043,-43.81534958,brasil_aberto,True
MG,3118007,Congonhas,Lamartine,lamartine,-21.0557386,-44.0769906,brasil_aberto,True
MG,3118007,Congonhas,Leopoldino Barbosa,leopoldino barbosa,-20.5649525,-43.8123677,brasil_aberto,True
MG,3118007,Congonhas,Lobo Leite,lobo leite,,,brasil_aberto,True
MG,3118007,Congonhas,Loteamento Dona Eva,loteamento dona eva,-20.5038166,-43.8540901,brasil_aberto,True
MG,3118007,Congonhas,Loteamento Lucas Teixeira de Souza M de Castro,loteamento lucas teixeira de souza m de castro,-20.507425,-43.8727794,brasil_aberto,True
MG,3118007,Congonhas,Matriz,matriz,-20.500095,-43.8603514,brasil_aberto,True
MG,3118007,Congonhas,Mineirinha,mineirinha,-19.1163069,-44.6487498,brasil_aberto,True
MG,3118007,Congonhas,Nova Cidade,nova cidade,-20.4924931,-43.8694824,brasil_aberto,True
MG,3118007,Congonhas,Nova Congonhas,nova congonhas,-20.52434921,-43.8169632,brasil_aberto,True
MG,3118007,Congonhas,Novo Belvedere,novo belvedere,-20.5171307,-43.8405379,brasil_aberto,True
MG,3118007,Congonhas,Novo Campinho,novo campinho,-20.48455429,-43.84873962,brasil_aberto,True
MG,3118007,Congonhas,Novo Plataforma,novo plataforma,-20.4885525,-43.8624766,brasil_aberto,True
MG,3118007,Congonhas,Novo Rosário,novo rosario,-20.4993243,-43.8523133,brasil_aberto,True
MG,3118007,Congonhas,Paschoal Vartuli,paschoal vartuli,-20.50674248,-43.86086273,brasil_aberto,True
MG,3118007,Congonhas,Piquiri,piquiri,-21.83643913,-43.12041092,brasil_aberto,True
MG,3118007,Congonhas,Pires,pires,-18.72216034,-44.94288635,brasil_aberto,True
MG,3118007,Congonhas,Praia,praia,-20.492801,-43.8615016,brasil_aberto,True
MG,3118007,Congonhas,Primavera,primavera,-20.48692894,-43.89553452,brasil_aberto,True
MG,3118007,Congonhas,Residencial Casa de Pedra,residencial casa de pedra,-20.48692894,-43.89553452,brasil_aberto,True
MG,3118007,Congonhas,Residencial Gualter Pereira Monteiro,residencial gualter pereira monteiro,-20.50882721,-43.87621689,brasil_aberto,True
MG,3118007,Congonhas,Residencial Rosa Eulália Cunha,residencial rosa eulalia cunha,-19.94463539,-43.92242813,brasil_aberto,True
MG,3118007,Congonhas,Residencial Vila Rica,residencial vila rica,-20.5101561,-43.868813,brasil_aberto,True
MG,3118007,Congonhas,Rosário,rosario,-20.4907133,-43.8599934,brasil_aberto,True
MG,3118007,Congonhas,Santa Mônica,santa monica,-18.72216034,-44.94288635,brasil_aberto,True
MG,3118007,Congonhas,Santa Quitéria,santa quiteria,-19.78742409,-44.31626129,brasil_aberto,True
MG,3118007,Congonhas,Santa Rosa,santa rosa,-18.20543289,-45.22486115,brasil_aberto,True
MG,3118007,Congonhas,Santa Vitória,santa vitoria,-18.8472691,-50.12392740000001,brasil_aberto,True
MG,3118007,Congonhas,São Domingos,sao domingos,-20.5044354,-43.8696457,brasil_aberto,True
MG,3118007,Congonhas,São Luiz,sao luiz,-18.72216034,-44.94288635,brasil_aberto,True
MG,3118007,Congonhas,Tancredo Neves,tancredo neves,-20.5010114,-43.8501904,brasil_aberto,True
MG,3118007,Congonhas,Tijucal,tijucal,-20.49262047,-43.85654831,brasil_aberto,True
MG,3118007,Congonhas,Umbelina,umbelina,-20.52020645,-43.82720947,brasil_aberto,True
MG,3118007,Congonhas,Vila Alvorada,vila alvorada,-19.94463539,-43.92242813,brasil_aberto,True
MG,3118007,Congonhas,Vila Andreza,vila andreza,-20.5059219,-43.85287760000001,brasil_aberto,True
MG,3118007,Congonhas,Vila Bela,vila bela,-20.5026936,-43.8597346,brasil_aberto,True
MG,3118007,Congonhas,Vila Cardoso,vila cardoso,-20.5718973,-43.8151783,brasil_aberto,True
MG,3118007,Congonhas,Vila Condé,vila conde,-19.1163069,-44.6487498,brasil_aberto,True
MG,3118007,Congonhas,Vila Dona Lalá,vila dona lala,-20.5013175,-43.8603321,brasil_aberto,True
MG,3118007,Congonhas,Vila Glicéria,vila gliceria,-20.50608444,-43.85820389,brasil_aberto,True
MG,3118007,Congonhas,Vila Gomes,vila gomes,-20.50378609,-43.83867645,brasil_aberto,True
MG,3118007,Congonhas,Vila Marques,vila marques,-19.1163069,-44.6487498,brasil_aberto,True
MG,3118007,Congonhas,Vila Nereu,vila nereu,-20.49570656,-43.84625626,brasil_aberto,True
MG,3118007,Congonhas,Vila São Vicente,vila sao vicente,-23.42531967,-46.51564789,brasil_aberto,True
MG,3118007,Congonhas,Vila Ventura,vila ventura,-20.5026936,-43.8597346,brasil_aberto,True
MG,3118007,Congonhas,Zé Arigó,ze arigo,-20.5084281,-43.8472522,brasil_aberto,True
MG,3118007,Congonhas,Área Rural de Congonhas,area rural de congonhas,-20.5096184,-43.8596927,brasil_aberto,True
MG,3118106,Congonhas do Norte,Centro,centro,-18.8111938,-43.67799970000001,brasil_aberto,True
MG,3118106,Congonhas do Norte,Santa Cruz de Alves,santa cruz de alves,,,brasil_aberto,True
MG,3118205,Conquista,Centro,centro,-19.93717766,-47.54236984,brasil_aberto,True
MG,3118205,Conquista,Guaxima,guaxima,-19.85823822,-47.5810585,brasil_aberto,True
MG,3118205,Conquista,Jubaí,jubai,-19.89196587,-47.69158173,brasil_aberto,True
MG,3118304,Conselheiro Lafaiete,Albertina,albertina,-20.66320229,-43.78227234,brasil_aberto,True
MG,3118304,Conselheiro Lafaiete,Albinópolis,albinopolis,-20.669558,-43.782463,brasil_aberto,True
MG,3118304,Conselheiro Lafaiete,Almeidas,almeidas,-22.37538147,-46.53814697,brasil_aberto,True
MG,3118304,Conselheiro Lafaiete,Alvorada,alvorada,-20.66164017,-43.80459213,brasil_aberto,True
MG,3118304,Conselheiro Lafaiete,Amaro Ribeiro,amaro ribeiro,-20.6979847,-43.8044548,brasil_aberto,True
MG,3118304,Conselheiro Lafaiete,Angélica,angelica,-20.66953278,-43.78382492,brasil_aberto,True
MG,3118304,Conselheiro Lafaiete,Arcádia,arcadia,-20.64870644,-43.78165436,brasil_aberto,True
MG,3118304,Conselheiro Lafaiete,Areal,areal,-20.65520668,-43.80337143,brasil_aberto,True
MG,3118304,Conselheiro Lafaiete,Barreira,barreira,-18.72216034,-44.94288635,brasil_aberto,True
MG,3118304,Conselheiro Lafaiete,Bela Vista,bela vista,-20.6557416,-43.7955994,brasil_aberto,True
MG,3118304,Conselheiro Lafaiete,Bellavinha,bellavinha,-20.6454999,-43.7673464,brasil_aberto,True
MG,3118304,Conselheiro Lafaiete,Belvedere,belvedere,-19.94854736,-43.93193817,brasil_aberto,True
MG,3118304,Conselheiro Lafaiete,Bom Pastor,bom pastor,-20.6770351,-43.782977,brasil_aberto,True
MG,3118304,Conselheiro Lafaiete,Buarque de Macedo,buarque de macedo,-20.75277138,-43.77907562,brasil_aberto,True
MG,3118304,Conselheiro Lafaiete,Cachoeira,cachoeira,-20.64867783,-43.79724884,brasil_aberto,True
MG,3118304,Conselheiro Lafaiete,Campo Alegre,campo alegre,-20.6538868,-43.79297256,brasil_aberto,True
MG,3118304,Conselheiro Lafaiete,Carijós,carijos,-20.67100716,-43.79428101,brasil_aberto,True
MG,3118304,Conselheiro Lafaiete,Centro,centro,-20.6598442,-43.7941639,brasil_aberto,True
MG,3118304,Conselheiro Lafaiete,Chapada,chapada,-20.66206932,-43.78436279,brasil_aberto,True
MG,3118304,Conselheiro Lafaiete,Cidade Jardim,cidade jardim,-19.41946983,-44.22180939,brasil_aberto,True
MG,3118304,Conselheiro Lafaiete,Copacabana,copacabana,-20.6997757,-43.80060959,brasil_aberto,True
MG,3118304,Conselheiro Lafaiete,Distrito Industrial,distrito industrial,-20.6962123,-43.791213,brasil_aberto,True
MG,3118304,Conselheiro Lafaiete,Expedicionários,expedicionarios,-20.6653184,-43.8127535,brasil_aberto,True
MG,3118304,Conselheiro Lafaiete,Fonte Grande,fonte grande,-20.66587067,-43.78985596,brasil_aberto,True
MG,3118304,Conselheiro Lafaiete,Funcionários,funcionarios,-20.67724419,-43.77596283,brasil_aberto,True
MG,3118304,Conselheiro Lafaiete,Gagé,gage,-20.58706856,-43.79314041,brasil_aberto,True
MG,3118304,Conselheiro Lafaiete,Gigante,gigante,-20.65238571,-43.76527786,brasil_aberto,True
MG,3118304,Conselheiro Lafaiete,Granja das Hortênsias,granja das hortensias,-20.6622761,-43.768181,brasil_aberto,True
MG,3118304,Conselheiro Lafaiete,JK,jk,-20.64583015,-43.78458786,brasil_aberto,True
MG,3118304,Conselheiro Lafaiete,Jardim América,jardim america,-20.66320229,-43.78227234,brasil_aberto,True
MG,3118304,Conselheiro Lafaiete,Jardim Canadá,jardim canada,-20.6989495,-43.8094253,brasil_aberto,True
MG,3118304,Conselheiro Lafaiete,Jardim Eldorado,jardim eldorado,-20.66141129,-43.77462387,brasil_aberto,True
MG,3118304,Conselheiro Lafaiete,Jardim Europa,jardim europa,-20.7061702,-43.8103687,brasil_aberto,True
MG,3118304,Conselheiro Lafaiete,Jardim Inconfidentes,jardim inconfidentes,-20.65947914,-43.77809906,brasil_aberto,True
MG,3118304,Conselheiro Lafaiete,Jardim Monte Verde,jardim monte verde,-20.6610086,-43.7866376,brasil_aberto,True
MG,3118304,Conselheiro Lafaiete,Jardim São Geraldo,jardim sao geraldo,-20.70323753,-43.80319595,brasil_aberto,True
MG,3118304,Conselheiro Lafaiete,Jardim Vila Rica,jardim vila rica,-20.6728352,-43.7694628,brasil_aberto,True
MG,3118304,Conselheiro Lafaiete,Jardim Vitória,jardim vitoria,-20.6610086,-43.7866376,brasil_aberto,True
MG,3118304,Conselheiro Lafaiete,Jardim das Flores,jardim das flores,-20.67149925,-43.76996231,brasil_aberto,True
MG,3118304,Conselheiro Lafaiete,Jardim do Sol,jardim do sol,-20.67623711,-43.76438904,brasil_aberto,True
MG,3118304,Conselheiro Lafaiete,Jardim dos Cristais,jardim dos cristais,-20.6414566,-43.78686142,brasil_aberto,True
MG,3118304,Conselheiro Lafaiete,Lima Dias,lima dias,-20.654011,-43.7679059,brasil_aberto,True
MG,3118304,Conselheiro Lafaiete,Lourdes,lourdes,-20.6583191,-43.796693,brasil_aberto,True
MG,3118304,Conselheiro Lafaiete,Manoel Corrêa,manoel correa,-20.65590096,-43.77729416,brasil_aberto,True
MG,3118304,Conselheiro Lafaiete,Manoel de Paula,manoel de paula,-20.65220642,-43.7778244,brasil_aberto,True
MG,3118304,Conselheiro Lafaiete,Moinhos,moinhos,-20.6742967,-43.7654174,brasil_aberto,True
MG,3118304,Conselheiro Lafaiete,Monte Cristo,monte cristo,-20.660034,-43.8017077,brasil_aberto,True
MG,3118304,Conselheiro Lafaiete,Morada do Sol,morada do sol,-20.64583015,-43.78458786,brasil_aberto,True
MG,3118304,Conselheiro Lafaiete,Morro da Mina,morro da mina,-20.64455414,-43.7705574,brasil_aberto,True
MG,3118304,Conselheiro Lafaiete,Museu,museu,-20.6554171,-43.7847762,brasil_aberto,True
MG,3118304,Conselheiro Lafaiete,Nossa Senhora da Guia,nossa senhora da guia,-20.6829985,-43.781547,brasil_aberto,True
MG,3118304,Conselheiro Lafaiete,Novo Horizonte,novo horizonte,-20.6771435,-43.78287,brasil_aberto,True
MG,3118304,Conselheiro Lafaiete,Oscar Corrêa,oscar correa,-20.64864349,-43.79581833,brasil_aberto,True
MG,3118304,Conselheiro Lafaiete,Ouro Verde,ouro verde,-20.6437282,-43.7842537,brasil_aberto,True
MG,3118304,Conselheiro Lafaiete,Parque Bandeirantes,parque bandeirantes,-20.6888844,-43.7811534,brasil_aberto,True
MG,3118304,Conselheiro Lafaiete,Parque Cidade,parque cidade,-20.6748226,-43.7654641,brasil_aberto,True
MG,3118304,Conselheiro Lafaiete,Parque Dom Bosco,parque dom bosco,-20.69956207,-43.77313232,brasil_aberto,True
MG,3118304,Conselheiro Lafaiete,Parque Montreal,parque montreal,-20.68320656,-43.75474167,brasil_aberto,True
MG,3118304,Conselheiro Lafaiete,Parque Recanto da Hípica,parque recanto da hipica,-20.6486433,-43.7958192,brasil_aberto,True
MG,3118304,Conselheiro Lafaiete,Parque das Acácias,parque das acacias,-20.66371918,-43.80495071,brasil_aberto,True
MG,3118304,Conselheiro Lafaiete,Parque dos Ferroviários,parque dos ferroviarios,-20.7017883,-43.8054082,brasil_aberto,True
MG,3118304,Conselheiro Lafaiete,Paulo VI,paulo vi,-20.6886364,-43.7925616,brasil_aberto,True
MG,3118304,Conselheiro Lafaiete,Progresso,progresso,-20.66428947,-43.77656174,brasil_aberto,True
MG,3118304,Conselheiro Lafaiete,Queluz,queluz,-20.6670161,-43.791301,brasil_aberto,True
MG,3118304,Conselheiro Lafaiete,Quinta das Flores,quinta das flores,-20.65722275,-43.78012085,brasil_aberto,True
MG,3118304,Conselheiro Lafaiete,Quintas do Imperador,quintas do imperador,-20.67319679,-43.76167679,brasil_aberto,True
MG,3118304,Conselheiro Lafaiete,Quintas do Sol,quintas do sol,-20.66168022,-43.77164078,brasil_aberto,True
MG,3118304,Conselheiro Lafaiete,Rancho Novo,rancho novo,-20.6156947,-43.7441833,brasil_aberto,True
MG,3118304,Conselheiro Lafaiete,Real de Queluz,real de queluz,-20.66842,-43.7657085,brasil_aberto,True
MG,3118304,Conselheiro Lafaiete,Recanto dos Colibris,recanto dos colibris,-20.65052986,-43.79184341,brasil_aberto,True
MG,3118304,Conselheiro Lafaiete,Rezende,rezende,-20.6529967,-43.7685177,brasil_aberto,True
MG,3118304,Conselheiro Lafaiete,Rochedo,rochedo,-20.67115784,-43.77799225,brasil_aberto,True
MG,3118304,Conselheiro Lafaiete,Rosário,rosario,-20.6630103,-43.7888889,brasil_aberto,True
MG,3118304,Conselheiro Lafaiete,Sagrada Família,sagrada familia,-19.88396835,-43.93301773,brasil_aberto,True
MG,3118304,Conselheiro Lafaiete,Sagrado Coração de Jesus,sagrado coracao de jesus,-20.65299606,-43.76851654,brasil_aberto,True
MG,3118304,Conselheiro Lafaiete,Santa Clara,santa clara,-20.6756595,-43.7675497,brasil_aberto,True
MG,3118304,Conselheiro Lafaiete,Santa Cruz,santa cruz,-18.72216034,-44.94288635,brasil_aberto,True
MG,3118304,Conselheiro Lafaiete,Santa Efigênia,santa efigenia,-20.65599251,-43.78842926,brasil_aberto,True
MG,3118304,Conselheiro Lafaiete,Santa Fé,santa fe,-20.69101143,-43.7974472,brasil_aberto,True
MG,3118304,Conselheiro Lafaiete,Santa Luzia,santa luzia,-20.63634872,-43.79827499,brasil_aberto,True
MG,3118304,Conselheiro Lafaiete,Santa Maria,santa maria,-20.67816162,-43.77156448,brasil_aberto,True
MG,3118304,Conselheiro Lafaiete,Santa Matilde,santa matilde,-20.67852592,-43.78734207,brasil_aberto,True
MG,3118304,Conselheiro Lafaiete,Santa Rosa,santa rosa,-20.66007996,-43.80261612,brasil_aberto,True
MG,3118304,Conselheiro Lafaiete,Santa Terezinha,santa terezinha,-20.64430618,-43.81341171,brasil_aberto,True
MG,3118304,Conselheiro Lafaiete,Santo Agostinho,santo agostinho,-20.64793968,-43.80142593,brasil_aberto,True
MG,3118304,Conselheiro Lafaiete,Santo Antônio,santo antonio,-20.6596115,-43.7826811,brasil_aberto,True
MG,3118304,Conselheiro Lafaiete,Satélite,satelite,-20.6359132,-43.8084527,brasil_aberto,True
MG,3118304,Conselheiro Lafaiete,Siderúrgico,siderurgico,-20.6505824,-43.8045027,brasil_aberto,True
MG,3118304,Conselheiro Lafaiete,Sion,sion,-20.68379402,-43.77529526,brasil_aberto,True
MG,3118304,Conselheiro Lafaiete,São Benedito,sao benedito,-20.64223671,-43.80826187,brasil_aberto,True
MG,3118304,Conselheiro Lafaiete,São Dimas,sao dimas,-20.66803932,-43.80906677,brasil_aberto,True
MG,3118304,Conselheiro Lafaiete,São Gonçalo do Brandão,sao goncalo do brandao,-20.6610086,-43.7866376,brasil_aberto,True
MG,3118304,Conselheiro Lafaiete,São Jorge,sao jorge,-20.6829985,-43.781547,brasil_aberto,True
MG,3118304,Conselheiro Lafaiete,São José,sao jose,-20.68028831,-43.75853348,brasil_aberto,True
MG,3118304,Conselheiro Lafaiete,São João,sao joao,-20.68299866,-43.78154755,brasil_aberto,True
MG,3118304,Conselheiro Lafaiete,São Judas Tadeu,sao judas tadeu,-20.6610086,-43.7866376,brasil_aberto,True
MG,3118304,Conselheiro Lafaiete,São Lucas,sao lucas,-20.6664424,-43.8147639,brasil_aberto,True
MG,3118304,Conselheiro Lafaiete,São Marcos,sao marcos,-20.68864441,-43.771595,brasil_aberto,True
MG,3118304,Conselheiro Lafaiete,São Sebastião,sao sebastiao,-20.65748405,-43.80113602,brasil_aberto,True
MG,3118304,Conselheiro Lafaiete,São Vicente de Paula,sao vicente de paula,-20.6610086,-43.7866376,brasil_aberto,True
MG,3118304,Conselheiro Lafaiete,Tamareiras,tamareiras,-20.26245499,-40.25982285,brasil_aberto,True
MG,3118304,Conselheiro Lafaiete,Tiradentes,tiradentes,-20.6368915,-43.7911457,brasil_aberto,True
MG,3118304,Conselheiro Lafaiete,Topázio,topazio,-20.6725547,-43.8092364,brasil_aberto,True
MG,3118304,Conselheiro Lafaiete,Triângulo,triangulo,-20.6719185,-43.7847886,brasil_aberto,True
MG,3118304,Conselheiro Lafaiete,União,uniao,-20.671499,-43.7699626,brasil_aberto,True
MG,3118304,Conselheiro Lafaiete,Vila Veneza,vila veneza,-20.6944594,-43.8028159,brasil_aberto,True
MG,3118304,Conselheiro Lafaiete,Área Rural de Conselheiro Lafaiete,area rural de conselheiro lafaiete,-20.6610086,-43.7866376,brasil_aberto,True
MG,3118403,Conselheiro Pena,Aldeia,aldeia,-19.00856018,-41.1141777,brasil_aberto,True
MG,3118403,Conselheiro Pena,Barra do Cuieté,barra do cuiete,-19.0730725,-41.5296576,brasil_aberto,True
MG,3118403,Conselheiro Pena,Bueno,bueno,-19.42411041,-41.50331879,brasil_aberto,True
MG,3118403,Conselheiro Pena,Cuité Velho,cuite velho,-19.23249435,-41.6455307,brasil_aberto,True
MG,3118403,Conselheiro Pena,Estação Velha,estacao velha,,,brasil_aberto,True
MG,3118403,Conselheiro Pena,Ferruginha,ferruginha,-18.89212799,-41.24794388,brasil_aberto,True
MG,3118403,Conselheiro Pena,Penha do Norte,penha do norte,-19.1189003,-41.40324402,brasil_aberto,True
MG,3118502,Consolação,Centro,centro,-22.55286026,-45.92332077,brasil_aberto,True
MG,3118601,Contagem,Alvorada,alvorada,-19.90190697,-44.07958984,brasil_aberto,True
MG,3118601,Contagem,Amazonas,amazonas,-19.96911621,-44.03824615,brasil_aberto,True
MG,3118601,Contagem,Antônio Cambraia,antonio cambraia,-19.9711365,-44.0371816,brasil_aberto,True
MG,3118601,Contagem,Arcádia,arcadia,-19.9125061,-44.07860184,brasil_aberto,True
MG,3118601,Contagem,Arpoador,arpoador,-19.88648033,-44.03554916,brasil_aberto,True
MG,3118601,Contagem,Arvoredo,arvoredo,-19.87591171,-44.02393341,brasil_aberto,True
MG,3118601,Contagem,Arvoredo 2ª Seção,arvoredo 2ª secao,-19.8725297,-44.0210209,brasil_aberto,True
MG,3118601,Contagem,Bairro Empresarial do Mandu,bairro empresarial do mandu,-19.8840966,-44.043534,brasil_aberto,True
MG,3118601,Contagem,Bandeirantes,bandeirantes,-19.96818542,-44.05067062,brasil_aberto,True
MG,3118601,Contagem,Beatriz,beatriz,-19.92768288,-44.06734085,brasil_aberto,True
MG,3118601,Contagem,Beija Flor,beija flor,-19.9694329,-44.0172401,brasil_aberto,True
MG,3118601,Contagem,Bela Vista,bela vista,-19.93324471,-44.07867813,brasil_aberto,True
MG,3118601,Contagem,Bernardo Monteiro,bernardo monteiro,-19.93321228,-44.08408737,brasil_aberto,True
MG,3118601,Contagem,Betânia,betania,-19.91009331,-44.08621597,brasil_aberto,True
MG,3118601,Contagem,Bitácula e Perobas,bitacula e perobas,-19.91643906,-44.06198502,brasil_aberto,True
MG,3118601,Contagem,Bitácula ou 40 Alqueires,bitacula ou 40 alqueires,-19.9244882,-44.0766679,brasil_aberto,True
MG,3118601,Contagem,Boa Vista,boa vista,-19.8300423,-44.1564669,brasil_aberto,True
MG,3118601,Contagem,Bom Jesus,bom jesus,-22.22843361,-45.93435669,brasil_aberto,True
MG,3118601,Contagem,Buganvile I,buganvile i,-19.8517695,-44.1456856,brasil_aberto,True
MG,3118601,Contagem,Buganville II,buganville ii,-19.85412979,-44.15081024,brasil_aberto,True
MG,3118601,Contagem,Cabral,cabral,-19.88202667,-44.0396843,brasil_aberto,True
MG,3118601,Contagem,Caiapós,caiapos,-19.83893013,-44.03712082,brasil_aberto,True
MG,3118601,Contagem,Camilo Alves,camilo alves,-19.91729355,-44.09096527,brasil_aberto,True
MG,3118601,Contagem,Campina Verde,campina verde,-19.89451218,-44.05490875,brasil_aberto,True
MG,3118601,Contagem,Campo Alto,campo alto,-19.9177234,-44.1217066,brasil_aberto,True
MG,3118601,Contagem,Canadá,canada,-19.92664146,-44.09382248,brasil_aberto,True
MG,3118601,Contagem,Capim Rasteiro (Chácaras Campo Alegre),capim rasteiro (chacaras campo alegre),-19.8445919,-44.1347243,brasil_aberto,True
MG,3118601,Contagem,Carajás,carajas,-19.8570385,-44.02744293,brasil_aberto,True
MG,3118601,Contagem,Central Parque,central parque,-19.90634727,-44.07402802,brasil_aberto,True
MG,3118601,Contagem,Centro,centro,-19.91464424,-44.08411026,brasil_aberto,True
MG,3118601,Contagem,Chácara Contagem,chacara contagem,-19.91861153,-44.10280609,brasil_aberto,True
MG,3118601,Contagem,Chácara Del-Rey,chacara del-rey,-19.87119484,-44.0831871,brasil_aberto,True
MG,3118601,Contagem,Chácara Novo Horizonte,chacara novo horizonte,-19.86727715,-44.02431107,brasil_aberto,True
MG,3118601,Contagem,Chácara Planalto,chacara planalto,-19.9233807,-44.128511,brasil_aberto,True
MG,3118601,Contagem,Chácara São Geraldo,chacara sao geraldo,-19.871418,-44.08348465,brasil_aberto,True
MG,3118601,Contagem,Chácaras Boa Vista,chacaras boa vista,-19.89121437,-44.05250931,brasil_aberto,True
MG,3118601,Contagem,Chácaras Bom Jesus,chacaras bom jesus,-19.8448619,-44.0359953,brasil_aberto,True
MG,3118601,Contagem,Chácaras Califórnia,chacaras california,-19.89743233,-44.0739975,brasil_aberto,True
MG,3118601,Contagem,Chácaras Campestre,chacaras campestre,-19.84463692,-44.02965546,brasil_aberto,True
MG,3118601,Contagem,Chácaras Cotia,chacaras cotia,-19.86727715,-44.02431107,brasil_aberto,True
MG,3118601,Contagem,Chácaras Reunidas Santa Terezinha,chacaras reunidas santa terezinha,-19.86469269,-44.04371262,brasil_aberto,True
MG,3118601,Contagem,Cidade Industrial,cidade industrial,-19.94607735,-43.96243668,brasil_aberto,True
MG,3118601,Contagem,Cidade Jardim Eldorado,cidade jardim eldorado,,,brasil_aberto,True
MG,3118601,Contagem,Cinco,cinco,-19.9299984,-44.06450272,brasil_aberto,True
MG,3118601,Contagem,Cincão,cincao,-19.91013145,-44.03720856,brasil_aberto,True
MG,3118601,Contagem,Colonial,colonial,-19.8956871,-44.10046387,brasil_aberto,True
MG,3118601,Contagem,Colorado,colorado,-19.9065416,-44.0321882,brasil_aberto,True
MG,3118601,Contagem,Condomínio Estância San Remo,condominio estancia san remo,-19.86246109,-44.10916519,brasil_aberto,True
MG,3118601,Contagem,Conjunto Confisco,conjunto confisco,-19.87226677,-44.03897095,brasil_aberto,True
MG,3118601,Contagem,Conjunto Habitacional Nova Pampulha,conjunto habitacional nova pampulha,-19.82931709,-44.01876068,brasil_aberto,True
MG,3118601,Contagem,Conjunto Água Branca,conjunto agua branca,-19.9400854,-44.0264751,brasil_aberto,True
MG,3118601,Contagem,Conquista Veredas,conquista veredas,-19.8575793,-44.0427415,brasil_aberto,True
MG,3118601,Contagem,Coqueiral,coqueiral,-19.91294,-44.0273364,brasil_aberto,True
MG,3118601,Contagem,Cândida Ferreira,candida ferreira,-19.87781906,-44.050354,brasil_aberto,True
MG,3118601,Contagem,Darcy Ribeiro,darcy ribeiro,-19.86104012,-44.13019943,brasil_aberto,True
MG,3118601,Contagem,Darcy Vargas,darcy vargas,-19.92647171,-44.0287323,brasil_aberto,True
MG,3118601,Contagem,Distrito Industrial Doutor Hélio Pentagna Guimarães,distrito industrial doutor helio pentagna guimaraes,-19.8830719,-44.03400803,brasil_aberto,True
MG,3118601,Contagem,Distrito Industrial Riacho das Pedras,distrito industrial riacho das pedras,-19.9534885,-44.0383382,brasil_aberto,True
MG,3118601,Contagem,Do Comércio,do comercio,-19.8646215,-44.0381393,brasil_aberto,True
MG,3118601,Contagem,Donato,donato,-19.87499,-44.0098492,brasil_aberto,True
MG,3118601,Contagem,Duque de Caxias,duque de caxias,-19.9408226,-44.15103912,brasil_aberto,True
MG,3118601,Contagem,Eldoradinho,eldoradinho,-19.9613933,-44.0473923,brasil_aberto,True
MG,3118601,Contagem,Eldorado,eldorado,-19.9361997,-44.0421336,brasil_aberto,True
MG,3118601,Contagem,Estaleiro,estaleiro,-19.8271291,-44.1419994,brasil_aberto,True
MG,3118601,Contagem,Estrela Dalva,estrela dalva,-19.86131859,-44.02877045,brasil_aberto,True
MG,3118601,Contagem,Estância Silveira,estancia silveira,-19.90703392,-44.08892822,brasil_aberto,True
MG,3118601,Contagem,Estância do Hibisco,estancia do hibisco,-19.91666603,-44.09347534,brasil_aberto,True
MG,3118601,Contagem,Estância do Lago,estancia do lago,-19.8780583,-44.0815771,brasil_aberto,True
MG,3118601,Contagem,Estâncias Imperiais,estancias imperiais,-19.90530396,-44.12581635,brasil_aberto,True
MG,3118601,Contagem,Europa,europa,-19.89776993,-44.08800125,brasil_aberto,True
MG,3118601,Contagem,Fazenda da Gaforina,fazenda da gaforina,-19.9186123,-44.1028075,brasil_aberto,True
MG,3118601,Contagem,Fazenda da Tapera,fazenda da tapera,-19.8912227,-44.0709918,brasil_aberto,True
MG,3118601,Contagem,Fazenda do Mandu,fazenda do mandu,-19.9243204,-44.0359663,brasil_aberto,True
MG,3118601,Contagem,Feijão Miúdo,feijao miudo,-19.8873558,-44.04182053,brasil_aberto,True
MG,3118601,Contagem,Flamengo,flamengo,-19.9618152,-44.0561531,brasil_aberto,True
MG,3118601,Contagem,Fonte Grande,fonte grande,-19.9275958,-44.0920913,brasil_aberto,True
MG,3118601,Contagem,Funcionários,funcionarios,-19.91885948,-44.07090759,brasil_aberto,True
MG,3118601,Contagem,Glória,gloria,-19.93654633,-44.04883957,brasil_aberto,True
MG,3118601,Contagem,Granja Ouro Branco,granja ouro branco,-19.88458443,-44.10147095,brasil_aberto,True
MG,3118601,Contagem,Granja Vista Alegre,granja vista alegre,-19.87836647,-44.08992386,brasil_aberto,True
MG,3118601,Contagem,Guanabara,guanabara,-19.88558006,-44.03292847,brasil_aberto,True
MG,3118601,Contagem,Icaivera,icaivera,-19.85780334,-44.145401,brasil_aberto,True
MG,3118601,Contagem,Inconfidentes,inconfidentes,-19.96246147,-44.03595734,brasil_aberto,True
MG,3118601,Contagem,Industrial,industrial,-19.8888138,-44.1133974,brasil_aberto,True
MG,3118601,Contagem,Industrial Itaú,industrial itau,-19.96543312,-44.03534698,brasil_aberto,True
MG,3118601,Contagem,Industrial Santa Cruz,industrial santa cruz,-19.88881302,-44.11339569,brasil_aberto,True
MG,3118601,Contagem,Industrial Santa Rita,industrial santa rita,-19.9730281,-44.0438303,brasil_aberto,True
MG,3118601,Contagem,Industrial São Luiz,industrial sao luiz,-19.93490601,-44.12649155,brasil_aberto,True
MG,3118601,Contagem,JK,jk,-19.94627762,-44.02967834,brasil_aberto,True
MG,3118601,Contagem,Janjão,janjao,-19.8249096,-44.0952971,brasil_aberto,True
MG,3118601,Contagem,Jardim Alvorada,jardim alvorada,-19.8368088,-44.0364457,brasil_aberto,True
MG,3118601,Contagem,Jardim Balneário,jardim balneario,-19.88462448,-44.02100372,brasil_aberto,True
MG,3118601,Contagem,Jardim Bandeirantes,jardim bandeirantes,-19.9675426,-44.0487161,brasil_aberto,True
MG,3118601,Contagem,Jardim Califórnia,jardim california,-19.94938087,-44.04174042,brasil_aberto,True
MG,3118601,Contagem,Jardim Industrial,jardim industrial,-19.9720974,-44.0250206,brasil_aberto,True
MG,3118601,Contagem,Jardim Laguna,jardim laguna,-19.89513779,-44.03695297,brasil_aberto,True
MG,3118601,Contagem,Jardim Marrocos,jardim marrocos,-19.92040634,-44.08859253,brasil_aberto,True
MG,3118601,Contagem,Jardim Pérola,jardim perola,-19.8890271,-44.0166331,brasil_aberto,True
MG,3118601,Contagem,Jardim Riacho das Pedras,jardim riacho das pedras,-19.967723,-44.0651235,brasil_aberto,True
MG,3118601,Contagem,Jardim Vera Cruz,jardim vera cruz,-19.8951404,-44.0809221,brasil_aberto,True
MG,3118601,Contagem,Jardim Vera Cruz II,jardim vera cruz ii,-19.89704895,-44.08390045,brasil_aberto,True
MG,3118601,Contagem,Jardim das Oliveiras,jardim das oliveiras,-19.92906952,-44.03827286,brasil_aberto,True
MG,3118601,Contagem,Jardim do Lago,jardim do lago,-19.88068008,-44.04632187,brasil_aberto,True
MG,3118601,Contagem,Kennedy,kennedy,-19.88792801,-44.04521561,brasil_aberto,True
MG,3118601,Contagem,Kennedy (Ceasa),kennedy (ceasa),-19.89549828,-44.04686356,brasil_aberto,True
MG,3118601,Contagem,Liberdade I,liberdade i,-19.8301032,-44.1005103,brasil_aberto,True
MG,3118601,Contagem,Liberdade II,liberdade ii,-19.9557047,-44.0307474,brasil_aberto,True
MG,3118601,Contagem,Linda Vista,linda vista,-19.90867805,-44.06893921,brasil_aberto,True
MG,3118601,Contagem,Lua Nova da Pampulha,lua nova da pampulha,-19.83601761,-44.03181839,brasil_aberto,True
MG,3118601,Contagem,Lúcio de Abreu,lucio de abreu,-19.92605782,-44.10225677,brasil_aberto,True
MG,3118601,Contagem,Maria da Conceição,maria da conceicao,-19.9197016,-44.0628626,brasil_aberto,True
MG,3118601,Contagem,Milanez,milanez,-19.90876579,-44.03215408,brasil_aberto,True
MG,3118601,Contagem,Monsenhor Horta,monsenhor horta,-19.90314674,-44.08362961,brasil_aberto,True
MG,3118601,Contagem,Monte Castelo,monte castelo,-19.94347,-44.06902695,brasil_aberto,True
MG,3118601,Contagem,Morada Nova,morada nova,-19.9098464,-44.0398304,brasil_aberto,True
MG,3118601,Contagem,Nacional,nacional,-19.84570122,-44.02523804,brasil_aberto,True
MG,3118601,Contagem,Nascentes Imperiais,nascentes imperiais,,,brasil_aberto,True
MG,3118601,Contagem,Nazaré,nazare,-19.8516273,-43.8971633,brasil_aberto,True
MG,3118601,Contagem,Nossa Senhora da Conceição,nossa senhora da conceicao,-19.8546563,-44.0375749,brasil_aberto,True
MG,3118601,Contagem,Nossa Senhora de Fátima,nossa senhora de fatima,-19.91043663,-44.08538055,brasil_aberto,True
MG,3118601,Contagem,Nossa Senhora do Carmo,nossa senhora do carmo,-19.9203701,-44.08698654,brasil_aberto,True
MG,3118601,Contagem,Nova Contagem,nova contagem,-19.83011246,-44.15105438,brasil_aberto,True
MG,3118601,Contagem,Novo Boa Vista,novo boa vista,-19.88474464,-44.04996109,brasil_aberto,True
MG,3118601,Contagem,Novo Eldorado,novo eldorado,-19.93449974,-44.0498085,brasil_aberto,True
MG,3118601,Contagem,Novo Progresso,novo progresso,-19.90214348,-44.0273056,brasil_aberto,True
MG,3118601,Contagem,Novo Recanto,novo recanto,-19.97219467,-44.04488373,brasil_aberto,True
MG,3118601,Contagem,Oitis,oitis,-19.90827179,-44.03506088,brasil_aberto,True
MG,3118601,Contagem,Olinda,olinda,-19.8898562,-44.0828524,brasil_aberto,True
MG,3118601,Contagem,Parque Ayrton Senna,parque ayrton senna,-19.896492,-44.03264618,brasil_aberto,True
MG,3118601,Contagem,Parque Belo Horizonte Industrial,parque belo horizonte industrial,-19.9297836,-44.0582374,brasil_aberto,True
MG,3118601,Contagem,Parque Duval de Barros,parque duval de barros,-19.97478867,-44.06528854,brasil_aberto,True
MG,3118601,Contagem,Parque Maracanã,parque maracana,-19.90429878,-44.07580566,brasil_aberto,True
MG,3118601,Contagem,Parque Recreio,parque recreio,-19.88321304,-44.01992035,brasil_aberto,True
MG,3118601,Contagem,Parque Riacho das Pedras,parque riacho das pedras,-19.9523053,-44.0556155,brasil_aberto,True
MG,3118601,Contagem,Parque Riacho das Pedras 2ª Seção,parque riacho das pedras 2ª secao,-19.9539249,-44.0618274,brasil_aberto,True
MG,3118601,Contagem,Parque São João,parque sao joao,-19.92123032,-44.05563736,brasil_aberto,True
MG,3118601,Contagem,Parque Turistas,parque turistas,-19.87949753,-44.01800919,brasil_aberto,True
MG,3118601,Contagem,Parque Xangri-Lá,parque xangri-la,-19.8331689,-44.0241964,brasil_aberto,True
MG,3118601,Contagem,Pedra Azul,pedra azul,-19.85745239,-44.03275299,brasil_aberto,True
MG,3118601,Contagem,Pedra Azul 3ª Seção,pedra azul 3ª secao,-19.85558891,-44.04063797,brasil_aberto,True
MG,3118601,Contagem,Perobas,perobas,-19.9302547,-44.0974788,brasil_aberto,True
MG,3118601,Contagem,Perobas 2,perobas 2,-19.91692162,-44.06282425,brasil_aberto,True
MG,3118601,Contagem,Petrolândia,petrolandia,-19.92784691,-44.10303879,brasil_aberto,True
MG,3118601,Contagem,Portal do Sol,portal do sol,-19.86889648,-44.03427887,brasil_aberto,True
MG,3118601,Contagem,Praia,praia,-19.88748169,-44.09134674,brasil_aberto,True
MG,3118601,Contagem,Quintas Coloniais,quintas coloniais,-19.9197067,-44.0629539,brasil_aberto,True
MG,3118601,Contagem,Quintas do Jacuba,quintas do jacuba,-19.88811684,-44.11185455,brasil_aberto,True
MG,3118601,Contagem,Recanto da Pampulha,recanto da pampulha,-19.86095428,-44.02337646,brasil_aberto,True
MG,3118601,Contagem,Ressaca,ressaca,-19.88552094,-44.03006363,brasil_aberto,True
MG,3118601,Contagem,Retiro,retiro,-19.83751297,-44.15182495,brasil_aberto,True
MG,3118601,Contagem,Retiro dos Sonhos,retiro dos sonhos,-19.8396869,-44.1550722,brasil_aberto,True
MG,3118601,Contagem,Riacho das Pedras,riacho das pedras,-19.94618034,-44.06491852,brasil_aberto,True
MG,3118601,Contagem,Santa Cruz Industrial,santa cruz industrial,-19.94516754,-44.05698013,brasil_aberto,True
MG,3118601,Contagem,Santa Edwiges,santa edwiges,-19.92382812,-44.06673431,brasil_aberto,True
MG,3118601,Contagem,Santa Helena,santa helena,-19.9194122,-44.0832757,brasil_aberto,True
MG,3118601,Contagem,Santa Luzia,santa luzia,-19.90594864,-44.09291077,brasil_aberto,True
MG,3118601,Contagem,Santa Maria,santa maria,-19.9709034,-44.04714584,brasil_aberto,True
MG,3118601,Contagem,Santa Terezinha,santa terezinha,-19.93361473,-44.08236313,brasil_aberto,True
MG,3118601,Contagem,Santo Antônio,santo antonio,-19.93184471,-44.08254623,brasil_aberto,True
MG,3118601,Contagem,Sapucaia,sapucaia,-19.92134666,-44.12697601,brasil_aberto,True
MG,3118601,Contagem,Sapucaia II,sapucaia ii,-19.8819828,-44.03091431,brasil_aberto,True
MG,3118601,Contagem,Sapucaias III,sapucaias iii,-19.92591286,-44.13429642,brasil_aberto,True
MG,3118601,Contagem,Serrano,serrano,-19.87893677,-44.01026917,brasil_aberto,True
MG,3118601,Contagem,Solar do Madeira,solar do madeira,-19.89659309,-44.13772964,brasil_aberto,True
MG,3118601,Contagem,São Bernardo,sao bernardo,-19.9384589,-44.0518344,brasil_aberto,True
MG,3118601,Contagem,São Caetano,sao caetano,-19.93398476,-44.11778259,brasil_aberto,True
MG,3118601,Contagem,São Gonçalo,sao goncalo,-19.90713692,-44.08543777,brasil_aberto,True
MG,3118601,Contagem,São Gotardo,sao gotardo,-19.8819351,-44.0154241,brasil_aberto,True
MG,3118601,Contagem,São Joaquim,sao joaquim,-19.8758831,-44.01863098,brasil_aberto,True
MG,3118601,Contagem,São Joaquim 3ª Seção,sao joaquim 3ª secao,-19.877045,-44.0239586,brasil_aberto,True
MG,3118601,Contagem,São Mateus,sao mateus,-19.86027145,-44.02856064,brasil_aberto,True
MG,3118601,Contagem,São Pedro,sao pedro,-19.94182396,-43.93644714,brasil_aberto,True
MG,3118601,Contagem,São Sebastião,sao sebastiao,-19.88544464,-44.05210114,brasil_aberto,True
MG,3118601,Contagem,São Sebastião - 2ª Seção,sao sebastiao - 2ª secao,-19.8891,-44.0543493,brasil_aberto,True
MG,3118601,Contagem,Tijuca,tijuca,-19.85882378,-44.02155304,brasil_aberto,True
MG,3118601,Contagem,Tropical,tropical,-19.91628456,-44.1158905,brasil_aberto,True
MG,3118601,Contagem,Três Barras,tres barras,-19.91506195,-44.07470322,brasil_aberto,True
MG,3118601,Contagem,Tupã,tupa,-19.879532,-44.1397576,brasil_aberto,True
MG,3118601,Contagem,Vale das Amendoeiras,vale das amendoeiras,-19.85202026,-44.03646851,brasil_aberto,True
MG,3118601,Contagem,Vale das Orquídeas,vale das orquideas,-19.84643173,-44.02956772,brasil_aberto,True
MG,3118601,Contagem,Vera Cruz,vera cruz,-19.96302795,-44.0443573,brasil_aberto,True
MG,3118601,Contagem,Vila Barroquinha,vila barroquinha,-19.8937848,-44.0931975,brasil_aberto,True
MG,3118601,Contagem,Vila Beatriz,vila beatriz,-19.94879913,-43.99925995,brasil_aberto,True
MG,3118601,Contagem,Vila Beija-Flor,vila beija-flor,-19.89659309,-44.13772964,brasil_aberto,True
MG,3118601,Contagem,Vila Belém,vila belem,-19.9210701,-44.09742737,brasil_aberto,True
MG,3118601,Contagem,Vila Beneves,vila beneves,-19.9231043,-44.081154,brasil_aberto,True
MG,3118601,Contagem,Vila Boa Esperança,vila boa esperanca,-19.89059258,-43.89892578,brasil_aberto,True
MG,3118601,Contagem,Vila Boa Vista,vila boa vista,-19.84969521,-44.01403809,brasil_aberto,True
MG,3118601,Contagem,Vila Cristina,vila cristina,-3.10313439,-60.06476212,brasil_aberto,True
MG,3118601,Contagem,Vila Feliz,vila feliz,-19.83041382,-44.14648056,brasil_aberto,True
MG,3118601,Contagem,Vila Francisco Mariano,vila francisco mariano,-19.85857582,-44.02447891,brasil_aberto,True
MG,3118601,Contagem,Vila Ipê Amarelo,vila ipe amarelo,-19.81231499,-44.14476395,brasil_aberto,True
MG,3118601,Contagem,Vila Itália,vila italia,-19.90984726,-44.03982925,brasil_aberto,True
MG,3118601,Contagem,Vila Líder,vila lider,-19.9685074,-44.0246182,brasil_aberto,True
MG,3118601,Contagem,Vila Magdalena,vila magdalena,-19.93070984,-44.08561325,brasil_aberto,True
MG,3118601,Contagem,Vila Militar,vila militar,-19.8888138,-44.1133974,brasil_aberto,True
MG,3118601,Contagem,Vila Morro Vermelho,vila morro vermelho,-19.9309993,-44.1188578,brasil_aberto,True
MG,3118601,Contagem,Vila Nova Esperança,vila nova esperanca,-19.81897545,-44.14663315,brasil_aberto,True
MG,3118601,Contagem,Vila Panamá,vila panama,-19.92340469,-44.09343719,brasil_aberto,True
MG,3118601,Contagem,Vila Paris,vila paris,-19.9213081,-44.0257511,brasil_aberto,True
MG,3118601,Contagem,Vila Renascer,vila renascer,-19.82876968,-44.15803528,brasil_aberto,True
MG,3118601,Contagem,Vila Ruy Barbosa,vila ruy barbosa,-19.96589661,-44.02093124,brasil_aberto,True
MG,3118601,Contagem,Vila Santa Luzia,vila santa luzia,-19.87533188,-44.01799774,brasil_aberto,True
MG,3118601,Contagem,Vila São José,vila sao jose,-19.9522102,-44.0084113,brasil_aberto,True
MG,3118601,Contagem,Vila São Paulo,vila sao paulo,-19.95564651,-44.01456451,brasil_aberto,True
MG,3118601,Contagem,Vila Universal,vila universal,-19.93494797,-44.10870361,brasil_aberto,True
MG,3118601,Contagem,Zonas Industriais do Riacho,zonas industriais do riacho,-19.9578455,-44.0672134,brasil_aberto,True
MG,3118601,Contagem,Água Branca,agua branca,-19.9339373,-44.0336043,brasil_aberto,True
MG,3118601,Contagem,Área Rural de Contagem,area rural de contagem,-19.9384589,-44.0518344,brasil_aberto,True
MG,3118700,Coqueiral,Centro,centro,-21.78993225,-46.56549072,brasil_aberto,True
MG,3118700,Coqueiral,Frei Eustáquio,frei eustaquio,-21.17715645,-45.36865997,brasil_aberto,True
MG,3118809,Coração de Jesus,Alvação,alvacao,-16.4156477,-44.2185381,brasil_aberto,True
MG,3118809,Coração de Jesus,Aristides Batista,aristides batista,-16.59061813,-44.13668442,brasil_aberto,True
MG,3118809,Coração de Jesus,Centro,centro,-16.69218254,-44.36249542,brasil_aberto,True
MG,3118809,Coração de Jesus,Luiz Pires de Minas,luiz pires de minas,-16.49271774,-44.26883316,brasil_aberto,True
MG,3118809,Coração de Jesus,Ponte dos Ciganos,ponte dos ciganos,-16.47028923,-44.38277054,brasil_aberto,True
MG,3118809,Coração de Jesus,São Geraldo,sao geraldo,-16.7313817,-44.51251269999999,brasil_aberto,True
MG,3118809,Coração de Jesus,São Joaquim,sao joaquim,-20.04848099,-44.27536774,brasil_aberto,True
MG,3118908,Cordisburgo,Centro,centro,-19.1222478,-44.3223334,brasil_aberto,True
MG,3118908,Cordisburgo,Lagoa Bonita,lagoa bonita,-19.11137772,-44.20863342,brasil_aberto,True
MG,3119005,Cordislândia,Centro,centro,-21.79253197,-45.70020676,brasil_aberto,True
MG,3119104,Corinto,Beltrão,beltrao,-18.0810539,-44.5328197,brasil_aberto,True
MG,3119104,Corinto,Centro,centro,-18.36585808,-44.45871353,brasil_aberto,True
MG,3119104,Corinto,Contria,contria,-18.21783829,-44.50452805,brasil_aberto,True
MG,3119203,Coroaci,Centro,centro,-18.6202774,-42.28168106,brasil_aberto,True
MG,3119203,Coroaci,Conceição de Tronqueiras,conceicao de tronqueiras,-18.705042,-42.2429626,brasil_aberto,True
MG,3119203,Coroaci,São Sebastião do Bugre,sao sebastiao do bugre,-18.58794785,-42.13732147,brasil_aberto,True
MG,3119302,Coromandel,Alegre,alegre,-18.2701785,-47.0104657,brasil_aberto,True
MG,3119302,Coromandel,Boa Esperança,boa esperanca,,,brasil_aberto,True
MG,3119302,Coromandel,Brasil Novo,brasil novo,,,brasil_aberto,True
MG,3119302,Coromandel,Centro,centro,,,brasil_aberto,True
MG,3119302,Coromandel,Jardim Vitória,jardim vitoria,,,brasil_aberto,True
MG,3119302,Coromandel,Lagamar dos Coqueiros,lagamar dos coqueiros,,,brasil_aberto,True
MG,3119302,Coromandel,Mangabeiras,mangabeiras,-18.4765605,-47.1936875,brasil_aberto,True
MG,3119302,Coromandel,Padre Lázaro Menezes,padre lazaro menezes,,,brasil_aberto,True
MG,3119302,Coromandel,Pântano de Santa Cruz,pantano de santa cruz,-18.5493134,-46.941659,brasil_aberto,True
MG,3119302,Coromandel,Santa Maria,santa maria,-18.4755678,-47.2073367,brasil_aberto,True
MG,3119302,Coromandel,Santa Rosa dos Dourados,santa rosa dos dourados,-18.6970057,-47.1676489,brasil_aberto,True
MG,3119302,Coromandel,Setor Industrial,setor industrial,,,brasil_aberto,True
MG,3119302,Coromandel,São Domingos,sao domingos,-18.4831122,-47.1999791,brasil_aberto,True
MG,3119302,Coromandel,Taquaril,taquaril,,,brasil_aberto,True
MG,3119302,Coromandel,União,uniao,,,brasil_aberto,True
MG,3119302,Coromandel,Vale do Sol,vale do sol,,,brasil_aberto,True
MG,3119302,Coromandel,Área Rural de Coromandel,area rural de coromandel,-18.4785256,-47.1978084,brasil_aberto,True
MG,3119401,Coronel Fabriciano,Aldeia do Lago,aldeia do lago,-19.51366615,-42.62266922,brasil_aberto,True
MG,3119401,Coronel Fabriciano,Alipinho,alipinho,-19.49132919,-42.63351059,brasil_aberto,True
MG,3119401,Coronel Fabriciano,Amaro Lanari,amaro lanari,-19.53013229,-42.57189941,brasil_aberto,True
MG,3119401,Coronel Fabriciano,Aparecida do Norte,aparecida do norte,-19.51716614,-42.61772919,brasil_aberto,True
MG,3119401,Coronel Fabriciano,Belvedere,belvedere,-19.51534462,-42.63646698,brasil_aberto,True
MG,3119401,Coronel Fabriciano,Bom Jesus,bom jesus,-19.5210743,-42.62226868,brasil_aberto,True
MG,3119401,Coronel Fabriciano,Caladinho,caladinho,-19.5086691,-42.6083273,brasil_aberto,True
MG,3119401,Coronel Fabriciano,Centro,centro,-19.52883148,-42.62335968,brasil_aberto,True
MG,3119401,Coronel Fabriciano,Contente,contente,-19.46731377,-42.64933777,brasil_aberto,True
MG,3119401,Coronel Fabriciano,Córrego Alto,corrego alto,-19.47507858,-42.61876297,brasil_aberto,True
MG,3119401,Coronel Fabriciano,Florença,florenca,-19.50464249,-42.63908768,brasil_aberto,True
MG,3119401,Coronel Fabriciano,Floresta,floresta,-19.48413467,-42.6289711,brasil_aberto,True
MG,3119401,Coronel Fabriciano,Frederico Ozanan,frederico ozanan,-19.4807682,-42.63840485,brasil_aberto,True
MG,3119401,Coronel Fabriciano,Giovanini,giovanini,-19.52235794,-42.62863159,brasil_aberto,True
MG,3119401,Coronel Fabriciano,Gávea,gavea,-19.48194313,-42.63252258,brasil_aberto,True
MG,3119401,Coronel Fabriciano,Jardim Primavera,jardim primavera,-19.47605133,-42.64583969,brasil_aberto,True
MG,3119401,Coronel Fabriciano,José da Silva Brito,jose da silva brito,-19.50619316,-42.54865265,brasil_aberto,True
MG,3119401,Coronel Fabriciano,Judith Bhering,judith bhering,-19.47720718,-42.64112854,brasil_aberto,True
MG,3119401,Coronel Fabriciano,Júlia Kubitschek,julia kubitschek,-19.50761604,-42.62687302,brasil_aberto,True
MG,3119401,Coronel Fabriciano,Loteamento Parque da Lagoa,loteamento parque da lagoa,-18.88064003,-41.97583008,brasil_aberto,True
MG,3119401,Coronel Fabriciano,Mangueiras,mangueiras,-19.52955246,-42.59856796,brasil_aberto,True
MG,3119401,Coronel Fabriciano,Manoel Domingos,manoel domingos,-19.5262769,-42.6316006,brasil_aberto,True
MG,3119401,Coronel Fabriciano,Manoel Maia (Apara Foice),manoel maia (apara foice),-19.48283005,-42.63506317,brasil_aberto,True
MG,3119401,Coronel Fabriciano,Melo Viana,melo viana,-19.49645996,-42.63123322,brasil_aberto,True
MG,3119401,Coronel Fabriciano,Morada do Vale,morada do vale,-19.51378822,-42.60412598,brasil_aberto,True
MG,3119401,Coronel Fabriciano,Nazaré,nazare,-19.52200127,-42.62998199,brasil_aberto,True
MG,3119401,Coronel Fabriciano,Nossa Senhora da Penha,nossa senhora da penha,-19.52442741,-42.63079071,brasil_aberto,True
MG,3119401,Coronel Fabriciano,Nossa Senhora do Carmo,nossa senhora do carmo,-19.5258798,-42.6275088,brasil_aberto,True
MG,3119401,Coronel Fabriciano,Nova Fabriciano,nova fabriciano,-19.5195034,-42.6280223,brasil_aberto,True
MG,3119401,Coronel Fabriciano,Nova Tijuca,nova tijuca,-19.51225281,-42.62225723,brasil_aberto,True
MG,3119401,Coronel Fabriciano,Olaria,olaria,-19.50429916,-42.63183975,brasil_aberto,True
MG,3119401,Coronel Fabriciano,Parque Industrial Novo Reno,parque industrial novo reno,-19.50751114,-42.60845184,brasil_aberto,True
MG,3119401,Coronel Fabriciano,Pedra Linda,pedra linda,-19.483284,-42.6247139,brasil_aberto,True
MG,3119401,Coronel Fabriciano,Pedreira,pedreira,-19.5195034,-42.6280223,brasil_aberto,True
MG,3119401,Coronel Fabriciano,Potyra (Caladão),potyra (caladao),-19.4787389,-42.6560062,brasil_aberto,True
MG,3119401,Coronel Fabriciano,Professores,professores,-19.52105141,-42.62572479,brasil_aberto,True
MG,3119401,Coronel Fabriciano,Recanto Verde,recanto verde,-19.63224411,-42.10433578,brasil_aberto,True
MG,3119401,Coronel Fabriciano,Residencial Fazendinha,residencial fazendinha,-19.4856284,-42.6348515,brasil_aberto,True
MG,3119401,Coronel Fabriciano,Residencial Pomar,residencial pomar,-19.50927162,-42.60031891,brasil_aberto,True
MG,3119401,Coronel Fabriciano,Santa Cruz,santa cruz,-19.49123764,-42.62152481,brasil_aberto,True
MG,3119401,Coronel Fabriciano,Santa Helena,santa helena,-19.523283,-42.62391281,brasil_aberto,True
MG,3119401,Coronel Fabriciano,Santa Inez,santa inez,-19.48367691,-42.62115097,brasil_aberto,True
MG,3119401,Coronel Fabriciano,Santa Luzia,santa luzia,-19.4851729,-42.618125,brasil_aberto,True
MG,3119401,Coronel Fabriciano,Santa Rita,santa rita,-19.49107361,-42.62407684,brasil_aberto,True
MG,3119401,Coronel Fabriciano,Santa Terezinha I,santa terezinha i,-19.52476883,-42.6151619,brasil_aberto,True
MG,3119401,Coronel Fabriciano,Santa Terezinha II,santa terezinha ii,-19.52329254,-42.6106987,brasil_aberto,True
MG,3119401,Coronel Fabriciano,Santa Vitória de Cocais dos Arrudas,santa vitoria de cocais dos arrudas,-19.5195034,-42.6280223,brasil_aberto,True
MG,3119401,Coronel Fabriciano,Santo Antônio,santo antonio,-19.48994255,-42.63352585,brasil_aberto,True
MG,3119401,Coronel Fabriciano,Santo Elói,santo eloi,-19.50319099,-42.63258743,brasil_aberto,True
MG,3119401,Coronel Fabriciano,Serra Azul,serra azul,-19.5152749,-42.6058434,brasil_aberto,True
MG,3119401,Coronel Fabriciano,Surinan,surinan,-19.48985863,-42.61998367,brasil_aberto,True
MG,3119401,Coronel Fabriciano,Sylvio Pereira I,sylvio pereira i,-19.4939785,-42.62548065,brasil_aberto,True
MG,3119401,Coronel Fabriciano,Sylvio Pereira II,sylvio pereira ii,-19.49519348,-42.61691666,brasil_aberto,True
MG,3119401,Coronel Fabriciano,São Cristovão,sao cristovao,-19.4798584,-42.63548279,brasil_aberto,True
MG,3119401,Coronel Fabriciano,São Domingos,sao domingos,-19.50258446,-42.63558197,brasil_aberto,True
MG,3119401,Coronel Fabriciano,São Geraldo,sao geraldo,-19.49213982,-42.63077164,brasil_aberto,True
MG,3119401,Coronel Fabriciano,São Vicente,sao vicente,-20.26080132,-42.02590561,brasil_aberto,True
MG,3119401,Coronel Fabriciano,Todos os Santos,todos os santos,-20.06399918,-44.5699234,brasil_aberto,True
MG,3119401,Coronel Fabriciano,Universitário,universitario,-19.5174942,-42.61106491,brasil_aberto,True
MG,3119401,Coronel Fabriciano,Vila Jacinto das Neves,vila jacinto das neves,-19.51781654,-42.61340714,brasil_aberto,True
MG,3119401,Coronel Fabriciano,Vila Maria Linhares,vila maria linhares,-19.51959229,-42.60481262,brasil_aberto,True
MG,3119401,Coronel Fabriciano,Vila São Domingos,vila sao domingos,-19.52057266,-42.61190033,brasil_aberto,True
MG,3119401,Coronel Fabriciano,Vila São Francisco,vila sao francisco,-19.50993347,-42.6043396,brasil_aberto,True
MG,3119401,Coronel Fabriciano,Área Rural de Coronel Fabriciano,area rural de coronel fabriciano,-19.5195029,-42.6280134,brasil_aberto,True
MG,3119500,Coronel Murta,Barra do Salinas,barra do salinas,-16.6160717,-42.3091774,brasil_aberto,True
MG,3119500,Coronel Murta,Centro,centro,-16.61704254,-42.1856308,brasil_aberto,True
MG,3119500,Coronel Murta,Freire Cardoso,freire cardoso,-16.5235121,-42.1120195,brasil_aberto,True
MG,3119609,Coronel Pacheco,Centro,centro,-21.5887447,-43.2665651,brasil_aberto,True
MG,3119708,Coronel Xavier Chaves,Centro,centro,-21.02336884,-44.22539902,brasil_aberto,True
MG,3120102,Couto de Magalhães de Minas,Centro,centro,-18.072581,-43.471706,brasil_aberto,True
MG,3120201,Cristais,Centro,centro,-20.8762989,-45.51781082,brasil_aberto,True
MG,3120409,Cristiano Otoni,Centro,centro,-20.8312661,-43.80553949999999,brasil_aberto,True
MG,3120508,Cristina,Centro,centro,-22.2090907,-45.26289149999999,brasil_aberto,True
MG,3120300,Cristália,Centro,centro,-16.7116163,-42.8640587,brasil_aberto,True
MG,3120151,Crisólita,Centro,centro,-17.2366862,-40.9177117,brasil_aberto,True
MG,3120151,Crisólita,Nova Santa Luzia,nova santa luzia,-17.25890541,-41.09986496,brasil_aberto,True
MG,3120607,Crucilândia,Centro,centro,-21.764194,-43.35205029999999,brasil_aberto,True
MG,3120706,Cruzeiro da Fortaleza,Brejo Bonito,brejo bonito,-19.00649452,-46.61315536,brasil_aberto,True
MG,3120706,Cruzeiro da Fortaleza,Centro,centro,-19.92714882,-43.93512726,brasil_aberto,True
MG,3120805,Cruzília,Centro,centro,-21.8379879,-44.8081398,brasil_aberto,True
MG,3120839,Cuparaque,Centro,centro,-18.969137,-41.0999989,brasil_aberto,True
MG,3120870,Curral de Dentro,Centro,centro,-15.9383303,-41.8544759,brasil_aberto,True
MG,3120870,Curral de Dentro,Maristela,maristela,,,brasil_aberto,True
MG,3120904,Curvelo,Angueretá,anguereta,-19.14774323,-44.65248489,brasil_aberto,True
MG,3120904,Curvelo,Bandeirante,bandeirante,-18.738926,-44.4243627,brasil_aberto,True
MG,3120904,Curvelo,Bela Vista,bela vista,-18.7733442,-44.4415112,brasil_aberto,True
MG,3120904,Curvelo,Boa Esperança,boa esperanca,-18.7859985,-44.4544656,brasil_aberto,True
MG,3120904,Curvelo,Bom Jesus,bom jesus,-18.73534203,-44.43984222,brasil_aberto,True
MG,3120904,Curvelo,Centro,centro,-18.7566829,-44.4333787,brasil_aberto,True
MG,3120904,Curvelo,Curiango,curiango,-16.16666794,-40.65000153,brasil_aberto,True
MG,3120904,Curvelo,Guimarães Rosa,guimaraes rosa,-18.7332556,-44.4296467,brasil_aberto,True
MG,3120904,Curvelo,Ipiranga,ipiranga,-18.7848566,-44.4319082,brasil_aberto,True
MG,3120904,Curvelo,JK,jk,-19.1427902,-44.5431306,brasil_aberto,True
MG,3120904,Curvelo,Jardim América,jardim america,-18.76308823,-44.42040253,brasil_aberto,True
MG,3120904,Curvelo,Jardim Paraíso,jardim paraiso,-18.7688721,-44.4217196,brasil_aberto,True
MG,3120904,Curvelo,Jockey Clube,jockey clube,-18.74039459,-44.41052628,brasil_aberto,True
MG,3120904,Curvelo,Lúcio Cardoso,lucio cardoso,-18.7703442,-44.4299477,brasil_aberto,True
MG,3120904,Curvelo,Maria Amália,maria amalia,-18.76075363,-44.43719864,brasil_aberto,True
MG,3120904,Curvelo,Passaginha,passaginha,-18.74920082,-44.41631699,brasil_aberto,True
MG,3120904,Curvelo,Ponte Nova,ponte nova,-18.87630081,-44.62678528,brasil_aberto,True
MG,3120904,Curvelo,Residencial Lourdes,residencial lourdes,-18.77900505,-44.43951035,brasil_aberto,True
MG,3120904,Curvelo,Santa Cruz,santa cruz,-18.74268341,-44.42733765,brasil_aberto,True
MG,3120904,Curvelo,Santa Filomena,santa filomena,-18.7721137,-44.4264404,brasil_aberto,True
MG,3120904,Curvelo,Santa Maria,santa maria,-18.743784,-44.4352782,brasil_aberto,True
MG,3120904,Curvelo,Santa Rita,santa rita,-18.74494743,-44.45767975,brasil_aberto,True
MG,3120904,Curvelo,Santa Rita do Cedro,santa rita do cedro,-18.80888557,-44.15600586,brasil_aberto,True
MG,3120904,Curvelo,São Geraldo,sao geraldo,-18.72714424,-44.43205261,brasil_aberto,True
MG,3120904,Curvelo,Tibira,tibira,-18.75847244,-44.4276123,brasil_aberto,True
MG,3120904,Curvelo,Tomás Gonzaga,tomas gonzaga,-18.43960953,-44.32159805,brasil_aberto,True
MG,3120904,Curvelo,Vila Nova,vila nova,-18.7564396,-44.4255147,brasil_aberto,True
MG,3120904,Curvelo,Vila São José,vila sao jose,-20.70372009,-46.64351273,brasil_aberto,True
MG,3120904,Curvelo,Vila de Lourdes,vila de lourdes,-18.77807426,-44.44360352,brasil_aberto,True
MG,3120904,Curvelo,Área Rural de Curvelo,area rural de curvelo,-18.7703442,-44.4299477,brasil_aberto,True
MG,3115102,Cássia,Centro,centro,-20.57920837,-46.92495346,brasil_aberto,True
MG,3119807,Córrego Danta,Cachoeirinha,cachoeirinha,-19.88858414,-43.9479866,brasil_aberto,True
MG,3119807,Córrego Danta,Centro,centro,-19.8231729,-45.9058692,brasil_aberto,True
MG,3119955,Córrego Fundo,Centro,centro,-20.45033073,-45.5574379,brasil_aberto,True
MG,3120003,Córrego Novo,Centro,centro,-19.6837702,-43.9579823,brasil_aberto,True
MG,3119906,Córrego do Bom Jesus,Centro,centro,-22.63155937,-46.01925659,brasil_aberto,True
MG,3117836,Cônego Marinho,Centro,centro,-19.9139061,-43.99303055,brasil_aberto,True
MG,3117836,Cônego Marinho,Olhos Dágua,olhos dagua,-17.40079689,-43.57236481,brasil_aberto,True
MG,3121001,Datas,Cachimbo,cachimbo,,,brasil_aberto,True
MG,3121001,Datas,Centro,centro,-18.4473198,-43.6588778,brasil_aberto,True
MG,3121001,Datas,Tombadouro,tombadouro,-18.63942909,-43.72214127,brasil_aberto,True
MG,3121100,Delfim Moreira,Centro,centro,-22.50781441,-45.27828979,brasil_aberto,True
MG,3121209,Delfinópolis,Babilônia,babilonia,-20.50302887,-46.63706207,brasil_aberto,True
MG,3121209,Delfinópolis,Centro,centro,-20.3441781,-46.8524986,brasil_aberto,True
MG,3121258,Delta,Centro,centro,-19.9518528,-47.78348923,brasil_aberto,True
MG,3121308,Descoberto,Centro,centro,-21.4605732,-42.96827698,brasil_aberto,True
MG,3121407,Desterro de Entre Rios,Centro,centro,-20.66015053,-44.33349228,brasil_aberto,True
MG,3121407,Desterro de Entre Rios,Pereirinhas,pereirinhas,-20.65625763,-44.27406693,brasil_aberto,True
MG,3121407,Desterro de Entre Rios,São Sebastião do Gil,sao sebastiao do gil,-20.60748482,-44.20124817,brasil_aberto,True
MG,3121506,Desterro do Melo,Centro,centro,-21.147892,-43.51848984,brasil_aberto,True
MG,3121605,Diamantina,Centro,centro,-18.2446837,-43.5968159,brasil_aberto,True
MG,3121605,Diamantina,Conselheiro Mata,conselheiro mata,-18.29145432,-43.98170853,brasil_aberto,True
MG,3121605,Diamantina,Desembargador Otoni,desembargador otoni,-17.69478035,-43.33326721,brasil_aberto,True
MG,3121605,Diamantina,Extração,extracao,-18.2831459,-43.52324295,brasil_aberto,True
MG,3121605,Diamantina,Guinda,guinda,-18.2545275,-43.6832549,brasil_aberto,True
MG,3121605,Diamantina,Inhaí,inhai,-17.94137383,-43.62254333,brasil_aberto,True
MG,3121605,Diamantina,Largo Dom João,largo dom joao,-18.24508095,-43.60385513,brasil_aberto,True
MG,3121605,Diamantina,Maria Nunes,maria nunes,,,brasil_aberto,True
MG,3121605,Diamantina,Mendanha,mendanha,-18.11110878,-43.52687454,brasil_aberto,True
MG,3121605,Diamantina,Planalto de Minas,planalto de minas,-17.64959717,-43.32094955,brasil_aberto,True
MG,3121605,Diamantina,Senador Mourão,senador mourao,-17.80943871,-43.41991043,brasil_aberto,True
MG,3121605,Diamantina,Sopa,sopa,-18.22167397,-43.69933701,brasil_aberto,True
MG,3121605,Diamantina,São João da Chapada,sao joao da chapada,-18.0875655,-43.7417892,brasil_aberto,True
MG,3121704,Diogo de Vasconcelos,Centro,centro,-20.4875451,-43.19829379999999,brasil_aberto,True
MG,3121803,Dionísio,Centro,centro,-19.84124374,-42.77653885,brasil_aberto,True
MG,3121803,Dionísio,Conceição de Minas,conceicao de minas,-19.78438377,-42.69673157,brasil_aberto,True
MG,3122009,Divino,Bom Jesus do Divino,bom jesus do divino,-20.59600449,-42.26794052,brasil_aberto,True
MG,3122009,Divino,Centro,centro,-20.6140213,-42.14697266,brasil_aberto,True
MG,3122009,Divino,Viletes,viletes,,,brasil_aberto,True
MG,3122108,Divino das Laranjeiras,Central de Santa Helena,central de santa helena,-18.7557155,-41.56698919999999,brasil_aberto,True
MG,3122108,Divino das Laranjeiras,Centro,centro,-18.78068924,-41.48474121,brasil_aberto,True
MG,3122108,Divino das Laranjeiras,Macedônia,macedonia,-18.7770208,-41.4792645,brasil_aberto,True
MG,3122207,Divinolândia de Minas,Centro,centro,-18.8005007,-42.6135413,brasil_aberto,True
MG,3121902,Divinésia,Centro,centro,-20.99011803,-43.00449753,brasil_aberto,True
MG,3122306,Divinópolis,Aeroporto,aeroporto,-20.1435294,-44.89040620000001,brasil_aberto,True
MG,3122306,Divinópolis,Afonso Pena,afonso pena,-20.13341713,-44.88865662,brasil_aberto,True
MG,3122306,Divinópolis,Alterosa,alterosa,-20.1817379,-44.92180634,brasil_aberto,True
MG,3122306,Divinópolis,Alto São Vicente,alto sao vicente,-21.7017231,-44.44215393,brasil_aberto,True
MG,3122306,Divinópolis,Alvorada,alvorada,-19.93696785,-44.10228729,brasil_aberto,True
MG,3122306,Divinópolis,Anchieta,anchieta,-20.1106015,-44.9136581,brasil_aberto,True
MG,3122306,Divinópolis,Antares,antares,-20.16267967,-44.8584671,brasil_aberto,True
MG,3122306,Divinópolis,Antônio Fonseca,antonio fonseca,-20.16077042,-44.87956238,brasil_aberto,True
MG,3122306,Divinópolis,Bairro da Luz,bairro da luz,-14.56738281,-42.94687271,brasil_aberto,True
MG,3122306,Divinópolis,Bela Vista,bela vista,-20.1681157,-44.9090594,brasil_aberto,True
MG,3122306,Divinópolis,Belo Vale,belo vale,-20.12476158,-44.92907715,brasil_aberto,True
MG,3122306,Divinópolis,Belvedere,belvedere,-20.1755444,-44.9122054,brasil_aberto,True
MG,3122306,Divinópolis,Belvedere II,belvedere ii,-20.17248535,-44.91004562,brasil_aberto,True
MG,3122306,Divinópolis,Bom Pastor,bom pastor,-20.1181202,-44.8902946,brasil_aberto,True
MG,3122306,Divinópolis,Campina Verde,campina verde,,,brasil_aberto,True
MG,3122306,Divinópolis,Casa Nova,casa nova,-20.15240288,-44.92630768,brasil_aberto,True
MG,3122306,Divinópolis,Catalão,catalao,-20.1588726,-44.9058876,brasil_aberto,True
MG,3122306,Divinópolis,Centro,centro,-20.1484185,-44.8967033,brasil_aberto,True
MG,3122306,Divinópolis,Chanadour,chanadour,-20.17847443,-44.91514587,brasil_aberto,True
MG,3122306,Divinópolis,Chácara Santa Rita,chacara santa rita,-19.32548904,-41.25643539,brasil_aberto,True
MG,3122306,Divinópolis,Chácaras Beira Rio,chacaras beira rio,-20.1229685,-44.8980498,brasil_aberto,True
MG,3122306,Divinópolis,Chácaras Belo Horizonte,chacaras belo horizonte,-20.1435294,-44.89040620000001,brasil_aberto,True
MG,3122306,Divinópolis,Chácaras Bom Retiro,chacaras bom retiro,-20.1356626,-44.8230586,brasil_aberto,True
MG,3122306,Divinópolis,Chácaras Campo Grande,chacaras campo grande,-20.35019302,-43.66959381,brasil_aberto,True
MG,3122306,Divinópolis,Chácaras Novo Horizonte,chacaras novo horizonte,-20.1435294,-44.89040620000001,brasil_aberto,True
MG,3122306,Divinópolis,Chácaras Sambeca-Núcleo Urbano Roseiras,chacaras sambeca-nucleo urbano roseiras,-20.10351562,-44.97166443,brasil_aberto,True
MG,3122306,Divinópolis,Chácaras Vale das Flores,chacaras vale das flores,-20.1435294,-44.89040620000001,brasil_aberto,True
MG,3122306,Divinópolis,Cidade Jardim,cidade jardim,-20.16638565,-44.88452148,brasil_aberto,True
MG,3122306,Divinópolis,Conjunto Habitacional Dom Cristiano,conjunto habitacional dom cristiano,-20.1509376,-44.8370985,brasil_aberto,True
MG,3122306,Divinópolis,Conjunto Habitacional Osvaldo Machado Gontijo,conjunto habitacional osvaldo machado gontijo,-20.139564,-44.8864208,brasil_aberto,True
MG,3122306,Divinópolis,Costa Azul,costa azul,-22.44480896,-45.45720291,brasil_aberto,True
MG,3122306,Divinópolis,Danilo Passos,danilo passos,-20.1211434,-44.8756349,brasil_aberto,True
MG,3122306,Divinópolis,Danilo Passos II,danilo passos ii,-20.12414932,-44.8726387,brasil_aberto,True
MG,3122306,Divinópolis,Das Oliveiras,das oliveiras,-20.10593987,-44.8789444,brasil_aberto,True
MG,3122306,Divinópolis,Davanuze,davanuze,-20.16430855,-44.85392761,brasil_aberto,True
MG,3122306,Divinópolis,Del-Rey,del-rey,-20.14076424,-44.8548317,brasil_aberto,True
MG,3122306,Divinópolis,Distrito Industrial Coronel Jovelino Rabelo,distrito industrial coronel jovelino rabelo,-20.11909103,-44.83335495,brasil_aberto,True
MG,3122306,Divinópolis,Do Carmo,do carmo,-20.1435294,-44.89040620000001,brasil_aberto,True
MG,3122306,Divinópolis,Dom Pedro II,dom pedro ii,-19.89240074,-43.8110466,brasil_aberto,True
MG,3122306,Divinópolis,Dona Ceci,dona ceci,-20.1345742,-44.8406847,brasil_aberto,True
MG,3122306,Divinópolis,Dona Quita,dona quita,-20.16704559,-44.86608505,brasil_aberto,True
MG,3122306,Divinópolis,Dona Rosa,dona rosa,-20.16909027,-44.85571671,brasil_aberto,True
MG,3122306,Divinópolis,Doutor José Thomaz,doutor jose thomaz,-20.13254738,-44.87756348,brasil_aberto,True
MG,3122306,Divinópolis,Dulphe Pinto de Aguiar,dulphe pinto de aguiar,-20.14004707,-44.92121506,brasil_aberto,True
MG,3122306,Divinópolis,Eldorado,eldorado,-19.63316154,-43.21566391,brasil_aberto,True
MG,3122306,Divinópolis,Esplanada,esplanada,-21.19228745,-43.97891998,brasil_aberto,True
MG,3122306,Divinópolis,Exposição,exposicao,-19.84341431,-43.96272659,brasil_aberto,True
MG,3122306,Divinópolis,Floramar,floramar,-20.12485123,-44.83143234,brasil_aberto,True
MG,3122306,Divinópolis,Floresta,floresta,-20.19614792,-44.94467926,brasil_aberto,True
MG,3122306,Divinópolis,Fábio Notini,fabio notini,-20.1744715,-44.8802916,brasil_aberto,True
MG,3122306,Divinópolis,Gafanhoto,gafanhoto,-20.47561073,-45.57271194,brasil_aberto,True
MG,3122306,Divinópolis,Geraldo Pereira,geraldo pereira,-20.18217087,-44.92264557,brasil_aberto,True
MG,3122306,Divinópolis,Grajaú,grajau,-20.14307594,-44.83694077,brasil_aberto,True
MG,3122306,Divinópolis,Halin Souki,halin souki,-15.47442913,-44.37429047,brasil_aberto,True
MG,3122306,Divinópolis,Heleno Ramos de Freitas,heleno ramos de freitas,-20.1734892,-44.8594807,brasil_aberto,True
MG,3122306,Divinópolis,III Prolongamento do Bairro Bom Pastor,iii prolongamento do bairro bom pastor,-20.1135366,-44.8774621,brasil_aberto,True
MG,3122306,Divinópolis,Icaraí,icarai,-20.12336349,-44.84906387,brasil_aberto,True
MG,3122306,Divinópolis,Industrial,industrial,-20.1267951,-44.8878512,brasil_aberto,True
MG,3122306,Divinópolis,Interlagos,interlagos,-20.1581192,-44.87677383,brasil_aberto,True
MG,3122306,Divinópolis,Ipanema,ipanema,-20.12277603,-44.90989685,brasil_aberto,True
MG,3122306,Divinópolis,Ipiranga,ipiranga,-20.14708328,-44.89815521,brasil_aberto,True
MG,3122306,Divinópolis,Itacolomi,itacolomi,-19.00187683,-43.52061081,brasil_aberto,True
MG,3122306,Divinópolis,Itaí,itai,-20.13846588,-44.86940002,brasil_aberto,True
MG,3122306,Divinópolis,Jardim Alterosa,jardim alterosa,-20.18446732,-44.91014862,brasil_aberto,True
MG,3122306,Divinópolis,Jardim Betânia,jardim betania,-20.17252159,-44.90637589,brasil_aberto,True
MG,3122306,Divinópolis,Jardim Brasília,jardim brasilia,-20.1310074,-44.8944334,brasil_aberto,True
MG,3122306,Divinópolis,Jardim Candelária,jardim candelaria,-20.10355377,-44.87648392,brasil_aberto,True
MG,3122306,Divinópolis,Jardim Candidés,jardim candides,-20.1292166,-44.8379696,brasil_aberto,True
MG,3122306,Divinópolis,Jardim Copacabana,jardim copacabana,-20.19586754,-44.91955185,brasil_aberto,True
MG,3122306,Divinópolis,Jardim Nova América,jardim nova america,-20.1478157,-44.89890671,brasil_aberto,True
MG,3122306,Divinópolis,Jardim Real,jardim real,-19.54524994,-40.62517548,brasil_aberto,True
MG,3122306,Divinópolis,Jardim das Acácias,jardim das acacias,-20.17856407,-44.92776108,brasil_aberto,True
MG,3122306,Divinópolis,Jardim das Mansões,jardim das mansoes,-20.11948395,-44.85975647,brasil_aberto,True
MG,3122306,Divinópolis,Jardinópolis,jardinopolis,-20.19384384,-44.93972397,brasil_aberto,True
MG,3122306,Divinópolis,João Antônio Gonçalves,joao antonio goncalves,-20.1599354,-44.8856503,brasil_aberto,True
MG,3122306,Divinópolis,João Paulo II,joao paulo ii,-20.19790077,-44.92315292,brasil_aberto,True
MG,3122306,Divinópolis,Juscelino Kubitschek,juscelino kubitschek,-20.2021499,-44.9218325,brasil_aberto,True
MG,3122306,Divinópolis,Juza Fonseca,juza fonseca,-20.17308617,-44.87203217,brasil_aberto,True
MG,3122306,Divinópolis,Levindo Paula Pereira,levindo paula pereira,-20.1322483,-44.9078183,brasil_aberto,True
MG,3122306,Divinópolis,Liberdade,liberdade,-20.1277523,-44.89699173,brasil_aberto,True
MG,3122306,Divinópolis,Mangabeiras,mangabeiras,-20.1515255,-44.86815262,brasil_aberto,True
MG,3122306,Divinópolis,Manoel Valinhas,manoel valinhas,-20.12573814,-44.87213516,brasil_aberto,True
MG,3122306,Divinópolis,Mar e Terra,mar e terra,-22.86700058,-48.44385529,brasil_aberto,True
MG,3122306,Divinópolis,Marajó,marajo,-20.04587173,-44.27194595,brasil_aberto,True
MG,3122306,Divinópolis,Maria Helena,maria helena,-20.15134239,-44.85797501,brasil_aberto,True
MG,3122306,Divinópolis,Maria Peçanha,maria pecanha,-20.185706,-44.8823336,brasil_aberto,True
MG,3122306,Divinópolis,Morada Nova,morada nova,-20.16640854,-44.91492081,brasil_aberto,True
MG,3122306,Divinópolis,Morumbi,morumbi,-20.1480071,-44.8389434,brasil_aberto,True
MG,3122306,Divinópolis,Nações,nacoes,-20.15663338,-44.86611557,brasil_aberto,True
MG,3122306,Divinópolis,Niterói,niteroi,-20.13879204,-44.87257004,brasil_aberto,True
MG,3122306,Divinópolis,Nossa Senhora da Conceição,nossa senhora da conceicao,-20.11608696,-44.89932632,brasil_aberto,True
MG,3122306,Divinópolis,Nossa Senhora das Graças,nossa senhora das gracas,-12.14941597,-44.991539,brasil_aberto,True
MG,3122306,Divinópolis,Nossa Senhora de Lourdes,nossa senhora de lourdes,-20.17145729,-44.87276459,brasil_aberto,True
MG,3122306,Divinópolis,Nova Fortaleza,nova fortaleza,-20.10860252,-44.90931702,brasil_aberto,True
MG,3122306,Divinópolis,Nova Holanda,nova holanda,-20.1733938,-44.883885,brasil_aberto,True
MG,3122306,Divinópolis,Nova Suíça,nova suica,-20.14900017,-44.84205627,brasil_aberto,True
MG,3122306,Divinópolis,Novo Paraíso,novo paraiso,-20.1746174,-44.8584428,brasil_aberto,True
MG,3122306,Divinópolis,Orion,orion,-20.13354111,-44.86704636,brasil_aberto,True
MG,3122306,Divinópolis,Pacaembu,pacaembu,-20.16287804,-44.91590118,brasil_aberto,True
MG,3122306,Divinópolis,Padre Eustáquio,padre eustaquio,-20.16987801,-44.8508873,brasil_aberto,True
MG,3122306,Divinópolis,Padre Herculano Yanes,padre herculano yanes,-20.14002228,-44.86607742,brasil_aberto,True
MG,3122306,Divinópolis,Padre Libério,padre liberio,-20.12378311,-44.8855629,brasil_aberto,True
MG,3122306,Divinópolis,Paraíso,paraiso,-20.17565346,-44.86988449,brasil_aberto,True
MG,3122306,Divinópolis,Parque Jardim Capitão Silva,parque jardim capitao silva,-20.11674309,-44.9054184,brasil_aberto,True
MG,3122306,Divinópolis,Planalto,planalto,-20.14308357,-44.9055481,brasil_aberto,True
MG,3122306,Divinópolis,Ponte Funda,ponte funda,-20.15693092,-44.86427307,brasil_aberto,True
MG,3122306,Divinópolis,Porto Velho,porto velho,-20.15026855,-44.88137054,brasil_aberto,True
MG,3122306,Divinópolis,Primavera,primavera,-20.13598251,-44.85457611,brasil_aberto,True
MG,3122306,Divinópolis,Prolongamento I do Bairro Manoel Valinhas,prolongamento i do bairro manoel valinhas,-20.1280012,-44.8704263,brasil_aberto,True
MG,3122306,Divinópolis,Quinta das Palmeiras,quinta das palmeiras,-20.1830883,-44.8828125,brasil_aberto,True
MG,3122306,Divinópolis,Quintino,quintino,-20.1159199,-44.9677999,brasil_aberto,True
MG,3122306,Divinópolis,Rancho Alegre,rancho alegre,,,brasil_aberto,True
MG,3122306,Divinópolis,Realengo,realengo,-20.18394089,-44.90061188,brasil_aberto,True
MG,3122306,Divinópolis,Residencial Altaville,residencial altaville,-20.1438337,-44.926319,brasil_aberto,True
MG,3122306,Divinópolis,Residencial Alto das Oliveiras,residencial alto das oliveiras,-20.10609627,-44.90399551,brasil_aberto,True
MG,3122306,Divinópolis,Residencial Castelo,residencial castelo,-20.17894745,-44.91128922,brasil_aberto,True
MG,3122306,Divinópolis,Residencial Doutor Walchir Resende Costa,residencial doutor walchir resende costa,-20.12533951,-44.9110527,brasil_aberto,True
MG,3122306,Divinópolis,Residencial Fonte Boa,residencial fonte boa,-20.10379791,-44.88046646,brasil_aberto,True
MG,3122306,Divinópolis,Residencial Lagoa Park,residencial lagoa park,-20.1646171,-44.8376684,brasil_aberto,True
MG,3122306,Divinópolis,Residencial Lagoa dos Mandarins,residencial lagoa dos mandarins,-20.11199379,-44.85359955,brasil_aberto,True
MG,3122306,Divinópolis,Residencial Mariza Pardini,residencial mariza pardini,-20.17568016,-44.85945511,brasil_aberto,True
MG,3122306,Divinópolis,Residencial Morumbi,residencial morumbi,-20.14765549,-44.8382225,brasil_aberto,True
MG,3122306,Divinópolis,Residencial São Frei Galvão,residencial sao frei galvao,-20.1430647,-44.8374384,brasil_aberto,True
MG,3122306,Divinópolis,Sagrada Família,sagrada familia,-20.1639161,-44.8501138,brasil_aberto,True
MG,3122306,Divinópolis,Santa Bárbara,santa barbara,-20.1580153,-44.8617474,brasil_aberto,True
MG,3122306,Divinópolis,Santa Clara,santa clara,-20.13721466,-44.88389969,brasil_aberto,True
MG,3122306,Divinópolis,Santa Luzia,santa luzia,-20.14851952,-44.90678406,brasil_aberto,True
MG,3122306,Divinópolis,Santa Lúcia,santa lucia,-20.16298866,-44.84020233,brasil_aberto,True
MG,3122306,Divinópolis,Santa Marta,santa marta,-20.10926628,-44.88272476,brasil_aberto,True
MG,3122306,Divinópolis,Santa Rosa,santa rosa,-18.89151764,-48.27859497,brasil_aberto,True
MG,3122306,Divinópolis,Santa Tereza,santa tereza,-20.16235733,-44.87472153,brasil_aberto,True
MG,3122306,Divinópolis,Santo André,santo andre,-20.1980009,-44.919095,brasil_aberto,True
MG,3122306,Divinópolis,Santo Antônio,santo antonio,-20.13979149,-44.90357208,brasil_aberto,True
MG,3122306,Divinópolis,Santo Antônio dos Campos,santo antonio dos campos,-20.1041584,-44.96793365,brasil_aberto,True
MG,3122306,Divinópolis,Santos Dumont,santos dumont,-20.1485841,-44.90162780000001,brasil_aberto,True
MG,3122306,Divinópolis,Serra Verde,serra verde,-20.10876656,-44.90552902,brasil_aberto,True
MG,3122306,Divinópolis,Sidil,sidil,-20.1368152,-44.8966295,brasil_aberto,True
MG,3122306,Divinópolis,São Bento,sao bento,-20.1492762,-44.8879388,brasil_aberto,True
MG,3122306,Divinópolis,São Caetano,sao caetano,-20.1163349,-44.846657,brasil_aberto,True
MG,3122306,Divinópolis,São Domingos,sao domingos,-20.19282913,-44.92007828,brasil_aberto,True
MG,3122306,Divinópolis,São Geraldo,sao geraldo,-20.13337898,-44.86260605,brasil_aberto,True
MG,3122306,Divinópolis,São José,sao jose,-20.1588726,-44.9058876,brasil_aberto,True
MG,3122306,Divinópolis,São João de Deus,sao joao de deus,-20.14351845,-44.87631989,brasil_aberto,True
MG,3122306,Divinópolis,São Judas Tadeu,sao judas tadeu,-20.17015457,-44.92088318,brasil_aberto,True
MG,3122306,Divinópolis,São Lucas,sao lucas,-20.135663,-44.8610736,brasil_aberto,True
MG,3122306,Divinópolis,São Luís,sao luis,-20.1449997,-44.8680112,brasil_aberto,True
MG,3122306,Divinópolis,São Miguel,sao miguel,-20.15863419,-44.90436172,brasil_aberto,True
MG,3122306,Divinópolis,São Paulo,sao paulo,-20.190521,-44.9218325,brasil_aberto,True
MG,3122306,Divinópolis,São Roque,sao roque,-20.1373528,-44.9184572,brasil_aberto,True
MG,3122306,Divinópolis,São Sebastião,sao sebastiao,-20.1290744,-44.8930612,brasil_aberto,True
MG,3122306,Divinópolis,São Simão,sao simao,-20.14002228,-44.86607742,brasil_aberto,True
MG,3122306,Divinópolis,Terra Azul,terra azul,-20.18911552,-44.88553619,brasil_aberto,True
MG,3122306,Divinópolis,Tietê,tiete,-20.14692116,-44.91080856,brasil_aberto,True
MG,3122306,Divinópolis,Universitário,universitario,-20.13246918,-44.87059784,brasil_aberto,True
MG,3122306,Divinópolis,Vale do Sol,vale do sol,-20.1599621,-44.9360966,brasil_aberto,True
MG,3122306,Divinópolis,Vila Belo Horizonte,vila belo horizonte,-20.1478159,-44.898905,brasil_aberto,True
MG,3122306,Divinópolis,Vila Castelo,vila castelo,-3.1865139,-52.21416855,brasil_aberto,True
MG,3122306,Divinópolis,Vila Cruzeiro,vila cruzeiro,-20.13555336,-44.89149094,brasil_aberto,True
MG,3122306,Divinópolis,Vila Espírito Santo,vila espirito santo,-23.59458351,-46.69103622,brasil_aberto,True
MG,3122306,Divinópolis,Vila Minas Gerais,vila minas gerais,-20.1435294,-44.89040620000001,brasil_aberto,True
MG,3122306,Divinópolis,Vila Rica,vila rica,-18.84474373,-41.93886948,brasil_aberto,True
MG,3122306,Divinópolis,Vila Romana,vila romana,-20.1124423,-44.8704604,brasil_aberto,True
MG,3122306,Divinópolis,Vila das Roseiras,vila das roseiras,-20.17089081,-44.85527039,brasil_aberto,True
MG,3122306,Divinópolis,Vivendas da Exposição,vivendas da exposicao,-20.19106865,-44.91399765,brasil_aberto,True
MG,3122306,Divinópolis,Xavante,xavante,-20.47561073,-45.57271194,brasil_aberto,True
MG,3122306,Divinópolis,Área Rural de Divinópolis,area rural de divinopolis,-20.1435294,-44.89040620000001,brasil_aberto,True
MG,3122355,Divisa Alegre,Centro,centro,-15.72001362,-41.34124374,brasil_aberto,True
MG,3122405,Divisa Nova,Centro,centro,-21.0162936,-46.74184289999999,brasil_aberto,True
MG,3122454,Divisópolis,Alvorada,alvorada,-15.7168226,-41.013338,brasil_aberto,True
MG,3122470,Dom Bosco,Centro,centro,-16.65146065,-46.26934814,brasil_aberto,True
MG,3122504,Dom Cavati,Centro,centro,-19.37657356,-42.10712433,brasil_aberto,True
MG,3122603,Dom Joaquim,Centro,centro,-18.9665432,-43.25553131,brasil_aberto,True
MG,3122603,Dom Joaquim,Gororós,gororos,-18.80537796,-43.2361145,brasil_aberto,True
MG,3122702,Dom Silvério,Centro,centro,-20.1622442,-42.9669648,brasil_aberto,True
MG,3122801,Dom Viçoso,Centro,centro,-22.2535084,-45.1620316,brasil_aberto,True
MG,3122900,Dona Euzébia,Centro,centro,-21.31612778,-42.8133812,brasil_aberto,True
MG,3122900,Dona Euzébia,São Manoel do Guaiaçu,sao manoel do guaiacu,-21.34567261,-42.8320961,brasil_aberto,True
MG,3123007,Dores de Campos,Centro,centro,-21.1112401,-44.02313729999999,brasil_aberto,True
MG,3123106,Dores de Guanhães,Centro,centro,-18.85486603,-41.94869614,brasil_aberto,True
MG,3123205,Dores do Indaiá,Centro,centro,-19.4622901,-45.6014304,brasil_aberto,True
MG,3123304,Dores do Turvo,Centro,centro,-19.84751129,-43.94115067,brasil_aberto,True
MG,3123403,Doresópolis,Centro,centro,-19.86561012,-42.96728516,brasil_aberto,True
MG,3123502,Douradoquara,Centro,centro,-18.43281937,-47.60906219,brasil_aberto,True
MG,3123528,Durandé,Centro,centro,-20.20335197,-41.79929733,brasil_aberto,True
MG,3123528,Durandé,São José da Figueira,sao jose da figueira,-20.15390587,-41.85240936,brasil_aberto,True
MG,3123601,Elói Mendes,Centro,centro,-21.6081193,-45.564507,brasil_aberto,True
MG,3123700,Engenheiro Caldas,Centro,centro,-19.19888878,-42.04616547,brasil_aberto,True
MG,3123700,Engenheiro Caldas,Divino do Traíra,divino do traira,-19.12488747,-41.98906326,brasil_aberto,True
MG,3123700,Engenheiro Caldas,São José do Acácio,sao jose do acacio,-19.0520916,-42.0220875,brasil_aberto,True
MG,3123809,Engenheiro Navarro,Centro,centro,-17.28443527,-43.94878387,brasil_aberto,True
MG,3123809,Engenheiro Navarro,São Norberto,sao norberto,-17.3085558,-43.8891298,brasil_aberto,True
MG,3123858,Entre Folhas,Centro,centro,-19.62740707,-42.23098755,brasil_aberto,True
MG,3123908,Entre Rios de Minas,Castro,castro,-19.76280212,-44.0012207,brasil_aberto,True
MG,3123908,Entre Rios de Minas,Centro,centro,-20.66991997,-44.06560898,brasil_aberto,True
MG,3123908,Entre Rios de Minas,Serra do Camapuã,serra do camapua,-20.76855469,-44.00577164,brasil_aberto,True
MG,3124005,Ervália,Centro,centro,-20.83828926,-42.65559387,brasil_aberto,True
MG,3124104,Esmeraldas,Alexandria,alexandria,-19.75820351,-44.16664886,brasil_aberto,True
MG,3124104,Esmeraldas,Amarillys,amarillys,-19.8267183,-44.2092772,brasil_aberto,True
MG,3124104,Esmeraldas,Andiroba (Andiroba),andiroba (andiroba),-19.65394592,-44.22681427,brasil_aberto,True
MG,3124104,Esmeraldas,Bambus,bambus,-19.8010542,-44.150073,brasil_aberto,True
MG,3124104,Esmeraldas,Bandeirantes,bandeirantes,-19.86849403,-43.9179306,brasil_aberto,True
MG,3124104,Esmeraldas,Beira Córrego,beira corrego,-19.93211555,-43.98479843,brasil_aberto,True
MG,3124104,Esmeraldas,Belvedere,belvedere,-19.76495171,-44.31124115,brasil_aberto,True
MG,3124104,Esmeraldas,Boa Vista,boa vista,-19.89359283,-43.90364456,brasil_aberto,True
MG,3124104,Esmeraldas,Bosque do Ipê - Clube dos 200 (Melo Viana),bosque do ipe - clube dos 200 (melo viana),-19.71398544,-44.14200974,brasil_aberto,True
MG,3124104,Esmeraldas,Cachoeirinha,cachoeirinha,-19.7153337,-44.142652,brasil_aberto,True
MG,3124104,Esmeraldas,Caio Martins,caio martins,-19.8362174,-44.1681416,brasil_aberto,True
MG,3124104,Esmeraldas,Cancelinha,cancelinha,-19.74886131,-44.30768585,brasil_aberto,True
MG,3124104,Esmeraldas,Caracóis de Baixo,caracois de baixo,-19.7629932,-44.2402932,brasil_aberto,True
MG,3124104,Esmeraldas,Caracóis de Cima,caracois de cima,-19.76361465,-44.31638718,brasil_aberto,True
MG,3124104,Esmeraldas,Centro,centro,-19.7589097,-44.3147372,brasil_aberto,True
MG,3124104,Esmeraldas,Chácaras das Esmeraldas,chacaras das esmeraldas,-19.8164885,-44.2170252,brasil_aberto,True
MG,3124104,Esmeraldas,Cidade Jardim,cidade jardim,-19.8097298,-44.2873019,brasil_aberto,True
MG,3124104,Esmeraldas,Condomínio Aldeias do Lago (Melo Viana),condominio aldeias do lago (melo viana),-19.7288069,-44.1849528,brasil_aberto,True
MG,3124104,Esmeraldas,Condomínio Belvedere,condominio belvedere,-19.76529503,-44.30915833,brasil_aberto,True
MG,3124104,Esmeraldas,Condomínio Nossa Fazenda,condominio nossa fazenda,-19.77436066,-44.14689636,brasil_aberto,True
MG,3124104,Esmeraldas,Condomínio Quintas das Esmeraldas (Melo Viana),condominio quintas das esmeraldas (melo viana),-19.69452286,-44.17734146,brasil_aberto,True
MG,3124104,Esmeraldas,Condomínio Topázio,condominio topazio,-19.8165722,-44.2056136,brasil_aberto,True
MG,3124104,Esmeraldas,Condomínio Turmalinas,condominio turmalinas,-19.82474327,-44.19546509,brasil_aberto,True
MG,3124104,Esmeraldas,Condomínio Vivendas Cambui (Melo Viana),condominio vivendas cambui (melo viana),-19.7005642,-44.1741588,brasil_aberto,True
MG,3124104,Esmeraldas,Conjunto Habitacional Castelo Branco,conjunto habitacional castelo branco,-19.7522508,-44.3076214,brasil_aberto,True
MG,3124104,Esmeraldas,Conjunto Habitacional Joséfina Lucas Muniz,conjunto habitacional josefina lucas muniz,-19.7885704,-44.3155365,brasil_aberto,True
MG,3124104,Esmeraldas,Corcovado (Melo Viana),corcovado (melo viana),-19.7278784,-44.2079779,brasil_aberto,True
MG,3124104,Esmeraldas,Dona Guilhermina,dona guilhermina,-19.77130318,-44.30442429,brasil_aberto,True
MG,3124104,Esmeraldas,Dumaville,dumaville,-19.8074783,-44.3068207,brasil_aberto,True
MG,3124104,Esmeraldas,Ecovila Tijuco (Melo Viana),ecovila tijuco (melo viana),-19.7098848,-44.1798935,brasil_aberto,True
MG,3124104,Esmeraldas,Encontro das Águas,encontro das aguas,-19.04616165,-44.70259476,brasil_aberto,True
MG,3124104,Esmeraldas,Fazenda Passa Tempo (Andiroba),fazenda passa tempo (andiroba),-19.8308949,-44.1782009,brasil_aberto,True
MG,3124104,Esmeraldas,Fernão Dias,fernao dias,-19.7715155,-44.3034387,brasil_aberto,True
MG,3124104,Esmeraldas,Floresta Encantada,floresta encantada,-19.7803688,-44.181633,brasil_aberto,True
MG,3124104,Esmeraldas,Flórida (Melo Viana),florida (melo viana),-19.7332366,-44.1613368,brasil_aberto,True
MG,3124104,Esmeraldas,Goiabeiras (Melo Viana),goiabeiras (melo viana),-19.7056663,-44.2143756,brasil_aberto,True
MG,3124104,Esmeraldas,Granja Jardim Flamboyant (Melo Viana),granja jardim flamboyant (melo viana),-19.6999005,-44.1793889,brasil_aberto,True
MG,3124104,Esmeraldas,Itaporã,itapora,-19.7609831,-44.3138417,brasil_aberto,True
MG,3124104,Esmeraldas,Jardim das Oliveiras (Melo Viana),jardim das oliveiras (melo viana),-19.70968056,-44.16194153,brasil_aberto,True
MG,3124104,Esmeraldas,Jardim dos Bandeirantes (Melo Viana),jardim dos bandeirantes (melo viana),-19.7376546,-44.1837591,brasil_aberto,True
MG,3124104,Esmeraldas,Jardim dos Coqueirais (Melo Viana),jardim dos coqueirais (melo viana),-19.6973712,-44.1716939,brasil_aberto,True
MG,3124104,Esmeraldas,Jardim dos Coqueirais 2 (Melo Viana),jardim dos coqueirais 2 (melo viana),-19.8021889,-44.2220949,brasil_aberto,True
MG,3124104,Esmeraldas,Los Angeles (Melo Viana),los angeles (melo viana),-19.6816791,-44.1825521,brasil_aberto,True
MG,3124104,Esmeraldas,Manga (Melo Viana),manga (melo viana),-19.68645096,-44.1728363,brasil_aberto,True
MG,3124104,Esmeraldas,Medeiros,medeiros,-19.99551582,-46.22076797,brasil_aberto,True
MG,3124104,Esmeraldas,Mediterrâneo (Melo Viana),mediterraneo (melo viana),-19.6913134,-44.1804285,brasil_aberto,True
MG,3124104,Esmeraldas,Melo Viana (Melo Viana),melo viana (melo viana),-19.7293759,-44.1512586,brasil_aberto,True
MG,3124104,Esmeraldas,Mirante do Palmital (Melo Viana),mirante do palmital (melo viana),-19.70917511,-44.18261719,brasil_aberto,True
MG,3124104,Esmeraldas,Monte Sinai,monte sinai,-19.84404564,-44.14883804,brasil_aberto,True
MG,3124104,Esmeraldas,Moradas Santa Quitéria,moradas santa quiteria,-18.49916267,-45.5510025,brasil_aberto,True
MG,3124104,Esmeraldas,Nova Esmeraldas,nova esmeraldas,-19.78876305,-44.31182098,brasil_aberto,True
MG,3124104,Esmeraldas,Novo Retiro,novo retiro,-19.82959747,-44.17207718,brasil_aberto,True
MG,3124104,Esmeraldas,Padre João,padre joao,-19.8987358,-44.3405269,brasil_aberto,True
MG,3124104,Esmeraldas,Parque Girassol,parque girassol,-19.8194236,-44.3052428,brasil_aberto,True
MG,3124104,Esmeraldas,Parque Industrial de Esmeraldas,parque industrial de esmeraldas,-19.7775034,-44.3129636,brasil_aberto,True
MG,3124104,Esmeraldas,Parque Jardim Baroni (Melo Viana),parque jardim baroni (melo viana),-19.7330941,-44.1507408,brasil_aberto,True
MG,3124104,Esmeraldas,Parque Lagoa das Flores,parque lagoa das flores,-19.6621423,-44.2306611,brasil_aberto,True
MG,3124104,Esmeraldas,Parque Novo Ceasa (Melo Viana),parque novo ceasa (melo viana),-19.7330941,-44.1507408,brasil_aberto,True
MG,3124104,Esmeraldas,Parque Novo Oriente (Melo Viana),parque novo oriente (melo viana),-19.7025623,-44.178663,brasil_aberto,True
MG,3124104,Esmeraldas,Parque do Sabiá (Melo Viana),parque do sabia (melo viana),-19.7376546,-44.1837591,brasil_aberto,True
MG,3124104,Esmeraldas,Porteira de Chaves,porteira de chaves,-19.6622017,-44.413419,brasil_aberto,True
MG,3124104,Esmeraldas,Pousada dos Bandeirantes,pousada dos bandeirantes,-20.38797569,-43.50239563,brasil_aberto,True
MG,3124104,Esmeraldas,Pousadas do Lago,pousadas do lago,-19.8098365,-44.3194784,brasil_aberto,True
MG,3124104,Esmeraldas,Quintas São José (Melo Viana),quintas sao jose (melo viana),-18.6064949,-43.39416504,brasil_aberto,True
MG,3124104,Esmeraldas,Recanto Verde,recanto verde,-19.77180672,-44.16117096,brasil_aberto,True
MG,3124104,Esmeraldas,Recanto Verde II,recanto verde ii,-19.8170284,-44.1613846,brasil_aberto,True
MG,3124104,Esmeraldas,Recanto da Floresta,recanto da floresta,-20.07089233,-41.56340408,brasil_aberto,True
MG,3124104,Esmeraldas,Recanto da Mata,recanto da mata,-19.79396629,-44.13804626,brasil_aberto,True
MG,3124104,Esmeraldas,Recanto da Serra,recanto da serra,-19.94102669,-44.39263535,brasil_aberto,True
MG,3124104,Esmeraldas,Recanto do Eldorado,recanto do eldorado,-16.6859147,-43.8780671,brasil_aberto,True
MG,3124104,Esmeraldas,Recreio,recreio,-19.49199867,-41.05697632,brasil_aberto,True
MG,3124104,Esmeraldas,Recreio do Retiro,recreio do retiro,-19.82015228,-44.1502037,brasil_aberto,True
MG,3124104,Esmeraldas,Recreio do Tijuco (Melo Viana),recreio do tijuco (melo viana),-19.7098848,-44.1798935,brasil_aberto,True
MG,3124104,Esmeraldas,Recreio dos Bandeirantes (Melo Viana),recreio dos bandeirantes (melo viana),-23.0178705,-43.4647479,brasil_aberto,True
MG,3124104,Esmeraldas,Redentor (Melo Viana),redentor (melo viana),-19.7329932,-44.1496042,brasil_aberto,True
MG,3124104,Esmeraldas,Refúgio dos Tropeiros 2,refugio dos tropeiros 2,-19.7611084,-44.31386566,brasil_aberto,True
MG,3124104,Esmeraldas,Refúgio dos Tropeiros 3,refugio dos tropeiros 3,-19.7613052,-44.3128801,brasil_aberto,True
MG,3124104,Esmeraldas,Residencial Caio Martins,residencial caio martins,-19.85928726,-44.31056213,brasil_aberto,True
MG,3124104,Esmeraldas,Residencial Maceió,residencial maceio,-9.6660417,-35.7352167,brasil_aberto,True
MG,3124104,Esmeraldas,Retiro,retiro,-19.83311844,-44.1687851,brasil_aberto,True
MG,3124104,Esmeraldas,Retiro das Esmeraldas (Melo Viana),retiro das esmeraldas (melo viana),-19.70559692,-44.22240448,brasil_aberto,True
MG,3124104,Esmeraldas,Santa Cecília,santa cecilia,-19.95474625,-43.99245071,brasil_aberto,True
MG,3124104,Esmeraldas,Saracura,saracura,-19.813591,-44.29243088,brasil_aberto,True
MG,3124104,Esmeraldas,Serra Verde,serra verde,-19.84404564,-44.14883804,brasil_aberto,True
MG,3124104,Esmeraldas,Serra Verde II,serra verde ii,-19.83693695,-44.1574707,brasil_aberto,True
MG,3124104,Esmeraldas,Silvéria de Oliveira Costa,silveria de oliveira costa,-19.7621876,-44.3171338,brasil_aberto,True
MG,3124104,Esmeraldas,Solar das Palmeiras (Melo Viana),solar das palmeiras (melo viana),-19.7453689,-44.1404319,brasil_aberto,True
MG,3124104,Esmeraldas,São Francisco de Assis,sao francisco de assis,-19.7625688,-44.3116282,brasil_aberto,True
MG,3124104,Esmeraldas,São José,sao jose,-19.7685516,-44.3154691,brasil_aberto,True
MG,3124104,Esmeraldas,São Pedro,sao pedro,-19.78427505,-44.1567688,brasil_aberto,True
MG,3124104,Esmeraldas,Tijuco (Melo Viana),tijuco (melo viana),-19.7287442,-44.1537809,brasil_aberto,True
MG,3124104,Esmeraldas,Tropeiros,tropeiros,-19.76115036,-44.31268692,brasil_aberto,True
MG,3124104,Esmeraldas,Urucuia,urucuia,-16.12574005,-45.74095535,brasil_aberto,True
MG,3124104,Esmeraldas,Vale Bom Jesus (Andiroba),vale bom jesus (andiroba),-19.60191727,-44.24547958,brasil_aberto,True
MG,3124104,Esmeraldas,Vale das Esmeraldas 1 (Melo Viana),vale das esmeraldas 1 (melo viana),-19.7835413,-44.1602651,brasil_aberto,True
MG,3124104,Esmeraldas,Vale das Esmeraldas 2 (Melo Viana),vale das esmeraldas 2 (melo viana),-19.6841463,-44.1819443,brasil_aberto,True
MG,3124104,Esmeraldas,Vale das Esmeraldas 3 (Melo Viana),vale das esmeraldas 3 (melo viana),-19.7321404,-44.1571915,brasil_aberto,True
MG,3124104,Esmeraldas,Vale das Graças,vale das gracas,-19.7786529,-44.2451228,brasil_aberto,True
MG,3124104,Esmeraldas,Vale do Ipê Amarelo (Melo Viana),vale do ipe amarelo (melo viana),-19.7078685,-44.1452332,brasil_aberto,True
MG,3124104,Esmeraldas,Vale do Palmital (Melo Viana),vale do palmital (melo viana),,,brasil_aberto,True
MG,3124104,Esmeraldas,Vale do Palmital 2 (Melo Viana),vale do palmital 2 (melo viana),-19.780653,-44.18801498,brasil_aberto,True
MG,3124104,Esmeraldas,Vargem Bento da Costa,vargem bento da costa,-19.6917305,-44.18122101,brasil_aberto,True
MG,3124104,Esmeraldas,Vianinha (Melo Viana),vianinha (melo viana),-19.6955049,-44.1972128,brasil_aberto,True
MG,3124104,Esmeraldas,Vila Esmeraldas,vila esmeraldas,-19.83736801,-44.15733337,brasil_aberto,True
MG,3124104,Esmeraldas,Vista Alegre,vista alegre,-19.7876502,-44.3139322,brasil_aberto,True
MG,3124104,Esmeraldas,Vivendas Barbosa (Melo Viana),vivendas barbosa (melo viana),-19.71180344,-44.16293335,brasil_aberto,True
MG,3124104,Esmeraldas,Várzea da Lagoa (Andiroba),varzea da lagoa (andiroba),-19.73108101,-44.15214157,brasil_aberto,True
MG,3124104,Esmeraldas,Área Rural de Andiroba,area rural de andiroba,-19.6566058,-44.2291661,brasil_aberto,True
MG,3124104,Esmeraldas,Área Rural de Esmeraldas,area rural de esmeraldas,-19.6621423,-44.2306611,brasil_aberto,True
MG,3124104,Esmeraldas,Área Rural de Melo Viana,area rural de melo viana,-19.7293759,-44.1512586,brasil_aberto,True
MG,3124203,Espera Feliz,Centro,centro,-20.65317154,-41.91101074,brasil_aberto,True
MG,3124203,Espera Feliz,São José da Pedra Menina,sao jose da pedra menina,-20.56940269,-41.83783722,brasil_aberto,True
MG,3124302,Espinosa,Centro,centro,-14.924641,-42.8170829,brasil_aberto,True
MG,3124302,Espinosa,Itamirim,itamirim,-14.77293015,-42.88511276,brasil_aberto,True
MG,3124401,Espírito Santo do Dourado,Centro,centro,-22.04602432,-45.9513588,brasil_aberto,True
MG,3124500,Estiva,Centro,centro,-22.46544075,-46.01622772,brasil_aberto,True
MG,3124500,Estiva,Pântano,pantano,-18.55979156,-46.81597137,brasil_aberto,True
MG,3124609,Estrela Dalva,Centro,centro,-21.74351311,-42.46114349,brasil_aberto,True
MG,3124609,Estrela Dalva,Água Viva,agua viva,-21.67745209,-42.5447464,brasil_aberto,True
MG,3124708,Estrela do Indaiá,Baú,bau,-19.6521422,-45.7710559,brasil_aberto,True
MG,3124708,Estrela do Indaiá,Centro,centro,-19.5231307,-45.7869053,brasil_aberto,True
MG,3124807,Estrela do Sul,Centro,centro,-18.7428676,-47.6920696,brasil_aberto,True
MG,3124807,Estrela do Sul,Chapada de Minas,chapada de minas,-18.5971861,-47.6381746,brasil_aberto,True
MG,3124807,Estrela do Sul,Dolearina,dolearina,-18.696534,-47.7978511,brasil_aberto,True
MG,3124807,Estrela do Sul,Santa Rita da Estrela,santa rita da estrela,-18.7318306,-47.69678879,brasil_aberto,True
MG,3124906,Eugenópolis,Centro,centro,-21.09741592,-42.18342209,brasil_aberto,True
MG,3124906,Eugenópolis,Gavião,gaviao,-20.92351913,-42.25609207,brasil_aberto,True
MG,3124906,Eugenópolis,Pinhotiba,pinhotiba,-20.97071648,-42.18119812,brasil_aberto,True
MG,3125002,Ewbank da Câmara,Centro,centro,-21.55084038,-43.50915527,brasil_aberto,True
MG,3125101,Extrema,Bairro dos Pires,bairro dos pires,-22.8691548,-46.3575382,brasil_aberto,True
MG,3125101,Extrema,Centro,centro,-22.8610256,-46.3230462,brasil_aberto,True
MG,3125101,Extrema,Distrito Industrial Pires,distrito industrial pires,-22.8734623,-46.3482591,brasil_aberto,True
MG,3125101,Extrema,Distrito Industrial Vargem do João Pinto,distrito industrial vargem do joao pinto,-22.8354649,-46.3344721,brasil_aberto,True
MG,3125101,Extrema,Distrito Industrial dos Pires,distrito industrial dos pires,,,brasil_aberto,True
MG,3125101,Extrema,Jardim Nova Extrema,jardim nova extrema,,,brasil_aberto,True
MG,3125101,Extrema,Jardim Santa Cruz,jardim santa cruz,,,brasil_aberto,True
MG,3125101,Extrema,Mirante do Lago,mirante do lago,,,brasil_aberto,True
MG,3125101,Extrema,Morro Grande,morro grande,-22.855274,-46.3024797,brasil_aberto,True
MG,3125101,Extrema,Pedacinho do Céu,pedacinho do ceu,,,brasil_aberto,True
MG,3125101,Extrema,Pessegueiros,pessegueiros,,,brasil_aberto,True
MG,3125101,Extrema,Ponte Alta,ponte alta,-22.8447966,-46.328423,brasil_aberto,True
MG,3125101,Extrema,Ponte Nova,ponte nova,-22.8325754,-46.3219428,brasil_aberto,True
MG,3125101,Extrema,Rodeio,rodeio,-22.8192653,-46.2911511,brasil_aberto,True
MG,3125101,Extrema,Santa Lúcia,santa lucia,,,brasil_aberto,True
MG,3125101,Extrema,Tenentes,tenentes,-22.8079912,-46.3255263,brasil_aberto,True
MG,3125101,Extrema,Vila Esperança,vila esperanca,-22.8625741,-46.3264894,brasil_aberto,True
MG,3125101,Extrema,Vila Rica,vila rica,-22.8538498,-46.3042238,brasil_aberto,True
MG,3125200,Fama,Centro,centro,-21.4070741,-45.8299119,brasil_aberto,True
MG,3125309,Faria Lemos,Centro,centro,-20.80684471,-42.01066971,brasil_aberto,True
MG,3125606,Felisburgo,Centro,centro,-16.640997,-40.7578261,brasil_aberto,True
MG,3125705,Felixlândia,Centro,centro,-18.75713348,-44.89979553,brasil_aberto,True
MG,3125705,Felixlândia,São José do Buriti,sao jose do buriti,-18.7111224,-45.1555498,brasil_aberto,True
MG,3125408,Felício dos Santos,Centro,centro,-18.24703979,-43.60157394,brasil_aberto,True
MG,3125804,Fernandes Tourinho,Centro,centro,-19.15218353,-42.0813942,brasil_aberto,True
MG,3125804,Fernandes Tourinho,Senhora da Penha,senhora da penha,-19.10329056,-42.14587402,brasil_aberto,True
MG,3125903,Ferros,Borba Gato,borba gato,-19.13031197,-43.00317001,brasil_aberto,True
MG,3125903,Ferros,Celeste,celeste,-19.2297053,-43.0218296,brasil_aberto,True
MG,3125903,Ferros,Cubas,cubas,-19.28803825,-42.79146576,brasil_aberto,True
MG,3125903,Ferros,Esmeraldas de Ferros,esmeraldas de ferros,-19.33111763,-42.8780365,brasil_aberto,True
MG,3125903,Ferros,Santa Rita do Rio do Peixe,santa rita do rio do peixe,-19.1367836,-43.16004181,brasil_aberto,True
MG,3125903,Ferros,Santo Antônio da Fortaleza,santo antonio da fortaleza,-19.16518211,-42.89474487,brasil_aberto,True
MG,3125903,Ferros,Sete Cachoeiras,sete cachoeiras,-19.22216988,-42.87755585,brasil_aberto,True
MG,3125952,Fervedouro,Bom Jesus do Madeira,bom jesus do madeira,-20.72392273,-42.42319489,brasil_aberto,True
MG,3125952,Fervedouro,Centro,centro,-20.72776604,-42.27891922,brasil_aberto,True
MG,3125952,Fervedouro,São Pedro do Glória,sao pedro do gloria,-20.70892334,-42.36907959,brasil_aberto,True
MG,3126000,Florestal,Centro,centro,-19.8868423,-44.4334648,brasil_aberto,True
MG,3126109,Formiga,Albertos,albertos,-20.57323837,-45.49295044,brasil_aberto,True
MG,3126109,Formiga,Alto da Praia,alto da praia,-20.4831192,-45.4330965,brasil_aberto,True
MG,3126109,Formiga,Alto dos Pinheiros,alto dos pinheiros,-19.94164658,-43.92677307,brasil_aberto,True
MG,3126109,Formiga,Alvorada,alvorada,-20.4759627,-45.4298259,brasil_aberto,True
MG,3126109,Formiga,Areias Brancas,areias brancas,-20.4670275,-45.4361439,brasil_aberto,True
MG,3126109,Formiga,Baiões,baioes,-20.61209869,-45.32502747,brasil_aberto,True
MG,3126109,Formiga,Balbino Ribeiro da Silva,balbino ribeiro da silva,-20.59235573,-45.48748779,brasil_aberto,True
MG,3126109,Formiga,Beira Rio,beira rio,-20.460665,-45.4280811,brasil_aberto,True
MG,3126109,Formiga,Bela Vista,bela vista,-20.467335,-45.4361719,brasil_aberto,True
MG,3126109,Formiga,Belvedere,belvedere,-20.4534246,-45.4381532,brasil_aberto,True
MG,3126109,Formiga,Boa Esperança,boa esperanca,-21.09280777,-45.56283951,brasil_aberto,True
MG,3126109,Formiga,Centenário,centenario,-20.46926,-45.4347978,brasil_aberto,True
MG,3126109,Formiga,Centro,centro,-21.75894547,-43.35028839,brasil_aberto,True
MG,3126109,Formiga,Cidade Nova,cidade nova,-20.4382719,-45.4302517,brasil_aberto,True
MG,3126109,Formiga,Cidade da Serra,cidade da serra,-20.4505902,-45.4272615,brasil_aberto,True
MG,3126109,Formiga,Condomínio Morada do Sol,condominio morada do sol,-20.46924019,-45.43715668,brasil_aberto,True
MG,3126109,Formiga,Del Rey,del rey,-20.4586256,-45.4481575,brasil_aberto,True
MG,3126109,Formiga,Distrito Empresarial D'Carlos,distrito empresarial d'carlos,-20.42908669,-45.44632721,brasil_aberto,True
MG,3126109,Formiga,Distrito Industrial Myrtô Albergaria Pieroni,distrito industrial myrto albergaria pieroni,,,brasil_aberto,True
MG,3126109,Formiga,Distrito Industrial Vereador José Luiz Andrade,distrito industrial vereador jose luiz andrade,-20.43357658,-45.4120369,brasil_aberto,True
MG,3126109,Formiga,Distrito Industrial Vereador José Luiz Andrade II,distrito industrial vereador jose luiz andrade ii,-20.43357658,-45.4120369,brasil_aberto,True
MG,3126109,Formiga,Dom Couto,dom couto,-20.5017412,-45.434141,brasil_aberto,True
MG,3126109,Formiga,Eldorado,eldorado,-20.45338249,-45.43414307,brasil_aberto,True
MG,3126109,Formiga,Ercio Rocha,ercio rocha,-20.49797249,-45.43318558,brasil_aberto,True
MG,3126109,Formiga,Esplanada do Castelo,esplanada do castelo,-20.4483447,-45.4353807,brasil_aberto,True
MG,3126109,Formiga,Furnastur,furnastur,-20.5438806,-45.6152851,brasil_aberto,True
MG,3126109,Formiga,Geraldo Veloso,geraldo veloso,-20.5042682,-45.4288831,brasil_aberto,True
MG,3126109,Formiga,Industrial,industrial,-20.4554886,-45.4502848,brasil_aberto,True
MG,3126109,Formiga,Jardim Alvorada,jardim alvorada,-21.3071556,-46.7357609,brasil_aberto,True
MG,3126109,Formiga,Jardim América,jardim america,-20.4649336,-45.42628,brasil_aberto,True
MG,3126109,Formiga,Jardim Elza Dinorah,jardim elza dinorah,-20.45093918,-45.43567276,brasil_aberto,True
MG,3126109,Formiga,Jardim Guanabara,jardim guanabara,-20.4578929,-45.4141146,brasil_aberto,True
MG,3126109,Formiga,Jardim Minas Gerais,jardim minas gerais,-20.45269775,-45.42626572,brasil_aberto,True
MG,3126109,Formiga,Jardim Montanhez,jardim montanhez,-19.9061312,-43.9837151,brasil_aberto,True
MG,3126109,Formiga,Jardim Morumbi,jardim morumbi,-20.4932193,-45.4384097,brasil_aberto,True
MG,3126109,Formiga,Jardim Primavera,jardim primavera,-20.47528076,-45.41755295,brasil_aberto,True
MG,3126109,Formiga,Jardim das Acácias,jardim das acacias,-20.4799005,-45.4219414,brasil_aberto,True
MG,3126109,Formiga,José Honorato de Castro,jose honorato de castro,-20.4738795,-45.4162727,brasil_aberto,True
MG,3126109,Formiga,Lagoa do Fundão,lagoa do fundao,-20.48527336,-45.43648911,brasil_aberto,True
MG,3126109,Formiga,Leal,leal,-20.4536921,-45.4236979,brasil_aberto,True
MG,3126109,Formiga,Mangabeiras,mangabeiras,-20.45099831,-45.4527626,brasil_aberto,True
MG,3126109,Formiga,Maringá,maringa,-20.4377621,-45.4513804,brasil_aberto,True
MG,3126109,Formiga,Moradas do Engenho,moradas do engenho,-20.4527649,-45.4292899,brasil_aberto,True
MG,3126109,Formiga,Nossa Senhora Aparecida,nossa senhora aparecida,-20.4549665,-45.4451254,brasil_aberto,True
MG,3126109,Formiga,Nossa Senhora de Lourdes,nossa senhora de lourdes,-20.4745231,-45.4206919,brasil_aberto,True
MG,3126109,Formiga,Nova Conquista,nova conquista,-19.7688336,-43.9275823,brasil_aberto,True
MG,3126109,Formiga,Nova Vista,nova vista,-20.49698,-45.4323412,brasil_aberto,True
MG,3126109,Formiga,Novo Horizonte,novo horizonte,-20.4620338,-45.451884,brasil_aberto,True
MG,3126109,Formiga,Novo Jardim Alvorada,novo jardim alvorada,-20.4729288,-45.4258614,brasil_aberto,True
MG,3126109,Formiga,Novo Santo Antônio,novo santo antonio,-20.4765358,-45.43789673,brasil_aberto,True
MG,3126109,Formiga,Ouro Branco,ouro branco,-20.48091507,-45.41640472,brasil_aberto,True
MG,3126109,Formiga,Ouro Verde,ouro verde,-20.4804224,-45.4142099,brasil_aberto,True
MG,3126109,Formiga,Padre Remaclo Fóxius,padre remaclo foxius,-20.4605943,-45.419487,brasil_aberto,True
MG,3126109,Formiga,Palmeiras,palmeiras,-20.4586256,-45.4481575,brasil_aberto,True
MG,3126109,Formiga,Planalto,planalto,-18.85275841,-41.9744072,brasil_aberto,True
MG,3126109,Formiga,Ponte Vila,ponte vila,-20.53626633,-45.58389664,brasil_aberto,True
MG,3126109,Formiga,Pontevila,pontevila,-20.588495,-45.6805561,brasil_aberto,True
MG,3126109,Formiga,Pouso Alegre,pouso alegre,-20.4418131,-45.4542274,brasil_aberto,True
MG,3126109,Formiga,Povoado Pouso Alegre,povoado pouso alegre,,,brasil_aberto,True
MG,3126109,Formiga,Pôr do Sol,por do sol,-20.4549665,-45.4451254,brasil_aberto,True
MG,3126109,Formiga,Quartéis,quarteis,-20.4788101,-45.4201127,brasil_aberto,True
MG,3126109,Formiga,Quinzinho,quinzinho,-20.4693317,-45.4290375,brasil_aberto,True
MG,3126109,Formiga,Ramiro Batista da Costa,ramiro batista da costa,-20.4712884,-45.4148832,brasil_aberto,True
MG,3126109,Formiga,Recanto da Praia,recanto da praia,-20.4649336,-45.42628,brasil_aberto,True
MG,3126109,Formiga,Residencial Ouro Negro,residencial ouro negro,-20.45191383,-45.44325256,brasil_aberto,True
MG,3126109,Formiga,Residencial dos Lagos,residencial dos lagos,-20.4979099,-45.4398975,brasil_aberto,True
MG,3126109,Formiga,Rosa Mística,rosa mistica,-20.4804224,-45.4142099,brasil_aberto,True
MG,3126109,Formiga,Rosário,rosario,-20.4605943,-45.419487,brasil_aberto,True
MG,3126109,Formiga,Sagrado Coração de Jesus,sagrado coracao de jesus,-20.46041489,-45.44296646,brasil_aberto,True
MG,3126109,Formiga,Santa Luzia,santa luzia,-20.4571965,-45.418668,brasil_aberto,True
MG,3126109,Formiga,Santa Tereza,santa tereza,-20.457006,-45.4301305,brasil_aberto,True
MG,3126109,Formiga,Santana I,santana i,-20.16015434,-44.85977554,brasil_aberto,True
MG,3126109,Formiga,Santana II,santana ii,-20.4649336,-45.42628,brasil_aberto,True
MG,3126109,Formiga,Santo Antônio,santo antonio,-20.4649336,-45.42628,brasil_aberto,True
MG,3126109,Formiga,Serra Verde,serra verde,-20.44813156,-45.40962982,brasil_aberto,True
MG,3126109,Formiga,São Cristóvão,sao cristovao,-20.4382719,-45.4302517,brasil_aberto,True
MG,3126109,Formiga,São Geraldo,sao geraldo,-21.35453224,-43.58076859,brasil_aberto,True
MG,3126109,Formiga,São Lourenço,sao lourenco,-20.4649336,-45.42628,brasil_aberto,True
MG,3126109,Formiga,São Luiz,sao luiz,-20.47602463,-45.41650772,brasil_aberto,True
MG,3126109,Formiga,São Raimundo,sao raimundo,-20.4542906,-45.4186017,brasil_aberto,True
MG,3126109,Formiga,Tino Pereira,tino pereira,-20.50535583,-45.42822266,brasil_aberto,True
MG,3126109,Formiga,Universitário,universitario,-20.4536921,-45.4236979,brasil_aberto,True
MG,3126109,Formiga,Vargem Grande,vargem grande,-20.80205727,-43.79897308,brasil_aberto,True
MG,3126109,Formiga,Vila Bom Pastor,vila bom pastor,-20.4548912,-45.4265213,brasil_aberto,True
MG,3126109,Formiga,Vila Carmelita,vila carmelita,-20.4738795,-45.4162727,brasil_aberto,True
MG,3126109,Formiga,Vila Castro,vila castro,-20.4711969,-45.422729,brasil_aberto,True
MG,3126109,Formiga,Vila Didi,vila didi,-20.4528095,-45.4359569,brasil_aberto,True
MG,3126109,Formiga,Vila Esperança,vila esperanca,-20.00089645,-43.84885025,brasil_aberto,True
MG,3126109,Formiga,Vila Ferreira,vila ferreira,-20.4702547,-45.425931,brasil_aberto,True
MG,3126109,Formiga,Vila Formosa,vila formosa,-20.4626023,-45.4384522,brasil_aberto,True
MG,3126109,Formiga,Vila Imperial,vila imperial,-19.921381,-44.02475357,brasil_aberto,True
MG,3126109,Formiga,Vila Irba,vila irba,-20.4571965,-45.418668,brasil_aberto,True
MG,3126109,Formiga,Vila Jardim Colorido,vila jardim colorido,-23.02303123,-43.54691696,brasil_aberto,True
MG,3126109,Formiga,Vila José Branco,vila jose branco,-20.47641754,-45.41778564,brasil_aberto,True
MG,3126109,Formiga,Vila Maria Conceição de Castro,vila maria conceicao de castro,-20.4657446,-45.4182112,brasil_aberto,True
MG,3126109,Formiga,Vila Maria Cristina,vila maria cristina,-20.4514973,-45.4505837,brasil_aberto,True
MG,3126109,Formiga,Vila Nirmatelle,vila nirmatelle,-20.458864,-45.4405303,brasil_aberto,True
MG,3126109,Formiga,Vila Operária São José,vila operaria sao jose,-20.4759627,-45.4298259,brasil_aberto,True
MG,3126109,Formiga,Vila Padre João da Mata Rodarte,vila padre joao da mata rodarte,-20.4657446,-45.4182112,brasil_aberto,True
MG,3126109,Formiga,Vila Santa Maria,vila santa maria,-20.4594088,-45.4426643,brasil_aberto,True
MG,3126109,Formiga,Vila Souza e Silva,vila souza e silva,-20.44651794,-45.45705032,brasil_aberto,True
MG,3126109,Formiga,Vila São Domingos,vila sao domingos,-20.4528022,-45.4375666,brasil_aberto,True
MG,3126109,Formiga,Vila São Vicente,vila sao vicente,-20.4586256,-45.4481575,brasil_aberto,True
MG,3126109,Formiga,Vista Alegre,vista alegre,-20.46322823,-45.41648102,brasil_aberto,True
MG,3126109,Formiga,da Lajinha,da lajinha,-19.78657532,-42.14797592,brasil_aberto,True
MG,3126109,Formiga,da Saudade,da saudade,-20.4514973,-45.4505837,brasil_aberto,True
MG,3126109,Formiga,das Andorinhas,das andorinhas,-20.4939765,-45.4300125,brasil_aberto,True
MG,3126109,Formiga,das Oliveiras,das oliveiras,-20.4649336,-45.42628,brasil_aberto,True
MG,3126109,Formiga,Água Vermelha,agua vermelha,-20.4595368,-45.4456532,brasil_aberto,True
MG,3126109,Formiga,Área Rural de Formiga,area rural de formiga,-20.4653377,-45.4254013,brasil_aberto,True
MG,3126208,Formoso,Centro,centro,-19.96727943,-43.93911362,brasil_aberto,True
MG,3126208,Formoso,Goiaminas,goiaminas,-15.054578,-46.5004137,brasil_aberto,True
MG,3126307,Fortaleza de Minas,Centro,centro,-21.55127716,-45.44103241,brasil_aberto,True
MG,3126406,Fortuna de Minas,Centro,centro,-19.46646118,-44.24187088,brasil_aberto,True
MG,3126505,Francisco Badaró,Centro,centro,-16.9892921,-42.3524451,brasil_aberto,True
MG,3126505,Francisco Badaró,Tocoios de Minas,tocoios de minas,-17.0584736,-42.3938363,brasil_aberto,True
MG,3126604,Francisco Dumont,Centro,centro,-17.3132618,-44.2337499,brasil_aberto,True
MG,3126703,Francisco Sá,Canabrava,canabrava,-17.39448929,-45.83430099,brasil_aberto,True
MG,3126703,Francisco Sá,Catuni,catuni,-16.2385209,-43.2680319,brasil_aberto,True
MG,3126703,Francisco Sá,Centro,centro,-19.93667603,-43.93239975,brasil_aberto,True
MG,3126703,Francisco Sá,São Geraldo,sao geraldo,-16.11198044,-43.44420624,brasil_aberto,True
MG,3126752,Franciscópolis,Antônio Ferreira,antonio ferreira,-17.930211,-41.9131912,brasil_aberto,True
MG,3126752,Franciscópolis,Centro,centro,-22.82691956,-43.05324173,brasil_aberto,True
MG,3126802,Frei Gaspar,Arana,arana,-18.0755461,-41.5498817,brasil_aberto,True
MG,3126802,Frei Gaspar,Cachoeira do Aranã,cachoeira do arana,-18.08002472,-41.55006027,brasil_aberto,True
MG,3126802,Frei Gaspar,Centro,centro,-17.86380005,-41.50696182,brasil_aberto,True
MG,3126901,Frei Inocêncio,Bom Jesus do Prata,bom jesus do prata,-18.57569695,-41.74898148,brasil_aberto,True
MG,3126901,Frei Inocêncio,Centro,centro,-18.56370926,-41.90729523,brasil_aberto,True
MG,3126950,Frei Lagonegro,Centro,centro,-18.16863823,-42.76736832,brasil_aberto,True
MG,3127008,Fronteira,Centro,centro,-20.28029442,-49.19499969,brasil_aberto,True
MG,3127008,Fronteira,Santo Antônio do Rio Grande,santo antonio do rio grande,-20.2562542,-49.15248108,brasil_aberto,True
MG,3127057,Fronteira dos Vales,Centro,centro,-16.8928676,-40.9249507,brasil_aberto,True
MG,3127073,Fruta de Leite,Centro,centro,-16.117381,-42.528628,brasil_aberto,True
MG,3127107,Frutal,Alceu Queiroz,alceu queiroz,-20.02977371,-48.94721603,brasil_aberto,True
MG,3127107,Frutal,Alto Boa Vista,alto boa vista,-20.0173903,-48.9293935,brasil_aberto,True
MG,3127107,Frutal,Aparecida de Minas,aparecida de minas,-20.1119218,-49.2320445,brasil_aberto,True
MG,3127107,Frutal,Boa Esperança,boa esperanca,-21.09280777,-45.56283951,brasil_aberto,True
MG,3127107,Frutal,Caju,caju,-20.0186478,-48.9192661,brasil_aberto,True
MG,3127107,Frutal,Centro,centro,-21.55515671,-45.43608093,brasil_aberto,True
MG,3127107,Frutal,Cidade Jardim,cidade jardim,-19.915205,-43.94241333,brasil_aberto,True
MG,3127107,Frutal,Cidade das Águas,cidade das aguas,-20.0162131,-48.9474425,brasil_aberto,True
MG,3127107,Frutal,Doutor José Sales Filho,doutor jose sales filho,-20.0141401,-48.9433432,brasil_aberto,True
MG,3127107,Frutal,Eldourado,eldourado,-20.016411,-48.9371558,brasil_aberto,True
MG,3127107,Frutal,Estudantil,estudantil,-20.0350052,-48.9297443,brasil_aberto,True
MG,3127107,Frutal,Frutal II,frutal ii,-20.0272889,-48.9274876,brasil_aberto,True
MG,3127107,Frutal,Garimpo do Bandeira,garimpo do bandeira,-20.12685776,-48.76205063,brasil_aberto,True
MG,3127107,Frutal,Granville Casa Blanca,granville casa blanca,-20.017661,-48.9425608,brasil_aberto,True
MG,3127107,Frutal,Ipê Amarelo,ipe amarelo,-20.0296352,-48.9180119,brasil_aberto,True
MG,3127107,Frutal,Jardim Brasil,jardim brasil,-20.0284743,-48.9136415,brasil_aberto,True
MG,3127107,Frutal,Jardim das Esmeraldas,jardim das esmeraldas,-20.0319104,-48.9486092,brasil_aberto,True
MG,3127107,Frutal,Jardim das Laranjeiras,jardim das laranjeiras,-20.0234865,-48.9260895,brasil_aberto,True
MG,3127107,Frutal,Jardim das Palmeiras,jardim das palmeiras,-20.0414286,-48.9043765,brasil_aberto,True
MG,3127107,Frutal,Jardim do Bosque,jardim do bosque,-20.0430155,-48.9368905,brasil_aberto,True
MG,3127107,Frutal,Jardim do Bosque II,jardim do bosque ii,-20.0430155,-48.9368905,brasil_aberto,True
MG,3127107,Frutal,Jardins dos Ipês,jardins dos ipes,-20.0329304,-48.9205035,brasil_aberto,True
MG,3127107,Frutal,Loteamento Flamboyant,loteamento flamboyant,-20.0332532,-48.922457,brasil_aberto,True
MG,3127107,Frutal,Loteamento Pio XII,loteamento pio xii,-20.02308273,-48.94254684,brasil_aberto,True
MG,3127107,Frutal,Loteamento Residencial Parque das Acácias,loteamento residencial parque das acacias,-19.93479729,-44.1281662,brasil_aberto,True
MG,3127107,Frutal,Loteamento Santa Luzia,loteamento santa luzia,-20.0384679,-48.92469,brasil_aberto,True
MG,3127107,Frutal,Morada dos Ipês,morada dos ipes,-20.0277035,-48.91735749999999,brasil_aberto,True
MG,3127107,Frutal,Nossa Senhora Aparecida,nossa senhora aparecida,-20.0263494,-48.9362703,brasil_aberto,True
MG,3127107,Frutal,Nossa Senhora do Carmo,nossa senhora do carmo,-20.0173903,-48.9293935,brasil_aberto,True
MG,3127107,Frutal,Nova Frutal,nova frutal,-20.0332532,-48.922457,brasil_aberto,True
MG,3127107,Frutal,Nova Proença,nova proenca,-20.0263494,-48.9362703,brasil_aberto,True
MG,3127107,Frutal,Novo Horizonte,novo horizonte,-20.0173903,-48.9293935,brasil_aberto,True
MG,3127107,Frutal,Padrolândia,padrolandia,-20.0984993,-49.08719635,brasil_aberto,True
MG,3127107,Frutal,Paralelo XX,paralelo xx,-20.03065491,-48.92066956,brasil_aberto,True
MG,3127107,Frutal,Princesa Isabel,princesa isabel,-20.0357585,-48.9371274,brasil_aberto,True
MG,3127107,Frutal,Princesa Isabel II,princesa isabel ii,-20.0318198,-48.9487755,brasil_aberto,True
MG,3127107,Frutal,Progresso,progresso,-20.0234865,-48.9260895,brasil_aberto,True
MG,3127107,Frutal,Residence Plaza,residence plaza,-20.0266595,-48.9024543,brasil_aberto,True
MG,3127107,Frutal,Residencial Cabreira Moron,residencial cabreira moron,-20.0116276,-48.9132535,brasil_aberto,True
MG,3127107,Frutal,Residencial Gamma,residencial gamma,-19.98508453,-44.02564621,brasil_aberto,True
MG,3127107,Frutal,Residencial Portinari,residencial portinari,-20.0117198,-48.9308998,brasil_aberto,True
MG,3127107,Frutal,Residencial das Américas,residencial das americas,-20.0263494,-48.9362703,brasil_aberto,True
MG,3127107,Frutal,Santos Dumont,santos dumont,-20.02067184,-48.93231201,brasil_aberto,True
MG,3127107,Frutal,Vila Barroso,vila barroso,-20.37886238,-48.91998672,brasil_aberto,True
MG,3127107,Frutal,Vila Esperança,vila esperanca,-20.0203099,-48.9181338,brasil_aberto,True
MG,3127107,Frutal,Villa Florence,villa florence,-20.02052689,-48.95057678,brasil_aberto,True
MG,3127107,Frutal,Vô Chiquinho,vo chiquinho,-20.0224658,-48.9263071,brasil_aberto,True
MG,3127107,Frutal,Waldemar Marchi II,waldemar marchi ii,-20.0473468,-48.909066,brasil_aberto,True
MG,3127107,Frutal,XV de Novembro,xv de novembro,-20.0357585,-48.9371274,brasil_aberto,True
MG,3127107,Frutal,Zona Sul,zona sul,-20.0316005,-48.9162947,brasil_aberto,True
MG,3127107,Frutal,Área Rural de Frutal,area rural de frutal,-20.0263494,-48.9362703,brasil_aberto,True
MG,3127206,Funilândia,Centro,centro,-19.3682017,-44.0578377,brasil_aberto,True
MG,3127305,Galiléia,Centro,centro,-21.13788414,-44.25025177,brasil_aberto,True
MG,3127305,Galiléia,Sapucaia do Norte,sapucaia do norte,-18.84145546,-41.51246262,brasil_aberto,True
MG,3127339,Gameleiras,Centro,centro,-15.08138752,-43.12084579,brasil_aberto,True
MG,3127339,Gameleiras,Jacu das Piranhas,jacu das piranhas,-14.90243435,-43.11077881,brasil_aberto,True
MG,3127354,Glaucilândia,Centro,centro,-16.85003471,-43.696064,brasil_aberto,True
MG,3127370,Goiabeira,Centro,centro,-18.9805376,-41.2250953,brasil_aberto,True
MG,3127388,Goianá,Centro,centro,-21.5384374,-43.2004019,brasil_aberto,True
MG,3127503,Gonzaga,Centro,centro,-18.819765,-42.473827,brasil_aberto,True
MG,3127503,Gonzaga,Conceição da Brejaúba,conceicao da brejauba,-18.8717746,-42.4747699,brasil_aberto,True
MG,3127404,Gonçalves,Centro,centro,-22.6582284,-45.8554559,brasil_aberto,True
MG,3127602,Gouveia,Centro,centro,-18.4575901,-43.74180603,brasil_aberto,True
MG,3127701,Governador Valadares,Agrovila Oziel Alves Pereira,agrovila oziel alves pereira,-18.8283355,-41.9908983,brasil_aberto,True
MG,3127701,Governador Valadares,Altinópolis,altinopolis,-18.89262199,-41.95222473,brasil_aberto,True
MG,3127701,Governador Valadares,Alto Esplanada,alto esplanada,-18.84613609,-41.93785477,brasil_aberto,True
MG,3127701,Governador Valadares,Alto de Lourdes,alto de lourdes,-18.8632764,-41.9593457,brasil_aberto,True
MG,3127701,Governador Valadares,Alto de Lourdes I,alto de lourdes i,-18.841308,-41.9885597,brasil_aberto,True
MG,3127701,Governador Valadares,Alto de Santa Helena,alto de santa helena,-18.65265274,-41.57244873,brasil_aberto,True
MG,3127701,Governador Valadares,Alvorada,alvorada,-18.8538706,-41.9729947,brasil_aberto,True
MG,3127701,Governador Valadares,Azteca,azteca,-18.90889549,-41.94506836,brasil_aberto,True
MG,3127701,Governador Valadares,Baguari,baguari,-18.95816803,-42.07178879,brasil_aberto,True
MG,3127701,Governador Valadares,Bairro Parque Olímpico,bairro parque olimpico,-18.87281227,-41.97504044,brasil_aberto,True
MG,3127701,Governador Valadares,Bela Vista,bela vista,-18.87559319,-41.98303604,brasil_aberto,True
MG,3127701,Governador Valadares,Belo Monte,belo monte,-18.83001328,-41.94960785,brasil_aberto,True
MG,3127701,Governador Valadares,Belvedere,belvedere,-18.84349251,-41.93509293,brasil_aberto,True
MG,3127701,Governador Valadares,Betel,betel,-18.8872065,-41.9691851,brasil_aberto,True
MG,3127701,Governador Valadares,Brejaubinha,brejaubinha,-18.77622986,-42.21589661,brasil_aberto,True
MG,3127701,Governador Valadares,Canaã,canaa,-18.88969231,-41.96773529,brasil_aberto,True
MG,3127701,Governador Valadares,Capim,capim,-18.83120155,-41.90574265,brasil_aberto,True
MG,3127701,Governador Valadares,Carapina,carapina,-18.84959793,-41.94812393,brasil_aberto,True
MG,3127701,Governador Valadares,Caravelas,caravelas,-18.88807106,-41.9910202,brasil_aberto,True
MG,3127701,Governador Valadares,Cardo,cardo,-18.88364029,-41.99056244,brasil_aberto,True
MG,3127701,Governador Valadares,Castanheiras,castanheiras,-18.8400852,-41.9930127,brasil_aberto,True
MG,3127701,Governador Valadares,Castanheiras II,castanheiras ii,-18.88549805,-41.97928619,brasil_aberto,True
MG,3127701,Governador Valadares,Castelo,castelo,-18.8836577,-41.9876278,brasil_aberto,True
MG,3127701,Governador Valadares,Centro,centro,-19.93274498,-43.93002701,brasil_aberto,True
MG,3127701,Governador Valadares,Chonim,chonim,-18.8558333,-41.95718979999999,brasil_aberto,True
MG,3127701,Governador Valadares,Chonin de Baixo,chonin de baixo,-18.67111397,-41.98572922,brasil_aberto,True
MG,3127701,Governador Valadares,Chácaras Braúnas,chacaras braunas,-18.8370123,-41.9130277,brasil_aberto,True
MG,3127701,Governador Valadares,Chácaras Encosta do Sol,chacaras encosta do sol,-18.87738991,-41.94119263,brasil_aberto,True
MG,3127701,Governador Valadares,Chácaras Quintas Green Hill,chacaras quintas green hill,-18.8832085,-41.969358,brasil_aberto,True
MG,3127701,Governador Valadares,Chácaras Recanto dos Sonhos,chacaras recanto dos sonhos,-18.8562426,-41.8019257,brasil_aberto,True
MG,3127701,Governador Valadares,Cidade Jardim,cidade jardim,-18.90967369,-41.97052002,brasil_aberto,True
MG,3127701,Governador Valadares,Cidade Nova,cidade nova,-18.8364315,-41.87926865,brasil_aberto,True
MG,3127701,Governador Valadares,Conquista,conquista,-21.80285835,-43.35673904,brasil_aberto,True
MG,3127701,Governador Valadares,Cristal,cristal,-21.11074829,-42.91991043,brasil_aberto,True
MG,3127701,Governador Valadares,Córrego Cardoso,corrego cardoso,-18.90134811,-41.94411087,brasil_aberto,True
MG,3127701,Governador Valadares,Córrego dos Bernardes,corrego dos bernardes,-18.8524698,-41.943442,brasil_aberto,True
MG,3127701,Governador Valadares,Córrego dos Borges,corrego dos borges,-21.18556023,-45.43900299,brasil_aberto,True
MG,3127701,Governador Valadares,Córrego dos Melquíades,corrego dos melquiades,-18.8558333,-41.95718979999999,brasil_aberto,True
MG,3127701,Governador Valadares,Derribadinha,derribadinha,-18.86301,-41.8497725,brasil_aberto,True
MG,3127701,Governador Valadares,Distrito Industrial,distrito industrial,-18.9001036,-41.9964947,brasil_aberto,True
MG,3127701,Governador Valadares,Elvamar,elvamar,-18.8829391,-41.9696687,brasil_aberto,True
MG,3127701,Governador Valadares,Esperança,esperanca,-18.83464241,-41.95341873,brasil_aberto,True
MG,3127701,Governador Valadares,Esplanada,esplanada,-18.85739899,-41.93976593,brasil_aberto,True
MG,3127701,Governador Valadares,Fazenda Figueira,fazenda figueira,-19.94870758,-43.96077728,brasil_aberto,True
MG,3127701,Governador Valadares,Figueira do Rio Doce,figueira do rio doce,-18.8832085,-41.969358,brasil_aberto,True
MG,3127701,Governador Valadares,Floresta,floresta,-19.9137249,-43.9282074,brasil_aberto,True
MG,3127701,Governador Valadares,Fraternidade,fraternidade,-18.88100243,-41.97387695,brasil_aberto,True
MG,3127701,Governador Valadares,Gleba Horácio,gleba horacio,-18.8806983,-41.966499,brasil_aberto,True
MG,3127701,Governador Valadares,Goiabal,goiabal,-19.92538452,-42.70756531,brasil_aberto,True
MG,3127701,Governador Valadares,Grã-Duquesa,gra-duquesa,-18.84117508,-41.96022415,brasil_aberto,True
MG,3127701,Governador Valadares,Ilha dos Araújos,ilha dos araujos,-18.86953354,-41.94206238,brasil_aberto,True
MG,3127701,Governador Valadares,Interlagos,interlagos,-18.83388329,-41.90476227,brasil_aberto,True
MG,3127701,Governador Valadares,JK I,jk i,-18.88957977,-41.96375656,brasil_aberto,True
MG,3127701,Governador Valadares,JK II,jk ii,-18.8844248,-41.9640668,brasil_aberto,True
MG,3127701,Governador Valadares,JK III,jk iii,-18.88295174,-41.96317291,brasil_aberto,True
MG,3127701,Governador Valadares,Jardim Alice,jardim alice,-18.88409615,-41.96175385,brasil_aberto,True
MG,3127701,Governador Valadares,Jardim Alvorada,jardim alvorada,-18.90458298,-41.95632935,brasil_aberto,True
MG,3127701,Governador Valadares,Jardim América,jardim america,-18.8558333,-41.95718979999999,brasil_aberto,True
MG,3127701,Governador Valadares,Jardim Atalaia,jardim atalaia,-18.91250038,-41.94962311,brasil_aberto,True
MG,3127701,Governador Valadares,Jardim Ipê,jardim ipe,-18.90313339,-41.94429779,brasil_aberto,True
MG,3127701,Governador Valadares,Jardim JK,jardim jk,-18.8897285,-41.9677449,brasil_aberto,True
MG,3127701,Governador Valadares,Jardim Primavera,jardim primavera,-18.89746666,-41.94448853,brasil_aberto,True
MG,3127701,Governador Valadares,Jardim Pérola,jardim perola,-18.87682915,-41.97237396,brasil_aberto,True
MG,3127701,Governador Valadares,Jardim do Trevo,jardim do trevo,-18.8370341,-41.9923687,brasil_aberto,True
MG,3127701,Governador Valadares,Jardins,jardins,-18.8832085,-41.969358,brasil_aberto,True
MG,3127701,Governador Valadares,Kennedy,kennedy,-18.87294197,-41.97730637,brasil_aberto,True
MG,3127701,Governador Valadares,Lagoa Santa,lagoa santa,-18.84533119,-41.96239853,brasil_aberto,True
MG,3127701,Governador Valadares,Lourdes,lourdes,-18.86201286,-41.95301437,brasil_aberto,True
MG,3127701,Governador Valadares,Maravilha,maravilha,-18.86740685,-41.96852493,brasil_aberto,True
MG,3127701,Governador Valadares,Maria Eugênia,maria eugenia,-18.85275841,-41.9744072,brasil_aberto,True
MG,3127701,Governador Valadares,Mirante da Rocha,mirante da rocha,-19.82851982,-43.91558838,brasil_aberto,True
MG,3127701,Governador Valadares,Monte Carmelo,monte carmelo,-18.8350335,-41.9454982,brasil_aberto,True
MG,3127701,Governador Valadares,Morada do Acampamento,morada do acampamento,-18.85540962,-41.95345688,brasil_aberto,True
MG,3127701,Governador Valadares,Morada do Vale,morada do vale,-18.84237671,-41.96350479,brasil_aberto,True
MG,3127701,Governador Valadares,Morada do Vale II,morada do vale ii,-18.83581352,-41.96156693,brasil_aberto,True
MG,3127701,Governador Valadares,Morada do Vale III,morada do vale iii,-18.83694077,-41.96244049,brasil_aberto,True
MG,3127701,Governador Valadares,Morro do Querozene,morro do querozene,-19.86277008,-43.92749023,brasil_aberto,True
MG,3127701,Governador Valadares,Mãe de Deus,mae de deus,-18.86138535,-41.96940231,brasil_aberto,True
MG,3127701,Governador Valadares,Nossa Senhora das Graças,nossa senhora das gracas,-18.84959793,-41.94812393,brasil_aberto,True
MG,3127701,Governador Valadares,Nossa Senhora de Fátima,nossa senhora de fatima,-18.8832085,-41.969358,brasil_aberto,True
MG,3127701,Governador Valadares,Nova Vila Bretas,nova vila bretas,-18.86971664,-41.97455215,brasil_aberto,True
MG,3127701,Governador Valadares,Novo Horizonte,novo horizonte,-18.8839343,-41.992728,brasil_aberto,True
MG,3127701,Governador Valadares,Olímpio de Freitas,olimpio de freitas,-18.84179497,-41.87960052,brasil_aberto,True
MG,3127701,Governador Valadares,Ouro Verde,ouro verde,-19.80547905,-44.01955414,brasil_aberto,True
MG,3127701,Governador Valadares,Palmeiras,palmeiras,-18.86698723,-41.97533035,brasil_aberto,True
MG,3127701,Governador Valadares,Park da Fraternidade,park da fraternidade,-18.8769752,-41.9727361,brasil_aberto,True
MG,3127701,Governador Valadares,Parque Ibituruna,parque ibituruna,-18.8848589,-41.9432088,brasil_aberto,True
MG,3127701,Governador Valadares,Parque Olímpico II,parque olimpico ii,-18.87281227,-41.97504044,brasil_aberto,True
MG,3127701,Governador Valadares,Parque das Aroeiras,parque das aroeiras,-18.87738991,-41.94119263,brasil_aberto,True
MG,3127701,Governador Valadares,Penha,penha,-18.88380814,-41.99003601,brasil_aberto,True
MG,3127701,Governador Valadares,Penha do Cassiano,penha do cassiano,-18.89709854,-42.19892502,brasil_aberto,True
MG,3127701,Governador Valadares,Planalto,planalto,-18.8527317,-41.9744769,brasil_aberto,True
MG,3127701,Governador Valadares,Porto das Canoas,porto das canoas,-19.18333244,-42.79999924,brasil_aberto,True
MG,3127701,Governador Valadares,Prolongamento JK II,prolongamento jk ii,-18.8864754,-41.9614429,brasil_aberto,True
MG,3127701,Governador Valadares,Recanto das Cachoeiras,recanto das cachoeiras,-18.89663506,-41.94169998,brasil_aberto,True
MG,3127701,Governador Valadares,Retiro dos Lagos,retiro dos lagos,-18.8486163,-41.9889007,brasil_aberto,True
MG,3127701,Governador Valadares,Ribeirão do Onça,ribeirao do onca,-18.8558333,-41.95718979999999,brasil_aberto,True
MG,3127701,Governador Valadares,Sagrada Família,sagrada familia,-18.8793184,-41.9698583,brasil_aberto,True
MG,3127701,Governador Valadares,Santa Efigênia,santa efigenia,-19.91789627,-43.90346909,brasil_aberto,True
MG,3127701,Governador Valadares,Santa Helena,santa helena,-18.8358345,-41.95019913,brasil_aberto,True
MG,3127701,Governador Valadares,Santa Paula,santa paula,-18.8369751,-41.99217987,brasil_aberto,True
MG,3127701,Governador Valadares,Santa Rita,santa rita,-18.89624023,-41.97624588,brasil_aberto,True
MG,3127701,Governador Valadares,Santa Rosa,santa rosa,-18.8842936,-41.9739423,brasil_aberto,True
MG,3127701,Governador Valadares,Santa Rosa de Lima,santa rosa de lima,-18.8324148,-41.9534751,brasil_aberto,True
MG,3127701,Governador Valadares,Santa Terezinha,santa terezinha,-18.86932755,-41.95135117,brasil_aberto,True
MG,3127701,Governador Valadares,Santo Agostinho,santo agostinho,-18.85149384,-41.96197128,brasil_aberto,True
MG,3127701,Governador Valadares,Santo Antônio,santo antonio,-16.71877289,-43.83872223,brasil_aberto,True
MG,3127701,Governador Valadares,Santo Antônio do Pontal,santo antonio do pontal,-18.7823522,-42.0838702,brasil_aberto,True
MG,3127701,Governador Valadares,Santo Antônio do Porto,santo antonio do porto,-21.54590034,-44.18020248,brasil_aberto,True
MG,3127701,Governador Valadares,Santos Dumont I,santos dumont i,-18.8391863,-41.9143209,brasil_aberto,True
MG,3127701,Governador Valadares,Santos Dumont II,santos dumont ii,-18.83519936,-41.89767838,brasil_aberto,True
MG,3127701,Governador Valadares,Sertão do Rio Doce,sertao do rio doce,-18.8690483,-41.9311286,brasil_aberto,True
MG,3127701,Governador Valadares,Sertão do Rio Doce I,sertao do rio doce i,-18.8853269,-41.9868481,brasil_aberto,True
MG,3127701,Governador Valadares,Sion,sion,-18.83259583,-41.89133072,brasil_aberto,True
MG,3127701,Governador Valadares,Sir,sir,-18.83397865,-41.89477158,brasil_aberto,True
MG,3127701,Governador Valadares,São Cristóvão,sao cristovao,-18.88282776,-41.96717453,brasil_aberto,True
MG,3127701,Governador Valadares,São Geraldo,sao geraldo,-18.85974121,-41.95633316,brasil_aberto,True
MG,3127701,Governador Valadares,São José,sao jose,-18.8794457,-41.9683093,brasil_aberto,True
MG,3127701,Governador Valadares,São Luiz,sao luiz,-18.87969398,-41.96691132,brasil_aberto,True
MG,3127701,Governador Valadares,São Paulo,sao paulo,-18.86405563,-41.95231247,brasil_aberto,True
MG,3127701,Governador Valadares,São Pedro,sao pedro,-18.85086441,-41.93714905,brasil_aberto,True
MG,3127701,Governador Valadares,São Raimundo,sao raimundo,-18.89788628,-41.95443726,brasil_aberto,True
MG,3127701,Governador Valadares,São Tarcísio,sao tarcisio,-18.8578193,-41.9381448,brasil_aberto,True
MG,3127701,Governador Valadares,São Vítor,sao vitor,-18.82079315,-41.6879921,brasil_aberto,True
MG,3127701,Governador Valadares,Tiradentes,tiradentes,-18.89537048,-41.96899033,brasil_aberto,True
MG,3127701,Governador Valadares,Turmalina,turmalina,-18.85503578,-41.97602844,brasil_aberto,True
MG,3127701,Governador Valadares,Univale,univale,-18.8417956,-41.9028762,brasil_aberto,True
MG,3127701,Governador Valadares,Universitário,universitario,-18.84150696,-41.92022705,brasil_aberto,True
MG,3127701,Governador Valadares,Vale Pastoril,vale pastoril,-18.8867062,-41.967479,brasil_aberto,True
MG,3127701,Governador Valadares,Vale Pastoril II,vale pastoril ii,-18.88972855,-41.96774673,brasil_aberto,True
MG,3127701,Governador Valadares,Vale Verde,vale verde,-18.85275841,-41.9744072,brasil_aberto,True
MG,3127701,Governador Valadares,Vale do Sol,vale do sol,-18.91134644,-41.94496536,brasil_aberto,True
MG,3127701,Governador Valadares,Vale do Sol II,vale do sol ii,-18.9113464,-41.9449641,brasil_aberto,True
MG,3127701,Governador Valadares,Vera Cruz,vera cruz,-18.90159798,-41.95393753,brasil_aberto,True
MG,3127701,Governador Valadares,Vila Bretas,vila bretas,-18.87192917,-41.96136093,brasil_aberto,True
MG,3127701,Governador Valadares,Vila Império,vila imperio,-18.8831589,-41.9694494,brasil_aberto,True
MG,3127701,Governador Valadares,Vila Isa,vila isa,-18.88627815,-41.9467926,brasil_aberto,True
MG,3127701,Governador Valadares,Vila Mariana,vila mariana,-18.8545723,-41.96476364,brasil_aberto,True
MG,3127701,Governador Valadares,Vila Mariquita,vila mariquita,-18.8355875,-41.91795,brasil_aberto,True
MG,3127701,Governador Valadares,Vila Monte Líbano,vila monte libano,-18.8773276,-41.9704023,brasil_aberto,True
MG,3127701,Governador Valadares,Vila Nova Floresta,vila nova floresta,-18.954916,-42.24435043,brasil_aberto,True
MG,3127701,Governador Valadares,Vila Ozanan,vila ozanan,-18.86875725,-41.97592163,brasil_aberto,True
MG,3127701,Governador Valadares,Vila Rica,vila rica,-19.92967415,-43.94888687,brasil_aberto,True
MG,3127701,Governador Valadares,Vila Ricardão,vila ricardao,-18.841308,-41.9885597,brasil_aberto,True
MG,3127701,Governador Valadares,Vila São João,vila sao joao,-18.88756752,-41.94252014,brasil_aberto,True
MG,3127701,Governador Valadares,Vila União Penha,vila uniao penha,-18.8855811,-41.9936379,brasil_aberto,True
MG,3127701,Governador Valadares,Vila Verde,vila verde,-18.834325,-41.9452764,brasil_aberto,True
MG,3127701,Governador Valadares,Vila do Sol,vila do sol,-18.90402794,-41.96134949,brasil_aberto,True
MG,3127701,Governador Valadares,Vila do Sol II,vila do sol ii,-18.90265083,-41.95721054,brasil_aberto,True
MG,3127701,Governador Valadares,Vila dos Montes,vila dos montes,-18.9055116,-41.9693037,brasil_aberto,True
MG,3127701,Governador Valadares,Vilagge da Serra,vilagge da serra,-18.8715744,-41.931633,brasil_aberto,True
MG,3127701,Governador Valadares,Vista Alegre,vista alegre,-18.8832085,-41.969358,brasil_aberto,True
MG,3127701,Governador Valadares,Vitória,vitoria,-18.85275841,-41.9744072,brasil_aberto,True
MG,3127701,Governador Valadares,Área Rural de Governador Valadares,area rural de governador valadares,-18.8558333,-41.95718979999999,brasil_aberto,True
MG,3127909,Grupiara,Centro,centro,-18.4950475,-47.7242158,brasil_aberto,True
MG,3127800,Grão Mogol,Barrocão,barrocao,-16.4068898,-43.2274103,brasil_aberto,True
MG,3127800,Grão Mogol,Centro,centro,-18.6499416,-48.19210100000001,brasil_aberto,True
MG,3127800,Grão Mogol,Vale das Cancelas,vale das cancelas,-16.30017662,-42.71353912,brasil_aberto,True
MG,3128006,Guanhães,Amazonas,amazonas,,,brasil_aberto,True
MG,3128006,Guanhães,Centro,centro,-18.7590307,-42.9465635,brasil_aberto,True
MG,3128006,Guanhães,Correntinho,correntinho,-18.67129517,-42.77383804,brasil_aberto,True
MG,3128006,Guanhães,Farias,farias,-19.010252,-42.82999039,brasil_aberto,True
MG,3128006,Guanhães,Sapucaia de Guanhães,sapucaia de guanhaes,-18.92009544,-42.6184082,brasil_aberto,True
MG,3128006,Guanhães,Taquaral de Guanhães,taquaral de guanhaes,-18.88786888,-42.86598969,brasil_aberto,True
MG,3128105,Guapé,Araúna,arauna,-20.69279099,-45.91381454,brasil_aberto,True
MG,3128105,Guapé,Centro,centro,-20.76057434,-45.91731262,brasil_aberto,True
MG,3128204,Guaraciaba,Centro,centro,-20.5719806,-43.01012,brasil_aberto,True
MG,3128253,Guaraciama,Centro,centro,-17.0139361,-43.6712906,brasil_aberto,True
MG,3128402,Guarani,Centro,centro,-21.35847092,-43.04925537,brasil_aberto,True
MG,3128303,Guaranésia,Centro,centro,-21.30103493,-46.79961395,brasil_aberto,True
MG,3128303,Guaranésia,Santa Cruz do Prata,santa cruz do prata,-21.20517159,-46.74700165,brasil_aberto,True
MG,3128501,Guarará,Centro,centro,-21.7145902,-43.0594539,brasil_aberto,True
MG,3128600,Guarda-Mor,Centro,centro,-17.77030182,-47.10129547,brasil_aberto,True
MG,3128709,Guaxupé,Angola,angola,,,brasil_aberto,True
MG,3128709,Guaxupé,Bela Vista,bela vista,-21.2942024,-46.7313283,brasil_aberto,True
MG,3128709,Guaxupé,Centro,centro,-21.2997366,-46.7107338,brasil_aberto,True
MG,3128709,Guaxupé,Jardim Agenor de Lima,jardim agenor de lima,,,brasil_aberto,True
MG,3128709,Guaxupé,Jardim América II,jardim america ii,-21.3177799,-46.7306838,brasil_aberto,True
MG,3128709,Guaxupé,Jardim Dom Hermínio,jardim dom herminio,-21.3070958,-46.7188787,brasil_aberto,True
MG,3128709,Guaxupé,Jardim Europa I,jardim europa i,,,brasil_aberto,True
MG,3128709,Guaxupé,Jardim Girassol,jardim girassol,,,brasil_aberto,True
MG,3128709,Guaxupé,Jardim Itália,jardim italia,,,brasil_aberto,True
MG,3128709,Guaxupé,Jardim Lepiane,jardim lepiane,,,brasil_aberto,True
MG,3128709,Guaxupé,Jardim Orminda II,jardim orminda ii,,,brasil_aberto,True
MG,3128709,Guaxupé,Jardim Ouro Verde,jardim ouro verde,,,brasil_aberto,True
MG,3128709,Guaxupé,Jardim Planalto,jardim planalto,,,brasil_aberto,True
MG,3128709,Guaxupé,Jardim Regulador,jardim regulador,,,brasil_aberto,True
MG,3128709,Guaxupé,Morada do Sol,morada do sol,,,brasil_aberto,True
MG,3128709,Guaxupé,Nova Floresta II,nova floresta ii,,,brasil_aberto,True
MG,3128709,Guaxupé,Nova Orquídea,nova orquidea,,,brasil_aberto,True
MG,3128709,Guaxupé,Parque das Orquídeas,parque das orquideas,,,brasil_aberto,True
MG,3128709,Guaxupé,Parque dos Municípios I,parque dos municipios i,,,brasil_aberto,True
MG,3128709,Guaxupé,Parque dos Municípios II,parque dos municipios ii,,,brasil_aberto,True
MG,3128709,Guaxupé,Portal dos Nobres,portal dos nobres,-21.3209532,-46.7231394,brasil_aberto,True
MG,3128709,Guaxupé,Pólo Industrial de Guaxupé,polo industrial de guaxupe,,,brasil_aberto,True
MG,3128709,Guaxupé,Recreio dos Bandeirantes,recreio dos bandeirantes,,,brasil_aberto,True
MG,3128709,Guaxupé,Residencial Alto da Colina,residencial alto da colina,,,brasil_aberto,True
MG,3128709,Guaxupé,Residencial Colina,residencial colina,,,brasil_aberto,True
MG,3128709,Guaxupé,Residencial Fazenda Planalto,residencial fazenda planalto,,,brasil_aberto,True
MG,3128709,Guaxupé,Residencial Nova Floresta,residencial nova floresta,,,brasil_aberto,True
MG,3128709,Guaxupé,Residencial Nova Floresta II,residencial nova floresta ii,,,brasil_aberto,True
MG,3128709,Guaxupé,Santa Cruz,santa cruz,,,brasil_aberto,True
MG,3128709,Guaxupé,São Jorge,sao jorge,,,brasil_aberto,True
MG,3128709,Guaxupé,Vila Campanha,vila campanha,,,brasil_aberto,True
MG,3128709,Guaxupé,Vila Conceição,vila conceicao,,,brasil_aberto,True
MG,3128709,Guaxupé,Vila Lucinda,vila lucinda,,,brasil_aberto,True
MG,3128709,Guaxupé,Vila Rica,vila rica,,,brasil_aberto,True
MG,3128808,Guidoval,Centro,centro,-21.14972496,-42.79839706,brasil_aberto,True
MG,3128907,Guimarânia,Centro,centro,-19.92044258,-43.93891525,brasil_aberto,True
MG,3129004,Guiricema,Centro,centro,-21.00775528,-42.71791458,brasil_aberto,True
MG,3129004,Guiricema,Tuiutinga,tuiutinga,-21.09485245,-42.71371841,brasil_aberto,True
MG,3129004,Guiricema,Vilas Boas,vilas boas,-20.96740532,-42.66529465,brasil_aberto,True
MG,3129103,Gurinhatã,Centro,centro,-19.2135506,-49.7860241,brasil_aberto,True
MG,3129103,Gurinhatã,Flor de Minas,flor de minas,-18.9310792,-49.8388583,brasil_aberto,True
MG,3129202,Heliodora,Centro,centro,-19.93138123,-43.94280624,brasil_aberto,True
MG,3129301,Iapu,Centro,centro,-19.4360466,-42.21624756,brasil_aberto,True
MG,3129301,Iapu,São Sebastião da Barra,sao sebastiao da barra,-19.24407196,-42.21128082,brasil_aberto,True
MG,3129400,Ibertioga,Centro,centro,-19.83762169,-44.62714386,brasil_aberto,True
MG,3129608,Ibiaí,Bom Jesus da Vereda,bom jesus da vereda,-16.7799141,-44.7531835,brasil_aberto,True
MG,3129608,Ibiaí,Centro,centro,-16.8595074,-44.914142,brasil_aberto,True
MG,3129657,Ibiracatu,Bonança,bonanca,-15.7712277,-44.1910066,brasil_aberto,True
MG,3129657,Ibiracatu,Campo Alegre de Minas,campo alegre de minas,-19.10064888,-41.03408432,brasil_aberto,True
MG,3129657,Ibiracatu,Centro,centro,-15.6644783,-44.16828156,brasil_aberto,True
MG,3129707,Ibiraci,Centro,centro,-21.22158623,-43.77244568,brasil_aberto,True
MG,3129806,Ibirité,Alvorada - 1ª Seção,alvorada - 1ª secao,-20.02347374,-44.06296158,brasil_aberto,True
MG,3129806,Ibirité,Alvorada - 2ª Seção,alvorada - 2ª secao,-20.0253232,-44.0607733,brasil_aberto,True
MG,3129806,Ibirité,Alvorada - 3ª Seção,alvorada - 3ª secao,-20.00099373,-44.08798981,brasil_aberto,True
MG,3129806,Ibirité,Alvorada - 4ª Seção,alvorada - 4ª secao,-20.0248838,-44.060234,brasil_aberto,True
MG,3129806,Ibirité,Alvorada - 5ª Seção,alvorada - 5ª secao,-20.0242474,-44.0586905,brasil_aberto,True
MG,3129806,Ibirité,Aparecida (Parque Durval de Barros),aparecida (parque durval de barros),-20.00227356,-44.07470322,brasil_aberto,True
MG,3129806,Ibirité,Barreirinho,barreirinho,-20.02898216,-44.0373764,brasil_aberto,True
MG,3129806,Ibirité,Bela Vista (Parque Durval de Barros),bela vista (parque durval de barros),-19.98537445,-44.07197189,brasil_aberto,True
MG,3129806,Ibirité,Boa Vista,boa vista,-20.0383743,-44.0608644,brasil_aberto,True
MG,3129806,Ibirité,Bosques de Ibirité,bosques de ibirite,-20.0362854,-44.04763031,brasil_aberto,True
MG,3129806,Ibirité,Camargos,camargos,-19.99403763,-44.05882645,brasil_aberto,True
MG,3129806,Ibirité,Campos Filho,campos filho,-20.01093102,-44.08613205,brasil_aberto,True
MG,3129806,Ibirité,Canal,canal,-19.58376694,-46.93967056,brasil_aberto,True
MG,3129806,Ibirité,Canaã - 1ª Seção,canaa - 1ª secao,-20.0176794,-44.0933641,brasil_aberto,True
MG,3129806,Ibirité,Canaã - 2ª Seção,canaa - 2ª secao,-21.21379852,-43.77594376,brasil_aberto,True
MG,3129806,Ibirité,Canoas,canoas,-20.04490662,-44.14965439,brasil_aberto,True
MG,3129806,Ibirité,Cascata (Parque Durval de Barros),cascata (parque durval de barros),-19.9823761,-44.08493423,brasil_aberto,True
MG,3129806,Ibirité,Central Park,central park,-20.02502823,-44.05631256,brasil_aberto,True
MG,3129806,Ibirité,Centro,centro,-20.02237892,-44.05877686,brasil_aberto,True
MG,3129806,Ibirité,Chácara,chacara,-23.83727837,-49.42437363,brasil_aberto,True
MG,3129806,Ibirité,Condomínio Bela Vista,condominio bela vista,,,brasil_aberto,True
MG,3129806,Ibirité,Condomínio das Palmeiras (Parque Durval de Barros),condominio das palmeiras (parque durval de barros),-19.9954032,-44.0868981,brasil_aberto,True
MG,3129806,Ibirité,Cruzeiro,cruzeiro,-20.03466225,-44.06092072,brasil_aberto,True
MG,3129806,Ibirité,Distrito Industrial (Parque Durval de Barros),distrito industrial (parque durval de barros),-19.973962,-44.0639344,brasil_aberto,True
MG,3129806,Ibirité,Distrito Industrial Marsil,distrito industrial marsil,-20.0125692,-44.1193822,brasil_aberto,True
MG,3129806,Ibirité,Déa Marly,dea marly,-20.02630424,-44.07069016,brasil_aberto,True
MG,3129806,Ibirité,Eldorado (Parque Durval de Barros),eldorado (parque durval de barros),-20.00210381,-44.08734131,brasil_aberto,True
MG,3129806,Ibirité,Giácomo Aluotto,giacomo aluotto,-20.0228417,-44.0613952,brasil_aberto,True
MG,3129806,Ibirité,Grota das Goiabeiras,grota das goiabeiras,-20.0240711,-44.0590066,brasil_aberto,True
MG,3129806,Ibirité,Guanabara (Parque Durval de Barros),guanabara (parque durval de barros),-20.00595284,-44.06940842,brasil_aberto,True
MG,3129806,Ibirité,Industrial - 4ª Seção (Parque Durval de Barros),industrial - 4ª secao (parque durval de barros),-19.9832278,-44.0577437,brasil_aberto,True
MG,3129806,Ibirité,Industrial de Ibirité,industrial de ibirite,-20.0124321,-44.09221649,brasil_aberto,True
MG,3129806,Ibirité,Ipiranga,ipiranga,-20.03062248,-44.05783463,brasil_aberto,True
MG,3129806,Ibirité,Jardim Ibirité,jardim ibirite,-20.02834892,-44.05533218,brasil_aberto,True
MG,3129806,Ibirité,Jardim Industrial (Parque Durval de Barros),jardim industrial (parque durval de barros),-20.00292587,-44.09095001,brasil_aberto,True
MG,3129806,Ibirité,Jardim Ipê,jardim ipe,-20.0223979,-44.0672523,brasil_aberto,True
MG,3129806,Ibirité,Jardim Monsenhor Horta - 1ª Seção,jardim monsenhor horta - 1ª secao,-20.0368979,-44.0563802,brasil_aberto,True
MG,3129806,Ibirité,Jardim Monsenhor Horta - 2ª Seção,jardim monsenhor horta - 2ª secao,-20.0483819,-44.0534449,brasil_aberto,True
MG,3129806,Ibirité,Jardim Montanhês,jardim montanhes,-20.04859734,-44.05381012,brasil_aberto,True
MG,3129806,Ibirité,Jardim Montreal - 1ª Seção,jardim montreal - 1ª secao,-20.0121241,-44.1208529,brasil_aberto,True
MG,3129806,Ibirité,Jardim Rosário,jardim rosario,-20.0363457,-44.0675633,brasil_aberto,True
MG,3129806,Ibirité,Jardim das Flores,jardim das flores,-20.03919411,-44.06166458,brasil_aberto,True
MG,3129806,Ibirité,Jardim das Oliveiras,jardim das oliveiras,-20.00732803,-44.08959961,brasil_aberto,True
MG,3129806,Ibirité,Jardim das Rosas - 1ª Seção (Parque Durval de Barros),jardim das rosas - 1ª secao (parque durval de barros),-19.9982422,-44.0967325,brasil_aberto,True
MG,3129806,Ibirité,Jardim das Rosas - 2ª Seção (Parque Durval de Barros),jardim das rosas - 2ª secao (parque durval de barros),-20.0022345,-44.0880279,brasil_aberto,True
MG,3129806,Ibirité,Jaçanã,jacana,-20.0155197,-44.0893243,brasil_aberto,True
MG,3129806,Ibirité,José do Prado (Parque Durval de Barros),jose do prado (parque durval de barros),-19.9849838,-44.0594924,brasil_aberto,True
MG,3129806,Ibirité,Lago Azul - 1ª Seção,lago azul - 1ª secao,-20.0134926,-44.0944937,brasil_aberto,True
MG,3129806,Ibirité,Lago Azul - 2ª Seção,lago azul - 2ª secao,-20.018656,-44.092707,brasil_aberto,True
MG,3129806,Ibirité,Lago Azul - 3ª Seção,lago azul - 3ª secao,-20.0134926,-44.0944937,brasil_aberto,True
MG,3129806,Ibirité,Lajinha (Parque Durval de Barros),lajinha (parque durval de barros),-19.99350548,-44.07810593,brasil_aberto,True
MG,3129806,Ibirité,Los Angeles,los angeles,-20.01194763,-44.04550171,brasil_aberto,True
MG,3129806,Ibirité,Macaúbas,macaubas,-20.020464,-44.068391,brasil_aberto,True
MG,3129806,Ibirité,Marilândia - 1ª Seção,marilandia - 1ª secao,,,brasil_aberto,True
MG,3129806,Ibirité,Marilândia - 2ª Seção,marilandia - 2ª secao,,,brasil_aberto,True
MG,3129806,Ibirité,Marilândia - 3ª Seção,marilandia - 3ª secao,,,brasil_aberto,True
MG,3129806,Ibirité,Mirante (Parque Durval de Barros),mirante (parque durval de barros),-19.9696257,-44.0722796,brasil_aberto,True
MG,3129806,Ibirité,Morada da Serra,morada da serra,-20.02488708,-44.0441246,brasil_aberto,True
MG,3129806,Ibirité,Morada do Sol,morada do sol,-20.0294385,-44.0406969,brasil_aberto,True
MG,3129806,Ibirité,Nascimento,nascimento,-19.61397743,-46.92297745,brasil_aberto,True
MG,3129806,Ibirité,Nossa Senhora de Fátima,nossa senhora de fatima,-20.0363566,-44.0630378,brasil_aberto,True
MG,3129806,Ibirité,Nossa Senhora de Lourdes,nossa senhora de lourdes,-20.0235075,-44.0437277,brasil_aberto,True
MG,3129806,Ibirité,Novo Barreirinho,novo barreirinho,-20.031335,-44.03033480000001,brasil_aberto,True
MG,3129806,Ibirité,Novo Horizonte,novo horizonte,-20.0368042,-44.0634613,brasil_aberto,True
MG,3129806,Ibirité,Ouro Negro,ouro negro,-20.00529671,-44.11870956,brasil_aberto,True
MG,3129806,Ibirité,Palmares - 1ª Seção (Parque Durval de Barros),palmares - 1ª secao (parque durval de barros),-19.9943569,-44.066935,brasil_aberto,True
MG,3129806,Ibirité,Palmares - 2ª Seção (Parque Durval de Barros),palmares - 2ª secao (parque durval de barros),-19.9962793,-44.0654719,brasil_aberto,True
MG,3129806,Ibirité,Palmares - 4ª Seção (Parque Durval de Barros),palmares - 4ª secao (parque durval de barros),-19.9962609,-44.0764313,brasil_aberto,True
MG,3129806,Ibirité,Palmeiras (Parque Durval de Barros),palmeiras (parque durval de barros),-19.98537445,-44.07197189,brasil_aberto,True
MG,3129806,Ibirité,Pantana,pantana,-20.17512703,-44.21540833,brasil_aberto,True
MG,3129806,Ibirité,Parque Afonso de Matos,parque afonso de matos,-20.0223796,-44.0587752,brasil_aberto,True
MG,3129806,Ibirité,Parque Antônio Amábile,parque antonio amabile,-20.0223796,-44.0587752,brasil_aberto,True
MG,3129806,Ibirité,Parque Durval de Barros,parque durval de barros,-19.97396278,-44.06393433,brasil_aberto,True
MG,3129806,Ibirité,Parque Duval de Barros (Parque Durval de Barros),parque duval de barros (parque durval de barros),-19.97444534,-44.06977844,brasil_aberto,True
MG,3129806,Ibirité,Parque Elizabeth,parque elizabeth,-20.01277733,-44.04351425,brasil_aberto,True
MG,3129806,Ibirité,Parque Estrela do Sul,parque estrela do sul,-20.02281952,-44.06411743,brasil_aberto,True
MG,3129806,Ibirité,Parque Jardim 1º de Outubro,parque jardim 1º de outubro,-20.0111039,-44.0446881,brasil_aberto,True
MG,3129806,Ibirité,Petrolina (Parque Durval de Barros),petrolina (parque durval de barros),-19.99670029,-44.09712219,brasil_aberto,True
MG,3129806,Ibirité,Petrovale - 1ª Seção,petrovale - 1ª secao,-19.9992664,-44.1147632,brasil_aberto,True
MG,3129806,Ibirité,Petrovale - 2ª Seção,petrovale - 2ª secao,-20.0015828,-44.1159899,brasil_aberto,True
MG,3129806,Ibirité,Piratininga (Parque Durval de Barros),piratininga (parque durval de barros),-19.99334526,-44.05516815,brasil_aberto,True
MG,3129806,Ibirité,Primavera,primavera,-20.0253321,-44.0325779,brasil_aberto,True
MG,3129806,Ibirité,Professor Washington Pires (Parque Durval de Barros),professor washington pires (parque durval de barros),-19.98788643,-44.05501556,brasil_aberto,True
MG,3129806,Ibirité,Quintas da Jangada - 2ª Seção,quintas da jangada - 2ª secao,-20.02541924,-44.09288788,brasil_aberto,True
MG,3129806,Ibirité,Quintas da Jangada - 3ª Seção,quintas da jangada - 3ª secao,-20.0214146,-44.0928544,brasil_aberto,True
MG,3129806,Ibirité,Recanto Verde,recanto verde,-20.03963089,-44.0643959,brasil_aberto,True
MG,3129806,Ibirité,Recanto Verde - 2ª Seção,recanto verde - 2ª secao,-20.04109383,-44.06312561,brasil_aberto,True
MG,3129806,Ibirité,Recanto da Lagoa - 1ª Seção,recanto da lagoa - 1ª secao,-20.01723099,-44.12097931,brasil_aberto,True
MG,3129806,Ibirité,Recanto da Lagoa - 2ª Seção,recanto da lagoa - 2ª secao,-20.0211277,-44.12407303,brasil_aberto,True
MG,3129806,Ibirité,Recanto das Árvores,recanto das arvores,-20.0293651,-44.0718931,brasil_aberto,True
MG,3129806,Ibirité,Redenção,redencao,-20.02625084,-44.07064056,brasil_aberto,True
MG,3129806,Ibirité,Residencial Lajinha (Parque Durval de Barros),residencial lajinha (parque durval de barros),-19.9938712,-44.0829573,brasil_aberto,True
MG,3129806,Ibirité,Residencial Metrópole,residencial metropole,-20.0281801,-44.0531691,brasil_aberto,True
MG,3129806,Ibirité,Residencial Palmira (Parque Durval de Barros),residencial palmira (parque durval de barros),-19.9937475,-44.0761014,brasil_aberto,True
MG,3129806,Ibirité,Residencial Serra Verde,residencial serra verde,-20.0499268,-44.0506067,brasil_aberto,True
MG,3129806,Ibirité,Retiro do Jatobá (Parque Durval de Barros),retiro do jatoba (parque durval de barros),-19.9994201,-44.0717793,brasil_aberto,True
MG,3129806,Ibirité,Santa Maria,santa maria,-20.02687645,-44.06036758,brasil_aberto,True
MG,3129806,Ibirité,Santa Rita,santa rita,-20.03830528,-44.04924393,brasil_aberto,True
MG,3129806,Ibirité,Santa Terezinha,santa terezinha,-20.04042625,-44.04700851,brasil_aberto,True
MG,3129806,Ibirité,Serra Dourada (Parque Durval de Barros),serra dourada (parque durval de barros),-20.00307083,-44.07229996,brasil_aberto,True
MG,3129806,Ibirité,Sol Nascente (Parque Durval de Barros),sol nascente (parque durval de barros),-20.01482391,-44.12139893,brasil_aberto,True
MG,3129806,Ibirité,São Geraldo,sao geraldo,-20.02284241,-44.06139374,brasil_aberto,True
MG,3129806,Ibirité,São João,sao joao,-20.0289822,-44.0373764,brasil_aberto,True
MG,3129806,Ibirité,São Judas Tadeu (Parque Durval de Barros),sao judas tadeu (parque durval de barros),-19.98744011,-44.05682373,brasil_aberto,True
MG,3129806,Ibirité,São Pedro,sao pedro,-20.01019096,-44.09534836,brasil_aberto,True
MG,3129806,Ibirité,Sítio Cafezal,sitio cafezal,-20.0457145,-44.0520396,brasil_aberto,True
MG,3129806,Ibirité,Trevo,trevo,-20.02180481,-44.09064102,brasil_aberto,True
MG,3129806,Ibirité,Vila Bugarim (Parque Durval de Barros),vila bugarim (parque durval de barros),-19.997065,-44.0934358,brasil_aberto,True
MG,3129806,Ibirité,Vila Canaã,vila canaa,-20.0136561,-44.096642,brasil_aberto,True
MG,3129806,Ibirité,Vila Candelária,vila candelaria,-20.020723,-44.0639299,brasil_aberto,True
MG,3129806,Ibirité,Vila Carvalho,vila carvalho,-20.0202161,-44.0637835,brasil_aberto,True
MG,3129806,Ibirité,Vila Escorpião,vila escorpiao,-18.23679733,-43.6124382,brasil_aberto,True
MG,3129806,Ibirité,Vila Ideal (Parque Durval de Barros),vila ideal (parque durval de barros),-20.0028812,-44.0666144,brasil_aberto,True
MG,3129806,Ibirité,Vila Nova Esperança - 1ª Seção,vila nova esperanca - 1ª secao,-20.0197598,-44.0705326,brasil_aberto,True
MG,3129806,Ibirité,Vila Nova Esperança - 2ª Seção,vila nova esperanca - 2ª secao,-20.01914,-44.0602405,brasil_aberto,True
MG,3129806,Ibirité,Vila Nova Esperança - 3ª Seção,vila nova esperanca - 3ª secao,-20.0195896,-44.0597094,brasil_aberto,True
MG,3129806,Ibirité,Vila Nova Esperança - 4ª Seção,vila nova esperanca - 4ª secao,-20.01604271,-44.08530426,brasil_aberto,True
MG,3129806,Ibirité,Vila Nunes,vila nunes,-20.01418686,-44.09084702,brasil_aberto,True
MG,3129806,Ibirité,Vila Ouro Negro,vila ouro negro,-20.007524,-44.1213757,brasil_aberto,True
MG,3129806,Ibirité,Vila Petrolina (Parque Durval de Barros),vila petrolina (parque durval de barros),-19.9937475,-44.0761014,brasil_aberto,True
MG,3129806,Ibirité,Vila Pinheiros,vila pinheiros,-20.02021599,-44.06378174,brasil_aberto,True
MG,3129806,Ibirité,Vila Rosário,vila rosario,-19.80757523,-43.17427826,brasil_aberto,True
MG,3129806,Ibirité,Vila Serra Dourada (Parque Durval de Barros),vila serra dourada (parque durval de barros),-20.0028812,-44.0666144,brasil_aberto,True
MG,3129806,Ibirité,Vila São Luiz,vila sao luiz,-20.0240711,-44.0590066,brasil_aberto,True
MG,3129806,Ibirité,Vista Alegre - 1ª Seção,vista alegre - 1ª secao,-20.0354406,-44.0391384,brasil_aberto,True
MG,3129806,Ibirité,Vista Alegre - 2ª Seção,vista alegre - 2ª secao,-20.0351817,-44.0414341,brasil_aberto,True
MG,3129806,Ibirité,Várzea,varzea,-20.02573776,-44.05572891,brasil_aberto,True
MG,3129806,Ibirité,Águia Dourada,aguia dourada,-20.0253315,-44.03257751,brasil_aberto,True
MG,3129806,Ibirité,Área Rural de Ibirité,area rural de ibirite,-20.0240711,-44.0590066,brasil_aberto,True
MG,3129905,Ibitiúra de Minas,Centro,centro,-22.0613439,-46.4409841,brasil_aberto,True
MG,3130002,Ibituruna,Centro,centro,-21.1528601,-44.7495851,brasil_aberto,True
MG,3129509,Ibiá,Argenita,argenita,-19.67299271,-46.6797142,brasil_aberto,True
MG,3129509,Ibiá,Centro,centro,-19.4796365,-46.5398701,brasil_aberto,True
MG,3129509,Ibiá,Tobati,tobati,-19.59746742,-46.39193726,brasil_aberto,True
MG,3130051,Icaraí de Minas,Centro,centro,-16.21803474,-44.90636444,brasil_aberto,True
MG,3130101,Igarapé,Centro,centro,,,brasil_aberto,True
MG,3130101,Igarapé,Cidade Nova,cidade nova,,,brasil_aberto,True
MG,3130101,Igarapé,Condomínio Residencial Olaria,condominio residencial olaria,,,brasil_aberto,True
MG,3130101,Igarapé,Novo Igarapé,novo igarape,,,brasil_aberto,True
MG,3130101,Igarapé,Ouro Preto,ouro preto,,,brasil_aberto,True
MG,3130101,Igarapé,Progresso,progresso,,,brasil_aberto,True
MG,3130101,Igarapé,São Sebastião,sao sebastiao,,,brasil_aberto,True
MG,3130200,Igaratinga,Antunes,antunes,-19.90501785,-44.70383835,brasil_aberto,True
MG,3130200,Igaratinga,Centro,centro,-19.952425,-44.70827103,brasil_aberto,True
MG,3130309,Iguatama,Centro,centro,-20.17597389,-45.70632172,brasil_aberto,True
MG,3130309,Iguatama,Corguinhos,corguinhos,,,brasil_aberto,True
MG,3130408,Ijaci,Centro,centro,-21.17125511,-44.9245491,brasil_aberto,True
MG,3130507,Ilicínea,Centro,centro,-20.93879509,-45.82752609,brasil_aberto,True
MG,3130556,Imbé de Minas,Centro,centro,-19.5956192,-41.96925735,brasil_aberto,True
MG,3130606,Inconfidentes,Centro,centro,-19.96408272,-44.03725815,brasil_aberto,True
MG,3130655,Indaiabira,Centro,centro,-15.49042511,-42.20035934,brasil_aberto,True
MG,3130705,Indianópolis,Centro,centro,-16.71767807,-43.86229706,brasil_aberto,True
MG,3130804,Ingaí,Centro,centro,-21.40297699,-44.92082977,brasil_aberto,True
MG,3130903,Inhapim,Bom Jesus do Rio Preto,bom jesus do rio preto,-19.47714996,-41.88887024,brasil_aberto,True
MG,3130903,Inhapim,Centro,centro,-19.54919243,-42.12223434,brasil_aberto,True
MG,3130903,Inhapim,Itajutiba,itajutiba,-19.43395996,-41.9021759,brasil_aberto,True
MG,3130903,Inhapim,Jerusalém,jerusalem,-19.54998207,-42.12145615,brasil_aberto,True
MG,3130903,Inhapim,Macadame,macadame,-19.46804047,-42.03551483,brasil_aberto,True
MG,3130903,Inhapim,Novo Horizonte,novo horizonte,-19.3746427,-41.93224439999999,brasil_aberto,True
MG,3130903,Inhapim,Santo Antônio do Alegre,santo antonio do alegre,-19.5098735,-42.186899,brasil_aberto,True
MG,3130903,Inhapim,São Tomé de Minas,sao tome de minas,-19.54584885,-41.69776535,brasil_aberto,True
MG,3130903,Inhapim,Tabajara,tabajara,-19.58311653,-41.76568985,brasil_aberto,True
MG,3131000,Inhaúma,Centro,centro,-19.4914314,-44.3884453,brasil_aberto,True
MG,3131109,Inimutaba,Centro,centro,-18.7281207,-44.3621728,brasil_aberto,True
MG,3131158,Ipaba,Centro,centro,-19.41410828,-42.41565704,brasil_aberto,True
MG,3131158,Ipaba,Vale Verde de Minas,vale verde de minas,-19.43555069,-42.32987213,brasil_aberto,True
MG,3131208,Ipanema,Centro,centro,-19.800155,-41.7125567,brasil_aberto,True
MG,3131307,Ipatinga,Barra Alegre,barra alegre,-19.51357651,-42.63161469,brasil_aberto,True
MG,3131307,Ipatinga,Bela Vista,bela vista,-19.5098629,-42.54603577,brasil_aberto,True
MG,3131307,Ipatinga,Bethânia,bethania,-19.44689941,-42.54798889,brasil_aberto,True
MG,3131307,Ipatinga,Bom Jardim,bom jardim,-19.47746277,-42.58388138,brasil_aberto,True
MG,3131307,Ipatinga,Bom Retiro,bom retiro,-19.5019969,-42.5593147,brasil_aberto,True
MG,3131307,Ipatinga,Canaã,canaa,-19.44924736,-42.54906464,brasil_aberto,True
MG,3131307,Ipatinga,Caravelas,caravelas,-19.46037674,-42.54150009,brasil_aberto,True
MG,3131307,Ipatinga,Cariru,cariru,-19.49548149,-42.5308075,brasil_aberto,True
MG,3131307,Ipatinga,Castelo,castelo,-19.48783112,-42.5144043,brasil_aberto,True
MG,3131307,Ipatinga,Centro,centro,-19.92770767,-43.94120026,brasil_aberto,True
MG,3131307,Ipatinga,Chácaras Madalena,chacaras madalena,-19.45331383,-42.57520294,brasil_aberto,True
MG,3131307,Ipatinga,Chácaras Oliveira,chacaras oliveira,-19.43344116,-42.56561661,brasil_aberto,True
MG,3131307,Ipatinga,Cidade Nobre,cidade nobre,-19.4583767,-42.5766203,brasil_aberto,True
MG,3131307,Ipatinga,Córrego Novo,corrego novo,-19.45552444,-42.57940674,brasil_aberto,True
MG,3131307,Ipatinga,Das Águas,das aguas,-19.501791,-42.54350281,brasil_aberto,True
MG,3131307,Ipatinga,Distrito Industrial,distrito industrial,-19.4764156,-42.5136184,brasil_aberto,True
MG,3131307,Ipatinga,Esperança,esperanca,-19.46993828,-42.57393646,brasil_aberto,True
MG,3131307,Ipatinga,Ferroviários,ferroviarios,-19.48299789,-42.55614471,brasil_aberto,True
MG,3131307,Ipatinga,Fontes,fontes,-19.43976402,-42.56598663,brasil_aberto,True
MG,3131307,Ipatinga,Granjas Vagalume,granjas vagalume,-19.42267799,-42.54961395,brasil_aberto,True
MG,3131307,Ipatinga,Horto,horto,-19.50255585,-42.57279587,brasil_aberto,True
MG,3131307,Ipatinga,Ideal,ideal,-19.47583771,-42.57143021,brasil_aberto,True
MG,3131307,Ipatinga,Iguaçu,iguacu,-19.47363091,-42.55334091,brasil_aberto,True
MG,3131307,Ipatinga,Imbaúbas,imbaubas,-19.51491356,-42.55848312,brasil_aberto,True
MG,3131307,Ipatinga,Industrial,industrial,-19.50917625,-42.57278061,brasil_aberto,True
MG,3131307,Ipatinga,Irmãos Marianos,irmaos marianos,-19.47913551,-42.57397079,brasil_aberto,True
MG,3131307,Ipatinga,Jardim Panorama,jardim panorama,-19.46843338,-42.55192947,brasil_aberto,True
MG,3131307,Ipatinga,Limoeiro,limoeiro,-19.45655251,-42.59015656,brasil_aberto,True
MG,3131307,Ipatinga,Nova Esperança,nova esperanca,-19.46486092,-42.58304977,brasil_aberto,True
MG,3131307,Ipatinga,Novo Cruzeiro,novo cruzeiro,-19.47281456,-42.53752899,brasil_aberto,True
MG,3131307,Ipatinga,Parque das Águas,parque das aguas,-19.46291733,-42.52194214,brasil_aberto,True
MG,3131307,Ipatinga,Pedra Branca,pedra branca,-19.4099987,-42.5852679,brasil_aberto,True
MG,3131307,Ipatinga,Planalto II,planalto ii,-19.4669341,-42.5221229,brasil_aberto,True
MG,3131307,Ipatinga,Primeiro de Maio,primeiro de maio,-19.89412498,-43.9490509,brasil_aberto,True
MG,3131307,Ipatinga,Recanto,recanto,-19.46073151,-42.58742142,brasil_aberto,True
MG,3131307,Ipatinga,Residencial Ayrton Senna,residencial ayrton senna,-19.4608561,-42.5505491,brasil_aberto,True
MG,3131307,Ipatinga,Taúbas,taubas,-19.40489006,-42.56374359,brasil_aberto,True
MG,3131307,Ipatinga,Tiradentes,tiradentes,-19.4425059,-42.5613775,brasil_aberto,True
MG,3131307,Ipatinga,Veneza,veneza,-19.46418571,-42.53084946,brasil_aberto,True
MG,3131307,Ipatinga,Vila Celeste,vila celeste,-19.4512932,-42.5609514,brasil_aberto,True
MG,3131307,Ipatinga,Vila Formosa,vila formosa,-19.45805359,-42.57531357,brasil_aberto,True
MG,3131307,Ipatinga,Vila Ipanema,vila ipanema,-19.4849475,-42.5158181,brasil_aberto,True
MG,3131307,Ipatinga,Área Rural de Ipatinga,area rural de ipatinga,-19.46319,-42.5592797,brasil_aberto,True
MG,3131406,Ipiaçu,Centro,centro,-18.6916766,-49.9439552,brasil_aberto,True
MG,3131505,Ipuiúna,Centro,centro,-22.098045,-46.1874133,brasil_aberto,True
MG,3131604,Iraí de Minas,Centro,centro,-18.96704483,-48.33376312,brasil_aberto,True
MG,3131703,Itabira,Abóboras,aboboras,-19.65412712,-43.24158478,brasil_aberto,True
MG,3131703,Itabira,Alto Pereira,alto pereira,-19.65151215,-43.23018265,brasil_aberto,True
MG,3131703,Itabira,Alto da Boa Vista,alto da boa vista,-19.63405991,-43.21919632,brasil_aberto,True
MG,3131703,Itabira,Amazonas,amazonas,-19.64129448,-43.23413086,brasil_aberto,True
MG,3131703,Itabira,Barreiro,barreiro,-19.6864371,-43.2267557,brasil_aberto,True
MG,3131703,Itabira,Barro Branco,barro branco,-19.69443512,-43.30292511,brasil_aberto,True
MG,3131703,Itabira,Bela Vista,bela vista,-19.61642456,-43.20903397,brasil_aberto,True
MG,3131703,Itabira,Boa Esperança,boa esperanca,-23.9679985,-46.27992249,brasil_aberto,True
MG,3131703,Itabira,Buritis,buritis,-19.6438482,-43.2123782,brasil_aberto,True
MG,3131703,Itabira,Bálsamos,balsamos,-19.6662558,-43.23885019999999,brasil_aberto,True
MG,3131703,Itabira,Campestre,campestre,-19.6171608,-43.22159576,brasil_aberto,True
MG,3131703,Itabira,Campestre I,campestre i,-19.61487961,-43.21675873,brasil_aberto,True
MG,3131703,Itabira,Centro,centro,-19.62563133,-43.22927094,brasil_aberto,True
MG,3131703,Itabira,Chapada,chapada,-19.666667,-43.316667,brasil_aberto,True
MG,3131703,Itabira,Cidade Nova,cidade nova,-19.6288167,-43.2114099,brasil_aberto,True
MG,3131703,Itabira,Clóvis Alvim I,clovis alvim i,-19.6461277,-43.22938919,brasil_aberto,True
MG,3131703,Itabira,Clóvis Alvim II,clovis alvim ii,-19.64377213,-43.2266655,brasil_aberto,True
MG,3131703,Itabira,Colina da Praia,colina da praia,-19.6340009,-43.2123165,brasil_aberto,True
MG,3131703,Itabira,Condomínio Vila Residencial de Conceição,condominio vila residencial de conceicao,-19.6243501,-43.2235848,brasil_aberto,True
MG,3131703,Itabira,Cônego Guilhermino Pereira,conego guilhermino pereira,-19.6380522,-43.225933,brasil_aberto,True
MG,3131703,Itabira,Distrito Industrial,distrito industrial,-19.68171501,-43.21618652,brasil_aberto,True
MG,3131703,Itabira,Distrito Industrial II,distrito industrial ii,-19.6757285,-43.2110285,brasil_aberto,True
MG,3131703,Itabira,Doze de Março,doze de marco,-19.63720703,-43.22124481,brasil_aberto,True
MG,3131703,Itabira,Eldorado,eldorado,-19.6219883,-43.21190643,brasil_aberto,True
MG,3131703,Itabira,Esplanada da Estação,esplanada da estacao,-19.6283681,-43.2249413,brasil_aberto,True
MG,3131703,Itabira,Flamboyant,flamboyant,-19.65667152,-43.20401001,brasil_aberto,True
MG,3131703,Itabira,Fênix,fenix,-19.6601162,-43.2358017,brasil_aberto,True
MG,3131703,Itabira,Gabiroba,gabiroba,-19.65322685,-43.21032715,brasil_aberto,True
MG,3131703,Itabira,Gabiroba (1ª Seção),gabiroba (1ª secao),-19.6483951,-43.2150459,brasil_aberto,True
MG,3131703,Itabira,Gianette,gianette,-19.63830185,-43.23596191,brasil_aberto,True
MG,3131703,Itabira,Hamilton,hamilton,-19.64308739,-43.23819351,brasil_aberto,True
MG,3131703,Itabira,Ipoema,ipoema,-19.62153244,-43.4348259,brasil_aberto,True
MG,3131703,Itabira,Jardim Belvedere,jardim belvedere,-19.6667881,-43.22968292,brasil_aberto,True
MG,3131703,Itabira,Jardim Buritis,jardim buritis,-19.6398411,-43.2153773,brasil_aberto,True
MG,3131703,Itabira,Jardim dos Ipês,jardim dos ipes,-19.65321922,-43.2177887,brasil_aberto,True
MG,3131703,Itabira,João XXIII,joao xxiii,-19.65172386,-43.23357773,brasil_aberto,True
MG,3131703,Itabira,Juca Rosa,juca rosa,-19.63103104,-43.21488571,brasil_aberto,True
MG,3131703,Itabira,Juca Rosa 2ª Etapa,juca rosa 2ª etapa,-19.6384151,-43.232655,brasil_aberto,True
MG,3131703,Itabira,Machado,machado,-21.68503761,-45.91102982,brasil_aberto,True
MG,3131703,Itabira,Madre Maria de Jesus,madre maria de jesus,-19.6436657,-43.2248572,brasil_aberto,True
MG,3131703,Itabira,Major Lage de Baixo,major lage de baixo,-19.63103867,-43.22505569,brasil_aberto,True
MG,3131703,Itabira,Major Lage de Cima,major lage de cima,-19.63609314,-43.23337555,brasil_aberto,True
MG,3131703,Itabira,Moinho Velho,moinho velho,-19.6243501,-43.2235848,brasil_aberto,True
MG,3131703,Itabira,Monsenhor José Lopes,monsenhor jose lopes,-19.6569252,-43.22512054,brasil_aberto,True
MG,3131703,Itabira,Nossa Senhora das Oliveiras,nossa senhora das oliveiras,-19.6282552,-43.2073984,brasil_aberto,True
MG,3131703,Itabira,Nova Vista,nova vista,-19.6412946,-43.22201,brasil_aberto,True
MG,3131703,Itabira,Novo Amazonas,novo amazonas,-19.63786125,-43.22729874,brasil_aberto,True
MG,3131703,Itabira,Panorama,panorama,-19.63462257,-43.22400665,brasil_aberto,True
MG,3131703,Itabira,Pará,para,-19.62434006,-43.2310524,brasil_aberto,True
MG,3131703,Itabira,Pedreira,pedreira,-19.59491539,-43.19378281,brasil_aberto,True
MG,3131703,Itabira,Penha,penha,-19.6135494,-43.223962,brasil_aberto,True
MG,3131703,Itabira,Praia,praia,-19.63170815,-43.20505524,brasil_aberto,True
MG,3131703,Itabira,Quatorze de Fevereiro,quatorze de fevereiro,-19.62816811,-43.2326355,brasil_aberto,True
MG,3131703,Itabira,Quintas da Rocinha,quintas da rocinha,-19.5760809,-43.1850404,brasil_aberto,True
MG,3131703,Itabira,Ribeira de Baixo,ribeira de baixo,-19.66192055,-43.21342468,brasil_aberto,True
MG,3131703,Itabira,Ribeira de Cima,ribeira de cima,-19.66452217,-43.22589493,brasil_aberto,True
MG,3131703,Itabira,Santa Inês,santa ines,-19.48962402,-42.61813736,brasil_aberto,True
MG,3131703,Itabira,Santa Marta,santa marta,-19.659198,-43.2258343,brasil_aberto,True
MG,3131703,Itabira,Santa Matilde,santa matilde,-19.6243501,-43.2235848,brasil_aberto,True
MG,3131703,Itabira,Santa Ruth,santa ruth,-19.65989494,-43.23030472,brasil_aberto,True
MG,3131703,Itabira,Santa Tereza (Cvrd),santa tereza (cvrd),-19.65458679,-43.2143631,brasil_aberto,True
MG,3131703,Itabira,Santo Antônio,santo antonio,-21.78391266,-43.35848999,brasil_aberto,True
MG,3131703,Itabira,Senhora do Carmo,senhora do carmo,-19.51317215,-43.37169647,brasil_aberto,True
MG,3131703,Itabira,Serra do Esmeril,serra do esmeril,-19.6243501,-43.2235848,brasil_aberto,True
MG,3131703,Itabira,São Bento,sao bento,-19.63798523,-43.23366165,brasil_aberto,True
MG,3131703,Itabira,São Cristóvão,sao cristovao,-19.63393402,-43.21707535,brasil_aberto,True
MG,3131703,Itabira,São Francisco,sao francisco,-19.6267494,-43.2130934,brasil_aberto,True
MG,3131703,Itabira,São Marcos,sao marcos,-19.63266945,-43.22084808,brasil_aberto,True
MG,3131703,Itabira,São Pedro,sao pedro,-19.61971855,-43.21355057,brasil_aberto,True
MG,3131703,Itabira,Vale do Sol,vale do sol,-19.64533234,-43.20774078,brasil_aberto,True
MG,3131703,Itabira,Valença,valenca,-19.64789963,-43.23931122,brasil_aberto,True
MG,3131703,Itabira,Vila Amélia,vila amelia,-19.63084221,-43.23582458,brasil_aberto,True
MG,3131703,Itabira,Vila Bethânia,vila bethania,-19.6484108,-43.22138977,brasil_aberto,True
MG,3131703,Itabira,Vila Conceição de Baixo,vila conceicao de baixo,-19.66175842,-43.24326706,brasil_aberto,True
MG,3131703,Itabira,Vila Nações Unidas,vila nacoes unidas,-19.61660576,-43.23151779,brasil_aberto,True
MG,3131703,Itabira,Vila Piedade,vila piedade,-19.6231575,-43.21998978,brasil_aberto,True
MG,3131703,Itabira,Vila Salica,vila salica,-19.6413238,-43.2236417,brasil_aberto,True
MG,3131703,Itabira,Vila Santa Izabel,vila santa izabel,-19.62727356,-43.2207756,brasil_aberto,True
MG,3131703,Itabira,Vila Santa Rosa,vila santa rosa,-19.63206673,-43.22511673,brasil_aberto,True
MG,3131703,Itabira,Vila Senhora de Fátima,vila senhora de fatima,-19.6265316,-43.23286057,brasil_aberto,True
MG,3131703,Itabira,Vila São Geraldo,vila sao geraldo,-19.6299572,-43.22073364,brasil_aberto,True
MG,3131703,Itabira,Vila São Joaquim,vila sao joaquim,-19.63205719,-43.23417282,brasil_aberto,True
MG,3131703,Itabira,Água Fresca,agua fresca,-19.63907051,-43.22179794,brasil_aberto,True
MG,3131703,Itabira,Área Rural de Itabira,area rural de itabira,-19.6243501,-43.2235848,brasil_aberto,True
MG,3131802,Itabirinha,Boa União de Itabirinha,boa uniao de itabirinha,-18.49183273,-41.30109024,brasil_aberto,True
MG,3131802,Itabirinha,Centro,centro,-22.4168008,-45.4521607,brasil_aberto,True
MG,3131901,Itabirito,Aconchego da Serra,aconchego da serra,-20.26103783,-43.959095,brasil_aberto,True
MG,3131901,Itabirito,Acuruí,acurui,-20.20924187,-43.72206879,brasil_aberto,True
MG,3131901,Itabirito,Adão Lopes,adao lopes,-20.2465744,-43.76817322,brasil_aberto,True
MG,3131901,Itabirito,Agostinho Rodrigues,agostinho rodrigues,-20.25091553,-43.79439163,brasil_aberto,True
MG,3131901,Itabirito,Alberto Woods Soares,alberto woods soares,-20.2599021,-43.8061533,brasil_aberto,True
MG,3131901,Itabirito,Alto Cardoso,alto cardoso,-20.2636204,-43.7928256,brasil_aberto,True
MG,3131901,Itabirito,Bação,bacao,-20.34037209,-43.82731628,brasil_aberto,True
MG,3131901,Itabirito,Bela Vista,bela vista,-20.25091553,-43.79439163,brasil_aberto,True
MG,3131901,Itabirito,Boa Viagem,boa viagem,-20.25174522,-43.80780792,brasil_aberto,True
MG,3131901,Itabirito,Botas,botas,-20.27109528,-43.8114357,brasil_aberto,True
MG,3131901,Itabirito,Calçada,calcada,-20.37467384,-43.61058807,brasil_aberto,True
MG,3131901,Itabirito,Capanema,capanema,-20.23448753,-43.80387878,brasil_aberto,True
MG,3131901,Itabirito,Cardoso,cardoso,-20.26565361,-43.79181671,brasil_aberto,True
MG,3131901,Itabirito,Centro,centro,-20.25464439,-43.80026245,brasil_aberto,True
MG,3131901,Itabirito,Cohab,cohab,-20.2344715,-43.801104,brasil_aberto,True
MG,3131901,Itabirito,Cruz do Munu,cruz do munu,-20.2676657,-43.8203643,brasil_aberto,True
MG,3131901,Itabirito,Córrego do Bação,corrego do bacao,-20.2797184,-43.82075882,brasil_aberto,True
MG,3131901,Itabirito,Distrito Industrial,distrito industrial,-20.2381156,-43.8007519,brasil_aberto,True
MG,3131901,Itabirito,Dona Lila,dona lila,-20.2473278,-43.80263901,brasil_aberto,True
MG,3131901,Itabirito,Dona Luizinha,dona luizinha,-20.2614417,-43.8026648,brasil_aberto,True
MG,3131901,Itabirito,Esperança,esperanca,-20.2250094,-43.8033739,brasil_aberto,True
MG,3131901,Itabirito,Esplanada da Serra,esplanada da serra,,,brasil_aberto,True
MG,3131901,Itabirito,Floresta,floresta,-20.2531682,-43.7801055,brasil_aberto,True
MG,3131901,Itabirito,Funcionários,funcionarios,-20.2550149,-43.806123,brasil_aberto,True
MG,3131901,Itabirito,Garden Ville,garden ville,-20.26265335,-43.79321671,brasil_aberto,True
MG,3131901,Itabirito,Gutierrez,gutierrez,-19.7946434,-44.01266861,brasil_aberto,True
MG,3131901,Itabirito,Inconfidentes,inconfidentes,-20.37467384,-43.61058807,brasil_aberto,True
MG,3131901,Itabirito,Itaubira,itaubira,-20.2480193,-43.7841922,brasil_aberto,True
MG,3131901,Itabirito,Jardim das Acácias,jardim das acacias,-20.24141884,-43.81025314,brasil_aberto,True
MG,3131901,Itabirito,João Carolino,joao carolino,-20.245327,-43.80809021,brasil_aberto,True
MG,3131901,Itabirito,Liberdade,liberdade,-20.247018,-43.7730357,brasil_aberto,True
MG,3131901,Itabirito,Lourdes,lourdes,-20.2484174,-43.8019488,brasil_aberto,True
MG,3131901,Itabirito,Marzagão,marzagao,-20.2574442,-43.7926811,brasil_aberto,True
MG,3131901,Itabirito,Matozinhos,matozinhos,-20.25912285,-43.80820847,brasil_aberto,True
MG,3131901,Itabirito,Meu Sítio,meu sitio,-20.2762749,-43.7968984,brasil_aberto,True
MG,3131901,Itabirito,Monte Sinai,monte sinai,-20.25835419,-43.80437469,brasil_aberto,True
MG,3131901,Itabirito,Monte Verde,monte verde,-20.2589007,-43.7870746,brasil_aberto,True
MG,3131901,Itabirito,Munu,munu,-20.26575851,-43.82456589,brasil_aberto,True
MG,3131901,Itabirito,Nossa Senhora De Fátima,nossa senhora de fatima,-20.23447227,-43.8011055,brasil_aberto,True
MG,3131901,Itabirito,Novo Horizonte,novo horizonte,-19.96896362,-44.19501495,brasil_aberto,True
MG,3131901,Itabirito,Novo Itabirito,novo itabirito,-20.26130295,-43.77478409,brasil_aberto,True
MG,3131901,Itabirito,Novo Santa Efigênia,novo santa efigenia,-20.2552137,-43.7909266,brasil_aberto,True
MG,3131901,Itabirito,Padre Adelmo,padre adelmo,-20.26611328,-43.79692078,brasil_aberto,True
MG,3131901,Itabirito,Padre Eustáquio,padre eustaquio,-20.26391792,-43.80216599,brasil_aberto,True
MG,3131901,Itabirito,Pedra Azul,pedra azul,-20.25557899,-43.78247833,brasil_aberto,True
MG,3131901,Itabirito,Perobas,perobas,-20.23737144,-43.79780579,brasil_aberto,True
MG,3131901,Itabirito,Portões,portoes,-20.2221825,-43.7750301,brasil_aberto,True
MG,3131901,Itabirito,Praia,praia,-20.24803162,-43.80896378,brasil_aberto,True
MG,3131901,Itabirito,Primavera,primavera,-18.8968277,-41.94447327,brasil_aberto,True
MG,3131901,Itabirito,Quinta dos Inconfidentes,quinta dos inconfidentes,-20.2436409,-43.79520798,brasil_aberto,True
MG,3131901,Itabirito,Santa Clara,santa clara,-20.2665329,-43.790642,brasil_aberto,True
MG,3131901,Itabirito,Santa Efigênia,santa efigenia,-20.25091553,-43.79439163,brasil_aberto,True
MG,3131901,Itabirito,Santa Rita,santa rita,-20.25336838,-43.81293106,brasil_aberto,True
MG,3131901,Itabirito,Santa Tereza,santa tereza,-20.26054382,-43.79760742,brasil_aberto,True
MG,3131901,Itabirito,Santo Antônio,santo antonio,-20.24391174,-43.80615234,brasil_aberto,True
MG,3131901,Itabirito,Saudade,saudade,-20.24803162,-43.80896378,brasil_aberto,True
MG,3131901,Itabirito,Serra Azul,serra azul,-20.24407387,-43.81141281,brasil_aberto,True
MG,3131901,Itabirito,Solare Van Damme 1,solare van damme 1,,,brasil_aberto,True
MG,3131901,Itabirito,Solare Van Damme 2,solare van damme 2,,,brasil_aberto,True
MG,3131901,Itabirito,São Geraldo,sao geraldo,-20.26375008,-43.79754257,brasil_aberto,True
MG,3131901,Itabirito,São Gonçalo do Monte,sao goncalo do monte,-20.23835945,-43.74350739,brasil_aberto,True
MG,3131901,Itabirito,São José,sao jose,-19.45576859,-44.24263382,brasil_aberto,True
MG,3131901,Itabirito,São Mateus,sao mateus,-20.2443482,-43.7723947,brasil_aberto,True
MG,3131901,Itabirito,Tombadouro,tombadouro,-20.25174522,-43.80780792,brasil_aberto,True
MG,3131901,Itabirito,Veneza,veneza,-20.2575003,-43.7834525,brasil_aberto,True
MG,3131901,Itabirito,Vila Gonçalo,vila goncalo,-20.24805832,-43.81140518,brasil_aberto,True
MG,3131901,Itabirito,Vila José Lopes,vila jose lopes,-20.24391174,-43.80615234,brasil_aberto,True
MG,3131901,Itabirito,Villa Bella,villa bella,-20.270333,-43.9462681,brasil_aberto,True
MG,3131901,Itabirito,Álvaro Maia,alvaro maia,-20.2524211,-43.7879199,brasil_aberto,True
MG,3131901,Itabirito,Área Rural de Itabirito,area rural de itabirito,-20.2481745,-43.8043936,brasil_aberto,True
MG,3132008,Itacambira,Centro,centro,-17.0639895,-43.310144,brasil_aberto,True
MG,3132107,Itacarambi,Centro,centro,-15.0987154,-44.0931058,brasil_aberto,True
MG,3132206,Itaguara,Centro,centro,-20.39157295,-44.48703766,brasil_aberto,True
MG,3132305,Itaipé,Centro,centro,-16.71832657,-43.86326599,brasil_aberto,True
MG,3132404,Itajubá,Anhumas,anhumas,-22.45631599,-45.46396637,brasil_aberto,True
MG,3132404,Itajubá,Avenida,avenida,-22.42849731,-45.46447754,brasil_aberto,True
MG,3132404,Itajubá,Açude,acude,-22.4088432,-45.4778203,brasil_aberto,True
MG,3132404,Itajubá,Boa Vista,boa vista,-22.42612076,-45.46052551,brasil_aberto,True
MG,3132404,Itajubá,Centro,centro,-22.42355347,-45.45335388,brasil_aberto,True
MG,3132404,Itajubá,Cruzeiro,cruzeiro,-22.41758919,-45.44589615,brasil_aberto,True
MG,3132404,Itajubá,Distrito Industrial,distrito industrial,-22.4246521,-45.47647095,brasil_aberto,True
MG,3132404,Itajubá,Estiva,estiva,-22.41941452,-45.44350052,brasil_aberto,True
MG,3132404,Itajubá,Imbel,imbel,-22.4386658,-45.4315633,brasil_aberto,True
MG,3132404,Itajubá,Jardim Bernadete,jardim bernadete,-22.43998909,-45.47397614,brasil_aberto,True
MG,3132404,Itajubá,Medicina,medicina,-22.43634224,-45.45391464,brasil_aberto,True
MG,3132404,Itajubá,Morro Chic,morro chic,-22.41822052,-45.45750427,brasil_aberto,True
MG,3132404,Itajubá,Morro Grande,morro grande,-22.5453987,-45.3661138,brasil_aberto,True
MG,3132404,Itajubá,Nações,nacoes,-22.4252467,-45.4639095,brasil_aberto,True
MG,3132404,Itajubá,Nossa Senhora da Agonia,nossa senhora da agonia,-22.41344452,-45.44266891,brasil_aberto,True
MG,3132404,Itajubá,Nossa Senhora de Fátima,nossa senhora de fatima,-22.4397049,-45.43898392,brasil_aberto,True
MG,3132404,Itajubá,Novo Horizonte,novo horizonte,-22.41503906,-45.4745636,brasil_aberto,True
MG,3132404,Itajubá,Oriente,oriente,-22.42132378,-45.4485321,brasil_aberto,True
MG,3132404,Itajubá,Piedade,piedade,-22.44650459,-45.48585129,brasil_aberto,True
MG,3132404,Itajubá,Pinheirinho,pinheirinho,-22.4209671,-45.45111465,brasil_aberto,True
MG,3132404,Itajubá,Ponte Alta,ponte alta,-22.4492377,-45.5075995,brasil_aberto,True
MG,3132404,Itajubá,Porto Velho,porto velho,-22.42948914,-45.45064545,brasil_aberto,True
MG,3132404,Itajubá,Rebourgeon,rebourgeon,-22.44662857,-45.47637177,brasil_aberto,True
MG,3132404,Itajubá,Santa Luzia,santa luzia,-22.44156265,-45.46734238,brasil_aberto,True
MG,3132404,Itajubá,Santa Rita de Cássia,santa rita de cassia,-22.43514633,-45.43703461,brasil_aberto,True
MG,3132404,Itajubá,Santa Rosa,santa rosa,-22.45140266,-45.42164612,brasil_aberto,True
MG,3132404,Itajubá,Santo Antônio,santo antonio,-22.43806458,-45.46650314,brasil_aberto,True
MG,3132404,Itajubá,Santos Dumont,santos dumont,-22.422472,-45.4817009,brasil_aberto,True
MG,3132404,Itajubá,São José do Rio Manso,sao jose do rio manso,-20.266236,-44.3089514,brasil_aberto,True
MG,3132404,Itajubá,São Judas Tadeu,sao judas tadeu,-22.4228832,-45.468869,brasil_aberto,True
MG,3132404,Itajubá,São Sebastião,sao sebastiao,-22.43340683,-45.44105911,brasil_aberto,True
MG,3132404,Itajubá,São Vicente,sao vicente,-22.43229675,-45.45423889,brasil_aberto,True
MG,3132404,Itajubá,Varginha,varginha,-22.42380333,-45.45074844,brasil_aberto,True
MG,3132404,Itajubá,Vila Betel,vila betel,-22.40751839,-45.46543121,brasil_aberto,True
MG,3132404,Itajubá,Vila Isabel,vila isabel,-22.41427803,-45.46698761,brasil_aberto,True
MG,3132404,Itajubá,Vila Poddis,vila poddis,-22.43350601,-45.46879959,brasil_aberto,True
MG,3132404,Itajubá,Vila Rubens,vila rubens,-22.418293,-45.46428299,brasil_aberto,True
MG,3132404,Itajubá,Área Rural de Itajubá,area rural de itajuba,-22.4247429,-45.4601323,brasil_aberto,True
MG,3132503,Itamarandiba,Centro,centro,,,brasil_aberto,True
MG,3132503,Itamarandiba,Contrato,contrato,,,brasil_aberto,True
MG,3132503,Itamarandiba,Padre João Afonso,padre joao afonso,-17.98033524,-42.65108871,brasil_aberto,True
MG,3132503,Itamarandiba,Penha de França,penha de franca,,,brasil_aberto,True
MG,3132602,Itamarati de Minas,Centro,centro,-21.41780663,-42.81832504,brasil_aberto,True
MG,3132701,Itambacuri,Centro,centro,-17.85921478,-41.50923157,brasil_aberto,True
MG,3132701,Itambacuri,Frei Serafim,frei serafim,-18.13510704,-41.86071777,brasil_aberto,True
MG,3132701,Itambacuri,Guarataia,guarataia,-18.2770926,-41.881573,brasil_aberto,True
MG,3132800,Itambé do Mato Dentro,Centro,centro,-19.4136475,-43.32092110000001,brasil_aberto,True
MG,3132909,Itamogi,Centro,centro,-21.0795033,-47.0478304,brasil_aberto,True
MG,3133006,Itamonte,Centro,centro,-22.28584099,-44.87070084,brasil_aberto,True
MG,3133105,Itanhandu,Centro,centro,-22.29805565,-44.93697357,brasil_aberto,True
MG,3133204,Itanhomi,Centro,centro,-19.1705201,-41.8628069,brasil_aberto,True
MG,3133204,Itanhomi,Edgard Melo,edgard melo,-19.21823883,-41.92925262,brasil_aberto,True
MG,3133204,Itanhomi,Iara,iara,,,brasil_aberto,True
MG,3133204,Itanhomi,São Francisco do Jataí,sao francisco do jatai,-19.2252983,-41.7783535,brasil_aberto,True
MG,3133303,Itaobim,Centro,centro,-16.5629286,-41.4990096,brasil_aberto,True
MG,3133402,Itapagipe,Centro,centro,-19.9022573,-49.3716027,brasil_aberto,True
MG,3133501,Itapecerica,Centro,centro,-20.47033501,-45.12517166,brasil_aberto,True
MG,3133501,Itapecerica,Lamounier,lamounier,-20.47462273,-45.03615189,brasil_aberto,True
MG,3133501,Itapecerica,Marilândia,marilandia,-20.36163139,-44.93046951,brasil_aberto,True
MG,3133501,Itapecerica,Neolândia,neolandia,-20.34166908,-45.15316391,brasil_aberto,True
MG,3133709,Itatiaiuçu,Centro,centro,-20.19888115,-44.42290497,brasil_aberto,True
MG,3133709,Itatiaiuçu,Pinheiros,pinheiros,-20.18065834,-44.38073349,brasil_aberto,True
MG,3133709,Itatiaiuçu,Santa Terezinha de Minas,santa terezinha de minas,-20.22643471,-44.39660263,brasil_aberto,True
MG,3133907,Itaverava,Centro,centro,-20.6763205,-43.60886379999999,brasil_aberto,True
MG,3133907,Itaverava,Monsenhor Isidro,monsenhor isidro,-20.6186409,-43.63314056,brasil_aberto,True
MG,3133758,Itaú de Minas,Centro,centro,-20.74361038,-46.75015259,brasil_aberto,True
MG,3133808,Itaúna,Aeroporto,aeroporto,-20.0938797,-44.60046005,brasil_aberto,True
MG,3133808,Itaúna,Aeroporto II,aeroporto ii,-20.09684563,-44.59945679,brasil_aberto,True
MG,3133808,Itaúna,Alaita,alaita,-20.08240509,-44.60202789,brasil_aberto,True
MG,3133808,Itaúna,Antunes,antunes,-20.06360054,-44.56824875,brasil_aberto,True
MG,3133808,Itaúna,Aurora Village,aurora village,,,brasil_aberto,True
MG,3133808,Itaúna,Bela Vista,bela vista,-20.08483124,-44.59146118,brasil_aberto,True
MG,3133808,Itaúna,Belvedere,belvedere,-20.07393646,-44.58682251,brasil_aberto,True
MG,3133808,Itaúna,Boulevard Lago Sul,boulevard lago sul,-20.0970726,-44.57827759,brasil_aberto,True
MG,3133808,Itaúna,Centro,centro,-20.07752037,-44.57281494,brasil_aberto,True
MG,3133808,Itaúna,Cerqueira Lima,cerqueira lima,-20.07815742,-44.58696365,brasil_aberto,True
MG,3133808,Itaúna,Chácara do Quitão,chacara do quitao,-20.0881745,-44.5949742,brasil_aberto,True
MG,3133808,Itaúna,Cidade Leonane,cidade leonane,-20.06733131,-44.55162811,brasil_aberto,True
MG,3133808,Itaúna,Cidade Nova,cidade nova,-20.1064415,-44.59485626,brasil_aberto,True
MG,3133808,Itaúna,Cidade Nova II,cidade nova ii,-20.10281563,-44.59103775,brasil_aberto,True
MG,3133808,Itaúna,Condomínio Recanto dos Pássaros,condominio recanto dos passaros,-20.1207939,-44.5505832,brasil_aberto,True
MG,3133808,Itaúna,Conjunto Habitacional Jadir Marinho,conjunto habitacional jadir marinho,-20.05664825,-44.56462097,brasil_aberto,True
MG,3133808,Itaúna,Distrito Industrial,distrito industrial,-20.05108833,-44.61688614,brasil_aberto,True
MG,3133808,Itaúna,Eldorado,eldorado,-20.0629501,-44.5697371,brasil_aberto,True
MG,3133808,Itaúna,Garcias,garcias,-20.09458733,-44.60397339,brasil_aberto,True
MG,3133808,Itaúna,Godofredo Gonçalves,godofredo goncalves,-20.1057688,-44.59957,brasil_aberto,True
MG,3133808,Itaúna,Granja Glória,granja gloria,-19.82891655,-44.02246857,brasil_aberto,True
MG,3133808,Itaúna,Graças,gracas,-20.07105637,-44.58530045,brasil_aberto,True
MG,3133808,Itaúna,Irmãos Auler,irmaos auler,-20.06569672,-44.557827,brasil_aberto,True
MG,3133808,Itaúna,Itaunense,itaunense,-20.09420776,-44.61375427,brasil_aberto,True
MG,3133808,Itaúna,Itaunense II,itaunense ii,-20.09420776,-44.61375427,brasil_aberto,True
MG,3133808,Itaúna,João Paulo II,joao paulo ii,-21.17812157,-47.80686188,brasil_aberto,True
MG,3133808,Itaúna,Juscelino Kubitschek,juscelino kubitschek,-20.0912144,-44.5666792,brasil_aberto,True
MG,3133808,Itaúna,Lourdes,lourdes,-20.08375931,-44.56789017,brasil_aberto,True
MG,3133808,Itaúna,Morada Nova,morada nova,-20.0900738,-44.591959,brasil_aberto,True
MG,3133808,Itaúna,Morro do Engenho,morro do engenho,-20.09340096,-44.56653214,brasil_aberto,True
MG,3133808,Itaúna,Morro do Sol,morro do sol,-20.0908699,-44.59844208,brasil_aberto,True
MG,3133808,Itaúna,Murilo Augusto Gonçalves,murilo augusto goncalves,-20.10741234,-44.59494781,brasil_aberto,True
MG,3133808,Itaúna,Nogueira Machado,nogueira machado,-20.08775139,-44.57473373,brasil_aberto,True
MG,3133808,Itaúna,Nogueirinha,nogueirinha,-20.09294891,-44.57347488,brasil_aberto,True
MG,3133808,Itaúna,Novo Horizonte,novo horizonte,-20.0848897,-44.589642,brasil_aberto,True
MG,3133808,Itaúna,Núcleo Regional Victor Gonçalves de Sousa,nucleo regional victor goncalves de sousa,-20.0670124,-44.5931862,brasil_aberto,True
MG,3133808,Itaúna,Olímpio Moreira,olimpio moreira,-20.0787624,-44.5653158,brasil_aberto,True
MG,3133808,Itaúna,Padre Eustáquio,padre eustaquio,-20.0698905,-44.5603986,brasil_aberto,True
MG,3133808,Itaúna,Parque Jardim Santanense,parque jardim santanense,-20.090255,-44.6140999,brasil_aberto,True
MG,3133808,Itaúna,Piaguassu,piaguassu,-20.05903816,-44.5549736,brasil_aberto,True
MG,3133808,Itaúna,Piedade,piedade,-20.08156204,-44.58827209,brasil_aberto,True
MG,3133808,Itaúna,Pio XII,pio xii,-20.086585,-44.5790223,brasil_aberto,True
MG,3133808,Itaúna,Residencial Morro do Sol,residencial morro do sol,-20.08896255,-44.58073807,brasil_aberto,True
MG,3133808,Itaúna,Residencial Santanense,residencial santanense,-20.08115959,-44.60417557,brasil_aberto,True
MG,3133808,Itaúna,Residencial São Geraldo,residencial sao geraldo,-20.09192848,-44.59520721,brasil_aberto,True
MG,3133808,Itaúna,Residencial Veredas,residencial veredas,-20.0750679,-44.5609036,brasil_aberto,True
MG,3133808,Itaúna,Residencial Veredas II,residencial veredas ii,-20.0759966,-44.5599371,brasil_aberto,True
MG,3133808,Itaúna,Santa Edwiges,santa edwiges,-20.09528923,-44.59091187,brasil_aberto,True
MG,3133808,Itaúna,Santa Edwiges II,santa edwiges ii,-20.0978362,-44.58773559999999,brasil_aberto,True
MG,3133808,Itaúna,Santa Mônica,santa monica,-20.06226921,-44.56831741,brasil_aberto,True
MG,3133808,Itaúna,Santanense,santanense,-20.07023048,-44.60717773,brasil_aberto,True
MG,3133808,Itaúna,Santiago,santiago,-20.07317543,-44.56913757,brasil_aberto,True
MG,3133808,Itaúna,Sion,sion,-20.0862093,-44.5660479,brasil_aberto,True
MG,3133808,Itaúna,São Bento,sao bento,-20.09005547,-44.61837769,brasil_aberto,True
MG,3133808,Itaúna,São Geraldo,sao geraldo,-20.09289551,-44.59399033,brasil_aberto,True
MG,3133808,Itaúna,São Judas Tadeu,sao judas tadeu,-20.06612587,-44.59135056,brasil_aberto,True
MG,3133808,Itaúna,Tropical,tropical,-20.07903862,-44.59119797,brasil_aberto,True
MG,3133808,Itaúna,Três Marias,tres marias,-20.10267067,-44.59860229,brasil_aberto,True
MG,3133808,Itaúna,Universitário,universitario,-20.06530952,-44.58168411,brasil_aberto,True
MG,3133808,Itaúna,Vale das Aroeiras,vale das aroeiras,-20.08073807,-44.61008835,brasil_aberto,True
MG,3133808,Itaúna,Vila Augusto Chaves,vila augusto chaves,-20.067827,-44.58754990000001,brasil_aberto,True
MG,3133808,Itaúna,Vila Mozart,vila mozart,-20.08019829,-44.56925583,brasil_aberto,True
MG,3133808,Itaúna,Vila Nazaré,vila nazare,-20.0833168,-44.58917618,brasil_aberto,True
MG,3133808,Itaúna,Vila Santa Maria,vila santa maria,-20.05981636,-44.61618042,brasil_aberto,True
MG,3133808,Itaúna,Vila Tavares,vila tavares,-20.06833649,-44.56808472,brasil_aberto,True
MG,3133808,Itaúna,Vila Vilaça,vila vilaca,-19.91630554,-43.99355698,brasil_aberto,True
MG,3133808,Itaúna,Vila Washington,vila washington,-20.08694649,-44.59420395,brasil_aberto,True
MG,3133808,Itaúna,Vitória,vitoria,-20.20004654,-40.26504517,brasil_aberto,True
MG,3133808,Itaúna,Várzea da Olaria,varzea da olaria,,,brasil_aberto,True
MG,3133808,Itaúna,Área Rural de Itaúna,area rural de itauna,-20.076081,-44.5799703,brasil_aberto,True
MG,3134004,Itinga,Centro,centro,-16.65711784,-49.27137375,brasil_aberto,True
MG,3134004,Itinga,Jacaré,jacare,-20.76815033,-45.03137207,brasil_aberto,True
MG,3134103,Itueta,Centro,centro,-19.39603424,-41.22563553,brasil_aberto,True
MG,3134103,Itueta,Quatituba,quatituba,-19.41332436,-41.24696732,brasil_aberto,True
MG,3134202,Ituiutaba,Alcides Junqueira,alcides junqueira,-18.98701668,-49.45270157,brasil_aberto,True
MG,3134202,Ituiutaba,Alvorada,alvorada,-18.96878815,-49.48427582,brasil_aberto,True
MG,3134202,Ituiutaba,Bela Vista,bela vista,-18.9558825,-49.4504303,brasil_aberto,True
MG,3134202,Ituiutaba,Boa Esperança,boa esperanca,-18.99761772,-49.43699265,brasil_aberto,True
MG,3134202,Ituiutaba,Brasil,brasil,-23.48207092,-46.08682632,brasil_aberto,True
MG,3134202,Ituiutaba,Camargo,camargo,-18.98032188,-49.44830704,brasil_aberto,True
MG,3134202,Ituiutaba,Carvalho,carvalho,-18.9888916,-49.45928192,brasil_aberto,True
MG,3134202,Ituiutaba,Central,central,-18.9695368,-49.4701427,brasil_aberto,True
MG,3134202,Ituiutaba,Centro,centro,-18.970603,-49.4638928,brasil_aberto,True
MG,3134202,Ituiutaba,Cidade Jardim,cidade jardim,-18.9888405,-49.485371,brasil_aberto,True
MG,3134202,Ituiutaba,Cristina,cristina,-18.9574194,-49.4537478,brasil_aberto,True
MG,3134202,Ituiutaba,Distrito Industrial,distrito industrial,-18.99985695,-49.46970749,brasil_aberto,True
MG,3134202,Ituiutaba,Eldorado,eldorado,-18.9920148,-49.4437998,brasil_aberto,True
MG,3134202,Ituiutaba,Elândia,elandia,-18.9944764,-49.4784632,brasil_aberto,True
MG,3134202,Ituiutaba,Gardênia,gardenia,-18.9532531,-49.4576133,brasil_aberto,True
MG,3134202,Ituiutaba,Gerson Baduy I,gerson baduy i,-18.99944687,-49.46404266,brasil_aberto,True
MG,3134202,Ituiutaba,Gerson Baduy II,gerson baduy ii,-18.9589732,-49.4584665,brasil_aberto,True
MG,3134202,Ituiutaba,Gilca Cancela Vilela,gilca cancela vilela,-18.9466372,-49.4613203,brasil_aberto,True
MG,3134202,Ituiutaba,Guimarães,guimaraes,-18.9847207,-49.4812448,brasil_aberto,True
MG,3134202,Ituiutaba,Hélio,helio,-18.97976494,-49.47502518,brasil_aberto,True
MG,3134202,Ituiutaba,Independência,independencia,-16.71475983,-43.81724167,brasil_aberto,True
MG,3134202,Ituiutaba,Ipiranga,ipiranga,-18.9618227,-49.4523373,brasil_aberto,True
MG,3134202,Ituiutaba,Jardim Europa,jardim europa,-18.9730049,-49.4866662,brasil_aberto,True
MG,3134202,Ituiutaba,Jardim Jamila,jardim jamila,-18.9930706,-49.48060989,brasil_aberto,True
MG,3134202,Ituiutaba,Jardim Sul I,jardim sul i,-19.0101074,-49.4594935,brasil_aberto,True
MG,3134202,Ituiutaba,Jardim Sul II,jardim sul ii,-9.54884243,-35.63086319,brasil_aberto,True
MG,3134202,Ituiutaba,Jardim do Rosário,jardim do rosario,-18.9830401,-49.4490603,brasil_aberto,True
MG,3134202,Ituiutaba,Jerônimo Mendonça,jeronimo mendonca,-18.99819565,-49.47614288,brasil_aberto,True
MG,3134202,Ituiutaba,Lagoa Azul,lagoa azul,-18.9773489,-49.4876519,brasil_aberto,True
MG,3134202,Ituiutaba,Lagoa Azul II,lagoa azul ii,-18.9972972,-49.4920555,brasil_aberto,True
MG,3134202,Ituiutaba,Maria Vilela,maria vilela,-18.9539998,-49.460363,brasil_aberto,True
MG,3134202,Ituiutaba,Marta Helena,marta helena,-18.98117828,-49.47428131,brasil_aberto,True
MG,3134202,Ituiutaba,Mirim,mirim,-18.99052238,-49.47678757,brasil_aberto,True
MG,3134202,Ituiutaba,Morada do Sol,morada do sol,-18.97331429,-49.47458267,brasil_aberto,True
MG,3134202,Ituiutaba,Natal,natal,-18.99512291,-49.47073746,brasil_aberto,True
MG,3134202,Ituiutaba,Nossa Senhora Aparecida,nossa senhora aparecida,-18.95574379,-49.45470428,brasil_aberto,True
MG,3134202,Ituiutaba,Nova Ituiutaba I,nova ituiutaba i,-19.0103638,-49.4565828,brasil_aberto,True
MG,3134202,Ituiutaba,Nova Ituiutaba II,nova ituiutaba ii,-19.01443863,-49.45354462,brasil_aberto,True
MG,3134202,Ituiutaba,Nova Ituiutaba III,nova ituiutaba iii,-19.014726,-49.4516157,brasil_aberto,True
MG,3134202,Ituiutaba,Nova Ituiutaba IV,nova ituiutaba iv,-19.01443863,-49.45354462,brasil_aberto,True
MG,3134202,Ituiutaba,Novo Horizonte,novo horizonte,-18.97596741,-49.44408417,brasil_aberto,True
MG,3134202,Ituiutaba,Novo Mundo,novo mundo,-18.96853447,-49.4755249,brasil_aberto,True
MG,3134202,Ituiutaba,Novo Tempo II,novo tempo ii,-19.00108337,-49.48212433,brasil_aberto,True
MG,3134202,Ituiutaba,Paranaíba,paranaiba,-18.94658661,-49.46123505,brasil_aberto,True
MG,3134202,Ituiutaba,Pirapitinga,pirapitinga,-18.98808289,-49.48134613,brasil_aberto,True
MG,3134202,Ituiutaba,Platina,platina,-18.974944,-49.4711871,brasil_aberto,True
MG,3134202,Ituiutaba,Progresso,progresso,-18.96166039,-49.46033096,brasil_aberto,True
MG,3134202,Ituiutaba,Residencial Buritis,residencial buritis,-18.97843552,-49.43675613,brasil_aberto,True
MG,3134202,Ituiutaba,Residencial Canaã I,residencial canaa i,-18.9839752,-49.4341648,brasil_aberto,True
MG,3134202,Ituiutaba,Residencial Canaã II,residencial canaa ii,-18.9839752,-49.4341648,brasil_aberto,True
MG,3134202,Ituiutaba,Residencial Doutor Marcondes Bernardes Ferreira,residencial doutor marcondes bernardes ferreira,-18.9745738,-49.4600885,brasil_aberto,True
MG,3134202,Ituiutaba,Residencial Drummond,residencial drummond,-18.9584049,-49.4486526,brasil_aberto,True
MG,3134202,Ituiutaba,Residencial Inocêncio Franco,residencial inocencio franco,-18.9772346,-49.43811849999999,brasil_aberto,True
MG,3134202,Ituiutaba,Residencial Jardim Copacabana,residencial jardim copacabana,-18.98448563,-49.49307251,brasil_aberto,True
MG,3134202,Ituiutaba,Residencial Jardim Estados Unidos,residencial jardim estados unidos,-18.9771787,-49.491333,brasil_aberto,True
MG,3134202,Ituiutaba,Residencial Jardim Europa II,residencial jardim europa ii,-18.9690055,-49.4909386,brasil_aberto,True
MG,3134202,Ituiutaba,Residencial Monte Verde,residencial monte verde,-18.97104645,-49.48781586,brasil_aberto,True
MG,3134202,Ituiutaba,Residencial Nadime Derze Jorge I,residencial nadime derze jorge i,-18.9834359,-49.4293024,brasil_aberto,True
MG,3134202,Ituiutaba,Residencial Nadime Derze Jorge II,residencial nadime derze jorge ii,-18.9804686,-49.4368762,brasil_aberto,True
MG,3134202,Ituiutaba,Residencial Portal dos Ipês,residencial portal dos ipes,-18.98408318,-49.43432236,brasil_aberto,True
MG,3134202,Ituiutaba,Residencial Primavera,residencial primavera,-18.98043251,-49.484375,brasil_aberto,True
MG,3134202,Ituiutaba,Ribeiro,ribeiro,-18.98416901,-49.48450851,brasil_aberto,True
MG,3134202,Ituiutaba,Santa Edwiges,santa edwiges,-18.99201775,-49.43648529,brasil_aberto,True
MG,3134202,Ituiutaba,Santa Maria,santa maria,-18.9937171,-49.462625,brasil_aberto,True
MG,3134202,Ituiutaba,Santo Antônio,santo antonio,-18.9587361,-49.4606096,brasil_aberto,True
MG,3134202,Ituiutaba,Satélite Andradina,satelite andradina,-18.9579729,-49.4777926,brasil_aberto,True
MG,3134202,Ituiutaba,Setor Norte,setor norte,-18.9646492,-49.46506119,brasil_aberto,True
MG,3134202,Ituiutaba,Setor Norte Industrial,setor norte industrial,-18.94989586,-49.45388412,brasil_aberto,True
MG,3134202,Ituiutaba,Setor Sul,setor sul,-18.9944764,-49.4784632,brasil_aberto,True
MG,3134202,Ituiutaba,Sol Nascente,sol nascente,-18.98099709,-49.49248505,brasil_aberto,True
MG,3134202,Ituiutaba,Sol Nascente II,sol nascente ii,-18.9829784,-49.4915594,brasil_aberto,True
MG,3134202,Ituiutaba,São José,sao jose,-18.95563126,-49.46098328,brasil_aberto,True
MG,3134202,Ituiutaba,Tiradentes,tiradentes,-18.94886398,-49.45856857,brasil_aberto,True
MG,3134202,Ituiutaba,Tupã,tupa,-19.0005414,-49.4544251,brasil_aberto,True
MG,3134202,Ituiutaba,Universitário,universitario,-18.96669388,-49.44707489,brasil_aberto,True
MG,3134202,Ituiutaba,Vila Miisa,vila miisa,-18.9302393,-49.4775662,brasil_aberto,True
MG,3134202,Ituiutaba,Zona Rural,zona rural,-18.9745738,-49.4600885,brasil_aberto,True
MG,3134202,Ituiutaba,Área Rural de Ituiutaba,area rural de ituiutaba,-18.9745738,-49.4600885,brasil_aberto,True
MG,3134301,Itumirim,Centro,centro,-21.2824006,-44.7621846,brasil_aberto,True
MG,3134301,Itumirim,Macuco de Minas,macuco de minas,-21.28343201,-44.76065826,brasil_aberto,True
MG,3134400,Iturama,Alexandrita,alexandrita,-19.69919014,-50.45710754,brasil_aberto,True
MG,3134400,Iturama,Centro,centro,-19.7295677,-50.194492,brasil_aberto,True
MG,3134509,Itutinga,Centro,centro,-21.2991991,-44.65690379999999,brasil_aberto,True
MG,3134608,Jaboticatubas,Almeida,almeida,-22.37538147,-46.53814697,brasil_aberto,True
MG,3134608,Jaboticatubas,Centro,centro,-19.51704025,-43.74791718,brasil_aberto,True
MG,3134707,Jacinto,Avaí do Jacinto,avai do jacinto,-16.02827644,-40.41142654,brasil_aberto,True
MG,3134707,Jacinto,Centro,centro,-19.91903305,-43.94420624,brasil_aberto,True
MG,3134707,Jacinto,Jaguarão,jaguarao,-16.39546776,-40.25192642,brasil_aberto,True
MG,3134905,Jacutinga,Centro,centro,-22.28739929,-46.61332321,brasil_aberto,True
MG,3134905,Jacutinga,Sapucaí,sapucai,-22.2832272,-46.6089256,brasil_aberto,True
MG,3134905,Jacutinga,São Sebastião dos Robertos,sao sebastiao dos robertos,-22.21486473,-46.53190994,brasil_aberto,True
MG,3134806,Jacuí,Centro,centro,-21.01719856,-46.74032211,brasil_aberto,True
MG,3135001,Jaguaraçu,Centro,centro,-19.6464866,-42.75199689999999,brasil_aberto,True
MG,3135076,Jampruca,Centro,centro,-18.4611454,-41.8098526,brasil_aberto,True
MG,3135076,Jampruca,São Sebastião do Barreiro,sao sebastiao do barreiro,-18.5876312,-41.6462834,brasil_aberto,True
MG,3135100,Janaúba,Algodões,algodoes,-15.8396027,-43.3001477,brasil_aberto,True
MG,3135100,Janaúba,Barbosas,barbosas,-15.8242003,-43.3090649,brasil_aberto,True
MG,3135100,Janaúba,Barreiro da Raiz,barreiro da raiz,-16.04758453,-43.27498627,brasil_aberto,True
MG,3135100,Janaúba,Boa Vista,boa vista,-15.8027057,-43.3259194,brasil_aberto,True
MG,3135100,Janaúba,Casas Populares,casas populares,-15.8295187,-43.3069017,brasil_aberto,True
MG,3135100,Janaúba,Centro,centro,-15.80392551,-43.30876923,brasil_aberto,True
MG,3135100,Janaúba,Cerâmica,ceramica,-15.8095789,-43.3159424,brasil_aberto,True
MG,3135100,Janaúba,Cidade Universitária,cidade universitaria,-15.8593404,-43.2996178,brasil_aberto,True
MG,3135100,Janaúba,Dente Grande,dente grande,-15.8104593,-43.3144956,brasil_aberto,True
MG,3135100,Janaúba,Esplanada,esplanada,-15.8107729,-43.3072905,brasil_aberto,True
MG,3135100,Janaúba,Gameleira,gameleira,-15.7945838,-43.3074172,brasil_aberto,True
MG,3135100,Janaúba,Isaías Pereira,isaias pereira,-15.8363939,-43.3020854,brasil_aberto,True
MG,3135100,Janaúba,Jacarezinho I,jacarezinho i,-15.7855857,-43.325311,brasil_aberto,True
MG,3135100,Janaúba,Jardim Imperial,jardim imperial,-15.8211013,-43.30894079999999,brasil_aberto,True
MG,3135100,Janaúba,Jardim das Acácias,jardim das acacias,-15.8539802,-43.3039908,brasil_aberto,True
MG,3135100,Janaúba,Loteamento Sol Nascente,loteamento sol nascente,-15.8523037,-43.296791,brasil_aberto,True
MG,3135100,Janaúba,Morada do Sol,morada do sol,-15.8009305,-43.30941869999999,brasil_aberto,True
MG,3135100,Janaúba,Nova Esperança,nova esperanca,-15.7965211,-43.3068392,brasil_aberto,True
MG,3135100,Janaúba,Novo Paraíso,novo paraiso,-15.8018851,-43.3039565,brasil_aberto,True
MG,3135100,Janaúba,Padre Eustáquio,padre eustaquio,-15.79871845,-43.30937576,brasil_aberto,True
MG,3135100,Janaúba,Parque Industrial Clarita,parque industrial clarita,-15.79067707,-43.3377533,brasil_aberto,True
MG,3135100,Janaúba,Planalto,planalto,-15.8148225,-43.3062061,brasil_aberto,True
MG,3135100,Janaúba,Quem-Quem,quem-quem,-16.00254059,-43.53183365,brasil_aberto,True
MG,3135100,Janaúba,Residencial Clarita,residencial clarita,-15.79296589,-43.34093094,brasil_aberto,True
MG,3135100,Janaúba,Residencial Dona Lindu,residencial dona lindu,-15.8498106,-43.3017294,brasil_aberto,True
MG,3135100,Janaúba,Ribeirão do Ouro,ribeirao do ouro,-15.8273272,-43.306671,brasil_aberto,True
MG,3135100,Janaúba,Rio Novo,rio novo,-15.7917008,-43.3192845,brasil_aberto,True
MG,3135100,Janaúba,Santa Cruz,santa cruz,-15.8315288,-43.2955909,brasil_aberto,True
MG,3135100,Janaúba,Santa Terezinha,santa terezinha,-15.7653615,-43.3159574,brasil_aberto,True
MG,3135100,Janaúba,Santo Antônio,santo antonio,-15.8191153,-43.3025585,brasil_aberto,True
MG,3135100,Janaúba,Saudade,saudade,-19.74489784,-47.95334244,brasil_aberto,True
MG,3135100,Janaúba,São Gonçalo,sao goncalo,-15.8078929,-43.3045804,brasil_aberto,True
MG,3135100,Janaúba,São Lucas,sao lucas,-15.7989387,-43.3392092,brasil_aberto,True
MG,3135100,Janaúba,São Vicente,sao vicente,-15.8331962,-43.2821841,brasil_aberto,True
MG,3135100,Janaúba,Veredas,veredas,-15.7953285,-43.3155212,brasil_aberto,True
MG,3135100,Janaúba,Vila Nova dos Poções,vila nova dos pocoes,-15.6453747,-43.3041779,brasil_aberto,True
MG,3135100,Janaúba,Área Rural de Janaúba,area rural de janauba,-15.8009305,-43.30941869999999,brasil_aberto,True
MG,3135209,Januária,Brejo do Amparo,brejo do amparo,-15.44694901,-44.39720535,brasil_aberto,True
MG,3135209,Januária,Centro,centro,-15.4894529,-44.3620013,brasil_aberto,True
MG,3135209,Januária,Levinópolis,levinopolis,-15.2553925,-44.2928951,brasil_aberto,True
MG,3135209,Januária,Riacho da Cruz,riacho da cruz,-15.3339658,-44.2467169,brasil_aberto,True
MG,3135209,Januária,São Joaquim,sao joaquim,-15.4887575,-44.3620074,brasil_aberto,True
MG,3135209,Januária,Tejuco,tejuco,-15.55290318,-44.58467484,brasil_aberto,True
MG,3135209,Januária,Várzea Bonita,varzea bonita,-15.2444264,-45.167131,brasil_aberto,True
MG,3135308,Japaraíba,Centro,centro,-20.13932991,-45.50092316,brasil_aberto,True
MG,3135357,Japonvar,Centro,centro,-15.993847,-44.272544,brasil_aberto,True
MG,3135357,Japonvar,Nova Minda,nova minda,-15.97125816,-44.37994766,brasil_aberto,True
MG,3135050,Jaíba,Centro,centro,-15.3490278,-43.6697132,brasil_aberto,True
MG,3135407,Jeceaba,Bituri,bituri,-20.54139137,-44.08552933,brasil_aberto,True
MG,3135407,Jeceaba,Caetano Lopes,caetano lopes,-20.53745651,-43.94020081,brasil_aberto,True
MG,3135407,Jeceaba,Centro,centro,-20.53583145,-43.98306274,brasil_aberto,True
MG,3135456,Jenipapo de Minas,Centro,centro,-17.0824053,-42.2576259,brasil_aberto,True
MG,3135506,Jequeri,Centro,centro,-20.45339775,-42.66635132,brasil_aberto,True
MG,3135506,Jequeri,Grota,grota,-20.41257477,-42.55810928,brasil_aberto,True
MG,3135506,Jequeri,Piscamba,piscamba,-20.4311657,-42.71860886,brasil_aberto,True
MG,3135506,Jequeri,Pouso Alegre da Mata,pouso alegre da mata,-20.5714616,-42.5821925,brasil_aberto,True
MG,3135506,Jequeri,São Vicente do Grama,sao vicente do grama,-20.50852776,-42.52450562,brasil_aberto,True
MG,3135605,Jequitaí,Centro,centro,-22.89429283,-43.12188339,brasil_aberto,True
MG,3135704,Jequitibá,Centro,centro,-19.23698997,-44.02608109,brasil_aberto,True
MG,3135704,Jequitibá,Doutor Campolina,doutor campolina,-19.31054306,-44.0027771,brasil_aberto,True
MG,3135803,Jequitinhonha,Centro,centro,-16.4329866,-41.0059616,brasil_aberto,True
MG,3135803,Jequitinhonha,Guaranilândia,guaranilandia,-16.3014138,-40.8032579,brasil_aberto,True
MG,3135803,Jequitinhonha,São Pedro do Jequitinhonha,sao pedro do jequitinhonha,-16.5081006,-41.3368787,brasil_aberto,True
MG,3135902,Jesuânia,Centro,centro,-21.99851608,-45.29031372,brasil_aberto,True
MG,3136108,Joanésia,Centro,centro,-19.17526,-42.681431,brasil_aberto,True
MG,3136405,Joaquim Felício,Centro,centro,-17.7605035,-44.17074820000001,brasil_aberto,True
MG,3136009,Joaíma,Centro,centro,-16.6552003,-41.0249441,brasil_aberto,True
MG,3136009,Joaíma,Giru,giru,-16.86581039,-41.06578445,brasil_aberto,True
MG,3136504,Jordânia,Centro,centro,-15.89923382,-40.17829132,brasil_aberto,True
MG,3136504,Jordânia,Estrela de Jordânia,estrela de jordania,-15.86384773,-40.27408218,brasil_aberto,True
MG,3136579,Josenópolis,Centro,centro,-16.5456641,-42.5155228,brasil_aberto,True
MG,3136520,José Gonçalves de Minas,Beltrão,beltrao,-16.9083396,-42.6052421,brasil_aberto,True
MG,3136553,José Raydan,Centro,centro,-18.2206078,-42.4976281,brasil_aberto,True
MG,3136207,João Monlevade,Aclimação,aclimacao,-19.82524872,-43.18943024,brasil_aberto,True
MG,3136207,João Monlevade,Alvorada,alvorada,-19.81113625,-43.18301773,brasil_aberto,True
MG,3136207,João Monlevade,Amazonas,amazonas,-19.8277621,-43.1148523,brasil_aberto,True
MG,3136207,João Monlevade,Areia Preta,areia preta,-19.81305122,-43.1600914,brasil_aberto,True
MG,3136207,João Monlevade,Baú,bau,-19.81831551,-43.15022278,brasil_aberto,True
MG,3136207,João Monlevade,Belmonte,belmonte,-19.81064987,-43.16395187,brasil_aberto,True
MG,3136207,João Monlevade,Boa Vista,boa vista,-19.820218,-43.2038113,brasil_aberto,True
MG,3136207,João Monlevade,Campo Alegre,campo alegre,-19.81758499,-43.94471359,brasil_aberto,True
MG,3136207,João Monlevade,Campos Elísios,campos elisios,-19.82524872,-43.18943024,brasil_aberto,True
MG,3136207,João Monlevade,Carneirinhos,carneirinhos,-19.81064987,-43.16395187,brasil_aberto,True
MG,3136207,João Monlevade,Castelo,castelo,-19.8111858,-43.1636209,brasil_aberto,True
MG,3136207,João Monlevade,Centro Industrial,centro industrial,-19.83774757,-43.12898254,brasil_aberto,True
MG,3136207,João Monlevade,Chácaras Residencial Vale Verde,chacaras residencial vale verde,-19.8299265,-43.1860798,brasil_aberto,True
MG,3136207,João Monlevade,Cidade Nova,cidade nova,-19.82510757,-43.13254547,brasil_aberto,True
MG,3136207,João Monlevade,Corumbiana de Vanessa,corumbiana de vanessa,-19.8519516,-43.17744064,brasil_aberto,True
MG,3136207,João Monlevade,Cruzeiro Celeste,cruzeiro celeste,-19.83777237,-43.17659378,brasil_aberto,True
MG,3136207,João Monlevade,Distrito Industrial,distrito industrial,-19.8259156,-43.1783383,brasil_aberto,True
MG,3136207,João Monlevade,Ernestina Graciana,ernestina graciana,-19.8351708,-43.1786082,brasil_aberto,True
MG,3136207,João Monlevade,Estrela Dalva,estrela dalva,-19.85274315,-43.1805687,brasil_aberto,True
MG,3136207,João Monlevade,Estância Burian,estancia burian,-19.8494379,-43.2008372,brasil_aberto,True
MG,3136207,João Monlevade,Feixos,feixos,,,brasil_aberto,True
MG,3136207,João Monlevade,Industrial,industrial,-19.8149662,-43.19694138,brasil_aberto,True
MG,3136207,João Monlevade,Ipiranga,ipiranga,-19.81467056,-43.19291306,brasil_aberto,True
MG,3136207,João Monlevade,JK,jk,-19.8040169,-43.185667,brasil_aberto,True
MG,3136207,João Monlevade,Jacuí,jacui,-19.85298157,-43.12346649,brasil_aberto,True
MG,3136207,João Monlevade,José Elói,jose eloi,-19.80266953,-43.16887665,brasil_aberto,True
MG,3136207,João Monlevade,José de Alencar,jose de alencar,-19.81927299,-43.16448593,brasil_aberto,True
MG,3136207,João Monlevade,Laranjeiras,laranjeiras,-19.8041153,-43.99267578,brasil_aberto,True
MG,3136207,João Monlevade,Loanda,loanda,-19.8295129,-43.1688184,brasil_aberto,True
MG,3136207,João Monlevade,Lourdes,lourdes,-19.81833839,-43.17734146,brasil_aberto,True
MG,3136207,João Monlevade,Lucília,lucilia,-19.81102371,-43.17150879,brasil_aberto,True
MG,3136207,João Monlevade,Mangabeiras,mangabeiras,-19.80422401,-43.17320633,brasil_aberto,True
MG,3136207,João Monlevade,Metalúrgico,metalurgico,-19.81892586,-43.15566254,brasil_aberto,True
MG,3136207,João Monlevade,Nossa Senhora da Conceição,nossa senhora da conceicao,-19.8098774,-43.1746521,brasil_aberto,True
MG,3136207,João Monlevade,Nova Aclimação,nova aclimacao,-19.82524872,-43.18943024,brasil_aberto,True
MG,3136207,João Monlevade,Nova Cachoeirinha,nova cachoeirinha,-19.8095273,-43.2078283,brasil_aberto,True
MG,3136207,João Monlevade,Nova Esperança,nova esperanca,-19.82529068,-43.18204117,brasil_aberto,True
MG,3136207,João Monlevade,Nova Monlevade,nova monlevade,-19.85192871,-43.18874359,brasil_aberto,True
MG,3136207,João Monlevade,Novo Cruzeiro,novo cruzeiro,-19.84940338,-43.18475342,brasil_aberto,True
MG,3136207,João Monlevade,Novo Horizonte,novo horizonte,-19.81183624,-43.18192673,brasil_aberto,True
MG,3136207,João Monlevade,Paineiras,paineiras,-19.82858658,-43.1908989,brasil_aberto,True
MG,3136207,João Monlevade,Palmares,palmares,-19.83932495,-43.17074966,brasil_aberto,True
MG,3136207,João Monlevade,Petrópolis,petropolis,-19.84603691,-43.18438339,brasil_aberto,True
MG,3136207,João Monlevade,Primeiro de Maio,primeiro de maio,-19.85168648,-43.18228149,brasil_aberto,True
MG,3136207,João Monlevade,Promorar,promorar,-19.83330917,-43.18220139,brasil_aberto,True
MG,3136207,João Monlevade,Recanto Paraíso,recanto paraiso,-19.81159019,-43.19655991,brasil_aberto,True
MG,3136207,João Monlevade,República,republica,-19.8146185,-43.1804741,brasil_aberto,True
MG,3136207,João Monlevade,Residencial Planalto (Cruzeiro),residencial planalto (cruzeiro),-22.97720146,-47.0069313,brasil_aberto,True
MG,3136207,João Monlevade,Rosário,rosario,-19.80349731,-43.17922211,brasil_aberto,True
MG,3136207,João Monlevade,Santa Bárbara,santa barbara,-19.97307396,-43.40315628,brasil_aberto,True
MG,3136207,João Monlevade,Santa Cecília,santa cecilia,-19.8503952,-43.17771912,brasil_aberto,True
MG,3136207,João Monlevade,Santa Cruz,santa cruz,-19.93433762,-43.96673584,brasil_aberto,True
MG,3136207,João Monlevade,Santo Hipólito,santo hipolito,-19.84283829,-43.19038391,brasil_aberto,True
MG,3136207,João Monlevade,Satélite,satelite,-19.81583214,-43.16712952,brasil_aberto,True
MG,3136207,João Monlevade,Serra,serra,-19.83407211,-43.18123627,brasil_aberto,True
MG,3136207,João Monlevade,Serra do Egito,serra do egito,-19.8099959,-43.1710552,brasil_aberto,True
MG,3136207,João Monlevade,Sion,sion,-19.82524872,-43.18943024,brasil_aberto,True
MG,3136207,João Monlevade,São Benedito,sao benedito,-19.79635239,-43.94205093,brasil_aberto,True
MG,3136207,João Monlevade,São Geraldo,sao geraldo,-19.84742737,-44.04023361,brasil_aberto,True
MG,3136207,João Monlevade,São Jorge,sao jorge,-19.81030655,-43.16550064,brasil_aberto,True
MG,3136207,João Monlevade,São José,sao jose,-19.83675575,-43.18001175,brasil_aberto,True
MG,3136207,João Monlevade,São João,sao joao,-19.80621719,-43.16741943,brasil_aberto,True
MG,3136207,João Monlevade,Tanquinho,tanquinho,-19.8154667,-43.1873406,brasil_aberto,True
MG,3136207,João Monlevade,Tanquinho II,tanquinho ii,-19.84913635,-43.21225739,brasil_aberto,True
MG,3136207,João Monlevade,Teresópolis,teresopolis,-19.84155273,-43.18712997,brasil_aberto,True
MG,3136207,João Monlevade,Vale da Serra,vale da serra,-19.80623436,-43.19601059,brasil_aberto,True
MG,3136207,João Monlevade,Vale do Sol,vale do sol,-19.79972076,-43.17739487,brasil_aberto,True
MG,3136207,João Monlevade,Vera Cruz,vera cruz,-19.84003448,-43.16727448,brasil_aberto,True
MG,3136207,João Monlevade,Vila Tanque,vila tanque,-19.82865715,-43.1414566,brasil_aberto,True
MG,3136207,João Monlevade,Área Rural de João Monlevade,area rural de joao monlevade,-19.808204,-43.1735433,brasil_aberto,True
MG,3136306,João Pinheiro,Caatinga,caatinga,-17.14814377,-45.88716507,brasil_aberto,True
MG,3136306,João Pinheiro,Canabrava,canabrava,-17.394489,-45.8343011,brasil_aberto,True
MG,3136306,João Pinheiro,Centro,centro,-17.74488831,-46.17265701,brasil_aberto,True
MG,3136306,João Pinheiro,Luizlândia do Oeste,luizlandia do oeste,-17.9840889,-45.60634232,brasil_aberto,True
MG,3136306,João Pinheiro,Olhos D'Água do Oeste,olhos d'agua do oeste,-17.5955103,-45.8901346,brasil_aberto,True
MG,3136306,João Pinheiro,Santa Luzia da Serra,santa luzia da serra,-17.61000061,-46.03388977,brasil_aberto,True
MG,3136306,João Pinheiro,São Sebastião,sao sebastiao,-17.7406406,-46.17436259999999,brasil_aberto,True
MG,3136306,João Pinheiro,Veredas,veredas,-18.14134026,-45.75734711,brasil_aberto,True
MG,3136652,Juatuba,Boa Vista da Serra,boa vista da serra,-19.9330616,-44.41027832,brasil_aberto,True
MG,3136652,Juatuba,Centro,centro,-19.98397255,-44.30514526,brasil_aberto,True
MG,3136652,Juatuba,Francelinos,francelinos,,,brasil_aberto,True
MG,3136652,Juatuba,Varginha,varginha,-19.955643,-44.3378823,brasil_aberto,True
MG,3136702,Juiz de Fora,Adolfo Vireque,adolfo vireque,-21.76737213,-43.37233353,brasil_aberto,True
MG,3136702,Juiz de Fora,Aeroporto,aeroporto,-21.7838726,-43.37713623,brasil_aberto,True
MG,3136702,Juiz de Fora,Alto Sumaré,alto sumare,-21.7935155,-43.4087785,brasil_aberto,True
MG,3136702,Juiz de Fora,Alto dos Passos,alto dos passos,-21.77551651,-43.34897614,brasil_aberto,True
MG,3136702,Juiz de Fora,Alto dos Pinheiros,alto dos pinheiros,-21.76276779,-43.3763504,brasil_aberto,True
MG,3136702,Juiz de Fora,Aracy,aracy,-21.75956726,-43.33173752,brasil_aberto,True
MG,3136702,Juiz de Fora,Arco Íris,arco iris,-21.80133629,-43.34928513,brasil_aberto,True
MG,3136702,Juiz de Fora,Bairu,bairu,-21.74154282,-43.34999466,brasil_aberto,True
MG,3136702,Juiz de Fora,Bandeirantes,bandeirantes,-21.73425865,-43.34579086,brasil_aberto,True
MG,3136702,Juiz de Fora,Barbosa Lage,barbosa lage,-21.7150116,-43.40488434,brasil_aberto,True
MG,3136702,Juiz de Fora,Barreira do Triunfo,barreira do triunfo,-21.7342592,-43.3457906,brasil_aberto,True
MG,3136702,Juiz de Fora,Barão do Retiro,barao do retiro,-21.78242111,-43.29646301,brasil_aberto,True
MG,3136702,Juiz de Fora,Benfica,benfica,-21.69428444,-43.42936325,brasil_aberto,True
MG,3136702,Juiz de Fora,Boa Vista,boa vista,-21.78160286,-43.34378052,brasil_aberto,True
MG,3136702,Juiz de Fora,Bom Clima,bom clima,-21.72951889,-43.35797882,brasil_aberto,True
MG,3136702,Juiz de Fora,Bom Pastor,bom pastor,-21.77687454,-43.34040833,brasil_aberto,True
MG,3136702,Juiz de Fora,Bonfim,bonfim,-21.7353363,-43.34535217,brasil_aberto,True
MG,3136702,Juiz de Fora,Bonsucesso,bonsucesso,-21.75195885,-43.32886505,brasil_aberto,True
MG,3136702,Juiz de Fora,Borboleta,borboleta,-21.7552681,-43.37876129,brasil_aberto,True
MG,3136702,Juiz de Fora,Bosque do Imperador,bosque do imperador,-21.77466583,-43.40358734,brasil_aberto,True
MG,3136702,Juiz de Fora,Bosque dos Pinheiros,bosque dos pinheiros,-21.75648499,-43.32847595,brasil_aberto,True
MG,3136702,Juiz de Fora,Cachoeira,cachoeira,-21.7708849,-43.3703432,brasil_aberto,True
MG,3136702,Juiz de Fora,Caeté,caete,-19.88435745,-43.66105652,brasil_aberto,True
MG,3136702,Juiz de Fora,Caiçaras,caicaras,-21.7594101,-43.3918225,brasil_aberto,True
MG,3136702,Juiz de Fora,Carlos Chagas,carlos chagas,-21.7471447,-43.39289474,brasil_aberto,True
MG,3136702,Juiz de Fora,Cascatinha,cascatinha,-21.78599548,-43.36454391,brasil_aberto,True
MG,3136702,Juiz de Fora,Centenário,centenario,-21.74074745,-43.35629272,brasil_aberto,True
MG,3136702,Juiz de Fora,Centro,centro,-21.75788498,-43.35007477,brasil_aberto,True
MG,3136702,Juiz de Fora,Cerâmica,ceramica,-21.7376976,-43.38204575,brasil_aberto,True
MG,3136702,Juiz de Fora,Chales do Imperador,chales do imperador,-21.76313782,-43.36072922,brasil_aberto,True
MG,3136702,Juiz de Fora,Chapéu D'Uvas,chapeu d'uvas,-21.59400749,-43.50498581,brasil_aberto,True
MG,3136702,Juiz de Fora,Cidade Jardim,cidade jardim,-21.7818222,-43.3428421,brasil_aberto,True
MG,3136702,Juiz de Fora,Cidade Nova,cidade nova,-21.80366898,-43.35716248,brasil_aberto,True
MG,3136702,Juiz de Fora,Cidade do Sol,cidade do sol,-21.71808052,-43.40770721,brasil_aberto,True
MG,3136702,Juiz de Fora,Costa Carvalho,costa carvalho,-21.76363564,-43.33421326,brasil_aberto,True
MG,3136702,Juiz de Fora,Cruzeiro de Santo Antônio,cruzeiro de santo antonio,-21.78098106,-43.40613556,brasil_aberto,True
MG,3136702,Juiz de Fora,Cruzeiro do Sul,cruzeiro do sul,-21.79087257,-43.33520889,brasil_aberto,True
MG,3136702,Juiz de Fora,Democrata,democrata,-21.74806213,-43.36690903,brasil_aberto,True
MG,3136702,Juiz de Fora,Dias Tavares,dias tavares,-21.64610291,-43.45767975,brasil_aberto,True
MG,3136702,Juiz de Fora,Distrito Industrial,distrito industrial,-18.72216034,-44.94288635,brasil_aberto,True
MG,3136702,Juiz de Fora,Dom Bosco,dom bosco,-21.77791023,-43.36231232,brasil_aberto,True
MG,3136702,Juiz de Fora,Eldorado,eldorado,-21.73021889,-43.36292648,brasil_aberto,True
MG,3136702,Juiz de Fora,Encosta do Sol,encosta do sol,-21.73871231,-43.39893723,brasil_aberto,True
MG,3136702,Juiz de Fora,Esplanada,esplanada,-21.74261665,-43.3812027,brasil_aberto,True
MG,3136702,Juiz de Fora,Estrela Sul,estrela sul,-21.7846529,-43.3553764,brasil_aberto,True
MG,3136702,Juiz de Fora,Filgueiras,filgueiras,-21.6690409,-43.2972951,brasil_aberto,True
MG,3136702,Juiz de Fora,Floresta,floresta,-19.9137249,-43.9282074,brasil_aberto,True
MG,3136702,Juiz de Fora,Fontesville,fontesville,-21.73900414,-43.40787888,brasil_aberto,True
MG,3136702,Juiz de Fora,Fontesville II,fontesville ii,-21.7355761,-43.4042854,brasil_aberto,True
MG,3136702,Juiz de Fora,Francisco Bernardino,francisco bernardino,-21.73693848,-43.40375519,brasil_aberto,True
MG,3136702,Juiz de Fora,Fábrica,fabrica,-21.74216843,-43.37294006,brasil_aberto,True
MG,3136702,Juiz de Fora,Grajaú,grajau,-21.7486277,-43.345156,brasil_aberto,True
MG,3136702,Juiz de Fora,Grama,grama,-21.69314957,-43.3474884,brasil_aberto,True
MG,3136702,Juiz de Fora,Graminha,graminha,-21.78761864,-43.33772278,brasil_aberto,True
MG,3136702,Juiz de Fora,Granbery,granbery,-21.76760292,-43.34302902,brasil_aberto,True
MG,3136702,Juiz de Fora,Granjas Bethel,granjas bethel,-21.82285881,-43.31848526,brasil_aberto,True
MG,3136702,Juiz de Fora,Granjas Betânia,granjas betania,-21.71287155,-43.36631775,brasil_aberto,True
MG,3136702,Juiz de Fora,Granjas Guarujá,granjas guaruja,-21.7096038,-43.330446,brasil_aberto,True
MG,3136702,Juiz de Fora,Granjas Santo Antônio,granjas santo antonio,-21.82285881,-43.31848526,brasil_aberto,True
MG,3136702,Juiz de Fora,Granjas do Bosque,granjas do bosque,-21.79411125,-43.3717308,brasil_aberto,True
MG,3136702,Juiz de Fora,Granville,granville,-21.7289241,-43.3452596,brasil_aberto,True
MG,3136702,Juiz de Fora,Humaitá,humaita,,,brasil_aberto,True
MG,3136702,Juiz de Fora,Igrejinha,igrejinha,-21.70814705,-43.48965454,brasil_aberto,True
MG,3136702,Juiz de Fora,Industrial,industrial,-21.73452377,-43.39011383,brasil_aberto,True
MG,3136702,Juiz de Fora,Ipiranga,ipiranga,-21.7990588,-43.3544136,brasil_aberto,True
MG,3136702,Juiz de Fora,Ipiranguinha,ipiranguinha,-21.79070473,-43.35551071,brasil_aberto,True
MG,3136702,Juiz de Fora,JK,jk,-19.51250076,-42.30687714,brasil_aberto,True
MG,3136702,Juiz de Fora,Jardim Casablanca,jardim casablanca,-21.76764107,-43.36904526,brasil_aberto,True
MG,3136702,Juiz de Fora,Jardim Esperança,jardim esperanca,-21.76826477,-43.29180527,brasil_aberto,True
MG,3136702,Juiz de Fora,Jardim Europa,jardim europa,-21.77692795,-43.33804703,brasil_aberto,True
MG,3136702,Juiz de Fora,Jardim Glória,jardim gloria,-21.75282669,-43.35838318,brasil_aberto,True
MG,3136702,Juiz de Fora,Jardim L Ermitage,jardim l ermitage,-21.69100571,-43.40553665,brasil_aberto,True
MG,3136702,Juiz de Fora,Jardim Natal,jardim natal,-21.73515129,-43.40037918,brasil_aberto,True
MG,3136702,Juiz de Fora,Jardim Olímpia,jardim olimpia,-21.79581833,-43.34022903,brasil_aberto,True
MG,3136702,Juiz de Fora,Jardim de Alá,jardim de ala,-21.79068375,-43.34651947,brasil_aberto,True
MG,3136702,Juiz de Fora,Jardim do Sol,jardim do sol,-21.75645638,-43.3322525,brasil_aberto,True
MG,3136702,Juiz de Fora,Jardim dos Alfineiros,jardim dos alfineiros,-21.70811462,-43.42955399,brasil_aberto,True
MG,3136702,Juiz de Fora,Jardins Imperiais,jardins imperiais,-21.76104546,-43.36676025,brasil_aberto,True
MG,3136702,Juiz de Fora,Jóquei Clube,joquei clube,-21.72294044,-43.39758301,brasil_aberto,True
MG,3136702,Juiz de Fora,Ladeira,ladeira,-21.7446003,-43.36097336,brasil_aberto,True
MG,3136702,Juiz de Fora,Linhares,linhares,-21.73425865,-43.34579086,brasil_aberto,True
MG,3136702,Juiz de Fora,Loteamento Amazônia (Francisco Bernardino),loteamento amazonia (francisco bernardino),-21.7472783,-43.4022393,brasil_aberto,True
MG,3136702,Juiz de Fora,Lourdes,lourdes,,,brasil_aberto,True
MG,3136702,Juiz de Fora,Manoel Honório,manoel honorio,-21.7446022,-43.35264587,brasil_aberto,True
MG,3136702,Juiz de Fora,Mansões do Bom Pastor,mansoes do bom pastor,-21.77958107,-43.34031296,brasil_aberto,True
MG,3136702,Juiz de Fora,Mariano Procópio,mariano procopio,-21.746657,-43.3543975,brasil_aberto,True
MG,3136702,Juiz de Fora,Marilândia,marilandia,-21.78781891,-43.39096069,brasil_aberto,True
MG,3136702,Juiz de Fora,Marmelos,marmelos,-21.8023368,-43.311432,brasil_aberto,True
MG,3136702,Juiz de Fora,Martelos,martelos,-21.76904869,-43.36576462,brasil_aberto,True
MG,3136702,Juiz de Fora,Marumbi,marumbi,-21.73154831,-43.33900452,brasil_aberto,True
MG,3136702,Juiz de Fora,Milho Branco,milho branco,-21.74221039,-43.40574265,brasil_aberto,True
MG,3136702,Juiz de Fora,Monte Castelo,monte castelo,-21.74776649,-43.38294983,brasil_aberto,True
MG,3136702,Juiz de Fora,Monte Verde,monte verde,,,brasil_aberto,True
MG,3136702,Juiz de Fora,Morro da Glória,morro da gloria,-21.748197,-43.3553173,brasil_aberto,True
MG,3136702,Juiz de Fora,Morro do Imperador,morro do imperador,-21.7633873,-43.3580844,brasil_aberto,True
MG,3136702,Juiz de Fora,Mundo Novo,mundo novo,-21.778862,-43.35071945,brasil_aberto,True
MG,3136702,Juiz de Fora,Nossa Senhora Aparecida,nossa senhora aparecida,,,brasil_aberto,True
MG,3136702,Juiz de Fora,Nossa Senhora das Graças,nossa senhora das gracas,-21.73301697,-43.36000061,brasil_aberto,True
MG,3136702,Juiz de Fora,Nossa Senhora de Fátima,nossa senhora de fatima,-21.76945686,-43.36618042,brasil_aberto,True
MG,3136702,Juiz de Fora,Nova Benfica,nova benfica,-21.69853783,-43.44158554,brasil_aberto,True
MG,3136702,Juiz de Fora,Nova Califórnia,nova california,-21.79857445,-43.4071579,brasil_aberto,True
MG,3136702,Juiz de Fora,Nova Era,nova era,-21.73425865,-43.34579086,brasil_aberto,True
MG,3136702,Juiz de Fora,Novo Horizonte,novo horizonte,-21.79266167,-43.3876152,brasil_aberto,True
MG,3136702,Juiz de Fora,Novo Triunfo,novo triunfo,-21.66225243,-43.43139267,brasil_aberto,True
MG,3136702,Juiz de Fora,Paineiras,paineiras,-21.76343536,-43.35466766,brasil_aberto,True
MG,3136702,Juiz de Fora,Parque Alto,parque alto,-21.8017807,-43.38577271,brasil_aberto,True
MG,3136702,Juiz de Fora,Parque Guadalajara,parque guadalajara,-21.79837418,-43.37952423,brasil_aberto,True
MG,3136702,Juiz de Fora,Parque Guarani,parque guarani,-21.71709824,-43.35273743,brasil_aberto,True
MG,3136702,Juiz de Fora,Parque Guarua,parque guarua,-21.77811813,-43.33673096,brasil_aberto,True
MG,3136702,Juiz de Fora,Parque Imperial,parque imperial,-21.75930214,-43.36903381,brasil_aberto,True
MG,3136702,Juiz de Fora,Parque Independência,parque independencia,-21.68394089,-43.35279846,brasil_aberto,True
MG,3136702,Juiz de Fora,Parque Independência III,parque independencia iii,-21.687408,-43.3585366,brasil_aberto,True
MG,3136702,Juiz de Fora,Parque Jardim Burnier,parque jardim burnier,-21.7616565,-43.3297677,brasil_aberto,True
MG,3136702,Juiz de Fora,Parque Jardim da Serra,parque jardim da serra,-21.8044529,-43.40383148,brasil_aberto,True
MG,3136702,Juiz de Fora,Parque Serra Verde,parque serra verde,-21.7683595,-43.3192044,brasil_aberto,True
MG,3136702,Juiz de Fora,Parque das Palmeiras,parque das palmeiras,-21.79179001,-43.30200958,brasil_aberto,True
MG,3136702,Juiz de Fora,Parque das Samambaias,parque das samambaias,-21.80601501,-43.32623291,brasil_aberto,True
MG,3136702,Juiz de Fora,Parque das Torres,parque das torres,-21.70973206,-43.4059639,brasil_aberto,True
MG,3136702,Juiz de Fora,Paula Lima,paula lima,-21.58135796,-43.48670578,brasil_aberto,True
MG,3136702,Juiz de Fora,Pedra Bonita,pedra bonita,-21.7496947,-43.4182381,brasil_aberto,True
MG,3136702,Juiz de Fora,Penido,penido,-21.7939281,-43.3773637,brasil_aberto,True
MG,3136702,Juiz de Fora,Pirapitinga,pirapitinga,-21.65829659,-42.34510422,brasil_aberto,True
MG,3136702,Juiz de Fora,Ponte Preta,ponte preta,-21.67604828,-43.43817902,brasil_aberto,True
MG,3136702,Juiz de Fora,Portal da Torre,portal da torre,-21.77022934,-43.38315582,brasil_aberto,True
MG,3136702,Juiz de Fora,Poço Rico,poco rico,-21.76327705,-43.33659363,brasil_aberto,True
MG,3136702,Juiz de Fora,Previdenciários,previdenciarios,-21.80207443,-43.34580231,brasil_aberto,True
MG,3136702,Juiz de Fora,Progresso,progresso,-21.73425865,-43.34579086,brasil_aberto,True
MG,3136702,Juiz de Fora,Quintas das Avenidas,quintas das avenidas,-21.7312189,-43.354809,brasil_aberto,True
MG,3136702,Juiz de Fora,Recanto da Mata,recanto da mata,,,brasil_aberto,True
MG,3136702,Juiz de Fora,Recanto dos Lagos,recanto dos lagos,-21.71312332,-43.33649826,brasil_aberto,True
MG,3136702,Juiz de Fora,Represa,represa,-21.5349387,-43.4605519,brasil_aberto,True
MG,3136702,Juiz de Fora,Residência,residencia,-21.76965904,-43.34422684,brasil_aberto,True
MG,3136702,Juiz de Fora,Rosário de Minas,rosario de minas,-21.7078476,-43.61919403,brasil_aberto,True
MG,3136702,Juiz de Fora,Sagrado Coração de Jesus,sagrado coracao de jesus,-21.81049156,-43.36285019,brasil_aberto,True
MG,3136702,Juiz de Fora,Salvaterra,salvaterra,-21.81441689,-43.38389969,brasil_aberto,True
MG,3136702,Juiz de Fora,Santa Catarina,santa catarina,-21.75027275,-43.35892487,brasil_aberto,True
MG,3136702,Juiz de Fora,Santa Cecília,santa cecilia,-21.78295135,-43.35066986,brasil_aberto,True
MG,3136702,Juiz de Fora,Santa Cruz,santa cruz,-21.71434975,-43.44010162,brasil_aberto,True
MG,3136702,Juiz de Fora,Santa Cândida,santa candida,-21.73228836,-43.32957077,brasil_aberto,True
MG,3136702,Juiz de Fora,Santa Efigênia,santa efigenia,-21.79721451,-43.35658646,brasil_aberto,True
MG,3136702,Juiz de Fora,Santa Helena,santa helena,-21.75589561,-43.35097885,brasil_aberto,True
MG,3136702,Juiz de Fora,Santa Isabel,santa isabel,-21.71399689,-43.42469788,brasil_aberto,True
MG,3136702,Juiz de Fora,Santa Luzia,santa luzia,-21.78591728,-43.3447876,brasil_aberto,True
MG,3136702,Juiz de Fora,Santa Maria,santa maria,-21.7208004,-43.40600204,brasil_aberto,True
MG,3136702,Juiz de Fora,Santa Paula,santa paula,-21.73657227,-43.33737946,brasil_aberto,True
MG,3136702,Juiz de Fora,Santa Rita de Cássia,santa rita de cassia,-21.74119377,-43.34390259,brasil_aberto,True
MG,3136702,Juiz de Fora,Santa Teresa,santa teresa,-21.76727104,-43.33427048,brasil_aberto,True
MG,3136702,Juiz de Fora,Santa Terezinha,santa terezinha,-21.7435548,-43.3639266,brasil_aberto,True
MG,3136702,Juiz de Fora,Santana,santana,-21.772192,-43.37898636,brasil_aberto,True
MG,3136702,Juiz de Fora,Santo Antônio,santo antonio,-21.77144432,-43.31520081,brasil_aberto,True
MG,3136702,Juiz de Fora,Santos Anjos,santos anjos,-21.75450706,-43.34228897,brasil_aberto,True
MG,3136702,Juiz de Fora,Santos Dumont,santos dumont,-21.78007889,-43.38406754,brasil_aberto,True
MG,3136702,Juiz de Fora,Sarandira,sarandira,-21.82935905,-43.18809891,brasil_aberto,True
MG,3136702,Juiz de Fora,Serra D'Água,serra d'agua,-21.76408958,-43.37707138,brasil_aberto,True
MG,3136702,Juiz de Fora,Solidariedade,solidariedade,-21.7808357,-43.3336329,brasil_aberto,True
MG,3136702,Juiz de Fora,Spina Ville II,spina ville ii,-21.7824707,-43.39629364,brasil_aberto,True
MG,3136702,Juiz de Fora,São Benedito,sao benedito,-21.75254059,-43.32899475,brasil_aberto,True
MG,3136702,Juiz de Fora,São Bernardo,sao bernardo,-21.75519371,-43.33496094,brasil_aberto,True
MG,3136702,Juiz de Fora,São Damião,sao damiao,-21.70569229,-43.44455719,brasil_aberto,True
MG,3136702,Juiz de Fora,São Dimas,sao dimas,-21.73762131,-43.37711716,brasil_aberto,True
MG,3136702,Juiz de Fora,São Francisco de Paula,sao francisco de paula,-21.70141029,-43.43373871,brasil_aberto,True
MG,3136702,Juiz de Fora,São Geraldo,sao geraldo,-21.8069706,-43.33994293,brasil_aberto,True
MG,3136702,Juiz de Fora,São Judas Tadeu,sao judas tadeu,-21.70394897,-43.43605042,brasil_aberto,True
MG,3136702,Juiz de Fora,São Mateus,sao mateus,-21.7689273,-43.3495285,brasil_aberto,True
MG,3136702,Juiz de Fora,São Pedro,sao pedro,-21.7749864,-43.3813807,brasil_aberto,True
MG,3136702,Juiz de Fora,São Sebastião,sao sebastiao,-21.75591278,-43.33573151,brasil_aberto,True
MG,3136702,Juiz de Fora,São Tarcísio,sao tarcisio,,,brasil_aberto,True
MG,3136702,Juiz de Fora,Teixeiras,teixeiras,-21.78677368,-43.35979462,brasil_aberto,True
MG,3136702,Juiz de Fora,Terras Altas,terras altas,-21.76724434,-43.29870224,brasil_aberto,True
MG,3136702,Juiz de Fora,Tiguera,tiguera,-21.771595,-43.3189888,brasil_aberto,True
MG,3136702,Juiz de Fora,Toledos,toledos,-21.79101944,-43.58730698,brasil_aberto,True
MG,3136702,Juiz de Fora,Torreões,torreoes,-21.86292458,-43.53831863,brasil_aberto,True
MG,3136702,Juiz de Fora,Três Moinhos,tres moinhos,-21.7417713,-43.3400599,brasil_aberto,True
MG,3136702,Juiz de Fora,Tupã,tupa,-21.7761016,-43.3795362,brasil_aberto,True
MG,3136702,Juiz de Fora,Valadares,valadares,,,brasil_aberto,True
MG,3136702,Juiz de Fora,Vale Verde,vale verde,-21.80521011,-43.35373306,brasil_aberto,True
MG,3136702,Juiz de Fora,Vale do Amanhecer,vale do amanhecer,-21.7094439,-43.3317498,brasil_aberto,True
MG,3136702,Juiz de Fora,Vale do Ipê,vale do ipe,-21.7528056,-43.3660038,brasil_aberto,True
MG,3136702,Juiz de Fora,Verbo Divino,verbo divino,-21.70383453,-43.43690491,brasil_aberto,True
MG,3136702,Juiz de Fora,Vila Alpina,vila alpina,-21.74708176,-43.3336792,brasil_aberto,True
MG,3136702,Juiz de Fora,Vila Branca,vila branca,-21.7443708,-43.3860594,brasil_aberto,True
MG,3136702,Juiz de Fora,Vila Furtado de Menezes,vila furtado de menezes,-21.7716217,-43.3315239,brasil_aberto,True
MG,3136702,Juiz de Fora,Vila Ideal,vila ideal,-21.77877045,-43.32889175,brasil_aberto,True
MG,3136702,Juiz de Fora,Vila Montanhesa,vila montanhesa,-21.69274521,-43.34632874,brasil_aberto,True
MG,3136702,Juiz de Fora,Vila Olavo Costa,vila olavo costa,-21.7751772,-43.3353908,brasil_aberto,True
MG,3136702,Juiz de Fora,Vila Ozanan,vila ozanan,-21.77408409,-43.33700943,brasil_aberto,True
MG,3136702,Juiz de Fora,Vila da Prata,vila da prata,-21.7690482,-43.3676559,brasil_aberto,True
MG,3136702,Juiz de Fora,Vina Del Mar,vina del mar,-21.7833786,-43.40981674,brasil_aberto,True
MG,3136702,Juiz de Fora,Vitorino Braga,vitorino braga,-21.75656509,-43.34324265,brasil_aberto,True
MG,3136702,Juiz de Fora,Vivendas da Serra,vivendas da serra,-21.72026253,-43.34918976,brasil_aberto,True
MG,3136702,Juiz de Fora,Vivendas das Fontes,vivendas das fontes,-21.73251915,-43.40954208,brasil_aberto,True
MG,3136702,Juiz de Fora,Vivendas do Retiro,vivendas do retiro,-21.77961731,-43.29607391,brasil_aberto,True
MG,3136702,Juiz de Fora,Área Rural de Juiz de Fora,area rural de juiz de fora,-21.7543017,-43.343777,brasil_aberto,True
MG,3136801,Juramento,Centro,centro,-16.8490202,-43.5874422,brasil_aberto,True
MG,3136900,Juruaia,Centro,centro,-21.25231743,-46.5786438,brasil_aberto,True
MG,3136959,Juvenília,Centro,centro,-14.26445675,-44.15753937,brasil_aberto,True
MG,3136959,Juvenília,Monte Rei,monte rei,-14.48733521,-44.21486664,brasil_aberto,True
MG,3136959,Juvenília,Porto Agrário,porto agrario,-14.373156,-43.8196504,brasil_aberto,True
MG,3137007,Ladainha,Centro,centro,-17.6890899,-42.514096,brasil_aberto,True
MG,3137007,Ladainha,Concórdia de Mucuri,concordia de mucuri,-17.6804953,-41.8772679,brasil_aberto,True
MG,3137106,Lagamar,Centro,centro,-19.91848564,-43.94829559,brasil_aberto,True
MG,3137106,Lagamar,São Braz,sao braz,-20.62467766,-43.95188522,brasil_aberto,True
MG,3137403,Lagoa Dourada,Arame,arame,,,brasil_aberto,True
MG,3137403,Lagoa Dourada,Catauá,cataua,,,brasil_aberto,True
MG,3137403,Lagoa Dourada,Centro,centro,-19.93190956,-43.17343521,brasil_aberto,True
MG,3137502,Lagoa Formosa,Centro,centro,-18.77646446,-46.4101944,brasil_aberto,True
MG,3137502,Lagoa Formosa,Limeira de Minas,limeira de minas,,,brasil_aberto,True
MG,3137502,Lagoa Formosa,Monjolinho de Minas,monjolinho de minas,-18.77748108,-46.25728989,brasil_aberto,True
MG,3137536,Lagoa Grande,Centro,centro,-17.8370921,-46.5211583,brasil_aberto,True
MG,3137601,Lagoa Santa,Acácias,acacias,-19.49289513,-41.07201385,brasil_aberto,True
MG,3137601,Lagoa Santa,Aeronautas,aeronautas,-19.6578451,-43.8655569,brasil_aberto,True
MG,3137601,Lagoa Santa,Alto do Joá,alto do joa,-19.6467308,-43.869871,brasil_aberto,True
MG,3137601,Lagoa Santa,Alto dos Aeronautas,alto dos aeronautas,-8.31002522,-36.03276062,brasil_aberto,True
MG,3137601,Lagoa Santa,Amadeus,amadeus,-19.6447323,-43.9044951,brasil_aberto,True
MG,3137601,Lagoa Santa,Anel,anel,-19.6731239,-43.8928117,brasil_aberto,True
MG,3137601,Lagoa Santa,Antônio José Salomão,antonio jose salomao,,,brasil_aberto,True
MG,3137601,Lagoa Santa,Bela Vista,bela vista,-19.6381638,-43.9041342,brasil_aberto,True
MG,3137601,Lagoa Santa,Bela Vista II,bela vista ii,-19.6388519,-43.9121373,brasil_aberto,True
MG,3137601,Lagoa Santa,Benedito Soares dos Santos,benedito soares dos santos,-19.60123062,-43.90733719,brasil_aberto,True
MG,3137601,Lagoa Santa,Bosque das Candeias,bosque das candeias,-20.76947975,-45.27648544,brasil_aberto,True
MG,3137601,Lagoa Santa,Bosque das Imbuias,bosque das imbuias,-19.5988224,-43.8935226,brasil_aberto,True
MG,3137601,Lagoa Santa,Bosque das Poaias,bosque das poaias,,,brasil_aberto,True
MG,3137601,Lagoa Santa,Bosque das Águias,bosque das aguias,-22.40572357,-43.13585281,brasil_aberto,True
MG,3137601,Lagoa Santa,Bosque dos Bicudos,bosque dos bicudos,-19.67521667,-43.89019394,brasil_aberto,True
MG,3137601,Lagoa Santa,Bosque dos Cariúmas,bosque dos cariumas,-19.83906746,-43.9442749,brasil_aberto,True
MG,3137601,Lagoa Santa,Bosque dos Ficus,bosque dos ficus,-19.5982175,-43.8985096,brasil_aberto,True
MG,3137601,Lagoa Santa,Bosque dos Álamos,bosque dos alamos,-19.6447323,-43.9044951,brasil_aberto,True
MG,3137601,Lagoa Santa,Campinho,campinho,-19.5762238,-43.9109893,brasil_aberto,True
MG,3137601,Lagoa Santa,Campo dos Grous-Coroados,campo dos grous-coroados,-19.60261,-43.9177432,brasil_aberto,True
MG,3137601,Lagoa Santa,Campo dos Pelicanos,campo dos pelicanos,-19.5990817,-43.9123837,brasil_aberto,True
MG,3137601,Lagoa Santa,Campos da Liberdade,campos da liberdade,-19.57368851,-43.91822052,brasil_aberto,True
MG,3137601,Lagoa Santa,Canto do Riacho,canto do riacho,-19.583004,-43.91240699999999,brasil_aberto,True
MG,3137601,Lagoa Santa,Centro,centro,-19.64400864,-43.90452576,brasil_aberto,True
MG,3137601,Lagoa Santa,Champagne,champagne,-19.66375351,-43.87416077,brasil_aberto,True
MG,3137601,Lagoa Santa,Chácara Panorama,chacara panorama,-19.6403167,-43.9149022,brasil_aberto,True
MG,3137601,Lagoa Santa,Chácaras de Lazer Ben-Viver,chacaras de lazer ben-viver,-19.84848404,-44.0436058,brasil_aberto,True
MG,3137601,Lagoa Santa,Ciaar,ciaar,-19.66699409,-43.90909576,brasil_aberto,True
MG,3137601,Lagoa Santa,Cidade Praia Angélica I,cidade praia angelica i,-19.6449743,-43.8970451,brasil_aberto,True
MG,3137601,Lagoa Santa,Cidade Praia Angélica II,cidade praia angelica ii,-19.65147,-43.9027604,brasil_aberto,True
MG,3137601,Lagoa Santa,Comercial Goiabeiras,comercial goiabeiras,-19.6731239,-43.8928117,brasil_aberto,True
MG,3137601,Lagoa Santa,Condados da Lagoa,condados da lagoa,-19.65908432,-43.93452835,brasil_aberto,True
MG,3137601,Lagoa Santa,Condados de Bouganville,condados de bouganville,,,brasil_aberto,True
MG,3137601,Lagoa Santa,Condomínio Campo das Azaléias,condominio campo das azaleias,-19.58813858,-43.8873024,brasil_aberto,True
MG,3137601,Lagoa Santa,Condomínio Recanto das Palmeiras,condominio recanto das palmeiras,-19.5899876,-43.8925431,brasil_aberto,True
MG,3137601,Lagoa Santa,Conjunto Bela Vista,conjunto bela vista,-19.63842392,-43.91004944,brasil_aberto,True
MG,3137601,Lagoa Santa,Conjunto Ovídio Guerra,conjunto ovidio guerra,-19.64026451,-43.88399887,brasil_aberto,True
MG,3137601,Lagoa Santa,Conjunto Residencial Lagoa Santa,conjunto residencial lagoa santa,-19.6298158,-43.9124646,brasil_aberto,True
MG,3137601,Lagoa Santa,Conjunto Vila Maria,conjunto vila maria,-19.60124207,-43.90543365,brasil_aberto,True
MG,3137601,Lagoa Santa,Coronel Ovídio Guerra,coronel ovidio guerra,-19.6363631,-43.9149011,brasil_aberto,True
MG,3137601,Lagoa Santa,Cristiano de Paula Pinto,cristiano de paula pinto,-19.6084722,-43.9078794,brasil_aberto,True
MG,3137601,Lagoa Santa,Deodoro Gonçalves Bastos,deodoro goncalves bastos,-19.65172005,-43.90849686,brasil_aberto,True
MG,3137601,Lagoa Santa,Distrito Industrial Genesco Aparecido de Oliveira,distrito industrial genesco aparecido de oliveira,-19.6649719,-43.914761,brasil_aberto,True
MG,3137601,Lagoa Santa,Distrito Industrial Olhos D'Água,distrito industrial olhos d'agua,-19.6642956,-43.9149337,brasil_aberto,True
MG,3137601,Lagoa Santa,Doutor Lund,doutor lund,-19.65007973,-43.90821075,brasil_aberto,True
MG,3137601,Lagoa Santa,Eco Village,eco village,-19.6059795,-43.8712037,brasil_aberto,True
MG,3137601,Lagoa Santa,Encanto da Lagoa,encanto da lagoa,-19.65076256,-43.890522,brasil_aberto,True
MG,3137601,Lagoa Santa,Estância Caravelas,estancia caravelas,-19.626672,-43.8978814,brasil_aberto,True
MG,3137601,Lagoa Santa,Estância das Amendoeiras,estancia das amendoeiras,-19.6575489,-43.91608429,brasil_aberto,True
MG,3137601,Lagoa Santa,Estância das Aroeiras,estancia das aroeiras,-19.58004189,-43.91394806,brasil_aberto,True
MG,3137601,Lagoa Santa,Estância das Petúnias,estancia das petunias,-19.57886887,-43.90465164,brasil_aberto,True
MG,3137601,Lagoa Santa,Estância dos Antúrios,estancia dos anturios,-19.57422447,-43.9032402,brasil_aberto,True
MG,3137601,Lagoa Santa,Estância dos Jasmins,estancia dos jasmins,-20.69872093,-44.82785416,brasil_aberto,True
MG,3137601,Lagoa Santa,Fenícia,fenicia,-19.6305896,-43.8799428,brasil_aberto,True
MG,3137601,Lagoa Santa,Flamboyant,flamboyant,-19.94197464,-44.03432083,brasil_aberto,True
MG,3137601,Lagoa Santa,Francisco Pereira,francisco pereira,-19.6540699,-43.87627411,brasil_aberto,True
MG,3137601,Lagoa Santa,Francisco Sanches Rocha,francisco sanches rocha,-19.6383766,-43.8818643,brasil_aberto,True
MG,3137601,Lagoa Santa,Gran Pérola,gran perola,-19.92203522,-44.06148911,brasil_aberto,True
MG,3137601,Lagoa Santa,Gran Royalle,gran royalle,-19.66615486,-43.85765839,brasil_aberto,True
MG,3137601,Lagoa Santa,Herdeiros Lindolfo da Costa Viana,herdeiros lindolfo da costa viana,-19.62487793,-43.88665009,brasil_aberto,True
MG,3137601,Lagoa Santa,Ipanema,ipanema,-19.6479969,-43.88097763,brasil_aberto,True
MG,3137601,Lagoa Santa,Jacques Ville,jacques ville,-19.59628296,-43.91730881,brasil_aberto,True
MG,3137601,Lagoa Santa,Jardim Imperial,jardim imperial,-19.60118103,-43.89668274,brasil_aberto,True
MG,3137601,Lagoa Santa,Jardim Ipê,jardim ipe,-19.64400864,-43.90452576,brasil_aberto,True
MG,3137601,Lagoa Santa,Jardim Ipê II,jardim ipe ii,-19.6522103,-43.911866,brasil_aberto,True
MG,3137601,Lagoa Santa,Jardim do Campinho,jardim do campinho,-19.5957938,-43.9071719,brasil_aberto,True
MG,3137601,Lagoa Santa,Jardim dos Pintassilgos,jardim dos pintassilgos,-19.6429506,-43.9081875,brasil_aberto,True
MG,3137601,Lagoa Santa,Jardins Village,jardins village,-19.5776994,-43.9130574,brasil_aberto,True
MG,3137601,Lagoa Santa,Jardins da Lagoa I,jardins da lagoa i,,,brasil_aberto,True
MG,3137601,Lagoa Santa,Jardins da Lagoa II,jardins da lagoa ii,-19.63118172,-43.87628555,brasil_aberto,True
MG,3137601,Lagoa Santa,Jatobá,jatoba,-19.93509865,-44.14009094,brasil_aberto,True
MG,3137601,Lagoa Santa,Joana Marques,joana marques,-19.6546983,-43.8747264,brasil_aberto,True
MG,3137601,Lagoa Santa,Joaquim Mariano Matos,joaquim mariano matos,-19.61526108,-43.90480804,brasil_aberto,True
MG,3137601,Lagoa Santa,Joá,joa,-19.63847351,-43.88043976,brasil_aberto,True
MG,3137601,Lagoa Santa,Lagoa Dourada,lagoa dourada,-19.5762238,-43.9109893,brasil_aberto,True
MG,3137601,Lagoa Santa,Lagoa Mansões,lagoa mansoes,-19.6540706,-43.8762756,brasil_aberto,True
MG,3137601,Lagoa Santa,Lagoa Santa Park Residence,lagoa santa park residence,-19.65436172,-43.85363388,brasil_aberto,True
MG,3137601,Lagoa Santa,Lagoinha de Fora,lagoinha de fora,,,brasil_aberto,True
MG,3137601,Lagoa Santa,Lapinha,lapinha,,,brasil_aberto,True
MG,3137601,Lagoa Santa,Laticam Gomides,laticam gomides,-19.6225021,-43.8845668,brasil_aberto,True
MG,3137601,Lagoa Santa,Lindolfo da Costa Viana,lindolfo da costa viana,-19.63110733,-43.88059998,brasil_aberto,True
MG,3137601,Lagoa Santa,Lourenço Oliveira,lourenco oliveira,-19.61399841,-43.90467072,brasil_aberto,True
MG,3137601,Lagoa Santa,Luiz Pinto Sobrinho,luiz pinto sobrinho,-19.6241388,-43.8954905,brasil_aberto,True
MG,3137601,Lagoa Santa,Luiz Toledo,luiz toledo,-19.62475586,-43.89525604,brasil_aberto,True
MG,3137601,Lagoa Santa,Lundcea,lundcea,-19.63066864,-43.90093613,brasil_aberto,True
MG,3137601,Lagoa Santa,Lundcea II,lundcea ii,-19.6333679,-43.9146761,brasil_aberto,True
MG,3137601,Lagoa Santa,Manancial,manancial,-19.65216637,-43.91669083,brasil_aberto,True
MG,3137601,Lagoa Santa,Mangabeiras,mangabeiras,-19.60816765,-43.90522385,brasil_aberto,True
MG,3137601,Lagoa Santa,Mangueiras,mangueiras,-19.5701615,-43.9189503,brasil_aberto,True
MG,3137601,Lagoa Santa,Mariposas,mariposas,-19.6258838,-43.916563,brasil_aberto,True
MG,3137601,Lagoa Santa,Metropolitan Business Center II,metropolitan business center ii,-19.66982651,-43.92977524,brasil_aberto,True
MG,3137601,Lagoa Santa,Mirante da Lagoa,mirante da lagoa,-19.64091682,-43.87392044,brasil_aberto,True
MG,3137601,Lagoa Santa,Mirante do Fidalgo,mirante do fidalgo,-19.6160465,-43.9198583,brasil_aberto,True
MG,3137601,Lagoa Santa,Mirante do Tamboril,mirante do tamboril,-19.5877344,-43.8910905,brasil_aberto,True
MG,3137601,Lagoa Santa,Morada do Sol,morada do sol,-19.5903952,-43.9048173,brasil_aberto,True
MG,3137601,Lagoa Santa,Morada dos Pássaros,morada dos passaros,-21.81864548,-46.47826385,brasil_aberto,True
MG,3137601,Lagoa Santa,Moradas da Lapinha,moradas da lapinha,-19.60886574,-43.90499878,brasil_aberto,True
MG,3137601,Lagoa Santa,Morro do Cruzeiro,morro do cruzeiro,-19.6151823,-43.8809054,brasil_aberto,True
MG,3137601,Lagoa Santa,Nossa Senhora de Fátima,nossa senhora de fatima,-19.6447323,-43.9044951,brasil_aberto,True
MG,3137601,Lagoa Santa,Novo Santos Dumont,novo santos dumont,-19.6540699,-43.87627411,brasil_aberto,True
MG,3137601,Lagoa Santa,Olhos D'Água,olhos d'agua,-19.98830414,-43.96335602,brasil_aberto,True
MG,3137601,Lagoa Santa,Palmital,palmital,-19.58462143,-43.90306091,brasil_aberto,True
MG,3137601,Lagoa Santa,Palmital II,palmital ii,-19.5916453,-43.889146,brasil_aberto,True
MG,3137601,Lagoa Santa,Palmital III,palmital iii,-19.90302849,-44.07948685,brasil_aberto,True
MG,3137601,Lagoa Santa,Pama,pama,-19.6513447,-43.9000389,brasil_aberto,True
MG,3137601,Lagoa Santa,Parque Joá,parque joa,-19.6472943,-43.86346289999999,brasil_aberto,True
MG,3137601,Lagoa Santa,Parque Residencial Vivendas,parque residencial vivendas,-20.49686623,-54.57299423,brasil_aberto,True
MG,3137601,Lagoa Santa,Parque das Borboletas,parque das borboletas,-19.67579079,-43.86538315,brasil_aberto,True
MG,3137601,Lagoa Santa,Parque das Orquídeas,parque das orquideas,-19.61552238,-43.90498352,brasil_aberto,True
MG,3137601,Lagoa Santa,Pedro Paula Pereira Carvalho,pedro paula pereira carvalho,-19.62572289,-43.89345551,brasil_aberto,True
MG,3137601,Lagoa Santa,Pomar da Lagoa,pomar da lagoa,-19.66570854,-43.8698082,brasil_aberto,True
MG,3137601,Lagoa Santa,Pontal da Liberdade,pontal da liberdade,-19.64628029,-43.87097168,brasil_aberto,True
MG,3137601,Lagoa Santa,Por do Sol,por do sol,-19.6104764,-43.9121454,brasil_aberto,True
MG,3137601,Lagoa Santa,Portal do Sol,portal do sol,-19.60327339,-43.89316177,brasil_aberto,True
MG,3137601,Lagoa Santa,Portal do Vinhático,portal do vinhatico,-19.5910206,-43.9096275,brasil_aberto,True
MG,3137601,Lagoa Santa,Promissão I,promissao i,-19.6232534,-43.9020671,brasil_aberto,True
MG,3137601,Lagoa Santa,Promissão II,promissao ii,-19.629705,-43.9103495,brasil_aberto,True
MG,3137601,Lagoa Santa,Promissão III,promissao iii,-19.6731239,-43.8928117,brasil_aberto,True
MG,3137601,Lagoa Santa,Quebra,quebra,,,brasil_aberto,True
MG,3137601,Lagoa Santa,Quinta dos Viana,quinta dos viana,-19.6571687,-43.875027,brasil_aberto,True
MG,3137601,Lagoa Santa,Quintas da Lagoa,quintas da lagoa,-19.5504675,-43.9148867,brasil_aberto,True
MG,3137601,Lagoa Santa,Recanto da Lagoa,recanto da lagoa,-19.63474464,-43.89670181,brasil_aberto,True
MG,3137601,Lagoa Santa,Recanto do Bosque,recanto do bosque,-19.6125236,-43.8977844,brasil_aberto,True
MG,3137601,Lagoa Santa,Recanto do Poeta I,recanto do poeta i,,,brasil_aberto,True
MG,3137601,Lagoa Santa,Residencial Boulevard,residencial boulevard,-19.5504675,-43.9148867,brasil_aberto,True
MG,3137601,Lagoa Santa,Residencial Eldorado,residencial eldorado,-19.57646179,-43.91416931,brasil_aberto,True
MG,3137601,Lagoa Santa,Residencial Estância dos Oitis,residencial estancia dos oitis,-19.5943027,-43.8902938,brasil_aberto,True
MG,3137601,Lagoa Santa,Residencial Golden Class,residencial golden class,-19.64062119,-43.86978149,brasil_aberto,True
MG,3137601,Lagoa Santa,Residencial Montreal,residencial montreal,-18.84818459,-41.93484879,brasil_aberto,True
MG,3137601,Lagoa Santa,Residencial Paineiras,residencial paineiras,-19.6253601,-43.9084932,brasil_aberto,True
MG,3137601,Lagoa Santa,Residencial Parque dos Buritis,residencial parque dos buritis,-19.5832388,-43.9011778,brasil_aberto,True
MG,3137601,Lagoa Santa,Residencial Poços,residencial pocos,-19.6289239,-43.9046966,brasil_aberto,True
MG,3137601,Lagoa Santa,Residencial Real Mont Ville,residencial real mont ville,-19.6554691,-43.9208065,brasil_aberto,True
MG,3137601,Lagoa Santa,Residencial Redenção,residencial redencao,-22.97028923,-43.18930817,brasil_aberto,True
MG,3137601,Lagoa Santa,Residencial Riviera,residencial riviera,-19.6014446,-43.8946931,brasil_aberto,True
MG,3137601,Lagoa Santa,Residencial Solarium,residencial solarium,-19.63640976,-43.88019562,brasil_aberto,True
MG,3137601,Lagoa Santa,Residencial Vila Arcádia,residencial vila arcadia,-19.6585478,-43.9161548,brasil_aberto,True
MG,3137601,Lagoa Santa,Residencial Visão,residencial visao,-21.79029083,-48.17964935,brasil_aberto,True
MG,3137601,Lagoa Santa,Residencial Vitória I,residencial vitoria i,-19.94903755,-43.91740036,brasil_aberto,True
MG,3137601,Lagoa Santa,Residencial Vitória II,residencial vitoria ii,-20.28920364,-40.34141922,brasil_aberto,True
MG,3137601,Lagoa Santa,Roseiral,roseiral,-19.90141678,-43.95124054,brasil_aberto,True
MG,3137601,Lagoa Santa,Santos Dumont,santos dumont,-19.64400864,-43.90452576,brasil_aberto,True
MG,3137601,Lagoa Santa,Shalimar,shalimar,-19.66078377,-43.86989594,brasil_aberto,True
MG,3137601,Lagoa Santa,Sobradinho,sobradinho,-19.62204361,-43.89583206,brasil_aberto,True
MG,3137601,Lagoa Santa,Sonho Verde,sonho verde,-19.65763855,-43.87544632,brasil_aberto,True
MG,3137601,Lagoa Santa,São Geraldo,sao geraldo,-19.644576,-43.8887997,brasil_aberto,True
MG,3137601,Lagoa Santa,Sítio Bom Recanto,sitio bom recanto,-19.644747,-43.90451059999999,brasil_aberto,True
MG,3137601,Lagoa Santa,Terra Vista,terra vista,-19.61696053,-43.87672806,brasil_aberto,True
MG,3137601,Lagoa Santa,Tradição,tradicao,-19.6212616,-43.90158081,brasil_aberto,True
MG,3137601,Lagoa Santa,Trilhas do Sol,trilhas do sol,-19.6092042,-43.9012988,brasil_aberto,True
MG,3137601,Lagoa Santa,Vale Verde Ville II,vale verde ville ii,-19.60441971,-43.90060425,brasil_aberto,True
MG,3137601,Lagoa Santa,Vale dos Pintagóis,vale dos pintagois,-19.5990817,-43.9123837,brasil_aberto,True
MG,3137601,Lagoa Santa,Vale dos Sonhos,vale dos sonhos,-19.61592293,-43.88259888,brasil_aberto,True
MG,3137601,Lagoa Santa,Vargem do Lobo,vargem do lobo,-19.6202253,-43.9348394,brasil_aberto,True
MG,3137601,Lagoa Santa,Veredas da Lagoa,veredas da lagoa,-19.63398743,-43.92864227,brasil_aberto,True
MG,3137601,Lagoa Santa,Vila Asas,vila asas,-19.66098213,-43.91058731,brasil_aberto,True
MG,3137601,Lagoa Santa,Vila Jardim Presidente,vila jardim presidente,-19.65681076,-43.90897751,brasil_aberto,True
MG,3137601,Lagoa Santa,Vila Joana D'Arc,vila joana d'arc,-19.6360285,-43.9028892,brasil_aberto,True
MG,3137601,Lagoa Santa,Vila José Fagundes,vila jose fagundes,-19.59178352,-43.90730667,brasil_aberto,True
MG,3137601,Lagoa Santa,Vila Maria,vila maria,-19.6100767,-43.9110162,brasil_aberto,True
MG,3137601,Lagoa Santa,Vila Maria II,vila maria ii,-19.60856056,-43.90562439,brasil_aberto,True
MG,3137601,Lagoa Santa,Vila Maria III,vila maria iii,-19.6012419,-43.9054329,brasil_aberto,True
MG,3137601,Lagoa Santa,Vila Militar,vila militar,-22.96120453,-43.17898941,brasil_aberto,True
MG,3137601,Lagoa Santa,Vila Nossa Senhora de Lourdes,vila nossa senhora de lourdes,-19.92861557,-43.93888474,brasil_aberto,True
MG,3137601,Lagoa Santa,Vila Pinto Coelho,vila pinto coelho,,,brasil_aberto,True
MG,3137601,Lagoa Santa,Vila Rica,vila rica,-19.59863091,-43.9042778,brasil_aberto,True
MG,3137601,Lagoa Santa,Vila Rica II,vila rica ii,-19.5913366,-43.8900842,brasil_aberto,True
MG,3137601,Lagoa Santa,Vila Santa Cecília,vila santa cecilia,,,brasil_aberto,True
MG,3137601,Lagoa Santa,Vila Santa Helena,vila santa helena,-19.608865,-43.9049974,brasil_aberto,True
MG,3137601,Lagoa Santa,Vila dos Ipês,vila dos ipes,-19.67154,-43.8865175,brasil_aberto,True
MG,3137601,Lagoa Santa,Villa Paradiso,villa paradiso,-19.60728645,-43.90967178,brasil_aberto,True
MG,3137601,Lagoa Santa,Village do Gramado I,village do gramado i,-19.65810204,-43.87614059,brasil_aberto,True
MG,3137601,Lagoa Santa,Village do Gramado II,village do gramado ii,-19.65810204,-43.87614059,brasil_aberto,True
MG,3137601,Lagoa Santa,Vista Alegre,vista alegre,,,brasil_aberto,True
MG,3137601,Lagoa Santa,Vitória da União,vitoria da uniao,-19.65172005,-43.90849686,brasil_aberto,True
MG,3137601,Lagoa Santa,Várzea,varzea,-19.63847351,-43.88043976,brasil_aberto,True
MG,3137601,Lagoa Santa,Zumbi,zumbi,-19.697176,-43.911209,brasil_aberto,True
MG,3137601,Lagoa Santa,Área Rural de Lagoa Santa,area rural de lagoa santa,-19.6447323,-43.9044951,brasil_aberto,True
MG,3137205,Lagoa da Prata,Américo Silva,americo silva,-20.0129934,-45.5382881,brasil_aberto,True
MG,3137205,Lagoa da Prata,Buritis,buritis,-19.93380928,-43.93433762,brasil_aberto,True
MG,3137205,Lagoa da Prata,Centro,centro,-20.01299286,-45.53828812,brasil_aberto,True
MG,3137205,Lagoa da Prata,Chico Miranda,chico miranda,-20.0246311,-45.540565,brasil_aberto,True
MG,3137205,Lagoa da Prata,Cidade Jardim,cidade jardim,-19.85647202,-43.97584534,brasil_aberto,True
MG,3137205,Lagoa da Prata,Coronel Luciano,coronel luciano,-21.88255882,-42.69629669,brasil_aberto,True
MG,3137205,Lagoa da Prata,Distrito Industrial,distrito industrial,-16.67952538,-43.85856628,brasil_aberto,True
MG,3137205,Lagoa da Prata,Ernestina Bernardes,ernestina bernardes,-20.02467155,-45.54172516,brasil_aberto,True
MG,3137205,Lagoa da Prata,Etelvina Miranda,etelvina miranda,-20.01223564,-45.5307045,brasil_aberto,True
MG,3137205,Lagoa da Prata,Gomes,gomes,-20.01299286,-45.53828812,brasil_aberto,True
MG,3137205,Lagoa da Prata,Guadalupe,guadalupe,-20.04642487,-45.52496719,brasil_aberto,True
MG,3137205,Lagoa da Prata,Mangabeiras,mangabeiras,-20.0022762,-45.5466519,brasil_aberto,True
MG,3137205,Lagoa da Prata,Maria Fernanda,maria fernanda,-20.0331695,-45.5276071,brasil_aberto,True
MG,3137205,Lagoa da Prata,Maria Fernanda I,maria fernanda i,-20.0331695,-45.5276071,brasil_aberto,True
MG,3137205,Lagoa da Prata,Maria Fernanda II,maria fernanda ii,-20.0246253,-45.5293638,brasil_aberto,True
MG,3137205,Lagoa da Prata,Martins Guimarães,martins guimaraes,-20.0820961,-45.39749527,brasil_aberto,True
MG,3137205,Lagoa da Prata,Marília,marilia,-20.0229656,-45.5366243,brasil_aberto,True
MG,3137205,Lagoa da Prata,Nossa Senhora das Graças,nossa senhora das gracas,-20.0119395,-45.5269259,brasil_aberto,True
MG,3137205,Lagoa da Prata,Paradiso,paradiso,-20.0236361,-45.5440976,brasil_aberto,True
MG,3137205,Lagoa da Prata,Santa Alexandrina,santa alexandrina,-20.0177459,-45.5338355,brasil_aberto,True
MG,3137205,Lagoa da Prata,Santa Eugênia,santa eugenia,-20.0229656,-45.5366243,brasil_aberto,True
MG,3137205,Lagoa da Prata,Santa Eugênia II,santa eugenia ii,-20.01285744,-45.53089142,brasil_aberto,True
MG,3137205,Lagoa da Prata,Santa Helena,santa helena,-18.66625404,-48.19648743,brasil_aberto,True
MG,3137205,Lagoa da Prata,Sol Nascente,sol nascente,-20.02722549,-45.53534317,brasil_aberto,True
MG,3137205,Lagoa da Prata,São Francisco,sao francisco,-20.0246253,-45.5293638,brasil_aberto,True
MG,3137205,Lagoa da Prata,São José,sao jose,-20.0144664,-45.5477526,brasil_aberto,True
MG,3137205,Lagoa da Prata,Área Rural de Lagoa da Prata,area rural de lagoa da prata,-20.0246311,-45.540565,brasil_aberto,True
MG,3137304,Lagoa dos Patos,Centro,centro,-16.98139191,-44.57900238,brasil_aberto,True
MG,3137700,Lajinha,Centro,centro,-20.1537075,-41.62381744,brasil_aberto,True
MG,3137700,Lajinha,Prata de Lajinha,prata de lajinha,-20.07443428,-41.5151825,brasil_aberto,True
MG,3137809,Lambari,Centro,centro,-21.9735146,-45.3484328,brasil_aberto,True
MG,3137908,Lamim,Centro,centro,-20.7904937,-43.4731386,brasil_aberto,True
MG,3138005,Laranjal,Centro,centro,-21.36236763,-42.48037338,brasil_aberto,True
MG,3138005,Laranjal,São João da Sapucaia,sao joao da sapucaia,-21.27987289,-42.43240356,brasil_aberto,True
MG,3138104,Lassance,Centro,centro,-20.0783693,-43.7978704,brasil_aberto,True
MG,3138203,Lavras,Aeroporto,aeroporto,-20.94597435,-45.88256836,brasil_aberto,True
MG,3138203,Lavras,Alta Villa Bom Jesus,alta villa bom jesus,-21.25975037,-44.97571564,brasil_aberto,True
MG,3138203,Lavras,Alta Villa Lavras,alta villa lavras,-21.25975037,-44.97571564,brasil_aberto,True
MG,3138203,Lavras,Alto do Cruzeiro,alto do cruzeiro,-21.2532834,-45.0036352,brasil_aberto,True
MG,3138203,Lavras,Alvorada,alvorada,-21.2573442,-44.9836994,brasil_aberto,True
MG,3138203,Lavras,Anísio Alves de Abreu,anisio alves de abreu,-21.2590401,-45.0027123,brasil_aberto,True
MG,3138203,Lavras,Aquenta Sol,aquenta sol,-21.2267294,-44.9917394,brasil_aberto,True
MG,3138203,Lavras,Artur Bernardes,artur bernardes,-21.2398506,-44.9983535,brasil_aberto,True
MG,3138203,Lavras,Baunilha,baunilha,-21.2398506,-44.9983535,brasil_aberto,True
MG,3138203,Lavras,Belizanda,belizanda,-21.24782562,-45.00672913,brasil_aberto,True
MG,3138203,Lavras,Belo Horizonte,belo horizonte,-21.24057007,-44.99013901,brasil_aberto,True
MG,3138203,Lavras,Belo Monte,belo monte,-21.2398506,-44.9983535,brasil_aberto,True
MG,3138203,Lavras,Bicame,bicame,-21.2568473,-44.9956368,brasil_aberto,True
MG,3138203,Lavras,Caminhos da Serra,caminhos da serra,-21.2377091,-44.9787804,brasil_aberto,True
MG,3138203,Lavras,Cascalho,cascalho,-21.25424004,-44.99632645,brasil_aberto,True
MG,3138203,Lavras,Cecília Azevedo,cecilia azevedo,-21.2437505,-45.0065577,brasil_aberto,True
MG,3138203,Lavras,Centenário,centenario,-21.25312424,-44.99677658,brasil_aberto,True
MG,3138203,Lavras,Centro,centro,-19.78902817,-42.1438179,brasil_aberto,True
MG,3138203,Lavras,Centro Empresarial de Lavras,centro empresarial de lavras,-21.27444649,-44.97669601,brasil_aberto,True
MG,3138203,Lavras,Charquinho,charquinho,-21.2484608,-45.001426,brasil_aberto,True
MG,3138203,Lavras,Cidade da Serra,cidade da serra,-21.2655513,-45.0006122,brasil_aberto,True
MG,3138203,Lavras,Colinas da Serra,colinas da serra,-21.27534294,-44.98340988,brasil_aberto,True
MG,3138203,Lavras,Colinas da Serra III,colinas da serra iii,-21.27348328,-44.98674393,brasil_aberto,True
MG,3138203,Lavras,Colinas da Serra IV,colinas da serra iv,-21.276022,-44.985783,brasil_aberto,True
MG,3138203,Lavras,Comunidade do Funil,comunidade do funil,-21.1383773,-45.0151564,brasil_aberto,True
MG,3138203,Lavras,Condomínio Aldeia de Sagres,condominio aldeia de sagres,-21.24977875,-44.99639511,brasil_aberto,True
MG,3138203,Lavras,Condomínio Dharma Ville,condominio dharma ville,-22.20773697,-45.93867493,brasil_aberto,True
MG,3138203,Lavras,Condomínio Flamboyants,condominio flamboyants,-21.24139595,-45.0083847,brasil_aberto,True
MG,3138203,Lavras,Condomínio Jardim das Palmeiras,condominio jardim das palmeiras,-21.25169182,-45.00516129,brasil_aberto,True
MG,3138203,Lavras,Condomínio Lagoa dos Ipês,condominio lagoa dos ipes,-21.2218738,-44.9798528,brasil_aberto,True
MG,3138203,Lavras,Condomínio Montserrat,condominio montserrat,-21.2667675,-45.01037598,brasil_aberto,True
MG,3138203,Lavras,Condomínio Reserva do Funil,condominio reserva do funil,-21.24841881,-45.00139999,brasil_aberto,True
MG,3138203,Lavras,Condomínio Residencial Lavras Parque I,condominio residencial lavras parque i,-21.21640968,-44.97580719,brasil_aberto,True
MG,3138203,Lavras,Condomínio Stone Village,condominio stone village,-21.24927521,-44.99323273,brasil_aberto,True
MG,3138203,Lavras,Condomínio das Goiabeiras,condominio das goiabeiras,-21.2225067,-44.9811668,brasil_aberto,True
MG,3138203,Lavras,Conjunto Habitacional Alto dos Ipês,conjunto habitacional alto dos ipes,-21.2645547,-45.0046498,brasil_aberto,True
MG,3138203,Lavras,Conjunto Habitacional Cidade Nova,conjunto habitacional cidade nova,-21.2398506,-44.9983535,brasil_aberto,True
MG,3138203,Lavras,Conjunto Habitacional João da Cruz Botrel,conjunto habitacional joao da cruz botrel,-21.2658517,-45.0233196,brasil_aberto,True
MG,3138203,Lavras,Conjunto Habitacional Júlio Sidney Pinto,conjunto habitacional julio sidney pinto,-21.2231361,-45.0011513,brasil_aberto,True
MG,3138203,Lavras,Conjunto Habitacional Residencial Caminho das Águas,conjunto habitacional residencial caminho das aguas,-21.2160496,-44.9981578,brasil_aberto,True
MG,3138203,Lavras,Conjunto Habitacional Residencial Caminho das Águas II,conjunto habitacional residencial caminho das aguas ii,-21.2160496,-44.9981578,brasil_aberto,True
MG,3138203,Lavras,Conjunto Habitacional Água Limpa,conjunto habitacional agua limpa,-21.24735451,-45.02263641,brasil_aberto,True
MG,3138203,Lavras,Costa Pinto,costa pinto,-21.25682068,-44.99842834,brasil_aberto,True
MG,3138203,Lavras,Cruzeiro do Sul,cruzeiro do sul,-21.25661469,-45.0056076,brasil_aberto,True
MG,3138203,Lavras,Distrito Industrial Deputado Sylvio Menicucci,distrito industrial deputado sylvio menicucci,-21.2742775,-44.9795068,brasil_aberto,True
MG,3138203,Lavras,Distrito Industrial II,distrito industrial ii,-21.2716732,-44.98285294,brasil_aberto,True
MG,3138203,Lavras,Distrito Industrial III,distrito industrial iii,-20.037372,-45.9195262,brasil_aberto,True
MG,3138203,Lavras,Dona Flor,dona flor,-21.24591255,-45.00463867,brasil_aberto,True
MG,3138203,Lavras,Dona Irene,dona irene,-21.71291542,-45.28261185,brasil_aberto,True
MG,3138203,Lavras,Dona Julieta,dona julieta,-20.94597435,-45.88256836,brasil_aberto,True
MG,3138203,Lavras,Dona Odete,dona odete,-21.25908852,-44.98427963,brasil_aberto,True
MG,3138203,Lavras,Dos Ipês,dos ipes,-21.25312424,-44.99677658,brasil_aberto,True
MG,3138203,Lavras,Doutor João Ribeiro,doutor joao ribeiro,-19.47966194,-42.5281601,brasil_aberto,True
MG,3138203,Lavras,Esplanada,esplanada,-21.22776794,-44.997509,brasil_aberto,True
MG,3138203,Lavras,Fátima,fatima,-21.25056839,-44.98927689,brasil_aberto,True
MG,3138203,Lavras,Gato Preto,gato preto,-21.252939,-45.0131959,brasil_aberto,True
MG,3138203,Lavras,Ignácio Valentin,ignacio valentin,,,brasil_aberto,True
MG,3138203,Lavras,Ignácio Valentini,ignacio valentini,-21.2338715,-44.996265,brasil_aberto,True
MG,3138203,Lavras,Jardim América,jardim america,-21.23698235,-44.99068069,brasil_aberto,True
MG,3138203,Lavras,Jardim Bela Vista,jardim bela vista,-21.2613421,-44.9894415,brasil_aberto,True
MG,3138203,Lavras,Jardim Campestre,jardim campestre,-21.23222733,-45.01141739,brasil_aberto,True
MG,3138203,Lavras,Jardim Campestre II,jardim campestre ii,-21.23060799,-45.01079559,brasil_aberto,True
MG,3138203,Lavras,Jardim Campestre III,jardim campestre iii,-21.23222733,-45.01141739,brasil_aberto,True
MG,3138203,Lavras,Jardim Dona Wanda,jardim dona wanda,-21.24064255,-44.98191071,brasil_aberto,True
MG,3138203,Lavras,Jardim Eldorado,jardim eldorado,-21.24620247,-44.98579788,brasil_aberto,True
MG,3138203,Lavras,Jardim Europa,jardim europa,-21.22191429,-44.99904251,brasil_aberto,True
MG,3138203,Lavras,Jardim Fabiana,jardim fabiana,-21.2386165,-45.0043943,brasil_aberto,True
MG,3138203,Lavras,Jardim Floresta,jardim floresta,-21.2624588,-44.99526596,brasil_aberto,True
MG,3138203,Lavras,Jardim Glória,jardim gloria,-21.2300733,-45.0022298,brasil_aberto,True
MG,3138203,Lavras,Jardim Itália,jardim italia,-21.26169014,-44.97829819,brasil_aberto,True
MG,3138203,Lavras,Jardim Klintiana,jardim klintiana,-21.23362923,-45.00069427,brasil_aberto,True
MG,3138203,Lavras,Jardim Rio Bonito,jardim rio bonito,-21.27321053,-44.97858047,brasil_aberto,True
MG,3138203,Lavras,Jardim Samauma,jardim samauma,-19.93530273,-44.03879166,brasil_aberto,True
MG,3138203,Lavras,Jardim São Carlos,jardim sao carlos,-21.26820946,-44.98674774,brasil_aberto,True
MG,3138203,Lavras,Jardim São Paulo,jardim sao paulo,-21.2393727,-45.010464,brasil_aberto,True
MG,3138203,Lavras,Jardim Vila Rica,jardim vila rica,-21.25479889,-44.98246765,brasil_aberto,True
MG,3138203,Lavras,Jardim das Acácias,jardim das acacias,-17.8672332,-41.518924,brasil_aberto,True
MG,3138203,Lavras,Jardim das Alterosas,jardim das alterosas,-21.23526764,-44.9920845,brasil_aberto,True
MG,3138203,Lavras,Jardim das Magnólias,jardim das magnolias,-21.26104355,-44.98600769,brasil_aberto,True
MG,3138203,Lavras,Jardim das Magnólias II,jardim das magnolias ii,-21.2632735,-44.9827279,brasil_aberto,True
MG,3138203,Lavras,Lavras Shopping,lavras shopping,-21.2440546,-44.9884381,brasil_aberto,True
MG,3138203,Lavras,Lavrinhas,lavrinhas,-21.2267294,-44.9917394,brasil_aberto,True
MG,3138203,Lavras,Manoel Alves,manoel alves,-21.23707199,-44.99676514,brasil_aberto,True
MG,3138203,Lavras,Martins,martins,-21.25489807,-44.99161148,brasil_aberto,True
MG,3138203,Lavras,Monte Líbano,monte libano,-21.24405479,-44.98843765,brasil_aberto,True
MG,3138203,Lavras,Monte Líbano II,monte libano ii,-21.2461945,-44.9857451,brasil_aberto,True
MG,3138203,Lavras,Monte Líbano III,monte libano iii,-21.24507141,-44.98023987,brasil_aberto,True
MG,3138203,Lavras,Morada do Sol,morada do sol,-21.23809242,-45.02390289,brasil_aberto,True
MG,3138203,Lavras,Morada do Sol II,morada do sol ii,-17.79769897,-50.94578171,brasil_aberto,True
MG,3138203,Lavras,Morada do Sol III,morada do sol iii,-16.75823212,-43.88708496,brasil_aberto,True
MG,3138203,Lavras,Nossa Senhora Aparecida,nossa senhora aparecida,-21.24499893,-44.99264526,brasil_aberto,True
MG,3138203,Lavras,Nossa Senhora de Lourdes,nossa senhora de lourdes,-21.22143745,-44.99189377,brasil_aberto,True
MG,3138203,Lavras,Nossa Senhora de Lourdes II,nossa senhora de lourdes ii,-21.2238381,-44.9948145,brasil_aberto,True
MG,3138203,Lavras,Nossa Senhora do Líbano,nossa senhora do libano,-21.2410941,-44.9927412,brasil_aberto,True
MG,3138203,Lavras,Nova Lavras,nova lavras,-21.25312424,-44.99677658,brasil_aberto,True
MG,3138203,Lavras,Novo Água Limpa,novo agua limpa,-21.24776077,-45.02237701,brasil_aberto,True
MG,3138203,Lavras,Novo Água Limpa II,novo agua limpa ii,-21.2427225,-45.0246701,brasil_aberto,True
MG,3138203,Lavras,Olaria,olaria,-21.2405692,-44.9901402,brasil_aberto,True
MG,3138203,Lavras,Ouro Branco,ouro branco,-20.50945663,-43.72951126,brasil_aberto,True
MG,3138203,Lavras,Ouro Preto,ouro preto,-21.25268173,-45.00566864,brasil_aberto,True
MG,3138203,Lavras,Ouro Verde,ouro verde,-21.2526826,-45.0056697,brasil_aberto,True
MG,3138203,Lavras,Padre Dehon,padre dehon,-21.25312424,-44.99677658,brasil_aberto,True
MG,3138203,Lavras,Parque Belvedere,parque belvedere,-21.25354004,-44.99650192,brasil_aberto,True
MG,3138203,Lavras,Parque Bocaina,parque bocaina,-21.2624588,-44.99526596,brasil_aberto,True
MG,3138203,Lavras,Parque Bocaina II,parque bocaina ii,-21.26078033,-44.99041748,brasil_aberto,True
MG,3138203,Lavras,Parque Imperial,parque imperial,-21.2380918,-45.0239019,brasil_aberto,True
MG,3138203,Lavras,Parque das Pedras Preciosas,parque das pedras preciosas,-21.25236702,-44.99764252,brasil_aberto,True
MG,3138203,Lavras,Parque dos Ipês,parque dos ipes,-21.2425191,-45.0079318,brasil_aberto,True
MG,3138203,Lavras,Pedro Silvestre,pedro silvestre,-21.2690258,-44.99546432,brasil_aberto,True
MG,3138203,Lavras,Planalto,planalto,-21.26033974,-44.99074554,brasil_aberto,True
MG,3138203,Lavras,Portal da Mata,portal da mata,-21.21536636,-44.96895218,brasil_aberto,True
MG,3138203,Lavras,Portal da Serra,portal da serra,-21.26676559,-44.99648666,brasil_aberto,True
MG,3138203,Lavras,Presidente Kennedy,presidente kennedy,-21.25354004,-44.99650192,brasil_aberto,True
MG,3138203,Lavras,Província de Lucca,provincia de lucca,-21.2398506,-44.9983535,brasil_aberto,True
MG,3138203,Lavras,Residencial Alphaville,residencial alphaville,-21.251128,-44.9907368,brasil_aberto,True
MG,3138203,Lavras,Residencial Antônio Cherem,residencial antonio cherem,-21.23658371,-45.00030899,brasil_aberto,True
MG,3138203,Lavras,Residencial Bela Vista,residencial bela vista,-21.26274681,-44.98626328,brasil_aberto,True
MG,3138203,Lavras,Residencial Bouganville,residencial bouganville,-21.2394367,-44.9825913,brasil_aberto,True
MG,3138203,Lavras,Residencial Fonte Verde,residencial fonte verde,-21.23568916,-45.03042221,brasil_aberto,True
MG,3138203,Lavras,Residencial Jardins,residencial jardins,-21.55119324,-45.45082855,brasil_aberto,True
MG,3138203,Lavras,Residencial Judith Cândido Andrade,residencial judith candido andrade,-21.2102837,-44.9887169,brasil_aberto,True
MG,3138203,Lavras,Residencial Mundo Novo,residencial mundo novo,-21.24455452,-45.03196335,brasil_aberto,True
MG,3138203,Lavras,Residencial Nova Era,residencial nova era,-21.22330475,-45.00217438,brasil_aberto,True
MG,3138203,Lavras,Residencial Nova Era II,residencial nova era ii,-21.2198868,-45.0064413,brasil_aberto,True
MG,3138203,Lavras,Residencial Nova Era III,residencial nova era iii,-21.2198868,-45.0064413,brasil_aberto,True
MG,3138203,Lavras,Residencial Parque Leste,residencial parque leste,-21.245071,-44.9802408,brasil_aberto,True
MG,3138203,Lavras,Residencial Sant'ana I,residencial sant'ana i,-21.2517514,-44.9799997,brasil_aberto,True
MG,3138203,Lavras,Residencial Tipuana,residencial tipuana,-21.2645547,-45.0046498,brasil_aberto,True
MG,3138203,Lavras,Residencial Tipuana ll,residencial tipuana ll,-21.26274681,-44.98626328,brasil_aberto,True
MG,3138203,Lavras,Residencial Vista do Lago,residencial vista do lago,-21.2042825,-44.98549879999999,brasil_aberto,True
MG,3138203,Lavras,Residencial a Vencedora,residencial a vencedora,-25.47019768,-49.34282684,brasil_aberto,True
MG,3138203,Lavras,Retiro,retiro,-21.25036812,-44.99993896,brasil_aberto,True
MG,3138203,Lavras,Santa Cruz,santa cruz,-21.26335144,-44.95636749,brasil_aberto,True
MG,3138203,Lavras,Santa Efigênia,santa efigenia,-21.26033974,-44.99074554,brasil_aberto,True
MG,3138203,Lavras,Santa Filomena,santa filomena,-21.25056839,-44.98927689,brasil_aberto,True
MG,3138203,Lavras,Serra Azul,serra azul,-21.24782562,-45.00672913,brasil_aberto,True
MG,3138203,Lavras,Serra Verde,serra verde,-21.26747894,-44.98997116,brasil_aberto,True
MG,3138203,Lavras,Sub-Estação,sub-estacao,-23.52100182,-46.4131279,brasil_aberto,True
MG,3138203,Lavras,São Vicente,sao vicente,-21.2398506,-44.9983535,brasil_aberto,True
MG,3138203,Lavras,Universidade Federal de Lavras,universidade federal de lavras,-21.25354004,-44.99650192,brasil_aberto,True
MG,3138203,Lavras,Vale do Sol,vale do sol,-21.25479889,-44.98246765,brasil_aberto,True
MG,3138203,Lavras,Vila Alzira,vila alzira,-21.25435829,-44.9876709,brasil_aberto,True
MG,3138203,Lavras,Vila Bandeirantes,vila bandeirantes,-21.2328329,-44.9862952,brasil_aberto,True
MG,3138203,Lavras,Vila Brasília,vila brasilia,-21.25312424,-44.99677658,brasil_aberto,True
MG,3138203,Lavras,Vila Ester,vila ester,-21.25312424,-44.99677658,brasil_aberto,True
MG,3138203,Lavras,Vila Glória,vila gloria,-21.25457954,-44.9974823,brasil_aberto,True
MG,3138203,Lavras,Vila Joaquim Sales,vila joaquim sales,-21.24443436,-45.01865768,brasil_aberto,True
MG,3138203,Lavras,Vila José Vilela,vila jose vilela,-21.25461578,-45.00545502,brasil_aberto,True
MG,3138203,Lavras,Vila Mariana,vila mariana,-21.22429276,-45.00167847,brasil_aberto,True
MG,3138203,Lavras,Vila Menicucci,vila menicucci,-21.2245742,-44.9967165,brasil_aberto,True
MG,3138203,Lavras,Vila Murad,vila murad,-21.2495258,-45.0094361,brasil_aberto,True
MG,3138203,Lavras,Vila Nílton Teixeira,vila nilton teixeira,-21.2386165,-45.0043943,brasil_aberto,True
MG,3138203,Lavras,Vila Paraíso,vila paraiso,-21.22469139,-45.00046158,brasil_aberto,True
MG,3138203,Lavras,Vila Pitangui,vila pitangui,-21.2394371,-44.98258972,brasil_aberto,True
MG,3138203,Lavras,Vila Rosalina,vila rosalina,-21.2414302,-45.0065948,brasil_aberto,True
MG,3138203,Lavras,Vila São Camilo,vila sao camilo,-21.2600842,-45.0059813,brasil_aberto,True
MG,3138203,Lavras,Vila São Francisco,vila sao francisco,-21.2300733,-45.0022298,brasil_aberto,True
MG,3138203,Lavras,Vila São Sebastião,vila sao sebastiao,-21.24689293,-45.00309753,brasil_aberto,True
MG,3138203,Lavras,Vila Vera Cruz,vila vera cruz,-19.93245125,-43.93995667,brasil_aberto,True
MG,3138203,Lavras,Villa da Serra,villa da serra,-19.9793977,-43.93652549999999,brasil_aberto,True
MG,3138203,Lavras,Vista Alegre,vista alegre,-21.2179017,-44.9973953,brasil_aberto,True
MG,3138203,Lavras,Área Rural de Lavras,area rural de lavras,-21.2398506,-44.9983535,brasil_aberto,True
MG,3138302,Leandro Ferreira,Centro,centro,-19.5655584,-44.0793865,brasil_aberto,True
MG,3138351,Leme do Prado,Centro,centro,-17.0818884,-42.6919181,brasil_aberto,True
MG,3138351,Leme do Prado,Posses,posses,-17.0439335,-42.79024210000001,brasil_aberto,True
MG,3138401,Leopoldina,Abaíba,abaiba,-21.5910511,-42.49952698,brasil_aberto,True
MG,3138401,Leopoldina,Alto Ventania,alto ventania,-21.5303854,-42.6438244,brasil_aberto,True
MG,3138401,Leopoldina,Alto da Boa Vista,alto da boa vista,-21.5120424,-42.6300142,brasil_aberto,True
MG,3138401,Leopoldina,Alto do Cemitério,alto do cemiterio,-21.5258007,-42.64698792,brasil_aberto,True
MG,3138401,Leopoldina,Arraial dos Montes,arraial dos montes,-21.56727791,-42.58887863,brasil_aberto,True
MG,3138401,Leopoldina,Arthur Leão,arthur leao,-21.52886772,-42.64508438,brasil_aberto,True
MG,3138401,Leopoldina,Bela Vista,bela vista,-21.51947212,-42.63794327,brasil_aberto,True
MG,3138401,Leopoldina,Centro,centro,-21.5319191,-42.639345,brasil_aberto,True
MG,3138401,Leopoldina,Chácara Dona Euzébia,chacara dona euzebia,-21.5256553,-42.6458366,brasil_aberto,True
MG,3138401,Leopoldina,Cidade Alta,cidade alta,-21.5137674,-42.63886,brasil_aberto,True
MG,3138401,Leopoldina,Doutor Joaquim Furtado Pinto,doutor joaquim furtado pinto,-21.5336132,-42.65167618,brasil_aberto,True
MG,3138401,Leopoldina,Doutor Joaquim Guimarães,doutor joaquim guimaraes,-21.5320549,-42.6491127,brasil_aberto,True
MG,3138401,Leopoldina,Eldorado,eldorado,-21.53269577,-42.6522789,brasil_aberto,True
MG,3138401,Leopoldina,Fortaleza,fortaleza,-18.67610359,-41.98884964,brasil_aberto,True
MG,3138401,Leopoldina,Fábrica,fabrica,-21.5353171,-42.638867,brasil_aberto,True
MG,3138401,Leopoldina,Fátima,fatima,-21.53733826,-42.63666153,brasil_aberto,True
MG,3138401,Leopoldina,Imperador,imperador,-21.5159359,-42.63064575,brasil_aberto,True
MG,3138401,Leopoldina,Jardim Bela Vista,jardim bela vista,-21.50735474,-42.62479782,brasil_aberto,True
MG,3138401,Leopoldina,Jardim Caiçara,jardim caicara,-18.67610359,-41.98884964,brasil_aberto,True
MG,3138401,Leopoldina,Jardim Imperial,jardim imperial,-21.5198676,-42.6220011,brasil_aberto,True
MG,3138401,Leopoldina,Jardim Lisboa,jardim lisboa,-21.539248,-42.63852250000001,brasil_aberto,True
MG,3138401,Leopoldina,Jardim dos Bandeirantes,jardim dos bandeirantes,-21.52527237,-42.64953232,brasil_aberto,True
MG,3138401,Leopoldina,João Paulo II,joao paulo ii,-21.52983284,-42.64879227,brasil_aberto,True
MG,3138401,Leopoldina,Loteamento Verônio Barbosa Rezende,loteamento veronio barbosa rezende,-21.5072292,-42.6206765,brasil_aberto,True
MG,3138401,Leopoldina,Maria Guimarães França,maria guimaraes franca,-21.5256428,-42.640489,brasil_aberto,True
MG,3138401,Leopoldina,Mina de Ouro,mina de ouro,-21.53373528,-42.64560318,brasil_aberto,True
MG,3138401,Leopoldina,Monte Verde,monte verde,-19.97388077,-44.17713547,brasil_aberto,True
MG,3138401,Leopoldina,Nova Leopoldina,nova leopoldina,-21.518511,-42.6415815,brasil_aberto,True
MG,3138401,Leopoldina,Pedra Pinguda,pedra pinguda,-21.60140991,-42.6255188,brasil_aberto,True
MG,3138401,Leopoldina,Pedro Brito Neto,pedro brito neto,-21.5378418,-42.65442657,brasil_aberto,True
MG,3138401,Leopoldina,Piacatuba,piacatuba,-21.48590469,-42.78697968,brasil_aberto,True
MG,3138401,Leopoldina,Pirineus,pirineus,-21.5293334,-42.64107,brasil_aberto,True
MG,3138401,Leopoldina,Popular,popular,-18.67610359,-41.98884964,brasil_aberto,True
MG,3138401,Leopoldina,Providência,providencia,-21.6658535,-42.59629059,brasil_aberto,True
MG,3138401,Leopoldina,Quinta Residência,quinta residencia,-21.5425969,-42.6500025,brasil_aberto,True
MG,3138401,Leopoldina,Redentor,redentor,-21.76486015,-43.35390091,brasil_aberto,True
MG,3138401,Leopoldina,Ribeiro Junqueira,ribeiro junqueira,-21.45196152,-42.51309967,brasil_aberto,True
MG,3138401,Leopoldina,Roque Schetino,roque schetino,-18.7890714,-41.9896866,brasil_aberto,True
MG,3138401,Leopoldina,Rosário,rosario,-21.52951813,-42.6442337,brasil_aberto,True
MG,3138401,Leopoldina,Serra Verde,serra verde,-21.51068497,-42.65623093,brasil_aberto,True
MG,3138401,Leopoldina,São Cristóvão,sao cristovao,-18.67610359,-41.98884964,brasil_aberto,True
MG,3138401,Leopoldina,São Luiz,sao luiz,-18.67610359,-41.98884964,brasil_aberto,True
MG,3138401,Leopoldina,São Sebastião,sao sebastiao,-21.50735474,-42.62479782,brasil_aberto,True
MG,3138401,Leopoldina,Tebas,tebas,-21.5825518,-42.7397842,brasil_aberto,True
MG,3138401,Leopoldina,Tomé Nogueira,tome nogueira,-21.50735474,-42.62479782,brasil_aberto,True
MG,3138401,Leopoldina,Três Cruzes,tres cruzes,-18.67610359,-41.98884964,brasil_aberto,True
MG,3138401,Leopoldina,Vale do Sol,vale do sol,-18.67610359,-41.98884964,brasil_aberto,True
MG,3138401,Leopoldina,Vila Esteves,vila esteves,-21.5276919,-42.6409697,brasil_aberto,True
MG,3138401,Leopoldina,Vila Miralda,vila miralda,-21.5425969,-42.6500025,brasil_aberto,True
MG,3138401,Leopoldina,Área Rural de Leopoldina,area rural de leopoldina,-21.5304301,-42.6438176,brasil_aberto,True
MG,3138500,Liberdade,Centro,centro,-21.7597391,-43.3475695,brasil_aberto,True
MG,3138609,Lima Duarte,Centro,centro,-21.8394774,-43.7922438,brasil_aberto,True
MG,3138609,Lima Duarte,Conceição da Ibitipoca,conceicao da ibitipoca,-21.71894455,-43.92521667,brasil_aberto,True
MG,3138609,Lima Duarte,São Domingos da Bocaina,sao domingos da bocaina,-21.82780647,-44.00928116,brasil_aberto,True
MG,3138609,Lima Duarte,São José dos Lopes,sao jose dos lopes,-21.79449272,-43.88764191,brasil_aberto,True
MG,3138625,Limeira do Oeste,Centro,centro,-19.5534954,-50.5786056,brasil_aberto,True
MG,3138658,Lontra,Centro,centro,-15.90344715,-44.30323029,brasil_aberto,True
MG,3138658,Lontra,Umbuzeiro,umbuzeiro,-15.81584072,-44.26623917,brasil_aberto,True
MG,3138674,Luisburgo,Centro,centro,-20.4402188,-42.1025373,brasil_aberto,True
MG,3138682,Luislândia,Centro,centro,-16.11756706,-44.58918762,brasil_aberto,True
MG,3138682,Luislândia,São Judas Tadeu de Minas,sao judas tadeu de minas,-16.19900703,-44.65548325,brasil_aberto,True
MG,3138708,Luminárias,Centro,centro,-21.510677,-44.904006,brasil_aberto,True
MG,3138807,Luz,Centro,centro,-19.7996254,-45.68412399,brasil_aberto,True
MG,3138807,Luz,Esteios,esteios,-19.92531395,-45.7035141,brasil_aberto,True
MG,3138906,Machacalis,Centro,centro,-16.0032323,-41.2816279,brasil_aberto,True
MG,3139003,Machado,Centro,centro,-21.67888641,-45.92053604,brasil_aberto,True
MG,3139003,Machado,Douradinho,douradinho,-21.75077629,-45.75851822,brasil_aberto,True
MG,3139102,Madre de Deus de Minas,Brasilinha,brasilinha,-21.41865158,-44.43530655,brasil_aberto,True
MG,3139102,Madre de Deus de Minas,Centro,centro,-21.4824668,-44.3301892,brasil_aberto,True
MG,3139201,Malacacheta,Centro,centro,-17.84498596,-42.07829666,brasil_aberto,True
MG,3139201,Malacacheta,Jaguaritira,jaguaritira,-17.82372093,-42.22834015,brasil_aberto,True
MG,3139201,Malacacheta,Junco de Minas,junco de minas,-17.94336319,-42.19553757,brasil_aberto,True
MG,3139201,Malacacheta,Santo Antônio do Mucuri,santo antonio do mucuri,-17.79122543,-41.96738052,brasil_aberto,True
MG,3139250,Mamonas,Barrinha,barrinha,,,brasil_aberto,True
MG,3139250,Mamonas,Centro,centro,-15.047169,-42.952641,brasil_aberto,True
MG,3139300,Manga,Centro,centro,-14.7556437,-43.9333108,brasil_aberto,True
MG,3139300,Manga,Nhandutiba,nhandutiba,-14.62909698,-44.20116806,brasil_aberto,True
MG,3139409,Manhuaçu,Alfa Sul,alfa sul,-20.261909,-42.0269688,brasil_aberto,True
MG,3139409,Manhuaçu,Alphaville I,alphaville i,-20.2560957,-42.0334316,brasil_aberto,True
MG,3139409,Manhuaçu,Alphaville II,alphaville ii,-20.2355801,-42.0545554,brasil_aberto,True
MG,3139409,Manhuaçu,Baixada,baixada,-20.25023651,-42.03113174,brasil_aberto,True
MG,3139409,Manhuaçu,Bela Vista,bela vista,-20.26897812,-42.04510498,brasil_aberto,True
MG,3139409,Manhuaçu,Bom Jardim,bom jardim,-20.2743759,-42.0594522,brasil_aberto,True
MG,3139409,Manhuaçu,Bom Pastor,bom pastor,-20.16094017,-42.04051971,brasil_aberto,True
MG,3139409,Manhuaçu,Catuai,catuai,-20.2489749,-42.0359853,brasil_aberto,True
MG,3139409,Manhuaçu,Centro,centro,-20.25689697,-42.03409576,brasil_aberto,True
MG,3139409,Manhuaçu,Cidade Nova,cidade nova,-20.2560713,-42.0334177,brasil_aberto,True
MG,3139409,Manhuaçu,Colina,colina,-20.2480054,-42.0319012,brasil_aberto,True
MG,3139409,Manhuaçu,Coqueiro,coqueiro,-20.2520994,-42.0346182,brasil_aberto,True
MG,3139409,Manhuaçu,Dom Corrêa,dom correa,-20.0487813,-42.1805229,brasil_aberto,True
MG,3139409,Manhuaçu,Engenho da Serra,engenho da serra,-20.2471833,-42.0286643,brasil_aberto,True
MG,3139409,Manhuaçu,Estância da Lagoa,estancia da lagoa,-20.2560713,-42.0334177,brasil_aberto,True
MG,3139409,Manhuaçu,Floresta,floresta,-19.91231346,-43.92390442,brasil_aberto,True
MG,3139409,Manhuaçu,Lajinha,lajinha,-20.2560957,-42.0334316,brasil_aberto,True
MG,3139409,Manhuaçu,Luciano Heringer,luciano heringer,-20.26411629,-42.04200363,brasil_aberto,True
MG,3139409,Manhuaçu,Matinha,matinha,-20.2427653,-42.0351769,brasil_aberto,True
MG,3139409,Manhuaçu,Nossa Senhora Aparecida,nossa senhora aparecida,-20.2743759,-42.0594522,brasil_aberto,True
MG,3139409,Manhuaçu,Palmeiras do Manhuaçu,palmeiras do manhuacu,-20.11408615,-42.08807373,brasil_aberto,True
MG,3139409,Manhuaçu,Petrina,petrina,-20.2571168,-42.0369367,brasil_aberto,True
MG,3139409,Manhuaçu,Pinheiro,pinheiro,-20.30183601,-42.06694794,brasil_aberto,True
MG,3139409,Manhuaçu,Ponte da Aldeia,ponte da aldeia,-20.2743759,-42.0594522,brasil_aberto,True
MG,3139409,Manhuaçu,Ponte do Silva,ponte do silva,-20.33674049,-42.08352661,brasil_aberto,True
MG,3139409,Manhuaçu,Pouso Alegre,pouso alegre,-20.2560957,-42.0334316,brasil_aberto,True
MG,3139409,Manhuaçu,Realeza,realeza,-20.24734306,-42.14986038,brasil_aberto,True
MG,3139409,Manhuaçu,Recanto da Aldeia,recanto da aldeia,-20.27645683,-42.05149078,brasil_aberto,True
MG,3139409,Manhuaçu,Residencial Bulinga,residencial bulinga,-20.25489998,-42.02749252,brasil_aberto,True
MG,3139409,Manhuaçu,Sagrada Família,sagrada familia,-19.79083443,-43.96446228,brasil_aberto,True
MG,3139409,Manhuaçu,Santa Luzia,santa luzia,-20.2653422,-42.0378794,brasil_aberto,True
MG,3139409,Manhuaçu,Santa Terezinha,santa terezinha,-22.27054214,-46.16748047,brasil_aberto,True
MG,3139409,Manhuaçu,Santana,santana,-20.253049,-42.0264183,brasil_aberto,True
MG,3139409,Manhuaçu,Santo Amaro,santo amaro,-20.27101707,-42.19183731,brasil_aberto,True
MG,3139409,Manhuaçu,Santo Antônio,santo antonio,-20.2624836,-42.03771591,brasil_aberto,True
MG,3139409,Manhuaçu,São Francisco de Assis,sao francisco de assis,,,brasil_aberto,True
MG,3139409,Manhuaçu,São Jorge,sao jorge,-20.2743759,-42.0594522,brasil_aberto,True
MG,3139409,Manhuaçu,São Pedro do Avaí,sao pedro do avai,-20.19734192,-42.18597794,brasil_aberto,True
MG,3139409,Manhuaçu,São Sebastião do Sacramento,sao sebastiao do sacramento,-20.099755,-42.1513328,brasil_aberto,True
MG,3139409,Manhuaçu,São Vicente,sao vicente,-20.27204323,-42.04619217,brasil_aberto,True
MG,3139409,Manhuaçu,Todos os Santos,todos os santos,-20.26230621,-42.0410614,brasil_aberto,True
MG,3139409,Manhuaçu,Vale Verde,vale verde,-20.2758824,-42.0347161,brasil_aberto,True
MG,3139409,Manhuaçu,Vale da Ema,vale da ema,-20.2553882,-42.0395894,brasil_aberto,True
MG,3139409,Manhuaçu,Vila Deolinda,vila deolinda,-20.2702124,-42.0462927,brasil_aberto,True
MG,3139409,Manhuaçu,Vilanova,vilanova,-20.2384088,-42.1720867,brasil_aberto,True
MG,3139409,Manhuaçu,dos Operários,dos operarios,-20.2483653,-42.0360395,brasil_aberto,True
MG,3139409,Manhuaçu,Área Rural de Manhuaçu,area rural de manhuacu,-20.2560957,-42.0334316,brasil_aberto,True
MG,3139508,Manhumirim,Centro,centro,-20.3603611,-41.96100235,brasil_aberto,True
MG,3139607,Mantena,Barra do Ariranha,barra do ariranha,,,brasil_aberto,True
MG,3139607,Mantena,Centro,centro,,,brasil_aberto,True
MG,3139607,Mantena,Limeira de Mantena,limeira de mantena,-18.57657623,-41.14558792,brasil_aberto,True
MG,3139607,Mantena,Nazário,nazario,,,brasil_aberto,True
MG,3139805,Mar de Espanha,Centro,centro,-21.8657357,-43.01008239999999,brasil_aberto,True
MG,3139805,Mar de Espanha,Engenho Novo,engenho novo,-21.81214523,-42.99244308,brasil_aberto,True
MG,3139805,Mar de Espanha,Saudade,saudade,-19.43923759,-45.79510117,brasil_aberto,True
MG,3139706,Maravilhas,Centro,centro,-19.90073776,-43.94291687,brasil_aberto,True
MG,3139904,Maria da Fé,Centro,centro,-22.30817604,-45.37253571,brasil_aberto,True
MG,3139904,Maria da Fé,Pintos Negreiros,pintos negreiros,-22.30012894,-45.20928955,brasil_aberto,True
MG,3140001,Mariana,Bandeirantes,bandeirantes,-20.3519794,-43.3634238,brasil_aberto,True
MG,3140001,Mariana,Barro Branco,barro branco,,,brasil_aberto,True
MG,3140001,Mariana,Barro Preto,barro preto,-20.3717124,-43.4184248,brasil_aberto,True
MG,3140001,Mariana,Bento Rodrigues,bento rodrigues,,,brasil_aberto,True
MG,3140001,Mariana,Cabanas,cabanas,,,brasil_aberto,True
MG,3140001,Mariana,Cachoeira do Brumado,cachoeira do brumado,-20.3979728,-43.2726992,brasil_aberto,True
MG,3140001,Mariana,Camargos,camargos,,,brasil_aberto,True
MG,3140001,Mariana,Cartuxa,cartuxa,,,brasil_aberto,True
MG,3140001,Mariana,Centro,centro,-20.3775629,-43.4164026,brasil_aberto,True
MG,3140001,Mariana,Cláudio Manuel,claudio manuel,-20.21443939,-43.19771576,brasil_aberto,True
MG,3140001,Mariana,Cruzeiro do Sul,cruzeiro do sul,,,brasil_aberto,True
MG,3140001,Mariana,Dom Oscar,dom oscar,,,brasil_aberto,True
MG,3140001,Mariana,Estrela do Sul,estrela do sul,-20.3738681,-43.41628009999999,brasil_aberto,True
MG,3140001,Mariana,Fonte da Saudade,fonte da saudade,,,brasil_aberto,True
MG,3140001,Mariana,Furquim,furquim,,,brasil_aberto,True
MG,3140001,Mariana,Jardim Santana,jardim santana,,,brasil_aberto,True
MG,3140001,Mariana,Jardins dos Inconfidentes,jardins dos inconfidentes,,,brasil_aberto,True
MG,3140001,Mariana,Liberdade,liberdade,,,brasil_aberto,True
MG,3140001,Mariana,Monsenhor Horta,monsenhor horta,-20.3740648,-43.4192601,brasil_aberto,True
MG,3140001,Mariana,Nossa Senhora Aparecida,nossa senhora aparecida,-20.3676719,-43.4112875,brasil_aberto,True
MG,3140001,Mariana,Padre Viegas,padre viegas,-20.3947761,-43.3523959,brasil_aberto,True
MG,3140001,Mariana,Passagem de Mariana,passagem de mariana,-20.3969901,-43.4381104,brasil_aberto,True
MG,3140001,Mariana,Rosário,rosario,,,brasil_aberto,True
MG,3140001,Mariana,Santa Clara,santa clara,,,brasil_aberto,True
MG,3140001,Mariana,Santa Rita Durão,santa rita durao,-20.18360138,-43.41509628,brasil_aberto,True
MG,3140001,Mariana,Santa Rita de Cássia,santa rita de cassia,,,brasil_aberto,True
MG,3140001,Mariana,Santana,santana,,,brasil_aberto,True
MG,3140001,Mariana,Santo Antônio,santo antonio,,,brasil_aberto,True
MG,3140001,Mariana,São Gonçalo,sao goncalo,-20.3795312,-43.4207754,brasil_aberto,True
MG,3140001,Mariana,São José,sao jose,,,brasil_aberto,True
MG,3140001,Mariana,São Pedro,sao pedro,,,brasil_aberto,True
MG,3140001,Mariana,São Sebastião,sao sebastiao,,,brasil_aberto,True
MG,3140001,Mariana,Vale Verde,vale verde,,,brasil_aberto,True
MG,3140001,Mariana,Vila Maquiné,vila maquine,,,brasil_aberto,True
MG,3140001,Mariana,Vila do Carmo,vila do carmo,-20.3848923,-43.4236832,brasil_aberto,True
MG,3140001,Mariana,Águas Claras,aguas claras,,,brasil_aberto,True
MG,3140100,Marilac,Centro,centro,-19.91884041,-43.93489838,brasil_aberto,True
MG,3140209,Maripá de Minas,Centro,centro,-21.69720459,-42.9589119,brasil_aberto,True
MG,3140308,Marliéria,Centro,centro,-19.71253204,-42.73417282,brasil_aberto,True
MG,3140407,Marmelópolis,Centro,centro,-19.95334816,-43.9531517,brasil_aberto,True
MG,3140506,Martinho Campos,Alberto Isaacson,alberto isaacson,-19.49785805,-45.06021118,brasil_aberto,True
MG,3140506,Martinho Campos,Centro,centro,-19.33028984,-45.23722458,brasil_aberto,True
MG,3140506,Martinho Campos,Ibitira,ibitira,-19.42075348,-45.1534462,brasil_aberto,True
MG,3140530,Martins Soares,Centro,centro,-19.76585579,-44.08624649,brasil_aberto,True
MG,3140530,Martins Soares,Pinheiro de Minas,pinheiro de minas,-20.23344803,-41.84906006,brasil_aberto,True
MG,3140555,Mata Verde,Centro,centro,-15.6864881,-40.7391,brasil_aberto,True
MG,3140605,Materlândia,Centro,centro,-18.4736689,-43.0574101,brasil_aberto,True
MG,3140704,Mateus Leme,Azurita,azurita,-20.01192474,-44.47080231,brasil_aberto,True
MG,3140704,Mateus Leme,Centro,centro,-19.98817635,-44.43058777,brasil_aberto,True
MG,3140704,Mateus Leme,Serra Azul,serra azul,-18.36061287,-43.16786957,brasil_aberto,True
MG,3171501,Mathias Lobato,Centro,centro,-18.57373428,-41.91631317,brasil_aberto,True
MG,3140803,Matias Barbosa,Centro,centro,-21.86890602,-43.31873322,brasil_aberto,True
MG,3140852,Matias Cardoso,Centro,centro,-18.92199898,-48.27291107,brasil_aberto,True
MG,3140852,Matias Cardoso,Rio Verde de Minas,rio verde de minas,-14.92509651,-43.50893402,brasil_aberto,True
MG,3140902,Matipó,Centro,centro,-20.28676987,-42.34046173,brasil_aberto,True
MG,3140902,Matipó,Padre Fialho,padre fialho,-20.37785149,-42.37785339,brasil_aberto,True
MG,3141009,Mato Verde,Centro,centro,-15.3938333,-42.8614601,brasil_aberto,True
MG,3141009,Mato Verde,São João do Bonito,sao joao do bonito,-15.32668304,-42.83437347,brasil_aberto,True
MG,3141108,Matozinhos,Centro,centro,-19.55771637,-44.08127594,brasil_aberto,True
MG,3141108,Matozinhos,Floresta,floresta,-19.57201576,-44.07753754,brasil_aberto,True
MG,3141108,Matozinhos,Mocambeiro,mocambeiro,-19.53201103,-44.02467728,brasil_aberto,True
MG,3141207,Matutina,Centro,centro,-19.31290817,-46.05054474,brasil_aberto,True
MG,3141306,Medeiros,Centro,centro,-19.9965259,-46.2189098,brasil_aberto,True
MG,3141405,Medina,Centro,centro,-16.2278016,-41.4789992,brasil_aberto,True
MG,3141405,Medina,Tuparecê,tuparece,-16.4242326,-41.6226063,brasil_aberto,True
MG,3141504,Mendes Pimentel,Centro,centro,-18.66018486,-41.40504456,brasil_aberto,True
MG,3141603,Mercês,Centro,centro,-21.19724655,-43.34264374,brasil_aberto,True
MG,3141702,Mesquita,Barra Grande,barra grande,-19.2938271,-42.6601807,brasil_aberto,True
MG,3141801,Minas Novas,Baixa Quente,baixa quente,-17.26680756,-42.33334732,brasil_aberto,True
MG,3141801,Minas Novas,Centro,centro,-17.2185332,-42.590971,brasil_aberto,True
MG,3141801,Minas Novas,Cruzinha,cruzinha,-17.2832663,-42.3528484,brasil_aberto,True
MG,3141801,Minas Novas,Lagoa Grande de Minas Novas,lagoa grande de minas novas,-17.41345978,-42.51172256,brasil_aberto,True
MG,3141801,Minas Novas,Ribeirão da Folha,ribeirao da folha,-17.4346447,-42.2579997,brasil_aberto,True
MG,3141900,Minduri,Centro,centro,-19.93213844,-43.92520523,brasil_aberto,True
MG,3142007,Mirabela,Centro,centro,-16.2578761,-44.1626813,brasil_aberto,True
MG,3142007,Mirabela,Muquém,muquem,-16.17871666,-44.21457672,brasil_aberto,True
MG,3142106,Miradouro,Centro,centro,-20.8914055,-42.3436303,brasil_aberto,True
MG,3142254,Miravânia,Centro,centro,-18.7564908,-44.42997810000001,brasil_aberto,True
MG,3142205,Miraí,Centro,centro,-21.19528198,-42.61132431,brasil_aberto,True
MG,3142205,Miraí,Dores da Vitória,dores da vitoria,-21.1039257,-42.59597015,brasil_aberto,True
MG,3142304,Moeda,Centro,centro,-20.3323514,-44.0530471,brasil_aberto,True
MG,3142304,Moeda,Coco,coco,-20.30581284,-44.01749039,brasil_aberto,True
MG,3142403,Moema,Centro,centro,-19.91800499,-43.9417305,brasil_aberto,True
MG,3142502,Monjolos,Centro,centro,-18.32438087,-44.11962891,brasil_aberto,True
MG,3142502,Monjolos,Rodeador,rodeador,-18.2920642,-44.05381500000001,brasil_aberto,True
MG,3142601,Monsenhor Paulo,Centro,centro,-21.7569853,-45.5403139,brasil_aberto,True
MG,3142700,Montalvânia,Capitânia,capitania,-20.61908913,-47.05831528,brasil_aberto,True
MG,3142700,Montalvânia,Centro,centro,-14.4224931,-44.3662759,brasil_aberto,True
MG,3142700,Montalvânia,Pitarana,pitarana,-14.3170219,-44.4596948,brasil_aberto,True
MG,3142700,Montalvânia,São Sebastião dos Poções,sao sebastiao dos pocoes,-14.51890659,-44.39567184,brasil_aberto,True
MG,3142809,Monte Alegre de Minas,Centro,centro,-18.8699406,-48.8754417,brasil_aberto,True
MG,3142908,Monte Azul,Centro,centro,-15.15343571,-42.87244797,brasil_aberto,True
MG,3143005,Monte Belo,Centro,centro,-19.93194389,-43.9249382,brasil_aberto,True
MG,3143005,Monte Belo,Juréia,jureia,-21.28009605,-46.36257935,brasil_aberto,True
MG,3143005,Monte Belo,Santa Cruz da Aparecida,santa cruz da aparecida,-21.24535942,-46.28024673,brasil_aberto,True
MG,3143005,Monte Belo,Usina Monte Alegre,usina monte alegre,-21.38452148,-46.24767303,brasil_aberto,True
MG,3143104,Monte Carmelo,Buritis,buritis,,,brasil_aberto,True
MG,3143104,Monte Carmelo,Celso Bueno,celso bueno,-18.91495895,-47.39545059,brasil_aberto,True
MG,3143104,Monte Carmelo,Centro,centro,-18.7290495,-47.49638729999999,brasil_aberto,True
MG,3143104,Monte Carmelo,Progresso,progresso,-18.735491,-47.4957769,brasil_aberto,True
MG,3143153,Monte Formoso,Centro,centro,-16.86669159,-41.25487137,brasil_aberto,True
MG,3143203,Monte Santo de Minas,Centro,centro,-21.19141388,-46.97628021,brasil_aberto,True
MG,3143203,Monte Santo de Minas,Milagre,milagre,-21.3048918,-47.0124417,brasil_aberto,True
MG,3143401,Monte Sião,Centro,centro,-22.4280106,-46.5709612,brasil_aberto,True
MG,3143302,Montes Claros,Acácias,acacias,-16.72146988,-43.82418823,brasil_aberto,True
MG,3143302,Montes Claros,Alcides Rabelo,alcides rabelo,-16.7063186,-43.8446306,brasil_aberto,True
MG,3143302,Montes Claros,Alice Maia,alice maia,-16.70130539,-43.85727692,brasil_aberto,True
MG,3143302,Montes Claros,Alterosas,alterosas,-16.7688388,-43.8770897,brasil_aberto,True
MG,3143302,Montes Claros,Alto Floresta,alto floresta,-16.69386864,-43.84876633,brasil_aberto,True
MG,3143302,Montes Claros,Alto São João,alto sao joao,-16.71269608,-43.85555649,brasil_aberto,True
MG,3143302,Montes Claros,Alto da Boa Vista,alto da boa vista,-16.7489357,-43.83985519,brasil_aberto,True
MG,3143302,Montes Claros,Amazonas,amazonas,-16.6980194,-43.8614252,brasil_aberto,True
MG,3143302,Montes Claros,Antônio Pimenta,antonio pimenta,-16.745675,-43.8545245,brasil_aberto,True
MG,3143302,Montes Claros,Aparecida do Mundo Novo,aparecida do mundo novo,-16.11504936,-43.92636871,brasil_aberto,True
MG,3143302,Montes Claros,Augusta Mota,augusta mota,-16.7438303,-43.8837963,brasil_aberto,True
MG,3143302,Montes Claros,Barcelona Park,barcelona park,-16.7125082,-43.8757134,brasil_aberto,True
MG,3143302,Montes Claros,Bela Paisagem,bela paisagem,-16.69898224,-43.87381744,brasil_aberto,True
MG,3143302,Montes Claros,Bela Vista,bela vista,-18.88521004,-41.99342346,brasil_aberto,True
MG,3143302,Montes Claros,Belvedere,belvedere,-16.7296505,-43.83388901,brasil_aberto,True
MG,3143302,Montes Claros,Camilo Prates,camilo prates,-16.7393417,-43.8242888,brasil_aberto,True
MG,3143302,Montes Claros,Canelas,canelas,-16.74562073,-43.86751938,brasil_aberto,True
MG,3143302,Montes Claros,Carmelo,carmelo,-16.7257345,-43.8366444,brasil_aberto,True
MG,3143302,Montes Claros,Centro,centro,-16.72713089,-43.85809326,brasil_aberto,True
MG,3143302,Montes Claros,Chácara Ceres,chacara ceres,-16.7325433,-43.8112795,brasil_aberto,True
MG,3143302,Montes Claros,Chácara Recanto dos Araçás,chacara recanto dos aracas,-16.75582504,-43.87707138,brasil_aberto,True
MG,3143302,Montes Claros,Chácaras Paineiras,chacaras paineiras,-16.7429289,-43.839571,brasil_aberto,True
MG,3143302,Montes Claros,Chácaras Paraíso,chacaras paraiso,-16.7749044,-43.8447775,brasil_aberto,True
MG,3143302,Montes Claros,Cidade Industrial,cidade industrial,-16.67075539,-43.85742188,brasil_aberto,True
MG,3143302,Montes Claros,Cidade Nova,cidade nova,-16.7558255,-43.8770698,brasil_aberto,True
MG,3143302,Montes Claros,Cidade Santa Maria,cidade santa maria,-16.73104858,-43.87353516,brasil_aberto,True
MG,3143302,Montes Claros,Cintra,cintra,-16.7311,-43.8488745,brasil_aberto,True
MG,3143302,Montes Claros,Clarindo Lopes,clarindo lopes,-16.7358516,-43.8527524,brasil_aberto,True
MG,3143302,Montes Claros,Colorado,colorado,-16.7513956,-43.886627,brasil_aberto,True
MG,3143302,Montes Claros,Condomínio Pai João,condominio pai joao,-16.7087516,-43.8693514,brasil_aberto,True
MG,3143302,Montes Claros,Conjunto Chiquinho Guimarães,conjunto chiquinho guimaraes,-16.7601223,-43.87570953,brasil_aberto,True
MG,3143302,Montes Claros,Conjunto Ciro dos Anjos,conjunto ciro dos anjos,-16.7525669,-43.8693538,brasil_aberto,True
MG,3143302,Montes Claros,Conjunto Clarice Alves Vieira,conjunto clarice alves vieira,-16.68316269,-43.82312012,brasil_aberto,True
MG,3143302,Montes Claros,Conjunto Cristo Rei,conjunto cristo rei,-16.75182915,-43.85380173,brasil_aberto,True
MG,3143302,Montes Claros,Conjunto Havaí,conjunto havai,-16.7529046,-43.8401508,brasil_aberto,True
MG,3143302,Montes Claros,Conjunto Joaquim Costa,conjunto joaquim costa,-16.7537362,-43.8703996,brasil_aberto,True
MG,3143302,Montes Claros,Conjunto Olga Benário,conjunto olga benario,-16.77364349,-43.85536957,brasil_aberto,True
MG,3143302,Montes Claros,Conjunto Residencial JK,conjunto residencial jk,-16.6939319,-43.8434088,brasil_aberto,True
MG,3143302,Montes Claros,Cândida Câmara,candida camara,-16.73522568,-43.87549973,brasil_aberto,True
MG,3143302,Montes Claros,Delfino Magalhães,delfino magalhaes,-16.73641014,-43.83678436,brasil_aberto,True
MG,3143302,Montes Claros,Distrito Industrial,distrito industrial,-16.717002,-43.8883216,brasil_aberto,True
MG,3143302,Montes Claros,Dona Gregória,dona gregoria,-16.7570878,-43.8610726,brasil_aberto,True
MG,3143302,Montes Claros,Dos Mangues,dos mangues,-16.76840782,-43.8784256,brasil_aberto,True
MG,3143302,Montes Claros,Duque de Caxias,duque de caxias,-19.94084167,-44.13178253,brasil_aberto,True
MG,3143302,Montes Claros,Edgar Pereira,edgar pereira,-16.7073404,-43.864174,brasil_aberto,True
MG,3143302,Montes Claros,Eldorado,eldorado,-16.68775368,-43.88172531,brasil_aberto,True
MG,3143302,Montes Claros,Ermidinha,ermidinha,-16.42851257,-44.09041977,brasil_aberto,True
MG,3143302,Montes Claros,Esplanada,esplanada,-16.7547943,-43.8503163,brasil_aberto,True
MG,3143302,Montes Claros,Francisco Peres I,francisco peres i,-16.737952,-43.8564591,brasil_aberto,True
MG,3143302,Montes Claros,Funcionários,funcionarios,-16.73815155,-43.87764359,brasil_aberto,True
MG,3143302,Montes Claros,Guarujá,guaruja,-16.70762253,-43.83153915,brasil_aberto,True
MG,3143302,Montes Claros,Ibituruna,ibituruna,-16.676576,-43.8735259,brasil_aberto,True
MG,3143302,Montes Claros,Inconfidentes,inconfidentes,-19.95170975,-44.04151917,brasil_aberto,True
MG,3143302,Montes Claros,Independência,independencia,-16.71475983,-43.81724167,brasil_aberto,True
MG,3143302,Montes Claros,Interlagos,interlagos,-16.7170498,-43.8302937,brasil_aberto,True
MG,3143302,Montes Claros,Ipiranga,ipiranga,-16.714081,-43.8474946,brasil_aberto,True
MG,3143302,Montes Claros,Jaraguá,jaragua,-16.6846525,-43.8204462,brasil_aberto,True
MG,3143302,Montes Claros,Jardim Alegre,jardim alegre,-16.7210996,-43.813825,brasil_aberto,True
MG,3143302,Montes Claros,Jardim Alvorada,jardim alvorada,-16.738282,-43.838356,brasil_aberto,True
MG,3143302,Montes Claros,Jardim Brasil,jardim brasil,-16.7027638,-43.8728858,brasil_aberto,True
MG,3143302,Montes Claros,Jardim Itália,jardim italia,-16.7253192,-43.8956795,brasil_aberto,True
MG,3143302,Montes Claros,Jardim Liberdade,jardim liberdade,-16.7567013,-43.8949387,brasil_aberto,True
MG,3143302,Montes Claros,Jardim Olímpico,jardim olimpico,-16.7465545,-43.829603,brasil_aberto,True
MG,3143302,Montes Claros,Jardim Palmeiras,jardim palmeiras,-16.73699379,-43.84321976,brasil_aberto,True
MG,3143302,Montes Claros,Jardim Panorama,jardim panorama,-16.71510124,-43.87909698,brasil_aberto,True
MG,3143302,Montes Claros,Jardim Parque Morada do Sol,jardim parque morada do sol,-16.7439779,-43.8972314,brasil_aberto,True
MG,3143302,Montes Claros,Jardim Planalto,jardim planalto,-16.7001262,-43.8444199,brasil_aberto,True
MG,3143302,Montes Claros,Jardim Primavera,jardim primavera,-16.697016,-43.8113447,brasil_aberto,True
MG,3143302,Montes Claros,Jardim São Geraldo,jardim sao geraldo,-16.7560993,-43.8746266,brasil_aberto,True
MG,3143302,Montes Claros,Jardim São Luiz,jardim sao luiz,-16.72895432,-43.88008118,brasil_aberto,True
MG,3143302,Montes Claros,José Carlos Vale de Lima,jose carlos vale de lima,-16.7562558,-43.8693678,brasil_aberto,True
MG,3143302,Montes Claros,José Correia Machado,jose correia machado,-16.76656342,-43.86713409,brasil_aberto,True
MG,3143302,Montes Claros,João Alves,joao alves,-16.7456217,-43.8500089,brasil_aberto,True
MG,3143302,Montes Claros,João Botelho,joao botelho,-16.7396936,-43.8609926,brasil_aberto,True
MG,3143302,Montes Claros,João Gordo,joao gordo,-16.7168468,-43.8616926,brasil_aberto,True
MG,3143302,Montes Claros,Juscelino Kubitschek,juscelino kubitschek,-16.7605309,-43.8680088,brasil_aberto,True
MG,3143302,Montes Claros,Loteamento Jardim Niemeyer,loteamento jardim niemeyer,-16.68442917,-43.84850693,brasil_aberto,True
MG,3143302,Montes Claros,Loteamento Novo Jaraguá,loteamento novo jaragua,-16.6808038,-43.8224921,brasil_aberto,True
MG,3143302,Montes Claros,Loteamento Novo Primavera,loteamento novo primavera,,,brasil_aberto,True
MG,3143302,Montes Claros,Loteamento Recanto das Águas,loteamento recanto das aguas,-16.6713808,-43.8288781,brasil_aberto,True
MG,3143302,Montes Claros,Loteamento Reserva Real,loteamento reserva real,-16.7174978,-43.8851155,brasil_aberto,True
MG,3143302,Montes Claros,Lourdes,lourdes,-16.725054,-43.851544,brasil_aberto,True
MG,3143302,Montes Claros,Major Prates,major prates,-16.7554171,-43.8800799,brasil_aberto,True
MG,3143302,Montes Claros,Maracanã,maracana,-16.75760269,-43.86819839,brasil_aberto,True
MG,3143302,Montes Claros,Melo,melo,-16.72286987,-43.87249374,brasil_aberto,True
MG,3143302,Montes Claros,Miralta,miralta,-16.53171921,-43.90313721,brasil_aberto,True
MG,3143302,Montes Claros,Mirante do Sol,mirante do sol,-16.7759373,-43.8735624,brasil_aberto,True
MG,3143302,Montes Claros,Monte Alegre,monte alegre,-16.7281129,-43.8494997,brasil_aberto,True
MG,3143302,Montes Claros,Monte Carmelo,monte carmelo,-16.72458839,-43.84045792,brasil_aberto,True
MG,3143302,Montes Claros,Morada da Serra,morada da serra,-16.75830269,-43.88871384,brasil_aberto,True
MG,3143302,Montes Claros,Morada do Parque,morada do parque,-19.97959137,-44.2025795,brasil_aberto,True
MG,3143302,Montes Claros,Morada do Parque II,morada do parque ii,-16.7563644,-43.8912655,brasil_aberto,True
MG,3143302,Montes Claros,Morada do Sol,morada do sol,-16.74428368,-43.88411331,brasil_aberto,True
MG,3143302,Montes Claros,Morada do Sol II,morada do sol ii,-16.74331093,-43.89661789,brasil_aberto,True
MG,3143302,Montes Claros,Morrinhos,morrinhos,-16.73690796,-43.86064911,brasil_aberto,True
MG,3143302,Montes Claros,Nossa Senhora Aparecida,nossa senhora aparecida,-16.6963992,-43.8777082,brasil_aberto,True
MG,3143302,Montes Claros,Nossa Senhora das Graças,nossa senhora das gracas,-16.7590936,-43.8604503,brasil_aberto,True
MG,3143302,Montes Claros,Nossa Senhora de Fátima,nossa senhora de fatima,-16.73768425,-43.84768295,brasil_aberto,True
MG,3143302,Montes Claros,Nova América,nova america,-16.67250061,-43.82291412,brasil_aberto,True
MG,3143302,Montes Claros,Nova Esperança,nova esperanca,-16.5825886,-43.9372859,brasil_aberto,True
MG,3143302,Montes Claros,Nova Morada,nova morada,-16.6912111,-43.8785289,brasil_aberto,True
MG,3143302,Montes Claros,Nova Suiça,nova suica,-16.7547943,-43.8503163,brasil_aberto,True
MG,3143302,Montes Claros,Novo Delfino,novo delfino,-16.7418678,-43.83268349999999,brasil_aberto,True
MG,3143302,Montes Claros,Panorama II,panorama ii,-16.71699142,-43.88517761,brasil_aberto,True
MG,3143302,Montes Claros,Panorâmica,panoramica,-16.37437439,-43.99607468,brasil_aberto,True
MG,3143302,Montes Claros,Parque Pampulha,parque pampulha,-16.713988,-43.835439,brasil_aberto,True
MG,3143302,Montes Claros,Planalto,planalto,-16.7008387,-43.8360297,brasil_aberto,True
MG,3143302,Montes Claros,Quintas da Boa Vista,quintas da boa vista,-19.80550766,-43.99964523,brasil_aberto,True
MG,3143302,Montes Claros,Raul Lourenço,raul lourenco,-16.70037651,-43.84318161,brasil_aberto,True
MG,3143302,Montes Claros,Regina Peres,regina peres,-16.7325888,-43.8401128,brasil_aberto,True
MG,3143302,Montes Claros,Renascença,renascenca,-16.69585037,-43.85280228,brasil_aberto,True
MG,3143302,Montes Claros,Residencial Golden Village,residencial golden village,,,brasil_aberto,True
MG,3143302,Montes Claros,Residencial Grand Royale,residencial grand royale,-16.772992,-43.8926812,brasil_aberto,True
MG,3143302,Montes Claros,Residencial Minas Gerais,residencial minas gerais,-16.67975807,-43.83692169,brasil_aberto,True
MG,3143302,Montes Claros,Residencial Monte Belo,residencial monte belo,-19.80833054,-43.88819122,brasil_aberto,True
MG,3143302,Montes Claros,Residencial Monte Sião,residencial monte siao,-16.7141918,-43.8436023,brasil_aberto,True
MG,3143302,Montes Claros,Residencial Parque Sul,residencial parque sul,-16.7669627,-43.8715377,brasil_aberto,True
MG,3143302,Montes Claros,Residencial Portal dos Ipês,residencial portal dos ipes,-16.7342012,-43.8112922,brasil_aberto,True
MG,3143302,Montes Claros,Residencial Rio Cedro,residencial rio cedro,-16.713744,-43.8279571,brasil_aberto,True
MG,3143302,Montes Claros,Residencial Sul Ipês,residencial sul ipes,-16.77609444,-43.86923981,brasil_aberto,True
MG,3143302,Montes Claros,Residencial Sul Jacarandás,residencial sul jacarandas,,,brasil_aberto,True
MG,3143302,Montes Claros,Residencial Terra Jardim,residencial terra jardim,-16.724818,-43.8139494,brasil_aberto,True
MG,3143302,Montes Claros,Residencial Terras Alphaville,residencial terras alphaville,-16.7766118,-43.8956668,brasil_aberto,True
MG,3143302,Montes Claros,Residencial Vitoria II,residencial vitoria ii,-23.60529709,-46.47060013,brasil_aberto,True
MG,3143302,Montes Claros,Residencial Vitória,residencial vitoria,-20.00627327,-44.17261887,brasil_aberto,True
MG,3143302,Montes Claros,Roxo Verde,roxo verde,-16.72713,-43.8580934,brasil_aberto,True
MG,3143302,Montes Claros,Sagrada Família,sagrada familia,-16.74000168,-43.8745842,brasil_aberto,True
MG,3143302,Montes Claros,Santa Cecília,santa cecilia,-16.6981627,-43.8486084,brasil_aberto,True
MG,3143302,Montes Claros,Santa Eugênia,santa eugenia,-16.69006157,-43.87565994,brasil_aberto,True
MG,3143302,Montes Claros,Santa Laura,santa laura,-16.71443748,-43.83472443,brasil_aberto,True
MG,3143302,Montes Claros,Santa Lúcia,santa lucia,-16.7330531,-43.8345699,brasil_aberto,True
MG,3143302,Montes Claros,Santa Rafaela,santa rafaela,-16.77050972,-43.84741211,brasil_aberto,True
MG,3143302,Montes Claros,Santa Rita I,santa rita i,-16.7329625,-43.8539608,brasil_aberto,True
MG,3143302,Montes Claros,Santa Rita II,santa rita ii,-16.73835373,-43.8524704,brasil_aberto,True
MG,3143302,Montes Claros,Santa Rosa de Lima,santa rosa de lima,-16.300354,-43.94455719,brasil_aberto,True
MG,3143302,Montes Claros,Santo Amaro,santo amaro,-16.74292946,-43.83957291,brasil_aberto,True
MG,3143302,Montes Claros,Santo Antônio,santo antonio,-16.74265289,-43.84428406,brasil_aberto,True
MG,3143302,Montes Claros,Santo Expedito,santo expedito,-16.73875618,-43.87060547,brasil_aberto,True
MG,3143302,Montes Claros,Santo Inácio,santo inacio,-16.757864,-43.85189819,brasil_aberto,True
MG,3143302,Montes Claros,Santo Inácio II,santo inacio ii,-16.7496794,-43.8414513,brasil_aberto,True
MG,3143302,Montes Claros,Santos Dumont,santos dumont,-16.718119,-43.8145468,brasil_aberto,True
MG,3143302,Montes Claros,Santos Reis,santos reis,-16.7013005,-43.869563,brasil_aberto,True
MG,3143302,Montes Claros,Sapucaia,sapucaia,-21.65916634,-45.30274582,brasil_aberto,True
MG,3143302,Montes Claros,São Bento,sao bento,-16.6899898,-43.8382541,brasil_aberto,True
MG,3143302,Montes Claros,São Geraldo,sao geraldo,-16.7537572,-43.8770884,brasil_aberto,True
MG,3143302,Montes Claros,São Geraldo II,sao geraldo ii,-16.7534993,-43.8738888,brasil_aberto,True
MG,3143302,Montes Claros,São José,sao jose,-16.7210288,-43.8589634,brasil_aberto,True
MG,3143302,Montes Claros,São João da Vereda,sao joao da vereda,-16.7016303,-44.1148423,brasil_aberto,True
MG,3143302,Montes Claros,São Judas Tadeu,sao judas tadeu,-16.7487847,-43.8589634,brasil_aberto,True
MG,3143302,Montes Claros,São Lucas,sao lucas,-21.53894806,-45.42661285,brasil_aberto,True
MG,3143302,Montes Claros,São Mateus,sao mateus,-16.711543,-43.8708456,brasil_aberto,True
MG,3143302,Montes Claros,São Pedro da Garça,sao pedro da garca,-16.170909,-43.8660121,brasil_aberto,True
MG,3143302,Montes Claros,Tancredo Neves,tancredo neves,-16.7002229,-43.8477568,brasil_aberto,True
MG,3143302,Montes Claros,Todos os Santos,todos os santos,-16.7195466,-43.8732919,brasil_aberto,True
MG,3143302,Montes Claros,Universitário,universitario,-16.68806648,-43.84486008,brasil_aberto,True
MG,3143302,Montes Claros,Vargem Grande II,vargem grande ii,-16.7473257,-43.8839857,brasil_aberto,True
MG,3143302,Montes Claros,Veneza Parque,veneza parque,-16.7320921,-43.83261599999999,brasil_aberto,True
MG,3143302,Montes Claros,Vera Cruz,vera cruz,-16.7140878,-43.8484763,brasil_aberto,True
MG,3143302,Montes Claros,Vila Antônio Narciso,vila antonio narciso,-16.7059405,-43.8719193,brasil_aberto,True
MG,3143302,Montes Claros,Vila Anália,vila analia,-16.7328674,-43.8353743,brasil_aberto,True
MG,3143302,Montes Claros,Vila Atlântida,vila atlantida,-16.7044239,-43.88015747,brasil_aberto,True
MG,3143302,Montes Claros,Vila Brasília,vila brasilia,-16.71563721,-43.86974716,brasil_aberto,True
MG,3143302,Montes Claros,Vila Campos,vila campos,-16.75603104,-43.86244583,brasil_aberto,True
MG,3143302,Montes Claros,Vila Castelo Branco,vila castelo branco,-16.6762747,-43.8742167,brasil_aberto,True
MG,3143302,Montes Claros,Vila Exposição,vila exposicao,-16.70904541,-43.85224152,brasil_aberto,True
MG,3143302,Montes Claros,Vila Fenix,vila fenix,-16.721788,-43.866582,brasil_aberto,True
MG,3143302,Montes Claros,Vila Greice,vila greice,-16.7515316,-43.86293793,brasil_aberto,True
MG,3143302,Montes Claros,Vila Guilhermina,vila guilhermina,-16.73609161,-43.86859131,brasil_aberto,True
MG,3143302,Montes Claros,Vila Ipiranga,vila ipiranga,-16.72769737,-43.83626175,brasil_aberto,True
MG,3143302,Montes Claros,Vila Itatiaia,vila itatiaia,-16.6030848,-49.2549997,brasil_aberto,True
MG,3143302,Montes Claros,Vila Luiza,vila luiza,-16.7404735,-43.8624474,brasil_aberto,True
MG,3143302,Montes Claros,Vila Maria Cândida,vila maria candida,-16.75389862,-43.85119247,brasil_aberto,True
MG,3143302,Montes Claros,Vila Mauricéia,vila mauriceia,-16.71832466,-43.88169098,brasil_aberto,True
MG,3143302,Montes Claros,Vila Nova,vila nova,-16.7657011,-43.8606905,brasil_aberto,True
MG,3143302,Montes Claros,Vila Nova de Minas,vila nova de minas,-16.45913506,-43.86677551,brasil_aberto,True
MG,3143302,Montes Claros,Vila Oliveira,vila oliveira,-16.7140255,-43.88784027,brasil_aberto,True
MG,3143302,Montes Claros,Vila Real,vila real,-16.7141382,-43.8186386,brasil_aberto,True
MG,3143302,Montes Claros,Vila Regina,vila regina,-16.6963992,-43.8777082,brasil_aberto,True
MG,3143302,Montes Claros,Vila Santa Cruz,vila santa cruz,-16.7043174,-43.8666654,brasil_aberto,True
MG,3143302,Montes Claros,Vila Santa Mônica,vila santa monica,-16.7121092,-43.8835301,brasil_aberto,True
MG,3143302,Montes Claros,Vila Senhor do Bonfim,vila senhor do bonfim,-16.73407173,-43.8512001,brasil_aberto,True
MG,3143302,Montes Claros,Vila Sion,vila sion,-16.7615333,-43.8357781,brasil_aberto,True
MG,3143302,Montes Claros,Vila Sumaré,vila sumare,-16.7398141,-43.8565009,brasil_aberto,True
MG,3143302,Montes Claros,Vila Telma,vila telma,-16.760385,-43.8461235,brasil_aberto,True
MG,3143302,Montes Claros,Vila Tiradentes,vila tiradentes,-16.6996024,-43.8473997,brasil_aberto,True
MG,3143302,Montes Claros,Vila Toncheff,vila toncheff,-16.71095085,-43.86275864,brasil_aberto,True
MG,3143302,Montes Claros,Vila Tupã,vila tupa,-20.01016617,-44.02193451,brasil_aberto,True
MG,3143302,Montes Claros,Vila Áurea,vila aurea,-16.700342,-43.8794479,brasil_aberto,True
MG,3143302,Montes Claros,Village do Lago I,village do lago i,-16.7524395,-43.8508873,brasil_aberto,True
MG,3143302,Montes Claros,Village do Lago II,village do lago ii,-16.748935,-43.8398548,brasil_aberto,True
MG,3143302,Montes Claros,Área Rural de Montes Claros,area rural de montes claros,-16.7291552,-43.8670745,brasil_aberto,True
MG,3143450,Montezuma,Centro,centro,-15.1706479,-42.4995629,brasil_aberto,True
MG,3143500,Morada Nova de Minas,Cacimbas,cacimbas,,,brasil_aberto,True
MG,3143500,Morada Nova de Minas,Centro,centro,-18.60627747,-45.35754395,brasil_aberto,True
MG,3143500,Morada Nova de Minas,Frei Orlando,frei orlando,-18.83855057,-45.2288475,brasil_aberto,True
MG,3143500,Morada Nova de Minas,Traçadal,tracadal,,,brasil_aberto,True
MG,3143500,Morada Nova de Minas,Vau das Flores,vau das flores,-18.6013412,-45.3556201,brasil_aberto,True
MG,3143609,Morro da Garça,Centro,centro,-18.5438615,-44.6029864,brasil_aberto,True
MG,3143708,Morro do Pilar,Centro,centro,-19.22864342,-43.37665939,brasil_aberto,True
MG,3143807,Munhoz,Centro,centro,-22.6135807,-46.36103439,brasil_aberto,True
MG,3143906,Muriaé,Aeroporto,aeroporto,-21.12504005,-42.39274216,brasil_aberto,True
MG,3143906,Muriaé,Alterosa,alterosa,-21.142295,-42.3657179,brasil_aberto,True
MG,3143906,Muriaé,Alto do Castelo,alto do castelo,-21.14496803,-42.36036301,brasil_aberto,True
MG,3143906,Muriaé,Augusto de Abreu,augusto de abreu,-21.1291403,-42.3702252,brasil_aberto,True
MG,3143906,Muriaé,Barra,barra,-21.1302342,-42.3773578,brasil_aberto,True
MG,3143906,Muriaé,Belisário,belisario,-20.9055644,-42.4920945,brasil_aberto,True
MG,3143906,Muriaé,Boa Esperança,boa esperanca,-21.1291403,-42.3702252,brasil_aberto,True
MG,3143906,Muriaé,Boa Família,boa familia,-21.20871162,-42.50787735,brasil_aberto,True
MG,3143906,Muriaé,Boa Vista,boa vista,-21.12458229,-42.37129593,brasil_aberto,True
MG,3143906,Muriaé,Bom Jesus da Cachoeira,bom jesus da cachoeira,-21.25895882,-42.40428162,brasil_aberto,True
MG,3143906,Muriaé,Bom Pastor,bom pastor,-21.12989998,-42.40423203,brasil_aberto,True
MG,3143906,Muriaé,Cardoso de Melo,cardoso de melo,-21.12911415,-42.40238953,brasil_aberto,True
MG,3143906,Muriaé,Centro,centro,-21.13085938,-42.36648941,brasil_aberto,True
MG,3143906,Muriaé,Cerâmica,ceramica,-21.1327422,-42.3723588,brasil_aberto,True
MG,3143906,Muriaé,Chalé,chale,-21.1301384,-42.34917068,brasil_aberto,True
MG,3143906,Muriaé,Chácara Doutor Brum,chacara doutor brum,-21.12694931,-42.36783218,brasil_aberto,True
MG,3143906,Muriaé,Chácara Leblom,chacara leblom,-21.12793732,-42.37033463,brasil_aberto,True
MG,3143906,Muriaé,Chácara da Gávea,chacara da gavea,-21.1291403,-42.3702252,brasil_aberto,True
MG,3143906,Muriaé,Colety,colety,-21.136629,-42.371061,brasil_aberto,True
MG,3143906,Muriaé,Coronel Izalino,coronel izalino,-21.12692833,-42.38431931,brasil_aberto,True
MG,3143906,Muriaé,Distrito Industrial,distrito industrial,-18.67610359,-41.98884964,brasil_aberto,True
MG,3143906,Muriaé,Dornelas,dornelas,-21.135201,-42.3901077,brasil_aberto,True
MG,3143906,Muriaé,Edgar Miranda,edgar miranda,-21.13465881,-42.40445709,brasil_aberto,True
MG,3143906,Muriaé,Encoberta,encoberta,-21.1325585,-42.3517016,brasil_aberto,True
MG,3143906,Muriaé,Franco Suiço,franco suico,-21.1335478,-42.3980201,brasil_aberto,True
MG,3143906,Muriaé,Gaspar,gaspar,-21.12059021,-42.38139725,brasil_aberto,True
MG,3143906,Muriaé,Gávea,gavea,-21.1201414,-42.3823717,brasil_aberto,True
MG,3143906,Muriaé,Inconfidência,inconfidencia,-21.1254981,-42.3487245,brasil_aberto,True
MG,3143906,Muriaé,Industrial Prefeito Paulo Carvalho,industrial prefeito paulo carvalho,-21.1283473,-42.3778497,brasil_aberto,True
MG,3143906,Muriaé,Itamuri,itamuri,-20.99372101,-42.3711586,brasil_aberto,True
MG,3143906,Muriaé,Joanópolis,joanopolis,-21.13600349,-42.35900116,brasil_aberto,True
MG,3143906,Muriaé,José Cirilo,jose cirilo,-21.1335478,-42.3980201,brasil_aberto,True
MG,3143906,Muriaé,João VI,joao vi,-21.1291403,-42.3702252,brasil_aberto,True
MG,3143906,Muriaé,João XXIII,joao xxiii,-21.14512825,-42.37071609,brasil_aberto,True
MG,3143906,Muriaé,Macuco,macuco,-21.28343201,-44.76065826,brasil_aberto,True
MG,3143906,Muriaé,Napoleão,napoleao,-21.1286869,-42.39531708,brasil_aberto,True
MG,3143906,Muriaé,Padre Tiago,padre tiago,-21.1290178,-42.3466534,brasil_aberto,True
MG,3143906,Muriaé,Pirapanema,pirapanema,-21.07352257,-42.50327682,brasil_aberto,True
MG,3143906,Muriaé,Planalto,planalto,-21.1393758,-42.3764713,brasil_aberto,True
MG,3143906,Muriaé,Porto,porto,-21.1278734,-42.3563766,brasil_aberto,True
MG,3143906,Muriaé,Porto Belo,porto belo,-21.12339973,-42.35364532,brasil_aberto,True
MG,3143906,Muriaé,Prefeito Hélio Araújo,prefeito helio araujo,-21.1333686,-42.371016,brasil_aberto,True
MG,3143906,Muriaé,Primavera,primavera,-21.1455539,-42.3631108,brasil_aberto,True
MG,3143906,Muriaé,Quinta das Flores,quinta das flores,-21.1371193,-42.3687463,brasil_aberto,True
MG,3143906,Muriaé,Recanto Verde,recanto verde,-19.58235359,-46.95379639,brasil_aberto,True
MG,3143906,Muriaé,Safira,safira,-21.1351667,-42.3748313,brasil_aberto,True
MG,3143906,Muriaé,Santa Helena,santa helena,-18.67610359,-41.98884964,brasil_aberto,True
MG,3143906,Muriaé,Santa Laura,santa laura,-21.1312507,-42.3357349,brasil_aberto,True
MG,3143906,Muriaé,Santa Luzia,santa luzia,-21.12102318,-42.380867,brasil_aberto,True
MG,3143906,Muriaé,Santa Terezinha,santa terezinha,-21.1278734,-42.3563766,brasil_aberto,True
MG,3143906,Muriaé,Santana,santana,-21.13303566,-42.40290451,brasil_aberto,True
MG,3143906,Muriaé,Santana III,santana iii,-23.53142548,-46.46948242,brasil_aberto,True
MG,3143906,Muriaé,Santo Antônio,santo antonio,-21.1387079,-42.3553703,brasil_aberto,True
MG,3143906,Muriaé,Sofocó,sofoco,-21.08988953,-42.37945938,brasil_aberto,True
MG,3143906,Muriaé,São Cristovão,sao cristovao,-21.1327622,-42.3550999,brasil_aberto,True
MG,3143906,Muriaé,São Francisco,sao francisco,-21.13866806,-42.36316299,brasil_aberto,True
MG,3143906,Muriaé,São Gotardo,sao gotardo,-21.13995743,-42.36551285,brasil_aberto,True
MG,3143906,Muriaé,São Joaquim,sao joaquim,-21.1411383,-42.3986235,brasil_aberto,True
MG,3143906,Muriaé,São José,sao jose,-21.1246704,-42.3909408,brasil_aberto,True
MG,3143906,Muriaé,São Pedro,sao pedro,-21.1237535,-42.3615577,brasil_aberto,True
MG,3143906,Muriaé,São Vicente de Paulo,sao vicente de paulo,-21.1354028,-42.379224,brasil_aberto,True
MG,3143906,Muriaé,Universitário,universitario,-21.1295568,-42.3761897,brasil_aberto,True
MG,3143906,Muriaé,União,uniao,-21.1238457,-42.3852634,brasil_aberto,True
MG,3143906,Muriaé,Vale Verde,vale verde,-21.1291403,-42.3702252,brasil_aberto,True
MG,3143906,Muriaé,Vale do Castelo,vale do castelo,-21.1409893,-42.36182404,brasil_aberto,True
MG,3143906,Muriaé,Vermelho,vermelho,-21.1079177,-42.4502776,brasil_aberto,True
MG,3143906,Muriaé,Vila Conceição,vila conceicao,-21.11975479,-42.35492325,brasil_aberto,True
MG,3143906,Muriaé,Área Rural de Muriaé,area rural de muriae,-21.1291403,-42.3702252,brasil_aberto,True
MG,3144003,Mutum,Centenário,centenario,-19.68994331,-41.46673584,brasil_aberto,True
MG,3144003,Mutum,Centro,centro,-19.91731453,-43.94343567,brasil_aberto,True
MG,3144003,Mutum,Imbiruçu,imbirucu,-20.1382613,-41.3985147,brasil_aberto,True
MG,3144003,Mutum,Ocidente,ocidente,-20.01242065,-41.46829987,brasil_aberto,True
MG,3144003,Mutum,Roseiral,roseiral,-19.90662575,-41.36716461,brasil_aberto,True
MG,3144003,Mutum,São Francisco do Humaitá,sao francisco do humaita,-20.03651619,-41.35377502,brasil_aberto,True
MG,3144102,Muzambinho,Centro,centro,-21.37127113,-46.52394104,brasil_aberto,True
MG,3140159,Mário Campos,Centro,centro,-20.0539447,-44.1881156,brasil_aberto,True
MG,3144201,Nacip Raydan,Centro,centro,-18.4545784,-42.24921036,brasil_aberto,True
MG,3144300,Nanuque,Centro,centro,-17.84133148,-40.34594727,brasil_aberto,True
MG,3144300,Nanuque,Vila Pereira,vila pereira,-17.9813054,-40.7602994,brasil_aberto,True
MG,3144359,Naque,Centro,centro,-19.2263521,-42.32996670000001,brasil_aberto,True
MG,3144375,Natalândia,Centro,centro,-16.514805,-46.4894858,brasil_aberto,True
MG,3144409,Natércia,Centro,centro,-22.118292,-45.5139571,brasil_aberto,True
MG,3144508,Nazareno,Centro,centro,-21.21906853,-44.61440659,brasil_aberto,True
MG,3144607,Nepomuceno,Centro,centro,-21.23340225,-45.23539734,brasil_aberto,True
MG,3144607,Nepomuceno,Nazaré de Minas,nazare de minas,-21.08572197,-45.31238937,brasil_aberto,True
MG,3144607,Nepomuceno,Santo Antônio do Cruzeiro,santo antonio do cruzeiro,-21.20345879,-45.3058815,brasil_aberto,True
MG,3144656,Ninheira,Centro,centro,-15.3190143,-41.7541963,brasil_aberto,True
MG,3144672,Nova Belém,Centro,centro,-19.90221786,-43.91881943,brasil_aberto,True
MG,3144706,Nova Era,Centro,centro,-19.766878,-43.0350421,brasil_aberto,True
MG,3144805,Nova Lima,Alphaville - Lagoa dos Ingleses,alphaville - lagoa dos ingleses,-20.1607932,-43.9540438,brasil_aberto,True
MG,3144805,Nova Lima,Alto das Quintas,alto das quintas,-19.98753738,-43.85726166,brasil_aberto,True
MG,3144805,Nova Lima,Alto do Gaia,alto do gaia,-20.00960159,-43.83753967,brasil_aberto,True
MG,3144805,Nova Lima,Alvorada,alvorada,-19.99598312,-43.85389328,brasil_aberto,True
MG,3144805,Nova Lima,Antônio Horta,antonio horta,-19.94463539,-43.92242813,brasil_aberto,True
MG,3144805,Nova Lima,Areião do Matadouro,areiao do matadouro,-19.9909153,-43.8373909,brasil_aberto,True
MG,3144805,Nova Lima,Balneário Água Limpa,balneario agua limpa,-20.21892548,-43.96699142,brasil_aberto,True
MG,3144805,Nova Lima,Barra do Céu,barra do ceu,-19.99383736,-43.84536362,brasil_aberto,True
MG,3144805,Nova Lima,Bela Fama,bela fama,-19.99772644,-43.83770752,brasil_aberto,True
MG,3144805,Nova Lima,Bela Vista,bela vista,-27.59836197,-48.65050125,brasil_aberto,True
MG,3144805,Nova Lima,Boa Vista,boa vista,-18.5972271,-46.50795364,brasil_aberto,True
MG,3144805,Nova Lima,Bom Jardim,bom jardim,-19.99495888,-43.8550148,brasil_aberto,True
MG,3144805,Nova Lima,Bonfim,bonfim,-19.988413,-43.8458395,brasil_aberto,True
MG,3144805,Nova Lima,Bosque Residencial do Jambreiro,bosque residencial do jambreiro,-19.99732208,-43.90364456,brasil_aberto,True
MG,3144805,Nova Lima,Bosque da Ribeira,bosque da ribeira,-20.00854492,-43.95777512,brasil_aberto,True
MG,3144805,Nova Lima,Cabeceiras,cabeceiras,-19.98375702,-43.86507034,brasil_aberto,True
MG,3144805,Nova Lima,Campo do Pires,campo do pires,-20.01668739,-43.85223007,brasil_aberto,True
MG,3144805,Nova Lima,Canto da Mata,canto da mata,-20.0028247,-43.8899671,brasil_aberto,True
MG,3144805,Nova Lima,Capela Velha,capela velha,-20.0220353,-43.8230944,brasil_aberto,True
MG,3144805,Nova Lima,Cariocas,cariocas,-19.98260498,-43.86352539,brasil_aberto,True
MG,3144805,Nova Lima,Cascalho,cascalho,-19.95375061,-43.96059036,brasil_aberto,True
MG,3144805,Nova Lima,Centro,centro,-19.98328018,-43.85475159,brasil_aberto,True
MG,3144805,Nova Lima,Chácara Bom Retiro,chacara bom retiro,-20.00487328,-43.85573196,brasil_aberto,True
MG,3144805,Nova Lima,Chácara Luiz Daniel,chacara luiz daniel,-19.9929088,-43.853696,brasil_aberto,True
MG,3144805,Nova Lima,Chácara Silveira Ramos,chacara silveira ramos,-19.99124718,-43.85651016,brasil_aberto,True
MG,3144805,Nova Lima,Chácara dos Cristais,chacara dos cristais,-19.9935112,-43.85652161,brasil_aberto,True
MG,3144805,Nova Lima,Conde,conde,-19.99972153,-43.95016098,brasil_aberto,True
MG,3144805,Nova Lima,Conjunto Habitacional Paulo Gaetani,conjunto habitacional paulo gaetani,-20.00627899,-43.84539032,brasil_aberto,True
MG,3144805,Nova Lima,Cristais,cristais,-19.99304581,-43.852314,brasil_aberto,True
MG,3144805,Nova Lima,Cristais Curitiba,cristais curitiba,-19.9945058,-43.8575883,brasil_aberto,True
MG,3144805,Nova Lima,Cristais II,cristais ii,-19.99130058,-43.85309219,brasil_aberto,True
MG,3144805,Nova Lima,Cruzeiro,cruzeiro,-19.99010849,-43.84444046,brasil_aberto,True
MG,3144805,Nova Lima,Distrito Industrial Bela Fama,distrito industrial bela fama,-20.00006104,-43.83824539,brasil_aberto,True
MG,3144805,Nova Lima,Ecoville,ecoville,-20.0447484,-43.9506766,brasil_aberto,True
MG,3144805,Nova Lima,Estância Alpina,estancia alpina,-20.20962715,-43.90624619,brasil_aberto,True
MG,3144805,Nova Lima,Estância Del Rey,estancia del rey,-20.0014782,-43.94353104,brasil_aberto,True
MG,3144805,Nova Lima,Estância Estoril I,estancia estoril i,-20.19200134,-43.90782928,brasil_aberto,True
MG,3144805,Nova Lima,Estância Estoril II,estancia estoril ii,-20.18953705,-43.90819168,brasil_aberto,True
MG,3144805,Nova Lima,Estância Serrana,estancia serrana,-20.00023842,-43.9611702,brasil_aberto,True
MG,3144805,Nova Lima,Fazenda do Benito,fazenda do benito,-20.00436783,-43.8448143,brasil_aberto,True
MG,3144805,Nova Lima,Galo Novo,galo novo,-19.99367142,-43.82807922,brasil_aberto,True
MG,3144805,Nova Lima,Glebas Reais,glebas reais,-20.0220353,-43.8230944,brasil_aberto,True
MG,3144805,Nova Lima,Green Park,green park,-20.0332165,-43.8907086,brasil_aberto,True
MG,3144805,Nova Lima,Honório Bicalho,honorio bicalho,-20.26453972,-43.80579758,brasil_aberto,True
MG,3144805,Nova Lima,Ipê,ipe,-19.99878311,-43.89564133,brasil_aberto,True
MG,3144805,Nova Lima,Jardim Canadá,jardim canada,-20.05628967,-43.98447418,brasil_aberto,True
MG,3144805,Nova Lima,Jardim Monte Verde,jardim monte verde,-22.87234116,-46.04130554,brasil_aberto,True
MG,3144805,Nova Lima,Jardim Serrano,jardim serrano,-20.00468445,-43.88589859,brasil_aberto,True
MG,3144805,Nova Lima,Jardim da Torre,jardim da torre,-19.97249794,-43.92530823,brasil_aberto,True
MG,3144805,Nova Lima,Jardim das Américas,jardim das americas,-19.9908958,-43.854711,brasil_aberto,True
MG,3144805,Nova Lima,Jardim das Mangabeiras,jardim das mangabeiras,-19.98147202,-43.92990494,brasil_aberto,True
MG,3144805,Nova Lima,Jardinaves,jardinaves,-19.9819207,-43.9339343,brasil_aberto,True
MG,3144805,Nova Lima,Jardins de Petrópolis,jardins de petropolis,-20.0248586,-43.8786589,brasil_aberto,True
MG,3144805,Nova Lima,Lagoa do Miguelão,lagoa do miguelao,-20.1308204,-43.9515808,brasil_aberto,True
MG,3144805,Nova Lima,Le Cottage,le cottage,-19.99332237,-43.88336182,brasil_aberto,True
MG,3144805,Nova Lima,Matadouro,matadouro,-19.98805618,-43.84210968,brasil_aberto,True
MG,3144805,Nova Lima,Matozinhos,matozinhos,-20.03297997,-43.8373642,brasil_aberto,True
MG,3144805,Nova Lima,Mina D'água,mina d'agua,-19.96645927,-43.85080338,brasil_aberto,True
MG,3144805,Nova Lima,Mina D'água II,mina d'agua ii,-19.9481405,-43.8625459,brasil_aberto,True
MG,3144805,Nova Lima,Mina D'água de Baixo,mina d'agua de baixo,-19.9690974,-43.8511512,brasil_aberto,True
MG,3144805,Nova Lima,Mina de Águas Claras,mina de aguas claras,-19.9684437,-43.9166551,brasil_aberto,True
MG,3144805,Nova Lima,Mingú,mingu,-19.97151184,-43.84926987,brasil_aberto,True
MG,3144805,Nova Lima,Mirante da Mata,mirante da mata,-20.0003743,-43.88076969999999,brasil_aberto,True
MG,3144805,Nova Lima,Nossa Senhora de Fátima,nossa senhora de fatima,-19.99596786,-43.84426498,brasil_aberto,True
MG,3144805,Nova Lima,Olaria,olaria,-19.98225403,-43.85803604,brasil_aberto,True
MG,3144805,Nova Lima,Oswaldo Barbosa Pena II,oswaldo barbosa pena ii,-20.00111961,-43.85375595,brasil_aberto,True
MG,3144805,Nova Lima,Ouro Velho Mansões,ouro velho mansoes,-19.99303818,-43.89718246,brasil_aberto,True
MG,3144805,Nova Lima,Ouro Velho Mansões Fundos,ouro velho mansoes fundos,-19.9959642,-43.8955938,brasil_aberto,True
MG,3144805,Nova Lima,Parque Aurilândia,parque aurilandia,-19.9920146,-43.8709171,brasil_aberto,True
MG,3144805,Nova Lima,Parque Jardim Amanda,parque jardim amanda,-20.0573101,-43.91944122,brasil_aberto,True
MG,3144805,Nova Lima,Parque Santo Antônio,parque santo antonio,-19.9929088,-43.853696,brasil_aberto,True
MG,3144805,Nova Lima,Parque do Engenho,parque do engenho,-20.0431151,-43.9507527,brasil_aberto,True
MG,3144805,Nova Lima,Parque do Tumbá,parque do tumba,-19.9906279,-43.8411371,brasil_aberto,True
MG,3144805,Nova Lima,Pasto da Balança,pasto da balanca,-19.9998832,-43.8873383,brasil_aberto,True
MG,3144805,Nova Lima,Pasárgada,pasargada,-20.07085228,-43.94360733,brasil_aberto,True
MG,3144805,Nova Lima,Pau Pombo,pau pombo,-19.9934845,-43.89058304,brasil_aberto,True
MG,3144805,Nova Lima,Piemonte,piemonte,-19.9729406,-43.932564,brasil_aberto,True
MG,3144805,Nova Lima,Quintas,quintas,-19.9832837,-43.8571648,brasil_aberto,True
MG,3144805,Nova Lima,Quintas II,quintas ii,-19.98804855,-43.86142349,brasil_aberto,True
MG,3144805,Nova Lima,Quintas do Morro,quintas do morro,-20.0556124,-43.9694641,brasil_aberto,True
MG,3144805,Nova Lima,Quintas do Sol,quintas do sol,-19.9938331,-43.8692782,brasil_aberto,True
MG,3144805,Nova Lima,Residencial Congonhas do Sabará,residencial congonhas do sabara,-23.63053703,-46.66960907,brasil_aberto,True
MG,3144805,Nova Lima,Residencial Europa,residencial europa,-19.99590302,-43.91387558,brasil_aberto,True
MG,3144805,Nova Lima,Residencial Sul,residencial sul,-19.99581528,-43.88393784,brasil_aberto,True
MG,3144805,Nova Lima,Residencial Vale das Araras,residencial vale das araras,-19.99360847,-43.88494873,brasil_aberto,True
MG,3144805,Nova Lima,Retiro,retiro,-19.98318291,-43.85842896,brasil_aberto,True
MG,3144805,Nova Lima,Riviera,riviera,-19.99406624,-43.95689011,brasil_aberto,True
MG,3144805,Nova Lima,Rosário,rosario,-19.98196793,-43.84711075,brasil_aberto,True
MG,3144805,Nova Lima,Santa Rita,santa rita,-20.26453972,-43.80579758,brasil_aberto,True
MG,3144805,Nova Lima,Serra do Curral,serra do curral,-18.72216034,-44.94288635,brasil_aberto,True
MG,3144805,Nova Lima,Serra do Curral Del Rey,serra do curral del rey,-19.97201157,-43.92522812,brasil_aberto,True
MG,3144805,Nova Lima,Serra dos Manacás,serra dos manacas,-20.08434677,-43.98600388,brasil_aberto,True
MG,3144805,Nova Lima,Solar da Lagoa,solar da lagoa,-19.62487793,-43.88665009,brasil_aberto,True
MG,3144805,Nova Lima,Solar de Santa Rita,solar de santa rita,-22.25123405,-45.70756531,brasil_aberto,True
MG,3144805,Nova Lima,São Sebastião das Águas Claras,sao sebastiao das aguas claras,-20.0473263,-43.9166064,brasil_aberto,True
MG,3144805,Nova Lima,Unidade de Vizinhanças Quintas Morro do Chapéu,unidade de vizinhancas quintas morro do chapeu,-20.10613823,-43.93894958,brasil_aberto,True
MG,3144805,Nova Lima,Vale da Esperança,vale da esperanca,-19.99995613,-43.84904099,brasil_aberto,True
MG,3144805,Nova Lima,Vale do Sereno,vale do sereno,-19.9860096,-43.94083786,brasil_aberto,True
MG,3144805,Nova Lima,Vale do Sol,vale do sol,-20.0861702,-43.96801758,brasil_aberto,True
MG,3144805,Nova Lima,Vale dos Cristais,vale dos cristais,-20.0074749,-43.93211746,brasil_aberto,True
MG,3144805,Nova Lima,Veredas das Geraes,veredas das geraes,-20.0005395,-43.8528721,brasil_aberto,True
MG,3144805,Nova Lima,Vila Alpina,vila alpina,-20.01147079,-43.95225525,brasil_aberto,True
MG,3144805,Nova Lima,Vila Aparecida,vila aparecida,-19.99713707,-43.88712692,brasil_aberto,True
MG,3144805,Nova Lima,Vila Campestre,vila campestre,-19.9972257,-43.93794510000001,brasil_aberto,True
MG,3144805,Nova Lima,Vila Castela,vila castela,-19.99357033,-43.94689178,brasil_aberto,True
MG,3144805,Nova Lima,Vila Castela-2ª Etapa,vila castela-2ª etapa,-19.98480034,-43.94708252,brasil_aberto,True
MG,3144805,Nova Lima,Vila Del Rey,vila del rey,-19.99932671,-43.94177246,brasil_aberto,True
MG,3144805,Nova Lima,Vila Industrial I,vila industrial i,-19.9998712,-43.8872985,brasil_aberto,True
MG,3144805,Nova Lima,Vila Industrial II,vila industrial ii,-19.9998519,-43.8865621,brasil_aberto,True
MG,3144805,Nova Lima,Vila Ipê Amarelo,vila ipe amarelo,-20.04496956,-43.82057571,brasil_aberto,True
MG,3144805,Nova Lima,Vila Lacerda,vila lacerda,-19.99333191,-43.84960938,brasil_aberto,True
MG,3144805,Nova Lima,Vila Madeira,vila madeira,-19.99080658,-43.87331009,brasil_aberto,True
MG,3144805,Nova Lima,Vila Maria do Carmo,vila maria do carmo,-19.98571396,-43.86662674,brasil_aberto,True
MG,3144805,Nova Lima,Vila Marise,vila marise,-20.00625038,-43.84523392,brasil_aberto,True
MG,3144805,Nova Lima,Vila Monte Castelo,vila monte castelo,-19.996731,-43.8467495,brasil_aberto,True
MG,3144805,Nova Lima,Vila Nova Betânia,vila nova betania,-19.9928575,-43.8922243,brasil_aberto,True
MG,3144805,Nova Lima,Vila Nova Suíça,vila nova suica,-20.26453972,-43.80579758,brasil_aberto,True
MG,3144805,Nova Lima,Vila Odete,vila odete,-19.99903679,-43.88764572,brasil_aberto,True
MG,3144805,Nova Lima,Vila Operária,vila operaria,-19.98761368,-43.85080719,brasil_aberto,True
MG,3144805,Nova Lima,Vila Padre Valeriano,vila padre valeriano,-19.99511147,-43.85046768,brasil_aberto,True
MG,3144805,Nova Lima,Vila Passos,vila passos,-19.99153328,-43.84992981,brasil_aberto,True
MG,3144805,Nova Lima,Vila São José - 1ª Seção,vila sao jose - 1ª secao,-19.9862903,-43.8686988,brasil_aberto,True
MG,3144805,Nova Lima,Vila São José - 2ª Seção,vila sao jose - 2ª secao,-19.9874291,-43.8689183,brasil_aberto,True
MG,3144805,Nova Lima,Vila São José - 3ª Seção,vila sao jose - 3ª secao,-19.994125,-43.871911,brasil_aberto,True
MG,3144805,Nova Lima,Vila São Luiz,vila sao luiz,-19.99629974,-43.84873581,brasil_aberto,True
MG,3144805,Nova Lima,Vila Verde,vila verde,-19.9929975,-43.8484876,brasil_aberto,True
MG,3144805,Nova Lima,Vila da Serra,vila da serra,-19.98085022,-43.94252396,brasil_aberto,True
MG,3144805,Nova Lima,Vila do Ouro,vila do ouro,-20.01114464,-43.85013199,brasil_aberto,True
MG,3144805,Nova Lima,Village Sans Souci,village sans souci,-20.05673981,-43.89941788,brasil_aberto,True
MG,3144805,Nova Lima,Village Terrasse I,village terrasse i,-19.98844337,-43.94272232,brasil_aberto,True
MG,3144805,Nova Lima,Village Terrasse II,village terrasse ii,-19.9922924,-43.9367485,brasil_aberto,True
MG,3144805,Nova Lima,Ville de Montagne,ville de montagne,-19.99294281,-43.90769958,brasil_aberto,True
MG,3144805,Nova Lima,Área Rural de Nova Lima,area rural de nova lima,-19.9849058,-43.8469634,brasil_aberto,True
MG,3144904,Nova Módica,Cabeceira dos Henriques,cabeceira dos henriques,,,brasil_aberto,True
MG,3144904,Nova Módica,Centro,centro,-18.43754959,-41.49942398,brasil_aberto,True
MG,3145000,Nova Ponte,Almeida Campos,almeida campos,-19.5416921,-47.60982360000001,brasil_aberto,True
MG,3145000,Nova Ponte,Centro,centro,-19.1686185,-47.67373629999999,brasil_aberto,True
MG,3145059,Nova Porteirinha,Centro,centro,-15.8042452,-43.3017982,brasil_aberto,True
MG,3145109,Nova Resende,Centro,centro,-21.12834167,-46.42314529,brasil_aberto,True
MG,3145109,Nova Resende,Petúnia,petunia,-21.00992775,-46.40078354,brasil_aberto,True
MG,3145208,Nova Serrana,Acácio Martins,acacio martins,-19.8852369,-44.9846928,brasil_aberto,True
MG,3145208,Nova Serrana,Adalberto Ferreira do Amaral,adalberto ferreira do amaral,-19.87543869,-44.98256683,brasil_aberto,True
MG,3145208,Nova Serrana,Amaral,amaral,-19.86956978,-44.98885345,brasil_aberto,True
MG,3145208,Nova Serrana,Amazonas,amazonas,-19.8861362,-44.9987407,brasil_aberto,True
MG,3145208,Nova Serrana,Ana Carolina,ana carolina,-19.93343353,-43.92637253,brasil_aberto,True
MG,3145208,Nova Serrana,Antônio Venâncio,antonio venancio,-19.8905728,-44.971445,brasil_aberto,True
MG,3145208,Nova Serrana,Araguaia,araguaia,-19.88102913,-44.98995972,brasil_aberto,True
MG,3145208,Nova Serrana,Beija Flor,beija flor,-19.87903023,-44.97579575,brasil_aberto,True
MG,3145208,Nova Serrana,Bela Vista,bela vista,-19.88102341,-44.98291016,brasil_aberto,True
MG,3145208,Nova Serrana,Belvedere,belvedere,-19.874703,-44.9832743,brasil_aberto,True
MG,3145208,Nova Serrana,Boa Vista de Minas,boa vista de minas,-19.82766724,-44.95918274,brasil_aberto,True
MG,3145208,Nova Serrana,Campo Belo,campo belo,-19.8617858,-44.9857693,brasil_aberto,True
MG,3145208,Nova Serrana,Capão Novo,capao novo,-19.8777714,-44.9856483,brasil_aberto,True
MG,3145208,Nova Serrana,Centro,centro,-19.88025475,-44.9822197,brasil_aberto,True
MG,3145208,Nova Serrana,Chácaras Capão,chacaras capao,-19.74565697,-47.96896362,brasil_aberto,True
MG,3145208,Nova Serrana,Cidade Jardim,cidade jardim,-19.90022278,-43.14876556,brasil_aberto,True
MG,3145208,Nova Serrana,Cidade Nova I,cidade nova i,-19.8975009,-44.9514477,brasil_aberto,True
MG,3145208,Nova Serrana,Cidade Nova II,cidade nova ii,-19.8865841,-44.9494911,brasil_aberto,True
MG,3145208,Nova Serrana,Cidade Nova III,cidade nova iii,-19.8965047,-44.950588,brasil_aberto,True
MG,3145208,Nova Serrana,Cidade Nova IV,cidade nova iv,-19.89573288,-44.94903564,brasil_aberto,True
MG,3145208,Nova Serrana,Cidade Nova V,cidade nova v,-19.8777714,-44.9856483,brasil_aberto,True
MG,3145208,Nova Serrana,Cidade Nova VI,cidade nova vi,-19.93343353,-43.92637253,brasil_aberto,True
MG,3145208,Nova Serrana,Concesso Elias,concesso elias,-19.86085892,-44.98532867,brasil_aberto,True
MG,3145208,Nova Serrana,Condomínio Cachoeira dourada,condominio cachoeira dourada,-19.8831174,-44.9943546,brasil_aberto,True
MG,3145208,Nova Serrana,Condomínio Reserva do Vale,condominio reserva do vale,-18.94676399,-48.28564072,brasil_aberto,True
MG,3145208,Nova Serrana,Condomínio Vilaje,condominio vilaje,-19.874768,-44.9895396,brasil_aberto,True
MG,3145208,Nova Serrana,Dom Bosco,dom bosco,-19.8710804,-44.9806366,brasil_aberto,True
MG,3145208,Nova Serrana,Dona Zeli I,dona zeli i,-19.8832283,-45.00648499,brasil_aberto,True
MG,3145208,Nova Serrana,Dona Zeli II,dona zeli ii,-19.87883568,-45.00922775,brasil_aberto,True
MG,3145208,Nova Serrana,Dona Zeli III,dona zeli iii,-19.8804576,-45.0162244,brasil_aberto,True
MG,3145208,Nova Serrana,Eduardo Bretas,eduardo bretas,-19.8626665,-44.9826854,brasil_aberto,True
MG,3145208,Nova Serrana,Eldorado,eldorado,-19.8835902,-44.9876462,brasil_aberto,True
MG,3145208,Nova Serrana,Elisa Amaral,elisa amaral,-19.8664669,-44.963685,brasil_aberto,True
MG,3145208,Nova Serrana,Empresarial Dona Zeli,empresarial dona zeli,-19.87703514,-45.01176071,brasil_aberto,True
MG,3145208,Nova Serrana,Esperança,esperanca,-19.46598434,-42.57662201,brasil_aberto,True
MG,3145208,Nova Serrana,Esplanada,esplanada,-19.86045074,-44.98287582,brasil_aberto,True
MG,3145208,Nova Serrana,Fausto Pinto da Fonseca I,fausto pinto da fonseca i,-19.8767722,-45.0023219,brasil_aberto,True
MG,3145208,Nova Serrana,Fausto Pinto da Fonseca II,fausto pinto da fonseca ii,-19.87602425,-45.00214767,brasil_aberto,True
MG,3145208,Nova Serrana,Ferreira Neto,ferreira neto,-19.86875343,-44.9889946,brasil_aberto,True
MG,3145208,Nova Serrana,Floresta,floresta,-20.17074394,-44.91925812,brasil_aberto,True
MG,3145208,Nova Serrana,Francisco Lucas,francisco lucas,-19.8666677,-45.004068,brasil_aberto,True
MG,3145208,Nova Serrana,Frei Ambrósio,frei ambrosio,-19.86273766,-44.97963715,brasil_aberto,True
MG,3145208,Nova Serrana,Frei Paulo,frei paulo,-19.8778741,-44.9875921,brasil_aberto,True
MG,3145208,Nova Serrana,Fábio Aguiar,fabio aguiar,-19.87064362,-45.00182724,brasil_aberto,True
MG,3145208,Nova Serrana,Gamas,gamas,-19.8718131,-44.9876778,brasil_aberto,True
MG,3145208,Nova Serrana,Industrial,industrial,-19.86698151,-44.97180557,brasil_aberto,True
MG,3145208,Nova Serrana,Ipiranga,ipiranga,-19.8715243,-44.9877171,brasil_aberto,True
MG,3145208,Nova Serrana,Itapuã,itapua,-19.8645371,-44.9713976,brasil_aberto,True
MG,3145208,Nova Serrana,Jardim América,jardim america,-19.95297623,-43.93441772,brasil_aberto,True
MG,3145208,Nova Serrana,Jardim Europa I,jardim europa i,-19.88738441,-44.95772171,brasil_aberto,True
MG,3145208,Nova Serrana,Jardim Europa II,jardim europa ii,-19.88738441,-44.95772171,brasil_aberto,True
MG,3145208,Nova Serrana,Jardim Padre Lauro,jardim padre lauro,-19.8769986,-45.0024014,brasil_aberto,True
MG,3145208,Nova Serrana,Jardim Padre Libério,jardim padre liberio,-19.87572861,-44.99507904,brasil_aberto,True
MG,3145208,Nova Serrana,Jardim Real,jardim real,-19.8777714,-44.9856483,brasil_aberto,True
MG,3145208,Nova Serrana,Jardim São Francisco,jardim sao francisco,-19.87121201,-44.9888649,brasil_aberto,True
MG,3145208,Nova Serrana,Jardim das Américas,jardim das americas,-19.8777714,-44.9856483,brasil_aberto,True
MG,3145208,Nova Serrana,Jardim do Lago,jardim do lago,-19.87847328,-44.98987198,brasil_aberto,True
MG,3145208,Nova Serrana,Jeferson Batista de Freitas,jeferson batista de freitas,-19.86856461,-45.00828934,brasil_aberto,True
MG,3145208,Nova Serrana,José Batista Filho,jose batista filho,-17.99412155,-42.38692093,brasil_aberto,True
MG,3145208,Nova Serrana,José Pinto do Amaral,jose pinto do amaral,-23.52718544,-47.16930008,brasil_aberto,True
MG,3145208,Nova Serrana,José Rodrigues,jose rodrigues,-19.8469947,-44.9920203,brasil_aberto,True
MG,3145208,Nova Serrana,José Rodrigues da Costa,jose rodrigues da costa,-19.8763897,-44.9819532,brasil_aberto,True
MG,3145208,Nova Serrana,José Silva de Almeida,jose silva de almeida,-19.8746445,-44.9682173,brasil_aberto,True
MG,3145208,Nova Serrana,Laranjeiras,laranjeiras,-19.87903023,-44.97579575,brasil_aberto,True
MG,3145208,Nova Serrana,Lincoln Nogueira,lincoln nogueira,-19.87470245,-44.98327255,brasil_aberto,True
MG,3145208,Nova Serrana,Lugano,lugano,-19.874768,-44.9895396,brasil_aberto,True
MG,3145208,Nova Serrana,Luzia Maria dos Santos,luzia maria dos santos,-19.8522578,-44.9918999,brasil_aberto,True
MG,3145208,Nova Serrana,Mangabeiras,mangabeiras,-19.874562,-44.962131,brasil_aberto,True
MG,3145208,Nova Serrana,Maria José do Amaral,maria jose do amaral,-19.88838387,-44.98110199,brasil_aberto,True
MG,3145208,Nova Serrana,Maria Rita,maria rita,-20.69590759,-44.82385254,brasil_aberto,True
MG,3145208,Nova Serrana,Mariana Martins,mariana martins,-19.8567225,-44.9947941,brasil_aberto,True
MG,3145208,Nova Serrana,Marisa,marisa,-19.88125038,-44.98472977,brasil_aberto,True
MG,3145208,Nova Serrana,Mont Serrat,mont serrat,-17.90284729,-41.50181198,brasil_aberto,True
MG,3145208,Nova Serrana,Morada Nova,morada nova,-20.14961243,-44.88488007,brasil_aberto,True
MG,3145208,Nova Serrana,Morada do Sol,morada do sol,-19.88062477,-44.97547913,brasil_aberto,True
MG,3145208,Nova Serrana,Moreiras,moreiras,-19.87443542,-44.94720459,brasil_aberto,True
MG,3145208,Nova Serrana,Nogueira,nogueira,-19.8802141,-44.9918656,brasil_aberto,True
MG,3145208,Nova Serrana,Nossa Senhora do Carmo,nossa senhora do carmo,-19.8885541,-44.9821619,brasil_aberto,True
MG,3145208,Nova Serrana,Nova Londrina,nova londrina,-19.8870394,-44.9462784,brasil_aberto,True
MG,3145208,Nova Serrana,Novo Horizonte,novo horizonte,-19.85676003,-44.9947052,brasil_aberto,True
MG,3145208,Nova Serrana,Park Dona Gumercinda Martins,park dona gumercinda martins,-19.8681132,-44.9967453,brasil_aberto,True
MG,3145208,Nova Serrana,Parque das Aves,parque das aves,-19.8894059,-44.973443,brasil_aberto,True
MG,3145208,Nova Serrana,Planalto,planalto,-19.8665655,-44.9755141,brasil_aberto,True
MG,3145208,Nova Serrana,Pouso Alegre,pouso alegre,-19.8965004,-44.9946301,brasil_aberto,True
MG,3145208,Nova Serrana,Povoado de Capão,povoado de capao,-20.23834801,-44.00279999,brasil_aberto,True
MG,3145208,Nova Serrana,Prolongamento do Bairro São Lucas,prolongamento do bairro sao lucas,-19.8588539,-44.9920117,brasil_aberto,True
MG,3145208,Nova Serrana,Regina Amaral I,regina amaral i,-19.90854263,-44.0739975,brasil_aberto,True
MG,3145208,Nova Serrana,Regina Amaral II,regina amaral ii,-19.87501717,-44.94750214,brasil_aberto,True
MG,3145208,Nova Serrana,Residencial Messias Pinto Azevedo I,residencial messias pinto azevedo i,-19.8862755,-44.9325565,brasil_aberto,True
MG,3145208,Nova Serrana,Residencial Messias Pinto Azevedo II,residencial messias pinto azevedo ii,-19.88813972,-44.93193817,brasil_aberto,True
MG,3145208,Nova Serrana,Residencial Parque das Águas,residencial parque das aguas,-19.8863721,-45.0022913,brasil_aberto,True
MG,3145208,Nova Serrana,Residencial Sunset,residencial sunset,-19.8670968,-44.9743367,brasil_aberto,True
MG,3145208,Nova Serrana,Ripas,ripas,-19.86717606,-44.97683716,brasil_aberto,True
MG,3145208,Nova Serrana,Romeu Duarte,romeu duarte,-19.87129593,-45.00918198,brasil_aberto,True
MG,3145208,Nova Serrana,Sagrada Família,sagrada familia,-19.86956978,-44.98885345,brasil_aberto,True
MG,3145208,Nova Serrana,Sandra Regina,sandra regina,-19.8665499,-44.9742175,brasil_aberto,True
MG,3145208,Nova Serrana,Santa Clara,santa clara,-19.8715438,-45.0009069,brasil_aberto,True
MG,3145208,Nova Serrana,Santa Cruz,santa cruz,-19.8804037,-44.9754933,brasil_aberto,True
MG,3145208,Nova Serrana,Santa Helena,santa helena,-19.91632652,-44.08758163,brasil_aberto,True
MG,3145208,Nova Serrana,Santa Luzia,santa luzia,-19.88062477,-44.97547913,brasil_aberto,True
MG,3145208,Nova Serrana,Santa Maria,santa maria,-19.87129593,-45.00918198,brasil_aberto,True
MG,3145208,Nova Serrana,Santa Sara,santa sara,-19.86525917,-44.96196747,brasil_aberto,True
MG,3145208,Nova Serrana,Santa Teresa,santa teresa,-19.869272,-44.9722851,brasil_aberto,True
MG,3145208,Nova Serrana,Santa Terezinha I,santa terezinha i,-19.8800762,-44.9536085,brasil_aberto,True
MG,3145208,Nova Serrana,Santa Terezinha II,santa terezinha ii,-19.4505043,-42.58953094,brasil_aberto,True
MG,3145208,Nova Serrana,Santana,santana,-19.8749742,-44.9713438,brasil_aberto,True
MG,3145208,Nova Serrana,Santo Antônio,santo antonio,-19.86698151,-44.97180557,brasil_aberto,True
MG,3145208,Nova Serrana,Santo Expedito,santo expedito,-19.8771504,-44.944411,brasil_aberto,True
MG,3145208,Nova Serrana,Serra Dourada,serra dourada,-19.8778639,-44.9892162,brasil_aberto,True
MG,3145208,Nova Serrana,São Cristóvão,sao cristovao,-19.8831425,-44.9843136,brasil_aberto,True
MG,3145208,Nova Serrana,São Geraldo II,sao geraldo ii,-19.87903023,-44.97579575,brasil_aberto,True
MG,3145208,Nova Serrana,São José,sao jose,-19.8753155,-44.9595503,brasil_aberto,True
MG,3145208,Nova Serrana,São Lucas,sao lucas,-19.875434,-44.9987305,brasil_aberto,True
MG,3145208,Nova Serrana,São Luiz,sao luiz,-19.7958759,-44.0782023,brasil_aberto,True
MG,3145208,Nova Serrana,São Marcos,sao marcos,-19.87121201,-44.9888649,brasil_aberto,True
MG,3145208,Nova Serrana,São Sebastião,sao sebastiao,-19.87121201,-44.9888649,brasil_aberto,True
MG,3145208,Nova Serrana,Vale Verde,vale verde,-19.9126209,-44.9440129,brasil_aberto,True
MG,3145208,Nova Serrana,Veredas da Serra,veredas da serra,-19.8579763,-45.0038474,brasil_aberto,True
MG,3145208,Nova Serrana,Vila André de Freitas,vila andre de freitas,-19.88062477,-44.97547913,brasil_aberto,True
MG,3145208,Nova Serrana,Vila Olaria,vila olaria,-19.87819099,-44.98396301,brasil_aberto,True
MG,3145208,Nova Serrana,Vila Ozanan,vila ozanan,-19.87471771,-44.9903183,brasil_aberto,True
MG,3145208,Nova Serrana,Área Rural de Nova Serrana,area rural de nova serrana,-19.8777714,-44.9856483,brasil_aberto,True
MG,3136603,Nova União,Centro,centro,-19.68910027,-43.58106613,brasil_aberto,True
MG,3145307,Novo Cruzeiro,Centro,centro,-17.46741676,-41.87705231,brasil_aberto,True
MG,3145307,Novo Cruzeiro,Lufa,lufa,-17.23776817,-41.93453979,brasil_aberto,True
MG,3145307,Novo Cruzeiro,Novilhona,novilhona,-17.4710865,-42.025383,brasil_aberto,True
MG,3145307,Novo Cruzeiro,Queixada,queixada,-17.281732,-42.0141176,brasil_aberto,True
MG,3145356,Novo Oriente de Minas,Centro,centro,-17.4117852,-41.1778785,brasil_aberto,True
MG,3145372,Novorizonte,Centro,centro,-16.01187134,-42.40737534,brasil_aberto,True
MG,3145406,Olaria,Centro,centro,-21.8604897,-43.937581,brasil_aberto,True
MG,3145455,Olhos-d'Água,Centro,centro,,,brasil_aberto,True
MG,3145604,Oliveira,Centro,centro,-20.69841003,-44.82769394,brasil_aberto,True
MG,3145604,Oliveira,Morro do Ferro,morro do ferro,-20.7697602,-44.5813392,brasil_aberto,True
MG,3145604,Oliveira,Rosário,rosario,-20.6918331,-44.8312979,brasil_aberto,True
MG,3145703,Oliveira Fortes,Centro,centro,-21.3381501,-43.4584359,brasil_aberto,True
MG,3145505,Olímpio Noronha,Centro,centro,-21.77941895,-48.5629425,brasil_aberto,True
MG,3145802,Onça de Pitangui,Centro,centro,-19.7306495,-44.8067649,brasil_aberto,True
MG,3145802,Onça de Pitangui,Jaguara,jaguara,-20.00666237,-47.42588425,brasil_aberto,True
MG,3145851,Oratórios,Centro,centro,-20.4321474,-42.8046197,brasil_aberto,True
MG,3145877,Orizânia,Centro,centro,-20.50646019,-42.20944214,brasil_aberto,True
MG,3145901,Ouro Branco,Bandeirantes,bandeirantes,,,brasil_aberto,True
MG,3145901,Ouro Branco,Belvedere,belvedere,-20.5326245,-43.6905984,brasil_aberto,True
MG,3145901,Ouro Branco,Castigliano,castigliano,,,brasil_aberto,True
MG,3145901,Ouro Branco,Centro,centro,,,brasil_aberto,True
MG,3145901,Ouro Branco,Cristais,cristais,,,brasil_aberto,True
MG,3145901,Ouro Branco,Inconfidentes,inconfidentes,,,brasil_aberto,True
MG,3145901,Ouro Branco,Itatiaia,itatiaia,,,brasil_aberto,True
MG,3145901,Ouro Branco,Luzia Augusta da Silva,luzia augusta da silva,,,brasil_aberto,True
MG,3145901,Ouro Branco,Metalúrgicos,metalurgicos,-20.5306912,-43.7219458,brasil_aberto,True
MG,3145901,Ouro Branco,Minas Talco,minas talco,-20.5139105,-43.7202725,brasil_aberto,True
MG,3145901,Ouro Branco,Novo Horizonte,novo horizonte,,,brasil_aberto,True
MG,3145901,Ouro Branco,Pioneiros,pioneiros,,,brasil_aberto,True
MG,3145901,Ouro Branco,Primeiro de Maio,primeiro de maio,,,brasil_aberto,True
MG,3145901,Ouro Branco,Rotor,rotor,,,brasil_aberto,True
MG,3145901,Ouro Branco,Serra,serra,,,brasil_aberto,True
MG,3145901,Ouro Branco,Siderurgia,siderurgia,,,brasil_aberto,True
MG,3145901,Ouro Branco,Soledade,soledade,-20.5235519,-43.6914114,brasil_aberto,True
MG,3145901,Ouro Branco,São Francisco,sao francisco,,,brasil_aberto,True
MG,3145901,Ouro Branco,Água Limpa,agua limpa,,,brasil_aberto,True
MG,3145901,Ouro Branco,Área Rural de Ouro Branco,area rural de ouro branco,-20.5235519,-43.6914114,brasil_aberto,True
MG,3146008,Ouro Fino,Centro,centro,-19.72704887,-47.91942215,brasil_aberto,True
MG,3146008,Ouro Fino,Crisólia,crisolia,-22.24736977,-46.41035461,brasil_aberto,True
MG,3146008,Ouro Fino,São José do Mato Dentro,sao jose do mato dentro,-22.21010017,-46.47476959,brasil_aberto,True
MG,3146107,Ouro Preto,13 de Maio,13 de maio,,,brasil_aberto,True
MG,3146107,Ouro Preto,Aldebaran (Cachoeira do Campo),aldebaran (cachoeira do campo),,,brasil_aberto,True
MG,3146107,Ouro Preto,Alta Vila (Cachoeira do Campo),alta vila (cachoeira do campo),,,brasil_aberto,True
MG,3146107,Ouro Preto,Alto da Cruz,alto da cruz,,,brasil_aberto,True
MG,3146107,Ouro Preto,Alto do Beleza (Cachoeira do Campo),alto do beleza (cachoeira do campo),,,brasil_aberto,True
MG,3146107,Ouro Preto,Amarantina,amarantina,,,brasil_aberto,True
MG,3146107,Ouro Preto,Antônio Dias,antonio dias,-20.3875632,-43.4976955,brasil_aberto,True
MG,3146107,Ouro Preto,Antônio Pereira,antonio pereira,,,brasil_aberto,True
MG,3146107,Ouro Preto,Barra,barra,,,brasil_aberto,True
MG,3146107,Ouro Preto,Bauxita,bauxita,-20.3954695,-43.4990575,brasil_aberto,True
MG,3146107,Ouro Preto,Cabeças,cabecas,-20.3822196,-43.5147658,brasil_aberto,True
MG,3146107,Ouro Preto,Cachoeira do Campo,cachoeira do campo,,,brasil_aberto,True
MG,3146107,Ouro Preto,Centro,centro,-20.3853985,-43.5045394,brasil_aberto,True
MG,3146107,Ouro Preto,Centro (Cachoeira do Campo),centro (cachoeira do campo),,,brasil_aberto,True
MG,3146107,Ouro Preto,Dom Bosco (Cachoeira do Campo),dom bosco (cachoeira do campo),,,brasil_aberto,True
MG,3146107,Ouro Preto,Dores,dores,-20.3891002,-43.4992411,brasil_aberto,True
MG,3146107,Ouro Preto,Engenheiro Correia,engenheiro correia,-20.34985161,-43.77035904,brasil_aberto,True
MG,3146107,Ouro Preto,Glaura,glaura,,,brasil_aberto,True
MG,3146107,Ouro Preto,Jardim Alvorada,jardim alvorada,-20.3849646,-43.5150426,brasil_aberto,True
MG,3146107,Ouro Preto,Jardim Itacolomi,jardim itacolomi,,,brasil_aberto,True
MG,3146107,Ouro Preto,Lagoa,lagoa,,,brasil_aberto,True
MG,3146107,Ouro Preto,Lavras Novas,lavras novas,,,brasil_aberto,True
MG,3146107,Ouro Preto,Metalúrgicos (Cachoeira do Campo),metalurgicos (cachoeira do campo),,,brasil_aberto,True
MG,3146107,Ouro Preto,Miguel Burnier,miguel burnier,-20.43660355,-43.77281189,brasil_aberto,True
MG,3146107,Ouro Preto,Morro Santana,morro santana,,,brasil_aberto,True
MG,3146107,Ouro Preto,Morro da Queimada,morro da queimada,,,brasil_aberto,True
MG,3146107,Ouro Preto,Morro do Cruzeiro,morro do cruzeiro,,,brasil_aberto,True
MG,3146107,Ouro Preto,Nossa Senhora de Lourdes,nossa senhora de lourdes,-20.3863277,-43.5165937,brasil_aberto,True
MG,3146107,Ouro Preto,Nossa Senhora do Carmo,nossa senhora do carmo,,,brasil_aberto,True
MG,3146107,Ouro Preto,Novo Horizonte,novo horizonte,,,brasil_aberto,True
MG,3146107,Ouro Preto,Padre Faria,padre faria,,,brasil_aberto,True
MG,3146107,Ouro Preto,Passa Dez de Baixo,passa dez de baixo,,,brasil_aberto,True
MG,3146107,Ouro Preto,Piedade,piedade,-20.3849871,-43.4869299,brasil_aberto,True
MG,3146107,Ouro Preto,Pilar,pilar,-20.3854661,-43.5098334,brasil_aberto,True
MG,3146107,Ouro Preto,Recanto dos Pássaros (Cachoeira do Campo),recanto dos passaros (cachoeira do campo),,,brasil_aberto,True
MG,3146107,Ouro Preto,Residencial CVRD (Cachoeira do Campo),residencial cvrd (cachoeira do campo),,,brasil_aberto,True
MG,3146107,Ouro Preto,Residencial Sacramento (Cachoeira do Campo),residencial sacramento (cachoeira do campo),,,brasil_aberto,True
MG,3146107,Ouro Preto,Rodrigo Silva,rodrigo silva,-20.49807167,-43.47410965,brasil_aberto,True
MG,3146107,Ouro Preto,Rosário,rosario,-20.3836667,-43.5099756,brasil_aberto,True
MG,3146107,Ouro Preto,Santa Cruz,santa cruz,,,brasil_aberto,True
MG,3146107,Ouro Preto,Santa Luzia (Cachoeira do Campo),santa luzia (cachoeira do campo),,,brasil_aberto,True
MG,3146107,Ouro Preto,Santa Rita de Ouro Preto,santa rita de ouro preto,-20.5329,-43.5527401,brasil_aberto,True
MG,3146107,Ouro Preto,Santo Antônio do Leite,santo antonio do leite,-20.35644531,-43.72453308,brasil_aberto,True
MG,3146107,Ouro Preto,Santo Antônio do Salto,santo antonio do salto,-20.4770565,-43.51800537,brasil_aberto,True
MG,3146107,Ouro Preto,Saramenha,saramenha,,,brasil_aberto,True
MG,3146107,Ouro Preto,São Bartolomeu,sao bartolomeu,,,brasil_aberto,True
MG,3146107,Ouro Preto,São Cristóvão,sao cristovao,,,brasil_aberto,True
MG,3146107,Ouro Preto,São Francisco (Cachoeira do Campo),sao francisco (cachoeira do campo),,,brasil_aberto,True
MG,3146107,Ouro Preto,São José (Cachoeira do Campo),sao jose (cachoeira do campo),,,brasil_aberto,True
MG,3146107,Ouro Preto,Vila Alegre (Cachoeira do Campo),vila alegre (cachoeira do campo),,,brasil_aberto,True
MG,3146107,Ouro Preto,Vila Aparecida,vila aparecida,,,brasil_aberto,True
MG,3146107,Ouro Preto,Vila Operária,vila operaria,,,brasil_aberto,True
MG,3146107,Ouro Preto,Vila Samarco,vila samarco,,,brasil_aberto,True
MG,3146107,Ouro Preto,Vila dos Engenheiros,vila dos engenheiros,,,brasil_aberto,True
MG,3146107,Ouro Preto,Água Limpa,agua limpa,,,brasil_aberto,True
MG,3146206,Ouro Verde de Minas,Centro,centro,-18.0697305,-41.2704347,brasil_aberto,True
MG,3146255,Padre Carvalho,Centro,centro,,,brasil_aberto,True
MG,3146305,Padre Paraíso,Centro,centro,-17.0728572,-41.4844178,brasil_aberto,True
MG,3146552,Pai Pedro,Centro,centro,-15.5323619,-43.0661315,brasil_aberto,True
MG,3146404,Paineiras,Centro,centro,-18.4733027,-47.2020418,brasil_aberto,True
MG,3146404,Paineiras,Poções de Paineiras,pocoes de paineiras,-18.88057518,-45.41703033,brasil_aberto,True
MG,3146503,Pains,Centro,centro,-20.37024689,-45.66252518,brasil_aberto,True
MG,3146503,Pains,Vila Costina,vila costina,-20.38530731,-45.80598831,brasil_aberto,True
MG,3146602,Paiva,Centro,centro,-21.28813362,-43.41539764,brasil_aberto,True
MG,3146701,Palma,Centro,centro,-21.3762398,-42.3167932,brasil_aberto,True
MG,3146701,Palma,Cisneiros,cisneiros,-21.43898582,-42.35881042,brasil_aberto,True
MG,3146701,Palma,Itapirucu,itapirucu,-21.46067429,-42.35202408,brasil_aberto,True
MG,3146750,Palmópolis,Centro,centro,-18.85357475,-41.94903183,brasil_aberto,True
MG,3146750,Palmópolis,Dois de Abril,dois de abril,-16.8424103,-40.3182725,brasil_aberto,True
MG,3146909,Papagaios,Centro,centro,-19.448837,-44.7480142,brasil_aberto,True
MG,3147006,Paracatu,Alto da Colina,alto da colina,-18.5735328,-46.490396,brasil_aberto,True
MG,3147006,Paracatu,Alto do Açude,alto do acude,-17.21504593,-46.8630867,brasil_aberto,True
MG,3147006,Paracatu,Alto do Córrego,alto do corrego,-17.2250251,-46.8680057,brasil_aberto,True
MG,3147006,Paracatu,Amoreiras I,amoreiras i,,,brasil_aberto,True
MG,3147006,Paracatu,Amoreiras II,amoreiras ii,-17.2250251,-46.8680057,brasil_aberto,True
MG,3147006,Paracatu,Arraial Dangola,arraial dangola,-17.2274533,-46.8748284,brasil_aberto,True
MG,3147006,Paracatu,Bandeirantes,bandeirantes,-17.2353099,-46.8870404,brasil_aberto,True
MG,3147006,Paracatu,Bela Vista I,bela vista i,-17.2136252,-46.8802712,brasil_aberto,True
MG,3147006,Paracatu,Bela Vista II,bela vista ii,-17.2250251,-46.8680057,brasil_aberto,True
MG,3147006,Paracatu,Bom Pastor,bom pastor,-17.23560524,-46.88759613,brasil_aberto,True
MG,3147006,Paracatu,Centro,centro,-19.64019585,-43.88186264,brasil_aberto,True
MG,3147006,Paracatu,Chapadinha,chapadinha,-17.2381552,-46.8700484,brasil_aberto,True
MG,3147006,Paracatu,Chapadinha II,chapadinha ii,-17.2391491,-46.8696279,brasil_aberto,True
MG,3147006,Paracatu,Cidade Jardim,cidade jardim,-17.2315861,-46.8839054,brasil_aberto,True
MG,3147006,Paracatu,Cidade Nova,cidade nova,-17.2250251,-46.8680057,brasil_aberto,True
MG,3147006,Paracatu,Cidade Nova II,cidade nova ii,-17.2216864,-46.8857149,brasil_aberto,True
MG,3147006,Paracatu,Esplanada,esplanada,-17.2068385,-46.8721422,brasil_aberto,True
MG,3147006,Paracatu,Flamboyant,flamboyant,-17.2141568,-46.8933764,brasil_aberto,True
MG,3147006,Paracatu,Jardim América,jardim america,-17.2250251,-46.8680057,brasil_aberto,True
MG,3147006,Paracatu,Jardim América II,jardim america ii,,,brasil_aberto,True
MG,3147006,Paracatu,Jardim Primavera,jardim primavera,-17.2396414,-46.8561367,brasil_aberto,True
MG,3147006,Paracatu,Jardim Primavera II,jardim primavera ii,-17.2427186,-46.8582565,brasil_aberto,True
MG,3147006,Paracatu,Jardim Primavera III,jardim primavera iii,-17.2174885,-46.872318,brasil_aberto,True
MG,3147006,Paracatu,Jardim Serrano,jardim serrano,-17.2337926,-46.8636022,brasil_aberto,True
MG,3147006,Paracatu,Joaquim Cordeiro,joaquim cordeiro,-17.220384,-46.880912,brasil_aberto,True
MG,3147006,Paracatu,Juscelino Kubitschek,juscelino kubitschek,-17.2206838,-46.8652434,brasil_aberto,True
MG,3147006,Paracatu,Jóquei Clube,joquei clube,-17.2250251,-46.8680057,brasil_aberto,True
MG,3147006,Paracatu,Lene Ville,lene ville,-17.2213834,-46.8585399,brasil_aberto,True
MG,3147006,Paracatu,Morada do Sol,morada do sol,-17.2186488,-46.8601911,brasil_aberto,True
MG,3147006,Paracatu,Nossa Senhora Aparecida,nossa senhora aparecida,-17.21334076,-46.87014389,brasil_aberto,True
MG,3147006,Paracatu,Nossa Senhora de Fátima,nossa senhora de fatima,-17.228579,-46.85442,brasil_aberto,True
MG,3147006,Paracatu,Novo Horizonte,novo horizonte,-17.2122577,-46.871773,brasil_aberto,True
MG,3147006,Paracatu,Paracatuzinho,paracatuzinho,-17.23839378,-46.87260818,brasil_aberto,True
MG,3147006,Paracatu,Parque do Príncipe,parque do principe,-17.2232966,-46.89690170000001,brasil_aberto,True
MG,3147006,Paracatu,Prado,prado,-17.2257229,-46.8825938,brasil_aberto,True
MG,3147006,Paracatu,Primavera,primavera,-17.2387701,-46.854993,brasil_aberto,True
MG,3147006,Paracatu,Santa Lúcia,santa lucia,-17.2185718,-46.8811673,brasil_aberto,True
MG,3147006,Paracatu,Santana,santana,-17.2288029,-46.8721003,brasil_aberto,True
MG,3147006,Paracatu,Santo Eduardo,santo eduardo,-17.2163456,-46.8846215,brasil_aberto,True
MG,3147006,Paracatu,Sarah Kubitschek,sarah kubitschek,-17.2339713,-46.8936706,brasil_aberto,True
MG,3147006,Paracatu,Vida Nova,vida nova,,,brasil_aberto,True
MG,3147006,Paracatu,Vila Alvorada,vila alvorada,-19.8335529,-44.0401112,brasil_aberto,True
MG,3147006,Paracatu,Vila Cristiano,vila cristiano,-17.2334938,-46.85080719,brasil_aberto,True
MG,3147006,Paracatu,Vila Cruvinel,vila cruvinel,-17.224204,-46.8801362,brasil_aberto,True
MG,3147006,Paracatu,Vila Ecológica,vila ecologica,-20.0130731,-44.01932,brasil_aberto,True
MG,3147006,Paracatu,Vila Mariana,vila mariana,-17.230751,-46.865595,brasil_aberto,True
MG,3147006,Paracatu,Vila São Calixto,vila sao calixto,-17.2265422,-46.8848422,brasil_aberto,True
MG,3147006,Paracatu,Vista Alegre,vista alegre,-17.2142062,-46.855654,brasil_aberto,True
MG,3147006,Paracatu,Área Rural de Paracatu,area rural de paracatu,-17.2107168,-46.8725086,brasil_aberto,True
MG,3147204,Paraguaçu,Centro,centro,-21.54904938,-45.7367363,brasil_aberto,True
MG,3147204,Paraguaçu,Guaipava,guaipava,-21.66246223,-45.72443771,brasil_aberto,True
MG,3147303,Paraisópolis,Centro,centro,-22.5540138,-45.7799844,brasil_aberto,True
MG,3147303,Paraisópolis,Costas,costas,-22.65900803,-45.91966248,brasil_aberto,True
MG,3147402,Paraopeba,Centro,centro,-19.2762222,-44.4025435,brasil_aberto,True
MG,3147105,Pará de Minas,Ascenção,ascencao,-19.79557037,-44.56525803,brasil_aberto,True
MG,3147105,Pará de Minas,Azambeque,azambeque,-19.8675797,-44.6038651,brasil_aberto,True
MG,3147105,Pará de Minas,Bela Vista,bela vista,-19.8395138,-44.603472,brasil_aberto,True
MG,3147105,Pará de Minas,Belvedere,belvedere,-19.88076019,-44.60626984,brasil_aberto,True
MG,3147105,Pará de Minas,Bom Jesus do Pará,bom jesus do para,-19.7825766,-44.5645713,brasil_aberto,True
MG,3147105,Pará de Minas,Califórnia,california,-19.82659149,-44.61825943,brasil_aberto,True
MG,3147105,Pará de Minas,Carioca,carioca,-19.82235909,-44.7690506,brasil_aberto,True
MG,3147105,Pará de Minas,Centro,centro,-19.86025238,-44.6075058,brasil_aberto,True
MG,3147105,Pará de Minas,Chácaras Dom Bosco,chacaras dom bosco,-19.89243698,-44.58472824,brasil_aberto,True
MG,3147105,Pará de Minas,Conjunto Habitacional São Vicente de Paulo,conjunto habitacional sao vicente de paulo,-19.73420525,-47.98645401,brasil_aberto,True
MG,3147105,Pará de Minas,Coração de Jesus,coracao de jesus,-19.8633107,-44.6106734,brasil_aberto,True
MG,3147105,Pará de Minas,Cores de Minas,cores de minas,,,brasil_aberto,True
MG,3147105,Pará de Minas,Córrego do Barro,corrego do barro,-18.48207664,-41.38996887,brasil_aberto,True
MG,3147105,Pará de Minas,Distrito Industrial Antônio Júlio de Faria,distrito industrial antonio julio de faria,-19.8606257,-44.6055236,brasil_aberto,True
MG,3147105,Pará de Minas,Distrito Industrial Fernando Antônio Almeida,distrito industrial fernando antonio almeida,-19.8461348,-44.6062877,brasil_aberto,True
MG,3147105,Pará de Minas,Dom Bosco,dom bosco,-19.87470627,-44.60298157,brasil_aberto,True
MG,3147105,Pará de Minas,Dos Ipês,dos ipes,-19.8484135,-44.6186262,brasil_aberto,True
MG,3147105,Pará de Minas,Eldorado,eldorado,-19.86501884,-44.57000732,brasil_aberto,True
MG,3147105,Pará de Minas,Esplanada,esplanada,-19.8404549,-44.6196984,brasil_aberto,True
MG,3147105,Pará de Minas,Gorduras,gorduras,-19.8590162,-44.61021,brasil_aberto,True
MG,3147105,Pará de Minas,Grão Pará,grao para,-19.83536911,-44.62654495,brasil_aberto,True
MG,3147105,Pará de Minas,Independência,independencia,-19.8714008,-44.607514,brasil_aberto,True
MG,3147105,Pará de Minas,Irmãos Henriques,irmaos henriques,-19.86243439,-44.58593369,brasil_aberto,True
MG,3147105,Pará de Minas,JK,jk,-19.84332275,-44.62098312,brasil_aberto,True
MG,3147105,Pará de Minas,Jardim América,jardim america,-19.8482151,-44.59972,brasil_aberto,True
MG,3147105,Pará de Minas,Jardim Beatriz,jardim beatriz,-19.87751961,-44.59708786,brasil_aberto,True
MG,3147105,Pará de Minas,Jardim Castelo Branco,jardim castelo branco,-19.8559829,-44.6054822,brasil_aberto,True
MG,3147105,Pará de Minas,Jardim Cores de Minas,jardim cores de minas,-19.8752312,-44.5701752,brasil_aberto,True
MG,3147105,Pará de Minas,Jardim Serra Dourada,jardim serra dourada,-19.83711815,-44.60233307,brasil_aberto,True
MG,3147105,Pará de Minas,Jardim Serra Verde,jardim serra verde,-19.8891201,-44.59778595,brasil_aberto,True
MG,3147105,Pará de Minas,Jardim das Oliveiras,jardim das oliveiras,-19.8539457,-44.586305,brasil_aberto,True
MG,3147105,Pará de Minas,Jardim das Piteiras,jardim das piteiras,-19.8807843,-44.6007793,brasil_aberto,True
MG,3147105,Pará de Minas,Jardim das Piteiras II,jardim das piteiras ii,-19.68058014,-43.8882637,brasil_aberto,True
MG,3147105,Pará de Minas,Jardins,jardins,-19.8590162,-44.61021,brasil_aberto,True
MG,3147105,Pará de Minas,Matinha,matinha,-19.8590162,-44.61021,brasil_aberto,True
MG,3147105,Pará de Minas,Morada Cores de Minas,morada cores de minas,-20.04616928,-44.31884003,brasil_aberto,True
MG,3147105,Pará de Minas,Nossa Senhora das Graças,nossa senhora das gracas,-19.87006378,-44.60302353,brasil_aberto,True
MG,3147105,Pará de Minas,Nossa Senhora de Fátima,nossa senhora de fatima,-19.85313988,-44.61764526,brasil_aberto,True
MG,3147105,Pará de Minas,Nossa Senhora de Lourdes,nossa senhora de lourdes,-19.85682297,-44.61050034,brasil_aberto,True
MG,3147105,Pará de Minas,Novo Horizonte,novo horizonte,-19.8372974,-44.6237671,brasil_aberto,True
MG,3147105,Pará de Minas,Padre Libério,padre liberio,-19.8816068,-44.6132345,brasil_aberto,True
MG,3147105,Pará de Minas,Papa João Paulo II,papa joao paulo ii,-19.79453468,-43.91397476,brasil_aberto,True
MG,3147105,Pará de Minas,Paraíso,paraiso,-19.8763496,-44.6115099,brasil_aberto,True
MG,3147105,Pará de Minas,Patafufo,patafufo,-20.37283516,-40.59236526,brasil_aberto,True
MG,3147105,Pará de Minas,Prefeito Walter Martins Ferreira,prefeito walter martins ferreira,-19.8252047,-44.6004854,brasil_aberto,True
MG,3147105,Pará de Minas,Providência,providencia,-19.86262894,-44.58525848,brasil_aberto,True
MG,3147105,Pará de Minas,Recanto da Lagoa,recanto da lagoa,-19.8731575,-44.57382965,brasil_aberto,True
MG,3147105,Pará de Minas,Redentor,redentor,-19.85048676,-44.60229492,brasil_aberto,True
MG,3147105,Pará de Minas,Residencial Capanema,residencial capanema,-19.8645724,-44.569792,brasil_aberto,True
MG,3147105,Pará de Minas,Residencial Cecília Meireles,residencial cecilia meireles,-19.82865334,-44.59952545,brasil_aberto,True
MG,3147105,Pará de Minas,Residencial Dona Flor,residencial dona flor,-19.86256027,-44.62899017,brasil_aberto,True
MG,3147105,Pará de Minas,Residencial Dona Tunica,residencial dona tunica,-19.86514473,-44.59820938,brasil_aberto,True
MG,3147105,Pará de Minas,Residencial São Luiz,residencial sao luiz,-20.25489044,-46.41759491,brasil_aberto,True
MG,3147105,Pará de Minas,Rodoviário,rodoviario,-19.8691467,-44.60532,brasil_aberto,True
MG,3147105,Pará de Minas,Santa Edwirges,santa edwirges,-19.88095856,-44.57343292,brasil_aberto,True
MG,3147105,Pará de Minas,Santo Antônio,santo antonio,-19.8698357,-44.5939584,brasil_aberto,True
MG,3147105,Pará de Minas,Santos Dumont,santos dumont,-19.83897972,-44.60808945,brasil_aberto,True
MG,3147105,Pará de Minas,Senador Valadares,senador valadares,-19.86187744,-44.58855438,brasil_aberto,True
MG,3147105,Pará de Minas,São Cristóvão,sao cristovao,-19.84902382,-44.60294342,brasil_aberto,True
MG,3147105,Pará de Minas,São Francisco,sao francisco,-19.86488914,-44.59181976,brasil_aberto,True
MG,3147105,Pará de Minas,São José,sao jose,-19.86150169,-44.61038589,brasil_aberto,True
MG,3147105,Pará de Minas,São Luiz,sao luiz,-19.87090683,-44.59545135,brasil_aberto,True
MG,3147105,Pará de Minas,São Paulo,sao paulo,-19.8402513,-44.5983019,brasil_aberto,True
MG,3147105,Pará de Minas,São Pedro,sao pedro,-19.83431816,-44.61795425,brasil_aberto,True
MG,3147105,Pará de Minas,Tavares de Minas,tavares de minas,-19.83989334,-44.61470032,brasil_aberto,True
MG,3147105,Pará de Minas,Torneiros,torneiros,-19.88208199,-44.74251556,brasil_aberto,True
MG,3147105,Pará de Minas,União,uniao,-19.83289337,-44.61615753,brasil_aberto,True
MG,3147105,Pará de Minas,Vila Benvinda,vila benvinda,-19.87942314,-44.59300995,brasil_aberto,True
MG,3147105,Pará de Minas,Vila Ferreira,vila ferreira,-19.8609648,-44.581669,brasil_aberto,True
MG,3147105,Pará de Minas,Vila Maria,vila maria,-19.86975861,-44.59149933,brasil_aberto,True
MG,3147105,Pará de Minas,Vila Raquel,vila raquel,-19.86137009,-44.59767914,brasil_aberto,True
MG,3147105,Pará de Minas,Vila Romualdo Pereira,vila romualdo pereira,-19.876669,-44.6025146,brasil_aberto,True
MG,3147105,Pará de Minas,Vila Sinhô,vila sinho,-19.8700748,-44.6097829,brasil_aberto,True
MG,3147105,Pará de Minas,Vila Vicentina,vila vicentina,-22.56322289,-44.95471954,brasil_aberto,True
MG,3147105,Pará de Minas,Várzea,varzea,-19.8605217,-44.6042728,brasil_aberto,True
MG,3147105,Pará de Minas,Xavier Capanema,xavier capanema,-19.8537939,-44.6156112,brasil_aberto,True
MG,3147105,Pará de Minas,Área Rural de Pará de Minas,area rural de para de minas,-19.8590162,-44.61021,brasil_aberto,True
MG,3147600,Passa Quatro,Centro,centro,-22.3866263,-44.9661746,brasil_aberto,True
MG,3147600,Passa Quatro,Pinheirinhos,pinheirinhos,-22.41710091,-44.98030472,brasil_aberto,True
MG,3147600,Passa Quatro,Pé do Morro,pe do morro,-22.33247566,-44.94033051,brasil_aberto,True
MG,3147600,Passa Quatro,Tronqueiras,tronqueiras,-22.3574743,-44.9520629,brasil_aberto,True
MG,3147709,Passa Tempo,Centro,centro,-20.65055847,-44.49581909,brasil_aberto,True
MG,3147808,Passa Vinte,Centro,centro,-20.5811076,-46.9228511,brasil_aberto,True
MG,3147501,Passabém,Centro,centro,-19.7105197,-44.5577241,brasil_aberto,True
MG,3147907,Passos,Aclimação,aclimacao,-20.75319672,-46.60167313,brasil_aberto,True
MG,3147907,Passos,Bela Vista,bela vista,-20.713506,-46.5994489,brasil_aberto,True
MG,3147907,Passos,Belo Horizonte,belo horizonte,-19.89141464,-44.00285721,brasil_aberto,True
MG,3147907,Passos,COHAB,cohab,-20.7127539,-46.6261921,brasil_aberto,True
MG,3147907,Passos,Califórnia,california,-20.69818878,-46.61983109,brasil_aberto,True
MG,3147907,Passos,Canjeranus,canjeranus,-20.71125221,-46.60557938,brasil_aberto,True
MG,3147907,Passos,Centro,centro,-20.7231118,-46.6034814,brasil_aberto,True
MG,3147907,Passos,Coimbras,coimbras,-20.7077144,-46.6124294,brasil_aberto,True
MG,3147907,Passos,Distrito Industrial,distrito industrial,-20.72374916,-46.5982933,brasil_aberto,True
MG,3147907,Passos,Distrito Industrial II,distrito industrial ii,-20.7333856,-46.6476674,brasil_aberto,True
MG,3147907,Passos,Exposição,exposicao,-20.73379135,-46.6097641,brasil_aberto,True
MG,3147907,Passos,Jardim Centenário,jardim centenario,-20.73628807,-46.60810471,brasil_aberto,True
MG,3147907,Passos,Jardim Colégio de Passos,jardim colegio de passos,-20.7221508,-46.58750153,brasil_aberto,True
MG,3147907,Passos,Jardim Embratel,jardim embratel,-20.73604965,-46.60710144,brasil_aberto,True
MG,3147907,Passos,Jardim Harmonia,jardim harmonia,-20.70429611,-46.59958649,brasil_aberto,True
MG,3147907,Passos,Jardim Satélite,jardim satelite,-20.71374321,-46.61734009,brasil_aberto,True
MG,3147907,Passos,João Paulo II,joao paulo ii,-20.74391365,-46.59411621,brasil_aberto,True
MG,3147907,Passos,Muarama,muarama,-20.7309558,-46.615134,brasil_aberto,True
MG,3147907,Passos,Nossa Senhora Aparecida,nossa senhora aparecida,-20.74473572,-46.609272,brasil_aberto,True
MG,3147907,Passos,Nossa Senhora das Graças,nossa senhora das gracas,-20.7373597,-46.6108183,brasil_aberto,True
MG,3147907,Passos,Penha,penha,-20.72033882,-46.62506866,brasil_aberto,True
MG,3147907,Passos,Polivalente,polivalente,-20.70552063,-46.60428619,brasil_aberto,True
MG,3147907,Passos,Recanto dos Pinheiros,recanto dos pinheiros,,,brasil_aberto,True
MG,3147907,Passos,Residencial Portal das Palmeiras,residencial portal das palmeiras,-20.6990122,-46.610205,brasil_aberto,True
MG,3147907,Passos,Santa Casa,santa casa,-20.71503067,-46.61347198,brasil_aberto,True
MG,3147907,Passos,Santa Luzia,santa luzia,-19.77706718,-43.93689346,brasil_aberto,True
MG,3147907,Passos,São Benedito,sao benedito,-20.7209053,-46.60095978,brasil_aberto,True
MG,3147907,Passos,São Francisco,sao francisco,-20.73013115,-46.62089157,brasil_aberto,True
MG,3147907,Passos,Vila Rica,vila rica,-20.73535538,-46.59716415,brasil_aberto,True
MG,3147907,Passos,Vila Romana,vila romana,-20.7410784,-46.6100897,brasil_aberto,True
MG,3147907,Passos,Vila São José,vila sao jose,-20.70372009,-46.64351273,brasil_aberto,True
MG,3147907,Passos,Área Rural de Passos,area rural de passos,-20.7163791,-46.6042323,brasil_aberto,True
MG,3147956,Patis,Centro,centro,-16.08063889,-44.08213425,brasil_aberto,True
MG,3148004,Patos de Minas,Abner Afonso,abner afonso,-18.5740051,-46.5084406,brasil_aberto,True
MG,3148004,Patos de Minas,Afonso Queiroz,afonso queiroz,-18.5963161,-46.4840835,brasil_aberto,True
MG,3148004,Patos de Minas,Alto Limoeiro,alto limoeiro,-18.5647068,-46.48019791,brasil_aberto,True
MG,3148004,Patos de Minas,Alto da Colina,alto da colina,-18.57307625,-46.49014282,brasil_aberto,True
MG,3148004,Patos de Minas,Alto da Serra,alto da serra,-18.579376,-46.469246,brasil_aberto,True
MG,3148004,Patos de Minas,Alto dos Caiçaras,alto dos caicaras,-18.56789398,-46.51688766,brasil_aberto,True
MG,3148004,Patos de Minas,Alvorada,alvorada,-18.56445122,-46.5239563,brasil_aberto,True
MG,3148004,Patos de Minas,Antônio Caixeta,antonio caixeta,-18.59155655,-46.50802994,brasil_aberto,True
MG,3148004,Patos de Minas,Aquarius,aquarius,-18.5788269,-46.49180222,brasil_aberto,True
MG,3148004,Patos de Minas,Aurélio Caixeta,aurelio caixeta,-18.57518768,-46.50759888,brasil_aberto,True
MG,3148004,Patos de Minas,Bela Vista,bela vista,-18.57259178,-46.50159454,brasil_aberto,True
MG,3148004,Patos de Minas,Belvedere,belvedere,-18.5983195,-46.4925092,brasil_aberto,True
MG,3148004,Patos de Minas,Boa Vista,boa vista,-18.59679985,-46.50675964,brasil_aberto,True
MG,3148004,Patos de Minas,Bom Sucesso de Patos,bom sucesso de patos,-18.59152985,-45.91407013,brasil_aberto,True
MG,3148004,Patos de Minas,Brasil,brasil,-18.5902344,-46.527724,brasil_aberto,True
MG,3148004,Patos de Minas,Caiçaras,caicaras,-18.57225609,-46.51768112,brasil_aberto,True
MG,3148004,Patos de Minas,Campos Elíseos,campos eliseos,-18.6212699,-46.4952655,brasil_aberto,True
MG,3148004,Patos de Minas,Caramuru,caramuru,-18.56546974,-46.5287056,brasil_aberto,True
MG,3148004,Patos de Minas,Centro,centro,-18.58991432,-46.51334763,brasil_aberto,True
MG,3148004,Patos de Minas,Cerrado,cerrado,-18.57442856,-46.5271759,brasil_aberto,True
MG,3148004,Patos de Minas,Chumbo,chumbo,-18.63531113,-46.18643951,brasil_aberto,True
MG,3148004,Patos de Minas,Cidade Jardim,cidade jardim,-18.5930233,-46.50574493,brasil_aberto,True
MG,3148004,Patos de Minas,Cidade Nova,cidade nova,-18.62226105,-46.51396179,brasil_aberto,True
MG,3148004,Patos de Minas,Condomínio Quinta da Mata,condominio quinta da mata,-18.55573082,-46.49582291,brasil_aberto,True
MG,3148004,Patos de Minas,Copacabana,copacabana,-18.58211136,-46.53376007,brasil_aberto,True
MG,3148004,Patos de Minas,Coração Eucarístico,coracao eucaristico,-18.5624584,-46.5439987,brasil_aberto,True
MG,3148004,Patos de Minas,Cristo Redentor,cristo redentor,-18.5814219,-46.5192309,brasil_aberto,True
MG,3148004,Patos de Minas,Cônego Getúlio,conego getulio,-18.59963608,-46.51572037,brasil_aberto,True
MG,3148004,Patos de Minas,Distrito Industrial I,distrito industrial i,-18.6355419,-46.4768516,brasil_aberto,True
MG,3148004,Patos de Minas,Distrito Industrial II,distrito industrial ii,-18.6278801,-46.4763298,brasil_aberto,True
MG,3148004,Patos de Minas,Distrito Industrial III,distrito industrial iii,-19.9724845,-47.8888841,brasil_aberto,True
MG,3148004,Patos de Minas,Eldorado,eldorado,-3.09007502,-60.02108765,brasil_aberto,True
MG,3148004,Patos de Minas,Guanabara,guanabara,-18.5822317,-46.526746,brasil_aberto,True
MG,3148004,Patos de Minas,Ipanema,ipanema,-18.62172127,-46.50909805,brasil_aberto,True
MG,3148004,Patos de Minas,Jardim América,jardim america,-18.58246422,-46.51982117,brasil_aberto,True
MG,3148004,Patos de Minas,Jardim Andrades,jardim andrades,-19.31881523,-46.04570007,brasil_aberto,True
MG,3148004,Patos de Minas,Jardim Califórnia,jardim california,-18.58008194,-46.4851265,brasil_aberto,True
MG,3148004,Patos de Minas,Jardim Centro,jardim centro,-18.5819664,-46.51488495,brasil_aberto,True
MG,3148004,Patos de Minas,Jardim Céu Azul,jardim ceu azul,-18.5624584,-46.5439987,brasil_aberto,True
MG,3148004,Patos de Minas,Jardim Esperança,jardim esperanca,-18.5754383,-46.4826316,brasil_aberto,True
MG,3148004,Patos de Minas,Jardim Floresta,jardim floresta,-18.5801855,-46.5043912,brasil_aberto,True
MG,3148004,Patos de Minas,Jardim Itamarati,jardim itamarati,-18.56166458,-46.52252579,brasil_aberto,True
MG,3148004,Patos de Minas,Jardim Panorâmico,jardim panoramico,-18.60053062,-46.48586273,brasil_aberto,True
MG,3148004,Patos de Minas,Jardim Paraíso,jardim paraiso,-18.58482742,-46.50728607,brasil_aberto,True
MG,3148004,Patos de Minas,Jardim Paulistano,jardim paulistano,-18.6138347,-46.5176785,brasil_aberto,True
MG,3148004,Patos de Minas,Jardim Peluzzo,jardim peluzzo,-18.6117363,-46.50972748,brasil_aberto,True
MG,3148004,Patos de Minas,Jardim Quebec,jardim quebec,-18.5694786,-46.5382973,brasil_aberto,True
MG,3148004,Patos de Minas,Jardim Recanto,jardim recanto,-18.5901758,-46.5020198,brasil_aberto,True
MG,3148004,Patos de Minas,Jardim Vitória,jardim vitoria,-18.5908771,-46.4845081,brasil_aberto,True
MG,3148004,Patos de Minas,Lagoa Grande,lagoa grande,-18.6003287,-46.5201757,brasil_aberto,True
MG,3148004,Patos de Minas,Lagoinha,lagoinha,-18.57893562,-46.51971054,brasil_aberto,True
MG,3148004,Patos de Minas,Major Porto,major porto,-18.70391083,-46.04434967,brasil_aberto,True
MG,3148004,Patos de Minas,Morada da Serra,morada da serra,-18.5953764,-46.4948012,brasil_aberto,True
MG,3148004,Patos de Minas,Morada do Sol,morada do sol,-18.5721981,-46.4849941,brasil_aberto,True
MG,3148004,Patos de Minas,Nossa Senhora Aparecida,nossa senhora aparecida,-18.6013539,-46.5323665,brasil_aberto,True
MG,3148004,Patos de Minas,Nossa Senhora das Graças,nossa senhora das gracas,-18.5737915,-46.52383041,brasil_aberto,True
MG,3148004,Patos de Minas,Nossa Senhora de Fátima,nossa senhora de fatima,-18.5579747,-46.5341267,brasil_aberto,True
MG,3148004,Patos de Minas,Nova Floresta,nova floresta,-18.57576561,-46.4899826,brasil_aberto,True
MG,3148004,Patos de Minas,Novo Horizonte,novo horizonte,-18.58226967,-46.49233627,brasil_aberto,True
MG,3148004,Patos de Minas,Novo Sorriso,novo sorriso,,,brasil_aberto,True
MG,3148004,Patos de Minas,Padre Eustáquio,padre eustaquio,-18.57058907,-46.52880096,brasil_aberto,True
MG,3148004,Patos de Minas,Pilar,pilar,-19.22410393,-43.37986755,brasil_aberto,True
MG,3148004,Patos de Minas,Pindaíbas,pindaibas,-18.66989899,-46.24001312,brasil_aberto,True
MG,3148004,Patos de Minas,Planalto,planalto,-18.63405991,-46.49322891,brasil_aberto,True
MG,3148004,Patos de Minas,Residencial Barreiro,residencial barreiro,-18.55285454,-46.52707672,brasil_aberto,True
MG,3148004,Patos de Minas,Residencial Gramado,residencial gramado,-18.6197671,-46.5025541,brasil_aberto,True
MG,3148004,Patos de Minas,Residencial Monjolo,residencial monjolo,-18.57934761,-46.48693848,brasil_aberto,True
MG,3148004,Patos de Minas,Residencial Sorriso,residencial sorriso,-18.5625782,-46.5332489,brasil_aberto,True
MG,3148004,Patos de Minas,Rosário,rosario,-18.5814219,-46.5192309,brasil_aberto,True
MG,3148004,Patos de Minas,Santa Luzia,santa luzia,-18.5961542,-46.5150252,brasil_aberto,True
MG,3148004,Patos de Minas,Santa Terezinha,santa terezinha,-18.59979248,-46.52363968,brasil_aberto,True
MG,3148004,Patos de Minas,Santana de Patos,santana de patos,-18.83262444,-46.59394073,brasil_aberto,True
MG,3148004,Patos de Minas,Santo Antônio,santo antonio,-18.5877624,-46.5250027,brasil_aberto,True
MG,3148004,Patos de Minas,Sebastião Amorim,sebastiao amorim,-18.5902344,-46.527724,brasil_aberto,True
MG,3148004,Patos de Minas,Sobradinho,sobradinho,-18.58429527,-46.52198029,brasil_aberto,True
MG,3148004,Patos de Minas,São Francisco,sao francisco,-18.58135033,-46.5111618,brasil_aberto,True
MG,3148004,Patos de Minas,Valparaíso,valparaiso,-18.58452225,-46.50096893,brasil_aberto,True
MG,3148004,Patos de Minas,Vila Garcia,vila garcia,-18.5783577,-46.506073,brasil_aberto,True
MG,3148004,Patos de Minas,Vila Operária,vila operaria,,,brasil_aberto,True
MG,3148004,Patos de Minas,Vila Rosa,vila rosa,-18.6116985,-46.5265831,brasil_aberto,True
MG,3148004,Patos de Minas,Várzea,varzea,-18.5951541,-46.5268944,brasil_aberto,True
MG,3148004,Patos de Minas,Área Rural de Patos de Minas,area rural de patos de minas,-18.5961683,-46.5150076,brasil_aberto,True
MG,3148103,Patrocínio,Aeroporto,aeroporto,-18.9294972,-47.2207459,brasil_aberto,True
MG,3148103,Patrocínio,Amir Amaral,amir amaral,-18.9242068,-47.0159513,brasil_aberto,True
MG,3148103,Patrocínio,Belvedere,belvedere,-18.9460485,-47.005866,brasil_aberto,True
MG,3148103,Patrocínio,Boa Esperança,boa esperanca,-18.93726349,-46.98061371,brasil_aberto,True
MG,3148103,Patrocínio,Café Mineiro,cafe mineiro,-18.9183715,-47.0321912,brasil_aberto,True
MG,3148103,Patrocínio,Carajás,carajas,-18.9388998,-46.9704117,brasil_aberto,True
MG,3148103,Patrocínio,Centro,centro,-18.937603,-46.98569107,brasil_aberto,True
MG,3148103,Patrocínio,Cidade Jardim,cidade jardim,-18.9404187,-46.9794304,brasil_aberto,True
MG,3148103,Patrocínio,Congonhas,congonhas,-18.92024422,-47.01288605,brasil_aberto,True
MG,3148103,Patrocínio,Constantino,constantino,-18.937603,-46.98569107,brasil_aberto,True
MG,3148103,Patrocínio,Cruzeiro da Serra,cruzeiro da serra,-18.9162651,-46.9853688,brasil_aberto,True
MG,3148103,Patrocínio,Dona Diva,dona diva,-18.95577049,-46.98800659,brasil_aberto,True
MG,3148103,Patrocínio,Enéas Ferreira de Aguiar,eneas ferreira de aguiar,-18.97154999,-47.00274658,brasil_aberto,True
MG,3148103,Patrocínio,Floresta,floresta,-18.9558576,-46.9604517,brasil_aberto,True
MG,3148103,Patrocínio,Industrial,industrial,-18.9471088,-47.0129483,brasil_aberto,True
MG,3148103,Patrocínio,Jardim Eldorado,jardim eldorado,-18.96280861,-47.01062393,brasil_aberto,True
MG,3148103,Patrocínio,Manoel Nunes,manoel nunes,-18.94348335,-47.01349258,brasil_aberto,True
MG,3148103,Patrocínio,Marciano Brandão,marciano brandao,-18.95157242,-46.99474335,brasil_aberto,True
MG,3148103,Patrocínio,Matinha,matinha,-18.94865036,-47.00488281,brasil_aberto,True
MG,3148103,Patrocínio,Morada Nova,morada nova,-18.9638443,-46.99598694,brasil_aberto,True
MG,3148103,Patrocínio,Morada do Sol,morada do sol,-18.9349575,-46.98143768,brasil_aberto,True
MG,3148103,Patrocínio,Nações,nacoes,-18.92530823,-46.96453094,brasil_aberto,True
MG,3148103,Patrocínio,Nossa Senhora de Fátima,nossa senhora de fatima,-18.9371587,-46.9839762,brasil_aberto,True
MG,3148103,Patrocínio,Olímpio Nunes,olimpio nunes,-18.94865036,-47.00488281,brasil_aberto,True
MG,3148103,Patrocínio,Ouro Preto,ouro preto,-18.9411279,-46.9717567,brasil_aberto,True
MG,3148103,Patrocínio,Padre Eustáquio,padre eustaquio,-18.9715493,-47.0027477,brasil_aberto,True
MG,3148103,Patrocínio,Parque das Águas,parque das aguas,-18.9503156,-46.9715276,brasil_aberto,True
MG,3148103,Patrocínio,Salitre de Minas,salitre de minas,-19.0673606,-46.79700889999999,brasil_aberto,True
MG,3148103,Patrocínio,Santa Luzia dos Barros,santa luzia dos barros,-19.1505146,-47.15108871,brasil_aberto,True
MG,3148103,Patrocínio,Santa Terezinha,santa terezinha,-18.9353487,-46.9992693,brasil_aberto,True
MG,3148103,Patrocínio,Santo Antônio,santo antonio,-18.95258331,-46.99617767,brasil_aberto,True
MG,3148103,Patrocínio,Serra Negra,serra negra,-18.9211378,-46.9591195,brasil_aberto,True
MG,3148103,Patrocínio,Silvano,silvano,-18.84568596,-47.19180298,brasil_aberto,True
MG,3148103,Patrocínio,São Benedito,sao benedito,-18.9304328,-47.0011,brasil_aberto,True
MG,3148103,Patrocínio,São Cristóvão,sao cristovao,-18.937603,-46.98569107,brasil_aberto,True
MG,3148103,Patrocínio,São Francisco,sao francisco,-19.86286545,-44.58969879,brasil_aberto,True
MG,3148103,Patrocínio,São João da Serra Negra,sao joao da serra negra,-18.8368243,-46.82646039999999,brasil_aberto,True
MG,3148103,Patrocínio,São Judas,sao judas,-18.9405561,-46.9922725,brasil_aberto,True
MG,3148103,Patrocínio,São Lucas,sao lucas,-18.9508314,-46.9793664,brasil_aberto,True
MG,3148103,Patrocínio,São Vicente,sao vicente,-18.9537725,-46.9887843,brasil_aberto,True
MG,3148103,Patrocínio,Universitário,universitario,-18.9562558,-46.9831625,brasil_aberto,True
MG,3148103,Patrocínio,Área Rural de Patrocínio,area rural de patrocinio,-18.9380278,-46.99425110000001,brasil_aberto,True
MG,3148202,Patrocínio do Muriaé,Centro,centro,-21.131464,-42.36394119,brasil_aberto,True
MG,3148301,Paula Cândido,Centro,centro,-20.8741038,-42.9780691,brasil_aberto,True
MG,3148400,Paulistas,Centro,centro,-19.93251801,-43.93878174,brasil_aberto,True
MG,3148509,Pavão,Centro,centro,-18.91824532,-48.28245926,brasil_aberto,True
MG,3148509,Pavão,Limeira,limeira,-17.4670131,-41.1313561,brasil_aberto,True
MG,3148707,Pedra Azul,Araçaji de Minas,aracaji de minas,-15.8443205,-41.0968652,brasil_aberto,True
MG,3148707,Pedra Azul,Centro,centro,-16.0051815,-41.2822472,brasil_aberto,True
MG,3148756,Pedra Bonita,Centro,centro,-20.52199745,-42.32928848,brasil_aberto,True
MG,3149002,Pedra Dourada,Centro,centro,-22.229865,-45.9336873,brasil_aberto,True
MG,3148806,Pedra do Anta,Centro,centro,-20.596928,-42.7148577,brasil_aberto,True
MG,3148905,Pedra do Indaiá,Centro,centro,-20.2551485,-45.2091453,brasil_aberto,True
MG,3149101,Pedralva,Centro,centro,-22.24671555,-45.46704102,brasil_aberto,True
MG,3149150,Pedras de Maria da Cruz,Centro,centro,-15.6143122,-44.38455709999999,brasil_aberto,True
MG,3149150,Pedras de Maria da Cruz,São Pedro das Tabocas,sao pedro das tabocas,-15.6625061,-44.32717896,brasil_aberto,True
MG,3149200,Pedrinópolis,Centro,centro,-19.22584152,-47.46224213,brasil_aberto,True
MG,3149309,Pedro Leopoldo,Adelia Issa,adelia issa,,,brasil_aberto,True
MG,3149309,Pedro Leopoldo,Cachoeira Grande,cachoeira grande,-19.6231792,-44.0434915,brasil_aberto,True
MG,3149309,Pedro Leopoldo,Campinho,campinho,-19.6059651,-44.0358482,brasil_aberto,True
MG,3149309,Pedro Leopoldo,Centro,centro,-19.6192945,-44.0447948,brasil_aberto,True
MG,3149309,Pedro Leopoldo,Conjunto Habitacional Marieta Batista Sales,conjunto habitacional marieta batista sales,,,brasil_aberto,True
MG,3149309,Pedro Leopoldo,Distrito Lagoa Santo Antônio,distrito lagoa santo antonio,,,brasil_aberto,True
MG,3149309,Pedro Leopoldo,Dom Camilo,dom camilo,-19.5849677,-44.0320607,brasil_aberto,True
MG,3149309,Pedro Leopoldo,Doutor Lund,doutor lund,-19.6462554,-44.0079905,brasil_aberto,True
MG,3149309,Pedro Leopoldo,Felipe Cláudio de Sales,felipe claudio de sales,-19.5899349,-44.0311731,brasil_aberto,True
MG,3149309,Pedro Leopoldo,Fidalgo,fidalgo,-19.529351,-43.966998,brasil_aberto,True
MG,3149309,Pedro Leopoldo,Hibiscos,hibiscos,-19.5946637,-44.0279218,brasil_aberto,True
MG,3149309,Pedro Leopoldo,Maria Cândida,maria candida,-19.6135298,-44.0352393,brasil_aberto,True
MG,3149309,Pedro Leopoldo,Morada dos Angicos,morada dos angicos,-19.5657445,-44.0362257,brasil_aberto,True
MG,3149309,Pedro Leopoldo,Novo Campinho,novo campinho,-19.5972022,-44.0419877,brasil_aberto,True
MG,3149309,Pedro Leopoldo,Olaria,olaria,-19.6337651,-44.0477025,brasil_aberto,True
MG,3149309,Pedro Leopoldo,Parque Agenor Teixeira,parque agenor teixeira,,,brasil_aberto,True
MG,3149309,Pedro Leopoldo,Parque Andiara,parque andiara,,,brasil_aberto,True
MG,3149309,Pedro Leopoldo,Parque Jardim Soli,parque jardim soli,,,brasil_aberto,True
MG,3149309,Pedro Leopoldo,Parque Residencial Sonia Teixeira Romanelli,parque residencial sonia teixeira romanelli,,,brasil_aberto,True
MG,3149309,Pedro Leopoldo,Parque Roberto Belizário,parque roberto belizario,-19.6226174,-44.0496538,brasil_aberto,True
MG,3149309,Pedro Leopoldo,Portal das Acácias,portal das acacias,,,brasil_aberto,True
MG,3149309,Pedro Leopoldo,Quinta do Sumidouro (Fidalgo),quinta do sumidouro (fidalgo),-19.5337863,-43.9414505,brasil_aberto,True
MG,3149309,Pedro Leopoldo,Santa Maria,santa maria,,,brasil_aberto,True
MG,3149309,Pedro Leopoldo,Santa Tereza,santa tereza,-19.5787249,-44.0365321,brasil_aberto,True
MG,3149309,Pedro Leopoldo,Santo Antônio,santo antonio,-19.634777,-44.0339974,brasil_aberto,True
MG,3149309,Pedro Leopoldo,Santo Antônio da Barra,santo antonio da barra,-19.6495375,-44.0561566,brasil_aberto,True
MG,3149309,Pedro Leopoldo,Saquarema,saquarema,,,brasil_aberto,True
MG,3149309,Pedro Leopoldo,São José,sao jose,-19.6307085,-44.0340026,brasil_aberto,True
MG,3149309,Pedro Leopoldo,Teotônio Batista de Freitas,teotonio batista de freitas,-19.588914,-44.0405769,brasil_aberto,True
MG,3149309,Pedro Leopoldo,Triângulo,triangulo,-19.6197401,-44.0492297,brasil_aberto,True
MG,3149309,Pedro Leopoldo,Vera Cruz de Minas,vera cruz de minas,-19.697627,-44.053452,brasil_aberto,True
MG,3149309,Pedro Leopoldo,Vesper Triângulo,vesper triangulo,-19.6189963,-44.053319,brasil_aberto,True
MG,3149408,Pedro Teixeira,Centro,centro,-21.7051241,-43.7440352,brasil_aberto,True
MG,3149507,Pequeri,Centro,centro,-21.83559608,-43.12007141,brasil_aberto,True
MG,3149606,Pequi,Centro,centro,-19.6299302,-44.66180670000001,brasil_aberto,True
MG,3149705,Perdigão,Centro,centro,-19.95324326,-45.08323669,brasil_aberto,True
MG,3149804,Perdizes,Centro,centro,-19.35229683,-47.29475021,brasil_aberto,True
MG,3149903,Perdões,Centro,centro,-21.0975113,-45.0889903,brasil_aberto,True
MG,3149952,Periquito,Centro,centro,-19.91736412,-43.93587112,brasil_aberto,True
MG,3149952,Periquito,Serraria,serraria,-19.0627176,-42.2073299,brasil_aberto,True
MG,3149952,Periquito,São Sebastião do Baixio,sao sebastiao do baixio,-19.0984726,-42.28329086,brasil_aberto,True
MG,3150000,Pescador,Centro,centro,-18.35661125,-41.59680176,brasil_aberto,True
MG,3148608,Peçanha,Centro,centro,-18.5488118,-42.558222,brasil_aberto,True
MG,3148608,Peçanha,Santa Rita,santa rita,-19.87576485,-42.13170242,brasil_aberto,True
MG,3148608,Peçanha,Santa Teresa do Bonito,santa teresa do bonito,-18.38555336,-42.47802353,brasil_aberto,True
MG,3150109,Piau,Centro,centro,-19.91551208,-43.92841339,brasil_aberto,True
MG,3150158,Piedade de Caratinga,Centro,centro,-19.75950241,-42.07638168,brasil_aberto,True
MG,3150208,Piedade de Ponte Nova,Centro,centro,-20.2455674,-42.7342709,brasil_aberto,True
MG,3150307,Piedade do Rio Grande,Centro,centro,-21.4683028,-44.1932793,brasil_aberto,True
MG,3150307,Piedade do Rio Grande,Jardim da Piedade,jardim da piedade,-21.4662772,-44.1926342,brasil_aberto,True
MG,3150307,Piedade do Rio Grande,Paraíso da Piedade,paraiso da piedade,-21.41175,-44.1596142,brasil_aberto,True
MG,3150307,Piedade do Rio Grande,Santo Antônio do Porto,santo antonio do porto,-21.5245475,-44.2005871,brasil_aberto,True
MG,3150406,Piedade dos Gerais,Centro,centro,-20.47185898,-44.22534943,brasil_aberto,True
MG,3150505,Pimenta,Centro,centro,-20.48008156,-45.80116653,brasil_aberto,True
MG,3150505,Pimenta,Santo Hilário,santo hilario,-20.66465759,-45.83710861,brasil_aberto,True
MG,3150539,Pingo-d'Água,Centro,centro,-19.9801735,-44.2385178,brasil_aberto,True
MG,3150570,Pintópolis,Centro,centro,-16.056941,-45.145599,brasil_aberto,True
MG,3150570,Pintópolis,Vila Acari,vila acari,-15.95986748,-45.33694458,brasil_aberto,True
MG,3150604,Piracema,Centro,centro,-20.50889397,-44.48062134,brasil_aberto,True
MG,3150703,Pirajuba,Centro,centro,-19.90681076,-48.69920731,brasil_aberto,True
MG,3150802,Piranga,Centro,centro,-20.68541527,-43.30101013,brasil_aberto,True
MG,3150802,Piranga,Pinheiros Altos,pinheiros altos,-20.5669782,-43.2435113,brasil_aberto,True
MG,3150802,Piranga,Santo Antônio do Pirapetinga,santo antonio do pirapetinga,-20.60797882,-43.33230972,brasil_aberto,True
MG,3151008,Piranguinho,Centro,centro,-22.4048119,-45.53460399999999,brasil_aberto,True
MG,3151008,Piranguinho,Olegário Maciel,olegario maciel,-22.32373238,-45.58241272,brasil_aberto,True
MG,3150901,Piranguçu,Centro,centro,-22.5269669,-45.4976418,brasil_aberto,True
MG,3151107,Pirapetinga,Caiapó,caiapo,-21.69122314,-42.41977692,brasil_aberto,True
MG,3151107,Pirapetinga,Centro,centro,-21.6576156,-42.3448886,brasil_aberto,True
MG,3151107,Pirapetinga,Valão Quente,valao quente,-21.7086844,-42.3380495,brasil_aberto,True
MG,3151206,Pirapora,Aparecida,aparecida,-17.3487063,-44.9466273,brasil_aberto,True
MG,3151206,Pirapora,Bom Jesus,bom jesus,-17.36432457,-44.9421196,brasil_aberto,True
MG,3151206,Pirapora,Centro,centro,-17.3686188,-44.9305301,brasil_aberto,True
MG,3151206,Pirapora,Cidade Jardim,cidade jardim,-17.35491562,-44.9212532,brasil_aberto,True
MG,3151206,Pirapora,Cidade Jardim Mansões,cidade jardim mansoes,-17.3565962,-44.9091848,brasil_aberto,True
MG,3151206,Pirapora,Cinquentenário,cinquentenario,-17.33346176,-44.93669128,brasil_aberto,True
MG,3151206,Pirapora,Cícero Passos,cicero passos,-17.331316,-44.923557,brasil_aberto,True
MG,3151206,Pirapora,Distrito Industrial,distrito industrial,-17.3211677,-44.9281834,brasil_aberto,True
MG,3151206,Pirapora,Industrial,industrial,-17.3314902,-44.9373375,brasil_aberto,True
MG,3151206,Pirapora,Jardim Primavera,jardim primavera,-19.47455597,-42.64372253,brasil_aberto,True
MG,3151206,Pirapora,Morada do Sol,morada do sol,-19.93897629,-43.92618942,brasil_aberto,True
MG,3151206,Pirapora,Nossa Senhora de Fátima,nossa senhora de fatima,-17.33056831,-44.93791199,brasil_aberto,True
MG,3151206,Pirapora,Nossa Senhora do Rosário,nossa senhora do rosario,-17.31682777,-44.90357971,brasil_aberto,True
MG,3151206,Pirapora,Nova Pirapora,nova pirapora,-17.33424377,-44.91949844,brasil_aberto,True
MG,3151206,Pirapora,Residencial Chácara Muniz,residencial chacara muniz,-17.3276151,-44.9206781,brasil_aberto,True
MG,3151206,Pirapora,Residencial Porto Bello,residencial porto bello,-17.35414124,-44.9009819,brasil_aberto,True
MG,3151206,Pirapora,Residencial Shekinah,residencial shekinah,-17.3487063,-44.9466273,brasil_aberto,True
MG,3151206,Pirapora,Sagrada Família,sagrada familia,-17.3712221,-44.939169,brasil_aberto,True
MG,3151206,Pirapora,Santa Mariana,santa mariana,-17.32102776,-44.91666031,brasil_aberto,True
MG,3151206,Pirapora,Santo Antônio,santo antonio,-17.34561539,-44.94881821,brasil_aberto,True
MG,3151206,Pirapora,Santos Dumont,santos dumont,-17.34283447,-44.93035126,brasil_aberto,True
MG,3151206,Pirapora,São Francisco,sao francisco,-17.32855034,-44.93970871,brasil_aberto,True
MG,3151206,Pirapora,São Geraldo,sao geraldo,-17.3153665,-44.9009799,brasil_aberto,True
MG,3151206,Pirapora,São João Batista,sao joao batista,-17.34619713,-44.93055725,brasil_aberto,True
MG,3151206,Pirapora,Área Rural de Pirapora,area rural de pirapora,-17.3487063,-44.9466273,brasil_aberto,True
MG,3151305,Piraúba,Centro,centro,-21.27295685,-43.02478409,brasil_aberto,True
MG,3151404,Pitangui,Brumado de Pitangui,brumado de pitangui,-19.7156719,-44.8592484,brasil_aberto,True
MG,3151404,Pitangui,Campo Grande,campo grande,-19.608961,-44.928118,brasil_aberto,True
MG,3151404,Pitangui,Centro,centro,-19.68374634,-44.89206696,brasil_aberto,True
MG,3151503,Piumhi,Centro,centro,-20.4504076,-45.9208685,brasil_aberto,True
MG,3151602,Planura,Centro,centro,-20.13965607,-48.70108795,brasil_aberto,True
MG,3151909,Pocrane,Assaraí,assarai,-19.59518814,-41.45977783,brasil_aberto,True
MG,3151909,Pocrane,Barra da Figueira,barra da figueira,-19.59955025,-41.55775833,brasil_aberto,True
MG,3151909,Pocrane,Centro,centro,-19.45959091,-42.55347443,brasil_aberto,True
MG,3152006,Pompéu,Centro,centro,-19.2169297,-45.0026068,brasil_aberto,True
MG,3152006,Pompéu,Silva Campos,silva campos,-19.08594322,-44.94836044,brasil_aberto,True
MG,3152105,Ponte Nova,Alto da Boa Vista,alto da boa vista,-20.40791893,-42.88880157,brasil_aberto,True
MG,3152105,Ponte Nova,Ana Florência,ana florencia,-20.3675808,-42.8415238,brasil_aberto,True
MG,3152105,Ponte Nova,Antar Ville,antar ville,-20.40804482,-42.88753891,brasil_aberto,True
MG,3152105,Ponte Nova,Bom Pastor,bom pastor,-20.41864586,-42.8926239,brasil_aberto,True
MG,3152105,Ponte Nova,Centro,centro,-20.4150753,-42.9007225,brasil_aberto,True
MG,3152105,Ponte Nova,Chácara das Flores,chacara das flores,-20.3773649,-42.9062236,brasil_aberto,True
MG,3152105,Ponte Nova,Cidade Nova,cidade nova,-20.3988018,-42.90025711,brasil_aberto,True
MG,3152105,Ponte Nova,Copacabana,copacabana,-19.51277733,-42.6310997,brasil_aberto,True
MG,3152105,Ponte Nova,Esplanada,esplanada,-20.41666794,-42.91541672,brasil_aberto,True
MG,3152105,Ponte Nova,Fortaleza,fortaleza,-20.39716721,-42.90135574,brasil_aberto,True
MG,3152105,Ponte Nova,Fátima,fatima,-20.4134922,-42.8899498,brasil_aberto,True
MG,3152105,Ponte Nova,Guarapiranga,guarapiranga,-20.40655327,-42.8910675,brasil_aberto,True
MG,3152105,Ponte Nova,Ipanema,ipanema,-20.42149734,-42.91506577,brasil_aberto,True
MG,3152105,Ponte Nova,Jardim,jardim,-20.4026677,-42.8866023,brasil_aberto,True
MG,3152105,Ponte Nova,Nossa Senhora Auxiliadora,nossa senhora auxiliadora,-20.40950775,-42.8904953,brasil_aberto,True
MG,3152105,Ponte Nova,Nova Almeida,nova almeida,-20.41408348,-42.89686584,brasil_aberto,True
MG,3152105,Ponte Nova,Nova Copacabana,nova copacabana,-20.42370033,-42.91465759,brasil_aberto,True
MG,3152105,Ponte Nova,Nova Suíça,nova suica,,,brasil_aberto,True
MG,3152105,Ponte Nova,Novo Horizonte,novo horizonte,-20.417719,-42.8838276,brasil_aberto,True
MG,3152105,Ponte Nova,Palmeiras,palmeiras,-20.41041374,-42.89377594,brasil_aberto,True
MG,3152105,Ponte Nova,Paraíso,paraiso,-20.39861298,-42.87947083,brasil_aberto,True
MG,3152105,Ponte Nova,Progresso,progresso,-20.21097946,-40.2742691,brasil_aberto,True
MG,3152105,Ponte Nova,Rasa,rasa,-20.38063049,-42.90517426,brasil_aberto,True
MG,3152105,Ponte Nova,Residencial Triângulo Verde,residencial triangulo verde,-20.3917768,-42.9058009,brasil_aberto,True
MG,3152105,Ponte Nova,Rosário do Pontal,rosario do pontal,-20.3321983,-42.932476,brasil_aberto,True
MG,3152105,Ponte Nova,Sagrado Coração de Jesus,sagrado coracao de jesus,-20.40985298,-42.92115402,brasil_aberto,True
MG,3152105,Ponte Nova,Santa Teresa,santa teresa,-20.41772461,-42.90124512,brasil_aberto,True
MG,3152105,Ponte Nova,Santo Antônio I,santo antonio i,-20.40434265,-42.89398575,brasil_aberto,True
MG,3152105,Ponte Nova,Santo Antônio II,santo antonio ii,-20.42342186,-42.90414429,brasil_aberto,True
MG,3152105,Ponte Nova,Sumaré,sumare,-20.41871071,-42.90416718,brasil_aberto,True
MG,3152105,Ponte Nova,São Geraldo,sao geraldo,-20.41853333,-42.92208862,brasil_aberto,True
MG,3152105,Ponte Nova,São Judas Tadeu,sao judas tadeu,-20.40394974,-42.90571213,brasil_aberto,True
MG,3152105,Ponte Nova,São Pedro,sao pedro,-20.4168663,-42.88761902,brasil_aberto,True
MG,3152105,Ponte Nova,Triângulo,triangulo,-20.3975534,-42.8756653,brasil_aberto,True
MG,3152105,Ponte Nova,Triângulo Novo,triangulo novo,-20.40480995,-42.90494919,brasil_aberto,True
MG,3152105,Ponte Nova,Vale Verde,vale verde,-20.40553856,-42.88502884,brasil_aberto,True
MG,3152105,Ponte Nova,Vale do Ipê,vale do ipe,-20.40130806,-42.89580154,brasil_aberto,True
MG,3152105,Ponte Nova,Vale do Sereno,vale do sereno,-20.3987318,-42.8923871,brasil_aberto,True
MG,3152105,Ponte Nova,Vau Açú,vau acu,-20.5170454,-42.9210964,brasil_aberto,True
MG,3152105,Ponte Nova,Vau-Açu,vau-acu,-20.52228928,-42.89907074,brasil_aberto,True
MG,3152105,Ponte Nova,Vila Alvarenga,vila alvarenga,-20.41362953,-42.91210175,brasil_aberto,True
MG,3152105,Ponte Nova,Vila Oliveira,vila oliveira,-20.41570282,-42.89930725,brasil_aberto,True
MG,3152105,Ponte Nova,Área Rural de Ponte Nova,area rural de ponte nova,-20.4091049,-42.8945074,brasil_aberto,True
MG,3152131,Ponto Chique,Centro,centro,-16.6331774,-45.0632298,brasil_aberto,True
MG,3152170,Ponto dos Volantes,Centro,centro,-16.752704,-41.5036115,brasil_aberto,True
MG,3152170,Ponto dos Volantes,Santana do Araçuaí,santana do aracuai,-16.7601148,-41.4069955,brasil_aberto,True
MG,3152204,Porteirinha,Centro,centro,-15.7429285,-43.02681351,brasil_aberto,True
MG,3152204,Porteirinha,Gorutuba,gorutuba,-15.83586407,-43.18500137,brasil_aberto,True
MG,3152204,Porteirinha,Mocambinho,mocambinho,-15.8532281,-43.061991,brasil_aberto,True
MG,3152204,Porteirinha,Mulungu de Minas,mulungu de minas,-15.7053698,-43.0874599,brasil_aberto,True
MG,3152204,Porteirinha,Paciência,paciencia,-15.82494736,-43.06295013,brasil_aberto,True
MG,3152204,Porteirinha,Serra Branca de Minas,serra branca de minas,-15.6390067,-42.9521551,brasil_aberto,True
MG,3152204,Porteirinha,Tocandira,tocandira,-15.6637929,-43.1791893,brasil_aberto,True
MG,3152303,Porto Firme,Centro,centro,-20.67199898,-43.0887413,brasil_aberto,True
MG,3152303,Porto Firme,Vinte Alqueires,vinte alqueires,-20.58897209,-43.16042328,brasil_aberto,True
MG,3152402,Poté,Centro,centro,-17.80617714,-41.78899765,brasil_aberto,True
MG,3152402,Poté,Sucanga,sucanga,-17.7822973,-41.6989728,brasil_aberto,True
MG,3152402,Poté,Valão,valao,-17.81952667,-41.64902115,brasil_aberto,True
MG,3152501,Pouso Alegre,Aeroporto,aeroporto,-22.277493,-45.9187872,brasil_aberto,True
MG,3152501,Pouso Alegre,Aeroporto Jatobá,aeroporto jatoba,-22.2820045,-45.9123248,brasil_aberto,True
MG,3152501,Pouso Alegre,Aeroporto Jatobá II,aeroporto jatoba ii,-22.2759758,-45.90782,brasil_aberto,True
MG,3152501,Pouso Alegre,Afonsos,afonsos,-22.16552162,-45.93620682,brasil_aberto,True
MG,3152501,Pouso Alegre,Ala I,ala i,-22.214663,-45.9119851,brasil_aberto,True
MG,3152501,Pouso Alegre,Alberto de Barros Cobra,alberto de barros cobra,-22.22673988,-45.9274025,brasil_aberto,True
MG,3152501,Pouso Alegre,Alfredo Custódio de Paula,alfredo custodio de paula,-22.2204769,-45.929859,brasil_aberto,True
MG,3152501,Pouso Alegre,Algodão,algodao,-22.24270821,-45.88186264,brasil_aberto,True
MG,3152501,Pouso Alegre,Altaville,altaville,-22.21671867,-45.93498993,brasil_aberto,True
MG,3152501,Pouso Alegre,Alto Ibirá,alto ibira,-22.221138,-45.9492463,brasil_aberto,True
MG,3152501,Pouso Alegre,Alto das Cruzes,alto das cruzes,-22.2484907,-45.9311081,brasil_aberto,True
MG,3152501,Pouso Alegre,Antônio José Machado,antonio jose machado,-22.22809601,-45.94033051,brasil_aberto,True
MG,3152501,Pouso Alegre,Aristeu da Costa Rios,aristeu da costa rios,-22.2502745,-45.9308876,brasil_aberto,True
MG,3152501,Pouso Alegre,Aristeu da Costa Rios III,aristeu da costa rios iii,-22.24853706,-45.93226624,brasil_aberto,True
MG,3152501,Pouso Alegre,Aristeu da Costa Rios IV,aristeu da costa rios iv,-22.24853706,-45.93226624,brasil_aberto,True
MG,3152501,Pouso Alegre,Bairro de Fátima,bairro de fatima,-22.22636986,-45.91356659,brasil_aberto,True
MG,3152501,Pouso Alegre,Bela Itália,bela italia,-22.20423508,-45.90034485,brasil_aberto,True
MG,3152501,Pouso Alegre,Bela Vista,bela vista,-22.27749252,-45.91878891,brasil_aberto,True
MG,3152501,Pouso Alegre,Belo Horizonte,belo horizonte,-19.99720383,-43.84906387,brasil_aberto,True
MG,3152501,Pouso Alegre,Benedito de Paiva Rosa,benedito de paiva rosa,-22.2294714,-45.9275077,brasil_aberto,True
MG,3152501,Pouso Alegre,Boa Vista,boa vista,-22.2188779,-45.9378494,brasil_aberto,True
MG,3152501,Pouso Alegre,Buritis,buritis,-22.2133333,-45.9506254,brasil_aberto,True
MG,3152501,Pouso Alegre,Caiçara,caicara,-22.23774338,-45.87137985,brasil_aberto,True
MG,3152501,Pouso Alegre,Cantagalo,cantagalo,-22.25525856,-45.82827377,brasil_aberto,True
MG,3152501,Pouso Alegre,Cascalho,cascalho,-28.80745506,-49.40146637,brasil_aberto,True
MG,3152501,Pouso Alegre,Caxinguelê,caxinguele,-22.2675705,-45.93890381,brasil_aberto,True
MG,3152501,Pouso Alegre,Centro,centro,-22.23005486,-45.93974686,brasil_aberto,True
MG,3152501,Pouso Alegre,Cervo,cervo,-22.157142,-45.934393,brasil_aberto,True
MG,3152501,Pouso Alegre,Chaves,chaves,-22.2547165,-45.9352886,brasil_aberto,True
MG,3152501,Pouso Alegre,Chiarini,chiarini,-22.2101509,-45.9032687,brasil_aberto,True
MG,3152501,Pouso Alegre,Chácara Primavera I,chacara primavera i,-22.22247887,-45.93791199,brasil_aberto,True
MG,3152501,Pouso Alegre,Chácara Primavera II,chacara primavera ii,-22.20340538,-45.94711304,brasil_aberto,True
MG,3152501,Pouso Alegre,Chácara São Joaquim,chacara sao joaquim,-22.2156009,-45.9380193,brasil_aberto,True
MG,3152501,Pouso Alegre,Cidade Jardim,cidade jardim,-22.23878098,-45.86655045,brasil_aberto,True
MG,3152501,Pouso Alegre,Cidade Vergani,cidade vergani,-22.27074051,-45.94839859,brasil_aberto,True
MG,3152501,Pouso Alegre,Colina Verde,colina verde,-22.29174805,-45.91677856,brasil_aberto,True
MG,3152501,Pouso Alegre,Colina dos Bandeirantes,colina dos bandeirantes,-22.31440926,-45.90063095,brasil_aberto,True
MG,3152501,Pouso Alegre,Colinas de Santa Bárbara,colinas de santa barbara,-22.22727013,-45.94717407,brasil_aberto,True
MG,3152501,Pouso Alegre,Comunidade São Judas Tadeu,comunidade sao judas tadeu,-22.2018021,-45.9451017,brasil_aberto,True
MG,3152501,Pouso Alegre,Condomínio Residencial Aline,condominio residencial aline,-22.2593974,-45.9252929,brasil_aberto,True
MG,3152501,Pouso Alegre,Condomínio Residencial Vila Rica I,condominio residencial vila rica i,-19.96959305,-43.97001266,brasil_aberto,True
MG,3152501,Pouso Alegre,Condomínio Residencial Vila Rica II,condominio residencial vila rica ii,-19.96959305,-43.97001266,brasil_aberto,True
MG,3152501,Pouso Alegre,Conjunto Habitacional Doutor Custódio Ribeiro de Miranda,conjunto habitacional doutor custodio ribeiro de miranda,-22.22149658,-45.92523956,brasil_aberto,True
MG,3152501,Pouso Alegre,Conjunto Habitacional Doutor Custódio Ribeiro de Miranda II,conjunto habitacional doutor custodio ribeiro de miranda ii,-22.22149658,-45.92523956,brasil_aberto,True
MG,3152501,Pouso Alegre,Conjunto Habitacional Inconfidentes,conjunto habitacional inconfidentes,-22.275848,-45.9173249,brasil_aberto,True
MG,3152501,Pouso Alegre,Conjunto Habitacional Inconfidentes I,conjunto habitacional inconfidentes i,-22.275848,-45.9173249,brasil_aberto,True
MG,3152501,Pouso Alegre,Conjunto Habitacional Inconfidentes II,conjunto habitacional inconfidentes ii,-22.2743669,-45.9196949,brasil_aberto,True
MG,3152501,Pouso Alegre,Conjunto Habitacional João Batista Pereira Beraldo,conjunto habitacional joao batista pereira beraldo,-22.23994827,-45.88576889,brasil_aberto,True
MG,3152501,Pouso Alegre,Conjunto Habitacional Prefeito Jorge Antônio Andere,conjunto habitacional prefeito jorge antonio andere,-22.277493,-45.9187872,brasil_aberto,True
MG,3152501,Pouso Alegre,Conjunto Residencial Santa Lúcia,conjunto residencial santa lucia,-22.2303727,-45.927756,brasil_aberto,True
MG,3152501,Pouso Alegre,Conjunto Santa Lúcia II,conjunto santa lucia ii,-22.23194313,-45.92441559,brasil_aberto,True
MG,3152501,Pouso Alegre,Coronel Evaristo Azevedo Junqueira,coronel evaristo azevedo junqueira,-22.2353548,-45.936976,brasil_aberto,True
MG,3152501,Pouso Alegre,Cruz Alta,cruz alta,-22.38968277,-45.95444489,brasil_aberto,True
MG,3152501,Pouso Alegre,Cruzeiro do Sul,cruzeiro do sul,-22.22288704,-45.92359924,brasil_aberto,True
MG,3152501,Pouso Alegre,Desmembramento Aristeu Costa Rios/Paraíso,desmembramento aristeu costa rios/paraiso,-22.2553803,-45.9348718,brasil_aberto,True
MG,3152501,Pouso Alegre,Desmembramento Carlos Chiarini II,desmembramento carlos chiarini ii,-22.203614,-45.9053122,brasil_aberto,True
MG,3152501,Pouso Alegre,Desmembramento Ipiranga/Caiçara,desmembramento ipiranga/caicara,-22.2410625,-45.8702934,brasil_aberto,True
MG,3152501,Pouso Alegre,Desmembramento Luiz Araújo Reis,desmembramento luiz araujo reis,-22.2226868,-45.9358938,brasil_aberto,True
MG,3152501,Pouso Alegre,Desmembramento Manoel Augusto Machado,desmembramento manoel augusto machado,-22.236649,-45.9457038,brasil_aberto,True
MG,3152501,Pouso Alegre,Desmembramento Maria Guimarães Franco Rios,desmembramento maria guimaraes franco rios,-22.2478989,-45.9330882,brasil_aberto,True
MG,3152501,Pouso Alegre,Desmembramento Maria José Silva Braga,desmembramento maria jose silva braga,-22.277493,-45.9187872,brasil_aberto,True
MG,3152501,Pouso Alegre,Desmembramento Murilo Gattini,desmembramento murilo gattini,-22.277493,-45.9187872,brasil_aberto,True
MG,3152501,Pouso Alegre,Desmembramento Nicolau Laraia,desmembramento nicolau laraia,-22.23184967,-45.92448807,brasil_aberto,True
MG,3152501,Pouso Alegre,Desmembramento Parque Ibirá III,desmembramento parque ibira iii,-22.21714211,-45.95037842,brasil_aberto,True
MG,3152501,Pouso Alegre,Desmembramento Vila Maria,desmembramento vila maria,-22.1746163,-45.9112178,brasil_aberto,True
MG,3152501,Pouso Alegre,Desmembramento Élio Rodolfo da Rosa,desmembramento elio rodolfo da rosa,-22.2158844,-45.9350491,brasil_aberto,True
MG,3152501,Pouso Alegre,Dindinha,dindinha,-22.2175901,-45.9450283,brasil_aberto,True
MG,3152501,Pouso Alegre,Distrito Industrial (CDI),distrito industrial (cdi),-19.96528816,-44.01483154,brasil_aberto,True
MG,3152501,Pouso Alegre,Distrito Industrial São João,distrito industrial sao joao,-22.2368412,-45.95951462,brasil_aberto,True
MG,3152501,Pouso Alegre,Dorotéia II,doroteia ii,-22.2187381,-45.923543,brasil_aberto,True
MG,3152501,Pouso Alegre,Doutor José Alfredo de Paula,doutor jose alfredo de paula,-22.2269937,-45.9325924,brasil_aberto,True
MG,3152501,Pouso Alegre,Faisqueira,faisqueira,-22.2062559,-45.9066117,brasil_aberto,True
MG,3152501,Pouso Alegre,Fazenda Paraíso,fazenda paraiso,-22.2664622,-45.9494678,brasil_aberto,True
MG,3152501,Pouso Alegre,Foch I,foch i,-22.277493,-45.9187872,brasil_aberto,True
MG,3152501,Pouso Alegre,Foch II,foch ii,-22.2513598,-45.9254392,brasil_aberto,True
MG,3152501,Pouso Alegre,Francisca Augusta Rios,francisca augusta rios,-22.277493,-45.9187872,brasil_aberto,True
MG,3152501,Pouso Alegre,Francisco Pereira de Freitas,francisco pereira de freitas,-22.2426536,-45.9310391,brasil_aberto,True
MG,3152501,Pouso Alegre,Fátima I,fatima i,-22.2235508,-45.91918945,brasil_aberto,True
MG,3152501,Pouso Alegre,Fátima II,fatima ii,-22.21985054,-45.92035675,brasil_aberto,True
MG,3152501,Pouso Alegre,Fátima III,fatima iii,-22.21761513,-45.91739273,brasil_aberto,True
MG,3152501,Pouso Alegre,Gleba Alberto de Barros Cobra,gleba alberto de barros cobra,-22.2267401,-45.9274016,brasil_aberto,True
MG,3152501,Pouso Alegre,Gran Royalle - Pouso Alegre,gran royalle - pouso alegre,-22.3067735,-45.9140524,brasil_aberto,True
MG,3152501,Pouso Alegre,Guanabara,guanabara,-22.22836113,-45.92483521,brasil_aberto,True
MG,3152501,Pouso Alegre,Imperial Park Empresarial,imperial park empresarial,-22.23820686,-45.8827095,brasil_aberto,True
MG,3152501,Pouso Alegre,Ipiranga,ipiranga,-22.2383499,-45.9060121,brasil_aberto,True
MG,3152501,Pouso Alegre,Ipiranga - Setor Industrial,ipiranga - setor industrial,-22.82534218,-47.20011902,brasil_aberto,True
MG,3152501,Pouso Alegre,Jardim Aeroporto,jardim aeroporto,-22.28154564,-45.92054749,brasil_aberto,True
MG,3152501,Pouso Alegre,Jardim Alpino,jardim alpino,-22.2184058,-45.9340325,brasil_aberto,True
MG,3152501,Pouso Alegre,Jardim Alvorada,jardim alvorada,-22.2295534,-45.9297305,brasil_aberto,True
MG,3152501,Pouso Alegre,Jardim Amazonas I,jardim amazonas i,-22.2382733,-45.9543022,brasil_aberto,True
MG,3152501,Pouso Alegre,Jardim Amazonas II,jardim amazonas ii,-22.2366959,-45.9536356,brasil_aberto,True
MG,3152501,Pouso Alegre,Jardim América,jardim america,-22.22959518,-45.94622803,brasil_aberto,True
MG,3152501,Pouso Alegre,Jardim Aureliano,jardim aureliano,-22.27749252,-45.91878891,brasil_aberto,True
MG,3152501,Pouso Alegre,Jardim Belvedere,jardim belvedere,-22.2637777,-45.9236236,brasil_aberto,True
MG,3152501,Pouso Alegre,Jardim Brasil I,jardim brasil i,-22.2844463,-45.9216847,brasil_aberto,True
MG,3152501,Pouso Alegre,Jardim Califórnia,jardim california,-22.27749252,-45.91878891,brasil_aberto,True
MG,3152501,Pouso Alegre,Jardim Canadá,jardim canada,-22.26119995,-45.9385643,brasil_aberto,True
MG,3152501,Pouso Alegre,Jardim Esplanada,jardim esplanada,-22.21617889,-45.93772125,brasil_aberto,True
MG,3152501,Pouso Alegre,Jardim Europa,jardim europa,-22.22639275,-45.94373322,brasil_aberto,True
MG,3152501,Pouso Alegre,Jardim Filomena,jardim filomena,-19.97634125,-44.01480484,brasil_aberto,True
MG,3152501,Pouso Alegre,Jardim Flamboyant,jardim flamboyant,-22.2684913,-45.9202364,brasil_aberto,True
MG,3152501,Pouso Alegre,Jardim Floresta,jardim floresta,-22.21409225,-45.95539093,brasil_aberto,True
MG,3152501,Pouso Alegre,Jardim Frederico,jardim frederico,-22.22596931,-45.94273376,brasil_aberto,True
MG,3152501,Pouso Alegre,Jardim Frederico II,jardim frederico ii,-22.22522926,-45.9444313,brasil_aberto,True
MG,3152501,Pouso Alegre,Jardim Independência,jardim independencia,-17.70087814,-40.76194,brasil_aberto,True
MG,3152501,Pouso Alegre,Jardim Industrial Mariosa,jardim industrial mariosa,-22.277493,-45.9187872,brasil_aberto,True
MG,3152501,Pouso Alegre,Jardim Jacarandá,jardim jacaranda,-22.2831834,-45.9101547,brasil_aberto,True
MG,3152501,Pouso Alegre,Jardim Noronha,jardim noronha,-22.23440552,-45.94597244,brasil_aberto,True
MG,3152501,Pouso Alegre,Jardim Olímpico,jardim olimpico,-22.27749252,-45.91878891,brasil_aberto,True
MG,3152501,Pouso Alegre,Jardim Paraíso,jardim paraiso,-22.27749252,-45.91878891,brasil_aberto,True
MG,3152501,Pouso Alegre,Jardim Santa Cruz,jardim santa cruz,-22.2286011,-45.9427295,brasil_aberto,True
MG,3152501,Pouso Alegre,Jardim Santa Eliza,jardim santa eliza,-22.2241663,-45.9301076,brasil_aberto,True
MG,3152501,Pouso Alegre,Jardim Santa Lúcia,jardim santa lucia,-22.2313282,-45.9306078,brasil_aberto,True
MG,3152501,Pouso Alegre,Jardim Santo Antônio,jardim santo antonio,-22.2120057,-45.9476243,brasil_aberto,True
MG,3152501,Pouso Alegre,Jardim São Fernando,jardim sao fernando,-22.2451067,-45.8742688,brasil_aberto,True
MG,3152501,Pouso Alegre,Jardim São Francisco,jardim sao francisco,-22.21845627,-45.90803528,brasil_aberto,True
MG,3152501,Pouso Alegre,Jardim São José,jardim sao jose,-19.92967415,-43.94888687,brasil_aberto,True
MG,3152501,Pouso Alegre,Jardim São João,jardim sao joao,-22.23781204,-45.96251678,brasil_aberto,True
MG,3152501,Pouso Alegre,Jardim Yara,jardim yara,-22.24082375,-45.94600677,brasil_aberto,True
MG,3152501,Pouso Alegre,Joaquim José Franco,joaquim jose franco,-22.2269494,-45.939313,brasil_aberto,True
MG,3152501,Pouso Alegre,José Fernandes Barreiro,jose fernandes barreiro,-22.2115982,-45.9452252,brasil_aberto,True
MG,3152501,Pouso Alegre,João Paulo II,joao paulo ii,-22.22121048,-45.9342804,brasil_aberto,True
MG,3152501,Pouso Alegre,Lago Azul,lago azul,-20.0140461,-44.0954369,brasil_aberto,True
MG,3152501,Pouso Alegre,Las Palmas Setvillage II,las palmas setvillage ii,-22.2343262,-45.8927486,brasil_aberto,True
MG,3152501,Pouso Alegre,Limeira,limeira,-22.277493,-45.9187872,brasil_aberto,True
MG,3152501,Pouso Alegre,Loteamento Belavilla I,loteamento belavilla i,-22.23074722,-45.93853378,brasil_aberto,True
MG,3152501,Pouso Alegre,Loteamento Danilo,loteamento danilo,-22.2924635,-45.9171028,brasil_aberto,True
MG,3152501,Pouso Alegre,Loteamento Paraty,loteamento paraty,-22.277493,-45.9187872,brasil_aberto,True
MG,3152501,Pouso Alegre,Loteamento São Cristóvão,loteamento sao cristovao,-22.29414558,-45.90159607,brasil_aberto,True
MG,3152501,Pouso Alegre,Maria Franco,maria franco,-22.25906754,-45.92084122,brasil_aberto,True
MG,3152501,Pouso Alegre,Maria Guimarães Franco Rios,maria guimaraes franco rios,-22.2491159,-45.9350565,brasil_aberto,True
MG,3152501,Pouso Alegre,Mariano,mariano,-22.2234599,-45.9408424,brasil_aberto,True
MG,3152501,Pouso Alegre,Marice Valim,marice valim,-22.2220834,-45.9321622,brasil_aberto,True
MG,3152501,Pouso Alegre,Mirante Santa Bárbara,mirante santa barbara,-22.2220913,-45.9503412,brasil_aberto,True
MG,3152501,Pouso Alegre,Mirante do Paraíso,mirante do paraiso,-22.266063,-45.9302158,brasil_aberto,True
MG,3152501,Pouso Alegre,Monte Azul,monte azul,-22.20781898,-45.90582657,brasil_aberto,True
MG,3152501,Pouso Alegre,Morada do Sol,morada do sol,-22.2923412,-45.9099648,brasil_aberto,True
MG,3152501,Pouso Alegre,Morumbi,morumbi,-22.2779998,-45.9214987,brasil_aberto,True
MG,3152501,Pouso Alegre,Nhá Chica,nha chica,-22.22004509,-45.94503403,brasil_aberto,True
MG,3152501,Pouso Alegre,Nossa Senhora Aparecida,nossa senhora aparecida,-22.22200584,-45.923172,brasil_aberto,True
MG,3152501,Pouso Alegre,Nossa Senhora de Guadalupe,nossa senhora de guadalupe,-22.2383,-45.965855,brasil_aberto,True
MG,3152501,Pouso Alegre,Nova Pouso Alegre,nova pouso alegre,-22.2256752,-45.9254822,brasil_aberto,True
MG,3152501,Pouso Alegre,Novo Horizonte,novo horizonte,-22.2709236,-45.9449976,brasil_aberto,True
MG,3152501,Pouso Alegre,Novo Yara,novo yara,-22.24203682,-45.94443893,brasil_aberto,True
MG,3152501,Pouso Alegre,Otávio Camilo Lacerda,otavio camilo lacerda,-22.22250748,-45.92569733,brasil_aberto,True
MG,3152501,Pouso Alegre,Palmeiras,palmeiras,-17.00196457,-41.05528259,brasil_aberto,True
MG,3152501,Pouso Alegre,Paraíso,paraiso,-22.27749252,-45.91878891,brasil_aberto,True
MG,3152501,Pouso Alegre,Parque Ibirá,parque ibira,-22.2176796,-45.948475,brasil_aberto,True
MG,3152501,Pouso Alegre,Parque Ibirá II,parque ibira ii,-22.21714211,-45.95037842,brasil_aberto,True
MG,3152501,Pouso Alegre,Parque Real,parque real,-22.1511364,-45.92865372,brasil_aberto,True
MG,3152501,Pouso Alegre,Passaredo,passaredo,-22.228025,-45.9239517,brasil_aberto,True
MG,3152501,Pouso Alegre,Pitangueiras,pitangueiras,-22.2389169,-45.8679217,brasil_aberto,True
MG,3152501,Pouso Alegre,Policarpo Gonçalves Campos,policarpo goncalves campos,-22.22136116,-45.92980576,brasil_aberto,True
MG,3152501,Pouso Alegre,Portal Vila Verde,portal vila verde,-22.27767181,-45.91316986,brasil_aberto,True
MG,3152501,Pouso Alegre,Portal do Ipiranga,portal do ipiranga,-22.24263382,-45.86047363,brasil_aberto,True
MG,3152501,Pouso Alegre,Pousada do Sol,pousada do sol,-22.2065634,-45.9361325,brasil_aberto,True
MG,3152501,Pouso Alegre,Pousada dos Campos I,pousada dos campos i,-22.2172714,-45.9232932,brasil_aberto,True
MG,3152501,Pouso Alegre,Pousada dos Campos II,pousada dos campos ii,-22.2147718,-45.9271493,brasil_aberto,True
MG,3152501,Pouso Alegre,Pousada dos Campos III,pousada dos campos iii,-10.92609882,-37.05425262,brasil_aberto,True
MG,3152501,Pouso Alegre,Presidente Juscelino,presidente juscelino,-22.2471665,-45.8872005,brasil_aberto,True
MG,3152501,Pouso Alegre,Primavera,primavera,-22.2270672,-45.934911,brasil_aberto,True
MG,3152501,Pouso Alegre,Progresso,progresso,-17.70087814,-40.76194,brasil_aberto,True
MG,3152501,Pouso Alegre,Pão de Açúcar,pao de acucar,-22.2084684,-45.9083221,brasil_aberto,True
MG,3152501,Pouso Alegre,RFFSA,rffsa,-22.2515236,-45.9290645,brasil_aberto,True
MG,3152501,Pouso Alegre,Recanto Sinhazinha,recanto sinhazinha,-22.2270778,-45.93937160000001,brasil_aberto,True
MG,3152501,Pouso Alegre,Recanto das Rosas,recanto das rosas,-17.86515236,-41.52054596,brasil_aberto,True
MG,3152501,Pouso Alegre,Recanto dos Barreiros,recanto dos barreiros,-22.2125878,-45.9450774,brasil_aberto,True
MG,3152501,Pouso Alegre,Recanto dos Fernandes I,recanto dos fernandes i,-22.2127095,-45.9425676,brasil_aberto,True
MG,3152501,Pouso Alegre,Recanto dos Fernandes II,recanto dos fernandes ii,-22.21503067,-45.94574738,brasil_aberto,True
MG,3152501,Pouso Alegre,Recanto dos Fernandes III,recanto dos fernandes iii,-22.2150768,-45.943455,brasil_aberto,True
MG,3152501,Pouso Alegre,Recanto dos Souza,recanto dos souza,-22.21928787,-45.94441223,brasil_aberto,True
MG,3152501,Pouso Alegre,Reserva de Santa Bárbara,reserva de santa barbara,-22.22500229,-45.94823074,brasil_aberto,True
MG,3152501,Pouso Alegre,Residencial Astúrias,residencial asturias,-21.18148804,-47.79191208,brasil_aberto,True
MG,3152501,Pouso Alegre,Residencial Bandeirantes II,residencial bandeirantes ii,-22.27641296,-45.91760635,brasil_aberto,True
MG,3152501,Pouso Alegre,Residencial Dona Nina,residencial dona nina,-22.24199295,-45.86881256,brasil_aberto,True
MG,3152501,Pouso Alegre,Residencial Jardim Brasil II,residencial jardim brasil ii,-22.2399849,-45.9704012,brasil_aberto,True
MG,3152501,Pouso Alegre,Residencial Jardim Redentor,residencial jardim redentor,-22.2400699,-45.974402,brasil_aberto,True
MG,3152501,Pouso Alegre,Residencial Jardim Ypê,residencial jardim ype,-22.2777353,-45.9121866,brasil_aberto,True
MG,3152501,Pouso Alegre,Residencial Monte Carlo,residencial monte carlo,-22.27948189,-45.91517258,brasil_aberto,True
MG,3152501,Pouso Alegre,Residencial Morumbi II,residencial morumbi ii,-22.29238319,-45.90867233,brasil_aberto,True
MG,3152501,Pouso Alegre,Residencial Nossa Senhora do Pilar,residencial nossa senhora do pilar,-22.21432877,-45.93613815,brasil_aberto,True
MG,3152501,Pouso Alegre,Residencial Nossa Senhora do Pilar II,residencial nossa senhora do pilar ii,-22.2122958,-45.9364196,brasil_aberto,True
MG,3152501,Pouso Alegre,Residencial Parque Pousada dos Campos,residencial parque pousada dos campos,-22.20991135,-45.91627884,brasil_aberto,True
MG,3152501,Pouso Alegre,Residencial Parque dos Fontes,residencial parque dos fontes,-22.2149791,-45.9448962,brasil_aberto,True
MG,3152501,Pouso Alegre,Residencial Santa Adélia,residencial santa adelia,-22.2401468,-45.9661079,brasil_aberto,True
MG,3152501,Pouso Alegre,Residencial Santa Branca,residencial santa branca,-22.26993561,-45.92928314,brasil_aberto,True
MG,3152501,Pouso Alegre,Residencial Santa Fé,residencial santa fe,-22.2188972,-45.9261443,brasil_aberto,True
MG,3152501,Pouso Alegre,Residencial Santa Rita,residencial santa rita,-22.2630856,-45.9338185,brasil_aberto,True
MG,3152501,Pouso Alegre,Residencial Santa Rita II,residencial santa rita ii,-16.7389051,-43.8547834,brasil_aberto,True
MG,3152501,Pouso Alegre,Residencial Serra Morena,residencial serra morena,-22.2711796,-45.9373184,brasil_aberto,True
MG,3152501,Pouso Alegre,Residencial Veccom,residencial veccom,,,brasil_aberto,True
MG,3152501,Pouso Alegre,Residencial Verana Pouso Alegre,residencial verana pouso alegre,-22.2438066,-45.881217,brasil_aberto,True
MG,3152501,Pouso Alegre,Santa Angelina,santa angelina,-20.35823822,-40.43897629,brasil_aberto,True
MG,3152501,Pouso Alegre,Santa Cecília,santa cecilia,-22.22511482,-45.91954803,brasil_aberto,True
MG,3152501,Pouso Alegre,Santa Clara,santa clara,-22.2155823,-45.9468291,brasil_aberto,True
MG,3152501,Pouso Alegre,Santa Dorotéia,santa doroteia,-22.21951294,-45.92652893,brasil_aberto,True
MG,3152501,Pouso Alegre,Santa Edwiges - Ribeirão das Mortes,santa edwiges - ribeirao das mortes,-22.2209639,-45.9421774,brasil_aberto,True
MG,3152501,Pouso Alegre,Santa Efigênia,santa efigenia,-19.93390846,-43.90231705,brasil_aberto,True
MG,3152501,Pouso Alegre,Santa Filomena,santa filomena,-22.23556328,-45.94087219,brasil_aberto,True
MG,3152501,Pouso Alegre,Santa Fé,santa fe,-22.2500877,-45.9383371,brasil_aberto,True
MG,3152501,Pouso Alegre,Santa Lúcia,santa lucia,-22.23312569,-45.92668533,brasil_aberto,True
MG,3152501,Pouso Alegre,Santa Marta,santa marta,-19.98478889,-44.03540802,brasil_aberto,True
MG,3152501,Pouso Alegre,Santa Rita de Cássia,santa rita de cassia,-22.23657417,-45.94207764,brasil_aberto,True
MG,3152501,Pouso Alegre,Santa Rosa,santa rosa,-22.2191657,-45.9381849,brasil_aberto,True
MG,3152501,Pouso Alegre,Santa Rosa (São João),santa rosa (sao joao),-22.24824715,-45.95675278,brasil_aberto,True
MG,3152501,Pouso Alegre,Santo Antônio,santo antonio,-22.22468567,-45.93592453,brasil_aberto,True
MG,3152501,Pouso Alegre,Santo Expedito,santo expedito,-22.2753458,-45.9152407,brasil_aberto,True
MG,3152501,Pouso Alegre,Santo Expedito II,santo expedito ii,-22.2734379,-45.91613,brasil_aberto,True
MG,3152501,Pouso Alegre,Santo Expedito III,santo expedito iii,-22.2747736,-45.9138367,brasil_aberto,True
MG,3152501,Pouso Alegre,Santo Expedito IV,santo expedito iv,-22.2929586,-45.9274707,brasil_aberto,True
MG,3152501,Pouso Alegre,Santo Ivo,santo ivo,-22.22061348,-45.92226791,brasil_aberto,True
MG,3152501,Pouso Alegre,Satélite,satelite,-22.2637777,-45.9236236,brasil_aberto,True
MG,3152501,Pouso Alegre,Saudade - Bom Jesus,saudade - bom jesus,-22.2273284,-45.9299396,brasil_aberto,True
MG,3152501,Pouso Alegre,Saúde,saude,-22.23005486,-45.93974686,brasil_aberto,True
MG,3152501,Pouso Alegre,Setvillage Las Palmas,setvillage las palmas,-22.23630333,-45.89435196,brasil_aberto,True
MG,3152501,Pouso Alegre,Shangri-lá,shangri-la,-22.26049423,-45.92350769,brasil_aberto,True
MG,3152501,Pouso Alegre,Solar dos Quitas,solar dos quitas,-22.2253938,-45.9225226,brasil_aberto,True
MG,3152501,Pouso Alegre,São Benedito,sao benedito,-20.47092438,-45.43060303,brasil_aberto,True
MG,3152501,Pouso Alegre,São Camilo,sao camilo,-22.2349472,-45.92952728,brasil_aberto,True
MG,3152501,Pouso Alegre,São Carlos,sao carlos,-22.27749252,-45.91878891,brasil_aberto,True
MG,3152501,Pouso Alegre,São Geraldo,sao geraldo,-22.24721146,-45.92806244,brasil_aberto,True
MG,3152501,Pouso Alegre,São Gonçalo,sao goncalo,-22.21807289,-45.94413757,brasil_aberto,True
MG,3152501,Pouso Alegre,São Joaquim,sao joaquim,-22.2124911,-45.9409524,brasil_aberto,True
MG,3152501,Pouso Alegre,São Jorge,sao jorge,-22.2118622,-45.9097434,brasil_aberto,True
MG,3152501,Pouso Alegre,São José,sao jose,-19.71159172,-43.97787094,brasil_aberto,True
MG,3152501,Pouso Alegre,São José do Pântano,sao jose do pantano,-22.34550858,-46.01322937,brasil_aberto,True
MG,3152501,Pouso Alegre,São João,sao joao,-21.75371933,-43.35428238,brasil_aberto,True
MG,3152501,Pouso Alegre,São Judas Tadeu,sao judas tadeu,-22.2637777,-45.9236236,brasil_aberto,True
MG,3152501,Pouso Alegre,São Paulo,sao paulo,-22.277493,-45.9187872,brasil_aberto,True
MG,3152501,Pouso Alegre,São Pedro II,sao pedro ii,-22.2270961,-45.9393536,brasil_aberto,True
MG,3152501,Pouso Alegre,São Pedro III,sao pedro iii,-22.72533035,-47.63077545,brasil_aberto,True
MG,3152501,Pouso Alegre,São Vicente de Paulo,sao vicente de paulo,-22.2249937,-45.929373,brasil_aberto,True
MG,3152501,Pouso Alegre,Sítio Vargem do Sapucaí,sitio vargem do sapucai,-22.2308764,-45.9236821,brasil_aberto,True
MG,3152501,Pouso Alegre,Vale Santo Antônio,vale santo antonio,-22.2175228,-45.9438587,brasil_aberto,True
MG,3152501,Pouso Alegre,Vale das Andorinhas,vale das andorinhas,-22.2101048,-45.9423105,brasil_aberto,True
MG,3152501,Pouso Alegre,Vale do Sol,vale do sol,-20.74464607,-42.88379669,brasil_aberto,True
MG,3152501,Pouso Alegre,Veneza,veneza,-22.28695679,-45.91167831,brasil_aberto,True
MG,3152501,Pouso Alegre,Vila Beatriz,vila beatriz,-22.21979904,-45.9120636,brasil_aberto,True
MG,3152501,Pouso Alegre,Vila Continental,vila continental,-22.22624588,-45.92967606,brasil_aberto,True
MG,3152501,Pouso Alegre,Vila Costa Rios,vila costa rios,-22.277493,-45.9187872,brasil_aberto,True
MG,3152501,Pouso Alegre,Vila Dom Nery,vila dom nery,-22.2455217,-45.9334974,brasil_aberto,True
MG,3152501,Pouso Alegre,Vila Ema,vila ema,-22.277493,-45.9187872,brasil_aberto,True
MG,3152501,Pouso Alegre,Vila Mariana,vila mariana,-22.2308764,-45.9236821,brasil_aberto,True
MG,3152501,Pouso Alegre,Vila Martins,vila martins,-22.21311569,-45.94756699,brasil_aberto,True
MG,3152501,Pouso Alegre,Vila Nossa Senhora Aparecida,vila nossa senhora aparecida,-22.202071,-45.9003309,brasil_aberto,True
MG,3152501,Pouso Alegre,Vila Nossa Senhora Mãe da Divina Misericórdia,vila nossa senhora mae da divina misericordia,-22.2270778,-45.93937160000001,brasil_aberto,True
MG,3152501,Pouso Alegre,Vila Nossa Senhora de Fátima,vila nossa senhora de fatima,-22.2270961,-45.9393536,brasil_aberto,True
MG,3152501,Pouso Alegre,Vila Nossa Senhora de Lourdes,vila nossa senhora de lourdes,-19.95177078,-43.97954178,brasil_aberto,True
MG,3152501,Pouso Alegre,Vila Olímpia,vila olimpia,-22.1746163,-45.9112178,brasil_aberto,True
MG,3152501,Pouso Alegre,Vila Ramos,vila ramos,-22.22283173,-45.93960953,brasil_aberto,True
MG,3152501,Pouso Alegre,Vila Santa Luzia,vila santa luzia,-22.2255638,-45.9184995,brasil_aberto,True
MG,3152501,Pouso Alegre,Vila São Bonifácio,vila sao bonifacio,-22.2199886,-45.9501576,brasil_aberto,True
MG,3152501,Pouso Alegre,Vila Verde,vila verde,-22.2253938,-45.9225226,brasil_aberto,True
MG,3152501,Pouso Alegre,Vila dos Cristais,vila dos cristais,-22.2153001,-45.9073113,brasil_aberto,True
MG,3152501,Pouso Alegre,Village Sion,village sion,-22.2253938,-45.9225226,brasil_aberto,True
MG,3152501,Pouso Alegre,Village Ângelo Guersoni,village angelo guersoni,-22.2110424,-45.91058731,brasil_aberto,True
MG,3152501,Pouso Alegre,Vista Alegre,vista alegre,-22.24181175,-45.95986176,brasil_aberto,True
MG,3152501,Pouso Alegre,Área Rural de Pouso Alegre,area rural de pouso alegre,-22.2270778,-45.93937160000001,brasil_aberto,True
MG,3152600,Pouso Alto,Centro,centro,-22.03543472,-46.33327484,brasil_aberto,True
MG,3152600,Pouso Alto,Santana do Capivari,santana do capivari,-22.25226974,-44.93241119,brasil_aberto,True
MG,3151701,Poço Fundo,Centro,centro,-21.78226662,-45.96545029,brasil_aberto,True
MG,3151701,Poço Fundo,Paiolinho,paiolinho,-21.85843658,-45.89938354,brasil_aberto,True
MG,3151800,Poços de Caldas,Alto da Boa Vista,alto da boa vista,-21.79507828,-46.55205536,brasil_aberto,True
MG,3151800,Poços de Caldas,Augusto de Almeida,augusto de almeida,-21.79179382,-46.53149414,brasil_aberto,True
MG,3151800,Poços de Caldas,Bem Bastos,bem bastos,-21.79012108,-46.54401779,brasil_aberto,True
MG,3151800,Poços de Caldas,Bianucci,bianucci,-21.8294988,-46.5729249,brasil_aberto,True
MG,3151800,Poços de Caldas,Boa Esperança,boa esperanca,-21.79240036,-46.53982925,brasil_aberto,True
MG,3151800,Poços de Caldas,Boa Esperança II,boa esperanca ii,-21.7927538,-46.5413882,brasil_aberto,True
MG,3151800,Poços de Caldas,Bortolan,bortolan,-21.7834568,-46.62725067,brasil_aberto,True
MG,3151800,Poços de Caldas,Bortolan Norte I,bortolan norte i,-21.7909985,-46.6292075,brasil_aberto,True
MG,3151800,Poços de Caldas,Bortolan Norte II,bortolan norte ii,-21.7740867,-46.630715,brasil_aberto,True
MG,3151800,Poços de Caldas,Bortolan Sul,bortolan sul,-21.8677173,-46.5738883,brasil_aberto,True
MG,3151800,Poços de Caldas,Campo da Mogiana,campo da mogiana,-21.7892902,-46.5824922,brasil_aberto,True
MG,3151800,Poços de Caldas,Campo das Antas,campo das antas,-21.80217361,-46.60661316,brasil_aberto,True
MG,3151800,Poços de Caldas,Campo do Retirinho,campo do retirinho,-21.8006706,-46.5343836,brasil_aberto,True
MG,3151800,Poços de Caldas,Castro e Gaiga,castro e gaiga,-21.778594,-46.6146873,brasil_aberto,True
MG,3151800,Poços de Caldas,Centreville,centreville,-21.8007895,-46.5960245,brasil_aberto,True
MG,3151800,Poços de Caldas,Centro,centro,-19.93388367,-43.93577576,brasil_aberto,True
MG,3151800,Poços de Caldas,Chácara Alvorada,chacara alvorada,-21.80081558,-46.52865982,brasil_aberto,True
MG,3151800,Poços de Caldas,Chácara Poços de Caldas,chacara pocos de caldas,-21.79308319,-46.64116669,brasil_aberto,True
MG,3151800,Poços de Caldas,Chácara Praia do Sol,chacara praia do sol,-21.78883743,-46.64277267,brasil_aberto,True
MG,3151800,Poços de Caldas,Chácara Rancho Azul,chacara rancho azul,-21.8202084,-46.5123703,brasil_aberto,True
MG,3151800,Poços de Caldas,Chácara Santa Bárbara,chacara santa barbara,-21.77907944,-46.58852005,brasil_aberto,True
MG,3151800,Poços de Caldas,Chácara Santa Terezinha,chacara santa terezinha,-21.8202084,-46.5123703,brasil_aberto,True
MG,3151800,Poços de Caldas,Chácara São Francisco,chacara sao francisco,-21.7867363,-46.6421748,brasil_aberto,True
MG,3151800,Poços de Caldas,Chácara São Pedro,chacara sao pedro,-21.7633067,-46.5210757,brasil_aberto,True
MG,3151800,Poços de Caldas,Chácara das Rosas,chacara das rosas,-21.82601166,-46.56092453,brasil_aberto,True
MG,3151800,Poços de Caldas,Chácara dos Cravos,chacara dos cravos,-21.78293037,-46.58249283,brasil_aberto,True
MG,3151800,Poços de Caldas,Chácara dos Pessegueiros,chacara dos pessegueiros,-21.7864004,-46.5984159,brasil_aberto,True
MG,3151800,Poços de Caldas,Chácaras Alto da Boa Vista,chacaras alto da boa vista,-21.77357101,-46.63816833,brasil_aberto,True
MG,3151800,Poços de Caldas,Chácaras Poços de Caldas,chacaras pocos de caldas,-21.8589391,-46.568513,brasil_aberto,True
MG,3151800,Poços de Caldas,Cidade Universitária,cidade universitaria,-21.8322734,-46.5471374,brasil_aberto,True
MG,3151800,Poços de Caldas,Colinas,colinas,-21.7989334,-46.5302575,brasil_aberto,True
MG,3151800,Poços de Caldas,Condomínio Morada das Flores,condominio morada das flores,-21.80629349,-46.55016327,brasil_aberto,True
MG,3151800,Poços de Caldas,Condomínio Pitangueiras,condominio pitangueiras,-21.7853997,-46.5619342,brasil_aberto,True
MG,3151800,Poços de Caldas,Conjunto Habitacional Pedro Afonso Junqueira,conjunto habitacional pedro afonso junqueira,-21.85786629,-46.56293106,brasil_aberto,True
MG,3151800,Poços de Caldas,Conjunto União,conjunto uniao,-21.8589391,-46.568513,brasil_aberto,True
MG,3151800,Poços de Caldas,Country Club,country club,-21.8120979,-46.5623795,brasil_aberto,True
MG,3151800,Poços de Caldas,Cristiano Ozório,cristiano ozorio,-21.78311348,-46.56084061,brasil_aberto,True
MG,3151800,Poços de Caldas,Da Saúde,da saude,-21.79179001,-46.57025909,brasil_aberto,True
MG,3151800,Poços de Caldas,Distrito Industrial,distrito industrial,-22.87709618,-42.01304626,brasil_aberto,True
MG,3151800,Poços de Caldas,Dom Bosco,dom bosco,-21.79627419,-46.52853394,brasil_aberto,True
MG,3151800,Poços de Caldas,Estância Poços de Caldas,estancia pocos de caldas,-21.80035019,-46.50147247,brasil_aberto,True
MG,3151800,Poços de Caldas,Estância São José,estancia sao jose,-21.80278587,-46.52121353,brasil_aberto,True
MG,3151800,Poços de Caldas,Funcionários,funcionarios,-21.790802,-46.56907654,brasil_aberto,True
MG,3151800,Poços de Caldas,Gato Preto,gato preto,-21.8237229,-46.5577023,brasil_aberto,True
MG,3151800,Poços de Caldas,Jardim Aeroporto,jardim aeroporto,-21.84678459,-46.56981659,brasil_aberto,True
MG,3151800,Poços de Caldas,Jardim Amaryllis,jardim amaryllis,-21.80529976,-46.54244232,brasil_aberto,True
MG,3151800,Poços de Caldas,Jardim América,jardim america,-21.77807808,-46.59622955,brasil_aberto,True
MG,3151800,Poços de Caldas,Jardim Bandeirantes,jardim bandeirantes,-21.81237984,-46.56333542,brasil_aberto,True
MG,3151800,Poços de Caldas,Jardim Bela Vista,jardim bela vista,-21.79521751,-46.56651688,brasil_aberto,True
MG,3151800,Poços de Caldas,Jardim Brasil,jardim brasil,-21.78675079,-46.53934479,brasil_aberto,True
MG,3151800,Poços de Caldas,Jardim Campos Elísios,jardim campos elisios,-21.79850006,-46.50656128,brasil_aberto,True
MG,3151800,Poços de Caldas,Jardim Carolina,jardim carolina,-21.79510307,-46.59841919,brasil_aberto,True
MG,3151800,Poços de Caldas,Jardim Cascatinha,jardim cascatinha,-21.79558182,-46.55815887,brasil_aberto,True
MG,3151800,Poços de Caldas,Jardim Centenário,jardim centenario,-21.80574226,-46.56377411,brasil_aberto,True
MG,3151800,Poços de Caldas,Jardim Country Club,jardim country club,-21.78910828,-46.59667587,brasil_aberto,True
MG,3151800,Poços de Caldas,Jardim Daniele,jardim daniele,-21.83053207,-46.55627823,brasil_aberto,True
MG,3151800,Poços de Caldas,Jardim Del Rey,jardim del rey,-21.7997807,-46.5612689,brasil_aberto,True
MG,3151800,Poços de Caldas,Jardim Doutor Ottoni,jardim doutor ottoni,-21.78936195,-46.60321808,brasil_aberto,True
MG,3151800,Poços de Caldas,Jardim Elizabete,jardim elizabete,-21.78247452,-46.60008621,brasil_aberto,True
MG,3151800,Poços de Caldas,Jardim Elvira Dias,jardim elvira dias,-21.7866806,-46.5980967,brasil_aberto,True
MG,3151800,Poços de Caldas,Jardim Esmeralda,jardim esmeralda,-21.7789923,-46.5999497,brasil_aberto,True
MG,3151800,Poços de Caldas,Jardim Esperança,jardim esperanca,-21.83654785,-46.55924988,brasil_aberto,True
MG,3151800,Poços de Caldas,Jardim Esperança III,jardim esperanca iii,-21.83510017,-46.56443787,brasil_aberto,True
MG,3151800,Poços de Caldas,Jardim Europa,jardim europa,-21.79769707,-46.58529663,brasil_aberto,True
MG,3151800,Poços de Caldas,Jardim Filipinas,jardim filipinas,-21.8054731,-46.6036495,brasil_aberto,True
MG,3151800,Poços de Caldas,Jardim Filipino,jardim filipino,-21.79721642,-46.57011032,brasil_aberto,True
MG,3151800,Poços de Caldas,Jardim Formosa,jardim formosa,-21.81212997,-46.56415558,brasil_aberto,True
MG,3151800,Poços de Caldas,Jardim Gama Cruz,jardim gama cruz,-21.78032684,-46.58779907,brasil_aberto,True
MG,3151800,Poços de Caldas,Jardim Ipê,jardim ipe,-21.79974365,-46.54540253,brasil_aberto,True
MG,3151800,Poços de Caldas,Jardim Itamaraty I,jardim itamaraty i,-21.8126774,-46.4983562,brasil_aberto,True
MG,3151800,Poços de Caldas,Jardim Itamaraty II,jardim itamaraty ii,-21.81391525,-46.49942017,brasil_aberto,True
MG,3151800,Poços de Caldas,Jardim Itamaraty III,jardim itamaraty iii,-21.81651115,-46.49666214,brasil_aberto,True
MG,3151800,Poços de Caldas,Jardim Itamaraty V,jardim itamaraty v,-21.8128767,-46.4921246,brasil_aberto,True
MG,3151800,Poços de Caldas,Jardim Kennedy,jardim kennedy,-21.85229301,-46.57481766,brasil_aberto,True
MG,3151800,Poços de Caldas,Jardim Kennedy II,jardim kennedy ii,-21.84267044,-46.58000183,brasil_aberto,True
MG,3151800,Poços de Caldas,Jardim Monte Almo,jardim monte almo,-21.81212997,-46.56415558,brasil_aberto,True
MG,3151800,Poços de Caldas,Jardim Nova Aparecida,jardim nova aparecida,-21.78989792,-46.54750443,brasil_aberto,True
MG,3151800,Poços de Caldas,Jardim Novo Mundo,jardim novo mundo,-21.79027367,-46.58818817,brasil_aberto,True
MG,3151800,Poços de Caldas,Jardim Paraíso,jardim paraiso,-21.82616997,-46.55624008,brasil_aberto,True
MG,3151800,Poços de Caldas,Jardim Philadélphia,jardim philadelphia,-21.80193901,-46.51680756,brasil_aberto,True
MG,3151800,Poços de Caldas,Jardim Philadélphia II,jardim philadelphia ii,-21.7985113,-46.511407,brasil_aberto,True
MG,3151800,Poços de Caldas,Jardim Planalto,jardim planalto,-21.78864098,-46.57444382,brasil_aberto,True
MG,3151800,Poços de Caldas,Jardim Planalto II,jardim planalto ii,-21.7786315,-46.5934604,brasil_aberto,True
MG,3151800,Poços de Caldas,Jardim Quisisana,jardim quisisana,-21.79915237,-46.56747437,brasil_aberto,True
MG,3151800,Poços de Caldas,Jardim Regina,jardim regina,-21.79063988,-46.54202652,brasil_aberto,True
MG,3151800,Poços de Caldas,Jardim Santa Augusta,jardim santa augusta,-21.7914505,-46.5728302,brasil_aberto,True
MG,3151800,Poços de Caldas,Jardim Santa Helena,jardim santa helena,-21.77908325,-46.59433365,brasil_aberto,True
MG,3151800,Poços de Caldas,Jardim Santa Rita,jardim santa rita,-21.79243088,-46.55781555,brasil_aberto,True
MG,3151800,Poços de Caldas,Jardim Santa Rosália,jardim santa rosalia,-21.78436661,-46.54431152,brasil_aberto,True
MG,3151800,Poços de Caldas,Jardim São Bento,jardim sao bento,-21.83421135,-46.572155,brasil_aberto,True
MG,3151800,Poços de Caldas,Jardim São Jorge,jardim sao jorge,-21.77928352,-46.59177399,brasil_aberto,True
MG,3151800,Poços de Caldas,Jardim São Paulo,jardim sao paulo,-21.79359055,-46.55312347,brasil_aberto,True
MG,3151800,Poços de Caldas,Jardim Vitória,jardim vitoria,-21.80670357,-46.57405472,brasil_aberto,True
MG,3151800,Poços de Caldas,Jardim Vitória IV,jardim vitoria iv,-21.80791855,-46.57553101,brasil_aberto,True
MG,3151800,Poços de Caldas,Jardim Vitória V,jardim vitoria v,-21.8088538,-46.5755845,brasil_aberto,True
MG,3151800,Poços de Caldas,Jardim das Acácias,jardim das acacias,-21.80519485,-46.54041672,brasil_aberto,True
MG,3151800,Poços de Caldas,Jardim das Azaléias,jardim das azaleias,-21.80807686,-46.54790497,brasil_aberto,True
MG,3151800,Poços de Caldas,Jardim das Hortênsias,jardim das hortensias,-21.80852318,-46.54514694,brasil_aberto,True
MG,3151800,Poços de Caldas,Jardim do Contorno,jardim do contorno,-21.8242114,-46.5583982,brasil_aberto,True
MG,3151800,Poços de Caldas,Jardim do Ginásio,jardim do ginasio,-21.78371048,-46.58124924,brasil_aberto,True
MG,3151800,Poços de Caldas,Jardim dos Estados,jardim dos estados,-21.77726364,-46.55820465,brasil_aberto,True
MG,3151800,Poços de Caldas,Jardim dos Manacás,jardim dos manacas,-21.79774094,-46.60505676,brasil_aberto,True
MG,3151800,Poços de Caldas,Jardins de Florença,jardins de florenca,-21.8096663,-46.5864917,brasil_aberto,True
MG,3151800,Poços de Caldas,João Pinheiro,joao pinheiro,-21.78493309,-46.57562637,brasil_aberto,True
MG,3151800,Poços de Caldas,Jóias do Vale do Sol,joias do vale do sol,-21.77967834,-46.63815689,brasil_aberto,True
MG,3151800,Poços de Caldas,Loteamento Caldense,loteamento caldense,-21.80497169,-46.50168228,brasil_aberto,True
MG,3151800,Poços de Caldas,Loteamento Campo das Aroeiras,loteamento campo das aroeiras,-21.7957855,-46.5443799,brasil_aberto,True
MG,3151800,Poços de Caldas,Loteamento Jardim Nova Europa,loteamento jardim nova europa,-22.94080925,-47.55651093,brasil_aberto,True
MG,3151800,Poços de Caldas,Loteamento Nova Primavera,loteamento nova primavera,-21.79004478,-46.53605652,brasil_aberto,True
MG,3151800,Poços de Caldas,Loteamento Residencial Santa Clara II,loteamento residencial santa clara ii,-21.79886246,-46.50317383,brasil_aberto,True
MG,3151800,Poços de Caldas,Loteamento Residencial Tiradentes,loteamento residencial tiradentes,-21.8337499,-46.5735712,brasil_aberto,True
MG,3151800,Poços de Caldas,Loteamento Vila Flora II,loteamento vila flora ii,-21.7835173,-46.5932508,brasil_aberto,True
MG,3151800,Poços de Caldas,Loteamento Vila Matilde,loteamento vila matilde,-21.85520935,-46.57252884,brasil_aberto,True
MG,3151800,Poços de Caldas,Maria Imaculada,maria imaculada,-21.80296326,-46.6024971,brasil_aberto,True
MG,3151800,Poços de Caldas,Marçal Santos,marcal santos,-21.78428268,-46.57883835,brasil_aberto,True
MG,3151800,Poços de Caldas,Monte Verde,monte verde,-21.794097,-46.5377774,brasil_aberto,True
MG,3151800,Poços de Caldas,Monte Verde II,monte verde ii,-21.79651451,-46.54508972,brasil_aberto,True
MG,3151800,Poços de Caldas,Morada dos Pássaros,morada dos passaros,-21.82081413,-46.48022461,brasil_aberto,True
MG,3151800,Poços de Caldas,Nossa Senhora Aparecida,nossa senhora aparecida,-21.78865242,-46.55533218,brasil_aberto,True
MG,3151800,Poços de Caldas,Panorama,panorama,-21.78240967,-46.64422607,brasil_aberto,True
MG,3151800,Poços de Caldas,Parque Nova Aurora,parque nova aurora,-21.80106354,-46.54224396,brasil_aberto,True
MG,3151800,Poços de Caldas,Parque Pinheiros,parque pinheiros,-21.80960846,-46.49842072,brasil_aberto,True
MG,3151800,Poços de Caldas,Parque Primavera,parque primavera,-21.78835106,-46.53408813,brasil_aberto,True
MG,3151800,Poços de Caldas,Parque San Carlo,parque san carlo,-21.80051994,-46.59316254,brasil_aberto,True
MG,3151800,Poços de Caldas,Parque São Sebastião,parque sao sebastiao,-21.8582573,-46.5716484,brasil_aberto,True
MG,3151800,Poços de Caldas,Parque Vivaldi Leite Ribeiro,parque vivaldi leite ribeiro,-21.79405975,-46.55570221,brasil_aberto,True
MG,3151800,Poços de Caldas,Parque Véu das Noivas,parque veu das noivas,-21.77859306,-46.61468887,brasil_aberto,True
MG,3151800,Poços de Caldas,Parque das Nações,parque das nacoes,-21.84970856,-46.5645752,brasil_aberto,True
MG,3151800,Poços de Caldas,Real Parque,real parque,-21.7853787,-46.5619303,brasil_aberto,True
MG,3151800,Poços de Caldas,Recanto dos Lagos,recanto dos lagos,-21.70258522,-43.35409546,brasil_aberto,True
MG,3151800,Poços de Caldas,Residencial Alamedas,residencial alamedas,,,brasil_aberto,True
MG,3151800,Poços de Caldas,Residencial Belvedere,residencial belvedere,-21.8028067,-46.5945547,brasil_aberto,True
MG,3151800,Poços de Caldas,Residencial Colinas do Sul,residencial colinas do sul,-21.8054318,-46.54184040000001,brasil_aberto,True
MG,3151800,Poços de Caldas,Residencial Greenville,residencial greenville,-21.8062973,-46.55445862,brasil_aberto,True
MG,3151800,Poços de Caldas,Residencial Mantiqueira,residencial mantiqueira,-21.7996559,-46.5431787,brasil_aberto,True
MG,3151800,Poços de Caldas,Residencial Morumbí,residencial morumbi,-21.808963,-46.579395,brasil_aberto,True
MG,3151800,Poços de Caldas,Residencial Paineiras,residencial paineiras,-21.79439545,-46.59394455,brasil_aberto,True
MG,3151800,Poços de Caldas,Residencial Portal do Sol,residencial portal do sol,-21.79190063,-46.59303284,brasil_aberto,True
MG,3151800,Poços de Caldas,Residencial Santa Clara,residencial santa clara,-21.7940148,-46.538642,brasil_aberto,True
MG,3151800,Poços de Caldas,Residencial Summer Ville,residencial summer ville,-21.80593872,-46.55669022,brasil_aberto,True
MG,3151800,Poços de Caldas,Residencial São Bernardo,residencial sao bernardo,-21.789485,-46.593753,brasil_aberto,True
MG,3151800,Poços de Caldas,Residencial Torre,residencial torre,-21.7886939,-46.5381824,brasil_aberto,True
MG,3151800,Poços de Caldas,Residencial Veredas,residencial veredas,-21.7902739,-46.6080856,brasil_aberto,True
MG,3151800,Poços de Caldas,Residencial e Industrial Campo Alegre,residencial e industrial campo alegre,-21.8309717,-46.6478148,brasil_aberto,True
MG,3151800,Poços de Caldas,Santa Emília,santa emilia,-21.7923497,-46.5472587,brasil_aberto,True
MG,3151800,Poços de Caldas,Santa Lúcia,santa lucia,-21.7977581,-46.54962921,brasil_aberto,True
MG,3151800,Poços de Caldas,Santa Margarida,santa margarida,-21.796881,-46.5760306,brasil_aberto,True
MG,3151800,Poços de Caldas,Santa Maria,santa maria,-21.79706764,-46.57699203,brasil_aberto,True
MG,3151800,Poços de Caldas,Santa Teresa,santa teresa,-21.83185768,-46.56885529,brasil_aberto,True
MG,3151800,Poços de Caldas,Santa Ângela,santa angela,-21.79777527,-46.57184219,brasil_aberto,True
MG,3151800,Poços de Caldas,Santa Ângela IV,santa angela iv,-21.796881,-46.5760306,brasil_aberto,True
MG,3151800,Poços de Caldas,Santana,santana,-21.78412819,-46.54727554,brasil_aberto,True
MG,3151800,Poços de Caldas,Santana do Pedregal,santana do pedregal,-21.78103828,-46.54680252,brasil_aberto,True
MG,3151800,Poços de Caldas,Santo André,santo andre,-21.79061127,-46.54344559,brasil_aberto,True
MG,3151800,Poços de Caldas,Serras Azuis,serras azuis,-21.7820917,-46.5484909,brasil_aberto,True
MG,3151800,Poços de Caldas,São Benedito,sao benedito,-19.76070023,-47.9473877,brasil_aberto,True
MG,3151800,Poços de Caldas,São Conrado,sao conrado,-21.79552078,-46.57159042,brasil_aberto,True
MG,3151800,Poços de Caldas,São Domingos,sao domingos,-21.7817012,-46.5769844,brasil_aberto,True
MG,3151800,Poços de Caldas,São Geraldo,sao geraldo,-21.78715897,-46.58509445,brasil_aberto,True
MG,3151800,Poços de Caldas,São José,sao jose,-21.80935669,-46.57118225,brasil_aberto,True
MG,3151800,Poços de Caldas,São João,sao joao,-21.7887999,-46.5505552,brasil_aberto,True
MG,3151800,Poços de Caldas,Vale das Antas,vale das antas,-21.7892327,-46.6438899,brasil_aberto,True
MG,3151800,Poços de Caldas,Vila Ana Pereira,vila ana pereira,-21.79601669,-46.56907272,brasil_aberto,True
MG,3151800,Poços de Caldas,Vila Bela,vila bela,-21.78934097,-46.57328033,brasil_aberto,True
MG,3151800,Poços de Caldas,Vila Brasil de Nossa Senhora Aparecida,vila brasil de nossa senhora aparecida,-21.84815216,-46.67936325,brasil_aberto,True
MG,3151800,Poços de Caldas,Vila Caio Junqueira,vila caio junqueira,-21.81212997,-46.56415558,brasil_aberto,True
MG,3151800,Poços de Caldas,Vila Cruz,vila cruz,-21.78251457,-46.58610916,brasil_aberto,True
MG,3151800,Poços de Caldas,Vila Flora,vila flora,-21.78093719,-46.59227371,brasil_aberto,True
MG,3151800,Poços de Caldas,Vila Guaporé,vila guapore,-21.78011703,-46.59877014,brasil_aberto,True
MG,3151800,Poços de Caldas,Vila Iguatimara e Fátima,vila iguatimara e fatima,-21.78650093,-46.57799149,brasil_aberto,True
MG,3151800,Poços de Caldas,Vila José Carlos,vila jose carlos,-21.78591537,-46.55038071,brasil_aberto,True
MG,3151800,Poços de Caldas,Vila Líder,vila lider,-21.79722214,-46.56900406,brasil_aberto,True
MG,3151800,Poços de Caldas,Vila Menezes,vila menezes,-21.82802391,-46.55728149,brasil_aberto,True
MG,3151800,Poços de Caldas,Vila Miglioranzi,vila miglioranzi,-21.78542328,-46.58629227,brasil_aberto,True
MG,3151800,Poços de Caldas,Vila Nossa Senhora de Fátima,vila nossa senhora de fatima,-21.78201675,-46.5713501,brasil_aberto,True
MG,3151800,Poços de Caldas,Vila Nova,vila nova,-21.78704834,-46.55631256,brasil_aberto,True
MG,3151800,Poços de Caldas,Vila Olímpica,vila olimpica,-21.77966499,-46.60585022,brasil_aberto,True
MG,3151800,Poços de Caldas,Vila Rabelo,vila rabelo,-21.78991127,-46.64096832,brasil_aberto,True
MG,3151800,Poços de Caldas,Vila Rica,vila rica,-21.77883911,-46.58918762,brasil_aberto,True
MG,3151800,Poços de Caldas,Vila Togni,vila togni,-21.78455544,-46.60184097,brasil_aberto,True
MG,3151800,Poços de Caldas,Village São Luiz,village sao luiz,-21.78439522,-46.60255051,brasil_aberto,True
MG,3151800,Poços de Caldas,Zona Rural,zona rural,-21.7853787,-46.5619303,brasil_aberto,True
MG,3151800,Poços de Caldas,Área Rural de Poços de Caldas,area rural de pocos de caldas,-21.7853787,-46.5619303,brasil_aberto,True
MG,3152709,Prados,Centro,centro,-21.05836868,-44.0787468,brasil_aberto,True
MG,3152709,Prados,Vitoriano Veloso,vitoriano veloso,-21.0566011,-44.0815095,brasil_aberto,True
MG,3152808,Prata,Centro,centro,-7.692644199999999,-37.0818814,brasil_aberto,True
MG,3152808,Prata,Jardinésia,jardinesia,-19.26302528,-48.67708206,brasil_aberto,True
MG,3152808,Prata,Patrimônio,patrimonio,-19.51488113,-48.50774002,brasil_aberto,True
MG,3153004,Pratinha,Centro,centro,-21.77567482,-48.56817627,brasil_aberto,True
MG,3152907,Pratápolis,Centro,centro,-18.85518646,-41.94152832,brasil_aberto,True
MG,3153202,Presidente Juscelino,Centro,centro,-19.86528969,-44.60605621,brasil_aberto,True
MG,3153301,Presidente Kubitschek,Centro,centro,-18.6153086,-43.5640035,brasil_aberto,True
MG,3153400,Presidente Olegário,Centro,centro,-18.4153945,-46.4194657,brasil_aberto,True
MG,3153400,Presidente Olegário,Galena,galena,-18.30659103,-46.1213913,brasil_aberto,True
MG,3153400,Presidente Olegário,Ponte Firme,ponte firme,-18.03762054,-46.42287064,brasil_aberto,True
MG,3153400,Presidente Olegário,Santiago de Minas,santiago de minas,-18.5191347,-46.2862679,brasil_aberto,True
MG,3153608,Prudente de Morais,Campo de Santana,campo de santana,,,brasil_aberto,True
MG,3153608,Prudente de Morais,Centro,centro,-19.47977257,-44.15548325,brasil_aberto,True
MG,3153707,Quartel Geral,Centro,centro,-19.27252579,-45.55680084,brasil_aberto,True
MG,3153707,Quartel Geral,Quartel de São João,quartel de sao joao,-19.25069618,-45.77577591,brasil_aberto,True
MG,3153806,Queluzito,Centro,centro,-20.65351486,-43.78254318,brasil_aberto,True
MG,3153905,Raposos,Centro,centro,-19.96542931,-43.80480194,brasil_aberto,True
MG,3154002,Raul Soares,Bicuíba,bicuiba,-20.08644676,-42.35612869,brasil_aberto,True
MG,3154002,Raul Soares,Centro,centro,-20.10095978,-42.45394516,brasil_aberto,True
MG,3154002,Raul Soares,Santana do Tabuleiro,santana do tabuleiro,-19.92991829,-42.20081329,brasil_aberto,True
MG,3154002,Raul Soares,São Sebastião do Óculo,sao sebastiao do oculo,-19.90903282,-42.38123322,brasil_aberto,True
MG,3154002,Raul Soares,São Vicente da Estrela,sao vicente da estrela,-19.97178268,-42.43999481,brasil_aberto,True
MG,3154002,Raul Soares,Vermelho Velho,vermelho velho,-19.99951935,-42.34897614,brasil_aberto,True
MG,3154101,Recreio,Angaturama,angaturama,-21.48095131,-42.40162277,brasil_aberto,True
MG,3154101,Recreio,Centro,centro,-21.52594757,-42.47021103,brasil_aberto,True
MG,3154101,Recreio,Conceição da Boa Vista,conceicao da boa vista,-21.54695892,-42.43276596,brasil_aberto,True
MG,3154150,Reduto,Centro,centro,-20.245015,-41.984769,brasil_aberto,True
MG,3154200,Resende Costa,Centro,centro,-20.9222229,-44.2379044,brasil_aberto,True
MG,3154200,Resende Costa,Jacarandira,jacarandira,-20.7581435,-44.4184197,brasil_aberto,True
MG,3154309,Resplendor,Bom Pastor,bom pastor,-19.26618958,-41.04338837,brasil_aberto,True
MG,3154309,Resplendor,Calixto,calixto,-19.25333214,-41.15138245,brasil_aberto,True
MG,3154309,Resplendor,Campo Alegre de Minas,campo alegre de minas,-19.10064888,-41.03408432,brasil_aberto,True
MG,3154309,Resplendor,Centro,centro,-19.32582283,-41.25572586,brasil_aberto,True
MG,3154309,Resplendor,Independência,independencia,-19.17714882,-41.26049423,brasil_aberto,True
MG,3154309,Resplendor,Nicolândia,nicolandia,-19.2195532,-40.9885195,brasil_aberto,True
MG,3154408,Ressaquinha,Canjamba,canjamba,-21.0428133,-43.7137122,brasil_aberto,True
MG,3154408,Ressaquinha,Centro,centro,-21.06202698,-43.76111221,brasil_aberto,True
MG,3154408,Ressaquinha,Peixoto,peixoto,-21.0944754,-43.7074566,brasil_aberto,True
MG,3154408,Ressaquinha,Simão Tamm,simao tamm,-21.069119,-43.6601371,brasil_aberto,True
MG,3154408,Ressaquinha,Vargem do Amargoso,vargem do amargoso,-21.0523037,-43.6841936,brasil_aberto,True
MG,3154457,Riachinho,Centro,centro,-16.2218787,-46.0014274,brasil_aberto,True
MG,3154507,Riacho dos Machados,Venda Nova,venda nova,-21.7436924,-43.34421158,brasil_aberto,True
MG,3154507,Riacho dos Machados,Vila Bem Querer,vila bem querer,-16.1782414,-43.17462219999999,brasil_aberto,True
MG,3154507,Riacho dos Machados,Vila Bem-Querer,vila bem-querer,-16.1782414,-43.17462219999999,brasil_aberto,True
MG,3154705,Ribeirão Vermelho,Ribeirão Vermelho,ribeirao vermelho,-21.18806267,-45.0607338,brasil_aberto,True
MG,3154606,Ribeirão das Neves,Adriana (Justinópolis),adriana (justinopolis),-19.7870909,-44.0193585,brasil_aberto,True
MG,3154606,Ribeirão das Neves,Alicante,alicante,-19.74889946,-44.07261658,brasil_aberto,True
MG,3154606,Ribeirão das Neves,Alterosa,alterosa,-19.77973938,-44.12709045,brasil_aberto,True
MG,3154606,Ribeirão das Neves,Areias (Justinópolis),areias (justinopolis),-19.76480293,-44.00391769,brasil_aberto,True
MG,3154606,Ribeirão das Neves,Areias de Baixo,areias de baixo,-19.7837157,-43.9879267,brasil_aberto,True
MG,3154606,Ribeirão das Neves,Atalaia (Justinópolis),atalaia (justinopolis),-19.7611866,-44.00172806,brasil_aberto,True
MG,3154606,Ribeirão das Neves,Barcelona,barcelona,-19.74990273,-44.07369232,brasil_aberto,True
MG,3154606,Ribeirão das Neves,Bela Vista,bela vista,-19.7657629,-44.0856271,brasil_aberto,True
MG,3154606,Ribeirão das Neves,Belo Vale,belo vale,-19.7950921,-44.0255835,brasil_aberto,True
MG,3154606,Ribeirão das Neves,Belvedere,belvedere,-19.78380966,-44.11665726,brasil_aberto,True
MG,3154606,Ribeirão das Neves,Boa Vista,boa vista,-19.7936576,-43.9978634,brasil_aberto,True
MG,3154606,Ribeirão das Neves,Bom Sossego,bom sossego,-19.76198387,-44.0719986,brasil_aberto,True
MG,3154606,Ribeirão das Neves,Botafogo (Justinópolis),botafogo (justinopolis),-19.79111862,-44.00767517,brasil_aberto,True
MG,3154606,Ribeirão das Neves,Braúna ( Justinópolis),brauna ( justinopolis),-19.8105524,-44.0191561,brasil_aberto,True
MG,3154606,Ribeirão das Neves,Caiapós,caiapos,-19.83480835,-44.03731918,brasil_aberto,True
MG,3154606,Ribeirão das Neves,Campos Silveira,campos silveira,-19.7690449,-44.0663127,brasil_aberto,True
MG,3154606,Ribeirão das Neves,Canoas,canoas,-19.7953748,-44.0057781,brasil_aberto,True
MG,3154606,Ribeirão das Neves,Centro,centro,-19.7653927,-44.0875782,brasil_aberto,True
MG,3154606,Ribeirão das Neves,Centro (Justinópolis),centro (justinopolis),-19.7983404,-44.0147728,brasil_aberto,True
MG,3154606,Ribeirão das Neves,Centro Comercial de Justinópolis,centro comercial de justinopolis,,,brasil_aberto,True
MG,3154606,Ribeirão das Neves,Cerejeira (Justinópolis),cerejeira (justinopolis),,,brasil_aberto,True
MG,3154606,Ribeirão das Neves,Chácaras Bom Retiro (Justinópolis),chacaras bom retiro (justinopolis),-19.8207512,-44.0294888,brasil_aberto,True
MG,3154606,Ribeirão das Neves,Chácaras do Baú,chacaras do bau,-20.0582571,-44.21294289999999,brasil_aberto,True
MG,3154606,Ribeirão das Neves,Cidade Neviana,cidade neviana,-19.77772331,-44.10949326,brasil_aberto,True
MG,3154606,Ribeirão das Neves,Condomínio Recanto dos Pássaros (Justinópolis),condominio recanto dos passaros (justinopolis),-19.82903099,-44.04731369,brasil_aberto,True
MG,3154606,Ribeirão das Neves,Condomínio Vale do Ouro,condominio vale do ouro,-19.7467556,-44.13073349,brasil_aberto,True
MG,3154606,Ribeirão das Neves,Conjunto Henrique Sapori,conjunto henrique sapori,-19.76519203,-44.14031219,brasil_aberto,True
MG,3154606,Ribeirão das Neves,Conjunto Nova Pampulha (Justinópolis),conjunto nova pampulha (justinopolis),,,brasil_aberto,True
MG,3154606,Ribeirão das Neves,Cristais (Justinópolis),cristais (justinopolis),-19.7963483,-44.0082362,brasil_aberto,True
MG,3154606,Ribeirão das Neves,Cruzeiro,cruzeiro,-19.7891468,-44.0238505,brasil_aberto,True
MG,3154606,Ribeirão das Neves,Céu Anil (Justinópolis),ceu anil (justinopolis),-19.81706429,-44.01590347,brasil_aberto,True
MG,3154606,Ribeirão das Neves,Distrito Industrial João de Almeida,distrito industrial joao de almeida,-19.829352,-44.08416450000001,brasil_aberto,True
MG,3154606,Ribeirão das Neves,Dona Clara,dona clara,-19.76259995,-44.08081055,brasil_aberto,True
MG,3154606,Ribeirão das Neves,Dona Clarice,dona clarice,-19.8177838,-44.0228155,brasil_aberto,True
MG,3154606,Ribeirão das Neves,Eliane (Justinópolis),eliane (justinopolis),-19.81391716,-44.02203751,brasil_aberto,True
MG,3154606,Ribeirão das Neves,Elizabeth (Justinópolis),elizabeth (justinopolis),-19.80630493,-44.01781845,brasil_aberto,True
MG,3154606,Ribeirão das Neves,Elizabeth 2ª Seção (Justinópolis),elizabeth 2ª secao (justinopolis),-19.80481529,-44.01781082,brasil_aberto,True
MG,3154606,Ribeirão das Neves,Esperança (Justinópolis),esperanca (justinopolis),-19.7824955,-44.01942444,brasil_aberto,True
MG,3154606,Ribeirão das Neves,Everest,everest,-19.8100116,-44.0139106,brasil_aberto,True
MG,3154606,Ribeirão das Neves,Fazenda Castro,fazenda castro,-19.75834465,-44.16363907,brasil_aberto,True
MG,3154606,Ribeirão das Neves,Felixlândia (Justinópolis),felixlandia (justinopolis),-19.80873489,-44.02473831,brasil_aberto,True
MG,3154606,Ribeirão das Neves,Flamengo (Justinópolis),flamengo (justinopolis),-19.78928947,-44.0071907,brasil_aberto,True
MG,3154606,Ribeirão das Neves,Florença,florenca,-19.76342773,-44.14825058,brasil_aberto,True
MG,3154606,Ribeirão das Neves,Fortaleza (Justinópolis),fortaleza (justinopolis),-19.81674385,-44.02320862,brasil_aberto,True
MG,3154606,Ribeirão das Neves,Franciscadriângela,franciscadriangela,-19.7991591,-44.1043605,brasil_aberto,True
MG,3154606,Ribeirão das Neves,Girassol,girassol,-19.7748597,-44.0168288,brasil_aberto,True
MG,3154606,Ribeirão das Neves,Granjas Primavera (Justinópolis),granjas primavera (justinopolis),-19.82189178,-44.0261879,brasil_aberto,True
MG,3154606,Ribeirão das Neves,Guadalajara (Justinópolis),guadalajara (justinopolis),-19.8032136,-44.0067741,brasil_aberto,True
MG,3154606,Ribeirão das Neves,Hawaí (Justinópolis),hawai (justinopolis),-19.81102943,-44.00931549,brasil_aberto,True
MG,3154606,Ribeirão das Neves,Iolanda,iolanda,-19.7640644,-44.0682928,brasil_aberto,True
MG,3154606,Ribeirão das Neves,Itapoã,itapoa,-19.8048223,-44.0237596,brasil_aberto,True
MG,3154606,Ribeirão das Neves,Jardim Alvorada (Justinópolis),jardim alvorada (justinopolis),-19.78780556,-43.99839401,brasil_aberto,True
MG,3154606,Ribeirão das Neves,Jardim Colonial,jardim colonial,-19.78188705,-44.11441803,brasil_aberto,True
MG,3154606,Ribeirão das Neves,Jardim Florência (Justinópolis),jardim florencia (justinopolis),-19.80223083,-44.00011826,brasil_aberto,True
MG,3154606,Ribeirão das Neves,Jardim Primavera,jardim primavera,-19.7890341,-44.0013814,brasil_aberto,True
MG,3154606,Ribeirão das Neves,Jardim São Judas Tadeu (Justinópolis),jardim sao judas tadeu (justinopolis),-19.79152679,-44.03430557,brasil_aberto,True
MG,3154606,Ribeirão das Neves,Jardim Verona,jardim verona,-19.77848625,-44.13532639,brasil_aberto,True
MG,3154606,Ribeirão das Neves,Jardim de Alá (Justinópolis),jardim de ala (justinopolis),-19.80504417,-44.02117538,brasil_aberto,True
MG,3154606,Ribeirão das Neves,José Maria da Costa,jose maria da costa,-19.7662778,-44.002817,brasil_aberto,True
MG,3154606,Ribeirão das Neves,Kátia (Justinópolis),katia (justinopolis),-19.8157692,-44.0095787,brasil_aberto,True
MG,3154606,Ribeirão das Neves,Labanca (Justinópolis),labanca (justinopolis),-19.79730415,-44.02392578,brasil_aberto,True
MG,3154606,Ribeirão das Neves,Lagoa (Justinópolis),lagoa (justinopolis),-19.8071956,-44.0028596,brasil_aberto,True
MG,3154606,Ribeirão das Neves,Landi (Justinópolis),landi (justinopolis),-19.78405952,-43.98669434,brasil_aberto,True
MG,3154606,Ribeirão das Neves,Landi 2ª Seção (Justinópolis),landi 2ª secao (justinopolis),-19.78025436,-43.98630905,brasil_aberto,True
MG,3154606,Ribeirão das Neves,Laredo (Justinópolis),laredo (justinopolis),-19.8013371,-44.0014627,brasil_aberto,True
MG,3154606,Ribeirão das Neves,Liberdade,liberdade,-19.83004761,-44.08810425,brasil_aberto,True
MG,3154606,Ribeirão das Neves,Lidici (Justinópolis),lidici (justinopolis),,,brasil_aberto,True
MG,3154606,Ribeirão das Neves,Luana (Justinópolis),luana (justinopolis),-19.82424355,-44.03451157,brasil_aberto,True
MG,3154606,Ribeirão das Neves,Luar da Pampulha (Justinópolis),luar da pampulha (justinopolis),-19.81328583,-44.00931931,brasil_aberto,True
MG,3154606,Ribeirão das Neves,Maracanã (Justinópolis),maracana (justinopolis),-19.78652954,-44.01881027,brasil_aberto,True
MG,3154606,Ribeirão das Neves,Maracanã II (Justinópolis),maracana ii (justinopolis),-19.7870569,-44.0148995,brasil_aberto,True
MG,3154606,Ribeirão das Neves,Maria Helena (Justinópolis),maria helena (justinopolis),-19.78832054,-43.99488831,brasil_aberto,True
MG,3154606,Ribeirão das Neves,Maria Helena 2 (Justinópolis),maria helena 2 (justinopolis),-19.7940614,-43.9936148,brasil_aberto,True
MG,3154606,Ribeirão das Neves,Menezes (Justinópolis),menezes (justinopolis),-19.76452446,-44.03018188,brasil_aberto,True
MG,3154606,Ribeirão das Neves,Metropolitano,metropolitano,,,brasil_aberto,True
MG,3154606,Ribeirão das Neves,Monte Verde,monte verde,-19.8020757,-44.0580133,brasil_aberto,True
MG,3154606,Ribeirão das Neves,Nossa Senhora da Conceição,nossa senhora da conceicao,-19.7632375,-44.1369705,brasil_aberto,True
MG,3154606,Ribeirão das Neves,Nossa Senhora da Piedade (Justinópolis),nossa senhora da piedade (justinopolis),-19.7856298,-44.0209048,brasil_aberto,True
MG,3154606,Ribeirão das Neves,Nossa Senhora das Neves,nossa senhora das neves,-19.75051689,-44.15738297,brasil_aberto,True
MG,3154606,Ribeirão das Neves,Nossa Senhora de Fátima,nossa senhora de fatima,-19.7958381,-43.9964043,brasil_aberto,True
MG,3154606,Ribeirão das Neves,Nova União,nova uniao,-19.77700424,-44.07445526,brasil_aberto,True
MG,3154606,Ribeirão das Neves,Novo Laredo (Justinópolis),novo laredo (justinopolis),-19.80261803,-44.00601578,brasil_aberto,True
MG,3154606,Ribeirão das Neves,Nápoli,napoli,-19.8081247,-44.1040521,brasil_aberto,True
MG,3154606,Ribeirão das Neves,Papine (Justinópolis),papine (justinopolis),-19.8007845,-44.0194466,brasil_aberto,True
MG,3154606,Ribeirão das Neves,Paraíso das Piabas (Justinópolis),paraiso das piabas (justinopolis),-19.7773037,-44.02597809,brasil_aberto,True
MG,3154606,Ribeirão das Neves,Pedra Branca (Justinópolis),pedra branca (justinopolis),-19.7785145,-43.9845812,brasil_aberto,True
MG,3154606,Ribeirão das Neves,Penha (Justinópolis),penha (justinopolis),-19.80884361,-44.00418091,brasil_aberto,True
MG,3154606,Ribeirão das Neves,Porto Seguro,porto seguro,-19.7797822,-44.0637445,brasil_aberto,True
MG,3154606,Ribeirão das Neves,Quintas de Vera Cruz,quintas de vera cruz,-19.7415037,-44.0636879,brasil_aberto,True
MG,3154606,Ribeirão das Neves,Quintas do Lago,quintas do lago,-19.77227211,-44.09279633,brasil_aberto,True
MG,3154606,Ribeirão das Neves,Rosana,rosana,-19.7625618,-44.07833862,brasil_aberto,True
MG,3154606,Ribeirão das Neves,Rosaneves,rosaneves,-19.7415638,-44.08081055,brasil_aberto,True
MG,3154606,Ribeirão das Neves,Rosimeire (Justinópolis),rosimeire (justinopolis),-19.832902,-44.0339306,brasil_aberto,True
MG,3154606,Ribeirão das Neves,San Genaro,san genaro,-19.74733162,-44.1537323,brasil_aberto,True
MG,3154606,Ribeirão das Neves,San Marino,san marino,-19.8318753,-44.0774824,brasil_aberto,True
MG,3154606,Ribeirão das Neves,San Remo,san remo,-19.8239727,-44.08182526,brasil_aberto,True
MG,3154606,Ribeirão das Neves,Santa Branca (Justinópolis),santa branca (justinopolis),-19.77262497,-44.01445389,brasil_aberto,True
MG,3154606,Ribeirão das Neves,Santa Fé (Justinópolis),santa fe (justinopolis),-19.80810356,-44.00616837,brasil_aberto,True
MG,3154606,Ribeirão das Neves,Santa Isabel (Justinópolis),santa isabel (justinopolis),-19.7903468,-43.9979383,brasil_aberto,True
MG,3154606,Ribeirão das Neves,Santa Margarida (Justinópolis),santa margarida (justinopolis),-19.75245857,-43.99829865,brasil_aberto,True
MG,3154606,Ribeirão das Neves,Santa Marta,santa marta,-19.77639389,-44.07564926,brasil_aberto,True
MG,3154606,Ribeirão das Neves,Santa Martinha,santa martinha,-19.7687922,-44.0704089,brasil_aberto,True
MG,3154606,Ribeirão das Neves,Santa Matilde,santa matilde,-19.7682158,-44.0820375,brasil_aberto,True
MG,3154606,Ribeirão das Neves,Santa Paula,santa paula,-19.7781476,-44.0841513,brasil_aberto,True
MG,3154606,Ribeirão das Neves,Santana (Justinópolis),santana (justinopolis),-19.7573328,-44.0014458,brasil_aberto,True
MG,3154606,Ribeirão das Neves,Santana II,santana ii,-19.7573328,-44.0014458,brasil_aberto,True
MG,3154606,Ribeirão das Neves,Santinho,santinho,-19.74917793,-44.06336212,brasil_aberto,True
MG,3154606,Ribeirão das Neves,Santo Antônio,santo antonio,-19.76534843,-44.08180618,brasil_aberto,True
MG,3154606,Ribeirão das Neves,Savassi,savassi,-19.7763873,-44.0853492,brasil_aberto,True
MG,3154606,Ribeirão das Neves,Severina,severina,,,brasil_aberto,True
MG,3154606,Ribeirão das Neves,Sevilha (1ª Seção),sevilha (1ª secao),-19.7554049,-44.0737131,brasil_aberto,True
MG,3154606,Ribeirão das Neves,Sevilha (2ª Seção),sevilha (2ª secao),-19.7517335,-44.081033,brasil_aberto,True
MG,3154606,Ribeirão das Neves,Soares,soares,-19.8326194,-44.0426639,brasil_aberto,True
MG,3154606,Ribeirão das Neves,Status,status,-19.7801867,-44.0786102,brasil_aberto,True
MG,3154606,Ribeirão das Neves,Suely (Justinópolis),suely (justinopolis),-19.75645065,-43.99465942,brasil_aberto,True
MG,3154606,Ribeirão das Neves,São Geraldo,sao geraldo,-19.77408218,-44.08282089,brasil_aberto,True
MG,3154606,Ribeirão das Neves,São Januário (Justinópolis),sao januario (justinopolis),-19.80050468,-44.01180267,brasil_aberto,True
MG,3154606,Ribeirão das Neves,São José (Justinópolis ),sao jose (justinopolis ),-19.8055894,-44.0095117,brasil_aberto,True
MG,3154606,Ribeirão das Neves,São João de Deus (Justinópolis),sao joao de deus (justinopolis),-19.81048012,-44.0193367,brasil_aberto,True
MG,3154606,Ribeirão das Neves,São Judas Tadeu,sao judas tadeu,-19.78354645,-44.08367157,brasil_aberto,True
MG,3154606,Ribeirão das Neves,São Luiz,sao luiz,-19.79743576,-44.08021927,brasil_aberto,True
MG,3154606,Ribeirão das Neves,São Miguel Arcanjo (Justinópolis),sao miguel arcanjo (justinopolis),-19.8018589,-44.01439285,brasil_aberto,True
MG,3154606,Ribeirão das Neves,São Pedro,sao pedro,-19.77061844,-44.09118652,brasil_aberto,True
MG,3154606,Ribeirão das Neves,Sônia (Justinópolis),sonia (justinopolis),-19.80710793,-44.0114212,brasil_aberto,True
MG,3154606,Ribeirão das Neves,Tancredo Neves (Justinópolis),tancredo neves (justinopolis),-19.82523727,-44.01906204,brasil_aberto,True
MG,3154606,Ribeirão das Neves,Tocantins (Justinópolis),tocantins (justinopolis),-19.77491951,-43.9959259,brasil_aberto,True
MG,3154606,Ribeirão das Neves,Tony (Justinópolis),tony (justinopolis),-19.7951622,-44.00446701,brasil_aberto,True
MG,3154606,Ribeirão das Neves,Tropical (Justinópolis),tropical (justinopolis),-19.79485512,-44.01968765,brasil_aberto,True
MG,3154606,Ribeirão das Neves,Tânia,tania,-19.77090454,-44.08361435,brasil_aberto,True
MG,3154606,Ribeirão das Neves,Urca (Justinópolis),urca (justinopolis),-19.76452446,-44.03018188,brasil_aberto,True
MG,3154606,Ribeirão das Neves,Vale Verde,vale verde,-19.77084351,-44.12901688,brasil_aberto,True
MG,3154606,Ribeirão das Neves,Vale da Prata,vale da prata,-19.8080765,-44.2215781,brasil_aberto,True
MG,3154606,Ribeirão das Neves,Vale das Acácias,vale das acacias,-19.75484657,-44.1387825,brasil_aberto,True
MG,3154606,Ribeirão das Neves,Veneza,veneza,-19.77110481,-44.13312531,brasil_aberto,True
MG,3154606,Ribeirão das Neves,Vera Lúcia (Justinópolis),vera lucia (justinopolis),-19.79675865,-44.02718353,brasil_aberto,True
MG,3154606,Ribeirão das Neves,Vereda,vereda,-19.82670403,-44.09261322,brasil_aberto,True
MG,3154606,Ribeirão das Neves,Verônica,veronica,-19.8304394,-44.0351322,brasil_aberto,True
MG,3154606,Ribeirão das Neves,Viena (Justinópolis),viena (justinopolis),-19.80764961,-44.02966309,brasil_aberto,True
MG,3154606,Ribeirão das Neves,Vila Aparecida,vila aparecida,-19.77878,-44.08515,brasil_aberto,True
MG,3154606,Ribeirão das Neves,Vila Bispo de Maura,vila bispo de maura,-19.8273693,-44.014957,brasil_aberto,True
MG,3154606,Ribeirão das Neves,Vila Delma (Justinópolis),vila delma (justinopolis),-19.79225731,-43.9996109,brasil_aberto,True
MG,3154606,Ribeirão das Neves,Vila Esplanada,vila esplanada,-19.7652874,-44.09270096,brasil_aberto,True
MG,3154606,Ribeirão das Neves,Vila Fluminense,vila fluminense,-19.7929318,-44.0023449,brasil_aberto,True
MG,3154606,Ribeirão das Neves,Vila Mariana,vila mariana,-19.7711041,-44.09429309999999,brasil_aberto,True
MG,3154606,Ribeirão das Neves,Vila Real (Justinópolis),vila real (justinopolis),-19.8194294,-44.02402878,brasil_aberto,True
MG,3154606,Ribeirão das Neves,Vila Santa Branca (Justinópolis),vila santa branca (justinopolis),-19.80353928,-44.00052261,brasil_aberto,True
MG,3154606,Ribeirão das Neves,Vila Santa Cruz (Justinópolis),vila santa cruz (justinopolis),-19.7971611,-44.00325012,brasil_aberto,True
MG,3154606,Ribeirão das Neves,Vila Terezópolis,vila terezopolis,-19.8292888,-44.0209701,brasil_aberto,True
MG,3154606,Ribeirão das Neves,Vila do Cacique,vila do cacique,-19.76063156,-44.10012436,brasil_aberto,True
MG,3154606,Ribeirão das Neves,Vila do Sapé,vila do sape,-19.75603485,-44.09654617,brasil_aberto,True
MG,3154606,Ribeirão das Neves,Vilage dos Chalés (Justinópolis),vilage dos chales (justinopolis),-19.818106,-44.0269676,brasil_aberto,True
MG,3154606,Ribeirão das Neves,Várzea Alegre,varzea alegre,-19.76800728,-44.08736038,brasil_aberto,True
MG,3154606,Ribeirão das Neves,Xangrilá (Justinópolis),xangrila (justinopolis),,,brasil_aberto,True
MG,3154606,Ribeirão das Neves,Área Rural de Ribeirão das Neves,area rural de ribeirao das neves,-19.7664446,-44.0871942,brasil_aberto,True
MG,3154804,Rio Acima,Jatobá,jatoba,-20.09015274,-43.78947449,brasil_aberto,True
MG,3154903,Rio Casca,Centro,centro,-20.22399139,-42.65132523,brasil_aberto,True
MG,3154903,Rio Casca,Jurumirim,jurumirim,-20.14005852,-42.68031693,brasil_aberto,True
MG,3155009,Rio Doce,Centro,centro,-20.24738693,-42.89507675,brasil_aberto,True
MG,3155207,Rio Espera,Centro,centro,-20.8566975,-43.4741171,brasil_aberto,True
MG,3155207,Rio Espera,Piranguita,piranguita,-20.82498169,-43.59252548,brasil_aberto,True
MG,3155207,Rio Espera,Rio Melo,rio melo,-20.84065056,-43.55189133,brasil_aberto,True
MG,3155306,Rio Manso,Bernardas,bernardas,-20.2897377,-44.3359642,brasil_aberto,True
MG,3155306,Rio Manso,Cachoeira dos Antunes,cachoeira dos antunes,-20.23377228,-44.28068161,brasil_aberto,True
MG,3155306,Rio Manso,Centro,centro,-20.2662405,-44.3092738,brasil_aberto,True
MG,3155306,Rio Manso,Souza,souza,-20.19091606,-44.32098389,brasil_aberto,True
MG,3155405,Rio Novo,Centro,centro,-21.47465706,-43.12651062,brasil_aberto,True
MG,3155504,Rio Paranaíba,Abaeté dos Mendes,abaete dos mendes,-19.1474913,-46.1299325,brasil_aberto,True
MG,3155504,Rio Paranaíba,Centro,centro,-19.1867579,-46.2528478,brasil_aberto,True
MG,3155504,Rio Paranaíba,Chaves,chaves,-19.1980409,-46.2368621,brasil_aberto,True
MG,3155603,Rio Pardo de Minas,Centro,centro,-15.6114052,-42.5390899,brasil_aberto,True
MG,3155603,Rio Pardo de Minas,Serra Nova,serra nova,-15.6393279,-42.7303045,brasil_aberto,True
MG,3155702,Rio Piracicaba,Centro,centro,-19.9275729,-43.1688899,brasil_aberto,True
MG,3155702,Rio Piracicaba,Conceição de Piracicaba,conceicao de piracicaba,-19.9043332,-43.0938123,brasil_aberto,True
MG,3155702,Rio Piracicaba,Padre Pinto,padre pinto,-20.00528526,-43.09260178,brasil_aberto,True
MG,3155801,Rio Pomba,Centro,centro,-21.2728611,-43.179377,brasil_aberto,True
MG,3155900,Rio Preto,Centro,centro,-22.08912468,-43.82765961,brasil_aberto,True
MG,3155900,Rio Preto,São Sebastião do Barreado,sao sebastiao do barreado,-22.06515312,-43.64317322,brasil_aberto,True
MG,3156007,Rio Vermelho,Centro,centro,-18.2929299,-43.007926,brasil_aberto,True
MG,3156007,Rio Vermelho,Pedra Menina,pedra menina,-20.55345917,-41.81737137,brasil_aberto,True
MG,3155108,Rio do Prado,Centro,centro,-16.6088473,-40.5701866,brasil_aberto,True
MG,3156106,Ritápolis,Centro,centro,-20.66154861,-43.78724289,brasil_aberto,True
MG,3156106,Ritápolis,Penedo,penedo,,,brasil_aberto,True
MG,3156106,Ritápolis,Prainha,prainha,,,brasil_aberto,True
MG,3156106,Ritápolis,Restinga de Cima,restinga de cima,,,brasil_aberto,True
MG,3156205,Rochedo de Minas,Centro,centro,-21.626631,-43.0183726,brasil_aberto,True
MG,3156304,Rodeiro,Centro,centro,-21.20074081,-42.86640549,brasil_aberto,True
MG,3156403,Romaria,Centro,centro,-21.03842163,-44.76299667,brasil_aberto,True
MG,3156452,Rosário da Limeira,Centro,centro,-20.97924232,-42.51055908,brasil_aberto,True
MG,3156502,Rubelita,Centro,centro,-21.5385226,-42.6446402,brasil_aberto,True
MG,3156601,Rubim,Centro,centro,-16.375835,-40.53957200000001,brasil_aberto,True
MG,3156601,Rubim,Itapiru,itapiru,-16.51967621,-40.44306946,brasil_aberto,True
MG,3156700,Sabará,Adelmolândia,adelmolandia,-19.90221977,-43.81428528,brasil_aberto,True
MG,3156700,Sabará,Alto do Cabral,alto do cabral,-19.88319206,-43.80379868,brasil_aberto,True
MG,3156700,Sabará,Alto do Fidalgo,alto do fidalgo,-19.8936617,-43.7976524,brasil_aberto,True
MG,3156700,Sabará,Alvorada,alvorada,-19.87700653,-43.89569855,brasil_aberto,True
MG,3156700,Sabará,Ana Lúcia,ana lucia,-19.9162091,-43.8735903,brasil_aberto,True
MG,3156700,Sabará,Arraial Velho,arraial velho,-21.78575134,-43.39140701,brasil_aberto,True
MG,3156700,Sabará,Borba Gato,borba gato,-19.8330217,-43.8466199,brasil_aberto,True
MG,3156700,Sabará,Borges,borges,-18.85918808,-40.74049377,brasil_aberto,True
MG,3156700,Sabará,Caieira,caieira,-19.8922362,-43.816515,brasil_aberto,True
MG,3156700,Sabará,Campo Santo Antônio,campo santo antonio,-19.8847269,-43.7977979,brasil_aberto,True
MG,3156700,Sabará,Castanheiras,castanheiras,-19.90941811,-43.87902069,brasil_aberto,True
MG,3156700,Sabará,Centro,centro,-19.88743973,-43.80846405,brasil_aberto,True
MG,3156700,Sabará,Conjunto Morada da Serra,conjunto morada da serra,-19.8953428,-43.7950308,brasil_aberto,True
MG,3156700,Sabará,Conjunto Residencial São José,conjunto residencial sao jose,-19.8834637,-43.8462616,brasil_aberto,True
MG,3156700,Sabará,Córrego da Ilha,corrego da ilha,-19.8964138,-43.8038063,brasil_aberto,True
MG,3156700,Sabará,Distrito Industrial Nossa Senhora de Fátima,distrito industrial nossa senhora de fatima,-19.8650577,-43.8649341,brasil_aberto,True
MG,3156700,Sabará,Distrito Industrial Operário Raimundo Fantini,distrito industrial operario raimundo fantini,-19.9040312,-43.815737,brasil_aberto,True
MG,3156700,Sabará,Distrito Industrial Simão da Cunha,distrito industrial simao da cunha,-18.85918808,-40.74049377,brasil_aberto,True
MG,3156700,Sabará,Esplanada,esplanada,-19.8867321,-43.79476547,brasil_aberto,True
MG,3156700,Sabará,Fogo Apagou,fogo apagou,-19.89805412,-43.81416321,brasil_aberto,True
MG,3156700,Sabará,General Carneiro (Chacreamento Ipê Amarelo),general carneiro (chacreamento ipe amarelo),-19.89791679,-43.85231781,brasil_aberto,True
MG,3156700,Sabará,Granja de Freitas,granja de freitas,-19.9077733,-43.8828418,brasil_aberto,True
MG,3156700,Sabará,Itacolomi,itacolomi,-19.87495422,-43.85073853,brasil_aberto,True
MG,3156700,Sabará,Jardim Castanheiras,jardim castanheiras,-19.92496872,-43.88100815,brasil_aberto,True
MG,3156700,Sabará,Jardim dos Borges,jardim dos borges,-19.8405056,-43.85535049,brasil_aberto,True
MG,3156700,Sabará,Lava Pés (Ravena),lava pes (ravena),-19.7787869,-43.7521985,brasil_aberto,True
MG,3156700,Sabará,Luiz Souza Lima,luiz souza lima,-19.89720535,-43.92736053,brasil_aberto,True
MG,3156700,Sabará,Mangabeiras,mangabeiras,-19.87512207,-43.79623795,brasil_aberto,True
MG,3156700,Sabará,Mangueiras,mangueiras,-19.87706757,-43.79544449,brasil_aberto,True
MG,3156700,Sabará,Mestre Caetano,mestre caetano,-19.859375,-43.75237274,brasil_aberto,True
MG,3156700,Sabará,Morro São Francisco,morro sao francisco,-19.89016724,-43.81414413,brasil_aberto,True
MG,3156700,Sabará,Morro da Cruz,morro da cruz,-19.89599228,-43.80905914,brasil_aberto,True
MG,3156700,Sabará,Nações Unidas,nacoes unidas,-19.88040352,-43.86326599,brasil_aberto,True
MG,3156700,Sabará,Nossa Senhora da Conceição,nossa senhora da conceicao,-19.88385201,-43.80031967,brasil_aberto,True
MG,3156700,Sabará,Nossa Senhora de Fátima,nossa senhora de fatima,-19.86335182,-43.85780716,brasil_aberto,True
MG,3156700,Sabará,Nossa Senhora do Ó,nossa senhora do o,-19.88497734,-43.79475784,brasil_aberto,True
MG,3156700,Sabará,Nova Vista,nova vista,-19.88838005,-43.89663696,brasil_aberto,True
MG,3156700,Sabará,Novo Alvorada,novo alvorada,-19.8698101,-43.89413834,brasil_aberto,True
MG,3156700,Sabará,Novo Horizonte,novo horizonte,-19.8898739,-43.8872989,brasil_aberto,True
MG,3156700,Sabará,Novo Santa Inês,novo santa ines,-19.86130714,-43.85810852,brasil_aberto,True
MG,3156700,Sabará,Paciência,paciencia,-19.9131813,-43.82194901,brasil_aberto,True
MG,3156700,Sabará,Padre Chiquinho,padre chiquinho,-19.89190292,-43.80272675,brasil_aberto,True
MG,3156700,Sabará,Pompeu,pompeu,-19.86901093,-43.77394485,brasil_aberto,True
MG,3156700,Sabará,Praia dos Bandeirantes,praia dos bandeirantes,-19.89204407,-43.80497742,brasil_aberto,True
MG,3156700,Sabará,Ravena,ravena,-19.79171562,-43.7553215,brasil_aberto,True
MG,3156700,Sabará,Ravenópolis (Ravena),ravenopolis (ravena),-19.7962678,-43.75585359999999,brasil_aberto,True
MG,3156700,Sabará,Rio Negro,rio negro,-19.87812996,-43.8972435,brasil_aberto,True
MG,3156700,Sabará,Rosário,rosario,-19.88780212,-43.8289032,brasil_aberto,True
MG,3156700,Sabará,Roça Grande,roca grande,-19.89601135,-43.83276367,brasil_aberto,True
MG,3156700,Sabará,Santana,santana,-19.8920284,-43.8422414,brasil_aberto,True
MG,3156700,Sabará,Santo Antônio (Roça Grande),santo antonio (roca grande),-19.89035034,-43.83394241,brasil_aberto,True
MG,3156700,Sabará,Siderúrgica,siderurgica,-19.87710762,-43.78295135,brasil_aberto,True
MG,3156700,Sabará,Sobradinho,sobradinho,-19.8716635,-43.83740179999999,brasil_aberto,True
MG,3156700,Sabará,São Francisco,sao francisco,-19.89023972,-43.81668472,brasil_aberto,True
MG,3156700,Sabará,São José,sao jose,-19.8837135,-43.8464765,brasil_aberto,True
MG,3156700,Sabará,Terra Santa,terra santa,-19.88450432,-43.80876923,brasil_aberto,True
MG,3156700,Sabará,Valparaíso,valparaiso,-19.90092659,-43.81018829,brasil_aberto,True
MG,3156700,Sabará,Vila Amélia Moreira,vila amelia moreira,-18.85918808,-40.74049377,brasil_aberto,True
MG,3156700,Sabará,Vila Bom Retiro,vila bom retiro,-19.87730408,-43.90245438,brasil_aberto,True
MG,3156700,Sabará,Vila Campinas,vila campinas,-19.88383675,-43.79491425,brasil_aberto,True
MG,3156700,Sabará,Vila Esperança,vila esperanca,-19.88766289,-43.81267548,brasil_aberto,True
MG,3156700,Sabará,Vila Eugênio Rossi,vila eugenio rossi,-19.88383484,-43.85795212,brasil_aberto,True
MG,3156700,Sabará,Vila Francisco de Moura,vila francisco de moura,-19.89505196,-43.79981232,brasil_aberto,True
MG,3156700,Sabará,Vila Marzagão,vila marzagao,-19.89583588,-43.86422348,brasil_aberto,True
MG,3156700,Sabará,Vila Michel,vila michel,-19.8775453,-43.7953626,brasil_aberto,True
MG,3156700,Sabará,Vila Nova Vista,vila nova vista,-19.8828412,-43.8949677,brasil_aberto,True
MG,3156700,Sabará,Vila Rica,vila rica,-19.8840332,-43.85487366,brasil_aberto,True
MG,3156700,Sabará,Vila Santa Cruz,vila santa cruz,-19.88012505,-43.79651642,brasil_aberto,True
MG,3156700,Sabará,Vila Santa Rita,vila santa rita,-19.88586235,-43.86130524,brasil_aberto,True
MG,3156700,Sabará,Vila Santo Antônio,vila santo antonio,-19.88737106,-43.8345871,brasil_aberto,True
MG,3156700,Sabará,Vila Santo Antônio de Pádua,vila santo antonio de padua,-19.8924942,-43.79864883,brasil_aberto,True
MG,3156700,Sabará,Vila São Sebastião,vila sao sebastiao,-19.88913536,-43.86161041,brasil_aberto,True
MG,3156700,Sabará,Vila dos Coqueiros,vila dos coqueiros,-19.8837722,-43.8344118,brasil_aberto,True
MG,3156700,Sabará,Villa Real,villa real,-19.89917755,-43.82064056,brasil_aberto,True
MG,3156700,Sabará,Água Férrea,agua ferrea,-19.8955555,-43.81895828,brasil_aberto,True
MG,3156700,Sabará,Área Rural de Sabará,area rural de sabara,-19.8948501,-43.814814,brasil_aberto,True
MG,3156809,Sabinópolis,Centro,centro,-18.666423,-43.0828858,brasil_aberto,True
MG,3156809,Sabinópolis,Euxenita,euxenita,-18.54081535,-43.02687454,brasil_aberto,True
MG,3156809,Sabinópolis,Quilombo,quilombo,-18.81783104,-43.15697861,brasil_aberto,True
MG,3156908,Sacramento,Centro,centro,-19.46102142,-44.24789047,brasil_aberto,True
MG,3156908,Sacramento,Desemboque,desemboque,-20.01667213,-47.02097702,brasil_aberto,True
MG,3157005,Salinas,Centro,centro,-16.1670677,-42.2944865,brasil_aberto,True
MG,3157005,Salinas,Ferreirópolis,ferreiropolis,-15.98800373,-42.23027039,brasil_aberto,True
MG,3157104,Salto da Divisa,Centro,centro,-15.9971985,-39.9501449,brasil_aberto,True
MG,3157203,Santa Bárbara,Barra Feliz,barra feliz,-19.96370316,-43.46010208,brasil_aberto,True
MG,3157203,Santa Bárbara,Brumal,brumal,-19.98817635,-43.4552002,brasil_aberto,True
MG,3157203,Santa Bárbara,Centro,centro,-11.9581485,-38.974351,brasil_aberto,True
MG,3157203,Santa Bárbara,Conceição do Rio Acima,conceicao do rio acima,-20.07493591,-43.5827446,brasil_aberto,True
MG,3157203,Santa Bárbara,Florália,floralia,-19.95199013,-43.3122673,brasil_aberto,True
MG,3157203,Santa Bárbara,São Vicente,sao vicente,-19.9711036,-43.4071134,brasil_aberto,True
MG,3157252,Santa Bárbara do Leste,Centro,centro,-19.97725868,-42.14733124,brasil_aberto,True
MG,3157278,Santa Bárbara do Monte Verde,Centro,centro,-21.95892525,-43.70222092,brasil_aberto,True
MG,3157302,Santa Bárbara do Tugúrio,Bom Retiro,bom retiro,-19.50842857,-42.55931473,brasil_aberto,True
MG,3157302,Santa Bárbara do Tugúrio,Centro,centro,-21.25473785,-43.55883026,brasil_aberto,True
MG,3157336,Santa Cruz de Minas,Centro,centro,-19.9324379,-43.92481232,brasil_aberto,True
MG,3157377,Santa Cruz de Salinas,Centro,centro,-20.13105011,-44.90885544,brasil_aberto,True
MG,3157401,Santa Cruz do Escalvado,Centro,centro,-20.2359581,-42.81506348,brasil_aberto,True
MG,3157401,Santa Cruz do Escalvado,São Sebastião do Soberbo,sao sebastiao do soberbo,-20.25045013,-42.87768936,brasil_aberto,True
MG,3157401,Santa Cruz do Escalvado,Zito Soares,zito soares,-20.18051338,-42.75668335,brasil_aberto,True
MG,3157500,Santa Efigênia de Minas,Centro,centro,-18.82835579,-42.4394722,brasil_aberto,True
MG,3157609,Santa Fé de Minas,Centro,centro,-21.6622409,-45.2181508,brasil_aberto,True
MG,3157658,Santa Helena de Minas,Bom Jesus da Vitória,bom jesus da vitoria,-16.8264447,-40.6230836,brasil_aberto,True
MG,3157658,Santa Helena de Minas,Centro,centro,-16.9372106,-40.6867317,brasil_aberto,True
MG,3157708,Santa Juliana,Centro,centro,-19.31163788,-47.52653503,brasil_aberto,True
MG,3157708,Santa Juliana,Zelândia,zelandia,-19.3126459,-47.5269907,brasil_aberto,True
MG,3157807,Santa Luzia,Adeodato,adeodato,-19.76092148,-43.84666824,brasil_aberto,True
MG,3157807,Santa Luzia,Asteca (São Benedito),asteca (sao benedito),-19.78660202,-43.93138123,brasil_aberto,True
MG,3157807,Santa Luzia,Bagaço,bagaco,-19.7699087,-43.8922092,brasil_aberto,True
MG,3157807,Santa Luzia,Baronesa (São Benedito),baronesa (sao benedito),-19.79390144,-43.91080475,brasil_aberto,True
MG,3157807,Santa Luzia,Barreiro do Amaral,barreiro do amaral,-19.72668648,-43.84877777,brasil_aberto,True
MG,3157807,Santa Luzia,Bela Vista,bela vista,-19.76370049,-43.85246277,brasil_aberto,True
MG,3157807,Santa Luzia,Belo Vale,belo vale,-19.77756882,-43.9140892,brasil_aberto,True
MG,3157807,Santa Luzia,Belvedere,belvedere,-19.78389359,-43.8502121,brasil_aberto,True
MG,3157807,Santa Luzia,Bicas,bicas,-19.80224228,-43.88399124,brasil_aberto,True
MG,3157807,Santa Luzia,Boa Esperança,boa esperanca,-19.7622368,-43.8814737,brasil_aberto,True
MG,3157807,Santa Luzia,Bom Destino,bom destino,-19.82598877,-43.83255768,brasil_aberto,True
MG,3157807,Santa Luzia,Bom Jesus,bom jesus,-19.75554848,-43.8454361,brasil_aberto,True
MG,3157807,Santa Luzia,Bonanza,bonanza,-19.77310944,-43.83501434,brasil_aberto,True
MG,3157807,Santa Luzia,Camelos,camelos,-19.76433945,-43.8532753,brasil_aberto,True
MG,3157807,Santa Luzia,Casa Branca,casa branca,-19.7907463,-43.8612394,brasil_aberto,True
MG,3157807,Santa Luzia,Castanheira,castanheira,-19.7691633,-43.9204629,brasil_aberto,True
MG,3157807,Santa Luzia,Centro,centro,-19.76713562,-43.85053253,brasil_aberto,True
MG,3157807,Santa Luzia,Chácaras Gervásio Monteiro Lara (São Benedito),chacaras gervasio monteiro lara (sao benedito),-19.7803509,-43.9064874,brasil_aberto,True
MG,3157807,Santa Luzia,Chácaras Santa Inês (São Benedito),chacaras santa ines (sao benedito),-19.78693581,-43.91693878,brasil_aberto,True
MG,3157807,Santa Luzia,Colorado,colorado,-19.75627327,-43.83862686,brasil_aberto,True
MG,3157807,Santa Luzia,Comunidade Sítio Teresópolis,comunidade sitio teresopolis,-19.7986142,-43.8043651,brasil_aberto,True
MG,3157807,Santa Luzia,Condomínio Estância dos Lagos,condominio estancia dos lagos,-19.75566101,-43.86117935,brasil_aberto,True
MG,3157807,Santa Luzia,Condomínio Rural Canto da Serra,condominio rural canto da serra,-19.81414032,-43.799366,brasil_aberto,True
MG,3157807,Santa Luzia,Conjunto Cristina (São Benedito),conjunto cristina (sao benedito),-19.78133965,-43.92026901,brasil_aberto,True
MG,3157807,Santa Luzia,Conjunto Habitacional Carreira Comprida,conjunto habitacional carreira comprida,-19.76242828,-43.8816185,brasil_aberto,True
MG,3157807,Santa Luzia,Córrego Frio,corrego frio,-19.78325653,-43.86401367,brasil_aberto,True
MG,3157807,Santa Luzia,Córrego Tenente,corrego tenente,-19.750395,-43.8327184,brasil_aberto,True
MG,3157807,Santa Luzia,Distrito Industrial Deputado Simão da Cunha,distrito industrial deputado simao da cunha,-19.7992994,-43.8677653,brasil_aberto,True
MG,3157807,Santa Luzia,Divino,divino,-19.7620837,-43.8575903,brasil_aberto,True
MG,3157807,Santa Luzia,Dona Rosarinha,dona rosarinha,-19.8053093,-43.88995361,brasil_aberto,True
MG,3157807,Santa Luzia,Duquesa I (São Benedito),duquesa i (sao benedito),-19.77828026,-43.90095139,brasil_aberto,True
MG,3157807,Santa Luzia,Duquesa II (São Benedito),duquesa ii (sao benedito),-19.77434349,-43.89651108,brasil_aberto,True
MG,3157807,Santa Luzia,Esplanada,esplanada,-19.76538658,-43.84648514,brasil_aberto,True
MG,3157807,Santa Luzia,Fazendinha do Barão,fazendinha do barao,-19.7563948,-43.824485,brasil_aberto,True
MG,3157807,Santa Luzia,Fecho,fecho,-19.7447802,-43.8297489,brasil_aberto,True
MG,3157807,Santa Luzia,Frimisa,frimisa,-19.76727486,-43.88863754,brasil_aberto,True
MG,3157807,Santa Luzia,Gameleira,gameleira,-19.78825188,-43.87796783,brasil_aberto,True
MG,3157807,Santa Luzia,Idulipê,idulipe,-19.77308273,-43.84699631,brasil_aberto,True
MG,3157807,Santa Luzia,Imperial,imperial,-19.76327133,-43.82255554,brasil_aberto,True
MG,3157807,Santa Luzia,Industrial Americano,industrial americano,-19.75511742,-43.8343277,brasil_aberto,True
MG,3157807,Santa Luzia,Kennedy,kennedy,-19.7532226,-43.8422414,brasil_aberto,True
MG,3157807,Santa Luzia,Liberdade,liberdade,-19.78968048,-43.89688873,brasil_aberto,True
MG,3157807,Santa Luzia,Londrina (São Benedito),londrina (sao benedito),-19.79319763,-43.92155075,brasil_aberto,True
MG,3157807,Santa Luzia,Luxemburgo,luxemburgo,-19.7951746,-43.9031927,brasil_aberto,True
MG,3157807,Santa Luzia,Maria Adélia,maria adelia,-19.75767708,-43.85258484,brasil_aberto,True
MG,3157807,Santa Luzia,Maria Antonieta Mello Azevedo (São Benedito),maria antonieta mello azevedo (sao benedito),-19.76947594,-43.9383049,brasil_aberto,True
MG,3157807,Santa Luzia,Monte Carlo,monte carlo,-19.77754593,-43.8927269,brasil_aberto,True
MG,3157807,Santa Luzia,Morada do Rio,morada do rio,-19.78201103,-43.8711319,brasil_aberto,True
MG,3157807,Santa Luzia,Moreira,moreira,-19.77069664,-43.85484314,brasil_aberto,True
MG,3157807,Santa Luzia,Natividade,natividade,-19.96434975,-43.98695374,brasil_aberto,True
MG,3157807,Santa Luzia,Nossa Senhora da Conceição,nossa senhora da conceicao,-19.76609421,-43.88013077,brasil_aberto,True
MG,3157807,Santa Luzia,Nossa Senhora das Graças,nossa senhora das gracas,-19.78086472,-43.87203217,brasil_aberto,True
MG,3157807,Santa Luzia,Nossa Senhora do Carmo,nossa senhora do carmo,-19.77742767,-43.86812592,brasil_aberto,True
MG,3157807,Santa Luzia,Nova Conquista (São Benedito),nova conquista (sao benedito),-19.77933502,-43.91663361,brasil_aberto,True
MG,3157807,Santa Luzia,Nova Esperança,nova esperanca,-19.75064278,-43.87570572,brasil_aberto,True
MG,3157807,Santa Luzia,Nova Esperança (São Benedito),nova esperanca (sao benedito),-19.7647438,-43.93879318,brasil_aberto,True
MG,3157807,Santa Luzia,Novo Centro,novo centro,-19.8053092,-43.8899523,brasil_aberto,True
MG,3157807,Santa Luzia,Padre Miguel,padre miguel,-19.8153073,-43.886741,brasil_aberto,True
MG,3157807,Santa Luzia,Padre Miguel (São Benedito),padre miguel (sao benedito),-19.7820045,-43.9196915,brasil_aberto,True
MG,3157807,Santa Luzia,Petrópolis,petropolis,-22.52433014,-43.21798325,brasil_aberto,True
MG,3157807,Santa Luzia,Pinhões,pinhoes,-19.70866394,-43.80464172,brasil_aberto,True
MG,3157807,Santa Luzia,Pousada Del Rey (São Benedito),pousada del rey (sao benedito),,,brasil_aberto,True
MG,3157807,Santa Luzia,Pérola Negra,perola negra,-19.7811007,-43.8913479,brasil_aberto,True
MG,3157807,Santa Luzia,Quarenta e Dois,quarenta e dois,-19.78212738,-43.84774399,brasil_aberto,True
MG,3157807,Santa Luzia,Recanto Flamboyant,recanto flamboyant,-20.16808128,-45.58606339,brasil_aberto,True
MG,3157807,Santa Luzia,Recanto da Mata I,recanto da mata i,,,brasil_aberto,True
MG,3157807,Santa Luzia,Recanto da Mata II,recanto da mata ii,,,brasil_aberto,True
MG,3157807,Santa Luzia,Recanto do Olaria,recanto do olaria,-19.7526091,-43.8459159,brasil_aberto,True
MG,3157807,Santa Luzia,Retiro do Recreio e Olaria,retiro do recreio e olaria,-19.7529819,-43.8448429,brasil_aberto,True
MG,3157807,Santa Luzia,Rio das Velhas,rio das velhas,-19.7773037,-43.86660004,brasil_aberto,True
MG,3157807,Santa Luzia,Santa Helena,santa helena,-19.7478864,-43.8311194,brasil_aberto,True
MG,3157807,Santa Luzia,Santa Matilde,santa matilde,-19.7820463,-43.8492141,brasil_aberto,True
MG,3157807,Santa Luzia,Santa Mônica,santa monica,-19.76749611,-43.84659195,brasil_aberto,True
MG,3157807,Santa Luzia,Santa Rita,santa rita,-19.80728149,-43.88701248,brasil_aberto,True
MG,3157807,Santa Luzia,São Benedito,sao benedito,-19.79196548,-43.93942642,brasil_aberto,True
MG,3157807,Santa Luzia,São Cosme de Baixo (São Benedito),sao cosme de baixo (sao benedito),-19.7806756,-43.9016301,brasil_aberto,True
MG,3157807,Santa Luzia,São Cosme de Cima (São Benedito),sao cosme de cima (sao benedito),-19.77098083,-43.94339371,brasil_aberto,True
MG,3157807,Santa Luzia,São Geraldo,sao geraldo,-19.76226425,-43.8588829,brasil_aberto,True
MG,3157807,Santa Luzia,São João Batista,sao joao batista,-19.7714653,-43.87410736,brasil_aberto,True
MG,3157807,Santa Luzia,Sítio Boa Vista,sitio boa vista,-19.8008916,-43.873403,brasil_aberto,True
MG,3157807,Santa Luzia,Sítio Esparra,sitio esparra,-19.7967346,-43.9022663,brasil_aberto,True
MG,3157807,Santa Luzia,Três Corações,tres coracoes,-19.76737022,-43.92802429,brasil_aberto,True
MG,3157807,Santa Luzia,Vale das Acácias,vale das acacias,-19.79709435,-43.89024734,brasil_aberto,True
MG,3157807,Santa Luzia,Vale do Tamanduá,vale do tamandua,-19.80438995,-43.84458923,brasil_aberto,True
MG,3157807,Santa Luzia,Vale dos Coqueiros,vale dos coqueiros,-19.79232979,-43.88857269,brasil_aberto,True
MG,3157807,Santa Luzia,Vila Beatriz (São Benedito),vila beatriz (sao benedito),-19.79844093,-43.9248085,brasil_aberto,True
MG,3157807,Santa Luzia,Vila Capitão Paulo,vila capitao paulo,-19.7657339,-43.8403129,brasil_aberto,True
MG,3157807,Santa Luzia,Vila Jaqueline,vila jaqueline,-19.7518311,-43.8421186,brasil_aberto,True
MG,3157807,Santa Luzia,Vila Olga,vila olga,-19.7820797,-43.87575912,brasil_aberto,True
MG,3157807,Santa Luzia,Vila Otoni,vila otoni,-19.7620837,-43.8575903,brasil_aberto,True
MG,3157807,Santa Luzia,Vila Santa Mônica,vila santa monica,-19.7671051,-43.84769058,brasil_aberto,True
MG,3157807,Santa Luzia,Vila Santo Antônio (São Benedito),vila santo antonio (sao benedito),-19.80036354,-43.91013336,brasil_aberto,True
MG,3157807,Santa Luzia,Vila São Mateus,vila sao mateus,-19.7672385,-43.8644365,brasil_aberto,True
MG,3157807,Santa Luzia,Vila das Mansões,vila das mansoes,-19.7671051,-43.84769058,brasil_aberto,True
MG,3157807,Santa Luzia,Vila Íris,vila iris,-19.78086472,-43.87203217,brasil_aberto,True
MG,3157807,Santa Luzia,Área Rural de Santa Luzia,area rural de santa luzia,,,brasil_aberto,True
MG,3157906,Santa Margarida,Centro,centro,-20.38426971,-42.25279236,brasil_aberto,True
MG,3157906,Santa Margarida,Ribeirão de São Domingos,ribeirao de sao domingos,-20.46593285,-42.2818985,brasil_aberto,True
MG,3158003,Santa Maria de Itabira,Centro,centro,-18.84817886,-41.9325943,brasil_aberto,True
MG,3158003,Santa Maria de Itabira,Itauninha,itauninha,-19.39505577,-43.01719666,brasil_aberto,True
MG,3158102,Santa Maria do Salto,Centro,centro,-16.24875259,-40.14664841,brasil_aberto,True
MG,3158201,Santa Maria do Suaçuí,Brejo de Minas,brejo de minas,-18.2949896,-42.3817515,brasil_aberto,True
MG,3158201,Santa Maria do Suaçuí,Centro,centro,-18.1901069,-42.4182107,brasil_aberto,True
MG,3158201,Santa Maria do Suaçuí,Glucínio,glucinio,-18.2090869,-42.3379552,brasil_aberto,True
MG,3158201,Santa Maria do Suaçuí,Poaia,poaia,-18.3162024,-42.20854,brasil_aberto,True
MG,3159209,Santa Rita de Caldas,Centro,centro,-22.02911377,-46.3362999,brasil_aberto,True
MG,3159209,Santa Rita de Caldas,Pião,piao,-22.11567497,-46.3766098,brasil_aberto,True
MG,3159209,Santa Rita de Caldas,São Bento de Caldas,sao bento de caldas,-22.13163185,-46.31068802,brasil_aberto,True
MG,3159407,Santa Rita de Ibitipoca,Bom Jesus do Vermelho,bom jesus do vermelho,-21.6084844,-43.8605983,brasil_aberto,True
MG,3159407,Santa Rita de Ibitipoca,Centro,centro,-21.5649665,-43.9149187,brasil_aberto,True
MG,3159407,Santa Rita de Ibitipoca,Paraíso Garcia,paraiso garcia,-21.53157806,-43.86235428,brasil_aberto,True
MG,3159308,Santa Rita de Jacutinga,Centro,centro,-22.1489729,-44.0929301,brasil_aberto,True
MG,3159308,Santa Rita de Jacutinga,Itaboca,itaboca,-22.04422569,-44.07857513,brasil_aberto,True
MG,3159357,Santa Rita de Minas,Centro,centro,-19.87555122,-42.133358,brasil_aberto,True
MG,3159506,Santa Rita do Itueto,Aldeamento,aldeamento,-19.3778171,-41.3185994,brasil_aberto,True
MG,3159506,Santa Rita do Itueto,Centro,centro,-19.35730553,-41.38201141,brasil_aberto,True
MG,3159506,Santa Rita do Itueto,São José do Itueto,sao jose do itueto,-19.35064316,-41.45756531,brasil_aberto,True
MG,3159605,Santa Rita do Sapucaí,Anchieta,anchieta,-22.234874,-45.7011014,brasil_aberto,True
MG,3159605,Santa Rita do Sapucaí,Arco Íris,arco iris,-22.2351218,-45.7051849,brasil_aberto,True
MG,3159605,Santa Rita do Sapucaí,Boa Vista,boa vista,-22.2401468,-45.7069981,brasil_aberto,True
MG,3159605,Santa Rita do Sapucaí,Boa Vista 2,boa vista 2,-22.2385876,-45.7086396,brasil_aberto,True
MG,3159605,Santa Rita do Sapucaí,Brasília,brasilia,-22.2396578,-45.7054027,brasil_aberto,True
MG,3159605,Santa Rita do Sapucaí,Centro,centro,-22.2507375,-45.7049995,brasil_aberto,True
MG,3159605,Santa Rita do Sapucaí,Colina das Palmeiras,colina das palmeiras,-22.2339234,-45.70967,brasil_aberto,True
MG,3159605,Santa Rita do Sapucaí,Conjunto Habitacional Marco Antônio Baracat,conjunto habitacional marco antonio baracat,-22.2339234,-45.70967,brasil_aberto,True
MG,3159605,Santa Rita do Sapucaí,Distrito Industrial,distrito industrial,-22.2610902,-45.7662721,brasil_aberto,True
MG,3159605,Santa Rita do Sapucaí,Família Andrade,familia andrade,-22.2548751,-45.70864,brasil_aberto,True
MG,3159605,Santa Rita do Sapucaí,Fernandes,fernandes,-22.2441637,-45.7127649,brasil_aberto,True
MG,3159605,Santa Rita do Sapucaí,Genoveva da Fonseca,genoveva da fonseca,-22.2420832,-45.7044768,brasil_aberto,True
MG,3159605,Santa Rita do Sapucaí,Inatel,inatel,-22.2582014,-45.6977848,brasil_aberto,True
MG,3159605,Santa Rita do Sapucaí,Jardim Santo Antônio,jardim santo antonio,-22.2622057,-45.7030777,brasil_aberto,True
MG,3159605,Santa Rita do Sapucaí,Jardim das Palmeiras,jardim das palmeiras,-22.2411299,-45.7126737,brasil_aberto,True
MG,3159605,Santa Rita do Sapucaí,Jardim dos Estados,jardim dos estados,-22.2514484,-45.6925837,brasil_aberto,True
MG,3159605,Santa Rita do Sapucaí,Maristela,maristela,-22.2439542,-45.7081972,brasil_aberto,True
MG,3159605,Santa Rita do Sapucaí,Monte Belo,monte belo,-22.2589696,-45.6934427,brasil_aberto,True
MG,3159605,Santa Rita do Sapucaí,Monte Líbano,monte libano,-22.2620848,-45.6947016,brasil_aberto,True
MG,3159605,Santa Rita do Sapucaí,Morada do Sol,morada do sol,-22.2537353,-45.6959969,brasil_aberto,True
MG,3159605,Santa Rita do Sapucaí,Ozório Machado,ozorio machado,-22.2437466,-45.7081515,brasil_aberto,True
MG,3159605,Santa Rita do Sapucaí,Recanto das Margaridas,recanto das margaridas,-22.2339234,-45.70967,brasil_aberto,True
MG,3159605,Santa Rita do Sapucaí,Santa Felicidade,santa felicidade,-22.2273211,-45.7154267,brasil_aberto,True
MG,3159605,Santa Rita do Sapucaí,Santa Rita,santa rita,-22.2609788,-45.7126263,brasil_aberto,True
MG,3159605,Santa Rita do Sapucaí,Santana,santana,-22.2537799,-45.7079556,brasil_aberto,True
MG,3159605,Santa Rita do Sapucaí,São Benedito,sao benedito,-22.2206018,-45.7168472,brasil_aberto,True
MG,3159605,Santa Rita do Sapucaí,São Roque,sao roque,-22.2339234,-45.70967,brasil_aberto,True
MG,3159605,Santa Rita do Sapucaí,Vista Alegre,vista alegre,-22.2560479,-45.7005709,brasil_aberto,True
MG,3159605,Santa Rita do Sapucaí,Área Rural de Santa Rita do Sapucaí,area rural de santa rita do sapucai,-22.2491176,-45.7055422,brasil_aberto,True
MG,3159704,Santa Rosa da Serra,Campo Alegre,campo alegre,-19.8315239,-43.94725418,brasil_aberto,True
MG,3159704,Santa Rosa da Serra,Centro,centro,-19.5280599,-45.96675,brasil_aberto,True
MG,3159803,Santa Vitória,Centro,centro,-18.8420601,-50.12417749999999,brasil_aberto,True
MG,3159803,Santa Vitória,Chaveslândia,chaveslandia,-19.0416335,-50.4930442,brasil_aberto,True
MG,3159803,Santa Vitória,Perdilândia,perdilandia,-18.81418228,-50.30495071,brasil_aberto,True
MG,3158300,Santana da Vargem,Centro,centro,-22.74425507,-47.33196259,brasil_aberto,True
MG,3158409,Santana de Cataguases,Centro,centro,-21.2864666,-42.55601883,brasil_aberto,True
MG,3158508,Santana de Pirapama,Centro,centro,-19.007034,-44.0415883,brasil_aberto,True
MG,3158508,Santana de Pirapama,Fechados,fechados,-18.80106735,-43.9070549,brasil_aberto,True
MG,3158607,Santana do Deserto,Centro,centro,-21.9501133,-43.16667557,brasil_aberto,True
MG,3158706,Santana do Garambéu,Centro,centro,-21.60276604,-44.10508347,brasil_aberto,True
MG,3158805,Santana do Jacaré,Centro,centro,-19.52183533,-42.6273613,brasil_aberto,True
MG,3158904,Santana do Manhuaçu,Centro,centro,-20.1081754,-41.92514610000001,brasil_aberto,True
MG,3158904,Santana do Manhuaçu,Santa Filomena,santa filomena,-19.95398712,-41.83395004,brasil_aberto,True
MG,3158904,Santana do Manhuaçu,Santa Quitéria,santa quiteria,-19.78742409,-44.31626129,brasil_aberto,True
MG,3158953,Santana do Paraíso,Centro,centro,-19.36493111,-42.54998016,brasil_aberto,True
MG,3158953,Santana do Paraíso,Distrito Industrial,distrito industrial,-19.4756749,-42.48406,brasil_aberto,True
MG,3158953,Santana do Paraíso,Industrial,industrial,-19.4130758,-42.5476197,brasil_aberto,True
MG,3158953,Santana do Paraíso,Ipaba de Paraíso,ipaba de paraiso,-19.4075397,-42.42747,brasil_aberto,True
MG,3159001,Santana do Riacho,Centro,centro,-19.17019653,-43.71591568,brasil_aberto,True
MG,3159001,Santana do Riacho,Serra do Cipó,serra do cipo,-19.33644485,-43.63006973,brasil_aberto,True
MG,3159100,Santana dos Montes,Centro,centro,-20.78845024,-43.689991,brasil_aberto,True
MG,3159100,Santana dos Montes,Joselândia,joselandia,-20.78700256,-43.5837059,brasil_aberto,True
MG,3159902,Santo Antônio do Amparo,Centro,centro,-19.8684864,-44.99778366,brasil_aberto,True
MG,3159902,Santo Antônio do Amparo,São Sebastião da Estrela,sao sebastiao da estrela,-21.0043527,-45.0425617,brasil_aberto,True
MG,3160009,Santo Antônio do Aventureiro,Centro,centro,-21.7585666,-42.8169765,brasil_aberto,True
MG,3160009,Santo Antônio do Aventureiro,São Domingos,sao domingos,-19.86794472,-42.96842194,brasil_aberto,True
MG,3160108,Santo Antônio do Grama,Centro,centro,-20.31702423,-42.609272,brasil_aberto,True
MG,3160207,Santo Antônio do Itambé,Centro,centro,-18.46489525,-43.30648804,brasil_aberto,True
MG,3160306,Santo Antônio do Jacinto,Catajás,catajas,-16.5214175,-40.3292795,brasil_aberto,True
MG,3160306,Santo Antônio do Jacinto,Centro,centro,-16.53244591,-40.1758461,brasil_aberto,True
MG,3160405,Santo Antônio do Monte,Centro,centro,-19.7491684,-47.93666458,brasil_aberto,True
MG,3160454,Santo Antônio do Retiro,Centro,centro,-15.34256744,-42.62147903,brasil_aberto,True
MG,3160504,Santo Antônio do Rio Abaixo,Centro,centro,-19.22812653,-43.25276947,brasil_aberto,True
MG,3160603,Santo Hipólito,Centro,centro,-18.2972393,-44.2232666,brasil_aberto,True
MG,3160603,Santo Hipólito,Senhora da Glória,senhora da gloria,-18.45312881,-44.1726532,brasil_aberto,True
MG,3160603,Santo Hipólito,Valo Fundo,valo fundo,-18.47498131,-44.04060745,brasil_aberto,True
MG,3160702,Santos Dumont,Antônio Afonso,antonio afonso,,,brasil_aberto,True
MG,3160702,Santos Dumont,Boa Vista,boa vista,-21.5167559,-43.6577239,brasil_aberto,True
MG,3160702,Santos Dumont,Cabangu,cabangu,-21.4250263,-43.6744725,brasil_aberto,True
MG,3160702,Santos Dumont,Centro,centro,-21.4661575,-43.5500944,brasil_aberto,True
MG,3160702,Santos Dumont,Conceição do Formoso,conceicao do formoso,-21.42733574,-43.36030579,brasil_aberto,True
MG,3160702,Santos Dumont,Córrego do Ouro,corrego do ouro,,,brasil_aberto,True
MG,3160702,Santos Dumont,Dores do Paraibuna,dores do paraibuna,-21.507658,-43.61098099,brasil_aberto,True
MG,3160702,Santos Dumont,Flores,flores,-21.475667,-43.4359332,brasil_aberto,True
MG,3160702,Santos Dumont,Graminha,graminha,,,brasil_aberto,True
MG,3160702,Santos Dumont,Mantiqueira,mantiqueira,-21.4441238,-43.6518862,brasil_aberto,True
MG,3160702,Santos Dumont,Nossa Senhora Aparecida,nossa senhora aparecida,-19.6467732,-43.9031464,brasil_aberto,True
MG,3160702,Santos Dumont,Nossa Senhora da Glória,nossa senhora da gloria,-18.8371952,-41.8948519,brasil_aberto,True
MG,3160702,Santos Dumont,Nossa Senhora das Graças,nossa senhora das gracas,-19.6485439,-43.9043672,brasil_aberto,True
MG,3160702,Santos Dumont,Nossa Senhora de Guadalupe,nossa senhora de guadalupe,-20.0255513,-45.5465299,brasil_aberto,True
MG,3160702,Santos Dumont,Quarto Depósito,quarto deposito,,,brasil_aberto,True
MG,3160702,Santos Dumont,Santo Antônio,santo antonio,-19.6486296,-43.9032852,brasil_aberto,True
MG,3160702,Santos Dumont,São João da Serra,sao joao da serra,-21.47478867,-43.43537521,brasil_aberto,True
MG,3160702,Santos Dumont,São Miguel,sao miguel,-21.4590199,-43.5563776,brasil_aberto,True
MG,3160702,Santos Dumont,São Sebastião,sao sebastiao,-21.5167559,-43.6577239,brasil_aberto,True
MG,3160702,Santos Dumont,Vila Esperança,vila esperanca,,,brasil_aberto,True
MG,3165404,Sapucaí-Mirim,Centro,centro,-22.7489866,-45.7435832,brasil_aberto,True
MG,3165503,Sardoá,Centro,centro,-18.782666,-42.3665496,brasil_aberto,True
MG,3165537,Sarzedo,Centro,centro,-20.0360232,-44.1405337,brasil_aberto,True
MG,3165537,Sarzedo,Vila Satélite,vila satelite,-20.03442383,-44.14672089,brasil_aberto,True
MG,3165560,Sem-Peixe,Centro,centro,-20.1028954,-42.8405051,brasil_aberto,True
MG,3165560,Sem-Peixe,São Bartolomeu de Sem Peixe,sao bartolomeu de sem peixe,-20.046119,-42.8052768,brasil_aberto,True
MG,3165578,Senador Amaral,Centro,centro,-22.58773613,-46.17641068,brasil_aberto,True
MG,3165578,Senador Amaral,Ponte Segura,ponte segura,-22.54978371,-46.23635864,brasil_aberto,True
MG,3165602,Senador Cortes,Centro,centro,-21.80153084,-42.94530869,brasil_aberto,True
MG,3165701,Senador Firmino,Centro,centro,-20.9156081,-43.1002132,brasil_aberto,True
MG,3165800,Senador José Bento,Centro,centro,-22.23342133,-45.93602371,brasil_aberto,True
MG,3165909,Senador Modestino Gonçalves,Centro,centro,-17.9482668,-43.2241928,brasil_aberto,True
MG,3166006,Senhora de Oliveira,Centro,centro,-20.7939122,-43.3429916,brasil_aberto,True
MG,3166105,Senhora do Porto,Centro,centro,-18.89385605,-43.08377838,brasil_aberto,True
MG,3166105,Senhora do Porto,São José do Jacaré,sao jose do jacare,-18.97859383,-43.07775497,brasil_aberto,True
MG,3166204,Senhora dos Remédios,Centro,centro,-21.0300325,-43.5825658,brasil_aberto,True
MG,3166204,Senhora dos Remédios,Palmital dos Carvalhos,palmital dos carvalhos,-20.94101715,-43.65021133,brasil_aberto,True
MG,3166303,Sericita,Centro,centro,-20.47165871,-42.48314667,brasil_aberto,True
MG,3166402,Seritinga,Centro,centro,-21.9096979,-44.5176763,brasil_aberto,True
MG,3166501,Serra Azul de Minas,Centro,centro,-18.3608282,-43.1687938,brasil_aberto,True
MG,3166600,Serra da Saudade,Centro,centro,-19.44023895,-45.79226303,brasil_aberto,True
MG,3166808,Serra do Salitre,Catiara,catiara,-19.16649055,-46.67342377,brasil_aberto,True
MG,3166808,Serra do Salitre,Centro,centro,,,brasil_aberto,True
MG,3166709,Serra dos Aimorés,Centro,centro,-17.78903008,-40.24563599,brasil_aberto,True
MG,3166907,Serrania,Centro,centro,-21.54982376,-46.05091095,brasil_aberto,True
MG,3167004,Serranos,Centro,centro,,,brasil_aberto,True
MG,3166956,Serranópolis de Minas,Centro,centro,-15.81121635,-42.8715744,brasil_aberto,True
MG,3167103,Serro,Centro,centro,-18.6035624,-43.3795372,brasil_aberto,True
MG,3167103,Serro,Deputado Augusto Clementino,deputado augusto clementino,-18.69106102,-43.43483353,brasil_aberto,True
MG,3167103,Serro,Milho Verde,milho verde,-18.4708851,-43.4973649,brasil_aberto,True
MG,3167103,Serro,Pedro Lessa,pedro lessa,-18.5642848,-43.525521,brasil_aberto,True
MG,3167103,Serro,São Gonçalo do Rio das Pedras,sao goncalo do rio das pedras,-18.41607285,-43.49446487,brasil_aberto,True
MG,3167103,Serro,Três Barras da Estrada Real,tres barras da estrada real,-18.50285721,-43.45484924,brasil_aberto,True
MG,3167202,Sete Lagoas,Aeroporto Industrial,aeroporto industrial,-19.43240547,-44.22895432,brasil_aberto,True
MG,3167202,Sete Lagoas,Alex Paiva,alex paiva,-19.4248942,-44.2355107,brasil_aberto,True
MG,3167202,Sete Lagoas,Alto Coqueiral,alto coqueiral,-19.482231,-44.2359644,brasil_aberto,True
MG,3167202,Sete Lagoas,Alvorada,alvorada,-19.42140961,-44.25291443,brasil_aberto,True
MG,3167202,Sete Lagoas,Anchieta,anchieta,-19.4646696,-44.24525269999999,brasil_aberto,True
MG,3167202,Sete Lagoas,Areias,areias,-19.4646696,-44.24525269999999,brasil_aberto,True
MG,3167202,Sete Lagoas,Bandeirante,bandeirante,-19.4234496,-44.1897611,brasil_aberto,True
MG,3167202,Sete Lagoas,Barreiro,barreiro,-19.45195389,-44.31856918,brasil_aberto,True
MG,3167202,Sete Lagoas,Barreiro de Baixo,barreiro de baixo,-19.4646696,-44.24525269999999,brasil_aberto,True
MG,3167202,Sete Lagoas,Barreiro de Cima,barreiro de cima,-19.92914772,-43.9853096,brasil_aberto,True
MG,3167202,Sete Lagoas,Bela Vista II,bela vista ii,-19.43894386,-44.21116257,brasil_aberto,True
MG,3167202,Sete Lagoas,Bela Vista III,bela vista iii,-19.4376917,-44.2007412,brasil_aberto,True
MG,3167202,Sete Lagoas,Bela Vista l,bela vista l,-19.4385767,-44.2185451,brasil_aberto,True
MG,3167202,Sete Lagoas,Belo Vale,belo vale,-19.40956688,-44.22486115,brasil_aberto,True
MG,3167202,Sete Lagoas,Belo Vale III,belo vale iii,-19.4061886,-44.2207968,brasil_aberto,True
MG,3167202,Sete Lagoas,Belo Vale ll,belo vale ll,-19.41056442,-44.2261467,brasil_aberto,True
MG,3167202,Sete Lagoas,Blue Garden Safira,blue garden safira,-19.4774275,-44.232922,brasil_aberto,True
MG,3167202,Sete Lagoas,Boa Esperança,boa esperanca,-19.41603661,-44.21132278,brasil_aberto,True
MG,3167202,Sete Lagoas,Boa Vista,boa vista,-19.4599762,-44.23477173,brasil_aberto,True
MG,3167202,Sete Lagoas,Bom Jardim,bom jardim,-19.4430716,-44.2361367,brasil_aberto,True
MG,3167202,Sete Lagoas,Bom Jesus,bom jesus,-19.4523265,-44.3208974,brasil_aberto,True
MG,3167202,Sete Lagoas,Bouganvile l,bouganvile l,-19.42318726,-44.1926918,brasil_aberto,True
MG,3167202,Sete Lagoas,Bouganvile ll,bouganvile ll,-19.4231739,-44.19033051,brasil_aberto,True
MG,3167202,Sete Lagoas,Brasília,brasilia,-19.46104813,-44.20450974,brasil_aberto,True
MG,3167202,Sete Lagoas,Braz Filizola,braz filizola,-19.44888496,-44.23199463,brasil_aberto,True
MG,3167202,Sete Lagoas,Brejinho,brejinho,-19.44927216,-44.22651291,brasil_aberto,True
MG,3167202,Sete Lagoas,Brejão,brejao,-19.4646696,-44.24525269999999,brasil_aberto,True
MG,3167202,Sete Lagoas,CDI,cdi,-19.45155907,-44.21199799,brasil_aberto,True
MG,3167202,Sete Lagoas,Campo de Aviação,campo de aviacao,-19.4570713,-44.25847244,brasil_aberto,True
MG,3167202,Sete Lagoas,Canada II,canada ii,-19.44068336,-44.21077347,brasil_aberto,True
MG,3167202,Sete Lagoas,Canadá,canada,-19.44652176,-44.20882797,brasil_aberto,True
MG,3167202,Sete Lagoas,Canaã,canaa,-19.46797371,-44.25645065,brasil_aberto,True
MG,3167202,Sete Lagoas,Catarina,catarina,-19.47609329,-44.25418854,brasil_aberto,True
MG,3167202,Sete Lagoas,Cedro e Cachoeira,cedro e cachoeira,-19.45488358,-44.25296021,brasil_aberto,True
MG,3167202,Sete Lagoas,Centro,centro,-19.46468163,-44.24846649,brasil_aberto,True
MG,3167202,Sete Lagoas,Chácara Esplanada do Moinho,chacara esplanada do moinho,-19.50683403,-44.24202347,brasil_aberto,True
MG,3167202,Sete Lagoas,Chácara do Paiva,chacara do paiva,-19.46526527,-44.23637772,brasil_aberto,True
MG,3167202,Sete Lagoas,Chácaras Coronel Manoel Marques Ferreira,chacaras coronel manoel marques ferreira,-19.41762161,-44.23823166,brasil_aberto,True
MG,3167202,Sete Lagoas,Chácaras Dona Lili,chacaras dona lili,-19.5052778,-44.2421944,brasil_aberto,True
MG,3167202,Sete Lagoas,Cidade Nova,cidade nova,-19.43159866,-44.22378922,brasil_aberto,True
MG,3167202,Sete Lagoas,Cidade de Deus,cidade de deus,-19.42067146,-44.18983841,brasil_aberto,True
MG,3167202,Sete Lagoas,Condomínio Lago Azul,condominio lago azul,-19.4289679,-44.1910062,brasil_aberto,True
MG,3167202,Sete Lagoas,Condomínio Lagoas do Moinho,condominio lagoas do moinho,-19.50940323,-44.23883057,brasil_aberto,True
MG,3167202,Sete Lagoas,Conjunto Habitacional Bernardo Valadares Vasconcelos,conjunto habitacional bernardo valadares vasconcelos,-19.42244148,-44.22662735,brasil_aberto,True
MG,3167202,Sete Lagoas,Dante Lanza,dante lanza,-19.4675459,-44.230475,brasil_aberto,True
MG,3167202,Sete Lagoas,Distrito Industrial,distrito industrial,-19.99500656,-44.1776886,brasil_aberto,True
MG,3167202,Sete Lagoas,Distrito Industrial Norte,distrito industrial norte,-19.36894226,-44.19565964,brasil_aberto,True
MG,3167202,Sete Lagoas,Dona Dora,dona dora,-19.47172928,-44.23406601,brasil_aberto,True
MG,3167202,Sete Lagoas,Eldorado,eldorado,-19.47842598,-44.28488159,brasil_aberto,True
MG,3167202,Sete Lagoas,Emília,emilia,-19.44521713,-44.22177887,brasil_aberto,True
MG,3167202,Sete Lagoas,Esmeraldas,esmeraldas,-19.47696495,-44.2062149,brasil_aberto,True
MG,3167202,Sete Lagoas,Esmeraldas II,esmeraldas ii,-19.4783384,-44.2047196,brasil_aberto,True
MG,3167202,Sete Lagoas,Esperança,esperanca,-19.43857956,-44.23896027,brasil_aberto,True
MG,3167202,Sete Lagoas,Fazenda Velha,fazenda velha,-19.5689209,-44.2313798,brasil_aberto,True
MG,3167202,Sete Lagoas,Flora Bela Parque Residencial,flora bela parque residencial,-19.44661713,-44.32841873,brasil_aberto,True
MG,3167202,Sete Lagoas,Flórida,florida,-19.49330139,-44.23564911,brasil_aberto,True
MG,3167202,Sete Lagoas,Funcionários,funcionarios,-19.43388748,-44.23219299,brasil_aberto,True
MG,3167202,Sete Lagoas,Fátima,fatima,-19.4789621,-44.2838178,brasil_aberto,True
MG,3167202,Sete Lagoas,Glória,gloria,-19.42934036,-44.23475647,brasil_aberto,True
MG,3167202,Sete Lagoas,Golden Ville,golden ville,-19.4455962,-44.196948,brasil_aberto,True
MG,3167202,Sete Lagoas,Henrique Nery,henrique nery,-19.47118759,-44.26306152,brasil_aberto,True
MG,3167202,Sete Lagoas,Honorina Pontes,honorina pontes,-19.47682,-44.28333,brasil_aberto,True
MG,3167202,Sete Lagoas,Industrial,industrial,-19.4698687,-44.2174506,brasil_aberto,True
MG,3167202,Sete Lagoas,Indústrias,industrias,-19.4666214,-44.20921326,brasil_aberto,True
MG,3167202,Sete Lagoas,Indústrias II,industrias ii,-19.46920204,-44.20596695,brasil_aberto,True
MG,3167202,Sete Lagoas,Interlagos I,interlagos i,-19.43407631,-44.22354507,brasil_aberto,True
MG,3167202,Sete Lagoas,Interlagos II,interlagos ii,-19.43408966,-44.22055054,brasil_aberto,True
MG,3167202,Sete Lagoas,Iporanga,iporanga,-19.88929176,-44.01784134,brasil_aberto,True
MG,3167202,Sete Lagoas,Iporanga II,iporanga ii,-19.4878896,-44.2419781,brasil_aberto,True
MG,3167202,Sete Lagoas,Iraque,iraque,-19.41609955,-44.2297287,brasil_aberto,True
MG,3167202,Sete Lagoas,Itapoã,itapoa,-19.46846771,-44.19877625,brasil_aberto,True
MG,3167202,Sete Lagoas,Itapoã II,itapoa ii,-19.47008896,-44.19514465,brasil_aberto,True
MG,3167202,Sete Lagoas,JK,jk,-19.41714478,-44.24869919,brasil_aberto,True
MG,3167202,Sete Lagoas,Jardim Arizona,jardim arizona,-19.45725441,-44.26567841,brasil_aberto,True
MG,3167202,Sete Lagoas,Jardim Cambuí,jardim cambui,-19.45300293,-44.24976349,brasil_aberto,True
MG,3167202,Sete Lagoas,Jardim Europa,jardim europa,-18.94303513,-48.34094238,brasil_aberto,True
MG,3167202,Sete Lagoas,Jardim Primavera II,jardim primavera ii,-19.43499756,-44.21121597,brasil_aberto,True
MG,3167202,Sete Lagoas,Jardim Primavera l,jardim primavera l,-19.43177605,-44.21474457,brasil_aberto,True
MG,3167202,Sete Lagoas,Jardim Universitário,jardim universitario,-19.48711586,-44.27930069,brasil_aberto,True
MG,3167202,Sete Lagoas,Jardim dos Pequis,jardim dos pequis,-19.40945816,-44.22438049,brasil_aberto,True
MG,3167202,Sete Lagoas,Kwait,kwait,-18.89665985,-48.24007034,brasil_aberto,True
MG,3167202,Sete Lagoas,Lagos do Moinho,lagos do moinho,-19.509433,-44.2387593,brasil_aberto,True
MG,3167202,Sete Lagoas,Lontra,lontra,-19.4646696,-44.24525269999999,brasil_aberto,True
MG,3167202,Sete Lagoas,Lontrinha,lontrinha,-19.392976,-44.3487818,brasil_aberto,True
MG,3167202,Sete Lagoas,Luxemburgo,luxemburgo,-19.42827225,-44.22332001,brasil_aberto,True
MG,3167202,Sete Lagoas,Mangabeiras,mangabeiras,-19.44709396,-44.25775146,brasil_aberto,True
MG,3167202,Sete Lagoas,Manoa,manoa,-19.43929672,-44.24760818,brasil_aberto,True
MG,3167202,Sete Lagoas,Mata Grande,mata grande,-19.48418617,-44.25314331,brasil_aberto,True
MG,3167202,Sete Lagoas,Monte Carlo,monte carlo,-19.44845963,-44.20661163,brasil_aberto,True
MG,3167202,Sete Lagoas,Montreal,montreal,-19.44845772,-44.21833801,brasil_aberto,True
MG,3167202,Sete Lagoas,Montreal II,montreal ii,-19.4381031,-44.215418,brasil_aberto,True
MG,3167202,Sete Lagoas,Morro do Claro,morro do claro,-19.47447777,-44.22305679,brasil_aberto,True
MG,3167202,Sete Lagoas,New York,new york,-19.44706345,-44.23592377,brasil_aberto,True
MG,3167202,Sete Lagoas,Nossa Senhora das Graças,nossa senhora das gracas,-19.4431839,-44.24438095,brasil_aberto,True
MG,3167202,Sete Lagoas,Nossa Senhora de Lourdes,nossa senhora de lourdes,-19.4302885,-44.212767,brasil_aberto,True
MG,3167202,Sete Lagoas,Nossa Senhora do Carmo,nossa senhora do carmo,-19.44578743,-44.2520256,brasil_aberto,True
MG,3167202,Sete Lagoas,Nossa Senhora do Carmo II,nossa senhora do carmo ii,-19.43702316,-44.25093079,brasil_aberto,True
MG,3167202,Sete Lagoas,Nova Cidade,nova cidade,-19.42846298,-44.22825241,brasil_aberto,True
MG,3167202,Sete Lagoas,Nova Serrana,nova serrana,-19.4176019,-44.2365874,brasil_aberto,True
MG,3167202,Sete Lagoas,Novo Horizonte,novo horizonte,-19.48308754,-44.23888016,brasil_aberto,True
MG,3167202,Sete Lagoas,Olinto Alvin,olinto alvin,-19.44818497,-44.22537231,brasil_aberto,True
MG,3167202,Sete Lagoas,Ondina Vasconcelos de Oliveira,ondina vasconcelos de oliveira,-19.4153962,-44.1969688,brasil_aberto,True
MG,3167202,Sete Lagoas,Orozimbo Macedo,orozimbo macedo,-19.42020798,-44.2305336,brasil_aberto,True
MG,3167202,Sete Lagoas,Ouro Branco,ouro branco,-19.93343353,-43.92637253,brasil_aberto,True
MG,3167202,Sete Lagoas,Padre Teodoro,padre teodoro,-19.4991131,-44.2378409,brasil_aberto,True
MG,3167202,Sete Lagoas,Padre Teodoro ll,padre teodoro ll,-19.49904251,-44.23736954,brasil_aberto,True
MG,3167202,Sete Lagoas,Panorama,panorama,-19.45112,-44.2540164,brasil_aberto,True
MG,3167202,Sete Lagoas,Papavento,papavento,-19.4490291,-44.2467169,brasil_aberto,True
MG,3167202,Sete Lagoas,Paredão,paredao,-19.4789542,-44.2189615,brasil_aberto,True
MG,3167202,Sete Lagoas,Parque das Nogueiras,parque das nogueiras,-19.47896957,-44.21867752,brasil_aberto,True
MG,3167202,Sete Lagoas,Pedras,pedras,-19.4478966,-44.2517149,brasil_aberto,True
MG,3167202,Sete Lagoas,Piedade,piedade,-19.4702301,-44.25366974,brasil_aberto,True
MG,3167202,Sete Lagoas,Planalto,planalto,-19.41251755,-44.2439537,brasil_aberto,True
MG,3167202,Sete Lagoas,Portal da Serra,portal da serra,-19.42678833,-44.248806,brasil_aberto,True
MG,3167202,Sete Lagoas,Primavera,primavera,-19.3611525,-44.2540948,brasil_aberto,True
MG,3167202,Sete Lagoas,Progresso,progresso,-19.47424126,-44.23123932,brasil_aberto,True
MG,3167202,Sete Lagoas,Progresso II,progresso ii,-19.56673813,-44.07693481,brasil_aberto,True
MG,3167202,Sete Lagoas,Quinducha,quinducha,-19.49246788,-44.29995728,brasil_aberto,True
MG,3167202,Sete Lagoas,Quintas da Varginha,quintas da varginha,-21.5550933,-45.43971500000001,brasil_aberto,True
MG,3167202,Sete Lagoas,Quintas do Lago I,quintas do lago i,-19.5575562,-44.2258873,brasil_aberto,True
MG,3167202,Sete Lagoas,Quintas do Lago II,quintas do lago ii,-19.55753899,-44.2258606,brasil_aberto,True
MG,3167202,Sete Lagoas,Recanto São José,recanto sao jose,-19.4709676,-44.2458858,brasil_aberto,True
MG,3167202,Sete Lagoas,Recanto da Gineta,recanto da gineta,-19.43442535,-44.34467316,brasil_aberto,True
MG,3167202,Sete Lagoas,Recanto da Serra,recanto da serra,-19.47327995,-44.24177551,brasil_aberto,True
MG,3167202,Sete Lagoas,Recanto do Cedro,recanto do cedro,-19.4824419,-44.2443554,brasil_aberto,True
MG,3167202,Sete Lagoas,Recanto do Itororó,recanto do itororo,-19.4646696,-44.24525269999999,brasil_aberto,True
MG,3167202,Sete Lagoas,Recanto do Yassu,recanto do yassu,-19.4454984,-44.2374122,brasil_aberto,True
MG,3167202,Sete Lagoas,Recanto dos Sonhos,recanto dos sonhos,-21.02755737,-40.81687546,brasil_aberto,True
MG,3167202,Sete Lagoas,Residencial Campestre,residencial campestre,-19.4410922,-44.1966036,brasil_aberto,True
MG,3167202,Sete Lagoas,Residencial Da Vinci,residencial da vinci,-19.4797554,-44.22516251,brasil_aberto,True
MG,3167202,Sete Lagoas,Residencial Dona Sílvia I,residencial dona silvia i,-19.4145254,-44.178051,brasil_aberto,True
MG,3167202,Sete Lagoas,Residencial Ermitage,residencial ermitage,-19.4831382,-44.21825949999999,brasil_aberto,True
MG,3167202,Sete Lagoas,Residencial Goiabeiras,residencial goiabeiras,-19.4186233,-44.2501531,brasil_aberto,True
MG,3167202,Sete Lagoas,Residencial Portal do Moinho,residencial portal do moinho,-19.47088242,-44.25823212,brasil_aberto,True
MG,3167202,Sete Lagoas,Residencial Pôr do Sol,residencial por do sol,-19.4509144,-44.2271664,brasil_aberto,True
MG,3167202,Sete Lagoas,Residencial Vale do Sol,residencial vale do sol,-19.4156693,-44.2413871,brasil_aberto,True
MG,3167202,Sete Lagoas,Riacho do Campo,riacho do campo,-19.44077492,-44.36461639,brasil_aberto,True
MG,3167202,Sete Lagoas,Santa Eliza,santa eliza,-19.4721363,-44.2525535,brasil_aberto,True
MG,3167202,Sete Lagoas,Santa Felicidade,santa felicidade,-19.41018295,-44.20330811,brasil_aberto,True
MG,3167202,Sete Lagoas,Santa Helena,santa helena,-19.45366669,-44.25605774,brasil_aberto,True
MG,3167202,Sete Lagoas,Santa Luzia,santa luzia,-19.45657921,-44.25241089,brasil_aberto,True
MG,3167202,Sete Lagoas,Santa Marcelina,santa marcelina,-19.44781494,-44.23394775,brasil_aberto,True
MG,3167202,Sete Lagoas,Santa Maria,santa maria,-19.47233009,-44.21317673,brasil_aberto,True
MG,3167202,Sete Lagoas,Santa Rita,santa rita,-19.44866562,-44.15686417,brasil_aberto,True
MG,3167202,Sete Lagoas,Santa Rita de Cássia,santa rita de cassia,-19.44367409,-44.25715256,brasil_aberto,True
MG,3167202,Sete Lagoas,Santa Rosa,santa rosa,-19.56673813,-44.07693481,brasil_aberto,True
MG,3167202,Sete Lagoas,Santo Antônio,santo antonio,-19.4836324,-44.2604545,brasil_aberto,True
MG,3167202,Sete Lagoas,Seven Busines Park,seven busines park,-19.557827,-44.2413063,brasil_aberto,True
MG,3167202,Sete Lagoas,Silva Xavier,silva xavier,-19.82681656,-43.9865303,brasil_aberto,True
MG,3167202,Sete Lagoas,São Cristóvão,sao cristovao,-19.47727394,-44.25806808,brasil_aberto,True
MG,3167202,Sete Lagoas,São Cristóvão II,sao cristovao ii,-19.4794739,-44.2602825,brasil_aberto,True
MG,3167202,Sete Lagoas,São Dimas,sao dimas,-19.47164536,-44.25126266,brasil_aberto,True
MG,3167202,Sete Lagoas,São Francisco de Assis,sao francisco de assis,-19.43198204,-44.24600601,brasil_aberto,True
MG,3167202,Sete Lagoas,São Geraldo,sao geraldo,-19.46813393,-44.23981476,brasil_aberto,True
MG,3167202,Sete Lagoas,São Jorge,sao jorge,-19.47194672,-44.25656509,brasil_aberto,True
MG,3167202,Sete Lagoas,São José,sao jose,-20.70432472,-46.64451218,brasil_aberto,True
MG,3167202,Sete Lagoas,São João,sao joao,-19.45264816,-44.22933197,brasil_aberto,True
MG,3167202,Sete Lagoas,São João II,sao joao ii,-19.4440067,-44.2304478,brasil_aberto,True
MG,3167202,Sete Lagoas,São Pedro,sao pedro,-19.94816971,-43.93682861,brasil_aberto,True
MG,3167202,Sete Lagoas,São Sebastião,sao sebastiao,-19.468914,-44.216215,brasil_aberto,True
MG,3167202,Sete Lagoas,São Vicente,sao vicente,-19.44190216,-44.2221756,brasil_aberto,True
MG,3167202,Sete Lagoas,Tamanduá,tamandua,-19.4461767,-44.2005153,brasil_aberto,True
MG,3167202,Sete Lagoas,Titamar,titamar,-19.41884232,-44.23929596,brasil_aberto,True
MG,3167202,Sete Lagoas,Universitário,universitario,-19.48563766,-44.27303314,brasil_aberto,True
MG,3167202,Sete Lagoas,Vale das Palmeiras,vale das palmeiras,-19.48522568,-44.25253296,brasil_aberto,True
MG,3167202,Sete Lagoas,Vale do Aritana,vale do aritana,-19.4681888,-44.2045795,brasil_aberto,True
MG,3167202,Sete Lagoas,Vapabuçu,vapabucu,-19.46824646,-44.22087097,brasil_aberto,True
MG,3167202,Sete Lagoas,Verde Vale,verde vale,-19.41705132,-44.22644043,brasil_aberto,True
MG,3167202,Sete Lagoas,Vila Brasil,vila brasil,-19.461586,-44.23558807,brasil_aberto,True
MG,3167202,Sete Lagoas,Vila Ipê,vila ipe,-19.45465279,-44.25700378,brasil_aberto,True
MG,3167202,Sete Lagoas,Vila Santa Helena,vila santa helena,-19.4558119,-44.2562668,brasil_aberto,True
MG,3167202,Sete Lagoas,Village da Serra,village da serra,-19.33133,-43.61945499999999,brasil_aberto,True
MG,3167202,Sete Lagoas,Várzea,varzea,-19.48139572,-44.24172211,brasil_aberto,True
MG,3167202,Sete Lagoas,Várzea da Lagoa II,varzea da lagoa ii,-19.76882362,-44.12944031,brasil_aberto,True
MG,3167202,Sete Lagoas,Wenceslau Brás,wenceslau bras,-19.39914894,-44.21653366,brasil_aberto,True
MG,3167202,Sete Lagoas,Área Rural de Sete Lagoas,area rural de sete lagoas,-19.4646696,-44.24525269999999,brasil_aberto,True
MG,3165552,Setubinha,Centro,centro,-17.6012525,-42.1619198,brasil_aberto,True
MG,3165552,Setubinha,Palmeiras,palmeiras,-17.6531756,-42.0598141,brasil_aberto,True
MG,3167301,Silveirânia,Centro,centro,-21.1611271,-43.2154162,brasil_aberto,True
MG,3167400,Silvianópolis,Centro,centro,-22.0293644,-45.8346571,brasil_aberto,True
MG,3167608,Simonésia,Alegria,alegria,-19.9167505,-41.9394892,brasil_aberto,True
MG,3167608,Simonésia,Centro,centro,-20.1226536,-42.002183,brasil_aberto,True
MG,3167608,Simonésia,São Simão do Rio Preto,sao simao do rio preto,-19.9949711,-42.0639615,brasil_aberto,True
MG,3167509,Simão Pereira,Centro,centro,-20.3097477,-47.5934639,brasil_aberto,True
MG,3167707,Sobrália,Centro,centro,-21.1269514,-44.2570617,brasil_aberto,True
MG,3167707,Sobrália,Plautino Soares,plautino soares,-19.1518663,-42.1669727,brasil_aberto,True
MG,3167806,Soledade de Minas,Centro,centro,-22.05923271,-45.04316711,brasil_aberto,True
MG,3160801,São Bento Abade,Centro,centro,-21.58223534,-45.07555389,brasil_aberto,True
MG,3160900,São Brás do Suaçuí,Centro,centro,-20.62465096,-43.95188141,brasil_aberto,True
MG,3160959,São Domingos das Dores,Centro,centro,-19.52731323,-42.01372147,brasil_aberto,True
MG,3161007,São Domingos do Prata,Centro,centro,-19.86198044,-42.9685936,brasil_aberto,True
MG,3161007,São Domingos do Prata,Cônego João Pio,conego joao pio,-20.00403214,-42.92612076,brasil_aberto,True
MG,3161007,São Domingos do Prata,Ilhéus do Prata,ilheus do prata,-19.99877548,-42.81640625,brasil_aberto,True
MG,3161007,São Domingos do Prata,Juiraçu,juiracu,-19.93475342,-42.79663467,brasil_aberto,True
MG,3161007,São Domingos do Prata,Santana do Alfié,santana do alfie,-19.76704597,-42.86458206,brasil_aberto,True
MG,3161007,São Domingos do Prata,Vargem Linda,vargem linda,-19.9444561,-42.93657303,brasil_aberto,True
MG,3161106,São Francisco,Morro,morro,-19.8902828,-43.8153549,brasil_aberto,True
MG,3161106,São Francisco,Santa Izabel,santa izabel,-20.0397625,-44.21681213,brasil_aberto,True
MG,3161106,São Francisco,Santo Antônio,santo antonio,-15.9569441,-44.8662198,brasil_aberto,True
MG,3161205,São Francisco de Paula,Centro,centro,-20.7089119,-44.9846077,brasil_aberto,True
MG,3161304,São Francisco de Sales,Centro,centro,-19.86120033,-49.7710228,brasil_aberto,True
MG,3161403,São Francisco do Glória,Centro,centro,,,brasil_aberto,True
MG,3161056,São Félix de Minas,Centro,centro,-18.5899297,-41.4876619,brasil_aberto,True
MG,3161056,São Félix de Minas,Frei Jorge,frei jorge,-18.5923343,-41.4869283,brasil_aberto,True
MG,3161502,São Geraldo,Centro,centro,-19.92349243,-43.94481659,brasil_aberto,True
MG,3161502,São Geraldo,Monte Celeste,monte celeste,-20.89107895,-42.87977982,brasil_aberto,True
MG,3161601,São Geraldo da Piedade,Centro,centro,-19.92199707,-43.94486618,brasil_aberto,True
MG,3161601,São Geraldo da Piedade,Horto Vinhático,horto vinhatico,-18.9623844,-42.2818062,brasil_aberto,True
MG,3161650,São Geraldo do Baixio,Centro,centro,-18.91386032,-41.35502243,brasil_aberto,True
MG,3161700,São Gonçalo do Abaeté,Canoeiros,canoeiros,-18.04035568,-45.52463913,brasil_aberto,True
MG,3161700,São Gonçalo do Abaeté,Centro,centro,-18.3392494,-45.8340539,brasil_aberto,True
MG,3161809,São Gonçalo do Pará,Centro,centro,-19.9848659,-44.85824179999999,brasil_aberto,True
MG,3161809,São Gonçalo do Pará,Quilombo do Gaia,quilombo do gaia,-19.8764067,-44.8541451,brasil_aberto,True
MG,3161908,São Gonçalo do Rio Abaixo,Centro,centro,-19.82637024,-43.35994339,brasil_aberto,True
MG,3161908,São Gonçalo do Rio Abaixo,Una,una,-19.7491503,-43.371311,brasil_aberto,True
MG,3125507,São Gonçalo do Rio Preto,Centro,centro,-18.0048688,-43.38194439999999,brasil_aberto,True
MG,3162005,São Gonçalo do Sapucaí,Carneiros,carneiros,,,brasil_aberto,True
MG,3162005,São Gonçalo do Sapucaí,Centro,centro,-21.89048576,-45.59544373,brasil_aberto,True
MG,3162005,São Gonçalo do Sapucaí,Ferreiras,ferreiras,-21.94124794,-45.48712158,brasil_aberto,True
MG,3162005,São Gonçalo do Sapucaí,Ribeiros,ribeiros,-21.97860146,-45.58519363,brasil_aberto,True
MG,3162104,São Gotardo,Abaeté dos Venâncios,abaete dos venancios,-19.2414192,-46.070417,brasil_aberto,True
MG,3162104,São Gotardo,Centro,centro,-19.31160355,-46.04573822,brasil_aberto,True
MG,3162104,São Gotardo,Funchal,funchal,-19.29862785,-45.89803314,brasil_aberto,True
MG,3162104,São Gotardo,Guarda dos Ferreiros,guarda dos ferreiros,-19.3704405,-46.1287964,brasil_aberto,True
MG,3162104,São Gotardo,Nossa Senhora de Fátima,nossa senhora de fatima,-19.31530762,-46.04960251,brasil_aberto,True
MG,3162104,São Gotardo,São José da Bela Vista,sao jose da bela vista,-19.53133202,-46.10054398,brasil_aberto,True
MG,3162922,São Joaquim de Bicas,Centro,centro,-20.0981647,-44.25210939999999,brasil_aberto,True
MG,3162922,São Joaquim de Bicas,Tereza Cristina,tereza cristina,-20.04723167,-44.2622261,brasil_aberto,True
MG,3162948,São José da Barra,Centro,centro,-20.71809769,-46.31456757,brasil_aberto,True
MG,3162955,São José da Lapa,Centro,centro,-19.69906616,-43.95889282,brasil_aberto,True
MG,3163003,São José da Safira,Centro,centro,-18.2787561,-42.1127236,brasil_aberto,True
MG,3163102,São José da Varginha,Centro,centro,-19.7063513,-44.5597009,brasil_aberto,True
MG,3163201,São José do Alegre,Centro,centro,-22.33091164,-45.52658463,brasil_aberto,True
MG,3163300,São José do Divino,Centro,centro,-18.4819945,-41.3900236,brasil_aberto,True
MG,3163409,São José do Goiabal,Centro,centro,-19.9251747,-42.7070888,brasil_aberto,True
MG,3163508,São José do Jacuri,Centro,centro,-18.2762784,-42.6711276,brasil_aberto,True
MG,3163607,São José do Mantimento,Centro,centro,-20.00551414,-41.74526978,brasil_aberto,True
MG,3162203,São João Batista do Glória,Centro,centro,-20.63993263,-46.50616455,brasil_aberto,True
MG,3162807,São João Evangelista,Centro,centro,-18.548518,-42.763637,brasil_aberto,True
MG,3162807,São João Evangelista,Nelson de Sena,nelson de sena,-18.4168434,-42.7273315,brasil_aberto,True
MG,3162807,São João Evangelista,São Geraldo do Baguari,sao geraldo do baguari,-18.3734684,-42.794487,brasil_aberto,True
MG,3162807,São João Evangelista,São João Evangelista,sao joao evangelista,-18.5399768,-42.8233754,brasil_aberto,True
MG,3162906,São João Nepomuceno,Aeroporto,aeroporto,-21.5408456,-43.0233299,brasil_aberto,True
MG,3162906,São João Nepomuceno,Alto dos Pinheiros,alto dos pinheiros,-21.5478762,-43.017327,brasil_aberto,True
MG,3162906,São João Nepomuceno,Avenida,avenida,-21.5234806,-43.0138683,brasil_aberto,True
MG,3162906,São João Nepomuceno,Bela Vista,bela vista,-21.5185752,-43.0197814,brasil_aberto,True
MG,3162906,São João Nepomuceno,Bosque dos Eucaliptos,bosque dos eucaliptos,-21.5529438,-43.0267589,brasil_aberto,True
MG,3162906,São João Nepomuceno,Carlos Alves,carlos alves,-21.6215,-43.1141562,brasil_aberto,True
MG,3162906,São João Nepomuceno,Caxangá,caxanga,-21.5355853,-43.0185379,brasil_aberto,True
MG,3162906,São João Nepomuceno,Centenário,centenario,-21.5375785,-43.0199491,brasil_aberto,True
MG,3162906,São João Nepomuceno,Centro,centro,-21.5367903,-43.0108248,brasil_aberto,True
MG,3162906,São João Nepomuceno,Cidade Nova,cidade nova,-21.5282792,-43.0146384,brasil_aberto,True
MG,3162906,São João Nepomuceno,Distrito Industrial,distrito industrial,,,brasil_aberto,True
MG,3162906,São João Nepomuceno,Dona Lalá,dona lala,-21.5372555,-43.0043378,brasil_aberto,True
MG,3162906,São João Nepomuceno,Ituí,itui,-21.5456376,-42.9006997,brasil_aberto,True
MG,3162906,São João Nepomuceno,Jardim Bom Clima,jardim bom clima,-21.5392102,-43.0053367,brasil_aberto,True
MG,3162906,São João Nepomuceno,Matadouro,matadouro,-21.5295532,-43.0169055,brasil_aberto,True
MG,3162906,São João Nepomuceno,Matriz,matriz,-21.5415526,-43.0103043,brasil_aberto,True
MG,3162906,São João Nepomuceno,Novo Horizonte,novo horizonte,-21.5247439,-43.0208402,brasil_aberto,True
MG,3162906,São João Nepomuceno,Roça Grande,roca grande,-21.596,-42.9740023,brasil_aberto,True
MG,3162906,São João Nepomuceno,Santa Terezinha,santa terezinha,-21.5386771,-43.0165322,brasil_aberto,True
MG,3162906,São João Nepomuceno,Santo Antônio,santo antonio,-21.5310753,-43.012549,brasil_aberto,True
MG,3162906,São João Nepomuceno,Stiebler,stiebler,-21.533598,-43.0180051,brasil_aberto,True
MG,3162906,São João Nepomuceno,São Cristóvão,sao cristovao,-21.5196166,-43.0137237,brasil_aberto,True
MG,3162906,São João Nepomuceno,São José,sao jose,-21.5362775,-43.0083933,brasil_aberto,True
MG,3162906,São João Nepomuceno,São Sebastião,sao sebastiao,-21.5413917,-43.0079863,brasil_aberto,True
MG,3162906,São João Nepomuceno,Taruaçu,taruacu,-19.31353951,-42.0724411,brasil_aberto,True
MG,3162906,São João Nepomuceno,Três Marias,tres marias,-21.5340883,-43.0226072,brasil_aberto,True
MG,3162906,São João Nepomuceno,Vivendas do Barão,vivendas do barao,,,brasil_aberto,True
MG,3162252,São João da Lagoa,Centro,centro,-16.8489674,-44.3482667,brasil_aberto,True
MG,3162252,São João da Lagoa,São Roberto,sao roberto,-18.46348953,-43.72297287,brasil_aberto,True
MG,3162302,São João da Mata,Centro,centro,-21.93271637,-45.92768097,brasil_aberto,True
MG,3162401,São João da Ponte,Centro,centro,-15.93265057,-44.0049057,brasil_aberto,True
MG,3162401,São João da Ponte,Condado do Norte,condado do norte,-15.78772545,-44.05048752,brasil_aberto,True
MG,3162401,São João da Ponte,Olímpio Campos,olimpio campos,-15.82199764,-44.01437378,brasil_aberto,True
MG,3162401,São João da Ponte,Santo Antônio da Boa Vista,santo antonio da boa vista,-15.87300968,-44.14655304,brasil_aberto,True
MG,3162401,São João da Ponte,Simão Campos,simao campos,-16.07242966,-43.93491745,brasil_aberto,True
MG,3162450,São João das Missões,Brejo Mata Fome,brejo mata fome,-14.8509655,-44.22894287,brasil_aberto,True
MG,3162450,São João das Missões,Centro,centro,-14.8799518,-44.0878101,brasil_aberto,True
MG,3162450,São João das Missões,Rancharia e Tenda,rancharia e tenda,-14.9534902,-44.0675018,brasil_aberto,True
MG,3162450,São João das Missões,Sumaré I,sumare i,-14.89598656,-44.34257507,brasil_aberto,True
MG,3162500,São João del Rei,Alto das Mercês,alto das merces,,,brasil_aberto,True
MG,3162500,São João del Rei,Alto do Maquiné (Colônia do Marçal),alto do maquine (colonia do marcal),,,brasil_aberto,True
MG,3162500,São João del Rei,Araçá,araca,-21.1241053,-44.258904,brasil_aberto,True
MG,3162500,São João del Rei,Barro Preto,barro preto,-21.1446913,-44.2799449,brasil_aberto,True
MG,3162500,São João del Rei,Bela Vista,bela vista,,,brasil_aberto,True
MG,3162500,São João del Rei,Bom Pastor,bom pastor,,,brasil_aberto,True
MG,3162500,São João del Rei,Bonfim,bonfim,-21.1447921,-44.2576773,brasil_aberto,True
MG,3162500,São João del Rei,COHAB,cohab,-21.11522,-44.2247107,brasil_aberto,True
MG,3162500,São João del Rei,Caburu,caburu,,,brasil_aberto,True
MG,3162500,São João del Rei,Caiçaras,caicaras,,,brasil_aberto,True
MG,3162500,São João del Rei,Centro,centro,-21.13603,-44.2579828,brasil_aberto,True
MG,3162500,São João del Rei,Cidade Nova,cidade nova,,,brasil_aberto,True
MG,3162500,São João del Rei,Cidade Verde,cidade verde,-21.1133859,-44.2511598,brasil_aberto,True
MG,3162500,São João del Rei,Colinas Del Rey,colinas del rey,,,brasil_aberto,True
MG,3162500,São João del Rei,Colônia do Giarola,colonia do giarola,-21.0735882,-44.2276526,brasil_aberto,True
MG,3162500,São João del Rei,Colônia do Marçal,colonia do marcal,-21.099084,-44.2271707,brasil_aberto,True
MG,3162500,São João del Rei,Dom Bosco,dom bosco,-21.1239337,-44.2513273,brasil_aberto,True
MG,3162500,São João del Rei,Emboabas,emboabas,-21.2931824,-44.1219105,brasil_aberto,True
MG,3162500,São João del Rei,Fábricas,fabricas,-21.1239111,-44.2503926,brasil_aberto,True
MG,3162500,São João del Rei,Guarda-Mor,guarda-mor,-21.1422897,-44.2659974,brasil_aberto,True
MG,3162500,São João del Rei,Jardim América,jardim america,,,brasil_aberto,True
MG,3162500,São João del Rei,Jardim América (Fábricas),jardim america (fabricas),,,brasil_aberto,True
MG,3162500,São João del Rei,Jardim Colônia (Colônia do Marçal),jardim colonia (colonia do marcal),,,brasil_aberto,True
MG,3162500,São João del Rei,Jardim Montese,jardim montese,,,brasil_aberto,True
MG,3162500,São João del Rei,Jardim Paulo Campos,jardim paulo campos,,,brasil_aberto,True
MG,3162500,São João del Rei,Lava Pés,lava pes,,,brasil_aberto,True
MG,3162500,São João del Rei,Lombão,lombao,,,brasil_aberto,True
MG,3162500,São João del Rei,Loteamento do Carmindo (Colônia do Marçal),loteamento do carmindo (colonia do marcal),,,brasil_aberto,True
MG,3162500,São João del Rei,Matozinhos,matozinhos,,,brasil_aberto,True
MG,3162500,São João del Rei,Nascente do Sol (Colônia do Marçal),nascente do sol (colonia do marcal),,,brasil_aberto,True
MG,3162500,São João del Rei,Nossa Senhora da Conceição,nossa senhora da conceicao,,,brasil_aberto,True
MG,3162500,São João del Rei,Parque Real,parque real,,,brasil_aberto,True
MG,3162500,São João del Rei,Parque São João Del Rey (Colônia do Marçal),parque sao joao del rey (colonia do marcal),,,brasil_aberto,True
MG,3162500,São João del Rei,Pio XII,pio xii,,,brasil_aberto,True
MG,3162500,São João del Rei,Portal Vila Rica (Colônia do Marçal),portal vila rica (colonia do marcal),,,brasil_aberto,True
MG,3162500,São João del Rei,Rainha da Paz,rainha da paz,,,brasil_aberto,True
MG,3162500,São João del Rei,Recreio das Alterosas (Colônia do Marçal),recreio das alterosas (colonia do marcal),,,brasil_aberto,True
MG,3162500,São João del Rei,Residencial Dom Lucas Moreira Neves,residencial dom lucas moreira neves,,,brasil_aberto,True
MG,3162500,São João del Rei,Residencial Girassol,residencial girassol,,,brasil_aberto,True
MG,3162500,São João del Rei,Residencial Jardim Aeroporto,residencial jardim aeroporto,,,brasil_aberto,True
MG,3162500,São João del Rei,Residencial Lenheiro,residencial lenheiro,,,brasil_aberto,True
MG,3162500,São João del Rei,Residencial Maquiné,residencial maquine,,,brasil_aberto,True
MG,3162500,São João del Rei,Residencial São José Operário (Tejuco),residencial sao jose operario (tejuco),,,brasil_aberto,True
MG,3162500,São João del Rei,Rio Acima,rio acima,,,brasil_aberto,True
MG,3162500,São João del Rei,Rio das Mortes,rio das mortes,,,brasil_aberto,True
MG,3162500,São João del Rei,Risoleta Neves I,risoleta neves i,,,brasil_aberto,True
MG,3162500,São João del Rei,Segredo,segredo,,,brasil_aberto,True
MG,3162500,São João del Rei,Senhor dos Montes,senhor dos montes,,,brasil_aberto,True
MG,3162500,São João del Rei,Solar da Serra (Colônia do Marçal),solar da serra (colonia do marcal),,,brasil_aberto,True
MG,3162500,São João del Rei,São Caetano,sao caetano,,,brasil_aberto,True
MG,3162500,São João del Rei,São Francisco (Colônia do Marçal),sao francisco (colonia do marcal),,,brasil_aberto,True
MG,3162500,São João del Rei,São Geraldo,sao geraldo,,,brasil_aberto,True
MG,3162500,São João del Rei,São José Operário,sao jose operario,,,brasil_aberto,True
MG,3162500,São João del Rei,São Judas Tadeu,sao judas tadeu,,,brasil_aberto,True
MG,3162500,São João del Rei,São Miguel do Cajuru,sao miguel do cajuru,,,brasil_aberto,True
MG,3162500,São João del Rei,São Pedro (Colônia do Marçal),sao pedro (colonia do marcal),,,brasil_aberto,True
MG,3162500,São João del Rei,São Sebastião da Vitória,sao sebastiao da vitoria,,,brasil_aberto,True
MG,3162500,São João del Rei,Tejuco,tejuco,,,brasil_aberto,True
MG,3162500,São João del Rei,Vale Nascente do Sol,vale nascente do sol,,,brasil_aberto,True
MG,3162500,São João del Rei,Vila Belizário,vila belizario,,,brasil_aberto,True
MG,3162500,São João del Rei,Vila Brasil,vila brasil,,,brasil_aberto,True
MG,3162500,São João del Rei,Vila Jardim São José,vila jardim sao jose,,,brasil_aberto,True
MG,3162500,São João del Rei,Vila Jesus Silva,vila jesus silva,,,brasil_aberto,True
MG,3162500,São João del Rei,Vila João Lombard (Fábricas),vila joao lombard (fabricas),,,brasil_aberto,True
MG,3162500,São João del Rei,Vila Marchetti,vila marchetti,,,brasil_aberto,True
MG,3162500,São João del Rei,Vila Maria (Bonfim),vila maria (bonfim),,,brasil_aberto,True
MG,3162500,São João del Rei,Vila Militar,vila militar,,,brasil_aberto,True
MG,3162500,São João del Rei,Vila Nossa Senhora de Fátima,vila nossa senhora de fatima,,,brasil_aberto,True
MG,3162500,São João del Rei,Vila Santa Terezinha,vila santa terezinha,,,brasil_aberto,True
MG,3162500,São João del Rei,Vila Santo Antônio (Matozinhos),vila santo antonio (matozinhos),,,brasil_aberto,True
MG,3162500,São João del Rei,Vila São Bento,vila sao bento,,,brasil_aberto,True
MG,3162500,São João del Rei,Vila São Paulo (Fábricas),vila sao paulo (fabricas),,,brasil_aberto,True
MG,3162500,São João del Rei,Vila São Vicente (Colônia do Marçal),vila sao vicente (colonia do marcal),,,brasil_aberto,True
MG,3162500,São João del Rei,Vila do Carmo (Colonia do Marçal),vila do carmo (colonia do marcal),,,brasil_aberto,True
MG,3162500,São João del Rei,Várzea do Faria (Bonfim),varzea do faria (bonfim),,,brasil_aberto,True
MG,3162500,São João del Rei,Água Geral (Tejuco),agua geral (tejuco),,,brasil_aberto,True
MG,3162500,São João del Rei,Águas Férreas (Tejuco),aguas ferreas (tejuco),,,brasil_aberto,True
MG,3162500,São João del Rei,Área Rural de São João Del Rei,area rural de sao joao del rei,,,brasil_aberto,True
MG,3162559,São João do Manhuaçu,Centro,centro,-20.39290619,-42.15330887,brasil_aberto,True
MG,3162559,São João do Manhuaçu,Pontões,pontoes,-20.37183571,-42.11314011,brasil_aberto,True
MG,3162575,São João do Manteninha,Centro,centro,-18.72311211,-41.15956116,brasil_aberto,True
MG,3162609,São João do Oriente,Centro,centro,-19.3396982,-42.1557689,brasil_aberto,True
MG,3162609,São João do Oriente,Santa Maria do Baixio,santa maria do baixio,-19.41196823,-42.1541214,brasil_aberto,True
MG,3162658,São João do Pacuí,Centro,centro,-16.53816986,-44.53152084,brasil_aberto,True
MG,3162658,São João do Pacuí,Santa da Pedra,santa da pedra,-16.59631538,-44.50308609,brasil_aberto,True
MG,3162708,São João do Paraíso,Boa Sorte,boa sorte,-15.3365031,-42.1535652,brasil_aberto,True
MG,3162708,São João do Paraíso,Centro,centro,-15.314147,-42.01637268,brasil_aberto,True
MG,3162708,São João do Paraíso,Vereda do Paraíso,vereda do paraiso,-15.48883915,-41.46337509,brasil_aberto,True
MG,3163706,São Lourenço,Centro,centro,-22.11759949,-45.05295944,brasil_aberto,True
MG,3163805,São Miguel do Anta,Centro,centro,-20.705214,-42.7199885,brasil_aberto,True
MG,3163904,São Pedro da União,Biguatinga,biguatinga,-21.14608192,-46.69660568,brasil_aberto,True
MG,3163904,São Pedro da União,Centro,centro,-21.12761116,-46.61709213,brasil_aberto,True
MG,3164100,São Pedro do Suaçuí,Araras,araras,,,brasil_aberto,True
MG,3164100,São Pedro do Suaçuí,Centro,centro,-18.364748,-42.60340118,brasil_aberto,True
MG,3164100,São Pedro do Suaçuí,Córrego Dantas,corrego dantas,-18.23877761553739,-42.53900820590209,brasil_aberto,True
MG,3164001,São Pedro dos Ferros,Centro,centro,-20.16859055,-42.52264786,brasil_aberto,True
MG,3164001,São Pedro dos Ferros,Águas Férreas,aguas ferreas,-20.09161568,-42.62446976,brasil_aberto,True
MG,3164209,São Romão,Centro,centro,-16.36868668,-45.07357407,brasil_aberto,True
MG,3164209,São Romão,Ribanceira,ribanceira,,,brasil_aberto,True
MG,3164308,São Roque de Minas,Centro,centro,-21.79148865,-46.56493759,brasil_aberto,True
MG,3164308,São Roque de Minas,Serra da Canastra,serra da canastra,-20.1452806,-46.6623512,brasil_aberto,True
MG,3164308,São Roque de Minas,São José do Barreiro,sao jose do barreiro,-20.3443563,-46.4838032,brasil_aberto,True
MG,3164407,São Sebastião da Bela Vista,Centro,centro,-22.15969849,-45.75437546,brasil_aberto,True
MG,3164431,São Sebastião da Vargem Alegre,Centro,centro,-21.07522011,-42.63492584,brasil_aberto,True
MG,3164472,São Sebastião do Anta,Centro,centro,-19.49823189,-41.97893906,brasil_aberto,True
MG,3164506,São Sebastião do Maranhão,Centro,centro,-18.0858862,-42.57009000000001,brasil_aberto,True
MG,3164506,São Sebastião do Maranhão,Mãe dos Homens,mae dos homens,-18.12926483,-42.59167862,brasil_aberto,True
MG,3164506,São Sebastião do Maranhão,Santo Antônio dos Araújos,santo antonio dos araujos,-18.01555252,-42.52443695,brasil_aberto,True
MG,3164605,São Sebastião do Oeste,Centro,centro,-20.27313614,-45.00296021,brasil_aberto,True
MG,3164704,São Sebastião do Paraíso,Centro,centro,,,brasil_aberto,True
MG,3164704,São Sebastião do Paraíso,Conjunto Habitacional Maria Italiana,conjunto habitacional maria italiana,,,brasil_aberto,True
MG,3164704,São Sebastião do Paraíso,Conjunto Habitacional Monsenhor Mancini,conjunto habitacional monsenhor mancini,,,brasil_aberto,True
MG,3164704,São Sebastião do Paraíso,Cristo Rei,cristo rei,,,brasil_aberto,True
MG,3164704,São Sebastião do Paraíso,Guardinha,guardinha,-20.9171065,-46.9916466,brasil_aberto,True
MG,3164704,São Sebastião do Paraíso,Jardim Acapulco,jardim acapulco,,,brasil_aberto,True
MG,3164704,São Sebastião do Paraíso,Jardim América III,jardim america iii,,,brasil_aberto,True
MG,3164704,São Sebastião do Paraíso,Jardim América VII,jardim america vii,,,brasil_aberto,True
MG,3164704,São Sebastião do Paraíso,Jardim Bernadete,jardim bernadete,,,brasil_aberto,True
MG,3164704,São Sebastião do Paraíso,Jardim Coimbra,jardim coimbra,,,brasil_aberto,True
MG,3164704,São Sebastião do Paraíso,Jardim Coolapa,jardim coolapa,,,brasil_aberto,True
MG,3164704,São Sebastião do Paraíso,Jardim Europa I,jardim europa i,,,brasil_aberto,True
MG,3164704,São Sebastião do Paraíso,Jardim Europa IV,jardim europa iv,,,brasil_aberto,True
MG,3164704,São Sebastião do Paraíso,Jardim Itamarati II,jardim itamarati ii,,,brasil_aberto,True
MG,3164704,São Sebastião do Paraíso,Jardim Mediterranêe I,jardim mediterranee i,,,brasil_aberto,True
MG,3164704,São Sebastião do Paraíso,Jardim Morada do Sol,jardim morada do sol,,,brasil_aberto,True
MG,3164704,São Sebastião do Paraíso,Jardim Ouro Verde,jardim ouro verde,,,brasil_aberto,True
MG,3164704,São Sebastião do Paraíso,Jardim Planalto I,jardim planalto i,,,brasil_aberto,True
MG,3164704,São Sebastião do Paraíso,Jardim Rosentina dos Santos Figueiredo 1,jardim rosentina dos santos figueiredo 1,,,brasil_aberto,True
MG,3164704,São Sebastião do Paraíso,Jardim São Geraldo,jardim sao geraldo,,,brasil_aberto,True
MG,3164704,São Sebastião do Paraíso,Jardim São José I,jardim sao jose i,,,brasil_aberto,True
MG,3164704,São Sebastião do Paraíso,Jardim das Acácias,jardim das acacias,,,brasil_aberto,True
MG,3164704,São Sebastião do Paraíso,Jardim das Hortências,jardim das hortencias,,,brasil_aberto,True
MG,3164704,São Sebastião do Paraíso,Lagoinha,lagoinha,,,brasil_aberto,True
MG,3164704,São Sebastião do Paraíso,Loteamento Sion,loteamento sion,,,brasil_aberto,True
MG,3164704,São Sebastião do Paraíso,Mocoquinha,mocoquinha,-20.9256192,-46.9843029,brasil_aberto,True
MG,3164704,São Sebastião do Paraíso,Parque São Judas Tadeu,parque sao judas tadeu,,,brasil_aberto,True
MG,3164704,São Sebastião do Paraíso,Residencial Califórnia Garden,residencial california garden,,,brasil_aberto,True
MG,3164704,São Sebastião do Paraíso,Residencial Cidade Nova I,residencial cidade nova i,,,brasil_aberto,True
MG,3164704,São Sebastião do Paraíso,Residencial Jardim Daniela,residencial jardim daniela,,,brasil_aberto,True
MG,3164704,São Sebastião do Paraíso,Residencial Portal dos Ipês,residencial portal dos ipes,,,brasil_aberto,True
MG,3164704,São Sebastião do Paraíso,Residencial San Genaro,residencial san genaro,,,brasil_aberto,True
MG,3164704,São Sebastião do Paraíso,Residencial Santa Tereza,residencial santa tereza,-20.8938415,-47.0000337,brasil_aberto,True
MG,3164704,São Sebastião do Paraíso,Sassafraz,sassafraz,,,brasil_aberto,True
MG,3164704,São Sebastião do Paraíso,Vila Dalva,vila dalva,,,brasil_aberto,True
MG,3164704,São Sebastião do Paraíso,Vila Formosa,vila formosa,,,brasil_aberto,True
MG,3164704,São Sebastião do Paraíso,Vila Helena I,vila helena i,,,brasil_aberto,True
MG,3164704,São Sebastião do Paraíso,Vila Helena II,vila helena ii,,,brasil_aberto,True
MG,3164704,São Sebastião do Paraíso,Vila Ipê,vila ipe,,,brasil_aberto,True
MG,3164704,São Sebastião do Paraíso,Vila Mariana,vila mariana,,,brasil_aberto,True
MG,3164704,São Sebastião do Paraíso,Vila Nossa Senhora de Fátima,vila nossa senhora de fatima,,,brasil_aberto,True
MG,3164704,São Sebastião do Paraíso,Vila Radaeli,vila radaeli,,,brasil_aberto,True
MG,3164704,São Sebastião do Paraíso,Vila Santa Maria,vila santa maria,,,brasil_aberto,True
MG,3164803,São Sebastião do Rio Preto,Centro,centro,-19.2924342,-43.1755676,brasil_aberto,True
MG,3164902,São Sebastião do Rio Verde,Centro,centro,-22.2187664,-44.97812889999999,brasil_aberto,True
MG,3165008,São Tiago,Centro,centro,-16.72621918,-43.86260223,brasil_aberto,True
MG,3165008,São Tiago,Mercês de Água Limpa,merces de agua limpa,-21.04389,-44.60490036,brasil_aberto,True
MG,3165107,São Tomás de Aquino,Centro,centro,-20.7830658,-47.09836197,brasil_aberto,True
MG,3165206,São Tomé das Letras,Centro,centro,,,brasil_aberto,True
MG,3165206,São Tomé das Letras,Sobradinho,sobradinho,,,brasil_aberto,True
MG,3165305,São Vicente de Minas,Centro,centro,-16.72315788,-43.86656189,brasil_aberto,True
MG,3167905,Tabuleiro,Centro,centro,-21.36042786,-43.25160217,brasil_aberto,True
MG,3168002,Taiobeiras,Centro,centro,-15.8133733,-42.2320292,brasil_aberto,True
MG,3168051,Taparuba,Centro,centro,-19.76454353,-41.61505127,brasil_aberto,True
MG,3168051,Taparuba,Três Barras,tres barras,-19.72596169,-41.56721115,brasil_aberto,True
MG,3168101,Tapira,Centro,centro,-19.9247195,-46.8222555,brasil_aberto,True
MG,3168200,Tapiraí,Altolândia,altolandia,-19.8907473,-46.1767604,brasil_aberto,True
MG,3168309,Taquaraçu de Minas,Centro,centro,-19.66606522,-43.69026184,brasil_aberto,True
MG,3168309,Taquaraçu de Minas,Engenho,engenho,-19.68901253,-43.77888489,brasil_aberto,True
MG,3168408,Tarumirim,Cafemirim,cafemirim,-19.32163239,-42.00631332,brasil_aberto,True
MG,3168408,Tarumirim,Centro,centro,-19.28297043,-42.00563431,brasil_aberto,True
MG,3168408,Tarumirim,São Vicente do Rio Doce,sao vicente do rio doce,-19.26241302,-41.80995178,brasil_aberto,True
MG,3168408,Tarumirim,Taruaçu,taruacu,-19.31285095,-42.07056427,brasil_aberto,True
MG,3168408,Tarumirim,Vai-Volta,vai-volta,-19.31059647,-41.90018845,brasil_aberto,True
MG,3168507,Teixeiras,Centro,centro,-20.6505093,-42.8586466,brasil_aberto,True
MG,3168606,Teófilo Otoni,Altino Barbosa,altino barbosa,-17.8645541,-41.5036229,brasil_aberto,True
MG,3168606,Teófilo Otoni,Barreiros,barreiros,-17.89203644,-41.50459671,brasil_aberto,True
MG,3168606,Teófilo Otoni,Bela Vista,bela vista,-17.8462429,-41.5100279,brasil_aberto,True
MG,3168606,Teófilo Otoni,Belo Oriente,belo oriente,,,brasil_aberto,True
MG,3168606,Teófilo Otoni,Belvedere,belvedere,-17.8713249,-41.4950695,brasil_aberto,True
MG,3168606,Teófilo Otoni,Castro Pires,castro pires,-17.86795425,-41.48813629,brasil_aberto,True
MG,3168606,Teófilo Otoni,Centro,centro,-17.8660393,-41.5075284,brasil_aberto,True
MG,3168606,Teófilo Otoni,Cidade Alta,cidade alta,-17.8635025,-41.51005173,brasil_aberto,True
MG,3168606,Teófilo Otoni,Cidade Nova,cidade nova,-17.8978836,-41.5042349,brasil_aberto,True
MG,3168606,Teófilo Otoni,Concórdia,concordia,-17.85883522,-41.51511765,brasil_aberto,True
MG,3168606,Teófilo Otoni,Conjunto Paulo Freire,conjunto paulo freire,-17.888141,-41.5017763,brasil_aberto,True
MG,3168606,Teófilo Otoni,Crispim Jaques,crispim jaques,-17.82881546,-41.14422226,brasil_aberto,True
MG,3168606,Teófilo Otoni,Doutor Laerte Laender,doutor laerte laender,-17.87457085,-41.50940704,brasil_aberto,True
MG,3168606,Teófilo Otoni,Esperança,esperanca,-17.8789581,-41.500585,brasil_aberto,True
MG,3168606,Teófilo Otoni,Felicidade,felicidade,-17.8377317,-41.508738,brasil_aberto,True
MG,3168606,Teófilo Otoni,Filadélfia,filadelfia,-17.8531801,-41.4986168,brasil_aberto,True
MG,3168606,Teófilo Otoni,Floresta,floresta,-17.8777409,-41.5069155,brasil_aberto,True
MG,3168606,Teófilo Otoni,Frei Dimas,frei dimas,-17.86223602,-41.5189743,brasil_aberto,True
MG,3168606,Teófilo Otoni,Frei Júlio,frei julio,-17.8831193,-41.5040393,brasil_aberto,True
MG,3168606,Teófilo Otoni,Funcionários,funcionarios,-17.8793087,-41.49927902,brasil_aberto,True
MG,3168606,Teófilo Otoni,Fátima,fatima,-17.852404,-41.5105017,brasil_aberto,True
MG,3168606,Teófilo Otoni,Gangorrinha,gangorrinha,-17.858867,-41.5316856,brasil_aberto,True
MG,3168606,Teófilo Otoni,Grão Pará,grao para,-17.85576248,-41.50291061,brasil_aberto,True
MG,3168606,Teófilo Otoni,Indaiá,indaia,-17.85176849,-41.51845169,brasil_aberto,True
MG,3168606,Teófilo Otoni,Ipiranga,ipiranga,-17.866,-41.4937793,brasil_aberto,True
MG,3168606,Teófilo Otoni,Itaguaçu,itaguacu,-17.8418855,-41.4983493,brasil_aberto,True
MG,3168606,Teófilo Otoni,Jardim Iracema,jardim iracema,-17.8549235,-41.5019042,brasil_aberto,True
MG,3168606,Teófilo Otoni,Jardim Serra Verde,jardim serra verde,-17.8726088,-41.4885558,brasil_aberto,True
MG,3168606,Teófilo Otoni,Jardim São Paulo,jardim sao paulo,-17.890173,-41.4975294,brasil_aberto,True
MG,3168606,Teófilo Otoni,Jardim das Acácias,jardim das acacias,-17.88411522,-41.55467224,brasil_aberto,True
MG,3168606,Teófilo Otoni,Joaquim Pedrosa,joaquim pedrosa,-17.85109901,-41.51674271,brasil_aberto,True
MG,3168606,Teófilo Otoni,Loteamento Buritis (São Jacinto),loteamento buritis (sao jacinto),-17.8531801,-41.4986168,brasil_aberto,True
MG,3168606,Teófilo Otoni,Loteamento Laranjeiras (São Jacinto),loteamento laranjeiras (sao jacinto),-17.855278,-41.4860527,brasil_aberto,True
MG,3168606,Teófilo Otoni,Lourival Soares da Costa,lourival soares da costa,-17.87617493,-41.49617386,brasil_aberto,True
MG,3168606,Teófilo Otoni,Manoel Pimenta,manoel pimenta,-17.8779404,-41.5013941,brasil_aberto,True
MG,3168606,Teófilo Otoni,Marajoara,marajoara,-17.8729114,-41.5070608,brasil_aberto,True
MG,3168606,Teófilo Otoni,Matinha,matinha,-17.8459715,-41.4925292,brasil_aberto,True
MG,3168606,Teófilo Otoni,Minas Novas,minas novas,-17.8614441,-41.5333645,brasil_aberto,True
MG,3168606,Teófilo Otoni,Monte Carlo,monte carlo,-17.8467913,-41.47658800000001,brasil_aberto,True
MG,3168606,Teófilo Otoni,Mucuri,mucuri,-17.8758125,-41.498567,brasil_aberto,True
MG,3168606,Teófilo Otoni,Nossa Senhora das Graças,nossa senhora das gracas,-17.8672391,-41.5262387,brasil_aberto,True
MG,3168606,Teófilo Otoni,Novo Horizonte,novo horizonte,-17.851194,-41.5058454,brasil_aberto,True
MG,3168606,Teófilo Otoni,Olga Prates Correia,olga prates correia,-17.869855,-41.5152786,brasil_aberto,True
MG,3168606,Teófilo Otoni,Palmeiras,palmeiras,-17.8653551,-41.5248207,brasil_aberto,True
MG,3168606,Teófilo Otoni,Pampulhinha,pampulhinha,-17.84908104,-41.48821259,brasil_aberto,True
MG,3168606,Teófilo Otoni,Pedro Versiani,pedro versiani,-17.88116264,-41.3115921,brasil_aberto,True
MG,3168606,Teófilo Otoni,Pindorama,pindorama,-17.8828277,-41.5096427,brasil_aberto,True
MG,3168606,Teófilo Otoni,Rio Pretinho,rio pretinho,-17.3560649,-41.3526533,brasil_aberto,True
MG,3168606,Teófilo Otoni,Santa Clara,santa clara,-17.8694003,-41.4817635,brasil_aberto,True
MG,3168606,Teófilo Otoni,Solidariedade,solidariedade,-17.88707924,-41.50868988,brasil_aberto,True
MG,3168606,Teófilo Otoni,São Benedito,sao benedito,-17.9005127,-41.49690628,brasil_aberto,True
MG,3168606,Teófilo Otoni,São Cristóvão,sao cristovao,-17.8417244,-41.52061462,brasil_aberto,True
MG,3168606,Teófilo Otoni,São Diogo,sao diogo,-17.8663918,-41.5146873,brasil_aberto,True
MG,3168606,Teófilo Otoni,São Francisco,sao francisco,-17.86137772,-41.50562668,brasil_aberto,True
MG,3168606,Teófilo Otoni,São Geraldo,sao geraldo,-17.8608479,-41.5089708,brasil_aberto,True
MG,3168606,Teófilo Otoni,São Jacinto,sao jacinto,-17.85195732,-41.49022675,brasil_aberto,True
MG,3168606,Teófilo Otoni,São João,sao joao,-17.87274361,-41.48844528,brasil_aberto,True
MG,3168606,Teófilo Otoni,São Pedro,sao pedro,-17.8531801,-41.4986168,brasil_aberto,True
MG,3168606,Teófilo Otoni,Tabajaras,tabajaras,-17.85898209,-41.4985466,brasil_aberto,True
MG,3168606,Teófilo Otoni,Tancredo Neves,tancredo neves,-17.8608479,-41.5089708,brasil_aberto,True
MG,3168606,Teófilo Otoni,Taquara,taquara,-17.91372871,-41.49557495,brasil_aberto,True
MG,3168606,Teófilo Otoni,Teófilo Rocha,teofilo rocha,-17.8758248,-41.5044039,brasil_aberto,True
MG,3168606,Teófilo Otoni,Topázio,topazio,-17.64369202,-41.38344193,brasil_aberto,True
MG,3168606,Teófilo Otoni,Turma Trinta e Oito,turma trinta e oito,-17.8607875,-41.5329044,brasil_aberto,True
MG,3168606,Teófilo Otoni,Turma Trinta e Sete,turma trinta e sete,-17.906229,-41.491302,brasil_aberto,True
MG,3168606,Teófilo Otoni,Vila Betel,vila betel,-17.84062958,-41.50928879,brasil_aberto,True
MG,3168606,Teófilo Otoni,Vila Ramos,vila ramos,-17.8360949,-41.5132497,brasil_aberto,True
MG,3168606,Teófilo Otoni,Vila Vitória,vila vitoria,-17.8735295,-41.4885255,brasil_aberto,True
MG,3168606,Teófilo Otoni,Viriato,viriato,-17.8430163,-41.5225236,brasil_aberto,True
MG,3168606,Teófilo Otoni,Área Rural de Teófilo Otoni,area rural de teofilo otoni,-17.8608479,-41.5089708,brasil_aberto,True
MG,3168705,Timóteo,Alegre,alegre,-19.53543663,-42.61985397,brasil_aberto,True
MG,3168705,Timóteo,Alphaville,alphaville,-19.55926895,-42.59044647,brasil_aberto,True
MG,3168705,Timóteo,Alto Serenata,alto serenata,-19.544487,-42.64121628,brasil_aberto,True
MG,3168705,Timóteo,Alvorada,alvorada,-19.54999733,-42.65629959,brasil_aberto,True
MG,3168705,Timóteo,Ana Malaquias,ana malaquias,-19.58130455,-42.643013,brasil_aberto,True
MG,3168705,Timóteo,Ana Moura,ana moura,-19.56961632,-42.6664505,brasil_aberto,True
MG,3168705,Timóteo,Ana Rita,ana rita,-19.56739616,-42.64002609,brasil_aberto,True
MG,3168705,Timóteo,Bandeirantes,bandeirantes,-19.5823775,-42.6449593,brasil_aberto,True
MG,3168705,Timóteo,Bela Vista,bela vista,-19.5836792,-42.64188766,brasil_aberto,True
MG,3168705,Timóteo,Bromélias,bromelias,-19.54518127,-42.65562057,brasil_aberto,True
MG,3168705,Timóteo,Cachoeira do Vale,cachoeira do vale,-19.53651237,-42.67158508,brasil_aberto,True
MG,3168705,Timóteo,Celeste,celeste,-19.5732676,-42.6370875,brasil_aberto,True
MG,3168705,Timóteo,Centro,centro,-18.5916748,-46.50979996,brasil_aberto,True
MG,3168705,Timóteo,Centro Sul,centro sul,-19.56739616,-42.64002609,brasil_aberto,True
MG,3168705,Timóteo,Cruzeirinho,cruzeirinho,-19.54144478,-42.63333893,brasil_aberto,True
MG,3168705,Timóteo,Distrito Industrial,distrito industrial,,,brasil_aberto,True
MG,3168705,Timóteo,Eldorados,eldorados,,,brasil_aberto,True
MG,3168705,Timóteo,Funcionários,funcionarios,-19.54592323,-42.64584351,brasil_aberto,True
MG,3168705,Timóteo,Getúlio Vargas,getulio vargas,-19.5425699,-42.6428011,brasil_aberto,True
MG,3168705,Timóteo,John Kennedy,john kennedy,-19.5566824,-42.6424383,brasil_aberto,True
MG,3168705,Timóteo,João XXIII,joao xxiii,-19.5584416,-42.6490486,brasil_aberto,True
MG,3168705,Timóteo,Limoeiro,limoeiro,-19.54838753,-42.58632278,brasil_aberto,True
MG,3168705,Timóteo,Macuco,macuco,-19.58250999,-42.57927322,brasil_aberto,True
MG,3168705,Timóteo,Nossa Senhora das Graças,nossa senhora das gracas,-19.57292175,-42.63980865,brasil_aberto,True
MG,3168705,Timóteo,Nova Esperança,nova esperanca,-19.52846146,-42.6183548,brasil_aberto,True
MG,3168705,Timóteo,Novo Horizonte,novo horizonte,-19.54995728,-42.63555908,brasil_aberto,True
MG,3168705,Timóteo,Novo Tempo,novo tempo,-19.55519676,-42.66548538,brasil_aberto,True
MG,3168705,Timóteo,Núcleo Industrial,nucleo industrial,-18.85918808,-40.74049377,brasil_aberto,True
MG,3168705,Timóteo,Olaria,olaria,-19.56739616,-42.64002609,brasil_aberto,True
MG,3168705,Timóteo,Petrópolis,petropolis,-19.5610532,-42.68072,brasil_aberto,True
MG,3168705,Timóteo,Primavera,primavera,-19.5669384,-42.63925934,brasil_aberto,True
MG,3168705,Timóteo,Quitandinha,quitandinha,-19.5412006,-42.6358419,brasil_aberto,True
MG,3168705,Timóteo,Recanto,recanto,-19.55919266,-42.64417267,brasil_aberto,True
MG,3168705,Timóteo,Recanto Verde,recanto verde,-19.54800606,-42.58509064,brasil_aberto,True
MG,3168705,Timóteo,Recanto do Sossego,recanto do sossego,-19.5823775,-42.6449593,brasil_aberto,True
MG,3168705,Timóteo,Santa Cecília,santa cecilia,-19.58589745,-42.64890289,brasil_aberto,True
MG,3168705,Timóteo,Santa Maria,santa maria,-19.53934479,-42.62257004,brasil_aberto,True
MG,3168705,Timóteo,Santa Rita (Cachoeira do Vale),santa rita (cachoeira do vale),-19.54279327,-42.67932892,brasil_aberto,True
MG,3168705,Timóteo,Santa Terezinha,santa terezinha,-19.53205299,-42.60654449,brasil_aberto,True
MG,3168705,Timóteo,Serenata,serenata,-19.5453341,-42.640633,brasil_aberto,True
MG,3168705,Timóteo,São Cristóvão,sao cristovao,-19.54931068,-42.66324997,brasil_aberto,True
MG,3168705,Timóteo,São José,sao jose,-19.56739616,-42.64002609,brasil_aberto,True
MG,3168705,Timóteo,Timirim,timirim,-19.55422401,-42.64311218,brasil_aberto,True
MG,3168705,Timóteo,Timotinho,timotinho,-19.5633297,-42.66672134,brasil_aberto,True
MG,3168705,Timóteo,Vale Verde,vale verde,-19.55118752,-42.66701508,brasil_aberto,True
MG,3168705,Timóteo,Vila dos Técnicos,vila dos tecnicos,-19.53498077,-42.64345551,brasil_aberto,True
MG,3168705,Timóteo,dos Vieiras,dos vieiras,-19.5377188,-42.6646003,brasil_aberto,True
MG,3168705,Timóteo,Área Rural de Timóteo,area rural de timoteo,-19.5823775,-42.6449593,brasil_aberto,True
MG,3168804,Tiradentes,Centro,centro,-21.1095303,-44.1735842,brasil_aberto,True
MG,3168804,Tiradentes,César de Pina,cesar de pina,,,brasil_aberto,True
MG,3168903,Tiros,Canastrão,canastrao,-18.5595508,-45.7351967,brasil_aberto,True
MG,3168903,Tiros,Centro,centro,-19.005183,-45.9652241,brasil_aberto,True
MG,3169000,Tocantins,Centro,centro,-21.13314819,-44.26095963,brasil_aberto,True
MG,3169059,Tocos do Moji,Centro,centro,-22.3686725,-46.0980473,brasil_aberto,True
MG,3169109,Toledo,Centro,centro,-24.728449,-53.7408473,brasil_aberto,True
MG,3169208,Tombos,Catuné,catune,-20.92150497,-42.14825821,brasil_aberto,True
MG,3169208,Tombos,Centro,centro,-20.90571213,-42.02471924,brasil_aberto,True
MG,3169208,Tombos,Água Santa de Minas,agua santa de minas,-20.87410164,-42.15898895,brasil_aberto,True
MG,3169307,Três Corações,Alto Peró,alto pero,-21.6868098,-45.2611958,brasil_aberto,True
MG,3169307,Três Corações,Alto da Boa Vista,alto da boa vista,-21.6973293,-45.2562592,brasil_aberto,True
MG,3169307,Três Corações,Alto da Colina,alto da colina,-21.7135188,-45.2598275,brasil_aberto,True
MG,3169307,Três Corações,Amadeu Miguel,amadeu miguel,-21.6796042,-45.3304481,brasil_aberto,True
MG,3169307,Três Corações,Bela Vista,bela vista,,,brasil_aberto,True
MG,3169307,Três Corações,Boa Ventura,boa ventura,-21.69339371,-45.24880219,brasil_aberto,True
MG,3169307,Três Corações,Cafezinho,cafezinho,-21.6968777,-45.248697,brasil_aberto,True
MG,3169307,Três Corações,Centro,centro,-21.69679832,-45.25546646,brasil_aberto,True
MG,3169307,Três Corações,Chácara General Banda,chacara general banda,-21.7042435,-45.2451866,brasil_aberto,True
MG,3169307,Três Corações,Chácara das Rosas,chacara das rosas,-21.7114358,-45.2660623,brasil_aberto,True
MG,3169307,Três Corações,Cidade Jardim,cidade jardim,-21.6973293,-45.2562592,brasil_aberto,True
MG,3169307,Três Corações,Cinturão Verde,cinturao verde,-21.70953369,-45.24106216,brasil_aberto,True
MG,3169307,Três Corações,Colônia Santa Fé,colonia santa fe,,,brasil_aberto,True
MG,3169307,Três Corações,Condomínio Elias Júlio Matuck,condominio elias julio matuck,,,brasil_aberto,True
MG,3169307,Três Corações,Cotia,cotia,-21.70326042,-45.26309204,brasil_aberto,True
MG,3169307,Três Corações,Distrito Industrial,distrito industrial,-21.57726097,-45.44252396,brasil_aberto,True
MG,3169307,Três Corações,Espraiado,espraiado,-21.72709846,-45.25790405,brasil_aberto,True
MG,3169307,Três Corações,Estância dos Reis,estancia dos reis,-21.6863073,-45.2694775,brasil_aberto,True
MG,3169307,Três Corações,Feira de Gado,feira de gado,-21.6788254,-45.2666062,brasil_aberto,True
MG,3169307,Três Corações,Flora,flora,-21.686383,-45.2409038,brasil_aberto,True
MG,3169307,Três Corações,Henrique Rezende,henrique rezende,-21.6828014,-45.2733446,brasil_aberto,True
MG,3169307,Três Corações,Inconfidentes,inconfidentes,-21.67742,-45.2779299,brasil_aberto,True
MG,3169307,Três Corações,Jardim Alegre,jardim alegre,-16.72296524,-43.81564331,brasil_aberto,True
MG,3169307,Três Corações,Jardim Alto Paraíso,jardim alto paraiso,-21.6973293,-45.2562592,brasil_aberto,True
MG,3169307,Três Corações,Jardim América,jardim america,-21.67277145,-45.27236176,brasil_aberto,True
MG,3169307,Três Corações,Jardim Belo Horizonte,jardim belo horizonte,-19.919052,-43.9386685,brasil_aberto,True
MG,3169307,Três Corações,Jardim Califórnia,jardim california,-21.7166871,-45.2727857,brasil_aberto,True
MG,3169307,Três Corações,Jardim Eldorado,jardim eldorado,-21.6973293,-45.2562592,brasil_aberto,True
MG,3169307,Três Corações,Jardim Eldorado II,jardim eldorado ii,-21.6973293,-45.2562592,brasil_aberto,True
MG,3169307,Três Corações,Jardim Esperança,jardim esperanca,-21.71200562,-45.24127197,brasil_aberto,True
MG,3169307,Três Corações,Jardim Europa,jardim europa,,,brasil_aberto,True
MG,3169307,Três Corações,Jardim Europa II,jardim europa ii,-21.6973293,-45.2562592,brasil_aberto,True
MG,3169307,Três Corações,Jardim Fabiana,jardim fabiana,-21.7286926,-45.2652926,brasil_aberto,True
MG,3169307,Três Corações,Jardim Monte Verde,jardim monte verde,-21.6815896,-45.2317568,brasil_aberto,True
MG,3169307,Três Corações,Jardim Monte Verde II,jardim monte verde ii,-22.87234116,-46.04130554,brasil_aberto,True
MG,3169307,Três Corações,Jardim Novo Horizonte,jardim novo horizonte,,,brasil_aberto,True
MG,3169307,Três Corações,Jardim Orion,jardim orion,-18.94819641,-48.29662323,brasil_aberto,True
MG,3169307,Três Corações,Jardim Paraíso,jardim paraiso,-21.72562408,-45.25898361,brasil_aberto,True
MG,3169307,Três Corações,Jardim Planalto,jardim planalto,-21.6947438,-45.2448596,brasil_aberto,True
MG,3169307,Três Corações,Jardim Primavera,jardim primavera,-19.78862572,-44.00164413,brasil_aberto,True
MG,3169307,Três Corações,Jardim Rio Verde,jardim rio verde,-21.70622253,-45.2497673,brasil_aberto,True
MG,3169307,Três Corações,Jardim Santa Tereza,jardim santa tereza,-21.70242691,-45.25013733,brasil_aberto,True
MG,3169307,Três Corações,Jardim Tropical,jardim tropical,-21.6973293,-45.2562592,brasil_aberto,True
MG,3169307,Três Corações,Jardim Umuarama,jardim umuarama,-21.67277145,-45.27236176,brasil_aberto,True
MG,3169307,Três Corações,Jardim Universo,jardim universo,-21.68977165,-45.2503891,brasil_aberto,True
MG,3169307,Três Corações,Jardim Verona,jardim verona,-21.6973293,-45.2562592,brasil_aberto,True
MG,3169307,Três Corações,Jardim das Acácias,jardim das acacias,-21.68459129,-45.25841141,brasil_aberto,True
MG,3169307,Três Corações,Jardim das Alterosas,jardim das alterosas,-21.6973293,-45.2562592,brasil_aberto,True
MG,3169307,Três Corações,Jardim das Alterosas II,jardim das alterosas ii,-19.94653511,-44.16611481,brasil_aberto,True
MG,3169307,Três Corações,Jardim das Hortências,jardim das hortencias,-21.6973293,-45.2562592,brasil_aberto,True
MG,3169307,Três Corações,Jardim das Magnólias,jardim das magnolias,-21.6687313,-45.2850432,brasil_aberto,True
MG,3169307,Três Corações,Jardim dos Ipês,jardim dos ipes,-21.6829984,-45.2399285,brasil_aberto,True
MG,3169307,Três Corações,Mini Distrito Industrial,mini distrito industrial,,,brasil_aberto,True
MG,3169307,Três Corações,Monte Alegre,monte alegre,-21.6941825,-45.2569932,brasil_aberto,True
MG,3169307,Três Corações,Morada do Lago,morada do lago,-19.55483437,-43.88736343,brasil_aberto,True
MG,3169307,Três Corações,Morada do Sol,morada do sol,-21.6973293,-45.2562592,brasil_aberto,True
MG,3169307,Três Corações,Nossa Senhora Aparecida,nossa senhora aparecida,-21.67277145,-45.27236176,brasil_aberto,True
MG,3169307,Três Corações,Nova Aliança,nova alianca,-21.7098999,-45.26593018,brasil_aberto,True
MG,3169307,Três Corações,Nova Três Corações,nova tres coracoes,-21.71291542,-45.28261185,brasil_aberto,True
MG,3169307,Três Corações,Odilon Rezende Andrade,odilon rezende andrade,,,brasil_aberto,True
MG,3169307,Três Corações,Parque Bandeirantes,parque bandeirantes,-21.6801207,-45.2770995,brasil_aberto,True
MG,3169307,Três Corações,Parque Jussara,parque jussara,-21.70392799,-45.23566055,brasil_aberto,True
MG,3169307,Três Corações,Parque São José,parque sao jose,-21.6837172,-45.2500528,brasil_aberto,True
MG,3169307,Três Corações,Parque das Colinas,parque das colinas,-21.67987442,-45.26796341,brasil_aberto,True
MG,3169307,Três Corações,Recanto Bom Jardim,recanto bom jardim,-21.6928275,-45.2553016,brasil_aberto,True
MG,3169307,Três Corações,Renascer,renascer,-21.7125665,-45.2831104,brasil_aberto,True
MG,3169307,Três Corações,Residencial Dharma,residencial dharma,-21.7062221,-45.2497688,brasil_aberto,True
MG,3169307,Três Corações,Residencial Paraíso,residencial paraiso,-21.6833155,-45.2488105,brasil_aberto,True
MG,3169307,Três Corações,Residencial Progresso,residencial progresso,-21.7088764,-45.279067,brasil_aberto,True
MG,3169307,Três Corações,Retirinho,retirinho,-21.69766045,-45.24144363,brasil_aberto,True
MG,3169307,Três Corações,Rio do Peixe,rio do peixe,-21.6973293,-45.2562592,brasil_aberto,True
MG,3169307,Três Corações,Sanatório Santa Fé,sanatorio santa fe,-21.6873845,-45.2480906,brasil_aberto,True
MG,3169307,Três Corações,Santana,santana,-21.67948341,-45.25922012,brasil_aberto,True
MG,3169307,Três Corações,Santo Afonso,santo afonso,-21.71563911,-45.26710129,brasil_aberto,True
MG,3169307,Três Corações,Solar Brigadeiro,solar brigadeiro,,,brasil_aberto,True
MG,3169307,Três Corações,São Conrado,sao conrado,-21.67277145,-45.27236176,brasil_aberto,True
MG,3169307,Três Corações,São Francisco,sao francisco,-21.7062221,-45.2497688,brasil_aberto,True
MG,3169307,Três Corações,São Jerônimo,sao jeronimo,-21.70164299,-45.23768616,brasil_aberto,True
MG,3169307,Três Corações,São Sebastião,sao sebastiao,-21.6854482,-45.2656019,brasil_aberto,True
MG,3169307,Três Corações,Sítio Tapera,sitio tapera,-21.7019561,-45.2369218,brasil_aberto,True
MG,3169307,Três Corações,Treviso,treviso,45.6669338,12.2430608,brasil_aberto,True
MG,3169307,Três Corações,Triângulo,triangulo,-21.6964035,-45.26379776,brasil_aberto,True
MG,3169307,Três Corações,Vila Amorelli,vila amorelli,,,brasil_aberto,True
MG,3169307,Três Corações,Vila Bela III,vila bela iii,-21.6788254,-45.2666062,brasil_aberto,True
MG,3169307,Três Corações,Vila Bella,vila bella,,,brasil_aberto,True
MG,3169307,Três Corações,Vila Bella II,vila bella ii,,,brasil_aberto,True
MG,3169307,Três Corações,Vila Emília,vila emilia,-21.7149868,-45.26262283,brasil_aberto,True
MG,3169307,Três Corações,Vila Fernão Dias,vila fernao dias,-21.71070671,-45.26747131,brasil_aberto,True
MG,3169307,Três Corações,Vila Ipiranga,vila ipiranga,-21.7062221,-45.2497688,brasil_aberto,True
MG,3169307,Três Corações,Vila Jessé,vila jesse,-21.6913176,-45.2499188,brasil_aberto,True
MG,3169307,Três Corações,Vila Lima,vila lima,-21.68889999,-45.25405884,brasil_aberto,True
MG,3169307,Três Corações,Vila Mariana,vila mariana,-20.39625168,-43.4188385,brasil_aberto,True
MG,3169307,Três Corações,Vila Melo,vila melo,-21.69278908,-45.24103928,brasil_aberto,True
MG,3169307,Três Corações,Vila Militar,vila militar,-21.6788254,-45.2666062,brasil_aberto,True
MG,3169307,Três Corações,Vila Nossa Senhora de Fátima,vila nossa senhora de fatima,-18.8764782,-41.97041702,brasil_aberto,True
MG,3169307,Três Corações,Vila Rezende,vila rezende,-21.7217671,-45.2650985,brasil_aberto,True
MG,3169307,Três Corações,Vila Rica,vila rica,-21.6973293,-45.2562592,brasil_aberto,True
MG,3169307,Três Corações,Vila Sueli,vila sueli,-21.7111529,-45.2389564,brasil_aberto,True
MG,3169307,Três Corações,Vila Viana,vila viana,-21.6973293,-45.2562592,brasil_aberto,True
MG,3169307,Três Corações,Vilas Boas,vilas boas,-21.68371773,-45.25005341,brasil_aberto,True
MG,3169307,Três Corações,Vista Alegre,vista alegre,-21.6875877,-45.2466429,brasil_aberto,True
MG,3169307,Três Corações,Área Rural de Três Corações,area rural de tres coracoes,-21.6973293,-45.2562592,brasil_aberto,True
MG,3169356,Três Marias,Andrequicé,andrequice,-18.27677536,-44.983181,brasil_aberto,True
MG,3169356,Três Marias,Centro,centro,-18.2047324,-45.2274109,brasil_aberto,True
MG,3169406,Três Pontas,Alcides Mesquita,alcides mesquita,,,brasil_aberto,True
MG,3169406,Três Pontas,Antônio de Brito Mendonça,antonio de brito mendonca,,,brasil_aberto,True
MG,3169406,Três Pontas,Azarias da Silva Campos,azarias da silva campos,-21.3704508,-45.5337419,brasil_aberto,True
MG,3169406,Três Pontas,Botafogo,botafogo,,,brasil_aberto,True
MG,3169406,Três Pontas,Catumbi,catumbi,,,brasil_aberto,True
MG,3169406,Três Pontas,Centro,centro,,,brasil_aberto,True
MG,3169406,Três Pontas,Cidade Jardim,cidade jardim,,,brasil_aberto,True
MG,3169406,Três Pontas,Da Mina,da mina,,,brasil_aberto,True
MG,3169406,Três Pontas,Do Século,do seculo,,,brasil_aberto,True
MG,3169406,Três Pontas,Martinho Campos,martinho campos,,,brasil_aberto,True
MG,3169406,Três Pontas,Nova Três Pontas,nova tres pontas,,,brasil_aberto,True
MG,3169406,Três Pontas,Ouro Verde,ouro verde,,,brasil_aberto,True
MG,3169406,Três Pontas,Padre Victor,padre victor,,,brasil_aberto,True
MG,3169406,Três Pontas,Pontalete,pontalete,,,brasil_aberto,True
MG,3169406,Três Pontas,Quilombo Nossa Senhora do Rosário,quilombo nossa senhora do rosario,,,brasil_aberto,True
MG,3169406,Três Pontas,Santa Edwiges,santa edwiges,,,brasil_aberto,True
MG,3169406,Três Pontas,Santa Margarida,santa margarida,,,brasil_aberto,True
MG,3169406,Três Pontas,Santana,santana,,,brasil_aberto,True
MG,3169406,Três Pontas,Área Rural de Três Pontas,area rural de tres pontas,-21.3687789,-45.5259241,brasil_aberto,True
MG,3169505,Tumiritinga,Centro,centro,-19.92103386,-43.9424324,brasil_aberto,True
MG,3169505,Tumiritinga,São Geraldo de Tumiritinga,sao geraldo de tumiritinga,-18.9677031,-41.8632448,brasil_aberto,True
MG,3169604,Tupaciguara,Andorinhas,andorinhas,-18.59666443,-48.70279312,brasil_aberto,True
MG,3169604,Tupaciguara,Centro,centro,,,brasil_aberto,True
MG,3169703,Turmalina,Caçaratiba,cacaratiba,-17.25698853,-43.04539108,brasil_aberto,True
MG,3169802,Turvolândia,Centro,centro,-21.8739624,-45.78746414,brasil_aberto,True
MG,3170057,Ubaporanga,Centro,centro,-19.63742447,-42.10874557,brasil_aberto,True
MG,3170057,Ubaporanga,São José do Batatal,sao jose do batatal,-19.63623428,-42.05282211,brasil_aberto,True
MG,3170057,Ubaporanga,São Sebastião do Batatal,sao sebastiao do batatal,-19.66372299,-42.02689743,brasil_aberto,True
MG,3170008,Ubaí,Bentópolis de Minas,bentopolis de minas,-16.3799317,-45.01490219999999,brasil_aberto,True
MG,3170008,Ubaí,Centro,centro,-16.28671455,-44.78027344,brasil_aberto,True
MG,3170107,Uberaba,Abadia,abadia,-19.76225853,-47.92510986,brasil_aberto,True
MG,3170107,Uberaba,Alfredo Freire II,alfredo freire ii,-19.73558044,-47.98968506,brasil_aberto,True
MG,3170107,Uberaba,Alfredo Freire III,alfredo freire iii,-19.7442283,-47.9857845,brasil_aberto,True
MG,3170107,Uberaba,Alfredo Freire IV,alfredo freire iv,-19.729862,-47.9862301,brasil_aberto,True
MG,3170107,Uberaba,Amoroso Costa,amoroso costa,-19.72837257,-47.91305923,brasil_aberto,True
MG,3170107,Uberaba,Antônia Cândida I,antonia candida i,-19.73590851,-47.8878746,brasil_aberto,True
MG,3170107,Uberaba,Baixa,baixa,-19.93773651,-47.94607162,brasil_aberto,True
MG,3170107,Uberaba,Beija-Flor,beija-flor,-19.7513349,-47.9832555,brasil_aberto,True
MG,3170107,Uberaba,Beija-Flor II,beija-flor ii,-19.7516098,-47.98932648,brasil_aberto,True
MG,3170107,Uberaba,Bela Vista,bela vista,-19.7456327,-47.9385299,brasil_aberto,True
MG,3170107,Uberaba,Boa Vista,boa vista,-19.73247337,-47.92252731,brasil_aberto,True
MG,3170107,Uberaba,Bom Retiro,bom retiro,-19.76486397,-47.94167328,brasil_aberto,True
MG,3170107,Uberaba,COHAB Boa Vista,cohab boa vista,-19.72667313,-47.91600418,brasil_aberto,True
MG,3170107,Uberaba,Capelinha do Barreiro,capelinha do barreiro,-19.79512787,-48.16283798,brasil_aberto,True
MG,3170107,Uberaba,Centro,centro,-19.86025238,-44.6075058,brasil_aberto,True
MG,3170107,Uberaba,Chácaras Bouganville,chacaras bouganville,-19.69642448,-47.96006775,brasil_aberto,True
MG,3170107,Uberaba,Chácaras Di Carvalho,chacaras di carvalho,-19.7583883,-47.881275,brasil_aberto,True
MG,3170107,Uberaba,Chácaras Mariitas,chacaras mariitas,-19.7645612,-48.0155602,brasil_aberto,True
MG,3170107,Uberaba,Chácaras Mariitas II,chacaras mariitas ii,-19.76667213,-48.01200104,brasil_aberto,True
MG,3170107,Uberaba,Chácaras Minas Gerais,chacaras minas gerais,-19.7981284,-47.9221536,brasil_aberto,True
MG,3170107,Uberaba,Chácaras Morada do Verde,chacaras morada do verde,-19.70851326,-47.88763809,brasil_aberto,True
MG,3170107,Uberaba,Chácaras Princesa do Sertão,chacaras princesa do sertao,-19.7680667,-47.8964739,brasil_aberto,True
MG,3170107,Uberaba,Chácaras Quintas Del Rey,chacaras quintas del rey,-19.79816437,-48.01395798,brasil_aberto,True
MG,3170107,Uberaba,Chácaras São Basílio,chacaras sao basilio,-19.75278282,-47.89972305,brasil_aberto,True
MG,3170107,Uberaba,Chácaras Vila Real,chacaras vila real,-19.80962753,-48.01823425,brasil_aberto,True
MG,3170107,Uberaba,Chácaras das Orquideas,chacaras das orquideas,-19.71679306,-47.93560028,brasil_aberto,True
MG,3170107,Uberaba,Cidade Jardim,cidade jardim,-19.76490593,-47.93536758,brasil_aberto,True
MG,3170107,Uberaba,Cidade Nova,cidade nova,-19.74809647,-47.89826202,brasil_aberto,True
MG,3170107,Uberaba,Cidade Ozanan,cidade ozanan,-19.76692772,-47.97170258,brasil_aberto,True
MG,3170107,Uberaba,Condomínio Ayat Club Residence,condominio ayat club residence,-19.74692917,-47.98845291,brasil_aberto,True
MG,3170107,Uberaba,Conjunto Alfredo Freire,conjunto alfredo freire,-19.73304367,-47.98419952,brasil_aberto,True
MG,3170107,Uberaba,Conjunto Antônio Barbosa de Souza,conjunto antonio barbosa de souza,-19.76510048,-47.88881683,brasil_aberto,True
MG,3170107,Uberaba,Conjunto Chica Ferreira,conjunto chica ferreira,-19.78925896,-47.90758514,brasil_aberto,True
MG,3170107,Uberaba,Conjunto Costa Telles I,conjunto costa telles i,-19.76163673,-47.91213989,brasil_aberto,True
MG,3170107,Uberaba,Conjunto Costa Telles II,conjunto costa telles ii,-19.76771736,-47.91580582,brasil_aberto,True
MG,3170107,Uberaba,Conjunto Cássio Rezende,conjunto cassio rezende,-19.74100304,-47.91501999,brasil_aberto,True
MG,3170107,Uberaba,Conjunto Frei Eugênio,conjunto frei eugenio,-19.75405884,-47.91915512,brasil_aberto,True
MG,3170107,Uberaba,Conjunto Guanabara,conjunto guanabara,-19.74557877,-47.91649246,brasil_aberto,True
MG,3170107,Uberaba,Conjunto José Barbosa,conjunto jose barbosa,-19.76180077,-47.88837051,brasil_aberto,True
MG,3170107,Uberaba,Conjunto José Vallim de Melo,conjunto jose vallim de melo,-19.7863898,-47.9079449,brasil_aberto,True
MG,3170107,Uberaba,Conjunto Manoel Mendes,conjunto manoel mendes,-19.75738144,-47.90072632,brasil_aberto,True
MG,3170107,Uberaba,Conjunto Margarida Rosa de Azevedo,conjunto margarida rosa de azevedo,-19.77837181,-47.96611023,brasil_aberto,True
MG,3170107,Uberaba,Conjunto Maringá I,conjunto maringa i,-19.761761,-47.8843944,brasil_aberto,True
MG,3170107,Uberaba,Conjunto Maringá II,conjunto maringa ii,-19.75973511,-47.88270187,brasil_aberto,True
MG,3170107,Uberaba,Conjunto Morada do Sol,conjunto morada do sol,-19.72391701,-47.91936493,brasil_aberto,True
MG,3170107,Uberaba,Conjunto Pontal,conjunto pontal,-19.75273705,-47.97655106,brasil_aberto,True
MG,3170107,Uberaba,Conjunto Sete Colinas,conjunto sete colinas,-19.74764824,-47.94780731,brasil_aberto,True
MG,3170107,Uberaba,Conjunto Treze de Maio,conjunto treze de maio,-19.7424981,-47.947697,brasil_aberto,True
MG,3170107,Uberaba,Conjunto Uberaba,conjunto uberaba,-19.73576355,-47.88524246,brasil_aberto,True
MG,3170107,Uberaba,Conjunto Umuarama,conjunto umuarama,-19.75290489,-47.97173691,brasil_aberto,True
MG,3170107,Uberaba,Conquistinha,conquistinha,-19.78458595,-47.91588974,brasil_aberto,True
MG,3170107,Uberaba,Cyrela Landscape,cyrela landscape,-19.71893883,-47.9240799,brasil_aberto,True
MG,3170107,Uberaba,Damha Residencial Uberaba I,damha residencial uberaba i,-19.7877887,-47.9453274,brasil_aberto,True
MG,3170107,Uberaba,Damha Residencial Uberaba II,damha residencial uberaba ii,-19.78526497,-47.94499969,brasil_aberto,True
MG,3170107,Uberaba,Damha Residencial Uberaba III,damha residencial uberaba iii,-19.7847799,-47.9486401,brasil_aberto,True
MG,3170107,Uberaba,Deolinda Freire,deolinda freire,-19.7503529,-47.9743204,brasil_aberto,True
MG,3170107,Uberaba,Deolinda Laura,deolinda laura,-19.7294445,-47.93540955,brasil_aberto,True
MG,3170107,Uberaba,Desmembramento Recanto do Parque,desmembramento recanto do parque,-19.7861465,-47.9431859,brasil_aberto,True
MG,3170107,Uberaba,Distrito Industrial I,distrito industrial i,-20.03582001,-47.78061295,brasil_aberto,True
MG,3170107,Uberaba,Distrito Industrial II,distrito industrial ii,-19.7283719,-47.9130578,brasil_aberto,True
MG,3170107,Uberaba,Distrito Industrial III,distrito industrial iii,-19.9633281,-47.8962943,brasil_aberto,True
MG,3170107,Uberaba,Distrito Industrial IV,distrito industrial iv,-19.7456327,-47.9385299,brasil_aberto,True
MG,3170107,Uberaba,Dom Eduardo,dom eduardo,-19.7479248,-47.97124863,brasil_aberto,True
MG,3170107,Uberaba,Dom Eduardo II,dom eduardo ii,-19.7416614,-47.9742322,brasil_aberto,True
MG,3170107,Uberaba,Estados Unidos,estados unidos,-19.74938774,-47.93333435,brasil_aberto,True
MG,3170107,Uberaba,Estrela da Vitória,estrela da vitoria,-19.7738389,-47.9715449,brasil_aberto,True
MG,3170107,Uberaba,Estância dos Ipês,estancia dos ipes,-19.78063011,-47.97706604,brasil_aberto,True
MG,3170107,Uberaba,Europark,europark,-19.75734138,-47.90882874,brasil_aberto,True
MG,3170107,Uberaba,Fabrício,fabricio,-19.73859596,-47.93370056,brasil_aberto,True
MG,3170107,Uberaba,Flamboyant Residencial Park,flamboyant residencial park,-19.7232957,-47.9435968,brasil_aberto,True
MG,3170107,Uberaba,Gleba Déa Maria,gleba dea maria,-19.7407585,-47.9887109,brasil_aberto,True
MG,3170107,Uberaba,Gleba Santa Mônica,gleba santa monica,-19.7207205,-47.9267661,brasil_aberto,True
MG,3170107,Uberaba,Grande Horizonte,grande horizonte,-19.74042892,-47.96479416,brasil_aberto,True
MG,3170107,Uberaba,Indianópolis,indianopolis,-19.73481941,-47.91475296,brasil_aberto,True
MG,3170107,Uberaba,Irmãos Soares,irmaos soares,-19.751462,-47.9508137,brasil_aberto,True
MG,3170107,Uberaba,Jardim Alexandre Campos,jardim alexandre campos,-19.75195885,-47.9420433,brasil_aberto,True
MG,3170107,Uberaba,Jardim Alvorada,jardim alvorada,-19.7934521,-47.9166699,brasil_aberto,True
MG,3170107,Uberaba,Jardim Amélia,jardim amelia,-19.7491166,-47.9758692,brasil_aberto,True
MG,3170107,Uberaba,Jardim América,jardim america,-19.76768875,-47.92458344,brasil_aberto,True
MG,3170107,Uberaba,Jardim Aquárius,jardim aquarius,-19.76679993,-47.95603561,brasil_aberto,True
MG,3170107,Uberaba,Jardim Belo Horizonte,jardim belo horizonte,-19.73927498,-47.90162277,brasil_aberto,True
MG,3170107,Uberaba,Jardim Bento de Assis Valim,jardim bento de assis valim,-19.78404427,-47.9137764,brasil_aberto,True
MG,3170107,Uberaba,Jardim Brasília,jardim brasilia,-19.74782753,-47.8993187,brasil_aberto,True
MG,3170107,Uberaba,Jardim Califórnia,jardim california,-19.7665146,-47.9021459,brasil_aberto,True
MG,3170107,Uberaba,Jardim Canadá,jardim canada,-19.7364502,-47.96733856,brasil_aberto,True
MG,3170107,Uberaba,Jardim Centenário,jardim centenario,-19.7407746,-47.9420871,brasil_aberto,True
MG,3170107,Uberaba,Jardim Copacabana,jardim copacabana,-19.76706123,-47.99474716,brasil_aberto,True
MG,3170107,Uberaba,Jardim Eldorado,jardim eldorado,-19.715354,-47.9118027,brasil_aberto,True
MG,3170107,Uberaba,Jardim Elza Amuí I,jardim elza amui i,-19.74246025,-47.89138794,brasil_aberto,True
MG,3170107,Uberaba,Jardim Elza Amuí II,jardim elza amui ii,-19.74035072,-47.89403152,brasil_aberto,True
MG,3170107,Uberaba,Jardim Elza Amuí III,jardim elza amui iii,-19.74572372,-47.89315033,brasil_aberto,True
MG,3170107,Uberaba,Jardim Elza Amuí IV,jardim elza amui iv,-19.74745941,-47.88993835,brasil_aberto,True
MG,3170107,Uberaba,Jardim Espanha,jardim espanha,-19.76250458,-47.99243164,brasil_aberto,True
MG,3170107,Uberaba,Jardim Esplanada,jardim esplanada,-19.75698662,-47.90366745,brasil_aberto,True
MG,3170107,Uberaba,Jardim Espírito Santo,jardim espirito santo,-19.72496605,-47.94297409,brasil_aberto,True
MG,3170107,Uberaba,Jardim Imperador,jardim imperador,-19.75228691,-47.97145081,brasil_aberto,True
MG,3170107,Uberaba,Jardim Inconfidência,jardim inconfidencia,-19.7543605,-47.9194425,brasil_aberto,True
MG,3170107,Uberaba,Jardim Induberaba,jardim induberaba,-19.7757988,-47.93915558,brasil_aberto,True
MG,3170107,Uberaba,Jardim Itália,jardim italia,-19.7877121,-47.90340805,brasil_aberto,True
MG,3170107,Uberaba,Jardim Itália II,jardim italia ii,-19.7875507,-47.9052228,brasil_aberto,True
MG,3170107,Uberaba,Jardim Libânio,jardim libanio,-19.7458304,-47.8977305,brasil_aberto,True
MG,3170107,Uberaba,Jardim Maracanã,jardim maracana,-19.786572,-47.9193098,brasil_aberto,True
MG,3170107,Uberaba,Jardim Marajó,jardim marajo,-19.76556396,-47.99191284,brasil_aberto,True
MG,3170107,Uberaba,Jardim Maria Alice,jardim maria alice,-19.7130419,-47.9140193,brasil_aberto,True
MG,3170107,Uberaba,Jardim Metrópole,jardim metropole,-19.7790542,-47.9181563,brasil_aberto,True
MG,3170107,Uberaba,Jardim Nenê Gomes,jardim nene gomes,-19.7192173,-47.9352417,brasil_aberto,True
MG,3170107,Uberaba,Jardim Novo Horizonte,jardim novo horizonte,-19.741927,-47.9575017,brasil_aberto,True
MG,3170107,Uberaba,Jardim Primavera,jardim primavera,-19.7311548,-47.8841632,brasil_aberto,True
MG,3170107,Uberaba,Jardim Santa Clara,jardim santa clara,-19.79504776,-47.90795517,brasil_aberto,True
MG,3170107,Uberaba,Jardim Santa Inez,jardim santa inez,-19.75327873,-47.95148468,brasil_aberto,True
MG,3170107,Uberaba,Jardim São Bento,jardim sao bento,-19.72655296,-47.94865417,brasil_aberto,True
MG,3170107,Uberaba,Jardim Terra Santa,jardim terra santa,-19.75328827,-47.90289307,brasil_aberto,True
MG,3170107,Uberaba,Jardim Triângulo,jardim triangulo,-19.73076248,-47.91069031,brasil_aberto,True
MG,3170107,Uberaba,Jardim Uberaba,jardim uberaba,-19.73182106,-47.96922302,brasil_aberto,True
MG,3170107,Uberaba,Jardim do Lago,jardim do lago,-19.75364494,-47.9047699,brasil_aberto,True
MG,3170107,Uberaba,Jockey Park,jockey park,-19.773983,-47.9811821,brasil_aberto,True
MG,3170107,Uberaba,Jockey Park II,jockey park ii,-19.7772654,-47.9829464,brasil_aberto,True
MG,3170107,Uberaba,Josa Bernardino I,josa bernardino i,-19.73667908,-47.90311813,brasil_aberto,True
MG,3170107,Uberaba,Josa Bernardino II,josa bernardino ii,-19.73581314,-47.90700912,brasil_aberto,True
MG,3170107,Uberaba,Leblon,leblon,-19.76539612,-47.92790222,brasil_aberto,True
MG,3170107,Uberaba,Loteamento Antônio Caiado,loteamento antonio caiado,-19.7981104,-47.9247843,brasil_aberto,True
MG,3170107,Uberaba,Loteamento Craide,loteamento craide,-19.78141594,-47.93595886,brasil_aberto,True
MG,3170107,Uberaba,Loteamento Ilha Bela,loteamento ilha bela,-19.7722015,-47.9656407,brasil_aberto,True
MG,3170107,Uberaba,Loteamento Ilha Bela II,loteamento ilha bela ii,-19.7422264,-48.0026691,brasil_aberto,True
MG,3170107,Uberaba,Loteamento Jardim Felicitá 1,loteamento jardim felicita 1,-19.8003263,-47.9292783,brasil_aberto,True
MG,3170107,Uberaba,Loteamento Jardim Felicitá 2,loteamento jardim felicita 2,-19.8036389,-47.927955,brasil_aberto,True
MG,3170107,Uberaba,Loteamento Jardim Ipiranga,loteamento jardim ipiranga,-19.78991699,-47.97821045,brasil_aberto,True
MG,3170107,Uberaba,Loteamento Jardim Santa Clara,loteamento jardim santa clara,-19.7339721,-47.8994048,brasil_aberto,True
MG,3170107,Uberaba,Loteamento Núcleo Operário,loteamento nucleo operario,-19.7319658,-47.9110353,brasil_aberto,True
MG,3170107,Uberaba,Loteamento Petrópolis,loteamento petropolis,-19.7809934,-47.97848,brasil_aberto,True
MG,3170107,Uberaba,Loteamento Reserva Ushuaia,loteamento reserva ushuaia,-19.75719833,-47.8882637,brasil_aberto,True
MG,3170107,Uberaba,Loteamento Residencial Cândida Borges,loteamento residencial candida borges,-19.75634193,-47.99455643,brasil_aberto,True
MG,3170107,Uberaba,Loteamento Residencial Isabel do Nascimento,loteamento residencial isabel do nascimento,-19.8039752,-47.9199832,brasil_aberto,True
MG,3170107,Uberaba,Loteamento Residencial Jardim Paris,loteamento residencial jardim paris,-19.79001808,-47.9189949,brasil_aberto,True
MG,3170107,Uberaba,Loteamento Residencial Tamareiras,loteamento residencial tamareiras,-19.7427945,-48.0041723,brasil_aberto,True
MG,3170107,Uberaba,Loteamento Residencial Villa Real,loteamento residencial villa real,-19.7665985,-47.8939006,brasil_aberto,True
MG,3170107,Uberaba,Loteamento Terra Jardim,loteamento terra jardim,-19.79428482,-47.93979645,brasil_aberto,True
MG,3170107,Uberaba,Loteamento das Américas,loteamento das americas,-19.7706803,-47.9666379,brasil_aberto,True
MG,3170107,Uberaba,Loteamento das Gameleiras,loteamento das gameleiras,-19.7720578,-47.9073822,brasil_aberto,True
MG,3170107,Uberaba,Lourdes,lourdes,-19.7623573,-47.89956429999999,brasil_aberto,True
MG,3170107,Uberaba,Mangueiras,mangueiras,-19.73834991,-47.89105606,brasil_aberto,True
MG,3170107,Uberaba,Manhattan,manhattan,-19.75043488,-47.90312576,brasil_aberto,True
MG,3170107,Uberaba,Mercês,merces,-19.7415799,-47.9431359,brasil_aberto,True
MG,3170107,Uberaba,Morada das Fontes,morada das fontes,-19.75234795,-47.97263718,brasil_aberto,True
MG,3170107,Uberaba,Mônica Cristina,monica cristina,-19.73644447,-47.89723587,brasil_aberto,True
MG,3170107,Uberaba,Nossa Senhora da Abadia,nossa senhora da abadia,-19.762377,-47.9553476,brasil_aberto,True
MG,3170107,Uberaba,Núcleo Habitacional Silvério Cartafina,nucleo habitacional silverio cartafina,-19.7680841,-47.910234,brasil_aberto,True
MG,3170107,Uberaba,Núcleo Residencial Tutunas,nucleo residencial tutunas,-19.7384537,-47.9611167,brasil_aberto,True
MG,3170107,Uberaba,Olinda,olinda,-19.74725723,-47.96519852,brasil_aberto,True
MG,3170107,Uberaba,Oneida Mendes,oneida mendes,-19.75390244,-47.89836884,brasil_aberto,True
MG,3170107,Uberaba,Oneida Mendes II,oneida mendes ii,-19.75067329,-47.89803314,brasil_aberto,True
MG,3170107,Uberaba,Pacaembu,pacaembu,-19.75999069,-47.98261261,brasil_aberto,True
MG,3170107,Uberaba,Pacaembu II,pacaembu ii,-19.75681305,-47.98992157,brasil_aberto,True
MG,3170107,Uberaba,Parque Colibri,parque colibri,-19.75376511,-47.99345016,brasil_aberto,True
MG,3170107,Uberaba,Parque Exposição,parque exposicao,-19.77321243,-47.93455124,brasil_aberto,True
MG,3170107,Uberaba,Parque Hiléia,parque hileia,-20.03582001,-47.78061295,brasil_aberto,True
MG,3170107,Uberaba,Parque Liberdade,parque liberdade,-19.7897763,-47.9188278,brasil_aberto,True
MG,3170107,Uberaba,Parque São Geraldo,parque sao geraldo,-19.77271461,-47.92479706,brasil_aberto,True
MG,3170107,Uberaba,Parque das Américas,parque das americas,-19.74077606,-47.95752335,brasil_aberto,True
MG,3170107,Uberaba,Parque das Aroeiras,parque das aroeiras,-19.7962797,-47.9031656,brasil_aberto,True
MG,3170107,Uberaba,Parque das Gameleiras,parque das gameleiras,-20.13638115,-48.71074677,brasil_aberto,True
MG,3170107,Uberaba,Parque das Laranjeiras,parque das laranjeiras,-19.724799,-47.91198319999999,brasil_aberto,True
MG,3170107,Uberaba,Parque das Laranjeiras II,parque das laranjeiras ii,-19.7848801,-47.9752061,brasil_aberto,True
MG,3170107,Uberaba,Parque do Café,parque do cafe,-19.73958588,-47.87762833,brasil_aberto,True
MG,3170107,Uberaba,Parque do Mirante,parque do mirante,-19.7550887,-47.9115809,brasil_aberto,True
MG,3170107,Uberaba,Parque dos Buritis,parque dos buritis,-19.7583883,-47.881275,brasil_aberto,True
MG,3170107,Uberaba,Parque dos Buritis II,parque dos buritis ii,-19.7514267,-47.88531494,brasil_aberto,True
MG,3170107,Uberaba,Parque dos Girassóis,parque dos girassois,-19.76634598,-48.00267029,brasil_aberto,True
MG,3170107,Uberaba,Parque dos Girassóis III,parque dos girassois iii,-19.778572,-48.0150608,brasil_aberto,True
MG,3170107,Uberaba,Parque dos Girassóis IV,parque dos girassois iv,-19.78042984,-48.0107193,brasil_aberto,True
MG,3170107,Uberaba,Parque dos Ipês,parque dos ipes,-19.7668825,-47.8926699,brasil_aberto,True
MG,3170107,Uberaba,Peirópolis,peiropolis,-19.74253082,-47.7427597,brasil_aberto,True
MG,3170107,Uberaba,Planalto,planalto,-19.76921844,-47.96922684,brasil_aberto,True
MG,3170107,Uberaba,Ponte Alta,ponte alta,-19.69957733,-47.65220261,brasil_aberto,True
MG,3170107,Uberaba,Portal Beija Flor,portal beija flor,-19.76667976,-47.98204422,brasil_aberto,True
MG,3170107,Uberaba,Portal do Sol,portal do sol,-19.731319,-47.8770296,brasil_aberto,True
MG,3170107,Uberaba,Princesa do Sertão,princesa do sertao,-19.7653582,-47.8980446,brasil_aberto,True
MG,3170107,Uberaba,Quinta Boa Esperança,quinta boa esperanca,-19.74072838,-47.91862106,brasil_aberto,True
MG,3170107,Uberaba,Recanto da Terra,recanto da terra,-19.7364603,-47.9638278,brasil_aberto,True
MG,3170107,Uberaba,Recanto das Flores,recanto das flores,-19.7653969,-47.9279035,brasil_aberto,True
MG,3170107,Uberaba,Recanto das Torres,recanto das torres,-19.74406433,-47.96777725,brasil_aberto,True
MG,3170107,Uberaba,Recanto do Sol,recanto do sol,-19.75775719,-47.90659332,brasil_aberto,True
MG,3170107,Uberaba,Recreio dos Bandeirantes,recreio dos bandeirantes,-19.77986336,-47.92905426,brasil_aberto,True
MG,3170107,Uberaba,Residencial 2000,residencial 2000,-19.7679049,-47.8852177,brasil_aberto,True
MG,3170107,Uberaba,Residencial Alves Valim,residencial alves valim,-19.77662849,-47.91907501,brasil_aberto,True
MG,3170107,Uberaba,Residencial Anita,residencial anita,-19.7921554,-47.9104341,brasil_aberto,True
MG,3170107,Uberaba,Residencial Budeus,residencial budeus,-19.7390665,-47.9544723,brasil_aberto,True
MG,3170107,Uberaba,Residencial Dona Ilza,residencial dona ilza,-19.7370757,-47.897363,brasil_aberto,True
MG,3170107,Uberaba,Residencial Doutor Abel Reis,residencial doutor abel reis,-19.73877907,-47.91771698,brasil_aberto,True
MG,3170107,Uberaba,Residencial Estados Unidos,residencial estados unidos,-19.74039268,-47.90908813,brasil_aberto,True
MG,3170107,Uberaba,Residencial Filinha Mendes,residencial filinha mendes,-19.7601374,-47.8874466,brasil_aberto,True
MG,3170107,Uberaba,Residencial Guilherme Borges de Oliveira,residencial guilherme borges de oliveira,-19.7678705,-47.9008525,brasil_aberto,True
MG,3170107,Uberaba,Residencial Ilha de Marajó I,residencial ilha de marajo i,-19.7545573,-47.9975787,brasil_aberto,True
MG,3170107,Uberaba,Residencial Ilha de Marajó II,residencial ilha de marajo ii,-19.75237274,-47.9980278,brasil_aberto,True
MG,3170107,Uberaba,Residencial Ilha de Marajó III,residencial ilha de marajo iii,,,brasil_aberto,True
MG,3170107,Uberaba,Residencial Ipanema,residencial ipanema,-19.78600121,-47.91195679,brasil_aberto,True
MG,3170107,Uberaba,Residencial Jardim Anatê I,residencial jardim anate i,-12.28572464,-40.49316406,brasil_aberto,True
MG,3170107,Uberaba,Residencial Jardim Anatê II,residencial jardim anate ii,-19.77249908,-47.90011597,brasil_aberto,True
MG,3170107,Uberaba,Residencial Monte Castelo,residencial monte castelo,-19.7283285,-47.9335704,brasil_aberto,True
MG,3170107,Uberaba,Residencial Morada Du Park,residencial morada du park,-19.7688961,-47.98165512,brasil_aberto,True
MG,3170107,Uberaba,Residencial Morumbi,residencial morumbi,-19.7652359,-47.99328613,brasil_aberto,True
MG,3170107,Uberaba,Residencial Mário de Almeida Franco,residencial mario de almeida franco,-19.7656586,-47.961806,brasil_aberto,True
MG,3170107,Uberaba,Residencial Nova Era,residencial nova era,-19.7518686,-47.9953984,brasil_aberto,True
MG,3170107,Uberaba,Residencial Palmeiras,residencial palmeiras,-19.74849701,-47.97363663,brasil_aberto,True
MG,3170107,Uberaba,Residencial Paulo Cury,residencial paulo cury,-19.7280739,-47.88952,brasil_aberto,True
MG,3170107,Uberaba,Residencial Presidente Tancredo Neves,residencial presidente tancredo neves,-19.73285294,-47.9408226,brasil_aberto,True
MG,3170107,Uberaba,Residencial Rio de Janeiro,residencial rio de janeiro,-19.79751968,-47.9281044,brasil_aberto,True
MG,3170107,Uberaba,Residencial Sebastião Rezende Braga,residencial sebastiao rezende braga,-19.7807485,-47.9326331,brasil_aberto,True
MG,3170107,Uberaba,Residencial Terra Nova,residencial terra nova,-19.7942853,-47.9397976,brasil_aberto,True
MG,3170107,Uberaba,Residencial Veneza,residencial veneza,-19.72064781,-47.91333771,brasil_aberto,True
MG,3170107,Uberaba,Residencial Zeca Mendes,residencial zeca mendes,-19.7515668,-47.887094,brasil_aberto,True
MG,3170107,Uberaba,Santa Fé,santa fe,-19.7791276,-48.0066775,brasil_aberto,True
MG,3170107,Uberaba,Santa Maria,santa maria,-19.75957298,-47.95543671,brasil_aberto,True
MG,3170107,Uberaba,Santa Marta,santa marta,-19.74759674,-47.95558548,brasil_aberto,True
MG,3170107,Uberaba,Santa Rosa,santa rosa,-19.7673576,-48.0078612,brasil_aberto,True
MG,3170107,Uberaba,Santos Dumont,santos dumont,-19.76540756,-47.95804214,brasil_aberto,True
MG,3170107,Uberaba,Seriema,seriema,,,brasil_aberto,True
MG,3170107,Uberaba,Serra Dourada,serra dourada,-19.73392296,-47.9652977,brasil_aberto,True
MG,3170107,Uberaba,Serra do Sol,serra do sol,-19.73921013,-47.95978165,brasil_aberto,True
MG,3170107,Uberaba,São Benedito,sao benedito,-19.75893402,-47.93963623,brasil_aberto,True
MG,3170107,Uberaba,São José,sao jose,-19.74728966,-47.90213013,brasil_aberto,True
MG,3170107,Uberaba,São Sebastião,sao sebastiao,-21.21411133,-43.7769928,brasil_aberto,True
MG,3170107,Uberaba,Tiago e Jéssica,tiago e jessica,-19.77399254,-47.90750122,brasil_aberto,True
MG,3170107,Uberaba,Tita Rezende,tita rezende,-19.74015999,-47.90421295,brasil_aberto,True
MG,3170107,Uberaba,Unidade de Planejamento e Gestão Urbana Portal,unidade de planejamento e gestao urbana portal,-19.7456327,-47.9385299,brasil_aberto,True
MG,3170107,Uberaba,Univerdecidade,univerdecidade,-19.71788597,-47.96102905,brasil_aberto,True
MG,3170107,Uberaba,Universitário,universitario,-19.7545681,-47.95824051,brasil_aberto,True
MG,3170107,Uberaba,Vale do Sol,vale do sol,-19.759896,-47.9943998,brasil_aberto,True
MG,3170107,Uberaba,Vila Alvorada,vila alvorada,-19.7410866,-47.956887,brasil_aberto,True
MG,3170107,Uberaba,Vila Arquelau,vila arquelau,-19.7242775,-47.91453552,brasil_aberto,True
MG,3170107,Uberaba,Vila Boa Vista,vila boa vista,-19.7256878,-47.9172786,brasil_aberto,True
MG,3170107,Uberaba,Vila Celeste,vila celeste,-19.73828125,-47.95344925,brasil_aberto,True
MG,3170107,Uberaba,Vila Ceres,vila ceres,-19.72655106,-47.92712402,brasil_aberto,True
MG,3170107,Uberaba,Vila Craide,vila craide,-19.72550964,-47.91112518,brasil_aberto,True
MG,3170107,Uberaba,Vila Esperança,vila esperanca,-21.47431183,-45.87158585,brasil_aberto,True
MG,3170107,Uberaba,Vila Frei Eugênio,vila frei eugenio,-19.7514433,-47.9228806,brasil_aberto,True
MG,3170107,Uberaba,Vila Jorge Dib,vila jorge dib,-19.7521483,-47.9247702,brasil_aberto,True
MG,3170107,Uberaba,Vila Maria Helena,vila maria helena,-19.7531929,-47.94364929,brasil_aberto,True
MG,3170107,Uberaba,Vila Militar,vila militar,-19.72947502,-47.94531631,brasil_aberto,True
MG,3170107,Uberaba,Vila Nossa Senhora Aparecida,vila nossa senhora aparecida,-19.76214981,-47.92327118,brasil_aberto,True
MG,3170107,Uberaba,Vila Nossa Senhora da Abadia,vila nossa senhora da abadia,-19.7706028,-47.9259548,brasil_aberto,True
MG,3170107,Uberaba,Vila Olímpica,vila olimpica,-19.7387983,-47.9419373,brasil_aberto,True
MG,3170107,Uberaba,Vila Presidente Vargas,vila presidente vargas,-19.7346052,-47.9174674,brasil_aberto,True
MG,3170107,Uberaba,Vila São Cristóvão,vila sao cristovao,-19.77314758,-47.93818283,brasil_aberto,True
MG,3170107,Uberaba,Vila São Cristóvão II,vila sao cristovao ii,-19.7766786,-47.9339025,brasil_aberto,True
MG,3170107,Uberaba,Vila São José,vila sao jose,-19.73587418,-47.92942429,brasil_aberto,True
MG,3170107,Uberaba,Vila São Vicente,vila sao vicente,-19.76397133,-47.92224121,brasil_aberto,True
MG,3170107,Uberaba,Vila Triana,vila triana,-19.74463844,-47.95266342,brasil_aberto,True
MG,3170107,Uberaba,Villaggio Di Fiori,villaggio di fiori,-19.7440566,-47.9689985,brasil_aberto,True
MG,3170107,Uberaba,Área Rural de Uberaba,area rural de uberaba,-19.7456327,-47.9385299,brasil_aberto,True
MG,3170206,Uberlândia,Aclimação,aclimacao,-18.87716484,-48.22952271,brasil_aberto,True
MG,3170206,Uberlândia,Alto Umuarama,alto umuarama,-18.88310623,-48.24688721,brasil_aberto,True
MG,3170206,Uberlândia,Bela Vista,bela vista,-18.882255,-48.2466392,brasil_aberto,True
MG,3170206,Uberlândia,Bom Jesus,bom jesus,-18.90489388,-48.27532578,brasil_aberto,True
MG,3170206,Uberlândia,Bosque dos Buritis,bosque dos buritis,-18.8718567,-48.2326943,brasil_aberto,True
MG,3170206,Uberlândia,Brasil,brasil,-18.8952373,-48.2606304,brasil_aberto,True
MG,3170206,Uberlândia,Buritis,buritis,-18.9455456,-48.2322734,brasil_aberto,True
MG,3170206,Uberlândia,Carajás,carajas,-18.9335844,-48.2470588,brasil_aberto,True
MG,3170206,Uberlândia,Cazeca,cazeca,-18.91312408,-48.26411819,brasil_aberto,True
MG,3170206,Uberlândia,Centro,centro,-18.91469383,-48.27321625,brasil_aberto,True
MG,3170206,Uberlândia,Chácaras Bonanza,chacaras bonanza,-18.98788643,-48.39204407,brasil_aberto,True
MG,3170206,Uberlândia,Chácaras Eldorado,chacaras eldorado,-18.9390875,-48.3077696,brasil_aberto,True
MG,3170206,Uberlândia,Chácaras Oliveiras,chacaras oliveiras,-18.9462441,-48.3790751,brasil_aberto,True
MG,3170206,Uberlândia,Chácaras Parque Maravilha,chacaras parque maravilha,-18.9056977,-48.34738919999999,brasil_aberto,True
MG,3170206,Uberlândia,Chácaras Rancho Alegre,chacaras rancho alegre,-18.96798897,-48.36468887,brasil_aberto,True
MG,3170206,Uberlândia,Chácaras Tubalina e Quartel,chacaras tubalina e quartel,-18.92232513,-48.31973648,brasil_aberto,True
MG,3170206,Uberlândia,Chácaras Uirapuru,chacaras uirapuru,-18.974316,-48.3632723,brasil_aberto,True
MG,3170206,Uberlândia,Cidade Jardim,cidade jardim,-18.94687271,-48.29293442,brasil_aberto,True
MG,3170206,Uberlândia,City Uberlândia,city uberlandia,-18.9353753,-48.2716004,brasil_aberto,True
MG,3170206,Uberlândia,Conjunto Alvorada,conjunto alvorada,-18.92539215,-48.19977188,brasil_aberto,True
MG,3170206,Uberlândia,Copacabana,copacabana,-18.9335022,-48.28536224,brasil_aberto,True
MG,3170206,Uberlândia,Cruzeiro dos Peixotos,cruzeiro dos peixotos,-18.73043251,-48.37039185,brasil_aberto,True
MG,3170206,Uberlândia,Custódio Pereira,custodio pereira,-18.8942382,-48.2439173,brasil_aberto,True
MG,3170206,Uberlândia,Daniel Fonseca,daniel fonseca,-18.91943741,-48.30234146,brasil_aberto,True
MG,3170206,Uberlândia,Distrito Industrial,distrito industrial,-18.83886337,-48.30575562,brasil_aberto,True
MG,3170206,Uberlândia,Dona Zulmira,dona zulmira,-18.91197777,-48.31532288,brasil_aberto,True
MG,3170206,Uberlândia,Fundinho,fundinho,-18.92124557,-48.2828331,brasil_aberto,True
MG,3170206,Uberlândia,General Osório,general osorio,,,brasil_aberto,True
MG,3170206,Uberlândia,Granada,granada,-18.94656181,-48.24032974,brasil_aberto,True
MG,3170206,Uberlândia,Grand Ville,grand ville,-18.91241646,-48.24085999,brasil_aberto,True
MG,3170206,Uberlândia,Granja Marileusa,granja marileusa,-18.8812542,-48.24766159,brasil_aberto,True
MG,3170206,Uberlândia,Guarani,guarani,-18.89032555,-48.33429718,brasil_aberto,True
MG,3170206,Uberlândia,Gávea,gavea,-18.95566177,-48.27772522,brasil_aberto,True
MG,3170206,Uberlândia,Higino Guerra,higino guerra,-18.90411758,-48.2824173,brasil_aberto,True
MG,3170206,Uberlândia,Jaraguá,jaragua,-18.91649628,-48.30740738,brasil_aberto,True
MG,3170206,Uberlândia,Jardim América I,jardim america i,-18.87160492,-48.28158188,brasil_aberto,True
MG,3170206,Uberlândia,Jardim Botânico,jardim botanico,-18.96308899,-48.25100708,brasil_aberto,True
MG,3170206,Uberlândia,Jardim Brasília,jardim brasilia,-18.90206337,-48.3064003,brasil_aberto,True
MG,3170206,Uberlândia,Jardim Canaã,jardim canaa,-18.9716835,-48.32528305,brasil_aberto,True
MG,3170206,Uberlândia,Jardim Colina,jardim colina,-18.94200325,-48.28134155,brasil_aberto,True
MG,3170206,Uberlândia,Jardim Europa,jardim europa,-18.93704414,-48.34324646,brasil_aberto,True
MG,3170206,Uberlândia,Jardim Holanda,jardim holanda,-18.95849419,-48.30831909,brasil_aberto,True
MG,3170206,Uberlândia,Jardim Inconfidência,jardim inconfidencia,-18.93862534,-48.26787567,brasil_aberto,True
MG,3170206,Uberlândia,Jardim Ipanema,jardim ipanema,-18.8664561,-48.2217795,brasil_aberto,True
MG,3170206,Uberlândia,Jardim Karaíba,jardim karaiba,-18.9505305,-48.2715124,brasil_aberto,True
MG,3170206,Uberlândia,Jardim Panorama,jardim panorama,-18.90576172,-48.22696686,brasil_aberto,True
MG,3170206,Uberlândia,Jardim Patrícia,jardim patricia,-18.91682053,-48.32055664,brasil_aberto,True
MG,3170206,Uberlândia,Jardim Sucupira,jardim sucupira,,,brasil_aberto,True
MG,3170206,Uberlândia,Jardim Sul,jardim sul,-18.95327377,-48.24535751,brasil_aberto,True
MG,3170206,Uberlândia,Jardim das Palmeiras,jardim das palmeiras,-18.94510078,-48.31505585,brasil_aberto,True
MG,3170206,Uberlândia,Joana D'Arc,joana d'arc,,,brasil_aberto,True
MG,3170206,Uberlândia,Jockey Camping,jockey camping,-18.9433072,-48.2412189,brasil_aberto,True
MG,3170206,Uberlândia,Lagoinha,lagoinha,-18.93156624,-48.25534058,brasil_aberto,True
MG,3170206,Uberlândia,Laranjeiras,laranjeiras,-18.96565056,-48.23428345,brasil_aberto,True
MG,3170206,Uberlândia,Loteamento CRT Centro Empresarial,loteamento crt centro empresarial,-18.9735707,-48.2345202,brasil_aberto,True
MG,3170206,Uberlândia,Loteamento Centro Empresarial Leste I,loteamento centro empresarial leste i,,,brasil_aberto,True
MG,3170206,Uberlândia,Loteamento Centro Empresarial Leste II,loteamento centro empresarial leste ii,,,brasil_aberto,True
MG,3170206,Uberlândia,Loteamento Centro Empresarial Leste III,loteamento centro empresarial leste iii,,,brasil_aberto,True
MG,3170206,Uberlândia,Loteamento Integração,loteamento integracao,,,brasil_aberto,True
MG,3170206,Uberlândia,Loteamento Luizote IV,loteamento luizote iv,,,brasil_aberto,True
MG,3170206,Uberlândia,Loteamento Monte Hebron,loteamento monte hebron,-18.9697312,-48.3517046,brasil_aberto,True
MG,3170206,Uberlândia,Loteamento Portal do Vale II,loteamento portal do vale ii,-18.90649986,-48.20551682,brasil_aberto,True
MG,3170206,Uberlândia,Loteamento Residencial Pequis,loteamento residencial pequis,-18.9711442,-48.3649736,brasil_aberto,True
MG,3170206,Uberlândia,Loteamento Vale dos Vinhedos,loteamento vale dos vinhedos,-18.95098305,-48.28381348,brasil_aberto,True
MG,3170206,Uberlândia,Loteamento Élisson Prieto,loteamento elisson prieto,,,brasil_aberto,True
MG,3170206,Uberlândia,Lourdes,lourdes,-18.9062401,-48.2946419,brasil_aberto,True
MG,3170206,Uberlândia,Luizote de Freitas,luizote de freitas,-18.92473412,-48.33372116,brasil_aberto,True
MG,3170206,Uberlândia,Lídice,lidice,-18.92916679,-48.27816391,brasil_aberto,True
MG,3170206,Uberlândia,Mansour,mansour,-18.92955399,-48.33541107,brasil_aberto,True
MG,3170206,Uberlândia,Mansour III,mansour iii,,,brasil_aberto,True
MG,3170206,Uberlândia,Mansões Aeroporto,mansoes aeroporto,-18.8837845,-48.2155008,brasil_aberto,True
MG,3170206,Uberlândia,Maravilha,maravilha,-18.88731575,-48.29547119,brasil_aberto,True
MG,3170206,Uberlândia,Maria Rezende,maria rezende,-18.8910366,-48.3026352,brasil_aberto,True
MG,3170206,Uberlândia,Marta Helena,marta helena,-18.87372208,-48.26824951,brasil_aberto,True
MG,3170206,Uberlândia,Martins,martins,-18.90934181,-48.28128052,brasil_aberto,True
MG,3170206,Uberlândia,Martinésia,martinesia,-18.74848747,-48.41925812,brasil_aberto,True
MG,3170206,Uberlândia,Minas Gerais,minas gerais,-18.86673927,-48.26474762,brasil_aberto,True
MG,3170206,Uberlândia,Miraporanga,miraporanga,-19.09070778,-48.47872543,brasil_aberto,True
MG,3170206,Uberlândia,Morada Nova,morada nova,-18.98647499,-48.37705612,brasil_aberto,True
MG,3170206,Uberlândia,Morada da Colina,morada da colina,-18.93897247,-48.27508926,brasil_aberto,True
MG,3170206,Uberlândia,Morada do Sol,morada do sol,-18.8891135,-48.349087,brasil_aberto,True
MG,3170206,Uberlândia,Morada dos Pássaros,morada dos passaros,-21.81941223,-46.47750473,brasil_aberto,True
MG,3170206,Uberlândia,Morumbi,morumbi,-18.912699,-48.1885093,brasil_aberto,True
MG,3170206,Uberlândia,Nossa Senhora Aparecida,nossa senhora aparecida,-18.90752411,-48.26290894,brasil_aberto,True
MG,3170206,Uberlândia,Nossa Senhora das Graças,nossa senhora das gracas,-18.88463402,-48.2583313,brasil_aberto,True
MG,3170206,Uberlândia,Nosso Recanto,nosso recanto,,,brasil_aberto,True
MG,3170206,Uberlândia,Nova Uberlândia,nova uberlandia,-18.95259094,-48.30296326,brasil_aberto,True
MG,3170206,Uberlândia,Novo Mundo,novo mundo,-18.92303658,-48.23081589,brasil_aberto,True
MG,3170206,Uberlândia,Osvaldo Rezende,osvaldo rezende,-18.9124794,-48.29615021,brasil_aberto,True
MG,3170206,Uberlândia,Pacaembu,pacaembu,-18.88212395,-48.29635239,brasil_aberto,True
MG,3170206,Uberlândia,Pampulha,pampulha,-19.96602058,-43.95347977,brasil_aberto,True
MG,3170206,Uberlândia,Panorama,panorama,-18.9622094,-48.3567284,brasil_aberto,True
MG,3170206,Uberlândia,Parque das Américas,parque das americas,-18.9078251,-48.2596124,brasil_aberto,True
MG,3170206,Uberlândia,Parque das Andorinhas,parque das andorinhas,-18.88763428,-48.1819725,brasil_aberto,True
MG,3170206,Uberlândia,Patrimônio,patrimonio,-18.93820953,-48.28504181,brasil_aberto,True
MG,3170206,Uberlândia,Planalto,planalto,-18.93183517,-48.31840515,brasil_aberto,True
MG,3170206,Uberlândia,Presidente Roosevelt,presidente roosevelt,-18.89705658,-48.27722931,brasil_aberto,True
MG,3170206,Uberlândia,Prosperidade,prosperidade,,,brasil_aberto,True
MG,3170206,Uberlândia,Residencial Fruta do Conde,residencial fruta do conde,-18.93089104,-48.35549164,brasil_aberto,True
MG,3170206,Uberlândia,Residencial Gramado,residencial gramado,-18.87252998,-48.29078674,brasil_aberto,True
MG,3170206,Uberlândia,Residencial Integração,residencial integracao,-18.90801811,-48.21194077,brasil_aberto,True
MG,3170206,Uberlândia,Residencial Lago Azul,residencial lago azul,-18.97146416,-48.35438156,brasil_aberto,True
MG,3170206,Uberlândia,Residencial Nosso Lar,residencial nosso lar,-18.92417336,-48.33719254,brasil_aberto,True
MG,3170206,Uberlândia,Residencial Viviane,residencial viviane,-18.95252037,-48.23251724,brasil_aberto,True
MG,3170206,Uberlândia,Santa Luzia,santa luzia,-18.9413852,-48.2293031,brasil_aberto,True
MG,3170206,Uberlândia,Santa Mônica,santa monica,-18.91930771,-48.24575806,brasil_aberto,True
MG,3170206,Uberlândia,Santa Rosa,santa rosa,-18.87945747,-48.28948212,brasil_aberto,True
MG,3170206,Uberlândia,Saraiva,saraiva,-18.9183481,-48.2631439,brasil_aberto,True
MG,3170206,Uberlândia,Segismundo Pereira,segismundo pereira,-18.93099022,-48.22101974,brasil_aberto,True
MG,3170206,Uberlândia,Shopping Park,shopping park,-18.968209,-48.2787031,brasil_aberto,True
MG,3170206,Uberlândia,São Jorge,sao jorge,-18.96060181,-48.22938919,brasil_aberto,True
MG,3170206,Uberlândia,São José,sao jose,-18.8942841,-48.3152357,brasil_aberto,True
MG,3170206,Uberlândia,Tabajaras,tabajaras,-18.57097054,-46.52425385,brasil_aberto,True
MG,3170206,Uberlândia,Taiaman,taiaman,-18.90289497,-48.3200798,brasil_aberto,True
MG,3170206,Uberlândia,Tancredo Neves,tancredo neves,,,brasil_aberto,True
MG,3170206,Uberlândia,Tapuirama,tapuirama,-19.1436585,-47.9350272,brasil_aberto,True
MG,3170206,Uberlândia,Tibery,tibery,-18.9048097,-48.2469111,brasil_aberto,True
MG,3170206,Uberlândia,Tocantins,tocantins,-18.89704895,-48.3338089,brasil_aberto,True
MG,3170206,Uberlândia,Tubalina,tubalina,-18.93348885,-48.2998848,brasil_aberto,True
MG,3170206,Uberlândia,Umuarama,umuarama,-18.89005661,-48.25680923,brasil_aberto,True
MG,3170206,Uberlândia,Vale do Sol,vale do sol,-18.9127749,-48.2755227,brasil_aberto,True
MG,3170206,Uberlândia,Vallee,vallee,-18.8911823,-48.2816397,brasil_aberto,True
MG,3170206,Uberlândia,Valparaíso,valparaiso,-18.8407555,-48.3185089,brasil_aberto,True
MG,3170206,Uberlândia,Vigilato Pereira,vigilato pereira,-18.92976379,-48.27313232,brasil_aberto,True
MG,3170206,Uberlândia,Vila Marielza,vila marielza,-18.9108409,-48.1768633,brasil_aberto,True
MG,3170206,Uberlândia,Vila Satélite,vila satelite,-18.8887539,-48.28586749999999,brasil_aberto,True
MG,3170206,Uberlândia,Área Rural de Uberlândia,area rural de uberlandia,-18.9127783,-48.256907,brasil_aberto,True
MG,3169901,Ubá,Aeroporto,aeroporto,-21.1136576,-42.888675,brasil_aberto,True
MG,3169901,Ubá,Agostinho Sales Amato,agostinho sales amato,-21.12460709,-42.9507637,brasil_aberto,True
MG,3169901,Ubá,Agroceres,agroceres,-21.11112404,-42.92499542,brasil_aberto,True
MG,3169901,Ubá,Alto Santa Cruz,alto santa cruz,-21.12119102,-42.94935608,brasil_aberto,True
MG,3169901,Ubá,Antonina Coelho,antonina coelho,-21.0949955,-42.96986389,brasil_aberto,True
MG,3169901,Ubá,Antônio Bigonha,antonio bigonha,-21.0948015,-42.9674852,brasil_aberto,True
MG,3169901,Ubá,Antônio Maranhão,antonio maranhao,-21.10379791,-42.9696846,brasil_aberto,True
MG,3169901,Ubá,Bambuí,bambui,-20.0170955,-45.9795138,brasil_aberto,True
MG,3169901,Ubá,Bela Vista,bela vista,-21.120148,-42.9494569,brasil_aberto,True
MG,3169901,Ubá,Belvedere,belvedere,-21.1017357,-42.949594,brasil_aberto,True
MG,3169901,Ubá,Boa Vista,boa vista,-21.12246132,-42.93276978,brasil_aberto,True
MG,3169901,Ubá,Bom Pastor,bom pastor,-21.1138166,-42.9306611,brasil_aberto,True
MG,3169901,Ubá,Caxangá,caxanga,-21.1242228,-42.9457527,brasil_aberto,True
MG,3169901,Ubá,Centro,centro,-21.12060547,-42.93900681,brasil_aberto,True
MG,3169901,Ubá,Chiquito Gazolla,chiquito gazolla,-21.10448837,-42.96504211,brasil_aberto,True
MG,3169901,Ubá,Cidade Carinho II,cidade carinho ii,-21.14612198,-42.79655457,brasil_aberto,True
MG,3169901,Ubá,Cidade Jardim,cidade jardim,-19.99397087,-43.88583374,brasil_aberto,True
MG,3169901,Ubá,Cittá de Lucca,citta de lucca,-21.10781097,-42.97670746,brasil_aberto,True
MG,3169901,Ubá,Colina do Jardim Glória,colina do jardim gloria,-18.9527874,-48.2217598,brasil_aberto,True
MG,3169901,Ubá,Comunidade Colônia Padre Damião,comunidade colonia padre damiao,-21.1209108,-42.9412939,brasil_aberto,True
MG,3169901,Ubá,Concórdia,concordia,-21.14399147,-42.91843796,brasil_aberto,True
MG,3169901,Ubá,Copacabana,copacabana,-21.11985016,-42.93356705,brasil_aberto,True
MG,3169901,Ubá,Cristal,cristal,-21.1097777,-42.9214859,brasil_aberto,True
MG,3169901,Ubá,Cristo Redentor,cristo redentor,-21.12595367,-42.94743347,brasil_aberto,True
MG,3169901,Ubá,Cruzeiro,cruzeiro,-21.14399147,-42.91843796,brasil_aberto,True
MG,3169901,Ubá,Cyro Fernandes,cyro fernandes,-21.14297295,-42.95346832,brasil_aberto,True
MG,3169901,Ubá,Derminas,derminas,-21.11955833,-42.94940948,brasil_aberto,True
MG,3169901,Ubá,Diamante de Ubá,diamante de uba,-21.20969772,-42.8891716,brasil_aberto,True
MG,3169901,Ubá,Dico Teixeira,dico teixeira,-21.1062226,-42.9588597,brasil_aberto,True
MG,3169901,Ubá,Eixo Rodoviário,eixo rodoviario,-21.103931,-42.9522231,brasil_aberto,True
MG,3169901,Ubá,Eldorado,eldorado,-21.11201286,-42.93518448,brasil_aberto,True
MG,3169901,Ubá,Encosta do Sol,encosta do sol,-21.13679504,-42.94498062,brasil_aberto,True
MG,3169901,Ubá,Encosta do Sol II,encosta do sol ii,-21.13747597,-42.94701385,brasil_aberto,True
MG,3169901,Ubá,Fazendinha,fazendinha,-21.1135025,-42.91327286,brasil_aberto,True
MG,3169901,Ubá,Galdino Alvim,galdino alvim,-21.11615753,-42.9470253,brasil_aberto,True
MG,3169901,Ubá,Habitat I,habitat i,-21.1104767,-42.9650761,brasil_aberto,True
MG,3169901,Ubá,Habitat II,habitat ii,-21.0910875,-42.9588639,brasil_aberto,True
MG,3169901,Ubá,Industrial,industrial,-21.12358093,-42.92653275,brasil_aberto,True
MG,3169901,Ubá,Jardim Alves do Vale,jardim alves do vale,-21.13303566,-42.95392609,brasil_aberto,True
MG,3169901,Ubá,Jardim Esperança,jardim esperanca,-20.90314102,-43.10024643,brasil_aberto,True
MG,3169901,Ubá,Jardim Glória,jardim gloria,-21.11610031,-42.94581223,brasil_aberto,True
MG,3169901,Ubá,Jardim Inês Groppo,jardim ines groppo,-21.1186759,-42.9255661,brasil_aberto,True
MG,3169901,Ubá,Jardim Manacás,jardim manacas,-21.12186623,-42.90571976,brasil_aberto,True
MG,3169901,Ubá,Jardim Primavera,jardim primavera,-21.10081291,-42.95476532,brasil_aberto,True
MG,3169901,Ubá,Jardim Élida,jardim elida,-21.12661934,-42.92119598,brasil_aberto,True
MG,3169901,Ubá,Laranjal,laranjal,-19.94714928,-43.93041992,brasil_aberto,True
MG,3169901,Ubá,Laurindo de Castro,laurindo de castro,-21.11519814,-42.95711136,brasil_aberto,True
MG,3169901,Ubá,Lavapés,lavapes,-21.11514854,-42.95459366,brasil_aberto,True
MG,3169901,Ubá,Ligação,ligacao,-21.14297295,-42.95346832,brasil_aberto,True
MG,3169901,Ubá,Loteamento Santos Dumont,loteamento santos dumont,-21.1208656,-42.9413096,brasil_aberto,True
MG,3169901,Ubá,Louriçal,lourical,-21.10964394,-42.9478569,brasil_aberto,True
MG,3169901,Ubá,Major Fusaro,major fusaro,-21.11742783,-42.94209671,brasil_aberto,True
MG,3169901,Ubá,Mangabeiras,mangabeiras,-21.1064313,-42.9056213,brasil_aberto,True
MG,3169901,Ubá,Mangueira Rural,mangueira rural,-21.11624146,-42.89670181,brasil_aberto,True
MG,3169901,Ubá,Mateus Schetino,mateus schetino,-21.1254158,-42.92005157,brasil_aberto,True
MG,3169901,Ubá,Meu Sonho,meu sonho,-21.1207009,-42.9046156,brasil_aberto,True
MG,3169901,Ubá,Miragaia,miragaia,-21.04250908,-43.00058365,brasil_aberto,True
MG,3169901,Ubá,Noeme Batalha,noeme batalha,-21.12702942,-42.9488678,brasil_aberto,True
MG,3169901,Ubá,Nossa Senhora Aparecida,nossa senhora aparecida,-23.62973785,-46.50754166,brasil_aberto,True
MG,3169901,Ubá,Nossa Senhora de Fátima,nossa senhora de fatima,-21.12699318,-42.91460419,brasil_aberto,True
MG,3169901,Ubá,Novo Centro,novo centro,-21.10052299,-42.96835709,brasil_aberto,True
MG,3169901,Ubá,Novo Horizonte,novo horizonte,-21.1114781,-42.9662199,brasil_aberto,True
MG,3169901,Ubá,Novo Primavera,novo primavera,-21.120148,-42.9494569,brasil_aberto,True
MG,3169901,Ubá,Olaria,olaria,-21.1194534,-42.9107289,brasil_aberto,True
MG,3169901,Ubá,Olinda,olinda,-21.1049524,-42.9495824,brasil_aberto,True
MG,3169901,Ubá,Oséas Maranhão,oseas maranhao,-21.10302925,-42.96522141,brasil_aberto,True
MG,3169901,Ubá,Palmeiras,palmeiras,-21.12677574,-42.93297958,brasil_aberto,True
MG,3169901,Ubá,Paulino Fernandes,paulino fernandes,-21.11636353,-42.91740417,brasil_aberto,True
MG,3169901,Ubá,Paulino Fernandes III,paulino fernandes iii,-21.12225914,-42.92041016,brasil_aberto,True
MG,3169901,Ubá,Paulino Fernandes IV,paulino fernandes iv,-21.12225914,-42.92041016,brasil_aberto,True
MG,3169901,Ubá,Pedro Miquelito,pedro miquelito,-21.11151123,-42.9641037,brasil_aberto,True
MG,3169901,Ubá,Peixoto Filho,peixoto filho,-21.10777855,-42.91590118,brasil_aberto,True
MG,3169901,Ubá,Peluso,peluso,-21.12270927,-42.95094681,brasil_aberto,True
MG,3169901,Ubá,Ponte Preta,ponte preta,-21.1225853,-42.92413712,brasil_aberto,True
MG,3169901,Ubá,Portal das Mangueiras,portal das mangueiras,-21.13199806,-42.95092392,brasil_aberto,True
MG,3169901,Ubá,Quinta das Paineiras,quinta das paineiras,-21.1157433,-42.9370266,brasil_aberto,True
MG,3169901,Ubá,Residencial Altair Rocha,residencial altair rocha,-21.137043,-42.92930984,brasil_aberto,True
MG,3169901,Ubá,Residencial Estrela Sul,residencial estrela sul,-21.11639404,-42.89586639,brasil_aberto,True
MG,3169901,Ubá,Residencial Jardim Europa,residencial jardim europa,-23.55049324,-46.18999481,brasil_aberto,True
MG,3169901,Ubá,Residencial Jardim Monte Belo,residencial jardim monte belo,-21.1439804,-42.9203484,brasil_aberto,True
MG,3169901,Ubá,Residencial Pires da Luz,residencial pires da luz,-21.0930404,-42.973872,brasil_aberto,True
MG,3169901,Ubá,Residencial Quinze de Novembro,residencial quinze de novembro,-21.12402916,-42.93240738,brasil_aberto,True
MG,3169901,Ubá,Residencial Rosa de Toledo,residencial rosa de toledo,-21.0918935,-42.9643131,brasil_aberto,True
MG,3169901,Ubá,Residencial São José,residencial sao jose,-21.1069392,-42.8926933,brasil_aberto,True
MG,3169901,Ubá,Residencial São Leopoldo,residencial sao leopoldo,-21.1436367,-42.95247269,brasil_aberto,True
MG,3169901,Ubá,Residencial São Lucas,residencial sao lucas,-21.14399147,-42.91843796,brasil_aberto,True
MG,3169901,Ubá,San Raphael I,san raphael i,-21.11225319,-42.95624161,brasil_aberto,True
MG,3169901,Ubá,San Raphael II,san raphael ii,-21.11347198,-42.9597168,brasil_aberto,True
MG,3169901,Ubá,San Raphael III,san raphael iii,-21.1144762,-42.9645553,brasil_aberto,True
MG,3169901,Ubá,Santa Alice,santa alice,-20.07791901,-43.79682541,brasil_aberto,True
MG,3169901,Ubá,Santa Bernadete,santa bernadete,-21.12693977,-42.92455673,brasil_aberto,True
MG,3169901,Ubá,Santa Clara,santa clara,-21.110067,-42.9421839,brasil_aberto,True
MG,3169901,Ubá,Santa Cruz,santa cruz,-21.1190225,-42.9502559,brasil_aberto,True
MG,3169901,Ubá,Santa Cândida,santa candida,-20.90314102,-43.10024643,brasil_aberto,True
MG,3169901,Ubá,Santa Edwiges,santa edwiges,-21.09363365,-42.95407104,brasil_aberto,True
MG,3169901,Ubá,Santa Edwiges II,santa edwiges ii,-19.92234802,-44.0657196,brasil_aberto,True
MG,3169901,Ubá,Santa Luzia,santa luzia,-19.7699337,-43.87075424,brasil_aberto,True
MG,3169901,Ubá,Santa Rosa,santa rosa,-21.0862569,-42.9830935,brasil_aberto,True
MG,3169901,Ubá,Santa Terezinha,santa terezinha,-21.12637901,-42.9446106,brasil_aberto,True
MG,3169901,Ubá,Santana,santana,-21.11096382,-42.95602036,brasil_aberto,True
MG,3169901,Ubá,Santo Antônio,santo antonio,-21.12543,-42.9403508,brasil_aberto,True
MG,3169901,Ubá,Seminário,seminario,-21.1107294,-42.9566585,brasil_aberto,True
MG,3169901,Ubá,Sobradinho,sobradinho,-21.13859749,-42.94470215,brasil_aberto,True
MG,3169901,Ubá,Sol Nascente,sol nascente,-21.13859749,-42.94470215,brasil_aberto,True
MG,3169901,Ubá,São Domingos,sao domingos,-21.11291504,-42.94133759,brasil_aberto,True
MG,3169901,Ubá,São Francisco de Assis,sao francisco de assis,-21.13464546,-42.93086624,brasil_aberto,True
MG,3169901,Ubá,São Geraldo,sao geraldo,-19.80255318,-44.01432419,brasil_aberto,True
MG,3169901,Ubá,São José,sao jose,-21.13542366,-42.94103241,brasil_aberto,True
MG,3169901,Ubá,São João,sao joao,-21.11765862,-42.95368958,brasil_aberto,True
MG,3169901,Ubá,São Judas Tadeu,sao judas tadeu,-16.75775337,-43.86374283,brasil_aberto,True
MG,3169901,Ubá,São Mateus,sao mateus,-19.87226677,-44.03897095,brasil_aberto,True
MG,3169901,Ubá,São Pedro,sao pedro,-21.1208808,-42.9054165,brasil_aberto,True
MG,3169901,Ubá,São Sebastião,sao sebastiao,-21.1104555,-42.949908,brasil_aberto,True
MG,3169901,Ubá,Talma,talma,-21.12648582,-42.95030594,brasil_aberto,True
MG,3169901,Ubá,Tanquinho Doutor José Cavaliere,tanquinho doutor jose cavaliere,-20.90314102,-43.10024643,brasil_aberto,True
MG,3169901,Ubá,Tanquinho João Teixeira,tanquinho joao teixeira,-21.1208656,-42.9413096,brasil_aberto,True
MG,3169901,Ubá,Ubari,ubari,-21.05086708,-43.06031799,brasil_aberto,True
MG,3169901,Ubá,Universitário,universitario,-21.09587288,-42.96818924,brasil_aberto,True
MG,3169901,Ubá,Vale do Ipê,vale do ipe,-21.11316681,-42.96786118,brasil_aberto,True
MG,3169901,Ubá,Vila Casal,vila casal,-21.1244162,-42.9402527,brasil_aberto,True
MG,3169901,Ubá,Vila Franel,vila franel,-21.11536217,-42.95495605,brasil_aberto,True
MG,3169901,Ubá,Vila Gonçalves,vila goncalves,-21.0962405,-42.9439521,brasil_aberto,True
MG,3169901,Ubá,Vila Mariah,vila mariah,-21.109511,-42.9289466,brasil_aberto,True
MG,3169901,Ubá,Vila Moreira,vila moreira,-21.13413239,-42.93791962,brasil_aberto,True
MG,3169901,Ubá,Vila Regina,vila regina,-21.13417435,-42.94711685,brasil_aberto,True
MG,3169901,Ubá,Vitória,vitoria,-21.12653732,-42.9457283,brasil_aberto,True
MG,3169901,Ubá,Waldemar de Castro,waldemar de castro,-21.1093998,-42.95384216,brasil_aberto,True
MG,3169901,Ubá,Xangrilá,xangrila,-21.0998646,-42.9460249,brasil_aberto,True
MG,3169901,Ubá,da Luz,da luz,-19.93227386,-43.95005035,brasil_aberto,True
MG,3169901,Ubá,dos Vaz,dos vaz,-21.1346863,-42.9310331,brasil_aberto,True
MG,3169901,Ubá,Área Rural de Ubá,area rural de uba,-21.1208656,-42.9413096,brasil_aberto,True
MG,3170305,Umburatiba,Centro,centro,-17.2539982,-40.5705229,brasil_aberto,True
MG,3170305,Umburatiba,São Pedro,sao pedro,-17.3207625,-40.6774902,brasil_aberto,True
MG,3170404,Unaí,Amaral,amaral,-16.3348143,-46.9056713,brasil_aberto,True
MG,3170404,Unaí,Barroca,barroca,-16.3670654,-46.8998462,brasil_aberto,True
MG,3170404,Unaí,Bela Vista,bela vista,-16.3786514,-46.8847109,brasil_aberto,True
MG,3170404,Unaí,Boa Vista de Santa Maria,boa vista de santa maria,-16.158154,-46.9571271,brasil_aberto,True
MG,3170404,Unaí,Cachoeira,cachoeira,-16.35873413,-46.89585876,brasil_aberto,True
MG,3170404,Unaí,Canabrava,canabrava,-16.36135292,-46.88856125,brasil_aberto,True
MG,3170404,Unaí,Capim Branco,capim branco,-16.35558319,-46.90815735,brasil_aberto,True
MG,3170404,Unaí,Capim Branco II,capim branco ii,-16.3722229,-46.89966965,brasil_aberto,True
MG,3170404,Unaí,Centro,centro,-22.23467445,-45.93571472,brasil_aberto,True
MG,3170404,Unaí,Cidade Nova,cidade nova,-16.3831797,-46.9064758,brasil_aberto,True
MG,3170404,Unaí,Cruzeiro,cruzeiro,-16.36403656,-46.89620209,brasil_aberto,True
MG,3170404,Unaí,Distrito Industrial,distrito industrial,-19.82129478,-43.96697617,brasil_aberto,True
MG,3170404,Unaí,Divinéia,divineia,-16.3748394,-46.8919243,brasil_aberto,True
MG,3170404,Unaí,Dom Bosco,dom bosco,-16.3640443,-46.8879734,brasil_aberto,True
MG,3170404,Unaí,Floresta,floresta,-16.3656559,-46.88970947,brasil_aberto,True
MG,3170404,Unaí,Garapuava,garapuava,-16.08953285,-46.55504608,brasil_aberto,True
MG,3170404,Unaí,Industrial,industrial,-16.3647325,-46.89200710000001,brasil_aberto,True
MG,3170404,Unaí,Itapuã,itapua,-16.3535756,-46.906343,brasil_aberto,True
MG,3170404,Unaí,Iuna,iuna,-20.34118462,-40.39894867,brasil_aberto,True
MG,3170404,Unaí,Jacilândia,jacilandia,-16.35294342,-46.91244888,brasil_aberto,True
MG,3170404,Unaí,Jardim,jardim,-16.36869,-46.8939388,brasil_aberto,True
MG,3170404,Unaí,Kamayura,kamayura,-16.3928574,-46.90101850000001,brasil_aberto,True
MG,3170404,Unaí,Mamoeiro,mamoeiro,-16.3065841,-46.9057713,brasil_aberto,True
MG,3170404,Unaí,Mansões Concórdia,mansoes concordia,-16.3647325,-46.89200710000001,brasil_aberto,True
MG,3170404,Unaí,Mansões Sul,mansoes sul,-16.3647325,-46.89200710000001,brasil_aberto,True
MG,3170404,Unaí,Mansões do Parque,mansoes do parque,-16.3647325,-46.89200710000001,brasil_aberto,True
MG,3170404,Unaí,Nossa Senhora Aparecida,nossa senhora aparecida,-16.3656561,-46.8897087,brasil_aberto,True
MG,3170404,Unaí,Nossa Senhora do Carmo,nossa senhora do carmo,-16.3587333,-46.8958594,brasil_aberto,True
MG,3170404,Unaí,Nova Canaã,nova canaa,-22.84066391,-46.3280983,brasil_aberto,True
MG,3170404,Unaí,Nova Divinéia,nova divineia,-16.3656559,-46.88970947,brasil_aberto,True
MG,3170404,Unaí,Novo Horizonte,novo horizonte,-16.37309647,-46.9116478,brasil_aberto,True
MG,3170404,Unaí,Novo Jardim,novo jardim,-16.3655736,-46.8847237,brasil_aberto,True
MG,3170404,Unaí,Palmeirinha,palmeirinha,-16.03891754,-46.8378067,brasil_aberto,True
MG,3170404,Unaí,Parque Canabrava,parque canabrava,-16.3595243,-46.8888933,brasil_aberto,True
MG,3170404,Unaí,Parque Explanada,parque explanada,-23.53574944,-46.86183167,brasil_aberto,True
MG,3170404,Unaí,Pedras de Marilândia,pedras de marilandia,-16.20216751,-46.42205048,brasil_aberto,True
MG,3170404,Unaí,Politécnica,politecnica,-16.35102654,-46.88532639,brasil_aberto,True
MG,3170404,Unaí,Primavera,primavera,-16.35633278,-46.88601303,brasil_aberto,True
MG,3170404,Unaí,Primavera 5,primavera 5,-16.3647325,-46.89200710000001,brasil_aberto,True
MG,3170404,Unaí,Residencial Alvorada,residencial alvorada,-16.3363276,-46.9014836,brasil_aberto,True
MG,3170404,Unaí,Residencial Bela Serra,residencial bela serra,-16.35644341,-46.89888,brasil_aberto,True
MG,3170404,Unaí,Residencial Curva do Rio,residencial curva do rio,-16.35759163,-46.89754868,brasil_aberto,True
MG,3170404,Unaí,Residencial Laguna,residencial laguna,-16.3829955,-46.8838809,brasil_aberto,True
MG,3170404,Unaí,Rio Preto,rio preto,-16.35198975,-46.89755249,brasil_aberto,True
MG,3170404,Unaí,Riviera Park,riviera park,-16.34844589,-46.92385864,brasil_aberto,True
MG,3170404,Unaí,Ruralminas,ruralminas,-16.7397747,-46.63191986,brasil_aberto,True
MG,3170404,Unaí,Sagarana,sagarana,-16.3687973,-46.88355255,brasil_aberto,True
MG,3170404,Unaí,Sagrada Família,sagrada familia,-20.05899239,-43.98049545,brasil_aberto,True
MG,3170404,Unaí,Santa Clara,santa clara,-16.3647325,-46.89200710000001,brasil_aberto,True
MG,3170404,Unaí,Santa Luzia,santa luzia,-16.3656559,-46.88970947,brasil_aberto,True
MG,3170404,Unaí,Santo Antônio do Boqueirão,santo antonio do boqueirao,-16.52740097,-46.72355652,brasil_aberto,True
MG,3170404,Unaí,Serenata,serenata,-16.3656559,-46.88970947,brasil_aberto,True
MG,3170404,Unaí,Terra Nova,terra nova,-16.3647325,-46.89200710000001,brasil_aberto,True
MG,3170404,Unaí,Vale Verde,vale verde,-16.3603701,-46.8862579,brasil_aberto,True
MG,3170404,Unaí,Vale do Amanhecer,vale do amanhecer,-16.3505318,-46.92006869999999,brasil_aberto,True
MG,3170404,Unaí,Vila Militar,vila militar,-16.3758182,-46.8840843,brasil_aberto,True
MG,3170404,Unaí,Vila São Sebastião,vila sao sebastiao,-16.3708058,-46.8907947,brasil_aberto,True
MG,3170404,Unaí,Vila do Sol,vila do sol,-16.3905877,-46.8972291,brasil_aberto,True
MG,3170404,Unaí,de Lourdes,de lourdes,-16.37342834,-46.90286255,brasil_aberto,True
MG,3170404,Unaí,Água Branca,agua branca,-16.356462,-46.8868429,brasil_aberto,True
MG,3170404,Unaí,Águas Claras,aguas claras,-16.3763898,-46.8944898,brasil_aberto,True
MG,3170404,Unaí,Área Rural de Unaí,area rural de unai,-16.3647325,-46.89200710000001,brasil_aberto,True
MG,3170438,União de Minas,Centro,centro,-19.5291642,-50.33613140000001,brasil_aberto,True
MG,3170479,Uruana de Minas,Centro,centro,-16.064362,-46.255319,brasil_aberto,True
MG,3170479,Uruana de Minas,Cercado,cercado,-16.281127,-46.2693769,brasil_aberto,True
MG,3170529,Urucuia,Centro,centro,-16.1252894,-45.7412397,brasil_aberto,True
MG,3170503,Urucânia,Bom Jesus de Cardosos,bom jesus de cardosos,-20.34382057,-42.77497101,brasil_aberto,True
MG,3170503,Urucânia,Cardoso,cardoso,-20.34504509,-42.77806854,brasil_aberto,True
MG,3170503,Urucânia,Centro,centro,-20.35154533,-42.7415657,brasil_aberto,True
MG,3170578,Vargem Alegre,Centro,centro,-19.60182381,-42.29916763,brasil_aberto,True
MG,3170602,Vargem Bonita,Centro,centro,-20.3291037,-46.3699795,brasil_aberto,True
MG,3170651,Vargem Grande do Rio Pardo,Centro,centro,-15.40355206,-42.30696869,brasil_aberto,True
MG,3170701,Varginha,Aeroporto,aeroporto,-21.3560954,-46.1957524,brasil_aberto,True
MG,3170701,Varginha,Alta Villa,alta villa,-21.57395554,-45.4571991,brasil_aberto,True
MG,3170701,Varginha,Alto Vila Paiva,alto vila paiva,-21.5424077,-45.43592719999999,brasil_aberto,True
MG,3170701,Varginha,Alto da Figueira II,alto da figueira ii,-21.5400255,-45.4063603,brasil_aberto,True
MG,3170701,Varginha,Alto da Figueira III,alto da figueira iii,-21.54340363,-45.40481567,brasil_aberto,True
MG,3170701,Varginha,Bela Vista,bela vista,-21.549963,-45.45463943,brasil_aberto,True
MG,3170701,Varginha,Bom Pastor,bom pastor,-21.55042267,-45.44704819,brasil_aberto,True
MG,3170701,Varginha,Campos Elíseos,campos eliseos,-21.5435956,-45.4380375,brasil_aberto,True
MG,3170701,Varginha,Centro,centro,-19.93388367,-43.93577576,brasil_aberto,True
MG,3170701,Varginha,Condomínio Lagamar,condominio lagamar,-21.5395413,-45.5065435,brasil_aberto,True
MG,3170701,Varginha,Condomínio Pássaro,condominio passaro,-21.5874972,-45.4837297,brasil_aberto,True
MG,3170701,Varginha,Condomínio Residencial Urupês,condominio residencial urupes,-21.5849998,-45.4434251,brasil_aberto,True
MG,3170701,Varginha,Conjunto Habitacional Centenário,conjunto habitacional centenario,-21.57803345,-45.42222977,brasil_aberto,True
MG,3170701,Varginha,Conjunto Habitacional Sion,conjunto habitacional sion,-21.56556702,-45.42212677,brasil_aberto,True
MG,3170701,Varginha,Conjunto Habitacional Sion II,conjunto habitacional sion ii,-21.5679512,-45.41687393,brasil_aberto,True
MG,3170701,Varginha,Conjunto Minas Gerais,conjunto minas gerais,-21.57595444,-45.43819046,brasil_aberto,True
MG,3170701,Varginha,Conjunto Residencial Jetcon,conjunto residencial jetcon,-21.55101013,-45.43756485,brasil_aberto,True
MG,3170701,Varginha,Cruzeiro do Sul,cruzeiro do sul,-21.55402946,-45.40669632,brasil_aberto,True
MG,3170701,Varginha,Damasco,damasco,-21.58309937,-45.42486572,brasil_aberto,True
MG,3170701,Varginha,Distrito Industrial Cláudio Galvão Nogueira,distrito industrial claudio galvao nogueira,-21.6312823,-45.4105612,brasil_aberto,True
MG,3170701,Varginha,Distrito Industrial Miguel de Luca,distrito industrial miguel de luca,-21.59473419,-45.45233154,brasil_aberto,True
MG,3170701,Varginha,Dos Carvalhos,dos carvalhos,-21.55455971,-45.41459656,brasil_aberto,True
MG,3170701,Varginha,Eldorado,eldorado,-21.58190346,-45.45117569,brasil_aberto,True
MG,3170701,Varginha,Fausto Ribeiro,fausto ribeiro,-21.5876715,-45.4577792,brasil_aberto,True
MG,3170701,Varginha,Flamboyant,flamboyant,-21.58633804,-45.45970917,brasil_aberto,True
MG,3170701,Varginha,Imaculada Conceição,imaculada conceicao,-21.5925293,-45.44784164,brasil_aberto,True
MG,3170701,Varginha,Imperial,imperial,-21.56006622,-45.41891098,brasil_aberto,True
MG,3170701,Varginha,Imperial II,imperial ii,-21.56399727,-45.41942596,brasil_aberto,True
MG,3170701,Varginha,Industrial JK,industrial jk,-21.58179855,-45.44248199,brasil_aberto,True
MG,3170701,Varginha,Industrial Reinaldo Foresti,industrial reinaldo foresti,-21.57459831,-45.43215942,brasil_aberto,True
MG,3170701,Varginha,Jardim Alvorada,jardim alvorada,-21.55965233,-45.43572617,brasil_aberto,True
MG,3170701,Varginha,Jardim Andere,jardim andere,-21.57086563,-45.43913269,brasil_aberto,True
MG,3170701,Varginha,Jardim Atlântico Sul,jardim atlantico sul,-21.58530045,-45.43243027,brasil_aberto,True
MG,3170701,Varginha,Jardim Bouganville,jardim bouganville,-21.55981445,-45.46700668,brasil_aberto,True
MG,3170701,Varginha,Jardim Canaã,jardim canaa,-21.57070351,-45.44105148,brasil_aberto,True
MG,3170701,Varginha,Jardim Cidade Nova,jardim cidade nova,-21.55587387,-45.42172241,brasil_aberto,True
MG,3170701,Varginha,Jardim Colonial,jardim colonial,-21.55913353,-45.42415237,brasil_aberto,True
MG,3170701,Varginha,Jardim Corcetti I,jardim corcetti i,-21.53019142,-45.45142365,brasil_aberto,True
MG,3170701,Varginha,Jardim Estrela I,jardim estrela i,-21.5550933,-45.43971500000001,brasil_aberto,True
MG,3170701,Varginha,Jardim Estrela II,jardim estrela ii,-21.52601051,-45.45233917,brasil_aberto,True
MG,3170701,Varginha,Jardim Europa,jardim europa,-21.55080223,-45.43419647,brasil_aberto,True
MG,3170701,Varginha,Jardim Itália,jardim italia,-21.55821228,-45.4250145,brasil_aberto,True
MG,3170701,Varginha,Jardim La Verna,jardim la verna,-26.3160038,-48.85067749,brasil_aberto,True
MG,3170701,Varginha,Jardim Mariana,jardim mariana,-21.58172035,-45.43497849,brasil_aberto,True
MG,3170701,Varginha,Jardim Mont Serrat,jardim mont serrat,-21.53434372,-45.4560318,brasil_aberto,True
MG,3170701,Varginha,Jardim Morada do Sol,jardim morada do sol,-21.55418587,-45.44578552,brasil_aberto,True
MG,3170701,Varginha,Jardim Oriente,jardim oriente,-21.553339,-45.36776352,brasil_aberto,True
MG,3170701,Varginha,Jardim Orlândia,jardim orlandia,-21.56071091,-45.45168304,brasil_aberto,True
MG,3170701,Varginha,Jardim Panorama,jardim panorama,-21.5468502,-45.41957474,brasil_aberto,True
MG,3170701,Varginha,Jardim Petrópolis,jardim petropolis,-21.56450844,-45.44612885,brasil_aberto,True
MG,3170701,Varginha,Jardim Renata,jardim renata,-21.56324959,-45.4257164,brasil_aberto,True
MG,3170701,Varginha,Jardim Ribeiro,jardim ribeiro,-21.59035301,-45.43875122,brasil_aberto,True
MG,3170701,Varginha,Jardim Rio Verde,jardim rio verde,-21.71138763,-45.2585907,brasil_aberto,True
MG,3170701,Varginha,Jardim Santa Mônica,jardim santa monica,-21.578664,-45.4208491,brasil_aberto,True
MG,3170701,Varginha,Jardim Santa Tereza,jardim santa tereza,-21.56865311,-45.43349838,brasil_aberto,True
MG,3170701,Varginha,Jardim Simões,jardim simoes,-21.58728027,-45.43408203,brasil_aberto,True
MG,3170701,Varginha,Jardim Sion,jardim sion,-21.56594467,-45.42540359,brasil_aberto,True
MG,3170701,Varginha,Jardim São Joaquim,jardim sao joaquim,-21.5550933,-45.43971500000001,brasil_aberto,True
MG,3170701,Varginha,Jardim Vale Verde,jardim vale verde,-21.58918381,-45.4330864,brasil_aberto,True
MG,3170701,Varginha,Jardim Vale dos Ipês,jardim vale dos ipes,-21.57688904,-45.43836594,brasil_aberto,True
MG,3170701,Varginha,Jardim Zinoca,jardim zinoca,-21.5504837,-45.43598557,brasil_aberto,True
MG,3170701,Varginha,Jardim das Oliveiras,jardim das oliveiras,-21.53350449,-45.40826416,brasil_aberto,True
MG,3170701,Varginha,Jardim dos Pássaros,jardim dos passaros,-21.57362366,-45.44268036,brasil_aberto,True
MG,3170701,Varginha,Jardim Áurea,jardim aurea,-21.53973961,-45.45410538,brasil_aberto,True
MG,3170701,Varginha,Lagamar,lagamar,-21.540705,-45.4720861,brasil_aberto,True
MG,3170701,Varginha,Loteamento Sete de Outubro,loteamento sete de outubro,-21.5413717,-45.4144056,brasil_aberto,True
MG,3170701,Varginha,Minas Gerais,minas gerais,-18.84617043,-41.95195389,brasil_aberto,True
MG,3170701,Varginha,Nossa Senhora Aparecida,nossa senhora aparecida,-21.56275368,-45.42475891,brasil_aberto,True
MG,3170701,Varginha,Nossa Senhora das Graças III,nossa senhora das gracas iii,-19.98478889,-44.03540802,brasil_aberto,True
MG,3170701,Varginha,Nossa Senhora de Fátima,nossa senhora de fatima,-21.56176186,-45.4445076,brasil_aberto,True
MG,3170701,Varginha,Nossa Senhora de Lourdes,nossa senhora de lourdes,-21.55989456,-45.43653488,brasil_aberto,True
MG,3170701,Varginha,Nova Varginha,nova varginha,-21.58656693,-45.45933533,brasil_aberto,True
MG,3170701,Varginha,Novo Horizonte,novo horizonte,-21.56695557,-45.44022751,brasil_aberto,True
MG,3170701,Varginha,Novo Tempo,novo tempo,-21.5540271,-45.4087579,brasil_aberto,True
MG,3170701,Varginha,Padre Vitor,padre vitor,-21.57384491,-45.413414,brasil_aberto,True
MG,3170701,Varginha,Park Imperial,park imperial,-19.78975105,-43.90595627,brasil_aberto,True
MG,3170701,Varginha,Park Rinaldo,park rinaldo,-21.5390873,-45.45763397,brasil_aberto,True
MG,3170701,Varginha,Parque Alto da Figueira,parque alto da figueira,-21.55025482,-45.44317245,brasil_aberto,True
MG,3170701,Varginha,Parque Alto dos Pinheiros,parque alto dos pinheiros,-21.5336424,-45.452817,brasil_aberto,True
MG,3170701,Varginha,Parque Boa Vista,parque boa vista,-21.54849052,-45.44991684,brasil_aberto,True
MG,3170701,Varginha,Parque Catanduvas,parque catanduvas,-21.56379128,-45.43978882,brasil_aberto,True
MG,3170701,Varginha,Parque Ileana,parque ileana,-21.55022621,-45.42661285,brasil_aberto,True
MG,3170701,Varginha,Parque Mariela,parque mariela,-21.5584259,-45.45594788,brasil_aberto,True
MG,3170701,Varginha,Parque Nossa Senhora das Graças,parque nossa senhora das gracas,-21.5766183,-45.426071,brasil_aberto,True
MG,3170701,Varginha,Parque Ozanam,parque ozanam,-21.56658363,-45.43597412,brasil_aberto,True
MG,3170701,Varginha,Parque Residencial Jardins do Ágape,parque residencial jardins do agape,-21.55119324,-45.45082855,brasil_aberto,True
MG,3170701,Varginha,Parque Residencial Rio Verde,parque residencial rio verde,-21.59560394,-45.43399811,brasil_aberto,True
MG,3170701,Varginha,Parque Retiro,parque retiro,-21.54388809,-45.44096375,brasil_aberto,True
MG,3170701,Varginha,Parque São José,parque sao jose,-21.5551281,-45.45337677,brasil_aberto,True
MG,3170701,Varginha,Parque Urupês,parque urupes,-21.5875148,-45.4456514,brasil_aberto,True
MG,3170701,Varginha,Parque Urupês III,parque urupes iii,-21.5849304,-45.4424176,brasil_aberto,True
MG,3170701,Varginha,Parque das Acácias,parque das acacias,-21.55830383,-45.42479324,brasil_aberto,True
MG,3170701,Varginha,Parque das Américas,parque das americas,-21.56738853,-45.4438324,brasil_aberto,True
MG,3170701,Varginha,Parque das Grevíleas,parque das grevileas,-21.58675003,-45.45413589,brasil_aberto,True
MG,3170701,Varginha,Parque de Exposições,parque de exposicoes,-21.59899712,-45.43970871,brasil_aberto,True
MG,3170701,Varginha,Penedo,penedo,-21.6136219,-45.4281653,brasil_aberto,True
MG,3170701,Varginha,Pinheiros,pinheiros,-21.53762436,-45.44543076,brasil_aberto,True
MG,3170701,Varginha,Porto Real,porto real,-21.54966736,-45.45958328,brasil_aberto,True
MG,3170701,Varginha,Primavera,primavera,-21.59811974,-45.4435997,brasil_aberto,True
MG,3170701,Varginha,Princesa do Sul,princesa do sul,-21.58379936,-45.45574188,brasil_aberto,True
MG,3170701,Varginha,Residencial Alto Pinheiros,residencial alto pinheiros,-21.5376087,-45.4496658,brasil_aberto,True
MG,3170701,Varginha,Residencial Alto do Vale,residencial alto do vale,-21.5744278,-45.4048249,brasil_aberto,True
MG,3170701,Varginha,Residencial Belo Horizonte,residencial belo horizonte,-21.55738831,-45.46577454,brasil_aberto,True
MG,3170701,Varginha,Residencial Belo Horizonte II,residencial belo horizonte ii,-21.5596299,-45.4714955,brasil_aberto,True
MG,3170701,Varginha,Residencial Belo Horizonte III,residencial belo horizonte iii,-19.80867767,-44.01575089,brasil_aberto,True
MG,3170701,Varginha,Residencial Parque Imperador,residencial parque imperador,-21.5542087,-45.4592514,brasil_aberto,True
MG,3170701,Varginha,Residencial Portinari,residencial portinari,-21.5848206,-45.4526687,brasil_aberto,True
MG,3170701,Varginha,Residencial Vale das Palmeiras,residencial vale das palmeiras,-22.23660469,-45.69566727,brasil_aberto,True
MG,3170701,Varginha,Rezende,rezende,-21.58437538,-45.435215,brasil_aberto,True
MG,3170701,Varginha,Rio Verde II,rio verde ii,-21.5686534,-45.4334987,brasil_aberto,True
MG,3170701,Varginha,Riviera do Lago,riviera do lago,-17.09778786,-42.47052002,brasil_aberto,True
MG,3170701,Varginha,Sagrado Coração,sagrado coracao,-21.540246,-45.4142734,brasil_aberto,True
MG,3170701,Varginha,Sagrado Coração II,sagrado coracao ii,-21.5433508,-45.4147383,brasil_aberto,True
MG,3170701,Varginha,San Marino,san marino,-21.5303669,-45.4536171,brasil_aberto,True
MG,3170701,Varginha,Santa Clara,santa clara,-21.5861133,-45.4538613,brasil_aberto,True
MG,3170701,Varginha,Santa Luiza,santa luiza,-21.57288361,-45.44532776,brasil_aberto,True
MG,3170701,Varginha,Santa Luzia,santa luzia,-21.5461062,-45.4141694,brasil_aberto,True
MG,3170701,Varginha,Santa Maria,santa maria,-21.5514547,-45.4228853,brasil_aberto,True
MG,3170701,Varginha,Santa Terezinha,santa terezinha,-21.58923721,-45.45608139,brasil_aberto,True
MG,3170701,Varginha,Santana,santana,-21.57279778,-45.42303085,brasil_aberto,True
MG,3170701,Varginha,São Francisco,sao francisco,-21.56384659,-45.41701126,brasil_aberto,True
MG,3170701,Varginha,São José,sao jose,-21.5404057,-45.4538679,brasil_aberto,True
MG,3170701,Varginha,São Lucas,sao lucas,-21.53996277,-45.42800522,brasil_aberto,True
MG,3170701,Varginha,São Miguel Arcanjo,sao miguel arcanjo,-21.52692032,-45.45537949,brasil_aberto,True
MG,3170701,Varginha,São Sebastião,sao sebastiao,-21.55254364,-45.41950226,brasil_aberto,True
MG,3170701,Varginha,Treviso,treviso,-21.5462169,-45.4314945,brasil_aberto,True
MG,3170701,Varginha,Três Bicas,tres bicas,-21.55910492,-45.43422318,brasil_aberto,True
MG,3170701,Varginha,Vale dos Coqueiros,vale dos coqueiros,-19.79232979,-43.88857269,brasil_aberto,True
MG,3170701,Varginha,Vargem,vargem,-21.54617691,-45.42454147,brasil_aberto,True
MG,3170701,Varginha,Vila Adelaide,vila adelaide,-19.89409065,-43.91181946,brasil_aberto,True
MG,3170701,Varginha,Vila Andere I,vila andere i,-21.56636047,-45.4344902,brasil_aberto,True
MG,3170701,Varginha,Vila Andere II,vila andere ii,-21.57305336,-45.43621063,brasil_aberto,True
MG,3170701,Varginha,Vila Avelar,vila avelar,-21.56538773,-45.42789459,brasil_aberto,True
MG,3170701,Varginha,Vila Barcelona,vila barcelona,-21.55068398,-45.42877579,brasil_aberto,True
MG,3170701,Varginha,Vila Belmiro,vila belmiro,-21.55343819,-45.42853928,brasil_aberto,True
MG,3170701,Varginha,Vila Bitencourt,vila bitencourt,-21.5406816,-45.4580006,brasil_aberto,True
MG,3170701,Varginha,Vila Bueno,vila bueno,-21.5635643,-45.44510651,brasil_aberto,True
MG,3170701,Varginha,Vila Dona Josefina,vila dona josefina,-21.55281067,-45.4331665,brasil_aberto,True
MG,3170701,Varginha,Vila Flamengo,vila flamengo,-21.54891205,-45.43964005,brasil_aberto,True
MG,3170701,Varginha,Vila Floresta,vila floresta,-21.56352615,-45.43333817,brasil_aberto,True
MG,3170701,Varginha,Vila Ipiranga,vila ipiranga,-21.55556679,-45.42913437,brasil_aberto,True
MG,3170701,Varginha,Vila Isabel,vila isabel,-21.5708831,-45.4399814,brasil_aberto,True
MG,3170701,Varginha,Vila Limborco,vila limborco,-21.55329323,-45.44123459,brasil_aberto,True
MG,3170701,Varginha,Vila Maria,vila maria,-21.56462669,-45.42597198,brasil_aberto,True
MG,3170701,Varginha,Vila Maristela,vila maristela,-21.5482235,-45.43039703,brasil_aberto,True
MG,3170701,Varginha,Vila Martins,vila martins,-21.56093979,-45.44576263,brasil_aberto,True
MG,3170701,Varginha,Vila Mendes,vila mendes,-21.5467968,-45.44184494,brasil_aberto,True
MG,3170701,Varginha,Vila Monte Castelo,vila monte castelo,-21.5496521,-45.42869568,brasil_aberto,True
MG,3170701,Varginha,Vila Monteiro,vila monteiro,-21.56419563,-45.42433548,brasil_aberto,True
MG,3170701,Varginha,Vila Morais,vila morais,-21.22525024,-43.76825333,brasil_aberto,True
MG,3170701,Varginha,Vila Murad,vila murad,-21.5576354,-45.451726,brasil_aberto,True
MG,3170701,Varginha,Vila Nogueira,vila nogueira,-21.56151772,-45.44003677,brasil_aberto,True
MG,3170701,Varginha,Vila Nossa Senhora dos Anjos,vila nossa senhora dos anjos,-21.55955887,-45.43883514,brasil_aberto,True
MG,3170701,Varginha,Vila Paiva,vila paiva,-21.54324341,-45.4432373,brasil_aberto,True
MG,3170701,Varginha,Vila Pinto,vila pinto,-21.55736923,-45.44298172,brasil_aberto,True
MG,3170701,Varginha,Vila Registânea,vila registanea,-21.54910088,-45.43238449,brasil_aberto,True
MG,3170701,Varginha,Vila Santa Cruz,vila santa cruz,-21.5550933,-45.43971500000001,brasil_aberto,True
MG,3170701,Varginha,Vila São Geraldo,vila sao geraldo,-21.53888893,-45.44877625,brasil_aberto,True
MG,3170701,Varginha,Vila Verde,vila verde,-21.56496239,-45.44863129,brasil_aberto,True
MG,3170701,Varginha,Vila Verônica,vila veronica,-21.57470512,-45.43597031,brasil_aberto,True
MG,3170701,Varginha,Vila do Pontal,vila do pontal,-21.56564713,-45.4272995,brasil_aberto,True
MG,3170701,Varginha,Área Rural de Varginha,area rural de varginha,-21.5550933,-45.43971500000001,brasil_aberto,True
MG,3170750,Varjão de Minas,Centro,centro,-18.38004684,-46.03209686,brasil_aberto,True
MG,3170750,Varjão de Minas,Lagoa Seca,lagoa seca,-18.379071,-46.0320827,brasil_aberto,True
MG,3170909,Varzelândia,Brejo do Mutambal,brejo do mutambal,,,brasil_aberto,True
MG,3170909,Varzelândia,Campo Redondo,campo redondo,-22.26877213,-44.69643784,brasil_aberto,True
MG,3170909,Varzelândia,Centro,centro,-19.919168,-43.9386558,brasil_aberto,True
MG,3171006,Vazante,Centro,centro,-17.98997498,-46.90628815,brasil_aberto,True
MG,3171006,Vazante,Claro de Minas,claro de minas,-17.93260193,-46.99002457,brasil_aberto,True
MG,3171030,Verdelândia,Cachoeirinha,cachoeirinha,-15.5914834,-43.6092279,brasil_aberto,True
MG,3171071,Veredinha,Centro,centro,-17.39632607,-42.73752594,brasil_aberto,True
MG,3171071,Veredinha,Mendonça,mendonca,-17.54151726,-42.75482178,brasil_aberto,True
MG,3171154,Vermelho Novo,Centro,centro,-20.08606911,-42.35334396,brasil_aberto,True
MG,3171105,Veríssimo,Centro,centro,-19.6661095,-48.3085658,brasil_aberto,True
MG,3171204,Vespasiano,Alphaville,alphaville,,,brasil_aberto,True
MG,3171204,Vespasiano,Angicos,angicos,-19.6867966,-43.9147391,brasil_aberto,True
MG,3171204,Vespasiano,Bela Vista,bela vista,-19.7327919,-43.97014999,brasil_aberto,True
MG,3171204,Vespasiano,Bernardo de Souza,bernardo de souza,-19.7445927,-43.941155,brasil_aberto,True
MG,3171204,Vespasiano,Boa Vista,boa vista,-19.750045,-43.9589541,brasil_aberto,True
MG,3171204,Vespasiano,Boa Vista II,boa vista ii,-19.52296638,-40.61543655,brasil_aberto,True
MG,3171204,Vespasiano,Bonsucesso,bonsucesso,-19.7842346,-43.9713765,brasil_aberto,True
MG,3171204,Vespasiano,Caieiras,caieiras,,,brasil_aberto,True
MG,3171204,Vespasiano,Central Park,central park,-19.6853749,-43.9164151,brasil_aberto,True
MG,3171204,Vespasiano,Centro,centro,-19.69311142,-43.92105484,brasil_aberto,True
MG,3171204,Vespasiano,Chácaras Laranjeiras,chacaras laranjeiras,-19.74800491,-43.93353653,brasil_aberto,True
MG,3171204,Vespasiano,Cipriano,cipriano,-19.75046158,-43.96550751,brasil_aberto,True
MG,3171204,Vespasiano,Cipriano Velho,cipriano velho,-19.74520302,-43.96145248,brasil_aberto,True
MG,3171204,Vespasiano,Condomínio Lírio dos Vales,condominio lirio dos vales,,,brasil_aberto,True
MG,3171204,Vespasiano,Condomínio Mônaco,condominio monaco,-19.75205994,-43.95684433,brasil_aberto,True
MG,3171204,Vespasiano,Conjunto Habitacional Morro Alto,conjunto habitacional morro alto,-19.7665852,-43.9531098,brasil_aberto,True
MG,3171204,Vespasiano,Célvia,celvia,-19.69208527,-43.93225479,brasil_aberto,True
MG,3171204,Vespasiano,Distrito Industrial,distrito industrial,-19.09739304,-43.47252274,brasil_aberto,True
MG,3171204,Vespasiano,Fagundes,fagundes,-19.6804357,-43.942724,brasil_aberto,True
MG,3171204,Vespasiano,Fazenda Canavial Velho,fazenda canavial velho,-19.6888212,-43.9243329,brasil_aberto,True
MG,3171204,Vespasiano,Gran Park,gran park,-19.7170738,-43.8987395,brasil_aberto,True
MG,3171204,Vespasiano,Gávea,gavea,-19.76023293,-43.93241119,brasil_aberto,True
MG,3171204,Vespasiano,Gávea I,gavea i,-19.7519088,-43.9406064,brasil_aberto,True
MG,3171204,Vespasiano,Imperial,imperial,,,brasil_aberto,True
MG,3171204,Vespasiano,Jardim Alterosa,jardim alterosa,-19.6888212,-43.9243329,brasil_aberto,True
MG,3171204,Vespasiano,Jardim Bela Vista,jardim bela vista,-19.74264145,-43.96938324,brasil_aberto,True
MG,3171204,Vespasiano,Jardim Daliana,jardim daliana,-19.74847794,-43.94267654,brasil_aberto,True
MG,3171204,Vespasiano,Jardim Encantado,jardim encantado,-19.72275734,-43.96849823,brasil_aberto,True
MG,3171204,Vespasiano,Jardim Paraíso,jardim paraiso,-19.74283981,-43.9536438,brasil_aberto,True
MG,3171204,Vespasiano,Jardim da Glória,jardim da gloria,-19.75107384,-43.95053101,brasil_aberto,True
MG,3171204,Vespasiano,Jequitibá,jequitiba,-19.6920204,-43.9346702,brasil_aberto,True
MG,3171204,Vespasiano,Lar de Minas,lar de minas,-19.7280636,-43.9740077,brasil_aberto,True
MG,3171204,Vespasiano,Lourdes,lourdes,-19.6914051,-43.9250268,brasil_aberto,True
MG,3171204,Vespasiano,Mangueiras,mangueiras,-19.74407005,-47.88576126,brasil_aberto,True
MG,3171204,Vespasiano,Nova Granja,nova granja,-19.68104172,-43.94246674,brasil_aberto,True
MG,3171204,Vespasiano,Nova Pampulha,nova pampulha,-19.77840233,-43.97353745,brasil_aberto,True
MG,3171204,Vespasiano,Nova Pampulha 3ª e 4ª Seção,nova pampulha 3ª e 4ª secao,-19.7684175,-43.9607049,brasil_aberto,True
MG,3171204,Vespasiano,Nova York,nova york,-19.7927694,-43.966324,brasil_aberto,True
MG,3171204,Vespasiano,Novo Horizonte,novo horizonte,-20.03058052,-44.06363678,brasil_aberto,True
MG,3171204,Vespasiano,Názia I,nazia i,-19.6977311,-43.9218106,brasil_aberto,True
MG,3171204,Vespasiano,Názia II,nazia ii,,,brasil_aberto,True
MG,3171204,Vespasiano,Parque Jardim Itaú,parque jardim itau,-19.69521332,-43.92853928,brasil_aberto,True
MG,3171204,Vespasiano,Parque Jardim Maria José,parque jardim maria jose,-19.76799583,-43.9580574,brasil_aberto,True
MG,3171204,Vespasiano,Parque Norte,parque norte,-19.7763786,-43.9518004,brasil_aberto,True
MG,3171204,Vespasiano,Pouso Alegre,pouso alegre,-19.7618529,-43.9451103,brasil_aberto,True
MG,3171204,Vespasiano,Residencial Clube dos Militares I,residencial clube dos militares i,-19.75145912,-43.93610001,brasil_aberto,True
MG,3171204,Vespasiano,Residencial Clube dos Militares II,residencial clube dos militares ii,-19.75145912,-43.93610001,brasil_aberto,True
MG,3171204,Vespasiano,Residencial Park I,residencial park i,-19.7122829,-43.908736,brasil_aberto,True
MG,3171204,Vespasiano,Rosa dos Ventos,rosa dos ventos,-19.6995945,-43.92186356,brasil_aberto,True
MG,3171204,Vespasiano,Santa Clara,santa clara,-16.75046158,-43.85829926,brasil_aberto,True
MG,3171204,Vespasiano,Santa Clara B,santa clara b,-19.75642014,-43.95015335,brasil_aberto,True
MG,3171204,Vespasiano,Santa Clara II,santa clara ii,-19.7561436,-43.9524575,brasil_aberto,True
MG,3171204,Vespasiano,Santa Cruz,santa cruz,-19.6888212,-43.9243329,brasil_aberto,True
MG,3171204,Vespasiano,Santa Maria,santa maria,-19.7520184,-43.9585971,brasil_aberto,True
MG,3171204,Vespasiano,Santo Antônio,santo antonio,-19.6867966,-43.9147391,brasil_aberto,True
MG,3171204,Vespasiano,Serra Azul,serra azul,-19.782114,-43.9737446,brasil_aberto,True
MG,3171204,Vespasiano,Serra Dourada,serra dourada,-19.74506378,-43.93528366,brasil_aberto,True
MG,3171204,Vespasiano,Suely,suely,-19.7566452,-43.99214172,brasil_aberto,True
MG,3171204,Vespasiano,Suely II,suely ii,-19.46453094,-44.24118423,brasil_aberto,True
MG,3171204,Vespasiano,São Damião,sao damiao,-19.7713219,-43.952023,brasil_aberto,True
MG,3171204,Vespasiano,Vale Formoso,vale formoso,-19.68368912,-43.9138031,brasil_aberto,True
MG,3171204,Vespasiano,Verde Vale,verde vale,,,brasil_aberto,True
MG,3171204,Vespasiano,Vida Nova,vida nova,-19.75927734,-43.99329376,brasil_aberto,True
MG,3171204,Vespasiano,Vila Cruzeirinho,vila cruzeirinho,-19.77033806,-43.95420456,brasil_aberto,True
MG,3171204,Vespasiano,Vila Esportiva,vila esportiva,-19.75001526,-43.9477272,brasil_aberto,True
MG,3171204,Vespasiano,Vista Alegre,vista alegre,-19.67848778,-43.91136932,brasil_aberto,True
MG,3171204,Vespasiano,Área Rural de Vespasiano,area rural de vespasiano,-19.6915022,-43.9230951,brasil_aberto,True
MG,3171402,Vieiras,Centro,centro,-20.8652944,-42.2440076,brasil_aberto,True
MG,3171402,Vieiras,Santo Antônio do Glória,santo antonio do gloria,-20.96863365,-42.29109955,brasil_aberto,True
MG,3171600,Virgem da Lapa,Centro,centro,-16.8048742,-42.3399631,brasil_aberto,True
MG,3171600,Virgem da Lapa,São João do Vacaria,sao joao do vacaria,-16.5243562,-42.4090096,brasil_aberto,True
MG,3171808,Virginópolis,Centro,centro,-18.8228825,-42.7051722,brasil_aberto,True
MG,3171907,Virgolândia,Centro,centro,-18.475674,-42.3087114,brasil_aberto,True
MG,3171907,Virgolândia,Divino de Virgolândia,divino de virgolandia,-18.39579582,-42.24662018,brasil_aberto,True
MG,3171709,Virgínia,Centro,centro,-22.3291773,-45.09073900000001,brasil_aberto,True
MG,3172004,Visconde do Rio Branco,Centro,centro,-21.01085854,-42.84098816,brasil_aberto,True
MG,3171303,Viçosa,Acamari,acamari,-20.77931786,-42.8781929,brasil_aberto,True
MG,3171303,Viçosa,Arduíno Bolívar,arduino bolivar,-20.7295603,-42.888355,brasil_aberto,True
MG,3171303,Viçosa,Barrinha,barrinha,-20.73493004,-42.89293671,brasil_aberto,True
MG,3171303,Viçosa,Bela Vista,bela vista,-20.76122475,-42.87711334,brasil_aberto,True
MG,3171303,Viçosa,Belvedere,belvedere,-20.75193787,-42.87321091,brasil_aberto,True
MG,3171303,Viçosa,Betânia,betania,-20.75651741,-42.88989639,brasil_aberto,True
MG,3171303,Viçosa,Boa Vista,boa vista,-19.85101128,-44.01343536,brasil_aberto,True
MG,3171303,Viçosa,Bom Jesus,bom jesus,-20.76669693,-42.88203812,brasil_aberto,True
MG,3171303,Viçosa,Bom Sucesso,bom sucesso,-20.7854213,-42.8481146,brasil_aberto,True
MG,3171303,Viçosa,Cachoeira de Santa Cruz,cachoeira de santa cruz,-20.7494812,-42.78514862,brasil_aberto,True
MG,3171303,Viçosa,Campus Universitário,campus universitario,-20.76107025,-42.87016296,brasil_aberto,True
MG,3171303,Viçosa,Centro,centro,-20.7554484,-42.8811239,brasil_aberto,True
MG,3171303,Viçosa,Cidade Jardim,cidade jardim,-20.77709579,-42.85306549,brasil_aberto,True
MG,3171303,Viçosa,Cidade Nova,cidade nova,-20.7340847,-42.8847915,brasil_aberto,True
MG,3171303,Viçosa,Clélia Bernardes,clelia bernardes,-20.76170349,-42.88267517,brasil_aberto,True
MG,3171303,Viçosa,Conceição,conceicao,-20.7678605,-42.8868864,brasil_aberto,True
MG,3171303,Viçosa,Condomínio Residencial Octávio Pacheco,condominio residencial octavio pacheco,-20.78118896,-42.87589264,brasil_aberto,True
MG,3171303,Viçosa,Estrelas,estrelas,-20.7736436,-42.8879308,brasil_aberto,True
MG,3171303,Viçosa,Fuad Chequer,fuad chequer,-20.7467525,-42.881112,brasil_aberto,True
MG,3171303,Viçosa,Fátima,fatima,-20.76361465,-42.88793564,brasil_aberto,True
MG,3171303,Viçosa,Inconfidência,inconfidencia,-20.7316433,-42.8686369,brasil_aberto,True
MG,3171303,Viçosa,Inácio Martins,inacio martins,-20.7354126,-42.875185,brasil_aberto,True
MG,3171303,Viçosa,JK,jk,-20.76084328,-42.88737488,brasil_aberto,True
MG,3171303,Viçosa,Jardins do Vale,jardins do vale,-20.78390503,-42.87452316,brasil_aberto,True
MG,3171303,Viçosa,João Braz da Costa Val,joao braz da costa val,-20.7377384,-42.8635689,brasil_aberto,True
MG,3171303,Viçosa,Júlia Mollá,julia molla,-20.7548647,-42.8785737,brasil_aberto,True
MG,3171303,Viçosa,Liberdade 1,liberdade 1,-19.77848816,-43.90029526,brasil_aberto,True
MG,3171303,Viçosa,Liberdade 2,liberdade 2,-20.7260638,-42.8631368,brasil_aberto,True
MG,3171303,Viçosa,Loteamento Jardim Europa,loteamento jardim europa,-20.747956,-42.8880882,brasil_aberto,True
MG,3171303,Viçosa,Lourdes,lourdes,-20.7582594,-42.8851576,brasil_aberto,True
MG,3171303,Viçosa,Maria Eugênia,maria eugenia,-20.7523098,-42.88876343,brasil_aberto,True
MG,3171303,Viçosa,Monte Verde,monte verde,-20.7548647,-42.8785737,brasil_aberto,True
MG,3171303,Viçosa,Morada do Sol II,morada do sol ii,-20.7483362,-42.8913927,brasil_aberto,True
MG,3171303,Viçosa,Nova Era,nova era,-20.73408508,-42.88479233,brasil_aberto,True
MG,3171303,Viçosa,Nova Viçosa,nova vicosa,-20.7723876,-42.899807,brasil_aberto,True
MG,3171303,Viçosa,Novo Silvestre,novo silvestre,-20.70265388,-42.86603928,brasil_aberto,True
MG,3171303,Viçosa,Parque do Ipê,parque do ipe,-20.7252495,-42.8707324,brasil_aberto,True
MG,3171303,Viçosa,Paula,paula,-20.7012737,-42.8527374,brasil_aberto,True
MG,3171303,Viçosa,Prefeito Moacir Andrade,prefeito moacir andrade,-20.7675914,-42.8854298,brasil_aberto,True
MG,3171303,Viçosa,Quintas Guimarães Ferreira,quintas guimaraes ferreira,-20.7787911,-42.8786487,brasil_aberto,True
MG,3171303,Viçosa,Ramos,ramos,-20.75806046,-42.88028336,brasil_aberto,True
MG,3171303,Viçosa,Recanto da Serra,recanto da serra,-20.73483086,-42.85996628,brasil_aberto,True
MG,3171303,Viçosa,Residencial Silvestre,residencial silvestre,-20.7259003,-42.8790354,brasil_aberto,True
MG,3171303,Viçosa,Romão dos Reis,romao dos reis,-20.7809391,-42.8834343,brasil_aberto,True
MG,3171303,Viçosa,Rua Nova,rua nova,-20.7809391,-42.8834343,brasil_aberto,True
MG,3171303,Viçosa,Sagrada Família,sagrada familia,-20.77139473,-42.88671112,brasil_aberto,True
MG,3171303,Viçosa,Sagrados Corações,sagrados coracoes,-20.7508342,-42.8811781,brasil_aberto,True
MG,3171303,Viçosa,Santa Clara,santa clara,-18.88995361,-48.26036835,brasil_aberto,True
MG,3171303,Viçosa,Santo Antônio,santo antonio,-20.7507735,-42.8700132,brasil_aberto,True
MG,3171303,Viçosa,Silvestre,silvestre,-20.72655678,-42.86506653,brasil_aberto,True
MG,3171303,Viçosa,São Francisco de Assis,sao francisco de assis,-21.74366951,-43.35655594,brasil_aberto,True
MG,3171303,Viçosa,São José,sao jose,-20.7383732,-42.8790868,brasil_aberto,True
MG,3171303,Viçosa,São José do Triunfo,sao jose do triunfo,-20.74973679,-42.82535934,brasil_aberto,True
MG,3171303,Viçosa,São Sebastião,sao sebastiao,-20.74702263,-42.88561249,brasil_aberto,True
MG,3171303,Viçosa,União,uniao,-20.7468051,-42.8831851,brasil_aberto,True
MG,3171303,Viçosa,Vale do Sol,vale do sol,-20.7458316,-42.8821467,brasil_aberto,True
MG,3171303,Viçosa,Vau Açu,vau acu,-20.7256104,-42.8789832,brasil_aberto,True
MG,3171303,Viçosa,Vereda do Bosque,vereda do bosque,-20.7534201,-42.8780902,brasil_aberto,True
MG,3171303,Viçosa,Vila Alves,vila alves,-20.7561451,-42.8800278,brasil_aberto,True
MG,3171303,Viçosa,Violeira,violeira,,,brasil_aberto,True
MG,3171303,Viçosa,Área Rural de Viçosa,area rural de vicosa,-20.7561451,-42.8800278,brasil_aberto,True
MG,3172103,Volta Grande,Centro,centro,-21.7711497,-42.5411966,brasil_aberto,True
MG,3172103,Volta Grande,Trimonte,trimonte,-21.71383667,-42.59084702,brasil_aberto,True
MG,3170800,Várzea da Palma,Buritis das Mulatas,buritis das mulatas,-17.492353,-44.776155,brasil_aberto,True
MG,3170800,Várzea da Palma,Centro,centro,-17.59825706,-44.72758865,brasil_aberto,True
MG,3170800,Várzea da Palma,Guaicui,guaicui,-17.20024681,-44.8177681,brasil_aberto,True
MG,3172202,Wenceslau Braz,Centro,centro,-23.871292,-49.8021311,brasil_aberto,True
MG,3172202,Wenceslau Braz,Itererê,iterere,-22.58699226,-45.42156601,brasil_aberto,True
MG,3100609,Água Boa,Centro,centro,-14.0488415,-52.1582087,brasil_aberto,True
MG,3100609,Água Boa,Palmeiras do Resplendor,palmeiras do resplendor,-17.80208206,-42.4146843,brasil_aberto,True
MG,3100708,Água Comprida,Centro,centro,-20.05876732,-48.10603333,brasil_aberto,True
MG,3100906,Águas Formosas,Centro,centro,-17.08189964,-40.93951416,brasil_aberto,True
MG,3100906,Águas Formosas,Água Quente,agua quente,-17.0914035,-41.0797172,brasil_aberto,True
MG,3101003,Águas Vermelhas,Campo Novo,campo novo,-15.5493536,-41.54109955,brasil_aberto,True
MG,3101003,Águas Vermelhas,Centro,centro,-15.7440736,-41.4571936,brasil_aberto,True
MG,3101003,Águas Vermelhas,Itamarati,itamarati,-15.5555951,-41.3811577,brasil_aberto,True
MG,3101003,Águas Vermelhas,Machado Mineiro,machado mineiro,-15.52330875,-41.49905396,brasil_aberto,True
MG,3101003,Águas Vermelhas,Mocó,moco,,,brasil_aberto,True
