Uf,CityIbgeCode,City,Neighborhood,NormalizedName,Latitude,Longitude,Source,IsActive
PR,4100103,Abatiá,Centro,centro,-23.3020244,-50.3115629,brasil_aberto,True
PR,4100202,Adrianópolis,Centro,centro,-24.6627432,-48.9910185,brasil_aberto,True
PR,4100202,Adrianópolis,Vila Mota,vila mota,,,brasil_aberto,True
PR,4100301,Agudos do Sul,Centro,centro,-25.9895085,-49.3331198,brasil_aberto,True
PR,4100301,Agudos do Sul,Colônia Padre Paulo,colonia padre paulo,-26.1029616,-49.30964119999999,brasil_aberto,True
PR,4100301,Agudos do Sul,Leão,leao,,,brasil_aberto,True
PR,4100400,Almirante Tamandaré,Areias,areias,-25.2515707,-49.3001929,brasil_aberto,True
PR,4100400,Almirante Tamandaré,Betaras,betaras,-25.3128146,-49.299609,brasil_aberto,True
PR,4100400,Almirante Tamandaré,Boichininga,boichininga,,,brasil_aberto,True
PR,4100400,Almirante Tamandaré,Bonfim,bonfim,-25.3419146,-49.28631619999999,brasil_aberto,True
PR,4100400,Almirante Tamandaré,Botiatuba,botiatuba,-25.3268487,-49.3160812,brasil_aberto,True
PR,4100400,Almirante Tamandaré,Cachoeira,cachoeira,-25.3423624,-49.2698572,brasil_aberto,True
PR,4100400,Almirante Tamandaré,Campina do Arruda,campina do arruda,-25.3469796,-49.2466717,brasil_aberto,True
PR,4100400,Almirante Tamandaré,Campo Grande,campo grande,-25.2535377,-49.3338626,brasil_aberto,True
PR,4100400,Almirante Tamandaré,Capivara,capivara,-25.3128146,-49.299609,brasil_aberto,True
PR,4100400,Almirante Tamandaré,Centro,centro,-25.3087558,-49.2969368,brasil_aberto,True
PR,4100400,Almirante Tamandaré,Colonia Santa Gabriela,colonia santa gabriela,-25.3666121,-49.29598,brasil_aberto,True
PR,4100400,Almirante Tamandaré,Colônia Antônio Prado,colonia antonio prado,-25.3178062,-49.2672275,brasil_aberto,True
PR,4100400,Almirante Tamandaré,Colônia São Venâncio,colonia sao venancio,-25.3332186,-49.2670354,brasil_aberto,True
PR,4100400,Almirante Tamandaré,Jardim Alvorada,jardim alvorada,-25.3390357,-49.2460906,brasil_aberto,True
PR,4100400,Almirante Tamandaré,Jardim Alvorada II,jardim alvorada ii,-25.3393143,-49.2453774,brasil_aberto,True
PR,4100400,Almirante Tamandaré,Jardim Anita Garibaldi,jardim anita garibaldi,-25.3253362,-49.2684551,brasil_aberto,True
PR,4100400,Almirante Tamandaré,Jardim Apucarana,jardim apucarana,-25.340539,-49.2484903,brasil_aberto,True
PR,4100400,Almirante Tamandaré,Jardim Bela Vista,jardim bela vista,-25.2914249,-49.2866779,brasil_aberto,True
PR,4100400,Almirante Tamandaré,Jardim Benfica,jardim benfica,-25.3445291,-49.2524619,brasil_aberto,True
PR,4100400,Almirante Tamandaré,Jardim Campo Verde,jardim campo verde,-25.3129032,-49.2796908,brasil_aberto,True
PR,4100400,Almirante Tamandaré,Jardim Colonial,jardim colonial,-25.3188751,-49.2987308,brasil_aberto,True
PR,4100400,Almirante Tamandaré,Jardim Dona Luiza,jardim dona luiza,-25.345192,-49.2762453,brasil_aberto,True
PR,4100400,Almirante Tamandaré,Jardim Giannini,jardim giannini,,,brasil_aberto,True
PR,4100400,Almirante Tamandaré,Jardim Kokot,jardim kokot,-25.3375534,-49.2491709,brasil_aberto,True
PR,4100400,Almirante Tamandaré,Jardim Marambaia,jardim marambaia,-25.3611085,-49.2113123,brasil_aberto,True
PR,4100400,Almirante Tamandaré,Jardim Monte Santo,jardim monte santo,-25.3146459,-49.2884761,brasil_aberto,True
PR,4100400,Almirante Tamandaré,Jardim Naturama,jardim naturama,-25.3385588,-49.2519318,brasil_aberto,True
PR,4100400,Almirante Tamandaré,Jardim Novo Horizonte da Cachoeira,jardim novo horizonte da cachoeira,,,brasil_aberto,True
PR,4100400,Almirante Tamandaré,Jardim Rafaela,jardim rafaela,-25.3175012,-49.3011827,brasil_aberto,True
PR,4100400,Almirante Tamandaré,Jardim Roma,jardim roma,-25.3317689,-49.2708879,brasil_aberto,True
PR,4100400,Almirante Tamandaré,Jardim Rosana,jardim rosana,,,brasil_aberto,True
PR,4100400,Almirante Tamandaré,Jardim Santo Antônio,jardim santo antonio,-25.3354314,-49.2631204,brasil_aberto,True
PR,4100400,Almirante Tamandaré,Jardim São Domingos,jardim sao domingos,-25.3175982,-49.2961176,brasil_aberto,True
PR,4100400,Almirante Tamandaré,Jardim São Francisco,jardim sao francisco,-25.3110191,-49.283602,brasil_aberto,True
PR,4100400,Almirante Tamandaré,Jardim São José,jardim sao jose,-25.3107879,-49.30256670000001,brasil_aberto,True
PR,4100400,Almirante Tamandaré,Jardim Tamboara,jardim tamboara,-25.3462914,-49.2534756,brasil_aberto,True
PR,4100400,Almirante Tamandaré,Jardim Tatiana,jardim tatiana,-25.3258522,-49.2766567,brasil_aberto,True
PR,4100400,Almirante Tamandaré,Jardim das Oliveiras,jardim das oliveiras,-25.3247633,-49.2766958,brasil_aberto,True
PR,4100400,Almirante Tamandaré,Jardim do Norte,jardim do norte,-25.3181582,-49.298694,brasil_aberto,True
PR,4100400,Almirante Tamandaré,Jardim do Rocio,jardim do rocio,,,brasil_aberto,True
PR,4100400,Almirante Tamandaré,Jardim Água Boa,jardim agua boa,-25.3128146,-49.299609,brasil_aberto,True
PR,4100400,Almirante Tamandaré,Lamenha Grande,lamenha grande,-25.3476048,-49.3048601,brasil_aberto,True
PR,4100400,Almirante Tamandaré,Lamenha Pequena,lamenha pequena,-25.3747631,-49.3184897,brasil_aberto,True
PR,4100400,Almirante Tamandaré,Loteamento Chico Mendes,loteamento chico mendes,-25.3238649,-49.2722905,brasil_aberto,True
PR,4100400,Almirante Tamandaré,Loteamento Industrial,loteamento industrial,-25.3341791,-49.2556211,brasil_aberto,True
PR,4100400,Almirante Tamandaré,Loteamento Maria Cláudia,loteamento maria claudia,-25.3027379,-49.3002498,brasil_aberto,True
PR,4100400,Almirante Tamandaré,Loteamento Marinoni,loteamento marinoni,-25.3758793,-49.3120669,brasil_aberto,True
PR,4100400,Almirante Tamandaré,Loteamento Montparnasse,loteamento montparnasse,-25.3805228,-49.3100635,brasil_aberto,True
PR,4100400,Almirante Tamandaré,Loteamento Nova Morada,loteamento nova morada,-25.3424954,-49.2499862,brasil_aberto,True
PR,4100400,Almirante Tamandaré,Mato Dentro,mato dentro,-25.2930459,-49.3051546,brasil_aberto,True
PR,4100400,Almirante Tamandaré,Meia-Lua,meia-lua,-25.3128146,-49.299609,brasil_aberto,True
PR,4100400,Almirante Tamandaré,Morro Azul,morro azul,-25.2704319,-49.3320184,brasil_aberto,True
PR,4100400,Almirante Tamandaré,Pacotuba,pacotuba,-25.2981258,-49.305458,brasil_aberto,True
PR,4100400,Almirante Tamandaré,Parque São Jorge,parque sao jorge,-25.3352692,-49.2810151,brasil_aberto,True
PR,4100400,Almirante Tamandaré,Planta Almirante,planta almirante,-25.3707996,-49.3100802,brasil_aberto,True
PR,4100400,Almirante Tamandaré,Restinga Seca,restinga seca,-25.315138,-49.3126034,brasil_aberto,True
PR,4100400,Almirante Tamandaré,Sumidouro,sumidouro,-25.3024985,-49.290788,brasil_aberto,True
PR,4100400,Almirante Tamandaré,São Miguel,sao miguel,-25.3411488,-49.3219729,brasil_aberto,True
PR,4100400,Almirante Tamandaré,Tanguá,tangua,-25.3789161,-49.3007922,brasil_aberto,True
PR,4100400,Almirante Tamandaré,Tijuco Preto,tijuco preto,-25.3128146,-49.299609,brasil_aberto,True
PR,4100400,Almirante Tamandaré,Tranqueira,tranqueira,-25.2548134,-49.3123415,brasil_aberto,True
PR,4100400,Almirante Tamandaré,Venda Velha,venda velha,-25.2609135,-49.3006573,brasil_aberto,True
PR,4100400,Almirante Tamandaré,Vila Alto Pinheiros,vila alto pinheiros,-25.3228283,-49.2814034,brasil_aberto,True
PR,4100400,Almirante Tamandaré,Vila Bela Vista,vila bela vista,-25.289898,-49.2897677,brasil_aberto,True
PR,4100400,Almirante Tamandaré,Vila Emerentina,vila emerentina,-25.3450137,-49.2491848,brasil_aberto,True
PR,4100400,Almirante Tamandaré,Vila Grécia,vila grecia,-25.3206704,-49.2755137,brasil_aberto,True
PR,4100400,Almirante Tamandaré,Vila Otília,vila otilia,-25.3463479,-49.2692675,brasil_aberto,True
PR,4100400,Almirante Tamandaré,Vila Rachel,vila rachel,-25.3161791,-49.2992899,brasil_aberto,True
PR,4100400,Almirante Tamandaré,Vila Santa Terezinha,vila santa terezinha,-25.3126237,-49.3017988,brasil_aberto,True
PR,4100400,Almirante Tamandaré,Vila São Pedro,vila sao pedro,-25.3420215,-49.2530554,brasil_aberto,True
PR,4100400,Almirante Tamandaré,Vila Tefé,vila tefe,-25.3273325,-49.28794540000001,brasil_aberto,True
PR,4100400,Almirante Tamandaré,Vila da Glória,vila da gloria,-25.3405635,-49.2474388,brasil_aberto,True
PR,4100400,Almirante Tamandaré,Área Rural de Almirante Tamandaré,area rural de almirante tamandare,-25.3128138,-49.299585,brasil_aberto,True
PR,4100459,Altamira do Paraná,Centro,centro,,,brasil_aberto,True
PR,4100608,Alto Paraná,Centro,centro,-24.3207058,-50.6126804,brasil_aberto,True
PR,4100608,Alto Paraná,Maristela,maristela,-23.1288181,-52.2956229,brasil_aberto,True
PR,4100608,Alto Paraná,Santa Maria,santa maria,-22.9723401,-52.3088039,brasil_aberto,True
PR,4128625,Alto Paraíso,Centro,centro,-9.7200895,-63.3190408,brasil_aberto,True
PR,4100707,Alto Piquiri,Centro,centro,-24.0264884,-53.4419045,brasil_aberto,True
PR,4100707,Alto Piquiri,Mirante do Piquiri,mirante do piquiri,-24.2016913,-53.3917593,brasil_aberto,True
PR,4100707,Alto Piquiri,Paulistânia,paulistania,-24.1554469,-53.3740026,brasil_aberto,True
PR,4100707,Alto Piquiri,Saltinho do Oeste,saltinho do oeste,-23.9378764,-53.41630869999999,brasil_aberto,True
PR,4100509,Altônia,Centro,centro,-23.8728575,-53.8931585,brasil_aberto,True
PR,4100509,Altônia,Jardim Paredão,jardim paredao,-23.9520489,-53.9482191,brasil_aberto,True
PR,4100509,Altônia,São João,sao joao,-23.9150733,-53.80202360000001,brasil_aberto,True
PR,4100806,Alvorada do Sul,Centro,centro,-22.7809168,-51.2198004,brasil_aberto,True
PR,4100806,Alvorada do Sul,Esperança do Norte,esperanca do norte,-22.7190337,-51.2866058,brasil_aberto,True
PR,4100905,Amaporã,Centro,centro,-23.1018508,-52.7740938,brasil_aberto,True
PR,4100905,Amaporã,Nordestina,nordestina,-23.2075599,-52.8527002,brasil_aberto,True
PR,4101002,Ampére,Centro,centro,,,brasil_aberto,True
PR,4101002,Ampére,São Pedro,sao pedro,-25.8430698,-53.5518376,brasil_aberto,True
PR,4101002,Ampére,São Salvador,sao salvador,-25.9198002,-53.473153,brasil_aberto,True
PR,4101051,Anahy,Centro,centro,,,brasil_aberto,True
PR,4101101,Andirá,Centro,centro,-23.0479433,-50.2318242,brasil_aberto,True
PR,4101101,Andirá,Nossa Senhora Aparecida,nossa senhora aparecida,-22.966178,-50.268542,brasil_aberto,True
PR,4101200,Antonina,Bairro Alto,bairro alto,-25.2312576,-48.7508424,brasil_aberto,True
PR,4101200,Antonina,Barigui,barigui,-25.4333598,-48.7410114,brasil_aberto,True
PR,4101200,Antonina,Cacatu,cacatu,-25.4327665,-48.7162332,brasil_aberto,True
PR,4101200,Antonina,Cachoeira de Cima,cachoeira de cima,-25.2321391,-48.7598739,brasil_aberto,True
PR,4101200,Antonina,Centro,centro,-25.430311,-48.7119372,brasil_aberto,True
PR,4101200,Antonina,Ponta da Pita,ponta da pita,-25.4516446,-48.6853063,brasil_aberto,True
PR,4101200,Antonina,Rio do Cedro,rio do cedro,-25.3813193,-48.6114366,brasil_aberto,True
PR,4101309,Antônio Olinto,Butiá,butia,-25.9909286,-50.0297796,brasil_aberto,True
PR,4101309,Antônio Olinto,Centro,centro,,,brasil_aberto,True
PR,4101309,Antônio Olinto,Imbuial,imbuial,,,brasil_aberto,True
PR,4101309,Antônio Olinto,Lagoa da Cruz,lagoa da cruz,,,brasil_aberto,True
PR,4101309,Antônio Olinto,Lavador,lavador,-25.992385,-50.1196615,brasil_aberto,True
PR,4101309,Antônio Olinto,Água Amarela de Baixo,agua amarela de baixo,,,brasil_aberto,True
PR,4101309,Antônio Olinto,Água Amarela de Cima,agua amarela de cima,,,brasil_aberto,True
PR,4101408,Apucarana,Barra Funda,barra funda,-23.5537377,-51.4698019,brasil_aberto,True
PR,4101408,Apucarana,Barreiros,barreiros,-23.5125802,-51.4962566,brasil_aberto,True
PR,4101408,Apucarana,Centro,centro,-23.5557981,-51.4678798,brasil_aberto,True
PR,4101408,Apucarana,Chácara Mate Amargo,chacara mate amargo,-23.5222377,-51.4558935,brasil_aberto,True
PR,4101408,Apucarana,Cidade Educação,cidade educacao,-23.5290584,-51.4336948,brasil_aberto,True
PR,4101408,Apucarana,Cidade Industrial de Apucarana,cidade industrial de apucarana,-23.5819426,-51.4118011,brasil_aberto,True
PR,4101408,Apucarana,Cidade do Trabalho - IBC,cidade do trabalho - ibc,-23.5547837,-51.440011,brasil_aberto,True
PR,4101408,Apucarana,Colônia dos Novos Produtores,colonia dos novos produtores,-23.5418118,-51.4812753,brasil_aberto,True
PR,4101408,Apucarana,Condomínio Industrial Eco Park,condominio industrial eco park,,,brasil_aberto,True
PR,4101408,Apucarana,Conjunto Habitacional Solo Sagrado,conjunto habitacional solo sagrado,-23.5169052,-51.41964429999999,brasil_aberto,True
PR,4101408,Apucarana,Conjunto Habitacional Sumatra,conjunto habitacional sumatra,-23.5551557,-51.4110374,brasil_aberto,True
PR,4101408,Apucarana,Correia de Freitas,correia de freitas,-23.6127236,-51.34692980000001,brasil_aberto,True
PR,4101408,Apucarana,Gleba Nova Ucrania,gleba nova ucrania,,,brasil_aberto,True
PR,4101408,Apucarana,Jardim Aclimação,jardim aclimacao,-23.5592303,-51.446433,brasil_aberto,True
PR,4101408,Apucarana,Jardim Aeroporto,jardim aeroporto,-23.5533477,-51.4226442,brasil_aberto,True
PR,4101408,Apucarana,Jardim Albino Biachi,jardim albino biachi,-23.56199,-51.4672776,brasil_aberto,True
PR,4101408,Apucarana,Jardim Alvorada,jardim alvorada,-23.5365739,-51.4445261,brasil_aberto,True
PR,4101408,Apucarana,Jardim Amizade,jardim amizade,-23.5434691,-51.4376943,brasil_aberto,True
PR,4101408,Apucarana,Jardim América,jardim america,-23.5441285,-51.4441935,brasil_aberto,True
PR,4101408,Apucarana,Jardim Apucarana,jardim apucarana,-23.5468773,-51.4490728,brasil_aberto,True
PR,4101408,Apucarana,Jardim Aviação,jardim aviacao,-23.5557767,-51.4164637,brasil_aberto,True
PR,4101408,Apucarana,Jardim Bela Vista,jardim bela vista,-23.5590443,-51.4413335,brasil_aberto,True
PR,4101408,Apucarana,Jardim Catuaí,jardim catuai,-23.5801593,-51.457165,brasil_aberto,True
PR,4101408,Apucarana,Jardim Catuaí III,jardim catuai iii,-23.5827565,-51.4602027,brasil_aberto,True
PR,4101408,Apucarana,Jardim Celmira,jardim celmira,-23.5579218,-51.4511091,brasil_aberto,True
PR,4101408,Apucarana,Jardim Cidade Alta,jardim cidade alta,-23.533847,-51.4626159,brasil_aberto,True
PR,4101408,Apucarana,Jardim Colonial II,jardim colonial ii,-23.550329,-51.4159095,brasil_aberto,True
PR,4101408,Apucarana,Jardim Curitiba,jardim curitiba,-23.5525322,-51.4638893,brasil_aberto,True
PR,4101408,Apucarana,Jardim Diamantina,jardim diamantina,-23.5377703,-51.4560085,brasil_aberto,True
PR,4101408,Apucarana,Jardim Eldorado,jardim eldorado,-23.5740707,-51.4639615,brasil_aberto,True
PR,4101408,Apucarana,Jardim Espanha,jardim espanha,-23.5641463,-51.4811172,brasil_aberto,True
PR,4101408,Apucarana,Jardim Esperança,jardim esperanca,-23.5763779,-51.4501515,brasil_aberto,True
PR,4101408,Apucarana,Jardim Europa,jardim europa,-23.5662943,-51.4784869,brasil_aberto,True
PR,4101408,Apucarana,Jardim Figueira,jardim figueira,-23.5645707,-51.4550562,brasil_aberto,True
PR,4101408,Apucarana,Jardim Flamingos,jardim flamingos,-23.5643907,-51.4414695,brasil_aberto,True
PR,4101408,Apucarana,Jardim Guanabara,jardim guanabara,-23.5653876,-51.4567185,brasil_aberto,True
PR,4101408,Apucarana,Jardim Guarujá,jardim guaruja,-23.5518816,-51.4364342,brasil_aberto,True
PR,4101408,Apucarana,Jardim Iguatemi,jardim iguatemi,-23.5723908,-51.4521725,brasil_aberto,True
PR,4101408,Apucarana,Jardim Independência,jardim independencia,-23.5602954,-51.4380848,brasil_aberto,True
PR,4101408,Apucarana,Jardim Kiri,jardim kiri,-23.5744637,-51.4600176,brasil_aberto,True
PR,4101408,Apucarana,Jardim Laranjeiras,jardim laranjeiras,-23.5631036,-51.4444257,brasil_aberto,True
PR,4101408,Apucarana,Jardim Marabá,jardim maraba,-23.5575436,-51.4504494,brasil_aberto,True
PR,4101408,Apucarana,Jardim Marissol,jardim marissol,-23.5440769,-51.428716,brasil_aberto,True
PR,4101408,Apucarana,Jardim Marissol II,jardim marissol ii,-23.5410841,-51.4285406,brasil_aberto,True
PR,4101408,Apucarana,Jardim Menegazzo,jardim menegazzo,-23.5649865,-51.4777812,brasil_aberto,True
PR,4101408,Apucarana,Jardim Monções,jardim moncoes,-23.551968,-51.4441254,brasil_aberto,True
PR,4101408,Apucarana,Jardim Morada do Sol,jardim morada do sol,-23.5632715,-51.446359,brasil_aberto,True
PR,4101408,Apucarana,Jardim Morumbi,jardim morumbi,-23.566529,-51.4610403,brasil_aberto,True
PR,4101408,Apucarana,Jardim Ouro Verde,jardim ouro verde,-23.5345346,-51.4447402,brasil_aberto,True
PR,4101408,Apucarana,Jardim Paineiras I,jardim paineiras i,-23.5626036,-51.4839508,brasil_aberto,True
PR,4101408,Apucarana,Jardim Paraíso,jardim paraiso,-23.5483283,-51.4312638,brasil_aberto,True
PR,4101408,Apucarana,Jardim Paulista,jardim paulista,-23.5600731,-51.4498528,brasil_aberto,True
PR,4101408,Apucarana,Jardim Pinheiros,jardim pinheiros,-23.5239584,-51.452149,brasil_aberto,True
PR,4101408,Apucarana,Jardim Ponta Grossa,jardim ponta grossa,-23.5382279,-51.4444361,brasil_aberto,True
PR,4101408,Apucarana,Jardim Portal do Lago,jardim portal do lago,-23.562281,-51.4801189,brasil_aberto,True
PR,4101408,Apucarana,Jardim Presidente Kennedy,jardim presidente kennedy,-23.5642171,-51.4521205,brasil_aberto,True
PR,4101408,Apucarana,Jardim Primavera,jardim primavera,-23.3959821,-51.4528655,brasil_aberto,True
PR,4101408,Apucarana,Jardim Recanto dos Palmares,jardim recanto dos palmares,-23.5259125,-51.4613538,brasil_aberto,True
PR,4101408,Apucarana,Jardim Residencial Franca,jardim residencial franca,-23.5531535,-51.4859485,brasil_aberto,True
PR,4101408,Apucarana,Jardim Residencial Garcia,jardim residencial garcia,-23.5456416,-51.4314191,brasil_aberto,True
PR,4101408,Apucarana,Jardim Santiago,jardim santiago,-23.5468906,-51.4132579,brasil_aberto,True
PR,4101408,Apucarana,Jardim Santos Dumont I,jardim santos dumont i,-23.5508424,-51.4104936,brasil_aberto,True
PR,4101408,Apucarana,Jardim Santos Dumont III,jardim santos dumont iii,-23.5560743,-51.4122273,brasil_aberto,True
PR,4101408,Apucarana,Jardim São Pedro,jardim sao pedro,-23.562134,-51.4539363,brasil_aberto,True
PR,4101408,Apucarana,Jardim Tarobá,jardim taroba,-23.5638575,-51.428825,brasil_aberto,True
PR,4101408,Apucarana,Jardim Tibagi,jardim tibagi,-23.5614898,-51.4280299,brasil_aberto,True
PR,4101408,Apucarana,Jardim Trabalhista,jardim trabalhista,-23.553514,-51.4408062,brasil_aberto,True
PR,4101408,Apucarana,Jardim Vale do Sol,jardim vale do sol,-23.5422423,-51.4602227,brasil_aberto,True
PR,4101408,Apucarana,Jardim das Flores I,jardim das flores i,-23.5687865,-51.4480838,brasil_aberto,True
PR,4101408,Apucarana,Jardim das Flores II,jardim das flores ii,-23.7906997,-53.0515677,brasil_aberto,True
PR,4101408,Apucarana,Jardim das Flores III,jardim das flores iii,-23.5692388,-51.4492752,brasil_aberto,True
PR,4101408,Apucarana,Jardim das Flores V,jardim das flores v,-23.5708024,-51.447609,brasil_aberto,True
PR,4101408,Apucarana,Loteamento Belvedere,loteamento belvedere,-23.5667097,-51.4183343,brasil_aberto,True
PR,4101408,Apucarana,Loteamento Biguaçu,loteamento biguacu,-23.5582478,-51.4526207,brasil_aberto,True
PR,4101408,Apucarana,Loteamento Central,loteamento central,-23.5494949,-51.4392461,brasil_aberto,True
PR,4101408,Apucarana,Loteamento Domício Scaramello,loteamento domicio scaramello,-23.5388903,-51.4469804,brasil_aberto,True
PR,4101408,Apucarana,Loteamento Industrial Leomil,loteamento industrial leomil,-23.5637356,-51.4891228,brasil_aberto,True
PR,4101408,Apucarana,Loteamento Jardim Gramados,loteamento jardim gramados,-23.5558716,-51.4862297,brasil_aberto,True
PR,4101408,Apucarana,Loteamento Jardim Por do Sol,loteamento jardim por do sol,-23.5431931,-51.46476209999999,brasil_aberto,True
PR,4101408,Apucarana,Loteamento Monte Belo,loteamento monte belo,-23.5505447,-51.431026,brasil_aberto,True
PR,4101408,Apucarana,Loteamento Recanto do Lago II,loteamento recanto do lago ii,-23.4112397,-51.4438196,brasil_aberto,True
PR,4101408,Apucarana,Loteamento Residencial Bela Suiça,loteamento residencial bela suica,-23.5662918,-51.4839123,brasil_aberto,True
PR,4101408,Apucarana,Loteamento Residencial Cazarin,loteamento residencial cazarin,-23.5716073,-51.4667389,brasil_aberto,True
PR,4101408,Apucarana,Loteamento Residencial Celso Marchi,loteamento residencial celso marchi,-23.5302841,-51.4301415,brasil_aberto,True
PR,4101408,Apucarana,Loteamento Residencial Florais Do Lago,loteamento residencial florais do lago,-23.5783304,-51.4711772,brasil_aberto,True
PR,4101408,Apucarana,Loteamento Residencial Jardim Texas,loteamento residencial jardim texas,-23.5525322,-51.4638893,brasil_aberto,True
PR,4101408,Apucarana,Loteamento Residencial Jaçanã,loteamento residencial jacana,-23.5462036,-51.4103246,brasil_aberto,True
PR,4101408,Apucarana,Loteamento Residencial Miguel Sochacki,loteamento residencial miguel sochacki,-23.5687505,-51.4621682,brasil_aberto,True
PR,4101408,Apucarana,Loteamento Residencial Miriam,loteamento residencial miriam,-23.5652666,-51.4344055,brasil_aberto,True
PR,4101408,Apucarana,Loteamento Residencial Monte Sião,loteamento residencial monte siao,-23.5716738,-51.424158,brasil_aberto,True
PR,4101408,Apucarana,Loteamento Residencial Orlando Bacarin,loteamento residencial orlando bacarin,-23.542807,-51.4827832,brasil_aberto,True
PR,4101408,Apucarana,Loteamento Residencial Ouro Fino,loteamento residencial ouro fino,-23.5365628,-51.4338451,brasil_aberto,True
PR,4101408,Apucarana,Loteamento Residencial Parque da Raposa II,loteamento residencial parque da raposa ii,-23.5477408,-51.4208267,brasil_aberto,True
PR,4101408,Apucarana,Loteamento Residencial Santo Expedito I,loteamento residencial santo expedito i,-23.5689268,-51.4627561,brasil_aberto,True
PR,4101408,Apucarana,Loteamento Residencial Tami,loteamento residencial tami,-23.5267371,-51.4483966,brasil_aberto,True
PR,4101408,Apucarana,Loteamento Residencial Três Reis,loteamento residencial tres reis,-23.521383,-51.4245645,brasil_aberto,True
PR,4101408,Apucarana,Loteamento Residencial Uirapuru,loteamento residencial uirapuru,-23.5266277,-51.4542358,brasil_aberto,True
PR,4101408,Apucarana,Loteamento Residencial Veneza,loteamento residencial veneza,-23.5525322,-51.4638893,brasil_aberto,True
PR,4101408,Apucarana,Loteamento Residencial Villágio Di Roma,loteamento residencial villagio di roma,-23.5642403,-51.4356307,brasil_aberto,True
PR,4101408,Apucarana,Loteamento Sanches dos Santos,loteamento sanches dos santos,-23.5246897,-51.4306149,brasil_aberto,True
PR,4101408,Apucarana,Loteamento Santa Cândida,loteamento santa candida,-23.5690096,-51.4603596,brasil_aberto,True
PR,4101408,Apucarana,Loteamento Santa Maria,loteamento santa maria,-23.5644492,-51.4118606,brasil_aberto,True
PR,4101408,Apucarana,Loteamento Santo Expedito II,loteamento santo expedito ii,-23.5710125,-51.4624665,brasil_aberto,True
PR,4101408,Apucarana,Loteamento Sol Nascente,loteamento sol nascente,-23.5516006,-51.4904101,brasil_aberto,True
PR,4101408,Apucarana,Loteamento São Geraldo,loteamento sao geraldo,-23.5578183,-51.4559762,brasil_aberto,True
PR,4101408,Apucarana,Loteamento São Sebastião,loteamento sao sebastiao,-23.5582074,-51.4538563,brasil_aberto,True
PR,4101408,Apucarana,Loteamento Vila das Paineiras,loteamento vila das paineiras,-23.5623618,-51.4831959,brasil_aberto,True
PR,4101408,Apucarana,Mutirão Projeto Bóia Fria,mutirao projeto boia fria,-23.5324316,-51.4643742,brasil_aberto,True
PR,4101408,Apucarana,Núcleo Habitacional Adriano Correia,nucleo habitacional adriano correia,-23.5723564,-51.4270383,brasil_aberto,True
PR,4101408,Apucarana,Núcleo Habitacional Afonso Alves de Camargo,nucleo habitacional afonso alves de camargo,-23.528001,-51.4578134,brasil_aberto,True
PR,4101408,Apucarana,Núcleo Habitacional Castelo Branco,nucleo habitacional castelo branco,-23.55378,-51.4282026,brasil_aberto,True
PR,4101408,Apucarana,Núcleo Habitacional Colonial,nucleo habitacional colonial,-23.5522564,-51.4147691,brasil_aberto,True
PR,4101408,Apucarana,Núcleo Habitacional Djalma Mendes de Oliveira,nucleo habitacional djalma mendes de oliveira,-23.5287014,-51.4355123,brasil_aberto,True
PR,4101408,Apucarana,Núcleo Habitacional Dom Romeu Alberti,nucleo habitacional dom romeu alberti,-23.5288546,-51.438074,brasil_aberto,True
PR,4101408,Apucarana,Núcleo Habitacional Heitor S Pinheiro,nucleo habitacional heitor s pinheiro,-23.5271247,-51.4408022,brasil_aberto,True
PR,4101408,Apucarana,Núcleo Habitacional José Mercadante,nucleo habitacional jose mercadante,-23.5343754,-51.4485225,brasil_aberto,True
PR,4101408,Apucarana,Núcleo Habitacional João Goulart,nucleo habitacional joao goulart,-23.5443745,-51.4355518,brasil_aberto,True
PR,4101408,Apucarana,Núcleo Habitacional Marcos Freire,nucleo habitacional marcos freire,-23.5355265,-51.4383622,brasil_aberto,True
PR,4101408,Apucarana,Núcleo Habitacional Mathias Hoffman,nucleo habitacional mathias hoffman,-23.5345034,-51.4373719,brasil_aberto,True
PR,4101408,Apucarana,Núcleo Habitacional Michel Soni,nucleo habitacional michel soni,-23.5648263,-51.4266372,brasil_aberto,True
PR,4101408,Apucarana,Núcleo Habitacional Nossa Senhora Aparecida,nucleo habitacional nossa senhora aparecida,-23.5476231,-51.4722064,brasil_aberto,True
PR,4101408,Apucarana,Núcleo Habitacional Osmar G Freire,nucleo habitacional osmar g freire,-23.5596052,-51.4874827,brasil_aberto,True
PR,4101408,Apucarana,Núcleo Habitacional Papa João Paulo I,nucleo habitacional papa joao paulo i,-23.5551761,-51.4898857,brasil_aberto,True
PR,4101408,Apucarana,Núcleo Habitacional Parigot de Souza,nucleo habitacional parigot de souza,-23.5751202,-51.4586316,brasil_aberto,True
PR,4101408,Apucarana,Núcleo Habitacional Tancredo Neves,nucleo habitacional tancredo neves,-23.5475291,-51.4359202,brasil_aberto,True
PR,4101408,Apucarana,Núcleo Habitacional Vale Verde,nucleo habitacional vale verde,-23.5405126,-51.4324796,brasil_aberto,True
PR,4101408,Apucarana,Núcleo Habitacional da Fraternidade,nucleo habitacional da fraternidade,-23.5459456,-51.4691374,brasil_aberto,True
PR,4101408,Apucarana,Núcleo Habitacional das Indústrias,nucleo habitacional das industrias,-23.5224061,-51.4300197,brasil_aberto,True
PR,4101408,Apucarana,Parque Bela Vista,parque bela vista,-23.5345246,-51.4600794,brasil_aberto,True
PR,4101408,Apucarana,Parque Industrial Galan,parque industrial galan,-23.5463359,-51.4316147,brasil_aberto,True
PR,4101408,Apucarana,Parque Industrial Zona Norte,parque industrial zona norte,,,brasil_aberto,True
PR,4101408,Apucarana,Parque Industrial Zona Oeste,parque industrial zona oeste,-23.5895317,-51.4803748,brasil_aberto,True
PR,4101408,Apucarana,Parque Industrial Zona Oeste II,parque industrial zona oeste ii,-23.5673036,-51.4927497,brasil_aberto,True
PR,4101408,Apucarana,Parque Industrial Zona Sul,parque industrial zona sul,-23.5710125,-51.4624665,brasil_aberto,True
PR,4101408,Apucarana,Parque Industrial das Confecções Danilo Berté,parque industrial das confeccoes danilo berte,-23.5183099,-51.4350034,brasil_aberto,True
PR,4101408,Apucarana,Parque Residencial Milani,parque residencial milani,-23.5690222,-51.4451879,brasil_aberto,True
PR,4101408,Apucarana,Parque de Exposições,parque de exposicoes,-23.5253795,-51.447186,brasil_aberto,True
PR,4101408,Apucarana,Pinhalzinho,pinhalzinho,-23.5525322,-51.4638893,brasil_aberto,True
PR,4101408,Apucarana,Pirapó,pirapo,-23.5592285,-51.5393236,brasil_aberto,True
PR,4101408,Apucarana,Recanto Bom Retiro,recanto bom retiro,-23.5192969,-51.4444796,brasil_aberto,True
PR,4101408,Apucarana,Recanto Estoril,recanto estoril,-23.5633892,-51.4111072,brasil_aberto,True
PR,4101408,Apucarana,Recanto Mundo Novo,recanto mundo novo,-23.5361827,-51.4375513,brasil_aberto,True
PR,4101408,Apucarana,Recanto Residencial Ana Luísa,recanto residencial ana luisa,-23.5613054,-51.4316092,brasil_aberto,True
PR,4101408,Apucarana,Recanto das Araras,recanto das araras,-23.5398266,-51.4178351,brasil_aberto,True
PR,4101408,Apucarana,Recanto das Águas,recanto das aguas,-23.5773808,-51.4537167,brasil_aberto,True
PR,4101408,Apucarana,Residencial Araucária,residencial araucaria,-23.5287331,-51.4432994,brasil_aberto,True
PR,4101408,Apucarana,Residencial Casa Grande,residencial casa grande,-23.5183099,-51.4350034,brasil_aberto,True
PR,4101408,Apucarana,Residencial Interlagos,residencial interlagos,-23.5735785,-51.4835717,brasil_aberto,True
PR,4101408,Apucarana,Residencial Itália,residencial italia,-23.5248372,-51.445408,brasil_aberto,True
PR,4101408,Apucarana,Residencial Jaboti,residencial jaboti,-23.5614349,-51.4715881,brasil_aberto,True
PR,4101408,Apucarana,Residencial Mega Park,residencial mega park,-23.5298272,-51.4352494,brasil_aberto,True
PR,4101408,Apucarana,Residencial Parque da Raposa,residencial parque da raposa,-23.548944,-51.4258738,brasil_aberto,True
PR,4101408,Apucarana,Residencial Parque da Raposa III,residencial parque da raposa iii,-23.5467694,-51.4171269,brasil_aberto,True
PR,4101408,Apucarana,Residencial Rosa Cazarin,residencial rosa cazarin,-23.5754574,-51.4811784,brasil_aberto,True
PR,4101408,Apucarana,Residêncial Joaquim Vicente de Castro,residencial joaquim vicente de castro,-23.5294836,-51.4513952,brasil_aberto,True
PR,4101408,Apucarana,Solar de Toscana,solar de toscana,-23.565719,-51.4855174,brasil_aberto,True
PR,4101408,Apucarana,São Domingos,sao domingos,-23.6109765,-51.4657096,brasil_aberto,True
PR,4101408,Apucarana,São Pedro,sao pedro,-23.4814665,-51.5860137,brasil_aberto,True
PR,4101408,Apucarana,São Pedro da Taquara,sao pedro da taquara,-23.5525322,-51.4638893,brasil_aberto,True
PR,4101408,Apucarana,Vila Agari,vila agari,-23.5546439,-51.4508623,brasil_aberto,True
PR,4101408,Apucarana,Vila Apucaraninha,vila apucaraninha,-23.5466934,-51.4643833,brasil_aberto,True
PR,4101408,Apucarana,Vila Boa Vista,vila boa vista,-23.5716582,-51.4579502,brasil_aberto,True
PR,4101408,Apucarana,Vila Brasil,vila brasil,-23.5565743,-51.4666925,brasil_aberto,True
PR,4101408,Apucarana,Vila Bruna,vila bruna,-23.5645707,-51.4550562,brasil_aberto,True
PR,4101408,Apucarana,Vila Country Club,vila country club,-23.5582406,-51.4506376,brasil_aberto,True
PR,4101408,Apucarana,Vila Feliz,vila feliz,-23.5534843,-51.4501345,brasil_aberto,True
PR,4101408,Apucarana,Vila Flamboyant,vila flamboyant,-23.5472699,-51.4554152,brasil_aberto,True
PR,4101408,Apucarana,Vila Formosa,vila formosa,-23.5606581,-51.4635285,brasil_aberto,True
PR,4101408,Apucarana,Vila Franko,vila franko,-23.5606244,-51.461038,brasil_aberto,True
PR,4101408,Apucarana,Vila Isabel,vila isabel,-23.5548594,-51.451898,brasil_aberto,True
PR,4101408,Apucarana,Vila Ivone,vila ivone,-23.5455909,-51.4542774,brasil_aberto,True
PR,4101408,Apucarana,Vila Martins,vila martins,-23.5599883,-51.4761856,brasil_aberto,True
PR,4101408,Apucarana,Vila Minas Gerais,vila minas gerais,-23.552514,-51.446101,brasil_aberto,True
PR,4101408,Apucarana,Vila Monte Castelo,vila monte castelo,-23.5558817,-51.4497245,brasil_aberto,True
PR,4101408,Apucarana,Vila Nossa Senhora da Aparecida,vila nossa senhora da aparecida,-23.5704751,-51.4574048,brasil_aberto,True
PR,4101408,Apucarana,Vila Nossa Senhora da Conceição,vila nossa senhora da conceicao,-23.5935933,-51.4491341,brasil_aberto,True
PR,4101408,Apucarana,Vila Nova,vila nova,-23.5582357,-51.437313,brasil_aberto,True
PR,4101408,Apucarana,Vila Nova II,vila nova ii,-23.5568734,-51.4319738,brasil_aberto,True
PR,4101408,Apucarana,Vila Operária 1,vila operaria 1,-23.55454,-51.4529413,brasil_aberto,True
PR,4101408,Apucarana,Vila Operária 2,vila operaria 2,-23.5731052,-51.4589004,brasil_aberto,True
PR,4101408,Apucarana,Vila Operária Stabile,vila operaria stabile,-23.5614768,-51.4458581,brasil_aberto,True
PR,4101408,Apucarana,Vila Regina,vila regina,-23.5519376,-51.4781933,brasil_aberto,True
PR,4101408,Apucarana,Vila Reis,vila reis,-23.6119835,-51.4050269,brasil_aberto,True
PR,4101408,Apucarana,Vila Residencial Isabela,vila residencial isabela,-23.5610117,-51.4292613,brasil_aberto,True
PR,4101408,Apucarana,Vila Residencial Isabela II,vila residencial isabela ii,-23.5601345,-51.4240922,brasil_aberto,True
PR,4101408,Apucarana,Vila Residencial Malibu,vila residencial malibu,-23.5555796,-51.4427078,brasil_aberto,True
PR,4101408,Apucarana,Vila Rural Nova Ukrania,vila rural nova ukrania,-23.5866323,-51.4458886,brasil_aberto,True
PR,4101408,Apucarana,Vila Santa Helena,vila santa helena,-23.5752542,-51.4532694,brasil_aberto,True
PR,4101408,Apucarana,Vila Santa Lorena,vila santa lorena,-23.5630134,-51.443307,brasil_aberto,True
PR,4101408,Apucarana,Vila Santa Rosa,vila santa rosa,-23.5594647,-51.4439629,brasil_aberto,True
PR,4101408,Apucarana,Vila Santa Terezinha,vila santa terezinha,-23.5656945,-51.4610146,brasil_aberto,True
PR,4101408,Apucarana,Vila Shangri-La,vila shangri-la,-23.5605226,-51.4301087,brasil_aberto,True
PR,4101408,Apucarana,Vila Social,vila social,-23.5452691,-51.4566116,brasil_aberto,True
PR,4101408,Apucarana,Vila São Carlos,vila sao carlos,-23.5588461,-51.4772039,brasil_aberto,True
PR,4101408,Apucarana,Vila São Francisco,vila sao francisco,-23.5848446,-51.4117303,brasil_aberto,True
PR,4101408,Apucarana,Vila São Jerônimo,vila sao jeronimo,-23.5468329,-51.4662817,brasil_aberto,True
PR,4101408,Apucarana,Vila São Jorge,vila sao jorge,-23.5598704,-51.479242,brasil_aberto,True
PR,4101408,Apucarana,Vila São José,vila sao jose,-23.5498,-51.4550858,brasil_aberto,True
PR,4101408,Apucarana,Vila São José Bassa,vila sao jose bassa,-23.560995,-51.4521728,brasil_aberto,True
PR,4101408,Apucarana,Vila São Miguel,vila sao miguel,-23.5583413,-51.4408523,brasil_aberto,True
PR,4101408,Apucarana,Vila São Paulo,vila sao paulo,-23.5595078,-51.46158,brasil_aberto,True
PR,4101408,Apucarana,Vila Vera Cruz,vila vera cruz,-23.5455417,-51.4551766,brasil_aberto,True
PR,4101408,Apucarana,Vila Vitória,vila vitoria,-23.5576024,-51.4613212,brasil_aberto,True
PR,4101408,Apucarana,Vila Vitória Régia,vila vitoria regia,-23.5527729,-51.4815064,brasil_aberto,True
PR,4101408,Apucarana,Vila das Lebres,vila das lebres,-23.5599916,-51.4696986,brasil_aberto,True
PR,4101408,Apucarana,Vila do Colégio,vila do colegio,-23.5522137,-51.4495026,brasil_aberto,True
PR,4101408,Apucarana,Área Rural de Apucarana,area rural de apucarana,-23.5525322,-51.4638893,brasil_aberto,True
PR,4101507,Arapongas,Aricanduva,aricanduva,-23.4960804,-51.4246054,brasil_aberto,True
PR,4101507,Arapongas,Campinho,campinho,-23.4067735,-51.4475971,brasil_aberto,True
PR,4101507,Arapongas,Casa Família Arapongas I,casa familia arapongas i,-23.4561623,-51.4327208,brasil_aberto,True
PR,4101507,Arapongas,Casa Família Arapongas II,casa familia arapongas ii,-23.4531359,-51.4298791,brasil_aberto,True
PR,4101507,Arapongas,Casa Família Arapongas IV,casa familia arapongas iv,-23.4164996,-51.4592699,brasil_aberto,True
PR,4101507,Arapongas,Centro,centro,-23.4134809,-51.4276534,brasil_aberto,True
PR,4101507,Arapongas,Condomínio Residencial Italian Ville,condominio residencial italian ville,-23.3928898,-51.4426187,brasil_aberto,True
PR,4101507,Arapongas,Conjunto Centauro,conjunto centauro,-23.4072129,-51.4511551,brasil_aberto,True
PR,4101507,Arapongas,Conjunto Del Condor,conjunto del condor,-23.389412,-51.418534,brasil_aberto,True
PR,4101507,Arapongas,Conjunto Flamingos,conjunto flamingos,-23.3936976,-51.4217759,brasil_aberto,True
PR,4101507,Arapongas,Conjunto Flamingos III,conjunto flamingos iii,-23.3984991,-51.412966,brasil_aberto,True
PR,4101507,Arapongas,Conjunto Novo Centauro,conjunto novo centauro,-23.4149711,-51.4546017,brasil_aberto,True
PR,4101507,Arapongas,Conjunto Padre Bernardo Merckel,conjunto padre bernardo merckel,-23.4504483,-51.4290943,brasil_aberto,True
PR,4101507,Arapongas,Conjunto Padre Chico,conjunto padre chico,-23.4243015,-51.439695,brasil_aberto,True
PR,4101507,Arapongas,Conjunto Palmares,conjunto palmares,-23.4554896,-51.4292005,brasil_aberto,True
PR,4101507,Arapongas,Conjunto Residencial Piacenza,conjunto residencial piacenza,-23.4446552,-51.4383187,brasil_aberto,True
PR,4101507,Arapongas,Conjunto Tropical,conjunto tropical,-23.3765616,-51.4621124,brasil_aberto,True
PR,4101507,Arapongas,Conjunto Ulisses Guimarães,conjunto ulisses guimaraes,-23.4171542,-51.4176298,brasil_aberto,True
PR,4101507,Arapongas,Conjunto Águias,conjunto aguias,-23.3776918,-51.4131648,brasil_aberto,True
PR,4101507,Arapongas,Gleba Arapongas,gleba arapongas,-23.404342,-51.44590909999999,brasil_aberto,True
PR,4101507,Arapongas,Gleba Ribeirão Bandeirantes do Norte,gleba ribeirao bandeirantes do norte,-23.4071283,-51.4281518,brasil_aberto,True
PR,4101507,Arapongas,Golden Garden Residence Condomínio,golden garden residence condominio,-23.3982887,-51.44371229999999,brasil_aberto,True
PR,4101507,Arapongas,Gran Residence Giardino,gran residence giardino,-23.36998,-51.4399885,brasil_aberto,True
PR,4101507,Arapongas,Jardim Aeroporto,jardim aeroporto,-23.3851294,-51.443851,brasil_aberto,True
PR,4101507,Arapongas,Jardim Alphaville I,jardim alphaville i,-23.4188484,-51.4453432,brasil_aberto,True
PR,4101507,Arapongas,Jardim Alto da Boa Vista,jardim alto da boa vista,-23.4607018,-51.4327876,brasil_aberto,True
PR,4101507,Arapongas,Jardim Alvorada,jardim alvorada,-23.4155633,-51.4427472,brasil_aberto,True
PR,4101507,Arapongas,Jardim Arapongas,jardim arapongas,-23.3988831,-51.4492585,brasil_aberto,True
PR,4101507,Arapongas,Jardim Astúrias,jardim asturias,-23.3800534,-51.4591175,brasil_aberto,True
PR,4101507,Arapongas,Jardim Bandeirantes,jardim bandeirantes,-23.39749,-51.4315654,brasil_aberto,True
PR,4101507,Arapongas,Jardim Baroneza,jardim baroneza,-23.4217169,-51.4213842,brasil_aberto,True
PR,4101507,Arapongas,Jardim Bela Vista,jardim bela vista,-23.3865269,-51.4398647,brasil_aberto,True
PR,4101507,Arapongas,Jardim Bononi,jardim bononi,-23.3939706,-51.4287937,brasil_aberto,True
PR,4101507,Arapongas,Jardim Brasil,jardim brasil,-23.4277603,-51.436836,brasil_aberto,True
PR,4101507,Arapongas,Jardim Campestre,jardim campestre,-23.4207431,-51.4325413,brasil_aberto,True
PR,4101507,Arapongas,Jardim Caravelle,jardim caravelle,-23.3896108,-51.4424597,brasil_aberto,True
PR,4101507,Arapongas,Jardim Caravelle II,jardim caravelle ii,-23.3871451,-51.4464033,brasil_aberto,True
PR,4101507,Arapongas,Jardim Casa Branca,jardim casa branca,-23.4323178,-51.4483135,brasil_aberto,True
PR,4101507,Arapongas,Jardim Casa Grande,jardim casa grande,-23.4154045,-51.4120584,brasil_aberto,True
PR,4101507,Arapongas,Jardim Casa Grande II,jardim casa grande ii,-23.4076205,-51.4145837,brasil_aberto,True
PR,4101507,Arapongas,Jardim Colúmbia I,jardim columbia i,-23.4291653,-51.4277845,brasil_aberto,True
PR,4101507,Arapongas,Jardim Colúmbia III,jardim columbia iii,-23.4287574,-51.431168,brasil_aberto,True
PR,4101507,Arapongas,Jardim Colúmbia IV,jardim columbia iv,-23.4340789,-51.4291924,brasil_aberto,True
PR,4101507,Arapongas,Jardim Coroados,jardim coroados,-23.4272072,-51.4350935,brasil_aberto,True
PR,4101507,Arapongas,Jardim Cultura,jardim cultura,-23.4250988,-51.4324658,brasil_aberto,True
PR,4101507,Arapongas,Jardim Dona Martinha,jardim dona martinha,-23.3963416,-51.4542818,brasil_aberto,True
PR,4101507,Arapongas,Jardim Dona Pina,jardim dona pina,-23.4003498,-51.4528562,brasil_aberto,True
PR,4101507,Arapongas,Jardim Eldorado,jardim eldorado,-23.4158317,-51.4443513,brasil_aberto,True
PR,4101507,Arapongas,Jardim Europa,jardim europa,-23.4248273,-51.4358553,brasil_aberto,True
PR,4101507,Arapongas,Jardim Hermínio e Maria,jardim herminio e maria,-23.4124056,-51.4332168,brasil_aberto,True
PR,4101507,Arapongas,Jardim Imperial,jardim imperial,-23.4152186,-51.4510489,brasil_aberto,True
PR,4101507,Arapongas,Jardim Império,jardim imperio,-23.4087252,-51.4486745,brasil_aberto,True
PR,4101507,Arapongas,Jardim Império do Sol,jardim imperio do sol,-23.4171501,-51.4480106,brasil_aberto,True
PR,4101507,Arapongas,Jardim Interlagos,jardim interlagos,-23.4085728,-51.4648397,brasil_aberto,True
PR,4101507,Arapongas,Jardim Interlagos I,jardim interlagos i,-23.4122381,-51.4654985,brasil_aberto,True
PR,4101507,Arapongas,Jardim Interlagos II,jardim interlagos ii,-23.4128013,-51.4682596,brasil_aberto,True
PR,4101507,Arapongas,Jardim Lorena,jardim lorena,-23.4244693,-51.4298399,brasil_aberto,True
PR,4101507,Arapongas,Jardim Monte Carlo,jardim monte carlo,-23.3839338,-51.4152642,brasil_aberto,True
PR,4101507,Arapongas,Jardim Monte Carlo II,jardim monte carlo ii,-23.3820044,-51.4156648,brasil_aberto,True
PR,4101507,Arapongas,Jardim Morumbi,jardim morumbi,-23.418656,-51.4480858,brasil_aberto,True
PR,4101507,Arapongas,Jardim Morumbi II,jardim morumbi ii,-23.4192837,-51.4507481,brasil_aberto,True
PR,4101507,Arapongas,Jardim Mônaco,jardim monaco,-23.3938259,-51.4541683,brasil_aberto,True
PR,4101507,Arapongas,Jardim Mônaco II,jardim monaco ii,-23.3997793,-51.4577879,brasil_aberto,True
PR,4101507,Arapongas,Jardim Nossa Senhora do Loreto,jardim nossa senhora do loreto,-23.3861968,-51.4162792,brasil_aberto,True
PR,4101507,Arapongas,Jardim Nova Baroneza,jardim nova baroneza,-23.4210367,-51.4197336,brasil_aberto,True
PR,4101507,Arapongas,Jardim Novo Centauro III,jardim novo centauro iii,-23.417759,-51.4559411,brasil_aberto,True
PR,4101507,Arapongas,Jardim Novo Flamingos,jardim novo flamingos,-23.3896582,-51.4173385,brasil_aberto,True
PR,4101507,Arapongas,Jardim Novo Horizonte,jardim novo horizonte,-23.410225,-51.4155385,brasil_aberto,True
PR,4101507,Arapongas,Jardim Novo Imperial,jardim novo imperial,-23.4183161,-51.4494623,brasil_aberto,True
PR,4101507,Arapongas,Jardim Oriental,jardim oriental,-23.4037843,-51.4565661,brasil_aberto,True
PR,4101507,Arapongas,Jardim Panorama,jardim panorama,-23.4108225,-51.4475532,brasil_aberto,True
PR,4101507,Arapongas,Jardim Paraná,jardim parana,-23.3790501,-51.4467877,brasil_aberto,True
PR,4101507,Arapongas,Jardim Paraíso,jardim paraiso,-23.4357708,-51.4463003,brasil_aberto,True
PR,4101507,Arapongas,Jardim Paris,jardim paris,-23.4223668,-51.4213763,brasil_aberto,True
PR,4101507,Arapongas,Jardim Paulino Fedrigo,jardim paulino fedrigo,-23.4355859,-51.447684,brasil_aberto,True
PR,4101507,Arapongas,Jardim Paulista,jardim paulista,-23.4267849,-51.4407171,brasil_aberto,True
PR,4101507,Arapongas,Jardim Paulista II,jardim paulista ii,-23.4268411,-51.4340175,brasil_aberto,True
PR,4101507,Arapongas,Jardim Petrópolis,jardim petropolis,-23.4065369,-51.460082,brasil_aberto,True
PR,4101507,Arapongas,Jardim Planalto,jardim planalto,-23.4439318,-51.4266033,brasil_aberto,True
PR,4101507,Arapongas,Jardim Portal das Flores,jardim portal das flores,-23.4007885,-51.4368273,brasil_aberto,True
PR,4101507,Arapongas,Jardim Portal das Flores II,jardim portal das flores ii,-23.398975,-51.4362684,brasil_aberto,True
PR,4101507,Arapongas,Jardim Primavera,jardim primavera,-23.3941035,-51.4505121,brasil_aberto,True
PR,4101507,Arapongas,Jardim Quebec,jardim quebec,-23.3900434,-51.4081132,brasil_aberto,True
PR,4101507,Arapongas,Jardim San Pablo,jardim san pablo,-23.4567317,-51.4304634,brasil_aberto,True
PR,4101507,Arapongas,Jardim San Rafael,jardim san rafael,-23.3942599,-51.4139923,brasil_aberto,True
PR,4101507,Arapongas,Jardim San Rafael II,jardim san rafael ii,-23.3924316,-51.4128641,brasil_aberto,True
PR,4101507,Arapongas,Jardim San Rafael III,jardim san rafael iii,-23.3926677,-51.4091225,brasil_aberto,True
PR,4101507,Arapongas,Jardim San Rafael IV,jardim san rafael iv,-23.3932479,-51.4079145,brasil_aberto,True
PR,4101507,Arapongas,Jardim San Raphael V,jardim san raphael v,-23.3866239,-51.4066073,brasil_aberto,True
PR,4101507,Arapongas,Jardim San Raphael VI,jardim san raphael vi,-23.3869121,-51.4052856,brasil_aberto,True
PR,4101507,Arapongas,Jardim Santa Alice,jardim santa alice,-23.3933726,-51.440393,brasil_aberto,True
PR,4101507,Arapongas,Jardim Santa Cecília,jardim santa cecilia,-23.3958312,-51.4499094,brasil_aberto,True
PR,4101507,Arapongas,Jardim Santa Efigênia,jardim santa efigenia,-23.4266881,-51.4223604,brasil_aberto,True
PR,4101507,Arapongas,Jardim Santo Antônio,jardim santo antonio,-23.4141219,-51.4191849,brasil_aberto,True
PR,4101507,Arapongas,Jardim São Bento,jardim sao bento,-23.4555426,-51.4334825,brasil_aberto,True
PR,4101507,Arapongas,Jardim São Carlos,jardim sao carlos,-23.3846957,-51.4131455,brasil_aberto,True
PR,4101507,Arapongas,Jardim São Cristóvão,jardim sao cristovao,-23.4073675,-51.4488061,brasil_aberto,True
PR,4101507,Arapongas,Jardim Tropical II,jardim tropical ii,-23.38006,-51.4631062,brasil_aberto,True
PR,4101507,Arapongas,Jardim Universidade,jardim universidade,-23.382577,-51.4483138,brasil_aberto,True
PR,4101507,Arapongas,Jardim Universitário,jardim universitario,-23.3898903,-51.4502963,brasil_aberto,True
PR,4101507,Arapongas,Jardim Vale das Perobas,jardim vale das perobas,-23.4102818,-51.4615831,brasil_aberto,True
PR,4101507,Arapongas,Jardim Vale das Perobas II,jardim vale das perobas ii,-23.415633,-51.459379,brasil_aberto,True
PR,4101507,Arapongas,Jardim Vale das Perobas III,jardim vale das perobas iii,-23.4234634,-51.4587458,brasil_aberto,True
PR,4101507,Arapongas,Jardim Vale das Perobas IV,jardim vale das perobas iv,-23.4155409,-51.4546082,brasil_aberto,True
PR,4101507,Arapongas,Jardim Vale do Coqueiral,jardim vale do coqueiral,-23.425697,-51.4330065,brasil_aberto,True
PR,4101507,Arapongas,Jardim do Café,jardim do cafe,-23.4340612,-51.425818,brasil_aberto,True
PR,4101507,Arapongas,Jardim do Sol,jardim do sol,-23.4097338,-51.4138987,brasil_aberto,True
PR,4101507,Arapongas,Jardim dos Pássaros,jardim dos passaros,-23.3916741,-51.4547846,brasil_aberto,True
PR,4101507,Arapongas,Lisboa Gardem,lisboa gardem,-23.3777085,-51.4679308,brasil_aberto,True
PR,4101507,Arapongas,Loteamento Metropolitam,loteamento metropolitam,-23.4329872,-51.4480909,brasil_aberto,True
PR,4101507,Arapongas,Parque Industrial,parque industrial,-23.3877736,-51.4184143,brasil_aberto,True
PR,4101507,Arapongas,Parque Industrial Araucária,parque industrial araucaria,-23.3709403,-51.4177019,brasil_aberto,True
PR,4101507,Arapongas,Parque Industrial Francisco Marcos Pennacchi,parque industrial francisco marcos pennacchi,-23.3855712,-51.4156766,brasil_aberto,True
PR,4101507,Arapongas,Parque Industrial I,parque industrial i,-23.3980364,-51.4239823,brasil_aberto,True
PR,4101507,Arapongas,Parque Industrial II,parque industrial ii,-23.3879006,-51.4285146,brasil_aberto,True
PR,4101507,Arapongas,Parque Industrial III,parque industrial iii,-23.4481635,-51.4238393,brasil_aberto,True
PR,4101507,Arapongas,Parque Industrial IV,parque industrial iv,-23.4562518,-51.4252991,brasil_aberto,True
PR,4101507,Arapongas,Parque Industrial V,parque industrial v,-23.379028,-51.4478684,brasil_aberto,True
PR,4101507,Arapongas,Parque Monterrey,parque monterrey,-23.4216349,-51.4830481,brasil_aberto,True
PR,4101507,Arapongas,Parque Pioneiro Wielewik,parque pioneiro wielewik,-23.3993348,-51.4394656,brasil_aberto,True
PR,4101507,Arapongas,Parque Siomara,parque siomara,-23.4065563,-51.4214933,brasil_aberto,True
PR,4101507,Arapongas,Parque Veneza,parque veneza,-23.4005986,-51.44277109999999,brasil_aberto,True
PR,4101507,Arapongas,Residencial Alto do Vale,residencial alto do vale,-23.3662768,-51.4842929,brasil_aberto,True
PR,4101507,Arapongas,Residencial Arapongas III,residencial arapongas iii,-23.4507468,-51.4323274,brasil_aberto,True
PR,4101507,Arapongas,Residencial Araucárias,residencial araucarias,-23.414313,-51.464433,brasil_aberto,True
PR,4101507,Arapongas,Residencial Araucárias I,residencial araucarias i,-23.4212312,-51.4649131,brasil_aberto,True
PR,4101507,Arapongas,Residencial Bella Morada,residencial bella morada,-23.4231246,-51.4513716,brasil_aberto,True
PR,4101507,Arapongas,Residencial Cidade Jardim,residencial cidade jardim,-23.4225949,-51.4759829,brasil_aberto,True
PR,4101507,Arapongas,Residencial Tereza Morciani Bononi,residencial tereza morciani bononi,-23.4501796,-51.432459,brasil_aberto,True
PR,4101507,Arapongas,Residencial Tozzi,residencial tozzi,-23.4146616,-51.4366888,brasil_aberto,True
PR,4101507,Arapongas,Ribeirão Bandeirantes do Norte,ribeirao bandeirantes do norte,-23.3737615,-51.4181003,brasil_aberto,True
PR,4101507,Arapongas,Spazi Condomínio,spazi condominio,-23.3476763,-51.5001314,brasil_aberto,True
PR,4101507,Arapongas,São Joaquim,sao joaquim,-23.404342,-51.44590909999999,brasil_aberto,True
PR,4101507,Arapongas,Vila Aparecida,vila aparecida,-23.4257524,-51.427593,brasil_aberto,True
PR,4101507,Arapongas,Vila Araponguinha,vila araponguinha,-23.4052758,-51.4250051,brasil_aberto,True
PR,4101507,Arapongas,Vila Aratimbo,vila aratimbo,-23.4212513,-51.428209,brasil_aberto,True
PR,4101507,Arapongas,Vila Aymoré,vila aymore,-23.4198905,-51.4416409,brasil_aberto,True
PR,4101507,Arapongas,Vila Bernardes,vila bernardes,-23.4142153,-51.4264917,brasil_aberto,True
PR,4101507,Arapongas,Vila Brasil,vila brasil,-23.4115542,-51.4209183,brasil_aberto,True
PR,4101507,Arapongas,Vila Cascata,vila cascata,-23.4073671,-51.4317953,brasil_aberto,True
PR,4101507,Arapongas,Vila Castelo,vila castelo,-23.4169601,-51.4419261,brasil_aberto,True
PR,4101507,Arapongas,Vila Coelho,vila coelho,-23.3862754,-51.417179,brasil_aberto,True
PR,4101507,Arapongas,Vila Conceição,vila conceicao,-23.416833,-51.4409643,brasil_aberto,True
PR,4101507,Arapongas,Vila Dalva,vila dalva,-23.4192182,-51.4411303,brasil_aberto,True
PR,4101507,Arapongas,Vila Domingos,vila domingos,-23.407813,-51.4250259,brasil_aberto,True
PR,4101507,Arapongas,Vila Edio,vila edio,-23.4094553,-51.4278998,brasil_aberto,True
PR,4101507,Arapongas,Vila Estrela,vila estrela,-23.4152288,-51.4400958,brasil_aberto,True
PR,4101507,Arapongas,Vila Evereste,vila evereste,-23.4079301,-51.4217091,brasil_aberto,True
PR,4101507,Arapongas,Vila Fortunato,vila fortunato,-23.4100972,-51.421969,brasil_aberto,True
PR,4101507,Arapongas,Vila Iguaçu,vila iguacu,-23.4204579,-51.4382069,brasil_aberto,True
PR,4101507,Arapongas,Vila Industrial,vila industrial,-23.4260043,-51.4238064,brasil_aberto,True
PR,4101507,Arapongas,Vila Natal,vila natal,-23.4163868,-51.4341201,brasil_aberto,True
PR,4101507,Arapongas,Vila Nova,vila nova,-23.4207431,-51.4325413,brasil_aberto,True
PR,4101507,Arapongas,Vila Passos,vila passos,-23.4108928,-51.4198431,brasil_aberto,True
PR,4101507,Arapongas,Vila Paulo,vila paulo,-23.4150737,-51.4247244,brasil_aberto,True
PR,4101507,Arapongas,Vila Rugna,vila rugna,-23.4122302,-51.4227585,brasil_aberto,True
PR,4101507,Arapongas,Vila Sampaio,vila sampaio,-23.4073983,-51.423288,brasil_aberto,True
PR,4101507,Arapongas,Vila São José,vila sao jose,-23.4282398,-51.425805,brasil_aberto,True
PR,4101507,Arapongas,Vila São João,vila sao joao,-23.4169668,-51.4384629,brasil_aberto,True
PR,4101507,Arapongas,Vila São Lazaro,vila sao lazaro,-23.4102671,-51.4231171,brasil_aberto,True
PR,4101507,Arapongas,Vila São Vicente,vila sao vicente,-23.4175897,-51.4332697,brasil_aberto,True
PR,4101507,Arapongas,Vila Trinta e Três,vila trinta e tres,-23.4084047,-51.4220114,brasil_aberto,True
PR,4101507,Arapongas,Vila Triângulo,vila triangulo,-23.4045821,-51.4546534,brasil_aberto,True
PR,4101507,Arapongas,Vila Vicentini,vila vicentini,-23.4236608,-51.4351999,brasil_aberto,True
PR,4101507,Arapongas,Vila Zanin,vila zanin,-23.411491,-51.4240546,brasil_aberto,True
PR,4101507,Arapongas,Área Rural de Arapongas,area rural de arapongas,-23.404342,-51.44590909999999,brasil_aberto,True
PR,4101606,Arapoti,Calógeras,calogeras,-23.9924098,-49.8215085,brasil_aberto,True
PR,4101606,Arapoti,Caratuva,caratuva,-24.007192,-50.1359185,brasil_aberto,True
PR,4101606,Arapoti,Centro,centro,-24.1475906,-49.8213508,brasil_aberto,True
PR,4101655,Arapuã,Centro,centro,-24.3060479,-51.7876104,brasil_aberto,True
PR,4101655,Arapuã,Romeópolis,romeopolis,-24.3764378,-51.81489269999999,brasil_aberto,True
PR,4101705,Araruna,Nova Brasília,nova brasilia,-23.9293144,-52.4967167,brasil_aberto,True
PR,4101705,Araruna,São Vicente,sao vicente,-23.99958,-52.6386467,brasil_aberto,True
PR,4101804,Araucária,Barigui,barigui,-25.5248121,-49.3532015,brasil_aberto,True
PR,4101804,Araucária,Boqueirão,boqueirao,-25.5717968,-49.4206095,brasil_aberto,True
PR,4101804,Araucária,Cachoeira,cachoeira,-25.5884245,-49.3909366,brasil_aberto,True
PR,4101804,Araucária,Campestrinho,campestrinho,-25.5898125,-49.3997714,brasil_aberto,True
PR,4101804,Araucária,Campina da Barra,campina da barra,-25.6275042,-49.3702047,brasil_aberto,True
PR,4101804,Araucária,Capela Velha,capela velha,-25.5502345,-49.3900758,brasil_aberto,True
PR,4101804,Araucária,Capinzal,capinzal,-25.5898125,-49.3997714,brasil_aberto,True
PR,4101804,Araucária,Centro,centro,-25.5808925,-49.3954963,brasil_aberto,True
PR,4101804,Araucária,Chapada,chapada,-25.5553283,-49.3775185,brasil_aberto,True
PR,4101804,Araucária,Colônia Cristina,colonia cristina,-25.5265263,-49.48139279999999,brasil_aberto,True
PR,4101804,Araucária,Costeira,costeira,-25.6056746,-49.3652128,brasil_aberto,True
PR,4101804,Araucária,Estação,estacao,-25.5718821,-49.3944677,brasil_aberto,True
PR,4101804,Araucária,Estação General Lúcio,estacao general lucio,-25.5898125,-49.3997714,brasil_aberto,True
PR,4101804,Araucária,Fazenda Velha,fazenda velha,-25.5791894,-49.4011246,brasil_aberto,True
PR,4101804,Araucária,Formigueiro,formigueiro,-25.5898125,-49.3997714,brasil_aberto,True
PR,4101804,Araucária,Guajuvira,guajuvira,-25.5989192,-49.5106811,brasil_aberto,True
PR,4101804,Araucária,Iguaçu,iguacu,-25.6020716,-49.390988,brasil_aberto,True
PR,4101804,Araucária,Ipiranga,ipiranga,-25.5570699,-49.35451270000001,brasil_aberto,True
PR,4101804,Araucária,Martins,martins,-25.6156602,-49.37173,brasil_aberto,True
PR,4101804,Araucária,Passa Una,passa una,-25.5782294,-49.427792,brasil_aberto,True
PR,4101804,Araucária,Passaúna,passauna,-25.577108,-49.4218096,brasil_aberto,True
PR,4101804,Araucária,Porto das Laranjeiras,porto das laranjeiras,-25.5864235,-49.4143046,brasil_aberto,True
PR,4101804,Araucária,Sabiá,sabia,-25.5770018,-49.3902985,brasil_aberto,True
PR,4101804,Araucária,São Miguel,sao miguel,-25.5218757,-49.3731192,brasil_aberto,True
PR,4101804,Araucária,Thomaz Coelho,thomaz coelho,-25.5341406,-49.3611727,brasil_aberto,True
PR,4101804,Araucária,Tietê,tiete,-25.7263173,-49.3865624,brasil_aberto,True
PR,4101804,Araucária,Tindiquera,tindiquera,-25.5830696,-49.3817095,brasil_aberto,True
PR,4101804,Araucária,Tomaz Coelho,tomaz coelho,-25.5341406,-49.3611727,brasil_aberto,True
PR,4101804,Araucária,Vila Nova,vila nova,-25.583897,-49.4083591,brasil_aberto,True
PR,4101804,Araucária,Área Rural de Araucária,area rural de araucaria,-25.5898125,-49.3997714,brasil_aberto,True
PR,4101853,Ariranha do Ivaí,Centro,centro,,,brasil_aberto,True
PR,4101903,Assaí,Centro,centro,-23.372277,-50.8443814,brasil_aberto,True
PR,4101903,Assaí,Pau d'Alho do Sul,pau d'alho do sul,-23.4983715,-50.8948271,brasil_aberto,True
PR,4102000,Assis Chateaubriand,Bragantina,bragantina,-24.6084202,-53.6173652,brasil_aberto,True
PR,4102000,Assis Chateaubriand,Centro,centro,-24.4068346,-53.5330221,brasil_aberto,True
PR,4102000,Assis Chateaubriand,Encantado d'Oeste,encantado d'oeste,-24.4143746,-53.6543623,brasil_aberto,True
PR,4102000,Assis Chateaubriand,Terra Nova do Piquiri,terra nova do piquiri,,,brasil_aberto,True
PR,4102109,Astorga,Centro,centro,-23.2297879,-51.6653814,brasil_aberto,True
PR,4102109,Astorga,Içara,icara,-23.2345256,-51.66411369999999,brasil_aberto,True
PR,4102109,Astorga,Santa Zélia,santa zelia,-23.1740353,-51.6785582,brasil_aberto,True
PR,4102109,Astorga,Tupinambá,tupinamba,-23.2847639,-51.7688411,brasil_aberto,True
PR,4102307,Balsa Nova,Bugre,bugre,-25.4919463,-49.61067,brasil_aberto,True
PR,4102307,Balsa Nova,Centro,centro,-25.5823996,-49.6291083,brasil_aberto,True
PR,4102307,Balsa Nova,Jardim Serrinha,jardim serrinha,-25.5831969,-49.6324409,brasil_aberto,True
PR,4102307,Balsa Nova,São Caetano,sao caetano,-25.4650928,-49.5870886,brasil_aberto,True
PR,4102307,Balsa Nova,São Luiz do Purunã,sao luiz do puruna,-25.4637857,-49.7072462,brasil_aberto,True
PR,4102406,Bandeirantes,Nossa Senhora da Candelária,nossa senhora da candelaria,-23.1605823,-50.2532076,brasil_aberto,True
PR,4102406,Bandeirantes,Setor 5,setor 5,,,brasil_aberto,True
PR,4102505,Barbosa Ferraz,Bourbonia,bourbonia,-24.1826501,-52.2208698,brasil_aberto,True
PR,4102505,Barbosa Ferraz,Centro,centro,-24.0289578,-52.0110694,brasil_aberto,True
PR,4102505,Barbosa Ferraz,Ourilândia,ourilandia,-24.0148651,-52.1275481,brasil_aberto,True
PR,4102505,Barbosa Ferraz,Paraíso do Sul,paraiso do sul,-24.2084662,-52.0909005,brasil_aberto,True
PR,4102505,Barbosa Ferraz,Pocinho,pocinho,-24.0916071,-51.9451076,brasil_aberto,True
PR,4102505,Barbosa Ferraz,Tereza Breda,tereza breda,-24.1327078,-51.9916302,brasil_aberto,True
PR,4102703,Barra do Jacaré,Centro,centro,,,brasil_aberto,True
PR,4102604,Barracão,Centro,centro,-26.2496413,-53.6364087,brasil_aberto,True
PR,4102604,Barracão,Siqueira Belo,siqueira belo,-26.2080654,-53.4862982,brasil_aberto,True
PR,4102752,Bela Vista da Caroba,Centro,centro,,,brasil_aberto,True
PR,4102802,Bela Vista do Paraíso,Centro,centro,-23.0001535,-51.1922452,brasil_aberto,True
PR,4102802,Bela Vista do Paraíso,Santa Margarida,santa margarida,-22.9697402,-51.2141095,brasil_aberto,True
PR,4102901,Bituruna,Centro,centro,-26.1587271,-51.55447330000001,brasil_aberto,True
PR,4102901,Bituruna,Santo Antônio do Iratim,santo antonio do iratim,-26.1579583,-51.4088433,brasil_aberto,True
PR,4103024,Boa Esperança do Iguaçu,Centro,centro,-25.7461872,-53.0444598,brasil_aberto,True
PR,4103040,Boa Ventura de São Roque,Centro,centro,-24.8813595,-51.5445369,brasil_aberto,True
PR,4103057,Boa Vista da Aparecida,Centro,centro,-25.43569,-53.4093469,brasil_aberto,True
PR,4103107,Bocaiúva do Sul,Centro,centro,-25.2074426,-49.1148321,brasil_aberto,True
PR,4103156,Bom Jesus do Sul,Centro,centro,-26.199642,-53.5981101,brasil_aberto,True
PR,4103222,Bom Sucesso do Sul,Centro,centro,-26.0756971,-52.8350557,brasil_aberto,True
PR,4103305,Borrazópolis,Centro,centro,-23.9402663,-51.5853448,brasil_aberto,True
PR,4103354,Braganey,Centro,centro,,,brasil_aberto,True
PR,4103370,Brasilândia do Sul,Centro,centro,-24.1933682,-53.5252516,brasil_aberto,True
PR,4103404,Cafeara,Centro,centro,-25.5319585,-49.2718556,brasil_aberto,True
PR,4103479,Cafezal do Sul,Centro,centro,-23.9062261,-53.515123,brasil_aberto,True
PR,4103479,Cafezal do Sul,Guaiporã,guaipora,-23.9417058,-53.5880655,brasil_aberto,True
PR,4103479,Cafezal do Sul,Jangada,jangada,-24.0076526,-53.5419225,brasil_aberto,True
PR,4103503,Califórnia,Centro,centro,-23.6667584,-51.35949060000001,brasil_aberto,True
PR,4103602,Cambará,Centro,centro,,,brasil_aberto,True
PR,4103800,Cambira,Centro,centro,-25.7769994,-49.3274175,brasil_aberto,True
PR,4103800,Cambira,Sete de Maio,sete de maio,-23.6871694,-51.5071349,brasil_aberto,True
PR,4103701,Cambé,Caramuru,caramuru,-23.3630686,-51.3071111,brasil_aberto,True
PR,4103701,Cambé,Cascatinha,cascatinha,-23.2780418,-51.2810444,brasil_aberto,True
PR,4103701,Cambé,Centro,centro,-23.2830138,-51.2851193,brasil_aberto,True
PR,4103701,Cambé,Chácara Manella,chacara manella,-23.298137,-51.2389361,brasil_aberto,True
PR,4103701,Cambé,Chácara Santa Maria,chacara santa maria,-23.3100847,-51.2460365,brasil_aberto,True
PR,4103701,Cambé,Chácaras Cambé Londrina,chacaras cambe londrina,-23.2994122,-51.2492485,brasil_aberto,True
PR,4103701,Cambé,Condomínio Residencial Castelo Branco,condominio residencial castelo branco,-23.2971885,-51.2419225,brasil_aberto,True
PR,4103701,Cambé,Conjunto Habitacional Antônio Euthymio Casaroto,conjunto habitacional antonio euthymio casaroto,-23.2721122,-51.2938832,brasil_aberto,True
PR,4103701,Cambé,Conjunto Habitacional Collor de Melo,conjunto habitacional collor de melo,-23.3031293,-51.2379331,brasil_aberto,True
PR,4103701,Cambé,Conjunto Habitacional Cristal,conjunto habitacional cristal,-23.271724,-51.274964,brasil_aberto,True
PR,4103701,Cambé,Conjunto Habitacional Doutor José dos Santos Rocha,conjunto habitacional doutor jose dos santos rocha,-23.2677835,-51.2818863,brasil_aberto,True
PR,4103701,Cambé,Conjunto Habitacional Ulysses Guimarães,conjunto habitacional ulysses guimaraes,-23.2595153,-51.2831336,brasil_aberto,True
PR,4103701,Cambé,Conjunto Habitacional Waldomiro M Gomes,conjunto habitacional waldomiro m gomes,-23.2729798,-51.2900228,brasil_aberto,True
PR,4103701,Cambé,Conjunto Residencial Roberto Conceição,conjunto residencial roberto conceicao,-23.2733197,-51.2598726,brasil_aberto,True
PR,4103701,Cambé,Distrito Industrial Doutor Jehovah Almeida Gomes,distrito industrial doutor jehovah almeida gomes,-23.2926669,-51.3139366,brasil_aberto,True
PR,4103701,Cambé,Estância Cabral,estancia cabral,-23.3684762,-51.2590829,brasil_aberto,True
PR,4103701,Cambé,Jardim Alvorada,jardim alvorada,-23.2876429,-51.2690849,brasil_aberto,True
PR,4103701,Cambé,Jardim Ana Eliza,jardim ana eliza,-23.3018857,-51.220536,brasil_aberto,True
PR,4103701,Cambé,Jardim Atlanta,jardim atlanta,-23.2671278,-51.2805876,brasil_aberto,True
PR,4103701,Cambé,Jardim Barrada,jardim barrada,-23.3049232,-51.2356075,brasil_aberto,True
PR,4103701,Cambé,Jardim Bela Itália,jardim bela italia,-23.304123,-51.2475483,brasil_aberto,True
PR,4103701,Cambé,Jardim Bela Suiça,jardim bela suica,-23.3015113,-51.2482882,brasil_aberto,True
PR,4103701,Cambé,Jardim Bela Vista,jardim bela vista,-23.2769482,-51.2583469,brasil_aberto,True
PR,4103701,Cambé,Jardim Boa Vista,jardim boa vista,-23.2876642,-51.2553713,brasil_aberto,True
PR,4103701,Cambé,Jardim Califórnia,jardim california,-23.2708488,-51.2767264,brasil_aberto,True
PR,4103701,Cambé,Jardim Campos Verdes,jardim campos verdes,-23.3226125,-51.2281494,brasil_aberto,True
PR,4103701,Cambé,Jardim Casa Grande,jardim casa grande,-23.2907747,-51.2700869,brasil_aberto,True
PR,4103701,Cambé,Jardim Cidade Alta,jardim cidade alta,-23.5332513,-51.46180769999999,brasil_aberto,True
PR,4103701,Cambé,Jardim Cidade Verde,jardim cidade verde,-23.2718649,-51.2634897,brasil_aberto,True
PR,4103701,Cambé,Jardim Dona Catarina,jardim dona catarina,-23.2736545,-51.2878299,brasil_aberto,True
PR,4103701,Cambé,Jardim Ecoville I,jardim ecoville i,-23.3124746,-51.2347713,brasil_aberto,True
PR,4103701,Cambé,Jardim Eldorado,jardim eldorado,-23.2828016,-51.2730363,brasil_aberto,True
PR,4103701,Cambé,Jardim Elizabeth,jardim elizabeth,-23.3013704,-51.2404237,brasil_aberto,True
PR,4103701,Cambé,Jardim Espanha,jardim espanha,-23.2920993,-51.2750053,brasil_aberto,True
PR,4103701,Cambé,Jardim Esperança,jardim esperanca,-23.2768307,-51.2622792,brasil_aberto,True
PR,4103701,Cambé,Jardim Flórida,jardim florida,-23.2743798,-51.2762573,brasil_aberto,True
PR,4103701,Cambé,Jardim Flórida II,jardim florida ii,-23.273687,-51.2771158,brasil_aberto,True
PR,4103701,Cambé,Jardim Imperatriz,jardim imperatriz,-23.2709078,-51.2628974,brasil_aberto,True
PR,4103701,Cambé,Jardim Itália,jardim italia,-23.290777,-51.2753344,brasil_aberto,True
PR,4103701,Cambé,Jardim Josiane,jardim josiane,-23.3026809,-51.23435,brasil_aberto,True
PR,4103701,Cambé,Jardim José Favaro,jardim jose favaro,-23.275771,-51.2489123,brasil_aberto,True
PR,4103701,Cambé,Jardim Liberdade,jardim liberdade,,,brasil_aberto,True
PR,4103701,Cambé,Jardim Monte Alto,jardim monte alto,-23.2689822,-51.2631175,brasil_aberto,True
PR,4103701,Cambé,Jardim Montecatini,jardim montecatini,-23.2922449,-51.2301563,brasil_aberto,True
PR,4103701,Cambé,Jardim Morada do Sol,jardim morada do sol,-23.2842586,-51.28907,brasil_aberto,True
PR,4103701,Cambé,Jardim Morumbi,jardim morumbi,-23.2825566,-51.2592799,brasil_aberto,True
PR,4103701,Cambé,Jardim Nestor Ferrari,jardim nestor ferrari,-23.2924546,-51.2795808,brasil_aberto,True
PR,4103701,Cambé,Jardim Nova Cambé,jardim nova cambe,-23.2634381,-51.2896885,brasil_aberto,True
PR,4103701,Cambé,Jardim Panorâmico,jardim panoramico,-23.2678271,-51.2815538,brasil_aberto,True
PR,4103701,Cambé,Jardim Parana,jardim parana,-23.3107412,-51.2191721,brasil_aberto,True
PR,4103701,Cambé,Jardim Planalto Verde,jardim planalto verde,-23.2904439,-51.2733857,brasil_aberto,True
PR,4103701,Cambé,Jardim Primavera,jardim primavera,-23.285348,-51.2886774,brasil_aberto,True
PR,4103701,Cambé,Jardim Riviera,jardim riviera,-23.3034377,-51.2203297,brasil_aberto,True
PR,4103701,Cambé,Jardim Santa Adelaide,jardim santa adelaide,-23.295752,-51.278417,brasil_aberto,True
PR,4103701,Cambé,Jardim Santa Clara,jardim santa clara,-23.2704731,-51.2831663,brasil_aberto,True
PR,4103701,Cambé,Jardim Santa Izabel,jardim santa izabel,-23.2787859,-51.2636278,brasil_aberto,True
PR,4103701,Cambé,Jardim Santa Mônica,jardim santa monica,-23.2713064,-51.279458,brasil_aberto,True
PR,4103701,Cambé,Jardim Santo Amaro,jardim santo amaro,-23.2882631,-51.2403336,brasil_aberto,True
PR,4103701,Cambé,Jardim Santo André,jardim santo andre,-23.295364,-51.2435581,brasil_aberto,True
PR,4103701,Cambé,Jardim Santo Antônio,jardim santo antonio,-23.2705757,-51.2858318,brasil_aberto,True
PR,4103701,Cambé,Jardim Silvino,jardim silvino,-23.3004561,-51.222306,brasil_aberto,True
PR,4103701,Cambé,Jardim São Caetano,jardim sao caetano,-23.2946052,-51.2465123,brasil_aberto,True
PR,4103701,Cambé,Jardim São José,jardim sao jose,-23.2794019,-51.2677557,brasil_aberto,True
PR,4103701,Cambé,Jardim São Paulo,jardim sao paulo,-23.2968396,-51.2538756,brasil_aberto,True
PR,4103701,Cambé,Jardim Tarobá,jardim taroba,-23.2899926,-51.2668792,brasil_aberto,True
PR,4103701,Cambé,Jardim Terra Nova,jardim terra nova,-23.2793639,-51.2515305,brasil_aberto,True
PR,4103701,Cambé,Jardim Terra Vermelha,jardim terra vermelha,-23.2667241,-51.2896446,brasil_aberto,True
PR,4103701,Cambé,Jardim Tupi,jardim tupi,-23.2759488,-51.2659217,brasil_aberto,True
PR,4103701,Cambé,Jardim União,jardim uniao,-23.2814406,-51.2386948,brasil_aberto,True
PR,4103701,Cambé,Jardim Vila Rica,jardim vila rica,-23.279163,-51.2710015,brasil_aberto,True
PR,4103701,Cambé,Jardim Vitória,jardim vitoria,-23.2739949,-51.2818746,brasil_aberto,True
PR,4103701,Cambé,Jardim Vô Zezinho,jardim vo zezinho,-23.2936506,-51.2797469,brasil_aberto,True
PR,4103701,Cambé,Jardim das Flores,jardim das flores,-23.2708352,-51.2634058,brasil_aberto,True
PR,4103701,Cambé,Jardim das Mansões,jardim das mansoes,-23.2883157,-51.2763446,brasil_aberto,True
PR,4103701,Cambé,Jardim do Café,jardim do cafe,-23.2928161,-51.2439584,brasil_aberto,True
PR,4103701,Cambé,Jardim do Café 2,jardim do cafe 2,-23.2992489,-51.2527608,brasil_aberto,True
PR,4103701,Cambé,Jardim do Lago,jardim do lago,-23.2892722,-51.2794738,brasil_aberto,True
PR,4103701,Cambé,Jardim Água da Aliança,jardim agua da alianca,-23.2812384,-51.288102,brasil_aberto,True
PR,4103701,Cambé,Loteamento Morada das Flores,loteamento morada das flores,-23.3053837,-51.2441974,brasil_aberto,True
PR,4103701,Cambé,Loteamento Residencial Portal do Lago,loteamento residencial portal do lago,-23.2921843,-51.2941771,brasil_aberto,True
PR,4103701,Cambé,Loteamento Terras de Canaã,loteamento terras de canaa,-23.2812114,-51.2834438,brasil_aberto,True
PR,4103701,Cambé,Loteamento Água da Esperança,loteamento agua da esperanca,-23.3060763,-51.2409772,brasil_aberto,True
PR,4103701,Cambé,Novo Bandeirantes,novo bandeirantes,-23.3116861,-51.2227601,brasil_aberto,True
PR,4103701,Cambé,Parque Industrial José Garcia Gimenes,parque industrial jose garcia gimenes,-23.2632457,-51.2586673,brasil_aberto,True
PR,4103701,Cambé,Parque Maracanã,parque maracana,-23.2869075,-51.2496305,brasil_aberto,True
PR,4103701,Cambé,Parque Residencial Ana Rosa,parque residencial ana rosa,-23.268445,-51.2569484,brasil_aberto,True
PR,4103701,Cambé,Parque Residencial Cambé,parque residencial cambe,-23.2840056,-51.2707257,brasil_aberto,True
PR,4103701,Cambé,Parque Residencial Guilherme Pagnan,parque residencial guilherme pagnan,-23.2842484,-51.2765967,brasil_aberto,True
PR,4103701,Cambé,Parque Residencial Manela,parque residencial manela,-23.2872007,-51.2388725,brasil_aberto,True
PR,4103701,Cambé,Planta São Francisco,planta sao francisco,-23.2693564,-51.2851513,brasil_aberto,True
PR,4103701,Cambé,Prata,prata,-23.2780418,-51.2810444,brasil_aberto,True
PR,4103701,Cambé,Recanto Lago Azul,recanto lago azul,-23.3007252,-51.2805723,brasil_aberto,True
PR,4103701,Cambé,Recanto Rancho Ringo,recanto rancho ringo,-23.3227552,-51.2367723,brasil_aberto,True
PR,4103701,Cambé,Recanto Santa Andréa,recanto santa andrea,-23.3188939,-51.2923254,brasil_aberto,True
PR,4103701,Cambé,Recanto Sumaré,recanto sumare,-23.2780418,-51.2810444,brasil_aberto,True
PR,4103701,Cambé,Recanto dos Pinheiros,recanto dos pinheiros,-23.2780418,-51.2810444,brasil_aberto,True
PR,4103701,Cambé,Residencial Abussafe,residencial abussafe,-23.2943941,-51.276469,brasil_aberto,True
PR,4103701,Cambé,Residencial Alto Paraíso,residencial alto paraiso,-23.2687953,-51.2653523,brasil_aberto,True
PR,4103701,Cambé,Residencial Golden Park,residencial golden park,-23.298137,-51.2389361,brasil_aberto,True
PR,4103701,Cambé,Residencial Laranjeiras,residencial laranjeiras,-23.2731914,-51.2775073,brasil_aberto,True
PR,4103701,Cambé,Residencial Maria Flora,residencial maria flora,-23.2842179,-51.2628783,brasil_aberto,True
PR,4103701,Cambé,Residencial Monte Castelo,residencial monte castelo,-23.2971074,-51.2428869,brasil_aberto,True
PR,4103701,Cambé,Residencial Nossa Terra,residencial nossa terra,-23.2676071,-51.2853072,brasil_aberto,True
PR,4103701,Cambé,Residencial Octávio Cesário,residencial octavio cesario,-23.281736,-51.28781859999999,brasil_aberto,True
PR,4103701,Cambé,Residencial Tropical,residencial tropical,-23.3040725,-51.2347639,brasil_aberto,True
PR,4103701,Cambé,Residencial Vale Verde,residencial vale verde,-23.2662868,-51.2762779,brasil_aberto,True
PR,4103701,Cambé,Residencial das Torres,residencial das torres,-23.2970843,-51.2632119,brasil_aberto,True
PR,4103701,Cambé,Santa Lurdes,santa lurdes,-23.2780418,-51.2810444,brasil_aberto,True
PR,4103701,Cambé,Serrinha,serrinha,-23.2780418,-51.2810444,brasil_aberto,True
PR,4103701,Cambé,São Gabriel,sao gabriel,-23.2780418,-51.2810444,brasil_aberto,True
PR,4103701,Cambé,Vila Atalaia,vila atalaia,-23.2741732,-51.2898204,brasil_aberto,True
PR,4103701,Cambé,Vila Guarani,vila guarani,-23.2751989,-51.2826929,brasil_aberto,True
PR,4103701,Cambé,Vila Mesquita,vila mesquita,-23.2758818,-51.2799116,brasil_aberto,True
PR,4103701,Cambé,Vila Prata,vila prata,-23.2722604,-51.2876544,brasil_aberto,True
PR,4103701,Cambé,Vila Salomé,vila salome,-23.2883584,-51.2762733,brasil_aberto,True
PR,4103701,Cambé,Vila Santana,vila santana,-23.2850875,-51.2734303,brasil_aberto,True
PR,4103701,Cambé,Área Rural de Cambé,area rural de cambe,-23.2780418,-51.2810444,brasil_aberto,True
PR,4104006,Campina Grande do Sul,Centro,centro,-25.3604194,-49.1145195,brasil_aberto,True
PR,4104006,Campina Grande do Sul,Jardim Araçatuba,jardim aracatuba,-25.3356873,-49.078449,brasil_aberto,True
PR,4104006,Campina Grande do Sul,Jardim Graciosa,jardim graciosa,,,brasil_aberto,True
PR,4104006,Campina Grande do Sul,Jardim Paulista,jardim paulista,-25.3627553,-49.1005151,brasil_aberto,True
PR,4104006,Campina Grande do Sul,Paiol de Baixo,paiol de baixo,-25.2200089,-48.9030818,brasil_aberto,True
PR,4103909,Campina da Lagoa,Bela Vista do Piquiri,bela vista do piquiri,-24.6829464,-52.88311299999999,brasil_aberto,True
PR,4103909,Campina da Lagoa,Centro,centro,-24.5934047,-52.8075177,brasil_aberto,True
PR,4103909,Campina da Lagoa,Herveira,herveira,-24.5979211,-52.814824,brasil_aberto,True
PR,4103909,Campina da Lagoa,Salles de Oliveira,salles de oliveira,-24.7142463,-52.7726838,brasil_aberto,True
PR,4103958,Campina do Simão,Centro,centro,-25.1081297,-51.8080523,brasil_aberto,True
PR,4104055,Campo Bonito,Centro,centro,-25.5862349,-49.3384807,brasil_aberto,True
PR,4104204,Campo Largo,Bateias,bateias,-25.312384,-49.5566742,brasil_aberto,True
PR,4104204,Campo Largo,Boa Vista,boa vista,-25.4583624,-49.5337119,brasil_aberto,True
PR,4104204,Campo Largo,Bom Jesus,bom jesus,-25.4533947,-49.5415267,brasil_aberto,True
PR,4104204,Campo Largo,Botiatuva,botiatuva,-25.4803647,-49.5337931,brasil_aberto,True
PR,4104204,Campo Largo,Caiva,caiva,-25.4584079,-49.533696,brasil_aberto,True
PR,4104204,Campo Largo,Campina,campina,-25.5325139,-49.5511132,brasil_aberto,True
PR,4104204,Campo Largo,Campinas,campinas,-25.5325139,-49.5511132,brasil_aberto,True
PR,4104204,Campo Largo,Campo do Meio,campo do meio,-25.483613,-49.5710269,brasil_aberto,True
PR,4104204,Campo Largo,Centro,centro,-25.4587081,-49.525212,brasil_aberto,True
PR,4104204,Campo Largo,Cercadinho,cercadinho,-25.4391154,-49.4563736,brasil_aberto,True
PR,4104204,Campo Largo,Cerne,cerne,-25.3673538,-49.470834,brasil_aberto,True
PR,4104204,Campo Largo,Chacrinha Nossa Senhora do Rocio,chacrinha nossa senhora do rocio,-25.444981,-49.4495817,brasil_aberto,True
PR,4104204,Campo Largo,Colônia Antônio Rebouças,colonia antonio reboucas,-25.4676525,-49.4321028,brasil_aberto,True
PR,4104204,Campo Largo,Colônia Balbino Cunha,colonia balbino cunha,-25.5219844,-49.551138,brasil_aberto,True
PR,4104204,Campo Largo,Colônia Dom Pedro II,colonia dom pedro ii,-25.413149,-49.4063792,brasil_aberto,True
PR,4104204,Campo Largo,Colônia Revier,colonia revier,-25.4516285,-49.4038432,brasil_aberto,True
PR,4104204,Campo Largo,Conjunto Habitacional Joaquim Celestino Ferreira,conjunto habitacional joaquim celestino ferreira,-25.4726161,-49.5196647,brasil_aberto,True
PR,4104204,Campo Largo,Conjunto Habitacional Monsenhor Francisco Gorski,conjunto habitacional monsenhor francisco gorski,-25.4869633,-49.5522343,brasil_aberto,True
PR,4104204,Campo Largo,Cristo Rei,cristo rei,-25.4809323,-49.5647676,brasil_aberto,True
PR,4104204,Campo Largo,Dom Rodrigo,dom rodrigo,-25.4187449,-49.6223329,brasil_aberto,True
PR,4104204,Campo Largo,Fazendinha,fazendinha,-25.4340455,-49.5077081,brasil_aberto,True
PR,4104204,Campo Largo,Felpudo,felpudo,-25.4201136,-49.5514392,brasil_aberto,True
PR,4104204,Campo Largo,Ferrari,ferrari,-25.4426153,-49.5233982,brasil_aberto,True
PR,4104204,Campo Largo,Ferraria,ferraria,-25.4374538,-49.3954514,brasil_aberto,True
PR,4104204,Campo Largo,Itambezinho,itambezinho,-25.4583624,-49.5337119,brasil_aberto,True
PR,4104204,Campo Largo,Itambé,itambe,-25.4336758,-49.6113404,brasil_aberto,True
PR,4104204,Campo Largo,Itaqui,itaqui,-25.4658431,-49.5733662,brasil_aberto,True
PR,4104204,Campo Largo,Itaqui de Cima,itaqui de cima,-25.4300309,-49.5771695,brasil_aberto,True
PR,4104204,Campo Largo,Jardim Alvorada,jardim alvorada,-25.4492929,-49.5137347,brasil_aberto,True
PR,4104204,Campo Largo,Jardim Bela Vista,jardim bela vista,,,brasil_aberto,True
PR,4104204,Campo Largo,Jardim Boa Vista,jardim boa vista,-25.4597575,-49.3984989,brasil_aberto,True
PR,4104204,Campo Largo,Jardim Busmayer,jardim busmayer,-25.4493782,-49.5383778,brasil_aberto,True
PR,4104204,Campo Largo,Jardim Carmela,jardim carmela,-25.4422384,-49.4844839,brasil_aberto,True
PR,4104204,Campo Largo,Jardim Céu Azul,jardim ceu azul,-25.4650698,-49.5586469,brasil_aberto,True
PR,4104204,Campo Largo,Jardim Emília,jardim emilia,-25.4448642,-49.4921694,brasil_aberto,True
PR,4104204,Campo Largo,Jardim Esmeralda,jardim esmeralda,-25.4710837,-49.5603829,brasil_aberto,True
PR,4104204,Campo Largo,Jardim Florestal,jardim florestal,-25.4792073,-49.5186907,brasil_aberto,True
PR,4104204,Campo Largo,Jardim Guarany,jardim guarany,-25.4321268,-49.4048837,brasil_aberto,True
PR,4104204,Campo Largo,Jardim Iruama,jardim iruama,-25.5010527,-49.5418628,brasil_aberto,True
PR,4104204,Campo Largo,Jardim Itaqui,jardim itaqui,-25.4774331,-49.576248,brasil_aberto,True
PR,4104204,Campo Largo,Jardim Itália,jardim italia,-25.452623,-49.5068859,brasil_aberto,True
PR,4104204,Campo Largo,Jardim Keli Cristina,jardim keli cristina,-25.4675949,-49.4093735,brasil_aberto,True
PR,4104204,Campo Largo,Jardim Lise,jardim lise,-25.4478534,-49.5719258,brasil_aberto,True
PR,4104204,Campo Largo,Jardim Lorenzete,jardim lorenzete,-25.4788183,-49.5686447,brasil_aberto,True
PR,4104204,Campo Largo,Jardim Melyane,jardim melyane,-25.4785239,-49.5706906,brasil_aberto,True
PR,4104204,Campo Largo,Jardim Nossa Senhora do Perpétuo Socorro,jardim nossa senhora do perpetuo socorro,-25.4773856,-49.5751778,brasil_aberto,True
PR,4104204,Campo Largo,Jardim Padre José de Anchieta,jardim padre jose de anchieta,-25.453824,-49.5092713,brasil_aberto,True
PR,4104204,Campo Largo,Jardim Paraíso Mineral,jardim paraiso mineral,-25.4451328,-49.5429198,brasil_aberto,True
PR,4104204,Campo Largo,Jardim Rivabem,jardim rivabem,-25.4489246,-49.5502267,brasil_aberto,True
PR,4104204,Campo Largo,Jardim Rondinha,jardim rondinha,-25.4526965,-49.473867,brasil_aberto,True
PR,4104204,Campo Largo,Jardim Santa Luzia,jardim santa luzia,-25.4410803,-49.536005,brasil_aberto,True
PR,4104204,Campo Largo,Jardim Social,jardim social,-25.4402389,-49.5480216,brasil_aberto,True
PR,4104204,Campo Largo,Jardim São Vicente,jardim sao vicente,-25.4716391,-49.5412806,brasil_aberto,True
PR,4104204,Campo Largo,Jardim Tropical,jardim tropical,-25.4762713,-49.545694,brasil_aberto,True
PR,4104204,Campo Largo,Jardim Três Rios,jardim tres rios,-25.4964815,-49.5464457,brasil_aberto,True
PR,4104204,Campo Largo,Jardim das Acácias,jardim das acacias,-25.5044371,-49.5381384,brasil_aberto,True
PR,4104204,Campo Largo,Jardim das Américas,jardim das americas,-25.4578133,-49.5403595,brasil_aberto,True
PR,4104204,Campo Largo,Jardim das Palmas,jardim das palmas,-25.4825532,-49.5359397,brasil_aberto,True
PR,4104204,Campo Largo,Jardim das Palmeiras,jardim das palmeiras,-25.4853027,-49.5280344,brasil_aberto,True
PR,4104204,Campo Largo,Javacaé,javacae,-25.4584079,-49.533696,brasil_aberto,True
PR,4104204,Campo Largo,Lavra,lavra,-25.4584079,-49.533696,brasil_aberto,True
PR,4104204,Campo Largo,Loteamento Bieda,loteamento bieda,-25.4651798,-49.5476657,brasil_aberto,True
PR,4104204,Campo Largo,Loteamento Cavalin,loteamento cavalin,-25.4624342,-49.5314054,brasil_aberto,True
PR,4104204,Campo Largo,Loteamento Helvídia,loteamento helvidia,-25.4401286,-49.5457822,brasil_aberto,True
PR,4104204,Campo Largo,Loteamento Itaboa,loteamento itaboa,,,brasil_aberto,True
PR,4104204,Campo Largo,Loteamento Leal,loteamento leal,-25.4476138,-49.5461336,brasil_aberto,True
PR,4104204,Campo Largo,Loteamento Miranda,loteamento miranda,-25.4564451,-49.5599261,brasil_aberto,True
PR,4104204,Campo Largo,Loteamento Santa Ana,loteamento santa ana,-25.4573065,-49.550853,brasil_aberto,True
PR,4104204,Campo Largo,Loteamento Santa Rita,loteamento santa rita,-25.4669498,-49.5422643,brasil_aberto,True
PR,4104204,Campo Largo,Loteamento Santo André,loteamento santo andre,-25.4665055,-49.5412269,brasil_aberto,True
PR,4104204,Campo Largo,Loteamento São Francisco de Assis,loteamento sao francisco de assis,-25.4469909,-49.5203919,brasil_aberto,True
PR,4104204,Campo Largo,Loteamento São Gerônimo,loteamento sao geronimo,-25.4407417,-49.5381848,brasil_aberto,True
PR,4104204,Campo Largo,Loteamento São José,loteamento sao jose,,,brasil_aberto,True
PR,4104204,Campo Largo,Loteamento Vila Verde,loteamento vila verde,-25.4705843,-49.5380689,brasil_aberto,True
PR,4104204,Campo Largo,Loteamento Vista Alegre,loteamento vista alegre,-25.4623515,-49.5464536,brasil_aberto,True
PR,4104204,Campo Largo,Loteamento Yara,loteamento yara,-25.4484452,-49.5492586,brasil_aberto,True
PR,4104204,Campo Largo,Moradias Bom Jesus,moradias bom jesus,-25.4661953,-49.5542332,brasil_aberto,True
PR,4104204,Campo Largo,Nova Trento,nova trento,-25.4616174,-49.5511622,brasil_aberto,True
PR,4104204,Campo Largo,Nova Trento II,nova trento ii,-25.4583064,-49.5548705,brasil_aberto,True
PR,4104204,Campo Largo,Núcleo Habitacional Doutor Abranches Guimarães,nucleo habitacional doutor abranches guimaraes,-25.4687086,-49.5217253,brasil_aberto,True
PR,4104204,Campo Largo,Núcleo Habitacional Mathias Batista,nucleo habitacional mathias batista,-25.4862338,-49.5714585,brasil_aberto,True
PR,4104204,Campo Largo,Ouro Verde,ouro verde,-25.4463652,-49.5295697,brasil_aberto,True
PR,4104204,Campo Largo,Palmital de São Silvestre,palmital de sao silvestre,,,brasil_aberto,True
PR,4104204,Campo Largo,Parque Bom Jesus,parque bom jesus,-25.4622089,-49.4037062,brasil_aberto,True
PR,4104204,Campo Largo,Passauna,passauna,-25.4233018,-49.3856575,brasil_aberto,True
PR,4104204,Campo Largo,Passo Fundo,passo fundo,-25.4583624,-49.5337119,brasil_aberto,True
PR,4104204,Campo Largo,Retiro Grande,retiro grande,-25.3461215,-49.6002786,brasil_aberto,True
PR,4104204,Campo Largo,Rondinha,rondinha,-25.4518845,-49.470997,brasil_aberto,True
PR,4104204,Campo Largo,Salgadinho,salgadinho,-25.432985,-49.5319287,brasil_aberto,True
PR,4104204,Campo Largo,Santa Cruz,santa cruz,-25.4569123,-49.5478126,brasil_aberto,True
PR,4104204,Campo Largo,Santa Nely,santa nely,-25.4396184,-49.4552171,brasil_aberto,True
PR,4104204,Campo Largo,Santa Quitéria,santa quiteria,-25.3546043,-49.5075259,brasil_aberto,True
PR,4104204,Campo Largo,Sitio Santa Ana,sitio santa ana,-25.4469227,-49.5388585,brasil_aberto,True
PR,4104204,Campo Largo,São João I,sao joao i,-25.4718007,-49.5434448,brasil_aberto,True
PR,4104204,Campo Largo,São Marcos,sao marcos,-25.4786317,-49.5493429,brasil_aberto,True
PR,4104204,Campo Largo,São Pedro,sao pedro,-25.4651317,-49.4043037,brasil_aberto,True
PR,4104204,Campo Largo,Timbotuva,timbotuva,-25.4505158,-49.4407373,brasil_aberto,True
PR,4104204,Campo Largo,Três Córregos,tres corregos,-25.2203203,-49.6324333,brasil_aberto,True
PR,4104204,Campo Largo,Vila Alzira,vila alzira,-25.4638226,-49.5500467,brasil_aberto,True
PR,4104204,Campo Largo,Vila Andreassa Miranda,vila andreassa miranda,-25.4511994,-49.5541145,brasil_aberto,True
PR,4104204,Campo Largo,Vila Antares,vila antares,-25.439767,-49.5381219,brasil_aberto,True
PR,4104204,Campo Largo,Vila Antônio Seguro,vila antonio seguro,-25.4893356,-49.5490037,brasil_aberto,True
PR,4104204,Campo Largo,Vila Bancária,vila bancaria,-25.465818,-49.5185927,brasil_aberto,True
PR,4104204,Campo Largo,Vila Campesi,vila campesi,-25.472695,-49.5674742,brasil_aberto,True
PR,4104204,Campo Largo,Vila Cilka,vila cilka,-25.447681,-49.515129,brasil_aberto,True
PR,4104204,Campo Largo,Vila Conceição,vila conceicao,-25.4336667,-49.417681,brasil_aberto,True
PR,4104204,Campo Largo,Vila David Antônio,vila david antonio,-25.4663678,-49.4045836,brasil_aberto,True
PR,4104204,Campo Largo,Vila Delurdes,vila delurdes,-25.4605677,-49.5145153,brasil_aberto,True
PR,4104204,Campo Largo,Vila Dom Pedro,vila dom pedro,-25.4287108,-49.4142368,brasil_aberto,True
PR,4104204,Campo Largo,Vila Dom Pedro II,vila dom pedro ii,-25.4284659,-49.4049772,brasil_aberto,True
PR,4104204,Campo Largo,Vila Dona Fina,vila dona fina,-25.4490611,-49.3907657,brasil_aberto,True
PR,4104204,Campo Largo,Vila Déa,vila dea,-25.4591926,-49.3933981,brasil_aberto,True
PR,4104204,Campo Largo,Vila Elizabeth,vila elizabeth,-25.4499488,-49.5107388,brasil_aberto,True
PR,4104204,Campo Largo,Vila Ferrari II,vila ferrari ii,-25.4421917,-49.5241363,brasil_aberto,True
PR,4104204,Campo Largo,Vila Gilcy,vila gilcy,-25.4567815,-49.3880192,brasil_aberto,True
PR,4104204,Campo Largo,Vila Glória,vila gloria,-25.4751566,-49.5705686,brasil_aberto,True
PR,4104204,Campo Largo,Vila Itaqui,vila itaqui,-25.4737398,-49.5699762,brasil_aberto,True
PR,4104204,Campo Largo,Vila Kuster,vila kuster,-25.4706203,-49.5651502,brasil_aberto,True
PR,4104204,Campo Largo,Vila Mariano Torres,vila mariano torres,-25.4419386,-49.4606456,brasil_aberto,True
PR,4104204,Campo Largo,Vila Nossa Senhora do Carmo,vila nossa senhora do carmo,-25.470014,-49.5330015,brasil_aberto,True
PR,4104204,Campo Largo,Vila Nova,vila nova,-25.4511118,-49.5457234,brasil_aberto,True
PR,4104204,Campo Largo,Vila Operária,vila operaria,,,brasil_aberto,True
PR,4104204,Campo Largo,Vila Otto,vila otto,-25.4518234,-49.5178199,brasil_aberto,True
PR,4104204,Campo Largo,Vila Pompéia,vila pompeia,-25.4397923,-49.4532075,brasil_aberto,True
PR,4104204,Campo Largo,Vila Rivabem,vila rivabem,-25.4444478,-49.5560197,brasil_aberto,True
PR,4104204,Campo Largo,Vila Santa Terezinha,vila santa terezinha,-25.4596868,-49.5444301,brasil_aberto,True
PR,4104204,Campo Largo,Vila Solene,vila solene,,,brasil_aberto,True
PR,4104204,Campo Largo,Vila São Luiz,vila sao luiz,-25.4466655,-49.4513738,brasil_aberto,True
PR,4104204,Campo Largo,Vila Torres,vila torres,-25.46708,-49.38947,brasil_aberto,True
PR,4104204,Campo Largo,Vila Vista Alegre,vila vista alegre,-25.4611311,-49.5480258,brasil_aberto,True
PR,4104204,Campo Largo,Vista Bonita,vista bonita,-25.4584079,-49.533696,brasil_aberto,True
PR,4104204,Campo Largo,Águas Claras,aguas claras,-25.4761063,-49.5532995,brasil_aberto,True
PR,4104204,Campo Largo,Área Rural de Campo Largo,area rural de campo largo,-25.4583624,-49.5337119,brasil_aberto,True
PR,4104253,Campo Magro,Boa Vista,boa vista,-25.3758611,-49.3573935,brasil_aberto,True
PR,4104253,Campo Magro,Centro,centro,-25.3815818,-49.3855636,brasil_aberto,True
PR,4104253,Campo Magro,Jardim Bom Pastor,jardim bom pastor,-25.3920271,-49.3852048,brasil_aberto,True
PR,4104253,Campo Magro,Jardim Novos Horizontes,jardim novos horizontes,-25.3700816,-49.4163184,brasil_aberto,True
PR,4104253,Campo Magro,Jardim Viviane,jardim viviane,,,brasil_aberto,True
PR,4104253,Campo Magro,Água Boa,agua boa,,,brasil_aberto,True
PR,4104303,Campo Mourão,Centro,centro,-24.0475729,-52.3722234,brasil_aberto,True
PR,4104303,Campo Mourão,Conjunto Habitacional Antilhas,conjunto habitacional antilhas,-24.0437988,-52.3810674,brasil_aberto,True
PR,4104303,Campo Mourão,Conjunto Habitacional Governador José Richa,conjunto habitacional governador jose richa,-24.0035909,-52.3631241,brasil_aberto,True
PR,4104303,Campo Mourão,Conjunto Habitacional Governador Parigot de Souza,conjunto habitacional governador parigot de souza,-24.0275215,-52.3552823,brasil_aberto,True
PR,4104303,Campo Mourão,Conjunto Habitacional Mendes,conjunto habitacional mendes,-24.058679,-52.4226737,brasil_aberto,True
PR,4104303,Campo Mourão,Conjunto Habitacional Milton Luiz Pereira,conjunto habitacional milton luiz pereira,-24.0584418,-52.4209952,brasil_aberto,True
PR,4104303,Campo Mourão,Conjunto Habitacional Milton de Paula Walter,conjunto habitacional milton de paula walter,-24.0053393,-52.3725047,brasil_aberto,True
PR,4104303,Campo Mourão,Conjunto Habitacional Montes Claros,conjunto habitacional montes claros,-24.0108025,-52.3527747,brasil_aberto,True
PR,4104303,Campo Mourão,Conjunto Habitacional Mundo Novo,conjunto habitacional mundo novo,-24.0165823,-52.3753694,brasil_aberto,True
PR,4104303,Campo Mourão,Conjunto Habitacional Mário Figueiredo,conjunto habitacional mario figueiredo,-23.9963676,-52.3650462,brasil_aberto,True
PR,4104303,Campo Mourão,Conjunto Habitacional Parque Verde,conjunto habitacional parque verde,-24.0567806,-52.4249749,brasil_aberto,True
PR,4104303,Campo Mourão,Conjunto Habitacional Primavera,conjunto habitacional primavera,-24.3900951,-53.5208071,brasil_aberto,True
PR,4104303,Campo Mourão,Conjunto Habitacional São Francisco de Assis,conjunto habitacional sao francisco de assis,-24.0501928,-52.394888,brasil_aberto,True
PR,4104303,Campo Mourão,Conjunto Residencial Capricórnio,conjunto residencial capricornio,-24.0541954,-52.3752084,brasil_aberto,True
PR,4104303,Campo Mourão,Conjunto Residencial Ilha Bela,conjunto residencial ilha bela,-24.0275146,-52.3621436,brasil_aberto,True
PR,4104303,Campo Mourão,Conjunto Residencial Piacentini,conjunto residencial piacentini,-24.0168865,-52.3656943,brasil_aberto,True
PR,4104303,Campo Mourão,Distrito Industrial I,distrito industrial i,-24.0641809,-52.4312891,brasil_aberto,True
PR,4104303,Campo Mourão,Jardim Aeroporto,jardim aeroporto,-24.015121,-52.3539052,brasil_aberto,True
PR,4104303,Campo Mourão,Jardim Alcantara,jardim alcantara,-24.0321774,-52.3832311,brasil_aberto,True
PR,4104303,Campo Mourão,Jardim Alvorada,jardim alvorada,-24.0212346,-52.3734388,brasil_aberto,True
PR,4104303,Campo Mourão,Jardim América,jardim america,-24.0004291,-52.3536515,brasil_aberto,True
PR,4104303,Campo Mourão,Jardim Ana Elisa,jardim ana elisa,-24.0264414,-52.3736378,brasil_aberto,True
PR,4104303,Campo Mourão,Jardim Antônio Toledo Silveira,jardim antonio toledo silveira,-24.0434572,-52.3736898,brasil_aberto,True
PR,4104303,Campo Mourão,Jardim Aurora,jardim aurora,-24.0296601,-52.3778209,brasil_aberto,True
PR,4104303,Campo Mourão,Jardim Bandeirantes,jardim bandeirantes,-24.018808,-52.3650827,brasil_aberto,True
PR,4104303,Campo Mourão,Jardim Batel,jardim batel,-23.9961087,-52.3607501,brasil_aberto,True
PR,4104303,Campo Mourão,Jardim Batel II,jardim batel ii,-23.9946896,-52.3593558,brasil_aberto,True
PR,4104303,Campo Mourão,Jardim Bella Vista,jardim bella vista,-24.0248236,-52.3856586,brasil_aberto,True
PR,4104303,Campo Mourão,Jardim Botânico I,jardim botanico i,-24.0584203,-52.3677057,brasil_aberto,True
PR,4104303,Campo Mourão,Jardim Botânico II,jardim botanico ii,-24.0600795,-52.3657519,brasil_aberto,True
PR,4104303,Campo Mourão,Jardim Brasília,jardim brasilia,-24.026525,-52.361562,brasil_aberto,True
PR,4104303,Campo Mourão,Jardim Casali,jardim casali,-24.0574037,-52.3699258,brasil_aberto,True
PR,4104303,Campo Mourão,Jardim Cidade Alta,jardim cidade alta,-24.0438137,-52.3810481,brasil_aberto,True
PR,4104303,Campo Mourão,Jardim Cidade Alta II,jardim cidade alta ii,-24.0172199,-52.3773131,brasil_aberto,True
PR,4104303,Campo Mourão,Jardim Cidade Nova,jardim cidade nova,-24.016797,-52.3779383,brasil_aberto,True
PR,4104303,Campo Mourão,Jardim Cidade Verde,jardim cidade verde,-24.0263527,-52.376992,brasil_aberto,True
PR,4104303,Campo Mourão,Jardim Conrado,jardim conrado,-24.0282469,-52.3677292,brasil_aberto,True
PR,4104303,Campo Mourão,Jardim Copacabana,jardim copacabana,-24.0387253,-52.3901475,brasil_aberto,True
PR,4104303,Campo Mourão,Jardim Copacabana II,jardim copacabana ii,-24.0412328,-52.3952435,brasil_aberto,True
PR,4104303,Campo Mourão,Jardim Copacabana III,jardim copacabana iii,-24.0408009,-52.3956209,brasil_aberto,True
PR,4104303,Campo Mourão,Jardim Country Club,jardim country club,-24.0484335,-52.3691045,brasil_aberto,True
PR,4104303,Campo Mourão,Jardim Curitiba,jardim curitiba,-24.0437988,-52.3810674,brasil_aberto,True
PR,4104303,Campo Mourão,Jardim Damasco,jardim damasco,-24.052774,-52.4024117,brasil_aberto,True
PR,4104303,Campo Mourão,Jardim Esperança,jardim esperanca,-24.0063857,-52.3617049,brasil_aberto,True
PR,4104303,Campo Mourão,Jardim Europa,jardim europa,-24.3434909,-50.6062817,brasil_aberto,True
PR,4104303,Campo Mourão,Jardim Europa II,jardim europa ii,-24.060571,-52.4165063,brasil_aberto,True
PR,4104303,Campo Mourão,Jardim Fernando,jardim fernando,-24.0556554,-52.403081,brasil_aberto,True
PR,4104303,Campo Mourão,Jardim Flor de Lis I,jardim flor de lis i,-24.0427769,-52.3620384,brasil_aberto,True
PR,4104303,Campo Mourão,Jardim Flor de Lis II,jardim flor de lis ii,-24.0427769,-52.3620384,brasil_aberto,True
PR,4104303,Campo Mourão,Jardim Flor do Campo,jardim flor do campo,-24.0181842,-52.3504708,brasil_aberto,True
PR,4104303,Campo Mourão,Jardim Flora,jardim flora,-24.0408571,-52.3636066,brasil_aberto,True
PR,4104303,Campo Mourão,Jardim Flora II,jardim flora ii,-24.0389031,-52.3625941,brasil_aberto,True
PR,4104303,Campo Mourão,Jardim Flora III,jardim flora iii,-24.036379,-52.3622148,brasil_aberto,True
PR,4104303,Campo Mourão,Jardim Flora IV,jardim flora iv,-24.036379,-52.3622148,brasil_aberto,True
PR,4104303,Campo Mourão,Jardim Flórida,jardim florida,-24.0456909,-52.3685359,brasil_aberto,True
PR,4104303,Campo Mourão,Jardim Francisco Ferreira Albuquerque,jardim francisco ferreira albuquerque,-24.0329366,-52.363445,brasil_aberto,True
PR,4104303,Campo Mourão,Jardim Gutierrez,jardim gutierrez,-24.0525276,-52.3653799,brasil_aberto,True
PR,4104303,Campo Mourão,Jardim Horizonte,jardim horizonte,-24.0321342,-52.3810011,brasil_aberto,True
PR,4104303,Campo Mourão,Jardim Imperial I,jardim imperial i,-24.026705,-52.3545251,brasil_aberto,True
PR,4104303,Campo Mourão,Jardim Indianópolis,jardim indianopolis,-24.0437988,-52.3810674,brasil_aberto,True
PR,4104303,Campo Mourão,Jardim Ione,jardim ione,-24.0321342,-52.3810011,brasil_aberto,True
PR,4104303,Campo Mourão,Jardim Ipanema,jardim ipanema,-24.0375911,-52.3992767,brasil_aberto,True
PR,4104303,Campo Mourão,Jardim Ipanema II,jardim ipanema ii,-24.0390226,-52.4014951,brasil_aberto,True
PR,4104303,Campo Mourão,Jardim Izabel,jardim izabel,-24.0214374,-52.3630946,brasil_aberto,True
PR,4104303,Campo Mourão,Jardim Joana D' Arc,jardim joana d' arc,-24.0385939,-52.365121,brasil_aberto,True
PR,4104303,Campo Mourão,Jardim John Kennedy,jardim john kennedy,-24.0315206,-52.3785692,brasil_aberto,True
PR,4104303,Campo Mourão,Jardim Kimberlim,jardim kimberlim,-24.023487,-52.3619348,brasil_aberto,True
PR,4104303,Campo Mourão,Jardim Lar Paraná,jardim lar parana,-24.0485555,-52.3995065,brasil_aberto,True
PR,4104303,Campo Mourão,Jardim Laura,jardim laura,-24.0513535,-52.3710536,brasil_aberto,True
PR,4104303,Campo Mourão,Jardim Lopes,jardim lopes,-24.0370602,-52.3880308,brasil_aberto,True
PR,4104303,Campo Mourão,Jardim Lourdes,jardim lourdes,-24.0502217,-52.374271,brasil_aberto,True
PR,4104303,Campo Mourão,Jardim Maia,jardim maia,-24.0537076,-52.3734812,brasil_aberto,True
PR,4104303,Campo Mourão,Jardim Maria Barletta,jardim maria barletta,-24.0533164,-52.3960966,brasil_aberto,True
PR,4104303,Campo Mourão,Jardim Marino Emer,jardim marino emer,-24.0437988,-52.3810674,brasil_aberto,True
PR,4104303,Campo Mourão,Jardim Modelo,jardim modelo,-24.0063829,-52.3642909,brasil_aberto,True
PR,4104303,Campo Mourão,Jardim Nossa Senhora Aparecida,jardim nossa senhora aparecida,-24.0126369,-52.364004,brasil_aberto,True
PR,4104303,Campo Mourão,Jardim Novo Campo,jardim novo campo,-24.0002485,-52.3681174,brasil_aberto,True
PR,4104303,Campo Mourão,Jardim Novo Centro,jardim novo centro,-24.0463316,-52.3789303,brasil_aberto,True
PR,4104303,Campo Mourão,Jardim Orly,jardim orly,-24.0370941,-52.3889571,brasil_aberto,True
PR,4104303,Campo Mourão,Jardim Paraíso do Campo,jardim paraiso do campo,-24.037555,-52.3852938,brasil_aberto,True
PR,4104303,Campo Mourão,Jardim Paulino,jardim paulino,-24.0598659,-52.412189,brasil_aberto,True
PR,4104303,Campo Mourão,Jardim Paulista,jardim paulista,-24.0213726,-52.3522851,brasil_aberto,True
PR,4104303,Campo Mourão,Jardim Pio XII,jardim pio xii,-24.0508699,-52.4122491,brasil_aberto,True
PR,4104303,Campo Mourão,Jardim Residencial Araucária,jardim residencial araucaria,-24.0584289,-52.3702098,brasil_aberto,True
PR,4104303,Campo Mourão,Jardim Residencial Maria Clara,jardim residencial maria clara,-24.0273497,-52.3607512,brasil_aberto,True
PR,4104303,Campo Mourão,Jardim Residencial do Lago,jardim residencial do lago,-24.0467473,-52.3629254,brasil_aberto,True
PR,4104303,Campo Mourão,Jardim San Marino,jardim san marino,-24.0244114,-52.3600065,brasil_aberto,True
PR,4104303,Campo Mourão,Jardim Santa Casa,jardim santa casa,-24.0275974,-52.395546,brasil_aberto,True
PR,4104303,Campo Mourão,Jardim Santa Cruz,jardim santa cruz,-23.9988881,-52.3608123,brasil_aberto,True
PR,4104303,Campo Mourão,Jardim Santa Nilce I,jardim santa nilce i,-24.0259789,-52.3709853,brasil_aberto,True
PR,4104303,Campo Mourão,Jardim Santa Nilce II,jardim santa nilce ii,-24.0246273,-52.3739796,brasil_aberto,True
PR,4104303,Campo Mourão,Jardim Shangrilá,jardim shangrila,-24.0439509,-52.3643293,brasil_aberto,True
PR,4104303,Campo Mourão,Jardim Shangrilá II,jardim shangrila ii,-24.0357652,-52.3652124,brasil_aberto,True
PR,4104303,Campo Mourão,Jardim Silvana,jardim silvana,-23.9934881,-52.3578134,brasil_aberto,True
PR,4104303,Campo Mourão,Jardim Social Constantino,jardim social constantino,-24.0340469,-52.3807498,brasil_aberto,True
PR,4104303,Campo Mourão,Jardim Sol Nascente,jardim sol nascente,-24.0271448,-52.3503845,brasil_aberto,True
PR,4104303,Campo Mourão,Jardim Sol Nascente II,jardim sol nascente ii,-24.0263079,-52.3505557,brasil_aberto,True
PR,4104303,Campo Mourão,Jardim São Luis,jardim sao luis,-24.0533478,-52.4036323,brasil_aberto,True
PR,4104303,Campo Mourão,Jardim São Pedro,jardim sao pedro,-24.0437988,-52.3810674,brasil_aberto,True
PR,4104303,Campo Mourão,Jardim São Sebastião,jardim sao sebastiao,-24.0307942,-52.3709859,brasil_aberto,True
PR,4104303,Campo Mourão,Jardim Tomasi,jardim tomasi,-24.0346666,-52.3912552,brasil_aberto,True
PR,4104303,Campo Mourão,Jardim Topázio,jardim topazio,-24.0368489,-52.3871231,brasil_aberto,True
PR,4104303,Campo Mourão,Jardim Tropical I,jardim tropical i,-24.0056131,-52.3543001,brasil_aberto,True
PR,4104303,Campo Mourão,Jardim Tropical II,jardim tropical ii,-24.0002289,-52.3450576,brasil_aberto,True
PR,4104303,Campo Mourão,Jardim Três Marias,jardim tres marias,-24.0319605,-52.3616684,brasil_aberto,True
PR,4104303,Campo Mourão,Jardim Veneza,jardim veneza,-24.0591808,-52.408272,brasil_aberto,True
PR,4104303,Campo Mourão,Jardim Victória,jardim victoria,-24.0172996,-52.3795127,brasil_aberto,True
PR,4104303,Campo Mourão,Jardim Villaggio Trombini,jardim villaggio trombini,-24.0357652,-52.3652124,brasil_aberto,True
PR,4104303,Campo Mourão,Jardim Vitória,jardim vitoria,-24.0314034,-52.3801024,brasil_aberto,True
PR,4104303,Campo Mourão,Jardim Vitória Régia,jardim vitoria regia,-24.0460207,-52.385279,brasil_aberto,True
PR,4104303,Campo Mourão,Jardim Voidelo,jardim voidelo,-24.0357322,-52.3881881,brasil_aberto,True
PR,4104303,Campo Mourão,Jardim Zoraide,jardim zoraide,-24.0481067,-52.3879622,brasil_aberto,True
PR,4104303,Campo Mourão,Moradias Avelino Piacentini,moradias avelino piacentini,-23.9958065,-52.3476105,brasil_aberto,True
PR,4104303,Campo Mourão,Moradias Condor,moradias condor,-24.1598631,-52.4830084,brasil_aberto,True
PR,4104303,Campo Mourão,Moradias Verdes Campos,moradias verdes campos,-24.0266809,-52.3739462,brasil_aberto,True
PR,4104303,Campo Mourão,Parque Industrial Augusto Tezelli Filho,parque industrial augusto tezelli filho,-24.0594202,-52.3818833,brasil_aberto,True
PR,4104303,Campo Mourão,Parque Residencial Ipê,parque residencial ipe,-24.0523024,-52.3998138,brasil_aberto,True
PR,4104303,Campo Mourão,Parque São João,parque sao joao,-24.052191,-52.3794841,brasil_aberto,True
PR,4104303,Campo Mourão,Parque das Acácias,parque das acacias,-24.049494,-52.3912261,brasil_aberto,True
PR,4104303,Campo Mourão,Piquirivaí,piquirivai,-24.1595739,-52.48092399999999,brasil_aberto,True
PR,4104303,Campo Mourão,Residencial Campelle,residencial campelle,-24.0555766,-52.4070542,brasil_aberto,True
PR,4104303,Campo Mourão,Residencial Diamante Azul,residencial diamante azul,-24.0081348,-52.3506511,brasil_aberto,True
PR,4104303,Campo Mourão,Residencial Fortunato Perdoncini,residencial fortunato perdoncini,-24.0226729,-52.3776964,brasil_aberto,True
PR,4104303,Campo Mourão,Residencial Fortunato Perdoncini II,residencial fortunato perdoncini ii,-24.0132598,-52.3722293,brasil_aberto,True
PR,4104303,Campo Mourão,Residencial Gran Riva,residencial gran riva,-24.0273548,-52.4011571,brasil_aberto,True
PR,4104303,Campo Mourão,Residencial Isabela,residencial isabela,-24.0649911,-52.3863528,brasil_aberto,True
PR,4104303,Campo Mourão,Residencial Parque Arnaldo Walter Bronzel,residencial parque arnaldo walter bronzel,-24.022193,-52.3786316,brasil_aberto,True
PR,4104303,Campo Mourão,Residencial Parque do Lago,residencial parque do lago,-24.0505685,-52.357166,brasil_aberto,True
PR,4104303,Campo Mourão,Residencial Ricardo Zaleski,residencial ricardo zaleski,-24.052785,-52.3853748,brasil_aberto,True
PR,4104303,Campo Mourão,Rio do Campo Condomínio Clube,rio do campo condominio clube,-24.0478906,-52.35846189999999,brasil_aberto,True
PR,4104303,Campo Mourão,Vila Corinthians,vila corinthians,-24.0261962,-52.3609061,brasil_aberto,True
PR,4104303,Campo Mourão,Vila Cândida,vila candida,-24.0454283,-52.4056799,brasil_aberto,True
PR,4104303,Campo Mourão,Vila Guarujá,vila guaruja,-24.0807733,-52.3800684,brasil_aberto,True
PR,4104303,Campo Mourão,Vila Nova,vila nova,-24.0121548,-52.3515351,brasil_aberto,True
PR,4104303,Campo Mourão,Vila Rio Grande,vila rio grande,-24.0354891,-52.3910699,brasil_aberto,True
PR,4104303,Campo Mourão,Vila Teixeira,vila teixeira,-24.0499451,-52.3646112,brasil_aberto,True
PR,4104303,Campo Mourão,Vila Urupês,vila urupes,-24.0317784,-52.3750562,brasil_aberto,True
PR,4104303,Campo Mourão,Área Rural de Campo Mourão,area rural de campo mourao,-24.0437988,-52.3810674,brasil_aberto,True
PR,4104303,Campo Mourão,Área Urbanizada I,area urbanizada i,-24.0641809,-52.4312891,brasil_aberto,True
PR,4104303,Campo Mourão,Área Urbanizada II,area urbanizada ii,-24.014107,-52.41244280000001,brasil_aberto,True
PR,4104303,Campo Mourão,Área Urbanizada III,area urbanizada iii,-24.0005666,-52.3574953,brasil_aberto,True
PR,4104303,Campo Mourão,Área Urbanizada VI,area urbanizada vi,-24.0469803,-52.3936822,brasil_aberto,True
PR,4104105,Campo do Tenente,Centro,centro,-25.9824156,-49.6851914,brasil_aberto,True
PR,4104428,Candói,Centro,centro,-25.5695348,-52.04938809999999,brasil_aberto,True
PR,4104501,Capanema,Cristo Rei,cristo rei,-25.6005315,-53.7580617,brasil_aberto,True
PR,4104501,Capanema,Pinheiro,pinheiro,-25.6412918,-53.67425,brasil_aberto,True
PR,4104501,Capanema,Santa Clara,santa clara,-25.5920085,-53.9362483,brasil_aberto,True
PR,4104501,Capanema,São Luiz,sao luiz,-25.6360736,-53.8674939,brasil_aberto,True
PR,4104600,Capitão Leônidas Marques,Alto Alegre do Iguaçu,alto alegre do iguacu,-25.4811352,-53.4830883,brasil_aberto,True
PR,4104600,Capitão Leônidas Marques,Centro,centro,-25.4734841,-49.2175105,brasil_aberto,True
PR,4104659,Carambeí,Centro,centro,-24.9511127,-50.11201399999999,brasil_aberto,True
PR,4104709,Carlópolis,Centro,centro,,,brasil_aberto,True
PR,4104709,Carlópolis,Nova Brasília do Itararé,nova brasilia do itarare,-23.5448252,-49.7382141,brasil_aberto,True
PR,4104808,Cascavel,14 de Novembro,14 de novembro,-24.9839469,-53.4836958,brasil_aberto,True
PR,4104808,Cascavel,Albino Nicolau Schmidt,albino nicolau schmidt,-25.0025275,-53.5287049,brasil_aberto,True
PR,4104808,Cascavel,Alto Alegre,alto alegre,-24.9621653,-53.4878489,brasil_aberto,True
PR,4104808,Cascavel,Alto Pará,alto para,-24.9541715,-53.480283,brasil_aberto,True
PR,4104808,Cascavel,Aroeira,aroeira,-24.95,-53.4,brasil_aberto,True
PR,4104808,Cascavel,Arquimedes,arquimedes,-24.9541715,-53.480283,brasil_aberto,True
PR,4104808,Cascavel,Barreiro,barreiro,-24.8749511,-53.3168792,brasil_aberto,True
PR,4104808,Cascavel,Barro Preto,barro preto,-24.9554503,-53.45523610000001,brasil_aberto,True
PR,4104808,Cascavel,Bom Retiro,bom retiro,-25.0472525,-53.4469142,brasil_aberto,True
PR,4104808,Cascavel,Brasília,brasilia,-24.932097,-53.4273776,brasil_aberto,True
PR,4104808,Cascavel,Brazmadeira,brazmadeira,-24.9270644,-53.4369378,brasil_aberto,True
PR,4104808,Cascavel,Cachoeira,cachoeira,-24.9541715,-53.480283,brasil_aberto,True
PR,4104808,Cascavel,Canadá,canada,-24.9284364,-53.461386,brasil_aberto,True
PR,4104808,Cascavel,Cancelli,cancelli,-24.9310946,-53.4771882,brasil_aberto,True
PR,4104808,Cascavel,Cascavel Velho,cascavel velho,-24.9785374,-53.4282287,brasil_aberto,True
PR,4104808,Cascavel,Cataratas,cataratas,-24.9580256,-53.4024231,brasil_aberto,True
PR,4104808,Cascavel,Central Lupion,central lupion,-25.0,-53.566667,brasil_aberto,True
PR,4104808,Cascavel,Centralito,centralito,-24.9837829,-53.3501916,brasil_aberto,True
PR,4104808,Cascavel,Citvel I,citvel i,-24.9216553,-53.4941566,brasil_aberto,True
PR,4104808,Cascavel,Colônia Centenário,colonia centenario,-24.9541715,-53.480283,brasil_aberto,True
PR,4104808,Cascavel,Colônia Esperança,colonia esperanca,-24.9636924,-53.3097593,brasil_aberto,True
PR,4104808,Cascavel,Colônia Melissa,colonia melissa,-24.8327848,-53.4075868,brasil_aberto,True
PR,4104808,Cascavel,Colônia Sapucaí,colonia sapucai,-24.889476,-53.241327,brasil_aberto,True
PR,4104808,Cascavel,Colônia São José,colonia sao jose,-24.9433474,-53.4828565,brasil_aberto,True
PR,4104808,Cascavel,Coqueiral,coqueiral,-24.9530636,-53.4985518,brasil_aberto,True
PR,4104808,Cascavel,Country,country,-24.9465682,-53.457084,brasil_aberto,True
PR,4104808,Cascavel,Domiciliano Theobaldo Bresolin,domiciliano theobaldo bresolin,-24.943014,-53.4279242,brasil_aberto,True
PR,4104808,Cascavel,Esmeralda,esmeralda,-24.9795741,-53.5028395,brasil_aberto,True
PR,4104808,Cascavel,Espigão Azul,espigao azul,-24.8307613,-53.4646794,brasil_aberto,True
PR,4104808,Cascavel,FAG,fag,-24.9471261,-53.5077118,brasil_aberto,True
PR,4104808,Cascavel,Fazenda Jangada,fazenda jangada,-25.1205992,-53.42738869999999,brasil_aberto,True
PR,4104808,Cascavel,Fazenda do Brigadeiro,fazenda do brigadeiro,-24.9541715,-53.480283,brasil_aberto,True
PR,4104808,Cascavel,Floresta,floresta,-24.9286197,-53.4258016,brasil_aberto,True
PR,4104808,Cascavel,Gamadinho,gamadinho,-25.0952301,-53.5204244,brasil_aberto,True
PR,4104808,Cascavel,Guarujá,guaruja,-24.9880909,-53.4956732,brasil_aberto,True
PR,4104808,Cascavel,Interlagos,interlagos,-24.9140653,-53.4316889,brasil_aberto,True
PR,4104808,Cascavel,Juvinópolis,juvinopolis,-25.2607536,-53.3426377,brasil_aberto,True
PR,4104808,Cascavel,Maria Luiza,maria luiza,-24.954404,-53.4563412,brasil_aberto,True
PR,4104808,Cascavel,Morumbi,morumbi,-24.935659,-53.4026414,brasil_aberto,True
PR,4104808,Cascavel,Neva,neva,-24.9759115,-53.4724047,brasil_aberto,True
PR,4104808,Cascavel,Nossa Senhora de Lourdes,nossa senhora de lourdes,-24.9541715,-53.480283,brasil_aberto,True
PR,4104808,Cascavel,Novo Horizonte,novo horizonte,-24.851936,-53.5183382,brasil_aberto,True
PR,4104808,Cascavel,Olaria,olaria,-24.9541715,-53.480283,brasil_aberto,True
PR,4104808,Cascavel,Pacaembu,pacaembu,-24.9564369,-53.4184909,brasil_aberto,True
PR,4104808,Cascavel,Parque São Paulo,parque sao paulo,-24.9643093,-53.4531889,brasil_aberto,True
PR,4104808,Cascavel,Parque Verde,parque verde,-24.9406078,-53.4894275,brasil_aberto,True
PR,4104808,Cascavel,Periolo,periolo,-24.9400842,-53.4146445,brasil_aberto,True
PR,4104808,Cascavel,Pinhalzinho,pinhalzinho,-24.9541715,-53.480283,brasil_aberto,True
PR,4104808,Cascavel,Pioneiros Catarinenses,pioneiros catarinenses,-24.9682719,-53.4787595,brasil_aberto,True
PR,4104808,Cascavel,Portão,portao,-24.9541715,-53.480283,brasil_aberto,True
PR,4104808,Cascavel,Recanto Tropical,recanto tropical,-24.9380581,-53.4857151,brasil_aberto,True
PR,4104808,Cascavel,Região do Lago,regiao do lago,-24.9687372,-53.4397039,brasil_aberto,True
PR,4104808,Cascavel,Rio Novo,rio novo,-24.9271367,-53.2469206,brasil_aberto,True
PR,4104808,Cascavel,Rio Saltinho,rio saltinho,-24.9548655,-53.4502484,brasil_aberto,True
PR,4104808,Cascavel,Rio das Antas,rio das antas,-24.9046478,-53.5345623,brasil_aberto,True
PR,4104808,Cascavel,Rio do Salto,rio do salto,-25.1366887,-53.33222319999999,brasil_aberto,True
PR,4104808,Cascavel,Salto Portão,salto portao,-25.03364,-53.26433,brasil_aberto,True
PR,4104808,Cascavel,Santa Cruz,santa cruz,-24.9735848,-53.4994981,brasil_aberto,True
PR,4104808,Cascavel,Santa Felicidade,santa felicidade,-24.9886435,-53.4575356,brasil_aberto,True
PR,4104808,Cascavel,Santos Dumont,santos dumont,-24.9967738,-53.5082986,brasil_aberto,True
PR,4104808,Cascavel,Sede Alvorada,sede alvorada,-24.827089,-53.6454961,brasil_aberto,True
PR,4104808,Cascavel,Sitio de Recreio Paraíso,sitio de recreio paraiso,-25.0072739,-53.4605247,brasil_aberto,True
PR,4104808,Cascavel,São Braz,sao braz,-25.0024524,-53.4547092,brasil_aberto,True
PR,4104808,Cascavel,São Cristóvão,sao cristovao,-24.9365831,-53.4326103,brasil_aberto,True
PR,4104808,Cascavel,São João d'Oeste,sao joao d'oeste,-24.9555816,-53.2287955,brasil_aberto,True
PR,4104808,Cascavel,São Pedro Lopei,sao pedro lopei,-24.9541356,-53.48024059999999,brasil_aberto,True
PR,4104808,Cascavel,São Salvador,sao salvador,-25.0359027,-53.3679206,brasil_aberto,True
PR,4104808,Cascavel,Universitário,universitario,-24.9847484,-53.4432618,brasil_aberto,True
PR,4104808,Cascavel,Vista Linda,vista linda,-24.9256169,-53.4532163,brasil_aberto,True
PR,4104808,Cascavel,Área Rural de Cascavel,area rural de cascavel,-24.9541715,-53.480283,brasil_aberto,True
PR,4104907,Castro,Abapã,abapa,-24.9432016,-49.825334,brasil_aberto,True
PR,4104907,Castro,Agostinho,agostinho,-24.8053496,-49.9981764,brasil_aberto,True
PR,4104907,Castro,Andorinhas,andorinhas,-24.8054533,-49.9979898,brasil_aberto,True
PR,4104907,Castro,Anna Teodora,anna teodora,-24.8166968,-50.005948,brasil_aberto,True
PR,4104907,Castro,Areias,areias,-24.8054533,-49.9979898,brasil_aberto,True
PR,4104907,Castro,Barrinha,barrinha,-24.8955166,-49.6130991,brasil_aberto,True
PR,4104907,Castro,Bom Sucesso,bom sucesso,-24.7959089,-50.0316211,brasil_aberto,True
PR,4104907,Castro,Bulcão,bulcao,-24.6738083,-50.0346639,brasil_aberto,True
PR,4104907,Castro,Cantagalo,cantagalo,-24.8123466,-49.9977734,brasil_aberto,True
PR,4104907,Castro,Capoeirinha,capoeirinha,-24.8054533,-49.9979898,brasil_aberto,True
PR,4104907,Castro,Capão Alto,capao alto,-24.7445584,-49.91013,brasil_aberto,True
PR,4104907,Castro,Casa Nova,casa nova,-25.2520888,-52.0215415,brasil_aberto,True
PR,4104907,Castro,Castrolanda,castrolanda,-24.8054533,-49.9979898,brasil_aberto,True
PR,4104907,Castro,Castroville,castroville,-24.8001346,-50.0014432,brasil_aberto,True
PR,4104907,Castro,Catanduvas,catanduvas,-25.197614,-53.1570114,brasil_aberto,True
PR,4104907,Castro,Caxambu,caxambu,-24.6832753,-50.0228719,brasil_aberto,True
PR,4104907,Castro,Centro,centro,-24.8054533,-49.9979898,brasil_aberto,True
PR,4104907,Castro,Charco,charco,-24.8054533,-49.9979898,brasil_aberto,True
PR,4104907,Castro,Colônia Castrolânda,colonia castrolanda,-24.793267,-49.9435087,brasil_aberto,True
PR,4104907,Castro,Colônia Iapó,colonia iapo,-24.58665974440208,-50.10184581145568,brasil_aberto,True
PR,4104907,Castro,Conceição,conceicao,-24.8069579,-50.0023277,brasil_aberto,True
PR,4104907,Castro,Cunhaporanga,cunhaporanga,-24.7150918,-49.9114867,brasil_aberto,True
PR,4104907,Castro,Distrito Industrial Tatsuo Yamamoto,distrito industrial tatsuo yamamoto,-24.0447003,-50.3942161,brasil_aberto,True
PR,4104907,Castro,Fundão,fundao,-24.7694009,-50.0891557,brasil_aberto,True
PR,4104907,Castro,Guararema,guararema,-24.7010985,-50.0873836,brasil_aberto,True
PR,4104907,Castro,Invernada,invernada,-24.8054533,-49.9979898,brasil_aberto,True
PR,4104907,Castro,Invernada do Matadouro,invernada do matadouro,-24.8003185,-49.989951,brasil_aberto,True
PR,4104907,Castro,Itapanhacanga,itapanhacanga,-24.8054533,-49.9979898,brasil_aberto,True
PR,4104907,Castro,Jardim Alvorada,jardim alvorada,-24.8262503,-49.9957104,brasil_aberto,True
PR,4104907,Castro,Jardim Bailly,jardim bailly,-25.2520888,-52.0215415,brasil_aberto,True
PR,4104907,Castro,Jardim Bela Vista,jardim bela vista,-24.7901417,-50.0195667,brasil_aberto,True
PR,4104907,Castro,Jardim Colonial,jardim colonial,-24.7845585,-50.0053438,brasil_aberto,True
PR,4104907,Castro,Jardim Dona Helena,jardim dona helena,-24.8048118,-50.0008451,brasil_aberto,True
PR,4104907,Castro,Jardim Novo Horizonte,jardim novo horizonte,-24.7729626,-50.0059233,brasil_aberto,True
PR,4104907,Castro,Jardim Pandorf,jardim pandorf,-24.8182774,-50.0038572,brasil_aberto,True
PR,4104907,Castro,Jardim Samambaia,jardim samambaia,-24.8087017,-50.0170315,brasil_aberto,True
PR,4104907,Castro,Jardim Social Arapongas,jardim social arapongas,-24.8043026,-49.9908265,brasil_aberto,True
PR,4104907,Castro,Jardim Social Primavera,jardim social primavera,-24.8001411,-49.9882289,brasil_aberto,True
PR,4104907,Castro,Jardim São Francisco,jardim sao francisco,-24.8022668,-49.9864178,brasil_aberto,True
PR,4104907,Castro,Jardim Termas Riviera,jardim termas riviera,-24.8156902,-50.0082465,brasil_aberto,True
PR,4104907,Castro,Jardim das Araucárias,jardim das araucarias,-24.8098669,-49.992587,brasil_aberto,True
PR,4104907,Castro,Jardim das Nações,jardim das nacoes,-24.7820281,-49.9873124,brasil_aberto,True
PR,4104907,Castro,Jardim dos Bancários,jardim dos bancarios,-24.7842267,-49.9939124,brasil_aberto,True
PR,4104907,Castro,Lacustre,lacustre,-24.7978266,-50.0060497,brasil_aberto,True
PR,4104907,Castro,Lagoa,lagoa,-24.8498386,-49.7570207,brasil_aberto,True
PR,4104907,Castro,Lagoa Bonita,lagoa bonita,-24.8498386,-49.7570207,brasil_aberto,True
PR,4104907,Castro,Lagoa dos Ribas,lagoa dos ribas,-24.8040434,-49.985197,brasil_aberto,True
PR,4104907,Castro,Lajeado,lajeado,-24.8054533,-49.9979898,brasil_aberto,True
PR,4104907,Castro,Loteamento Colina das Palmeiras,loteamento colina das palmeiras,-24.7697819,-50.0025218,brasil_aberto,True
PR,4104907,Castro,Loteamento Jardim Pandorf,loteamento jardim pandorf,-24.8054533,-49.9979898,brasil_aberto,True
PR,4104907,Castro,Macaco,macaco,-24.8054533,-49.9979898,brasil_aberto,True
PR,4104907,Castro,Maracanã,maracana,-24.8526745,-49.93105,brasil_aberto,True
PR,4104907,Castro,Morada do Sol,morada do sol,-24.7903274,-49.9885455,brasil_aberto,True
PR,4104907,Castro,Nossa Senhora das Graças,nossa senhora das gracas,-24.8203096,-50.0025224,brasil_aberto,True
PR,4104907,Castro,Núcleo Habitacional Padre Piva,nucleo habitacional padre piva,-24.8089511,-49.9987443,brasil_aberto,True
PR,4104907,Castro,Olho d'Água,olho d'agua,-25.6361155,-49.1044502,brasil_aberto,True
PR,4104907,Castro,Paiol Queimado,paiol queimado,-24.8054533,-49.9979898,brasil_aberto,True
PR,4104907,Castro,Palmeirinha,palmeirinha,-24.7922259,-49.9466985,brasil_aberto,True
PR,4104907,Castro,Palmital,palmital,-24.8841552,-52.2107112,brasil_aberto,True
PR,4104907,Castro,Pedras,pedras,-24.8054533,-49.9979898,brasil_aberto,True
PR,4104907,Castro,Retiro,retiro,-24.8054533,-49.9979898,brasil_aberto,True
PR,4104907,Castro,Ribeirão do Pinheiro,ribeirao do pinheiro,-24.8054533,-49.9979898,brasil_aberto,True
PR,4104907,Castro,Rio Abaixo,rio abaixo,-24.8054533,-49.9979898,brasil_aberto,True
PR,4104907,Castro,Santa Clara,santa clara,-25.6025689,-51.97720640000001,brasil_aberto,True
PR,4104907,Castro,Santa Paula,santa paula,-24.8192297,-50.0004714,brasil_aberto,True
PR,4104907,Castro,Santa Quitéria,santa quiteria,-24.7052514,-49.6553176,brasil_aberto,True
PR,4104907,Castro,Santa Rita,santa rita,-24.8054533,-49.9979898,brasil_aberto,True
PR,4104907,Castro,Santa Terezinha,santa terezinha,-24.8155958,-50.0062662,brasil_aberto,True
PR,4104907,Castro,Santo Antônio,santo antonio,-25.2520888,-52.0215415,brasil_aberto,True
PR,4104907,Castro,Serrinha,serrinha,-24.8054533,-49.9979898,brasil_aberto,True
PR,4104907,Castro,Socavão,socavao,-24.7738414,-49.70381279999999,brasil_aberto,True
PR,4104907,Castro,São Cirilo,sao cirilo,-24.8054533,-49.9979898,brasil_aberto,True
PR,4104907,Castro,São Lourenço,sao lourenco,-24.7468037,-49.8499198,brasil_aberto,True
PR,4104907,Castro,São Miguel,sao miguel,-24.8148166,-50.0049623,brasil_aberto,True
PR,4104907,Castro,São Sebastião,sao sebastiao,-24.8054533,-49.9979898,brasil_aberto,True
PR,4104907,Castro,Tanque Grande,tanque grande,-24.7836839,-49.6123203,brasil_aberto,True
PR,4104907,Castro,Taquara,taquara,-24.8054533,-49.9979898,brasil_aberto,True
PR,4104907,Castro,Tijuco Preto,tijuco preto,-24.8054533,-49.9979898,brasil_aberto,True
PR,4104907,Castro,Tronco,tronco,-24.8606351,-50.0452179,brasil_aberto,True
PR,4104907,Castro,Vargeado,vargeado,-24.8054533,-49.9979898,brasil_aberto,True
PR,4104907,Castro,Vila Farias,vila farias,-24.8064437,-49.9987472,brasil_aberto,True
PR,4104907,Castro,Vila Frei Mathias,vila frei mathias,-24.8022014,-50.00897,brasil_aberto,True
PR,4104907,Castro,Vila Rio Branco,vila rio branco,-24.7874855,-49.9989773,brasil_aberto,True
PR,4104907,Castro,Vila Santa Cruz,vila santa cruz,-24.7813972,-50.0080755,brasil_aberto,True
PR,4104907,Castro,Vila do Rosário,vila do rosario,-24.7709641,-50.0043036,brasil_aberto,True
PR,4104907,Castro,Água Vermelha,agua vermelha,-24.8723621,-49.57988659999999,brasil_aberto,True
PR,4104907,Castro,Áreal Rural de Castro,areal rural de castro,-24.8053496,-49.9981764,brasil_aberto,True
PR,4105003,Catanduvas,Alto Alegre,alto alegre,,,brasil_aberto,True
PR,4105003,Catanduvas,Centro,centro,,,brasil_aberto,True
PR,4105003,Catanduvas,Vila Santa Cruz,vila santa cruz,,,brasil_aberto,True
PR,4105102,Centenário do Sul,Centro,centro,-22.821345,-51.59426440000001,brasil_aberto,True
PR,4105201,Cerro Azul,Centro,centro,-24.8250707,-49.2619169,brasil_aberto,True
PR,4105201,Cerro Azul,São Sebastião,sao sebastiao,-24.8538826,-49.4644931,brasil_aberto,True
PR,4105409,Chopinzinho,Centro,centro,-25.8556307,-52.5308511,brasil_aberto,True
PR,4105409,Chopinzinho,São Francisco,sao francisco,-25.8560388,-52.5300795,brasil_aberto,True
PR,4105409,Chopinzinho,São Luiz,sao luiz,-25.7257331,-52.4958843,brasil_aberto,True
PR,4105508,Cianorte,Complexo Industrial Bataglia,complexo industrial bataglia,-23.6661592,-52.5727784,brasil_aberto,True
PR,4105508,Cianorte,Condominio Cinturão Verde,condominio cinturao verde,-23.6405114,-52.6285007,brasil_aberto,True
PR,4105508,Cianorte,Conjunto Beatriz Guimarães,conjunto beatriz guimaraes,-23.6721444,-52.6406529,brasil_aberto,True
PR,4105508,Cianorte,Conjunto Bela Vista,conjunto bela vista,-23.6813376,-52.6320329,brasil_aberto,True
PR,4105508,Cianorte,Conjunto Century Park,conjunto century park,-23.6449048,-52.615109,brasil_aberto,True
PR,4105508,Cianorte,Conjunto Cianorte II,conjunto cianorte ii,-23.6813376,-52.6320329,brasil_aberto,True
PR,4105508,Cianorte,Conjunto Cidade Alta,conjunto cidade alta,-23.6813376,-52.6320329,brasil_aberto,True
PR,4105508,Cianorte,Conjunto Hilda Stevanato,conjunto hilda stevanato,-23.6649306,-52.6174546,brasil_aberto,True
PR,4105508,Cianorte,Conjunto Ilha Bela,conjunto ilha bela,-23.6760111,-52.614503,brasil_aberto,True
PR,4105508,Cianorte,Conjunto João de Barro,conjunto joao de barro,-23.6813376,-52.6320329,brasil_aberto,True
PR,4105508,Cianorte,Conjunto Novo Centro - Complexo Industrial do Vestuário,conjunto novo centro - complexo industrial do vestuario,-23.6661592,-52.5727784,brasil_aberto,True
PR,4105508,Cianorte,Conjunto Ovidio Franzoni,conjunto ovidio franzoni,-23.6795022,-52.6095026,brasil_aberto,True
PR,4105508,Cianorte,Conjunto Pedro Moreira,conjunto pedro moreira,-23.6768228,-52.6381196,brasil_aberto,True
PR,4105508,Cianorte,Conjunto Portal das Américas,conjunto portal das americas,-23.6715089,-52.6281696,brasil_aberto,True
PR,4105508,Cianorte,Distrito Industrial Adelino Pagani,distrito industrial adelino pagani,-23.6744295,-52.6163106,brasil_aberto,True
PR,4105508,Cianorte,Distrito Industrial Mitre Nabhan,distrito industrial mitre nabhan,-23.6683243,-52.6182548,brasil_aberto,True
PR,4105508,Cianorte,Jardim Aeroporto I,jardim aeroporto i,-23.6813376,-52.6320329,brasil_aberto,True
PR,4105508,Cianorte,Jardim Aeroporto II,jardim aeroporto ii,-23.6815717,-52.6378036,brasil_aberto,True
PR,4105508,Cianorte,Jardim Alto da Cidade,jardim alto da cidade,-23.6733903,-52.6378595,brasil_aberto,True
PR,4105508,Cianorte,Jardim Angelo Liberati,jardim angelo liberati,-23.6790744,-52.641656,brasil_aberto,True
PR,4105508,Cianorte,Jardim Asa Branca I,jardim asa branca i,-23.6813376,-52.6320329,brasil_aberto,True
PR,4105508,Cianorte,Jardim Asa Branca II,jardim asa branca ii,-23.6805007,-52.6263215,brasil_aberto,True
PR,4105508,Cianorte,Jardim Botânico,jardim botanico,-23.645574,-52.6246259,brasil_aberto,True
PR,4105508,Cianorte,Jardim Cassidori,jardim cassidori,-23.6702013,-52.635985,brasil_aberto,True
PR,4105508,Cianorte,Jardim Céu Azul,jardim ceu azul,-23.6749221,-52.6264882,brasil_aberto,True
PR,4105508,Cianorte,Jardim Eldorado,jardim eldorado,-23.6814088,-52.639245,brasil_aberto,True
PR,4105508,Cianorte,Jardim Gralha Azul,jardim gralha azul,-23.4536502,-51.8767115,brasil_aberto,True
PR,4105508,Cianorte,Jardim Império do Sol,jardim imperio do sol,-23.6584517,-52.5789755,brasil_aberto,True
PR,4105508,Cianorte,Jardim Mafra I,jardim mafra i,-23.6889563,-52.6331665,brasil_aberto,True
PR,4105508,Cianorte,Jardim Mafra II,jardim mafra ii,-23.6898788,-52.6360719,brasil_aberto,True
PR,4105508,Cianorte,Jardim Magalhães,jardim magalhaes,-23.650462,-52.5779492,brasil_aberto,True
PR,4105508,Cianorte,Jardim Maringá,jardim maringa,-23.6711789,-52.6247258,brasil_aberto,True
PR,4105508,Cianorte,Jardim Nossa Senhora do Rocio,jardim nossa senhora do rocio,-23.6649306,-52.6174546,brasil_aberto,True
PR,4105508,Cianorte,Jardim Novo Horizonte,jardim novo horizonte,-23.6811967,-52.6411127,brasil_aberto,True
PR,4105508,Cianorte,Jardim Paraíso,jardim paraiso,-23.6626595,-52.6397676,brasil_aberto,True
PR,4105508,Cianorte,Jardim Paulista,jardim paulista,-23.659281,-52.6376011,brasil_aberto,True
PR,4105508,Cianorte,Jardim Primavera,jardim primavera,-23.6813376,-52.6320329,brasil_aberto,True
PR,4105508,Cianorte,Jardim Santa Ana,jardim santa ana,-23.6808816,-52.6184995,brasil_aberto,True
PR,4105508,Cianorte,Jardim Santa Felicidade,jardim santa felicidade,-23.6569437,-52.6065512,brasil_aberto,True
PR,4105508,Cianorte,Jardim Santa Mônica,jardim santa monica,-23.6569437,-52.6065512,brasil_aberto,True
PR,4105508,Cianorte,Jardim Santa Mônica II,jardim santa monica ii,-23.6889563,-52.6331665,brasil_aberto,True
PR,4105508,Cianorte,Jardim São Francisco,jardim sao francisco,-23.6813376,-52.6320329,brasil_aberto,True
PR,4105508,Cianorte,Jardim Tropical,jardim tropical,-23.6758599,-52.6348168,brasil_aberto,True
PR,4105508,Cianorte,Jardim Universidade I,jardim universidade i,-23.6560987,-52.6342377,brasil_aberto,True
PR,4105508,Cianorte,Jardim Universidade II,jardim universidade ii,-23.6560987,-52.6342377,brasil_aberto,True
PR,4105508,Cianorte,Jardim Universidade III,jardim universidade iii,-23.6548148,-52.6240355,brasil_aberto,True
PR,4105508,Cianorte,Jardim Vale Verde,jardim vale verde,-23.6569437,-52.6065512,brasil_aberto,True
PR,4105508,Cianorte,Jardim Verdes Campos,jardim verdes campos,-23.6817269,-52.6413968,brasil_aberto,True
PR,4105508,Cianorte,Jardim Vitória,jardim vitoria,-23.6813376,-52.6320329,brasil_aberto,True
PR,4105508,Cianorte,Jardim Vó Geny,jardim vo geny,-23.6798592,-52.6201647,brasil_aberto,True
PR,4105508,Cianorte,Jardim das Grevilhas,jardim das grevilhas,-23.6813376,-52.6320329,brasil_aberto,True
PR,4105508,Cianorte,Jardim das Oliveiras,jardim das oliveiras,-23.6649306,-52.6174546,brasil_aberto,True
PR,4105508,Cianorte,Loteamento Industrial Cianorte,loteamento industrial cianorte,-23.6647346,-52.5707682,brasil_aberto,True
PR,4105508,Cianorte,Moradias Marselha,moradias marselha,-23.6812586,-52.6069798,brasil_aberto,True
PR,4105508,Cianorte,Novo Centro,novo centro,,,brasil_aberto,True
PR,4105508,Cianorte,Parque Industrial,parque industrial,-23.6720256,-52.6140194,brasil_aberto,True
PR,4105508,Cianorte,Parque Industrial e Comercial Abrão Nacles,parque industrial e comercial abrao nacles,-23.6850113,-52.6197786,brasil_aberto,True
PR,4105508,Cianorte,Parque Metropolitano,parque metropolitano,-23.6621217,-52.5917783,brasil_aberto,True
PR,4105508,Cianorte,Residencial Alpha Club,residencial alpha club,-23.6443081,-52.6171538,brasil_aberto,True
PR,4105508,Cianorte,Residencial América I,residencial america i,-23.6649306,-52.6174546,brasil_aberto,True
PR,4105508,Cianorte,Residencial América II,residencial america ii,-23.6649306,-52.6174546,brasil_aberto,True
PR,4105508,Cianorte,Residencial Aquiles Cômar,residencial aquiles comar,-23.6553699,-52.5844213,brasil_aberto,True
PR,4105508,Cianorte,Residencial Atlântico I,residencial atlantico i,-23.6469106,-52.6259462,brasil_aberto,True
PR,4105508,Cianorte,Residencial Atlântico II,residencial atlantico ii,-23.6469106,-52.6259462,brasil_aberto,True
PR,4105508,Cianorte,Residencial Atlântico III,residencial atlantico iii,-23.6469106,-52.6259462,brasil_aberto,True
PR,4105508,Cianorte,Residencial Atlântico IV,residencial atlantico iv,-23.6484956,-52.6305284,brasil_aberto,True
PR,4105508,Cianorte,Residencial Atlântico V,residencial atlantico v,-23.6492084,-52.6231029,brasil_aberto,True
PR,4105508,Cianorte,Residencial Atlântico VI,residencial atlantico vi,-23.645574,-52.6246259,brasil_aberto,True
PR,4105508,Cianorte,Residencial Belas Artes,residencial belas artes,-23.6703449,-52.636419,brasil_aberto,True
PR,4105508,Cianorte,Residencial Bourbon,residencial bourbon,-23.6413749,-52.6311601,brasil_aberto,True
PR,4105508,Cianorte,Residencial Ilha do Mel,residencial ilha do mel,-23.6484956,-52.6305284,brasil_aberto,True
PR,4105508,Cianorte,Residencial Ipanema,residencial ipanema,-23.6601524,-52.6331498,brasil_aberto,True
PR,4105508,Cianorte,Residencial José Guimarães,residencial jose guimaraes,-23.6580186,-52.5851114,brasil_aberto,True
PR,4105508,Cianorte,Residencial José Hohl,residencial jose hohl,-23.6813376,-52.6320329,brasil_aberto,True
PR,4105508,Cianorte,Residencial Laranjeiras,residencial laranjeiras,-23.6824195,-52.642696,brasil_aberto,True
PR,4105508,Cianorte,Residencial Mari,residencial mari,-23.6703449,-52.636419,brasil_aberto,True
PR,4105508,Cianorte,Residencial Mediterrâneo,residencial mediterraneo,-23.6508401,-52.6232365,brasil_aberto,True
PR,4105508,Cianorte,Residencial Mega Park I,residencial mega park i,-23.5305326,-51.4326996,brasil_aberto,True
PR,4105508,Cianorte,Residencial Morada do Sol I,residencial morada do sol i,-23.6553699,-52.5844213,brasil_aberto,True
PR,4105508,Cianorte,Residencial Morada do Sol II,residencial morada do sol ii,-23.6553699,-52.5844213,brasil_aberto,True
PR,4105508,Cianorte,Residencial Morada do Sol III,residencial morada do sol iii,-23.6553699,-52.5844213,brasil_aberto,True
PR,4105508,Cianorte,Residencial Morada do Sol IV,residencial morada do sol iv,-23.6553699,-52.5844213,brasil_aberto,True
PR,4105508,Cianorte,Residencial Nabhan,residencial nabhan,-23.6567474,-52.6363719,brasil_aberto,True
PR,4105508,Cianorte,Residencial Nova Itália,residencial nova italia,-23.6548148,-52.6240355,brasil_aberto,True
PR,4105508,Cianorte,Residencial Nova Itália II,residencial nova italia ii,-23.6548148,-52.6240355,brasil_aberto,True
PR,4105508,Cianorte,Residencial Olímpico,residencial olimpico,-23.6542171,-52.6351619,brasil_aberto,True
PR,4105508,Cianorte,Residencial Pacífico,residencial pacifico,-23.6594732,-52.5830642,brasil_aberto,True
PR,4105508,Cianorte,Residencial Parque das Nações,residencial parque das nacoes,-23.6484956,-52.6305284,brasil_aberto,True
PR,4105508,Cianorte,Residencial Parque das Nações II,residencial parque das nacoes ii,-23.6502541,-52.6410749,brasil_aberto,True
PR,4105508,Cianorte,Residencial Parque do Bosque,residencial parque do bosque,-23.6513131,-52.6077859,brasil_aberto,True
PR,4105508,Cianorte,Residencial Sagrada Família,residencial sagrada familia,-23.6725365,-52.6307775,brasil_aberto,True
PR,4105508,Cianorte,Residencial Sagrada Família II,residencial sagrada familia ii,-23.6750166,-52.6241799,brasil_aberto,True
PR,4105508,Cianorte,Residencial Sena,residencial sena,-23.645574,-52.6246259,brasil_aberto,True
PR,4105508,Cianorte,Residencial Veneza,residencial veneza,-23.6519393,-52.6244843,brasil_aberto,True
PR,4105508,Cianorte,Residencial Viviani,residencial viviani,-23.6548148,-52.6240355,brasil_aberto,True
PR,4105508,Cianorte,Residencial das Araucárias,residencial das araucarias,-23.6527358,-52.6328015,brasil_aberto,True
PR,4105508,Cianorte,Residencial Águas Claras,residencial aguas claras,-23.645574,-52.6246259,brasil_aberto,True
PR,4105508,Cianorte,São Lourenço,sao lourenco,-23.8707433,-52.6111315,brasil_aberto,True
PR,4105508,Cianorte,Vidigal,vidigal,-23.6055836,-52.5174603,brasil_aberto,True
PR,4105508,Cianorte,Villa Viccenza I,villa viccenza i,-23.6522154,-52.5951362,brasil_aberto,True
PR,4105508,Cianorte,Villa Viccenza II,villa viccenza ii,-23.6522154,-52.5951362,brasil_aberto,True
PR,4105508,Cianorte,Zona 01,zona 01,-23.6720664,-52.6095547,brasil_aberto,True
PR,4105508,Cianorte,Zona 02,zona 02,-23.655603,-52.6020115,brasil_aberto,True
PR,4105508,Cianorte,Zona 03,zona 03,-23.6720664,-52.6095547,brasil_aberto,True
PR,4105508,Cianorte,Zona 04,zona 04,-23.4308644,-51.9487573,brasil_aberto,True
PR,4105508,Cianorte,Zona 06,zona 06,-23.6569437,-52.6065512,brasil_aberto,True
PR,4105508,Cianorte,Zona 07,zona 07,-23.6720664,-52.6095547,brasil_aberto,True
PR,4105508,Cianorte,Zona 11A,zona 11a,-23.6866169,-52.628644,brasil_aberto,True
PR,4105508,Cianorte,Zona 11B,zona 11b,-23.6866169,-52.628644,brasil_aberto,True
PR,4105508,Cianorte,Zona 11C,zona 11c,-23.6866169,-52.628644,brasil_aberto,True
PR,4105508,Cianorte,Zona de Armazém,zona de armazem,-23.6720664,-52.6095547,brasil_aberto,True
PR,4105508,Cianorte,Área Rural de Cianorte,area rural de cianorte,-23.6569437,-52.6065512,brasil_aberto,True
PR,4105607,Cidade Gaúcha,Centro,centro,,,brasil_aberto,True
PR,4105706,Clevelândia,Centro,centro,,,brasil_aberto,True
PR,4105706,Clevelândia,Coronel Firmino Martins,coronel firmino martins,-26.3754925,-52.2124713,brasil_aberto,True
PR,4105706,Clevelândia,São Francisco de Sales,sao francisco de sales,-26.2861486,-52.4785276,brasil_aberto,True
PR,4105706,Clevelândia,São Luiz,sao luiz,,,brasil_aberto,True
PR,4105805,Colombo,Aranha,aranha,-25.3644204,-49.1860165,brasil_aberto,True
PR,4105805,Colombo,Arruda,arruda,-25.3159872,-49.2345576,brasil_aberto,True
PR,4105805,Colombo,Atuba,atuba,-25.3833498,-49.1865926,brasil_aberto,True
PR,4105805,Colombo,Bacaetava,bacaetava,-25.2551747,-49.2038394,brasil_aberto,True
PR,4105805,Colombo,Boicininga,boicininga,-25.2922823,-49.2571964,brasil_aberto,True
PR,4105805,Colombo,Butiatumirim,butiatumirim,-25.2893009,-49.2180337,brasil_aberto,True
PR,4105805,Colombo,Campestre,campestre,-25.2751615,-49.2384369,brasil_aberto,True
PR,4105805,Colombo,Campo Pequeno,campo pequeno,-25.3753004,-49.2077764,brasil_aberto,True
PR,4105805,Colombo,Canguiri,canguiri,-25.3769644,-49.1262162,brasil_aberto,True
PR,4105805,Colombo,Capivari,capivari,-25.2746273,-49.1364335,brasil_aberto,True
PR,4105805,Colombo,Centro,centro,-25.2892627,-49.2234016,brasil_aberto,True
PR,4105805,Colombo,Colônia Antônio Prado,colonia antonio prado,-25.3232984,-49.2426066,brasil_aberto,True
PR,4105805,Colombo,Colônia Faria,colonia faria,-25.3466981,-49.1352282,brasil_aberto,True
PR,4105805,Colombo,Das Graças,das gracas,-25.3426915,-49.1712377,brasil_aberto,True
PR,4105805,Colombo,Embu,embu,-25.3200664,-49.2194866,brasil_aberto,True
PR,4105805,Colombo,Fátima,fatima,-25.3585616,-49.1885095,brasil_aberto,True
PR,4105805,Colombo,Gabirobal,gabirobal,-25.2908544,-49.2403309,brasil_aberto,True
PR,4105805,Colombo,Guaraituba,guaraituba,-25.3482768,-49.1593381,brasil_aberto,True
PR,4105805,Colombo,Guarani,guarani,-25.3726239,-49.1770893,brasil_aberto,True
PR,4105805,Colombo,Imbuial,imbuial,-25.3795519,-49.1978334,brasil_aberto,True
PR,4105805,Colombo,Itajacuru,itajacuru,-25.3164544,-49.1916948,brasil_aberto,True
PR,4105805,Colombo,Maracanã,maracana,-25.3648388,-49.1777982,brasil_aberto,True
PR,4105805,Colombo,Mauá,maua,-25.3896838,-49.1648918,brasil_aberto,True
PR,4105805,Colombo,Monza,monza,-25.355774,-49.1837063,brasil_aberto,True
PR,4105805,Colombo,Morro Grande,morro grande,-25.2529127,-49.2071758,brasil_aberto,True
PR,4105805,Colombo,Osasco,osasco,-25.349085,-49.2147351,brasil_aberto,True
PR,4105805,Colombo,Palmital,palmital,-25.3787058,-49.1596481,brasil_aberto,True
PR,4105805,Colombo,Paloma,paloma,-25.3631813,-49.1588448,brasil_aberto,True
PR,4105805,Colombo,Poço Negro,poco negro,-25.2517288,-49.1985025,brasil_aberto,True
PR,4105805,Colombo,Ribeirão das Onças,ribeirao das oncas,-25.26844,-49.17149000000001,brasil_aberto,True
PR,4105805,Colombo,Rincão,rincao,-25.365642,-49.1500342,brasil_aberto,True
PR,4105805,Colombo,Rio Verde,rio verde,-25.3654099,-49.1989127,brasil_aberto,True
PR,4105805,Colombo,Roseira,roseira,-25.2957962,-49.142419,brasil_aberto,True
PR,4105805,Colombo,Roça Grande,roca grande,-25.347066,-49.2274046,brasil_aberto,True
PR,4105805,Colombo,Santa Gema,santa gema,-25.2982162,-49.1784448,brasil_aberto,True
PR,4105805,Colombo,Santa Terezinha,santa terezinha,-25.3576213,-49.1804703,brasil_aberto,True
PR,4105805,Colombo,Sapopema,sapopema,-25.2776673,-49.2280565,brasil_aberto,True
PR,4105805,Colombo,Serrinha,serrinha,-25.2389139,-49.1853297,brasil_aberto,True
PR,4105805,Colombo,São Dimas,sao dimas,-25.3405462,-49.1473751,brasil_aberto,True
PR,4105805,Colombo,São Gabriel,sao gabriel,-25.340261,-49.187447,brasil_aberto,True
PR,4105805,Colombo,São João,sao joao,-25.2867263,-49.1929357,brasil_aberto,True
PR,4105805,Colombo,Timbu Velho,timbu velho,-25.3517489,-49.1184044,brasil_aberto,True
PR,4105805,Colombo,Uvaranal,uvaranal,-25.2729478,-49.2468658,brasil_aberto,True
PR,4105805,Colombo,Águas Fervidas,aguas fervidas,-25.2697627,-49.1987182,brasil_aberto,True
PR,4105805,Colombo,Área Rural de Colombo,area rural de colombo,-25.3644204,-49.1860165,brasil_aberto,True
PR,4105904,Colorado,Alto Alegre,alto alegre,-22.9069437,-51.9156992,brasil_aberto,True
PR,4105904,Colorado,Centro,centro,-22.8370949,-51.9722236,brasil_aberto,True
PR,4106001,Congonhinhas,Centro,centro,-23.5535228,-50.549786,brasil_aberto,True
PR,4106001,Congonhinhas,Nossa Senhora do Carmo,nossa senhora do carmo,,,brasil_aberto,True
PR,4106001,Congonhinhas,Santa Maria do Rio do Peixe,santa maria do rio do peixe,-23.6338711,-50.4778096,brasil_aberto,True
PR,4106001,Congonhinhas,São Francisco de Imbaú,sao francisco de imbau,-23.5645727,-50.4114254,brasil_aberto,True
PR,4106100,Conselheiro Mairinck,Centro,centro,-23.623065,-50.1703302,brasil_aberto,True
PR,4106209,Contenda,Catanduvas do Sul,catanduvas do sul,-25.709927,-49.46638,brasil_aberto,True
PR,4106209,Contenda,Centro,centro,-25.681579,-49.5312092,brasil_aberto,True
PR,4106209,Contenda,Moradias Itaperubá,moradias itaperuba,,,brasil_aberto,True
PR,4106308,Corbélia,Centro,centro,-24.7957928,-53.2925262,brasil_aberto,True
PR,4106308,Corbélia,Ouro Verde do Piquiri,ouro verde do piquiri,-24.6374349,-53.2116614,brasil_aberto,True
PR,4106407,Cornélio Procópio,Centro,centro,-23.1764477,-50.6441584,brasil_aberto,True
PR,4106407,Cornélio Procópio,Congonhas,congonhas,-23.1956929,-50.7312839,brasil_aberto,True
PR,4106456,Coronel Domingos Soares,Centro,centro,-26.2230904,-52.031096,brasil_aberto,True
PR,4106456,Coronel Domingos Soares,Padre Ponciano,padre ponciano,-26.2285639,-52.0315757,brasil_aberto,True
PR,4106456,Coronel Domingos Soares,Ubaldino Taques,ubaldino taques,-26.240178,-51.9481621,brasil_aberto,True
PR,4106506,Coronel Vivida,Centro,centro,,,brasil_aberto,True
PR,4106506,Coronel Vivida,Vista Alegre,vista alegre,-25.9327037,-52.7102853,brasil_aberto,True
PR,4106555,Corumbataí do Sul,Centro,centro,,,brasil_aberto,True
PR,4106803,Cruz Machado,Centro,centro,-26.0169993,-51.3500151,brasil_aberto,True
PR,4106803,Cruz Machado,Pinaré,pinare,-25.8952981,-51.116789,brasil_aberto,True
PR,4106803,Cruz Machado,Santana,santana,-25.8462372,-51.2213044,brasil_aberto,True
PR,4106571,Cruzeiro do Iguaçu,Centro,centro,-25.6156886,-53.1306143,brasil_aberto,True
PR,4106605,Cruzeiro do Oeste,Cafeeiros,cafeeiros,-23.7727354,-53.1366482,brasil_aberto,True
PR,4106605,Cruzeiro do Oeste,Centro,centro,-23.7859374,-53.0693102,brasil_aberto,True
PR,4106605,Cruzeiro do Oeste,Santa Olga,santa olga,,,brasil_aberto,True
PR,4106605,Cruzeiro do Oeste,São Silvestre,sao silvestre,-23.5319127,-53.0830975,brasil_aberto,True
PR,4106852,Cruzmaltina,Centro,centro,,,brasil_aberto,True
PR,4106852,Cruzmaltina,São Domingos,sao domingos,-23.9946796,-51.5036664,brasil_aberto,True
PR,4106852,Cruzmaltina,Vila Diniz,vila diniz,-24.050022,-51.5475266,brasil_aberto,True
PR,4106902,Curitiba,Abranches,abranches,-25.383149,-49.2754609,brasil_aberto,True
PR,4106902,Curitiba,Ahú,ahu,-25.4025436,-49.2637913,brasil_aberto,True
PR,4106902,Curitiba,Alto Boqueirão,alto boqueirao,-25.5313082,-49.2451139,brasil_aberto,True
PR,4106902,Curitiba,Alto da Glória,alto da gloria,-25.4175663,-49.25978,brasil_aberto,True
PR,4106902,Curitiba,Alto da Rua XV,alto da rua xv,-25.4276948,-49.2552177,brasil_aberto,True
PR,4106902,Curitiba,Atuba,atuba,-25.391875,-49.2095523,brasil_aberto,True
PR,4106902,Curitiba,Augusta,augusta,-25.4568154,-49.3811296,brasil_aberto,True
PR,4106902,Curitiba,Bacacheri,bacacheri,-25.3920074,-49.2257226,brasil_aberto,True
PR,4106902,Curitiba,Bairro Alto,bairro alto,-25.4199187,-49.210543,brasil_aberto,True
PR,4106902,Curitiba,Barreirinha,barreirinha,-25.3753734,-49.254752,brasil_aberto,True
PR,4106902,Curitiba,Batel,batel,-25.4393611,-49.2853431,brasil_aberto,True
PR,4106902,Curitiba,Bigorrilho,bigorrilho,-25.4316908,-49.2914134,brasil_aberto,True
PR,4106902,Curitiba,Boa Vista,boa vista,-25.3972614,-49.2448038,brasil_aberto,True
PR,4106902,Curitiba,Bom Retiro,bom retiro,-25.4032252,-49.2780151,brasil_aberto,True
PR,4106902,Curitiba,Boqueirão,boqueirao,-25.5044513,-49.2547508,brasil_aberto,True
PR,4106902,Curitiba,Butiatuvinha,butiatuvinha,-25.3932709,-49.3437232,brasil_aberto,True
PR,4106902,Curitiba,Cabral,cabral,-25.4005833,-49.2552008,brasil_aberto,True
PR,4106902,Curitiba,Cachoeira,cachoeira,-25.3585054,-49.265316,brasil_aberto,True
PR,4106902,Curitiba,Cajuru,cajuru,-25.4465393,-49.2031722,brasil_aberto,True
PR,4106902,Curitiba,Campina do Siqueira,campina do siqueira,-25.444109,-49.308101,brasil_aberto,True
PR,4106902,Curitiba,Campo Comprido,campo comprido,-25.457956,-49.342418,brasil_aberto,True
PR,4106902,Curitiba,Campo de Santana,campo de santana,-25.5887596,-49.3258246,brasil_aberto,True
PR,4106902,Curitiba,Capão Raso,capao raso,-25.4996219,-49.2836544,brasil_aberto,True
PR,4106902,Curitiba,Capão da Imbuia,capao da imbuia,-25.4374673,-49.2163015,brasil_aberto,True
PR,4106902,Curitiba,Cascatinha,cascatinha,-25.4299084,-49.3054604,brasil_aberto,True
PR,4106902,Curitiba,Caximba,caximba,-25.6170574,-49.3522962,brasil_aberto,True
PR,4106902,Curitiba,Centro,centro,-25.4250331,-49.2658144,brasil_aberto,True
PR,4106902,Curitiba,Centro Cívico,centro civico,-25.4169116,-49.2670216,brasil_aberto,True
PR,4106902,Curitiba,Cidade Industrial,cidade industrial,-25.4630554,-49.3407229,brasil_aberto,True
PR,4106902,Curitiba,Cristo Rei,cristo rei,-25.4352918,-49.2377197,brasil_aberto,True
PR,4106902,Curitiba,Fanny,fanny,-25.4724962,-49.2586519,brasil_aberto,True
PR,4106902,Curitiba,Fazendinha,fazendinha,-25.4872039,-49.3347851,brasil_aberto,True
PR,4106902,Curitiba,Ganchinho,ganchinho,-25.5743932,-49.2543748,brasil_aberto,True
PR,4106902,Curitiba,Guabirotuba,guabirotuba,-25.457549,-49.2463063,brasil_aberto,True
PR,4106902,Curitiba,Guaíra,guaira,-25.469744,-49.2818049,brasil_aberto,True
PR,4106902,Curitiba,Hauer,hauer,-25.4833454,-49.2532597,brasil_aberto,True
PR,4106902,Curitiba,Hugo Lange,hugo lange,-25.4214919,-49.2442119,brasil_aberto,True
PR,4106902,Curitiba,Jardim Botânico,jardim botanico,-25.4455987,-49.2455147,brasil_aberto,True
PR,4106902,Curitiba,Jardim Social,jardim social,-25.411791,-49.2342542,brasil_aberto,True
PR,4106902,Curitiba,Jardim das Américas,jardim das americas,-25.4613447,-49.22696759999999,brasil_aberto,True
PR,4106902,Curitiba,Juvevê,juveve,-25.4184416,-49.2577185,brasil_aberto,True
PR,4106902,Curitiba,Lamenha Pequena,lamenha pequena,-25.3731449,-49.3382546,brasil_aberto,True
PR,4106902,Curitiba,Lindóia,lindoia,-25.4800805,-49.2829024,brasil_aberto,True
PR,4106902,Curitiba,Mercês,merces,-25.4219097,-49.2864389,brasil_aberto,True
PR,4106902,Curitiba,Mossunguê,mossungue,-25.4465772,-49.3256255,brasil_aberto,True
PR,4106902,Curitiba,Novo Mundo,novo mundo,-25.4913328,-49.3065795,brasil_aberto,True
PR,4106902,Curitiba,Orleans,orleans,-25.4288996,-49.350474,brasil_aberto,True
PR,4106902,Curitiba,Parolin,parolin,-25.4583178,-49.265591,brasil_aberto,True
PR,4106902,Curitiba,Pilarzinho,pilarzinho,-25.3865433,-49.2832501,brasil_aberto,True
PR,4106902,Curitiba,Pinheirinho,pinheirinho,-25.5391995,-49.2925391,brasil_aberto,True
PR,4106902,Curitiba,Portão,portao,-25.4713311,-49.290999,brasil_aberto,True
PR,4106902,Curitiba,Prado Velho,prado velho,-25.4615011,-49.2547808,brasil_aberto,True
PR,4106902,Curitiba,Rebouças,reboucas,-25.4441959,-49.2698784,brasil_aberto,True
PR,4106902,Curitiba,Riviera,riviera,-25.4315077,-49.3804102,brasil_aberto,True
PR,4106902,Curitiba,Santa Cândida,santa candida,-25.3685236,-49.234353,brasil_aberto,True
PR,4106902,Curitiba,Santa Felicidade,santa felicidade,-25.3849276,-49.3275783,brasil_aberto,True
PR,4106902,Curitiba,Santa Quitéria,santa quiteria,-25.4647314,-49.3033253,brasil_aberto,True
PR,4106902,Curitiba,Santo Inácio,santo inacio,-25.4249952,-49.3373347,brasil_aberto,True
PR,4106902,Curitiba,Seminário,seminario,-25.4529391,-49.3078072,brasil_aberto,True
PR,4106902,Curitiba,São Braz,sao braz,-25.4214621,-49.3381423,brasil_aberto,True
PR,4106902,Curitiba,São Francisco,sao francisco,-25.4251151,-49.2751281,brasil_aberto,True
PR,4106902,Curitiba,São João,sao joao,-25.3994488,-49.3088415,brasil_aberto,True
PR,4106902,Curitiba,São Lourenço,sao lourenco,-25.3834566,-49.2635909,brasil_aberto,True
PR,4106902,Curitiba,São Miguel,sao miguel,-25.5049297,-49.3573666,brasil_aberto,True
PR,4106902,Curitiba,Sítio Cercado,sitio cercado,-25.5328766,-49.2798787,brasil_aberto,True
PR,4106902,Curitiba,Taboão,taboao,-25.3705182,-49.282384,brasil_aberto,True
PR,4106902,Curitiba,Tarumã,taruma,-25.4304185,-49.2246416,brasil_aberto,True
PR,4106902,Curitiba,Tatuquara,tatuquara,-25.5435546,-49.2997768,brasil_aberto,True
PR,4106902,Curitiba,Tingui,tingui,-25.3932297,-49.2180145,brasil_aberto,True
PR,4106902,Curitiba,Uberaba,uberaba,-25.4879242,-49.2086541,brasil_aberto,True
PR,4106902,Curitiba,Umbará,umbara,-25.5578628,-49.2862974,brasil_aberto,True
PR,4106902,Curitiba,Vila Izabel,vila izabel,-25.4557835,-49.3023827,brasil_aberto,True
PR,4106902,Curitiba,Vista Alegre,vista alegre,-25.4128689,-49.2874971,brasil_aberto,True
PR,4106902,Curitiba,Xaxim,xaxim,-25.5235072,-49.2638372,brasil_aberto,True
PR,4106902,Curitiba,Água Verde,agua verde,-25.4673372,-49.2868945,brasil_aberto,True
PR,4106902,Curitiba,Área Rural de Curitiba,area rural de curitiba,-25.4268985,-49.2651984,brasil_aberto,True
PR,4107009,Curiúva,Alecrim,alecrim,-24.0413686,-50.4014,brasil_aberto,True
PR,4107009,Curiúva,Centro,centro,-24.0366139,-50.4577711,brasil_aberto,True
PR,4104402,Cândido de Abreu,Centro,centro,-24.565624,-51.3364963,brasil_aberto,True
PR,4104402,Cândido de Abreu,Tereza Cristina,tereza cristina,-24.8295997,-51.13319019999999,brasil_aberto,True
PR,4104402,Cândido de Abreu,Três Bicos,tres bicos,-24.6918187,-51.1941279,brasil_aberto,True
PR,4105300,Céu Azul,Centro,centro,,,brasil_aberto,True
PR,4107157,Diamante D'Oeste,Centro,centro,,,brasil_aberto,True
PR,4107108,Diamante do Norte,Centro,centro,-22.6593176,-52.86363069999999,brasil_aberto,True
PR,4107124,Diamante do Sul,Centro,centro,,,brasil_aberto,True
PR,4107207,Dois Vizinhos,Centro,centro,-25.7487433,-53.060289,brasil_aberto,True
PR,4107207,Dois Vizinhos,São Roque,sao roque,-25.8082037,-53.0211708,brasil_aberto,True
PR,4107207,Dois Vizinhos,São Valentim,sao valentim,-25.834157,-53.1255232,brasil_aberto,True
PR,4107256,Douradina,Jardim Indo Ivaí,jardim indo ivai,,,brasil_aberto,True
PR,4107256,Douradina,Vila Formosa,vila formosa,-23.4766338,-53.3039861,brasil_aberto,True
PR,4107306,Doutor Camargo,Centro,centro,-23.5576578,-52.2192065,brasil_aberto,True
PR,4128633,Doutor Ulysses,Centro,centro,-24.5665762,-49.4211926,brasil_aberto,True
PR,4107504,Engenheiro Beltrão,Centro,centro,-23.7995316,-52.2606331,brasil_aberto,True
PR,4107504,Engenheiro Beltrão,Figueira do Oeste,figueira do oeste,-23.7791352,-52.3506085,brasil_aberto,True
PR,4107504,Engenheiro Beltrão,Ivailândia,ivailandia,-23.7224045,-52.1777588,brasil_aberto,True
PR,4107504,Engenheiro Beltrão,Sertãozinho,sertaozinho,-23.8347101,-52.3081346,brasil_aberto,True
PR,4107504,Engenheiro Beltrão,Sussui,sussui,-23.739063,-52.20162879999999,brasil_aberto,True
PR,4107504,Engenheiro Beltrão,Triângulo,triangulo,-23.6691246,-52.223094,brasil_aberto,True
PR,4107538,Entre Rios do Oeste,Centro,centro,-24.7060861,-54.2426354,brasil_aberto,True
PR,4107405,Enéas Marques,Centro,centro,,,brasil_aberto,True
PR,4107405,Enéas Marques,Pinhalzinho,pinhalzinho,-25.8567687,-53.132755,brasil_aberto,True
PR,4107405,Enéas Marques,Vista Alegre,vista alegre,-25.9469353,-53.115783,brasil_aberto,True
PR,4107520,Esperança Nova,Centro,centro,-23.1891452,-52.2020586,brasil_aberto,True
PR,4107546,Espigão Alto do Iguaçu,Centro,centro,-25.4239186,-52.8359156,brasil_aberto,True
PR,4107553,Farol,Centro,centro,-24.0942919,-52.6228743,brasil_aberto,True
PR,4107553,Farol,Martinópolis,martinopolis,-24.0943794,-52.6227136,brasil_aberto,True
PR,4107603,Faxinal,Centro,centro,-24.0017953,-51.32149159999999,brasil_aberto,True
PR,4107603,Faxinal,Nova Altamira,nova altamira,-23.8916889,-51.3573953,brasil_aberto,True
PR,4107652,Fazenda Rio Grande,Estados,estados,-25.6688821,-49.3268283,brasil_aberto,True
PR,4107652,Fazenda Rio Grande,Eucaliptos,eucaliptos,-25.6509251,-49.297565,brasil_aberto,True
PR,4107652,Fazenda Rio Grande,Gralha Azul,gralha azul,-25.6690326,-49.3099726,brasil_aberto,True
PR,4107652,Fazenda Rio Grande,Iguaçu,iguacu,-25.6450231,-49.3179911,brasil_aberto,True
PR,4107652,Fazenda Rio Grande,Nações,nacoes,-25.6578743,-49.3004148,brasil_aberto,True
PR,4107652,Fazenda Rio Grande,Passo Amarelo,passo amarelo,-25.6896329,-49.2945036,brasil_aberto,True
PR,4107652,Fazenda Rio Grande,Pioneiros,pioneiros,-25.6450107,-49.317756,brasil_aberto,True
PR,4107652,Fazenda Rio Grande,Santa Terezinha,santa terezinha,-25.6607743,-49.3281653,brasil_aberto,True
PR,4107652,Fazenda Rio Grande,São Sebastião,sao sebastiao,-25.6917664,-49.3124656,brasil_aberto,True
PR,4107652,Fazenda Rio Grande,Veneza,veneza,-25.7022225,-49.3077074,brasil_aberto,True
PR,4107652,Fazenda Rio Grande,Área Rural de Fazenda Rio Grande,area rural de fazenda rio grande,-25.6484464,-49.3067238,brasil_aberto,True
PR,4107736,Fernandes Pinheiro,Angaí,angai,-25.5109048,-50.458988,brasil_aberto,True
PR,4107736,Fernandes Pinheiro,Centro,centro,-25.4124281,-50.5494587,brasil_aberto,True
PR,4107751,Figueira,Centro,centro,-23.8506,-50.3992643,brasil_aberto,True
PR,4107850,Flor da Serra do Sul,Centro,centro,-26.2593478,-53.308943,brasil_aberto,True
PR,4107801,Floraí,Centro,centro,-23.3200837,-52.2993773,brasil_aberto,True
PR,4107801,Floraí,Nova Bilac,nova bilac,-23.2918216,-52.39793659999999,brasil_aberto,True
PR,4107900,Floresta,Centro,centro,-11.9280947,-61.9939684,brasil_aberto,True
PR,4108007,Florestópolis,Centro,centro,-22.8656245,-51.39014539999999,brasil_aberto,True
PR,4108106,Flórida,Centro,centro,-23.3024649,-45.9768453,brasil_aberto,True
PR,4108205,Formosa do Oeste,Centro,centro,-24.2941734,-53.31199489999999,brasil_aberto,True
PR,4108304,Foz do Iguaçu,Alto São Francisco,alto sao francisco,,,brasil_aberto,True
PR,4108304,Foz do Iguaçu,Alvorada,alvorada,-25.490599,-54.5052973,brasil_aberto,True
PR,4108304,Foz do Iguaçu,Alvorada do Iguaçu,alvorada do iguacu,-25.3675892,-54.4980087,brasil_aberto,True
PR,4108304,Foz do Iguaçu,América,america,-25.521409,-54.5888748,brasil_aberto,True
PR,4108304,Foz do Iguaçu,Bourbon,bourbon,-25.5641985,-54.5680182,brasil_aberto,True
PR,4108304,Foz do Iguaçu,Campos do Iguaçu,campos do iguacu,-25.5352969,-54.5525519,brasil_aberto,True
PR,4108304,Foz do Iguaçu,Carimã,carima,-25.5779199,-54.5550699,brasil_aberto,True
PR,4108304,Foz do Iguaçu,Cataratas,cataratas,-25.4924959,-54.5361086,brasil_aberto,True
PR,4108304,Foz do Iguaçu,Centro,centro,-25.5376398,-54.5794383,brasil_aberto,True
PR,4108304,Foz do Iguaçu,Centro Cívico,centro civico,-25.5151422,-54.56426949999999,brasil_aberto,True
PR,4108304,Foz do Iguaçu,Cidade Nova,cidade nova,-25.4623197,-54.5567343,brasil_aberto,True
PR,4108304,Foz do Iguaçu,Cognópolis,cognopolis,-25.5407237,-54.525513,brasil_aberto,True
PR,4108304,Foz do Iguaçu,Hidrelétrica Itaipu,hidreletrica itaipu,-25.4072386,-54.59475519999999,brasil_aberto,True
PR,4108304,Foz do Iguaçu,Ipê,ipe,-25.4807386,-54.5592442,brasil_aberto,True
PR,4108304,Foz do Iguaçu,Itaipu A,itaipu a,-25.4985048,-54.569535,brasil_aberto,True
PR,4108304,Foz do Iguaçu,Itaipu B,itaipu b,-25.4929556,-54.5898826,brasil_aberto,True
PR,4108304,Foz do Iguaçu,Itaipu Binacional,itaipu binacional,-25.4497858,-54.5704572,brasil_aberto,True
PR,4108304,Foz do Iguaçu,Itaipu C,itaipu c,-25.4491786,-54.5722105,brasil_aberto,True
PR,4108304,Foz do Iguaçu,Jardim Itaipu,jardim itaipu,,,brasil_aberto,True
PR,4108304,Foz do Iguaçu,KLP,klp,-25.4846238,-54.579342,brasil_aberto,True
PR,4108304,Foz do Iguaçu,Lancaster,lancaster,-25.5086199,-54.5539425,brasil_aberto,True
PR,4108304,Foz do Iguaçu,Lote Grande,lote grande,-25.5312429,-54.5175199,brasil_aberto,True
PR,4108304,Foz do Iguaçu,Maracanã,maracana,-25.5359526,-54.5563081,brasil_aberto,True
PR,4108304,Foz do Iguaçu,Mata Verde,mata verde,-25.570205,-54.5538088,brasil_aberto,True
PR,4108304,Foz do Iguaçu,Monjolo,monjolo,-25.5174633,-54.5809424,brasil_aberto,True
PR,4108304,Foz do Iguaçu,Morumbi,morumbi,-25.5323709,-54.5313722,brasil_aberto,True
PR,4108304,Foz do Iguaçu,Náutica,nautica,-25.4494882,-54.5120369,brasil_aberto,True
PR,4108304,Foz do Iguaçu,Panorama,panorama,-25.5420799,-54.5538774,brasil_aberto,True
PR,4108304,Foz do Iguaçu,Parque Nacional do Iguaçu,parque nacional do iguacu,-25.5939397,-54.5133836,brasil_aberto,True
PR,4108304,Foz do Iguaçu,Parque Residencial Morumbi II,parque residencial morumbi ii,,,brasil_aberto,True
PR,4108304,Foz do Iguaçu,Polo Centro,polo centro,-25.5261752,-54.572322,brasil_aberto,True
PR,4108304,Foz do Iguaçu,Polo Universitário,polo universitario,-25.4612394,-54.5776163,brasil_aberto,True
PR,4108304,Foz do Iguaçu,Portal,portal,-25.5067016,-54.5398067,brasil_aberto,True
PR,4108304,Foz do Iguaçu,Portes,portes,-25.5055251,-54.5926529,brasil_aberto,True
PR,4108304,Foz do Iguaçu,Porto Belo,porto belo,-25.4737957,-54.5912759,brasil_aberto,True
PR,4108304,Foz do Iguaçu,Porto Meira,porto meira,-25.5684197,-54.5754249,brasil_aberto,True
PR,4108304,Foz do Iguaçu,Porto San Juan,porto san juan,-25.5457633,-54.5820643,brasil_aberto,True
PR,4108304,Foz do Iguaçu,Remanso,remanso,-25.6047083,-54.5207871,brasil_aberto,True
PR,4108304,Foz do Iguaçu,São Roque,sao roque,-25.5543078,-54.5417509,brasil_aberto,True
PR,4108304,Foz do Iguaçu,Três Bandeiras,tres bandeiras,-25.4976096,-54.5396887,brasil_aberto,True
PR,4108304,Foz do Iguaçu,Três Fronteiras,tres fronteiras,-25.5750137,-54.59030560000001,brasil_aberto,True
PR,4108304,Foz do Iguaçu,Três Lagoas,tres lagoas,-25.4837356,-54.5087992,brasil_aberto,True
PR,4108304,Foz do Iguaçu,Vila Paraguaia,vila paraguaia,-25.5307659,-54.5896914,brasil_aberto,True
PR,4108304,Foz do Iguaçu,Yolanda,yolanda,-25.5538063,-54.5622984,brasil_aberto,True
PR,4108304,Foz do Iguaçu,Área Rural de Foz do Iguaçu,area rural de foz do iguacu,-25.5165101,-54.585403,brasil_aberto,True
PR,4108452,Foz do Jordão,Centro,centro,-25.7318241,-52.1157795,brasil_aberto,True
PR,4108320,Francisco Alves,Centro,centro,-24.0682161,-53.844572,brasil_aberto,True
PR,4108320,Francisco Alves,Rio Bonito,rio bonito,-24.0953498,-53.966001,brasil_aberto,True
PR,4108403,Francisco Beltrão,Aeroporto,aeroporto,-26.0539945,-53.0605175,brasil_aberto,True
PR,4108403,Francisco Beltrão,Alvorada,alvorada,-26.0791746,-53.063898,brasil_aberto,True
PR,4108403,Francisco Beltrão,Antônio de Paiva Cantelmo,antonio de paiva cantelmo,-26.0524756,-53.0673819,brasil_aberto,True
PR,4108403,Francisco Beltrão,Barra Bonita,barra bonita,-26.072524,-53.05864,brasil_aberto,True
PR,4108403,Francisco Beltrão,Cango,cango,-26.0666107,-53.0485597,brasil_aberto,True
PR,4108403,Francisco Beltrão,Centro,centro,-26.0744484,-53.0530018,brasil_aberto,True
PR,4108403,Francisco Beltrão,Cristo Rei,cristo rei,-26.067642,-53.0617356,brasil_aberto,True
PR,4108403,Francisco Beltrão,Fazendinha,fazendinha,-26.0811184,-53.0531381,brasil_aberto,True
PR,4108403,Francisco Beltrão,Gaúcha,gaucha,-26.0811184,-53.0531381,brasil_aberto,True
PR,4108403,Francisco Beltrão,Guanabara,guanabara,-26.062467,-53.0477319,brasil_aberto,True
PR,4108403,Francisco Beltrão,Guarapuavinha,guarapuavinha,-26.0811184,-53.0531381,brasil_aberto,True
PR,4108403,Francisco Beltrão,Industrial,industrial,-26.0876359,-53.0413861,brasil_aberto,True
PR,4108403,Francisco Beltrão,Jacaré,jacare,-26.0811184,-53.0531381,brasil_aberto,True
PR,4108403,Francisco Beltrão,Jacutinga,jacutinga,-25.9967026,-53.3366401,brasil_aberto,True
PR,4108403,Francisco Beltrão,Jardim Floresta,jardim floresta,-26.0498425,-53.0405399,brasil_aberto,True
PR,4108403,Francisco Beltrão,Jardim Itália,jardim italia,-26.0545755,-53.052035,brasil_aberto,True
PR,4108403,Francisco Beltrão,Jardim Virginia,jardim virginia,-26.0506046,-53.0620387,brasil_aberto,True
PR,4108403,Francisco Beltrão,Júpiter,jupiter,-26.041738,-53.0524888,brasil_aberto,True
PR,4108403,Francisco Beltrão,Luther King,luther king,-26.0656686,-53.0448693,brasil_aberto,True
PR,4108403,Francisco Beltrão,Marrecas,marrecas,-26.0797933,-53.0714261,brasil_aberto,True
PR,4108403,Francisco Beltrão,Miniguaçu,miniguacu,-26.0702275,-53.0315515,brasil_aberto,True
PR,4108403,Francisco Beltrão,Nossa Senhora Aparecida,nossa senhora aparecida,-26.086024,-53.0546518,brasil_aberto,True
PR,4108403,Francisco Beltrão,Nova Concórdia,nova concordia,-25.9742267,-53.02386139999999,brasil_aberto,True
PR,4108403,Francisco Beltrão,Nova Petrópolis,nova petropolis,-26.0820255,-53.0637234,brasil_aberto,True
PR,4108403,Francisco Beltrão,Novo Mundo,novo mundo,-26.0653443,-53.0765143,brasil_aberto,True
PR,4108403,Francisco Beltrão,Padre Ulrico,padre ulrico,-26.0536345,-53.0383415,brasil_aberto,True
PR,4108403,Francisco Beltrão,Pinheirinho,pinheirinho,-26.0422678,-53.0662459,brasil_aberto,True
PR,4108403,Francisco Beltrão,Pinheirão,pinheirao,-26.0427337,-53.0632617,brasil_aberto,True
PR,4108403,Francisco Beltrão,Presidente Kennedy,presidente kennedy,-26.0760781,-53.0479734,brasil_aberto,True
PR,4108403,Francisco Beltrão,Progresso,progresso,-26.0811184,-53.0531381,brasil_aberto,True
PR,4108403,Francisco Beltrão,Rio Quatorze,rio quatorze,-26.0551115,-53.0620548,brasil_aberto,True
PR,4108403,Francisco Beltrão,Rio Saudade,rio saudade,-26.0811184,-53.0531381,brasil_aberto,True
PR,4108403,Francisco Beltrão,Rio do Mato,rio do mato,-25.974238,-53.08461519999999,brasil_aberto,True
PR,4108403,Francisco Beltrão,Sadia,sadia,-26.0398442,-53.0500806,brasil_aberto,True
PR,4108403,Francisco Beltrão,Santa Rosa,santa rosa,-26.0394532,-53.0536872,brasil_aberto,True
PR,4108403,Francisco Beltrão,Sede Progresso,sede progresso,-26.0811184,-53.0531381,brasil_aberto,True
PR,4108403,Francisco Beltrão,Seminário,seminario,-26.0791418,-53.0323907,brasil_aberto,True
PR,4108403,Francisco Beltrão,São Cristóvão,sao cristovao,-26.0918434,-53.0519394,brasil_aberto,True
PR,4108403,Francisco Beltrão,São Francisco,sao francisco,-26.0582041,-53.0761286,brasil_aberto,True
PR,4108403,Francisco Beltrão,São Miguel,sao miguel,-26.0690127,-53.0724143,brasil_aberto,True
PR,4108403,Francisco Beltrão,São Pio X,sao pio x,-26.0811184,-53.0531381,brasil_aberto,True
PR,4108403,Francisco Beltrão,Vila Nova,vila nova,-26.0786182,-53.0424169,brasil_aberto,True
PR,4108403,Francisco Beltrão,Água Branca,agua branca,-26.1043314,-53.0557156,brasil_aberto,True
PR,4108403,Francisco Beltrão,Área Rural de Francisco Beltrão,area rural de francisco beltrao,-26.0811184,-53.0531381,brasil_aberto,True
PR,4107702,Fênix,Bela Vista do Ivaí,bela vista do ivai,-23.8494227,-52.0298761,brasil_aberto,True
PR,4107702,Fênix,Centro,centro,-23.9172945,-51.9800306,brasil_aberto,True
PR,4107702,Fênix,Porteira Preta,porteira preta,-23.8886946,-52.0745243,brasil_aberto,True
PR,4108502,General Carneiro,Colônia General Carneiro,colonia general carneiro,-26.4239991,-51.31449569999999,brasil_aberto,True
PR,4108502,General Carneiro,Jangada do Sul,jangada do sul,-26.3972965,-51.2818243,brasil_aberto,True
PR,4108551,Godoy Moreira,Centro,centro,,,brasil_aberto,True
PR,4108601,Goioerê,Centro,centro,-24.1858333,-53.0280496,brasil_aberto,True
PR,4108601,Goioerê,Jaracatiá,jaracatia,,,brasil_aberto,True
PR,4108650,Goioxim,Centro,centro,-25.7696652,-49.7159144,brasil_aberto,True
PR,4108650,Goioxim,Jacutinga,jacutinga,-25.0508831,-52.017661,brasil_aberto,True
PR,4108650,Goioxim,Pinhalzinho,pinhalzinho,-25.0747425,-52.1053098,brasil_aberto,True
PR,4108700,Grandes Rios,Centro,centro,-24.1459833,-51.5051436,brasil_aberto,True
PR,4108700,Grandes Rios,Ribeirão Bonito,ribeirao bonito,-24.2058792,-51.4099625,brasil_aberto,True
PR,4108908,Guairaçá,Centro,centro,,,brasil_aberto,True
PR,4108908,Guairaçá,Guairaçá,guairaca,-22.9332726,-52.6853096,brasil_aberto,True
PR,4108957,Guamiranga,Centro,centro,,,brasil_aberto,True
PR,4109005,Guapirama,Centro,centro,-23.5162343,-50.0408997,brasil_aberto,True
PR,4109104,Guaporema,Centro,centro,-23.3415244,-52.7776491,brasil_aberto,True
PR,4109203,Guaraci,Bentópolis,bentopolis,-22.9288622,-51.7152255,brasil_aberto,True
PR,4109302,Guaraniaçu,Bela Vista,bela vista,-25.2738474,-52.9814383,brasil_aberto,True
PR,4109302,Guaraniaçu,Borman,borman,-25.2042441,-52.77770880000001,brasil_aberto,True
PR,4109302,Guaraniaçu,Centro,centro,,,brasil_aberto,True
PR,4109302,Guaraniaçu,Guaporé,guapore,-24.8838949,-52.8955875,brasil_aberto,True
PR,4109401,Guarapuava,Alto Cascavel,alto cascavel,-25.3985784,-51.5094777,brasil_aberto,True
PR,4109401,Guarapuava,Alto Sabiá,alto sabia,-25.5493349,-51.6745956,brasil_aberto,True
PR,4109401,Guarapuava,Alto da XV,alto da xv,-25.3868605,-51.4538772,brasil_aberto,True
PR,4109401,Guarapuava,Bairro Cachoeira,bairro cachoeira,-25.5806508,-51.51579109999999,brasil_aberto,True
PR,4109401,Guarapuava,Banhado,banhado,-25.3888928,-51.4612388,brasil_aberto,True
PR,4109401,Guarapuava,Barreiro,barreiro,-25.3888928,-51.4612388,brasil_aberto,True
PR,4109401,Guarapuava,Batel,batel,-25.3992925,-51.4829067,brasil_aberto,True
PR,4109401,Guarapuava,Bom Retiro,bom retiro,-25.4002424,-51.4497422,brasil_aberto,True
PR,4109401,Guarapuava,Bom Sucesso,bom sucesso,-25.3749764,-51.4742128,brasil_aberto,True
PR,4109401,Guarapuava,Bonsucesso,bonsucesso,-25.3760241,-51.4825498,brasil_aberto,True
PR,4109401,Guarapuava,Boqueirão,boqueirao,-25.4084078,-51.4847816,brasil_aberto,True
PR,4109401,Guarapuava,Campina,campina,-25.4152754,-51.4770913,brasil_aberto,True
PR,4109401,Guarapuava,Capão Alto,capao alto,-27.9382001,-50.5107424,brasil_aberto,True
PR,4109401,Guarapuava,Capão Bonito,capao bonito,-25.3462898,-51.4077826,brasil_aberto,True
PR,4109401,Guarapuava,Capão Rico,capao rico,-25.3888928,-51.4612388,brasil_aberto,True
PR,4109401,Guarapuava,Capão da Lagoa,capao da lagoa,-25.3888169,-51.4612411,brasil_aberto,True
PR,4109401,Guarapuava,Cara Pintado,cara pintado,-25.3888928,-51.4612388,brasil_aberto,True
PR,4109401,Guarapuava,Cascavel,cascavel,-25.3905495,-51.4922966,brasil_aberto,True
PR,4109401,Guarapuava,Centro,centro,-25.392728,-51.4599701,brasil_aberto,True
PR,4109401,Guarapuava,Cidade dos Lagos,cidade dos lagos,-25.3487069,-51.4775322,brasil_aberto,True
PR,4109401,Guarapuava,Coitinho,coitinho,-25.3689341,-51.4357081,brasil_aberto,True
PR,4109401,Guarapuava,Colônia Cachoeira,colonia cachoeira,-25.5806508,-51.51579109999999,brasil_aberto,True
PR,4109401,Guarapuava,Colônia Jordãozinho,colonia jordaozinho,-25.533678,-51.5063888,brasil_aberto,True
PR,4109401,Guarapuava,Colônia Samambaia,colonia samambaia,-25.5218503,-51.5400977,brasil_aberto,True
PR,4109401,Guarapuava,Colônia Socorro,colonia socorro,-25.5639632,-51.5556431,brasil_aberto,True
PR,4109401,Guarapuava,Colônia Vitória,colonia vitoria,-25.5689908,-51.48636610000001,brasil_aberto,True
PR,4109401,Guarapuava,Conradinho,conradinho,-25.364387,-51.4603419,brasil_aberto,True
PR,4109401,Guarapuava,Corvo,corvo,-25.3888169,-51.4612411,brasil_aberto,True
PR,4109401,Guarapuava,Curucaca,curucaca,-25.3888928,-51.4612388,brasil_aberto,True
PR,4109401,Guarapuava,Dos Estados,dos estados,-25.3924469,-51.4856087,brasil_aberto,True
PR,4109401,Guarapuava,Encruzilhada,encruzilhada,-25.4473959,-50.2345279,brasil_aberto,True
PR,4109401,Guarapuava,Entre Rios,entre rios,-25.5602336,-51.4879206,brasil_aberto,True
PR,4109401,Guarapuava,Faxinal dos Elias,faxinal dos elias,-25.3014488,-51.2701766,brasil_aberto,True
PR,4109401,Guarapuava,Fazenda dos Barbosas,fazenda dos barbosas,-25.4114687,-51.4902924,brasil_aberto,True
PR,4109401,Guarapuava,Fiusas,fiusas,-25.3888928,-51.4612388,brasil_aberto,True
PR,4109401,Guarapuava,Fueros,fueros,-25.3888928,-51.4612388,brasil_aberto,True
PR,4109401,Guarapuava,Guairaçá,guairaca,-25.1580603,-51.3349804,brasil_aberto,True
PR,4109401,Guarapuava,Guará,guara,-25.3762281,-51.2841199,brasil_aberto,True
PR,4109401,Guarapuava,Góis,gois,-25.4211807,-51.4826041,brasil_aberto,True
PR,4109401,Guarapuava,Igrejinha,igrejinha,-29.5734428,-50.7924981,brasil_aberto,True
PR,4109401,Guarapuava,Imóvel Morro Alto,imovel morro alto,-25.3530169,-51.4375556,brasil_aberto,True
PR,4109401,Guarapuava,Industrial,industrial,-25.3513763,-51.4899879,brasil_aberto,True
PR,4109401,Guarapuava,Invernadinha,invernadinha,-25.3888928,-51.4612388,brasil_aberto,True
PR,4109401,Guarapuava,Jardim das Américas,jardim das americas,-25.3909416,-51.5164895,brasil_aberto,True
PR,4109401,Guarapuava,Lagoa Seca,lagoa seca,-25.4598104,-51.9535838,brasil_aberto,True
PR,4109401,Guarapuava,Lajeado Grande,lajeado grande,-25.3888928,-51.4612388,brasil_aberto,True
PR,4109401,Guarapuava,Lavrinha,lavrinha,,,brasil_aberto,True
PR,4109401,Guarapuava,Macucos,macucos,-25.3888928,-51.4612388,brasil_aberto,True
PR,4109401,Guarapuava,Maitá,maita,-25.3681001,-51.4883318,brasil_aberto,True
PR,4109401,Guarapuava,Mandaçaia,mandacaia,-25.3888928,-51.4612388,brasil_aberto,True
PR,4109401,Guarapuava,Marrecas,marrecas,-25.0748266,-51.38945709999999,brasil_aberto,True
PR,4109401,Guarapuava,Matinhos,matinhos,-25.3888928,-51.4612388,brasil_aberto,True
PR,4109401,Guarapuava,Morro Alto,morro alto,-25.3736078,-51.4534862,brasil_aberto,True
PR,4109401,Guarapuava,Palmeirinha,palmeirinha,-25.2480918,-51.54828389999999,brasil_aberto,True
PR,4109401,Guarapuava,Pelado,pelado,-25.3888928,-51.4612388,brasil_aberto,True
PR,4109401,Guarapuava,Primavera,primavera,-25.3599824,-51.4780666,brasil_aberto,True
PR,4109401,Guarapuava,Queimados,queimados,-22.7110979,-43.569125,brasil_aberto,True
PR,4109401,Guarapuava,Rio das Mortes,rio das mortes,-25.3422252,-51.4161949,brasil_aberto,True
PR,4109401,Guarapuava,Rio das Pedras,rio das pedras,-25.4367928,-51.4530056,brasil_aberto,True
PR,4109401,Guarapuava,Rondinha,rondinha,-25.8902964,-52.0773753,brasil_aberto,True
PR,4109401,Guarapuava,Santa Cruz,santa cruz,-25.4050022,-51.4664072,brasil_aberto,True
PR,4109401,Guarapuava,Santana,santana,-25.3886192,-51.450833,brasil_aberto,True
PR,4109401,Guarapuava,São Cristóvão,sao cristovao,-25.375567,-51.4625911,brasil_aberto,True
PR,4109401,Guarapuava,São Francisco,sao francisco,-25.3451839,-51.4348956,brasil_aberto,True
PR,4109401,Guarapuava,São Joaquim,sao joaquim,-25.3888169,-51.4612411,brasil_aberto,True
PR,4109401,Guarapuava,São Pedro,sao pedro,-25.3721947,-51.4610714,brasil_aberto,True
PR,4109401,Guarapuava,São Sebastião,sao sebastiao,-25.452078,-52.3707359,brasil_aberto,True
PR,4109401,Guarapuava,Taipa,taipa,-25.3888169,-51.4612411,brasil_aberto,True
PR,4109401,Guarapuava,Trianon,trianon,-25.3998625,-51.4605874,brasil_aberto,True
PR,4109401,Guarapuava,Três Capões,tres capoes,-25.4344,-51.657,brasil_aberto,True
PR,4109401,Guarapuava,Três Pinheiros,tres pinheiros,-25.3888928,-51.4612388,brasil_aberto,True
PR,4109401,Guarapuava,Vila Bela,vila bela,-25.4000629,-51.4974097,brasil_aberto,True
PR,4109401,Guarapuava,Vila Carli,vila carli,-25.3660859,-51.4942605,brasil_aberto,True
PR,4109401,Guarapuava,Vila Jordão,vila jordao,-25.4364624,-51.4584204,brasil_aberto,True
PR,4109401,Guarapuava,Água Branca,agua branca,-25.3888169,-51.4612411,brasil_aberto,True
PR,4109401,Guarapuava,Água Mineral,agua mineral,-25.3888169,-51.4612411,brasil_aberto,True
PR,4109401,Guarapuava,Área Rural de Guarapuava,area rural de guarapuava,-25.3888169,-51.4612411,brasil_aberto,True
PR,4109500,Guaraqueçaba,Ararapira,ararapira,-25.2295444,-48.02957170000001,brasil_aberto,True
PR,4109500,Guaraqueçaba,Centro,centro,-25.2965755,-48.3241704,brasil_aberto,True
PR,4109500,Guaraqueçaba,Potinga,potinga,-25.2349439,-48.5377622,brasil_aberto,True
PR,4109500,Guaraqueçaba,Serra Negra,serra negra,-25.1740843,-48.4164728,brasil_aberto,True
PR,4109500,Guaraqueçaba,Tagaçaba de Baixo,tagacaba de baixo,-25.221837,-48.4459348,brasil_aberto,True
PR,4109500,Guaraqueçaba,Tibicanga,tibicanga,-25.3419699,-48.2684861,brasil_aberto,True
PR,4109609,Guaratuba,Centro,centro,-25.8752336,-48.577288,brasil_aberto,True
PR,4109609,Guaratuba,Cubatão,cubatao,-25.8801421,-48.5956322,brasil_aberto,True
PR,4109609,Guaratuba,Nereidas,nereidas,-25.9278134,-48.5866536,brasil_aberto,True
PR,4109609,Guaratuba,Pedra Branca do Araraquara,pedra branca do araraquara,-25.936997,-48.9075887,brasil_aberto,True
PR,4108809,Guaíra,Bela Vista do Oeste,bela vista do oeste,,,brasil_aberto,True
PR,4108809,Guaíra,Doutor Oliveira Castro,doutor oliveira castro,-24.252542,-54.26697799999999,brasil_aberto,True
PR,4108809,Guaíra,Vila Eletrosul,vila eletrosul,,,brasil_aberto,True
PR,4109658,Honório Serpa,Centro,centro,-26.1430438,-52.38385040000001,brasil_aberto,True
PR,4109708,Ibaiti,Amorinha,amorinha,-23.9116903,-50.25480719999999,brasil_aberto,True
PR,4109708,Ibaiti,Centro,centro,-23.8487736,-50.1894474,brasil_aberto,True
PR,4109708,Ibaiti,Euzébio de Oliveira,euzebio de oliveira,-23.8110426,-50.3642206,brasil_aberto,True
PR,4109708,Ibaiti,Vassoural,vassoural,-23.6059932,-50.33658550000001,brasil_aberto,True
PR,4109708,Ibaiti,Vila Guay,vila guay,-23.6944534,-50.2450489,brasil_aberto,True
PR,4109757,Ibema,Centro,centro,,,brasil_aberto,True
PR,4109807,Ibiporã,Centro,centro,-23.2691571,-51.0478794,brasil_aberto,True
PR,4109906,Icaraíma,Centro,centro,-23.3948007,-53.6249186,brasil_aberto,True
PR,4109906,Icaraíma,Porto Camargo,porto camargo,-23.3663972,-53.74866950000001,brasil_aberto,True
PR,4109906,Icaraíma,Vila Rica do Ivaí,vila rica do ivai,-23.2927355,-53.5530492,brasil_aberto,True
PR,4110003,Iguaraçu,Centro,centro,-23.1987849,-51.8270945,brasil_aberto,True
PR,4110078,Imbaú,Centro,centro,-24.447318,-50.7573182,brasil_aberto,True
PR,4110102,Imbituva,Apiaba,apiaba,-25.338083,-50.788099,brasil_aberto,True
PR,4110102,Imbituva,Centro,centro,,,brasil_aberto,True
PR,4110300,Inajá,Centro,centro,-8.89964485,-37.82235336,brasil_aberto,True
PR,4110201,Inácio Martins,Centro,centro,-25.5738441,-51.0798622,brasil_aberto,True
PR,4110508,Ipiranga,Centro,centro,-25.0253383,-50.5835271,brasil_aberto,True
PR,4110607,Iporã,Centro,centro,-24.0051928,-53.7116774,brasil_aberto,True
PR,4110607,Iporã,Nilza,nilza,-23.9749554,-53.90036989999999,brasil_aberto,True
PR,4110607,Iporã,Nova Santa Helena,nova santa helena,-24.1441793,-53.70438189999999,brasil_aberto,True
PR,4110656,Iracema do Oeste,Centro,centro,,,brasil_aberto,True
PR,4110706,Irati,Alto da Glória,alto da gloria,-25.4602647,-50.6595613,brasil_aberto,True
PR,4110706,Irati,Alto da Lagoa,alto da lagoa,-25.4911094,-50.676408,brasil_aberto,True
PR,4110706,Irati,Cadeadinho,cadeadinho,-25.4674162,-51.0018038,brasil_aberto,True
PR,4110706,Irati,Camacuã,camacua,-25.476133,-50.6721173,brasil_aberto,True
PR,4110706,Irati,Canisianas,canisianas,-25.4607836,-50.6383344,brasil_aberto,True
PR,4110706,Irati,Centro,centro,-25.4726665,-50.6508982,brasil_aberto,True
PR,4110706,Irati,Colina Nossa Senhora das Graças,colina nossa senhora das gracas,-25.4609983,-50.6433386,brasil_aberto,True
PR,4110706,Irati,DER,der,-25.4762832,-50.66488,brasil_aberto,True
PR,4110706,Irati,Engenheiro Gutierrez,engenheiro gutierrez,-25.5184792,-50.6637859,brasil_aberto,True
PR,4110706,Irati,Fósforo,fosforo,-25.484786,-50.6539894,brasil_aberto,True
PR,4110706,Irati,Gonçalves Júnior,goncalves junior,-25.466647,-50.7814332,brasil_aberto,True
PR,4110706,Irati,Guamirim,guamirim,-25.566109,-50.8515573,brasil_aberto,True
PR,4110706,Irati,Itapara,itapara,-25.4753195,-51.039021,brasil_aberto,True
PR,4110706,Irati,Jardim Aeroporto,jardim aeroporto,-25.4965361,-50.6515407,brasil_aberto,True
PR,4110706,Irati,Jardim California,jardim california,-25.4752974,-50.6474785,brasil_aberto,True
PR,4110706,Irati,Jardim Virginia,jardim virginia,-25.4883073,-50.6534061,brasil_aberto,True
PR,4110706,Irati,Lagoa,lagoa,-25.501359,-50.666586,brasil_aberto,True
PR,4110706,Irati,Nhapindazal,nhapindazal,-25.4691667,-50.6041667,brasil_aberto,True
PR,4110706,Irati,Rio Bonito,rio bonito,-25.4720336,-50.6678886,brasil_aberto,True
PR,4110706,Irati,Riozinho,riozinho,-25.5311668,-50.6518346,brasil_aberto,True
PR,4110706,Irati,Stroparo,stroparo,-25.4799681,-50.6480621,brasil_aberto,True
PR,4110706,Irati,Vila Nova,vila nova,-25.477559,-50.6489558,brasil_aberto,True
PR,4110706,Irati,Vila São João,vila sao joao,-25.4775609,-50.6489356,brasil_aberto,True
PR,4110706,Irati,Área Rural de Irati,area rural de irati,-25.4775609,-50.6489356,brasil_aberto,True
PR,4110805,Iretama,Centro,centro,-24.4196443,-52.10130359999999,brasil_aberto,True
PR,4110805,Iretama,Marilu,marilu,-24.4428177,-52.2124713,brasil_aberto,True
PR,4110904,Itaguajé,Centro,centro,-24.6160949,-53.3232303,brasil_aberto,True
PR,4110953,Itaipulândia,Centro,centro,,,brasil_aberto,True
PR,4110953,Itaipulândia,São José do Itavo,sao jose do itavo,,,brasil_aberto,True
PR,4111001,Itambaracá,Centro,centro,,,brasil_aberto,True
PR,4111001,Itambaracá,São Joaquim do Pontal,sao joaquim do pontal,-22.97367,-50.480821,brasil_aberto,True
PR,4111209,Itapejara d'Oeste,Barra Grande,barra grande,-25.9738086,-52.9190715,brasil_aberto,True
PR,4111209,Itapejara d'Oeste,Centro,centro,-25.9653111,-52.8162925,brasil_aberto,True
PR,4111209,Itapejara d'Oeste,Coxilha Rica,coxilha rica,-25.9967734,-52.8070106,brasil_aberto,True
PR,4111258,Itaperuçu,Centro,centro,-25.2200461,-49.3459649,brasil_aberto,True
PR,4111308,Itaúna do Sul,Centro,centro,-25.5316714,-49.2341291,brasil_aberto,True
PR,4111506,Ivaiporã,Alto Porã,alto pora,-24.3526134,-51.6921073,brasil_aberto,True
PR,4111506,Ivaiporã,Centro,centro,-24.351404,-51.6903806,brasil_aberto,True
PR,4111506,Ivaiporã,Jacutinga,jacutinga,-24.2227467,-51.567593,brasil_aberto,True
PR,4111506,Ivaiporã,Santa Bárbara,santa barbara,-24.243603,-51.67372049999999,brasil_aberto,True
PR,4111605,Ivatuba,Centro,centro,-23.621779,-52.2215729,brasil_aberto,True
PR,4111605,Ivatuba,IAP,iap,-23.5421629,-52.1001576,brasil_aberto,True
PR,4111555,Ivaté,Centro,centro,-23.4093892,-53.3716302,brasil_aberto,True
PR,4111555,Ivaté,Herculândia,herculandia,-23.289931,-53.4554195,brasil_aberto,True
PR,4111407,Ivaí,Bom Jardim do Sul,bom jardim do sul,-25.0288163,-50.8009551,brasil_aberto,True
PR,4111407,Ivaí,Centro,centro,-25.0111535,-50.86057049999999,brasil_aberto,True
PR,4111704,Jaboti,Centro,centro,-23.7422849,-50.0740384,brasil_aberto,True
PR,4111803,Jacarezinho,Centro,centro,-23.1600604,-49.97435110000001,brasil_aberto,True
PR,4111803,Jacarezinho,Marquês dos Reis,marques dos reis,-23.0084333,-49.9120156,brasil_aberto,True
PR,4111902,Jaguapitã,Centro,centro,-22.9012249,-43.1791747,brasil_aberto,True
PR,4112009,Jaguariaíva,Centro,centro,-24.2547371,-49.7115793,brasil_aberto,True
PR,4112009,Jaguariaíva,Eduardo Xavier da Silva,eduardo xavier da silva,-24.3952844,-49.59520999999999,brasil_aberto,True
PR,4112009,Jaguariaíva,Jardim Central,jardim central,-24.2547371,-49.7115793,brasil_aberto,True
PR,4112108,Jandaia do Sul,Centro,centro,-23.5981928,-51.6552126,brasil_aberto,True
PR,4112108,Jandaia do Sul,São José,sao jose,-23.6579237,-51.6936694,brasil_aberto,True
PR,4112207,Janiópolis,Arapuan,arapuan,-24.2579576,-52.8523995,brasil_aberto,True
PR,4112207,Janiópolis,Centro,centro,-24.1412235,-52.782797,brasil_aberto,True
PR,4112306,Japira,Centro,centro,-23.810543,-50.13920210000001,brasil_aberto,True
PR,4112306,Japira,Novo Jardim,novo jardim,-23.6619404,-50.1993974,brasil_aberto,True
PR,4112504,Jardim Alegre,Centro,centro,-24.1785744,-51.6926864,brasil_aberto,True
PR,4112603,Jardim Olinda,Centro,centro,-25.5531603,-49.2549649,brasil_aberto,True
PR,4112702,Jataizinho,Antônio Brandão de Oliveira,antonio brandao de oliveira,-23.3130229,-50.918276,brasil_aberto,True
PR,4112702,Jataizinho,Centro,centro,-23.2833352,-50.9557679,brasil_aberto,True
PR,4112702,Jataizinho,Frei Timóteo,frei timoteo,-23.2059462,-50.9446814,brasil_aberto,True
PR,4112751,Jesuítas,Carajá,caraja,-24.5188456,-53.391812,brasil_aberto,True
PR,4112751,Jesuítas,Centro,centro,-24.381333,-53.3853904,brasil_aberto,True
PR,4112801,Joaquim Távora,Centro,centro,-23.4977475,-49.9229749,brasil_aberto,True
PR,4112801,Joaquim Távora,Joá,joa,-23.3964223,-49.8854497,brasil_aberto,True
PR,4112801,Joaquim Távora,São Roque do Pinhal,sao roque do pinhal,-23.4897441,-49.83251569999999,brasil_aberto,True
PR,4112900,Jundiaí do Sul,Centro,centro,,,brasil_aberto,True
PR,4112959,Juranda,Centro,centro,-24.4190486,-52.83840600000001,brasil_aberto,True
PR,4112959,Juranda,Rio Verde,rio verde,-24.4713667,-52.8736512,brasil_aberto,True
PR,4113106,Kaloré,Centro,centro,,,brasil_aberto,True
PR,4113106,Kaloré,Juciara,juciara,-23.8995243,-51.74006929999999,brasil_aberto,True
PR,4113205,Lapa,Alves Cardosos,alves cardosos,,,brasil_aberto,True
PR,4113205,Lapa,Barra dos Melos,barra dos melos,-25.9509865,-49.9120007,brasil_aberto,True
PR,4113205,Lapa,Bonito,bonito,,,brasil_aberto,True
PR,4113205,Lapa,Butiá,butia,,,brasil_aberto,True
PR,4113205,Lapa,Campina,campina,,,brasil_aberto,True
PR,4113205,Lapa,Canoeiros,canoeiros,,,brasil_aberto,True
PR,4113205,Lapa,Capão Bonito,capao bonito,,,brasil_aberto,True
PR,4113205,Lapa,Carqueja,carqueja,,,brasil_aberto,True
PR,4113205,Lapa,Cento e Doze,cento e doze,,,brasil_aberto,True
PR,4113205,Lapa,Centro,centro,-25.768541,-49.717176,brasil_aberto,True
PR,4113205,Lapa,Colônia Johanesdorf,colonia johanesdorf,,,brasil_aberto,True
PR,4113205,Lapa,Colônia Municipal,colonia municipal,,,brasil_aberto,True
PR,4113205,Lapa,Colônia Restinga,colonia restinga,,,brasil_aberto,True
PR,4113205,Lapa,Contestado,contestado,-25.6268016,-49.6960889,brasil_aberto,True
PR,4113205,Lapa,Dom Pedro II,dom pedro ii,,,brasil_aberto,True
PR,4113205,Lapa,Faxinal dos Castilhos,faxinal dos castilhos,-25.854803,-49.97842,brasil_aberto,True
PR,4113205,Lapa,Faxinal dos Correias,faxinal dos correias,,,brasil_aberto,True
PR,4113205,Lapa,Feixo do Boteatuva,feixo do boteatuva,,,brasil_aberto,True
PR,4113205,Lapa,Mariental,mariental,-25.7069258,-49.6299077,brasil_aberto,True
PR,4113205,Lapa,Mato Preto,mato preto,,,brasil_aberto,True
PR,4113205,Lapa,Núcleo Leiteiro,nucleo leiteiro,,,brasil_aberto,True
PR,4113205,Lapa,Palmital de Baixo,palmital de baixo,,,brasil_aberto,True
PR,4113205,Lapa,Passa Dois,passa dois,,,brasil_aberto,True
PR,4113205,Lapa,Pedra Lisa,pedra lisa,,,brasil_aberto,True
PR,4113205,Lapa,Rio da Areia,rio da areia,,,brasil_aberto,True
PR,4113205,Lapa,Rio da Várzea,rio da varzea,,,brasil_aberto,True
PR,4113205,Lapa,Santo Amaro,santo amaro,,,brasil_aberto,True
PR,4113205,Lapa,São Bento,sao bento,,,brasil_aberto,True
PR,4113205,Lapa,São João do Caiva,sao joao do caiva,,,brasil_aberto,True
PR,4113205,Lapa,São Lucas,sao lucas,,,brasil_aberto,True
PR,4113205,Lapa,Wilson Montenegro,wilson montenegro,,,brasil_aberto,True
PR,4113205,Lapa,Água Azul,agua azul,-25.7696777,-49.7159059,brasil_aberto,True
PR,4113304,Laranjeiras do Sul,Antas,antas,-25.402082,-52.4129456,brasil_aberto,True
PR,4113304,Laranjeiras do Sul,Campo do Bugre,campo do bugre,-25.4435354,-52.4850498,brasil_aberto,True
PR,4113304,Laranjeiras do Sul,Centro,centro,-25.4089974,-52.4096459,brasil_aberto,True
PR,4113304,Laranjeiras do Sul,Cristo Rei,cristo rei,-25.4074934,-52.3945578,brasil_aberto,True
PR,4113304,Laranjeiras do Sul,Gavião,gaviao,-25.402082,-52.4129456,brasil_aberto,True
PR,4113304,Laranjeiras do Sul,Getúlio Vargas,getulio vargas,-25.420899,-52.4099104,brasil_aberto,True
PR,4113304,Laranjeiras do Sul,Herval Grande,herval grande,-25.402082,-52.4129456,brasil_aberto,True
PR,4113304,Laranjeiras do Sul,Passo Liso,passo liso,-25.2942195,-52.3020684,brasil_aberto,True
PR,4113304,Laranjeiras do Sul,Santo Antônio,santo antonio,-25.3999016,-52.3973623,brasil_aberto,True
PR,4113304,Laranjeiras do Sul,São Francisco,sao francisco,-25.396582,-52.399749,brasil_aberto,True
PR,4113304,Laranjeiras do Sul,São João,sao joao,-25.4000764,-52.398737,brasil_aberto,True
PR,4113304,Laranjeiras do Sul,União,uniao,-25.402082,-52.4129456,brasil_aberto,True
PR,4113304,Laranjeiras do Sul,Vila Albert,vila albert,-25.402082,-52.4129456,brasil_aberto,True
PR,4113304,Laranjeiras do Sul,Vila Industrial,vila industrial,-25.3760767,-52.3911611,brasil_aberto,True
PR,4113304,Laranjeiras do Sul,Água Verde,agua verde,-25.4172827,-52.4153332,brasil_aberto,True
PR,4113304,Laranjeiras do Sul,Área Rural de Laranjeiras do Sul,area rural de laranjeiras do sul,-25.402082,-52.4129456,brasil_aberto,True
PR,4113403,Leópolis,Centro,centro,,,brasil_aberto,True
PR,4113403,Leópolis,Jandinópolis,jandinopolis,,,brasil_aberto,True
PR,4113429,Lidianópolis,Centro,centro,-24.1090996,-51.655644,brasil_aberto,True
PR,4113452,Lindoeste,Centro,centro,,,brasil_aberto,True
PR,4113502,Loanda,Centro,centro,,,brasil_aberto,True
PR,4113601,Lobato,Centro,centro,-23.0097195,-51.9517126,brasil_aberto,True
PR,4113700,Londrina,Aeroporto,aeroporto,-23.3325048,-51.1387263,brasil_aberto,True
PR,4113700,Londrina,Alpes,alpes,-23.2849881,-51.1674822,brasil_aberto,True
PR,4113700,Londrina,Alto da Boa Vista,alto da boa vista,-23.2705447,-51.1697215,brasil_aberto,True
PR,4113700,Londrina,Alto da Colina,alto da colina,-23.3278622,-51.1927587,brasil_aberto,True
PR,4113700,Londrina,Amaral,amaral,-23.3070109,-51.1433902,brasil_aberto,True
PR,4113700,Londrina,Amaro,amaro,-23.302636,-51.1897091,brasil_aberto,True
PR,4113700,Londrina,Amália,amalia,-23.2966998,-51.1447524,brasil_aberto,True
PR,4113700,Londrina,Andes,andes,-23.2889304,-51.1740873,brasil_aberto,True
PR,4113700,Londrina,Andrade,andrade,-23.3094689,-51.179319,brasil_aberto,True
PR,4113700,Londrina,Antares,antares,-23.3188325,-51.1242344,brasil_aberto,True
PR,4113700,Londrina,Aparecida,aparecida,-23.3018128,-51.1636658,brasil_aberto,True
PR,4113700,Londrina,Aquilles Sthengel,aquilles sthengel,-23.2533579,-51.1375205,brasil_aberto,True
PR,4113700,Londrina,Aragarça,aragarca,-23.3300187,-51.1199676,brasil_aberto,True
PR,4113700,Londrina,Araxá,araxa,-23.3141452,-51.1781786,brasil_aberto,True
PR,4113700,Londrina,Arco Íris,arco iris,-23.3339465,-51.1726128,brasil_aberto,True
PR,4113700,Londrina,Armindo Guazzi,armindo guazzi,-23.322901,-51.113274,brasil_aberto,True
PR,4113700,Londrina,Arpoador,arpoador,-23.3384381,-51.1467213,brasil_aberto,True
PR,4113700,Londrina,Aspen Park Residence,aspen park residence,-23.320836,-51.1318481,brasil_aberto,True
PR,4113700,Londrina,Aurora,aurora,-23.3465131,-51.1712124,brasil_aberto,True
PR,4113700,Londrina,Bairro Limoeiro,bairro limoeiro,-23.3309499,-51.10465,brasil_aberto,True
PR,4113700,Londrina,Bancários,bancarios,-23.3086772,-51.1863503,brasil_aberto,True
PR,4113700,Londrina,Bandeirantes,bandeirantes,-23.2861555,-51.1839623,brasil_aberto,True
PR,4113700,Londrina,Barra Grande,barra grande,-23.2985261,-51.1511109,brasil_aberto,True
PR,4113700,Londrina,Barra Vento,barra vento,-23.2993415,-51.1544037,brasil_aberto,True
PR,4113700,Londrina,Barro Preto,barro preto,-23.3197305,-51.1662008,brasil_aberto,True
PR,4113700,Londrina,Bela Suiça,bela suica,-23.3358992,-51.1625851,brasil_aberto,True
PR,4113700,Londrina,Bela Vista,bela vista,-23.3241215,-51.1665523,brasil_aberto,True
PR,4113700,Londrina,Boa Vista,boa vista,-23.3213742,-51.1464699,brasil_aberto,True
PR,4113700,Londrina,Bom Retiro,bom retiro,-23.2965943,-51.1539363,brasil_aberto,True
PR,4113700,Londrina,Brasília,brasilia,-23.3198436,-51.1360843,brasil_aberto,True
PR,4113700,Londrina,Cafezal,cafezal,-23.3673985,-51.1594695,brasil_aberto,True
PR,4113700,Londrina,Caiçaras,caicaras,-23.33504,-51.1555537,brasil_aberto,True
PR,4113700,Londrina,Califórnia,california,-23.3330964,-51.1424228,brasil_aberto,True
PR,4113700,Londrina,Cambará,cambara,-23.3233365,-51.1364059,brasil_aberto,True
PR,4113700,Londrina,Cambezinho,cambezinho,-23.3418452,-51.1343555,brasil_aberto,True
PR,4113700,Londrina,Campo Belo,campo belo,-23.3026257,-51.1811199,brasil_aberto,True
PR,4113700,Londrina,Canadá,canada,-23.3190836,-51.1684649,brasil_aberto,True
PR,4113700,Londrina,Canaã,canaa,-23.3275238,-51.164456,brasil_aberto,True
PR,4113700,Londrina,Caravelle,caravelle,-23.3248098,-51.1466888,brasil_aberto,True
PR,4113700,Londrina,Carlota,carlota,-23.3115611,-51.1430764,brasil_aberto,True
PR,4113700,Londrina,Carnascialli,carnascialli,-23.2813349,-51.1710409,brasil_aberto,True
PR,4113700,Londrina,Casa do Trabalhador,casa do trabalhador,-23.297336,-51.1463465,brasil_aberto,True
PR,4113700,Londrina,Catuai,catuai,-23.2599836,-51.1354489,brasil_aberto,True
PR,4113700,Londrina,Catuaí Parque Residence,catuai parque residence,-23.3461712,-51.1824588,brasil_aberto,True
PR,4113700,Londrina,Centro,centro,-23.307661,-51.1550556,brasil_aberto,True
PR,4113700,Londrina,Champagnat,champagnat,-23.3151668,-51.188604,brasil_aberto,True
PR,4113700,Londrina,Charrua,charrua,-23.2940511,-51.1910949,brasil_aberto,True
PR,4113700,Londrina,Chácara Bela Vista,chacara bela vista,-23.3912846,-51.1187608,brasil_aberto,True
PR,4113700,Londrina,Chácaras Mussahiro,chacaras mussahiro,-23.3576249,-51.1457244,brasil_aberto,True
PR,4113700,Londrina,Chácaras Pietraróia,chacaras pietraroia,-23.303535,-51.1673839,brasil_aberto,True
PR,4113700,Londrina,Chácaras Ponte Seca,chacaras ponte seca,-23.3757455,-51.1460067,brasil_aberto,True
PR,4113700,Londrina,Chácaras São Miguel,chacaras sao miguel,-23.3759635,-51.1697048,brasil_aberto,True
PR,4113700,Londrina,Cidade Industrial 2,cidade industrial 2,-23.2995559,-51.1092299,brasil_aberto,True
PR,4113700,Londrina,Cidadela,cidadela,-23.2918341,-51.2149387,brasil_aberto,True
PR,4113700,Londrina,Cilo 2,cilo 2,-23.2944708,-51.2178287,brasil_aberto,True
PR,4113700,Londrina,Cilo 3,cilo 3,-23.2773311,-51.2146971,brasil_aberto,True
PR,4113700,Londrina,Cinco Conjuntos,cinco conjuntos,-23.2578619,-51.1434476,brasil_aberto,True
PR,4113700,Londrina,Cláudia,claudia,-23.3389084,-51.1691646,brasil_aberto,True
PR,4113700,Londrina,Coimbra,coimbra,-23.3266994,-51.1581722,brasil_aberto,True
PR,4113700,Londrina,Colina Verde,colina verde,-23.3242439,-51.1873692,brasil_aberto,True
PR,4113700,Londrina,Colinas,colinas,-23.3291223,-51.2175551,brasil_aberto,True
PR,4113700,Londrina,Coliseu,coliseu,-23.2880063,-51.1783185,brasil_aberto,True
PR,4113700,Londrina,Colonial,colonial,-23.3418243,-51.1642243,brasil_aberto,True
PR,4113700,Londrina,Colônia Saúde,colonia saude,-23.3197305,-51.1662008,brasil_aberto,True
PR,4113700,Londrina,Colúmbia,columbia,-23.3208843,-51.2141197,brasil_aberto,True
PR,4113700,Londrina,Conceição,conceicao,-23.3056419,-51.1695762,brasil_aberto,True
PR,4113700,Londrina,Condominio Residencial Habitten Santa Regina,condominio residencial habitten santa regina,-23.280218,-51.1396603,brasil_aberto,True
PR,4113700,Londrina,Condomínio Residencial Colina de Pizza,condominio residencial colina de pizza,-23.3580369,-51.1278334,brasil_aberto,True
PR,4113700,Londrina,Condomínio Royal Golf Residence,condominio royal golf residence,-23.3474772,-51.1993895,brasil_aberto,True
PR,4113700,Londrina,Condomínio Vale do Arvoredo,condominio vale do arvoredo,-23.3511215,-51.1713448,brasil_aberto,True
PR,4113700,Londrina,Conjunto Cafezal 1,conjunto cafezal 1,-23.3695866,-51.1520724,brasil_aberto,True
PR,4113700,Londrina,Conjunto Café,conjunto cafe,-23.3241705,-51.1339691,brasil_aberto,True
PR,4113700,Londrina,Conjunto Ernani Moura Lima 1,conjunto ernani moura lima 1,-23.3705705,-51.12587389999999,brasil_aberto,True
PR,4113700,Londrina,Conjunto Farid Libos,conjunto farid libos,-23.2753917,-51.1441316,brasil_aberto,True
PR,4113700,Londrina,Conjunto Habitacional Alexandre Urbanas,conjunto habitacional alexandre urbanas,-23.3150923,-51.1121533,brasil_aberto,True
PR,4113700,Londrina,Conjunto Habitacional Almirante Nubar Bogossian,conjunto habitacional almirante nubar bogossian,-23.270374,-51.1455873,brasil_aberto,True
PR,4113700,Londrina,Conjunto Habitacional Doutor Farid Libos,conjunto habitacional doutor farid libos,-23.2785188,-51.1408337,brasil_aberto,True
PR,4113700,Londrina,Conjunto Habitacional Flores,conjunto habitacional flores,-23.3390879,-51.1831939,brasil_aberto,True
PR,4113700,Londrina,Conjunto Habitacional Jamile Dequech,conjunto habitacional jamile dequech,-23.3906283,-51.1392568,brasil_aberto,True
PR,4113700,Londrina,Conjunto Habitacional Jesualdo Garcia Pessoa,conjunto habitacional jesualdo garcia pessoa,-23.2821155,-51.1288572,brasil_aberto,True
PR,4113700,Londrina,Conjunto Habitacional José Garcia Molina,conjunto habitacional jose garcia molina,-23.2747664,-51.1835444,brasil_aberto,True
PR,4113700,Londrina,Conjunto Habitacional José Giordano,conjunto habitacional jose giordano,-23.2570027,-51.1833954,brasil_aberto,True
PR,4113700,Londrina,Conjunto Habitacional João Paz,conjunto habitacional joao paz,-23.2594572,-51.1418781,brasil_aberto,True
PR,4113700,Londrina,Conjunto Habitacional João Turquino,conjunto habitacional joao turquino,-23.3284177,-51.2271917,brasil_aberto,True
PR,4113700,Londrina,Conjunto Habitacional Luiz de Sá,conjunto habitacional luiz de sa,-23.2545846,-51.1425243,brasil_aberto,True
PR,4113700,Londrina,Conjunto Habitacional Mangaba,conjunto habitacional mangaba,-23.3197305,-51.1662008,brasil_aberto,True
PR,4113700,Londrina,Conjunto Habitacional Maria Cecília Serrano de Oliveira,conjunto habitacional maria cecilia serrano de oliveira,-23.2460965,-51.1454932,brasil_aberto,True
PR,4113700,Londrina,Conjunto Habitacional Marumbi,conjunto habitacional marumbi,-23.3183462,-51.1367458,brasil_aberto,True
PR,4113700,Londrina,Conjunto Habitacional Milton Gavetti,conjunto habitacional milton gavetti,-23.2768299,-51.1523858,brasil_aberto,True
PR,4113700,Londrina,Conjunto Habitacional Mister Thomas,conjunto habitacional mister thomas,-23.2765445,-51.1269137,brasil_aberto,True
PR,4113700,Londrina,Conjunto Habitacional Novo Amparo II,conjunto habitacional novo amparo ii,-23.285239,-51.1450268,brasil_aberto,True
PR,4113700,Londrina,Conjunto Habitacional Pindorama,conjunto habitacional pindorama,-23.3090327,-51.1429963,brasil_aberto,True
PR,4113700,Londrina,Conjunto Habitacional Saltinho,conjunto habitacional saltinho,-23.3736409,-51.1446645,brasil_aberto,True
PR,4113700,Londrina,Conjunto Habitacional Santiago II,conjunto habitacional santiago ii,-23.2876203,-51.1882001,brasil_aberto,True
PR,4113700,Londrina,Conjunto Habitacional Violim,conjunto habitacional violim,-23.2600924,-51.1493917,brasil_aberto,True
PR,4113700,Londrina,Conjunto Habitacional Órion,conjunto habitacional orion,-23.3078209,-51.2026648,brasil_aberto,True
PR,4113700,Londrina,Conjunto Novo Amparo,conjunto novo amparo,-23.2845342,-51.1430628,brasil_aberto,True
PR,4113700,Londrina,Conjunto Parigot de Souza 1,conjunto parigot de souza 1,-23.2663163,-51.1770134,brasil_aberto,True
PR,4113700,Londrina,Conjunto Parigot de Souza 3,conjunto parigot de souza 3,-23.2698385,-51.1772894,brasil_aberto,True
PR,4113700,Londrina,Conjunto Professora Hilda Mandarino,conjunto professora hilda mandarino,-23.2767783,-51.1767831,brasil_aberto,True
PR,4113700,Londrina,Conjunto Residencial Ilha Bela,conjunto residencial ilha bela,-23.3358921,-51.1325222,brasil_aberto,True
PR,4113700,Londrina,Conjunto Residencial Itamaraty,conjunto residencial itamaraty,-23.2889654,-51.1795954,brasil_aberto,True
PR,4113700,Londrina,Conjunto Residencial Marajoara,conjunto residencial marajoara,-23.2711532,-51.1854555,brasil_aberto,True
PR,4113700,Londrina,Conjunto Residencial Vivendas do Arvoredo,conjunto residencial vivendas do arvoredo,-23.3482795,-51.1866239,brasil_aberto,True
PR,4113700,Londrina,Conjunto Santa Rita 6,conjunto santa rita 6,-23.2856598,-51.2070299,brasil_aberto,True
PR,4113700,Londrina,Conjunto Santa Rita 7,conjunto santa rita 7,-23.2847389,-51.2028461,brasil_aberto,True
PR,4113700,Londrina,Conjunto Semiramis Barros Braga,conjunto semiramis barros braga,-23.2596528,-51.1462557,brasil_aberto,True
PR,4113700,Londrina,Conjunto Três Marcos,conjunto tres marcos,-23.3602557,-51.1520363,brasil_aberto,True
PR,4113700,Londrina,Conjunto Vivi Xavier,conjunto vivi xavier,-23.2586454,-51.1655235,brasil_aberto,True
PR,4113700,Londrina,Coroados,coroados,-23.3059707,-51.1913035,brasil_aberto,True
PR,4113700,Londrina,Cristal,cristal,-23.3770651,-51.129652,brasil_aberto,True
PR,4113700,Londrina,Dom Bosco,dom bosco,-23.3069618,-51.1764114,brasil_aberto,True
PR,4113700,Londrina,Dom Pedro,dom pedro,-23.2742979,-51.1533579,brasil_aberto,True
PR,4113700,Londrina,Dom Pedro I,dom pedro i,,,brasil_aberto,True
PR,4113700,Londrina,Dom Ático,dom atico,-23.3140721,-51.1797334,brasil_aberto,True
PR,4113700,Londrina,Eldorado,eldorado,-23.3391617,-51.1439857,brasil_aberto,True
PR,4113700,Londrina,Eliza,eliza,-23.3024337,-51.1457981,brasil_aberto,True
PR,4113700,Londrina,Ernani Moura Lima,ernani moura lima,-23.3299001,-51.1104317,brasil_aberto,True
PR,4113700,Londrina,Erotildes,erotildes,-23.336481,-51.15192099999999,brasil_aberto,True
PR,4113700,Londrina,Espanha,espanha,-23.3054374,-51.1447188,brasil_aberto,True
PR,4113700,Londrina,Esperança,esperanca,-23.3553005,-51.1537493,brasil_aberto,True
PR,4113700,Londrina,Espírito Santo,espirito santo,-23.2804559,-51.1902414,brasil_aberto,True
PR,4113700,Londrina,Estância Dlaville,estancia dlaville,-23.2678168,-51.2385818,brasil_aberto,True
PR,4113700,Londrina,Estância Ibirapuera,estancia ibirapuera,-23.2969434,-51.2127478,brasil_aberto,True
PR,4113700,Londrina,Estância Santa Paula,estancia santa paula,-23.3580437,-51.2443112,brasil_aberto,True
PR,4113700,Londrina,Eucaliptos,eucaliptos,-23.2805627,-51.1131745,brasil_aberto,True
PR,4113700,Londrina,Franca,franca,-23.3051907,-51.1456216,brasil_aberto,True
PR,4113700,Londrina,Franciscato,franciscato,-23.3728094,-51.1343387,brasil_aberto,True
PR,4113700,Londrina,Fraternidade,fraternidade,-23.3088998,-51.1458451,brasil_aberto,True
PR,4113700,Londrina,Gaion,gaion,-23.2936262,-51.1904511,brasil_aberto,True
PR,4113700,Londrina,Garden Park Residence,garden park residence,-23.2886416,-51.148788,brasil_aberto,True
PR,4113700,Londrina,Gayon,gayon,-23.3208432,-51.14182,brasil_aberto,True
PR,4113700,Londrina,Giovani Lunardelli,giovani lunardelli,-23.3219371,-51.1140794,brasil_aberto,True
PR,4113700,Londrina,Gleba Fazenda Palhano,gleba fazenda palhano,-23.3261322,-51.1923636,brasil_aberto,True
PR,4113700,Londrina,Gleba Jacutinga,gleba jacutinga,-23.2742424,-51.2088237,brasil_aberto,True
PR,4113700,Londrina,Gleba Lindóia,gleba lindoia,-23.2838588,-51.1139134,brasil_aberto,True
PR,4113700,Londrina,Gleba Ribeirão Limeiro,gleba ribeirao limeiro,-23.3067984,-51.1117607,brasil_aberto,True
PR,4113700,Londrina,Gleba Simon Frazer,gleba simon frazer,-23.3284345,-51.1047319,brasil_aberto,True
PR,4113700,Londrina,Granville Parque Residencial,granville parque residencial,-23.3504572,-51.1563137,brasil_aberto,True
PR,4113700,Londrina,Guairacá,guairaca,-23.3197305,-51.1662008,brasil_aberto,True
PR,4113700,Londrina,Guanabara,guanabara,-23.3339983,-51.1677543,brasil_aberto,True
PR,4113700,Londrina,Guanabara Parque Boulevard,guanabara parque boulevard,-23.3360698,-51.1763781,brasil_aberto,True
PR,4113700,Londrina,Guaravera,guaravera,,,brasil_aberto,True
PR,4113700,Londrina,Gávea,gavea,-23.3017161,-51.2087025,brasil_aberto,True
PR,4113700,Londrina,Hedy,hedy,-23.3133784,-51.1847367,brasil_aberto,True
PR,4113700,Londrina,Heimtal,heimtal,-23.2509864,-51.1585088,brasil_aberto,True
PR,4113700,Londrina,Helena,helena,-23.3083918,-51.1496208,brasil_aberto,True
PR,4113700,Londrina,Ideal,ideal,-23.3020649,-51.1381787,brasil_aberto,True
PR,4113700,Londrina,Igapó,igapo,-23.3400911,-51.1490445,brasil_aberto,True
PR,4113700,Londrina,Iguaçu,iguacu,-23.3119428,-51.1766186,brasil_aberto,True
PR,4113700,Londrina,Industrial,industrial,-23.2746953,-51.1827212,brasil_aberto,True
PR,4113700,Londrina,Indusville,indusville,-23.2889387,-51.1284866,brasil_aberto,True
PR,4113700,Londrina,Indústrias Leves,industrias leves,-23.2929053,-51.1320893,brasil_aberto,True
PR,4113700,Londrina,Interlagos,interlagos,-23.3079565,-51.1348244,brasil_aberto,True
PR,4113700,Londrina,Ipanema,ipanema,-23.3250932,-51.1709345,brasil_aberto,True
PR,4113700,Londrina,Irerê,irere,,,brasil_aberto,True
PR,4113700,Londrina,Itamarati,itamarati,-23.3167295,-51.1793049,brasil_aberto,True
PR,4113700,Londrina,Itapoã,itapoa,-23.3731666,-51.1345856,brasil_aberto,True
PR,4113700,Londrina,Jacomo Violin,jacomo violin,-23.2632591,-51.1505746,brasil_aberto,True
PR,4113700,Londrina,Jacutinga,jacutinga,-23.2395888,-51.1475562,brasil_aberto,True
PR,4113700,Londrina,Jardim,jardim,-23.3270841,-51.1445771,brasil_aberto,True
PR,4113700,Londrina,Jardim Adriana I,jardim adriana i,-23.3455154,-51.1460341,brasil_aberto,True
PR,4113700,Londrina,Jardim Adriana II,jardim adriana ii,-23.3480214,-51.1462764,brasil_aberto,True
PR,4113700,Londrina,Jardim Agari,jardim agari,-23.3187706,-51.1648063,brasil_aberto,True
PR,4113700,Londrina,Jardim Alah,jardim alah,-23.3199648,-51.1403498,brasil_aberto,True
PR,4113700,Londrina,Jardim Albatroz,jardim albatroz,-23.3292007,-51.131275,brasil_aberto,True
PR,4113700,Londrina,Jardim Alemanha,jardim alemanha,-23.2908214,-51.1192971,brasil_aberto,True
PR,4113700,Londrina,Jardim Aliança,jardim alianca,-23.2437475,-51.1486931,brasil_aberto,True
PR,4113700,Londrina,Jardim Alto do Cafezal,jardim alto do cafezal,-23.3745368,-51.1510249,brasil_aberto,True
PR,4113700,Londrina,Jardim Alvorada,jardim alvorada,-23.3105463,-51.1904501,brasil_aberto,True
PR,4113700,Londrina,Jardim América,jardim america,-23.3241219,-51.1554885,brasil_aberto,True
PR,4113700,Londrina,Jardim Anaterra,jardim anaterra,-23.2776109,-51.1991107,brasil_aberto,True
PR,4113700,Londrina,Jardim Arapongas,jardim arapongas,-23.2699877,-51.1650858,brasil_aberto,True
PR,4113700,Londrina,Jardim Athenas,jardim athenas,-23.2574865,-51.1649346,brasil_aberto,True
PR,4113700,Londrina,Jardim Atlanta,jardim atlanta,-23.3692418,-51.1458659,brasil_aberto,True
PR,4113700,Londrina,Jardim Atlântico,jardim atlantico,-23.2856153,-51.1897025,brasil_aberto,True
PR,4113700,Londrina,Jardim Bandeirantes,jardim bandeirantes,-23.3052356,-51.21071600000001,brasil_aberto,True
PR,4113700,Londrina,Jardim Barcelona,jardim barcelona,-23.2734696,-51.1895099,brasil_aberto,True
PR,4113700,Londrina,Jardim Barra Forrest,jardim barra forrest,-23.2524,-51.1614239,brasil_aberto,True
PR,4113700,Londrina,Jardim Bavária,jardim bavaria,-23.2557163,-51.1658921,brasil_aberto,True
PR,4113700,Londrina,Jardim Belo Horizonte,jardim belo horizonte,-23.3207604,-51.1138489,brasil_aberto,True
PR,4113700,Londrina,Jardim Belém,jardim belem,-23.247108,-51.1474915,brasil_aberto,True
PR,4113700,Londrina,Jardim Brasília,jardim brasilia,-23.3196041,-51.1390161,brasil_aberto,True
PR,4113700,Londrina,Jardim Burle Marx,jardim burle marx,-23.348413,-51.1650358,brasil_aberto,True
PR,4113700,Londrina,Jardim Campos Verdes,jardim campos verdes,-23.247921,-51.1497453,brasil_aberto,True
PR,4113700,Londrina,Jardim Central Park,jardim central park,-23.3204826,-51.1893106,brasil_aberto,True
PR,4113700,Londrina,Jardim Colúmbia D,jardim columbia d,-23.3218487,-51.2188809,brasil_aberto,True
PR,4113700,Londrina,Jardim Continental,jardim continental,-23.2656063,-51.1792393,brasil_aberto,True
PR,4113700,Londrina,Jardim Country Club,jardim country club,-23.3070961,-51.171461,brasil_aberto,True
PR,4113700,Londrina,Jardim Delta,jardim delta,-23.3098801,-51.2063439,brasil_aberto,True
PR,4113700,Londrina,Jardim Dom Vicente,jardim dom vicente,-23.251629,-51.133718,brasil_aberto,True
PR,4113700,Londrina,Jardim Esperança,jardim esperanca,-23.3553745,-51.152573,brasil_aberto,True
PR,4113700,Londrina,Jardim Europa,jardim europa,-23.3333285,-51.1487446,brasil_aberto,True
PR,4113700,Londrina,Jardim Everest,jardim everest,-23.2615785,-51.1863696,brasil_aberto,True
PR,4113700,Londrina,Jardim Flores do Campo,jardim flores do campo,-23.2577685,-51.1271575,brasil_aberto,True
PR,4113700,Londrina,Jardim Flórida,jardim florida,-23.3276614,-51.1519421,brasil_aberto,True
PR,4113700,Londrina,Jardim Fortaleza,jardim fortaleza,-23.2920689,-51.1574512,brasil_aberto,True
PR,4113700,Londrina,Jardim Graziela,jardim graziela,-23.3206178,-51.1267316,brasil_aberto,True
PR,4113700,Londrina,Jardim Guaporé,jardim guapore,-23.2939578,-51.1631061,brasil_aberto,True
PR,4113700,Londrina,Jardim Guararapes,jardim guararapes,-23.3236257,-51.1257599,brasil_aberto,True
PR,4113700,Londrina,Jardim Higienópolis,jardim higienopolis,-23.3214129,-51.1704941,brasil_aberto,True
PR,4113700,Londrina,Jardim Hirata,jardim hirata,-23.2724407,-51.1847111,brasil_aberto,True
PR,4113700,Londrina,Jardim Honda 2,jardim honda 2,-23.2886981,-51.1762347,brasil_aberto,True
PR,4113700,Londrina,Jardim Ideal,jardim ideal,-23.3017179,-51.1618149,brasil_aberto,True
PR,4113700,Londrina,Jardim Ilha do Mel,jardim ilha do mel,-23.2620388,-51.1891655,brasil_aberto,True
PR,4113700,Londrina,Jardim Imagawa,jardim imagawa,-23.2740898,-51.1819968,brasil_aberto,True
PR,4113700,Londrina,Jardim Império do Sol,jardim imperio do sol,-23.2866719,-51.1825844,brasil_aberto,True
PR,4113700,Londrina,Jardim Indianápolis,jardim indianapolis,-23.3266357,-51.1467012,brasil_aberto,True
PR,4113700,Londrina,Jardim Indusville,jardim indusville,-23.2846909,-51.1276027,brasil_aberto,True
PR,4113700,Londrina,Jardim Itamarati,jardim itamarati,-23.3186182,-51.1785152,brasil_aberto,True
PR,4113700,Londrina,Jardim Itapoá,jardim itapoa,-23.2481992,-51.151219,brasil_aberto,True
PR,4113700,Londrina,Jardim Itatiaia 1,jardim itatiaia 1,-23.3481224,-51.1594851,brasil_aberto,True
PR,4113700,Londrina,Jardim Itatiaia 2,jardim itatiaia 2,-23.348029,-51.1605949,brasil_aberto,True
PR,4113700,Londrina,Jardim Itália,jardim italia,-23.2857108,-51.1558949,brasil_aberto,True
PR,4113700,Londrina,Jardim Jerônimo Nogueira de Figueiredo,jardim jeronimo nogueira de figueiredo,-23.2690243,-51.1624399,brasil_aberto,True
PR,4113700,Londrina,Jardim Jóquei Club,jardim joquei club,-23.3016982,-51.2130484,brasil_aberto,True
PR,4113700,Londrina,Jardim Kase,jardim kase,-23.296149,-51.1515732,brasil_aberto,True
PR,4113700,Londrina,Jardim Lago Norte,jardim lago norte,-23.2765552,-51.1552884,brasil_aberto,True
PR,4113700,Londrina,Jardim Laranjeiras,jardim laranjeiras,,,brasil_aberto,True
PR,4113700,Londrina,Jardim Lilian,jardim lilian,-23.3240489,-51.1670633,brasil_aberto,True
PR,4113700,Londrina,Jardim Lolata,jardim lolata,-23.3181473,-51.1453608,brasil_aberto,True
PR,4113700,Londrina,Jardim Londrilar,jardim londrilar,-23.3251881,-51.1592749,brasil_aberto,True
PR,4113700,Londrina,Jardim Mairá,jardim maira,-23.3073734,-51.1352513,brasil_aberto,True
PR,4113700,Londrina,Jardim Maracanã,jardim maracana,-23.3251814,-51.2226571,brasil_aberto,True
PR,4113700,Londrina,Jardim Maravilha,jardim maravilha,-23.3796483,-51.127306,brasil_aberto,True
PR,4113700,Londrina,Jardim Maria Celina,jardim maria celina,-23.2669244,-51.1944218,brasil_aberto,True
PR,4113700,Londrina,Jardim Maria Luiza,jardim maria luiza,-23.2757584,-51.1870855,brasil_aberto,True
PR,4113700,Londrina,Jardim Maria do Carmo,jardim maria do carmo,-23.2812125,-51.1853632,brasil_aberto,True
PR,4113700,Londrina,Jardim Marissol,jardim marissol,-23.293942,-51.1230299,brasil_aberto,True
PR,4113700,Londrina,Jardim Marízia I,jardim marizia i,-23.2937439,-51.1494271,brasil_aberto,True
PR,4113700,Londrina,Jardim Marízia II,jardim marizia ii,-23.2948846,-51.1521053,brasil_aberto,True
PR,4113700,Londrina,Jardim Mazzei 1,jardim mazzei 1,-23.3337676,-51.1489569,brasil_aberto,True
PR,4113700,Londrina,Jardim Meton,jardim meton,-23.3089239,-51.1340119,brasil_aberto,True
PR,4113700,Londrina,Jardim Moema,jardim moema,-23.2771767,-51.1449305,brasil_aberto,True
PR,4113700,Londrina,Jardim Monte Cristo,jardim monte cristo,-23.3032407,-51.1263028,brasil_aberto,True
PR,4113700,Londrina,Jardim Monte Sinai,jardim monte sinai,-23.3290219,-51.1134985,brasil_aberto,True
PR,4113700,Londrina,Jardim Montecatini,jardim montecatini,-23.2946194,-51.1144364,brasil_aberto,True
PR,4113700,Londrina,Jardim Montreal,jardim montreal,-23.3231498,-51.1750485,brasil_aberto,True
PR,4113700,Londrina,Jardim Monções,jardim moncoes,-23.3317658,-51.156592,brasil_aberto,True
PR,4113700,Londrina,Jardim Morumbi,jardim morumbi,-23.3130183,-51.1336168,brasil_aberto,True
PR,4113700,Londrina,Jardim Nações Unidas,jardim nacoes unidas,-23.327915,-51.1146404,brasil_aberto,True
PR,4113700,Londrina,Jardim Neman Sahyun,jardim neman sahyun,-23.3592743,-51.1339945,brasil_aberto,True
PR,4113700,Londrina,Jardim Nova Aliança,jardim nova alianca,-23.274915,-51.1585453,brasil_aberto,True
PR,4113700,Londrina,Jardim Nova Esperança,jardim nova esperanca,-23.3866914,-51.1192549,brasil_aberto,True
PR,4113700,Londrina,Jardim Nova Londres,jardim nova londres,-23.2645586,-51.1833845,brasil_aberto,True
PR,4113700,Londrina,Jardim Nova Londrina,jardim nova londrina,-23.3145219,-51.1748121,brasil_aberto,True
PR,4113700,Londrina,Jardim Novo Perobal,jardim novo perobal,-23.3701647,-51.1240239,brasil_aberto,True
PR,4113700,Londrina,Jardim Novo Sabará,jardim novo sabara,-23.3111814,-51.2086379,brasil_aberto,True
PR,4113700,Londrina,Jardim Nápoles,jardim napoles,-23.3131945,-51.1900417,brasil_aberto,True
PR,4113700,Londrina,Jardim Oguido,jardim oguido,-23.2978241,-51.1680027,brasil_aberto,True
PR,4113700,Londrina,Jardim Ok,jardim ok,-23.335688,-51.141501,brasil_aberto,True
PR,4113700,Londrina,Jardim Oriente,jardim oriente,-23.3176347,-51.1362949,brasil_aberto,True
PR,4113700,Londrina,Jardim Oscavo Santos,jardim oscavo santos,-23.3427359,-51.1481613,brasil_aberto,True
PR,4113700,Londrina,Jardim Ouro Preto,jardim ouro preto,-23.3039625,-51.1395328,brasil_aberto,True
PR,4113700,Londrina,Jardim Padovani,jardim padovani,-23.2613791,-51.1975066,brasil_aberto,True
PR,4113700,Londrina,Jardim Palermo,jardim palermo,-23.3037759,-51.1748008,brasil_aberto,True
PR,4113700,Londrina,Jardim Palmares,jardim palmares,-23.2990459,-51.1615117,brasil_aberto,True
PR,4113700,Londrina,Jardim Palmas,jardim palmas,-23.2685587,-51.1846399,brasil_aberto,True
PR,4113700,Londrina,Jardim Palmeiras,jardim palmeiras,-23.2650901,-51.1640657,brasil_aberto,True
PR,4113700,Londrina,Jardim Paracatu,jardim paracatu,-23.2654417,-51.1883957,brasil_aberto,True
PR,4113700,Londrina,Jardim Paraná,jardim parana,-23.3057438,-51.1483514,brasil_aberto,True
PR,4113700,Londrina,Jardim Paraty,jardim paraty,-23.266321,-51.1876622,brasil_aberto,True
PR,4113700,Londrina,Jardim Paris,jardim paris,-23.2573178,-51.1697898,brasil_aberto,True
PR,4113700,Londrina,Jardim Pequena Londres,jardim pequena londres,-23.3393598,-51.1207021,brasil_aberto,True
PR,4113700,Londrina,Jardim Perobal,jardim perobal,-23.3717365,-51.1311882,brasil_aberto,True
PR,4113700,Londrina,Jardim Pioneiros,jardim pioneiros,-23.3151473,-51.1290636,brasil_aberto,True
PR,4113700,Londrina,Jardim Planalto,jardim planalto,-23.261797,-51.1576947,brasil_aberto,True
PR,4113700,Londrina,Jardim Portal de Itamaracá,jardim portal de itamaraca,-23.2891228,-51.1524333,brasil_aberto,True
PR,4113700,Londrina,Jardim Portal de Versalhes 1,jardim portal de versalhes 1,-23.3218362,-51.2010573,brasil_aberto,True
PR,4113700,Londrina,Jardim Portal dos Pioneiros,jardim portal dos pioneiros,-23.3124264,-51.1137848,brasil_aberto,True
PR,4113700,Londrina,Jardim Prefeito Milton Menezes,jardim prefeito milton menezes,-23.330389,-51.1153358,brasil_aberto,True
PR,4113700,Londrina,Jardim Presidente,jardim presidente,-23.3161852,-51.1808152,brasil_aberto,True
PR,4113700,Londrina,Jardim Primavera,jardim primavera,-23.2478021,-51.136587,brasil_aberto,True
PR,4113700,Londrina,Jardim Pérola,jardim perola,-23.3255998,-51.1235675,brasil_aberto,True
PR,4113700,Londrina,Jardim Real,jardim real,-23.2996125,-51.1589827,brasil_aberto,True
PR,4113700,Londrina,Jardim Roma,jardim roma,-23.279949,-51.1547302,brasil_aberto,True
PR,4113700,Londrina,Jardim Rosicler,jardim rosicler,-23.2853548,-51.2249667,brasil_aberto,True
PR,4113700,Londrina,Jardim Roveri,jardim roveri,-23.3185859,-51.1409342,brasil_aberto,True
PR,4113700,Londrina,Jardim Sabará,jardim sabara,-23.3133421,-51.2150994,brasil_aberto,True
PR,4113700,Londrina,Jardim San Diego,jardim san diego,-23.283351,-51.1847776,brasil_aberto,True
PR,4113700,Londrina,Jardim Santa Alice,jardim santa alice,-23.3170349,-51.1196472,brasil_aberto,True
PR,4113700,Londrina,Jardim Santa Cruz,jardim santa cruz,-23.2569391,-51.1538239,brasil_aberto,True
PR,4113700,Londrina,Jardim Santa Fé,jardim santa fe,-23.3022702,-51.1281691,brasil_aberto,True
PR,4113700,Londrina,Jardim Santa Maria,jardim santa maria,-23.3093121,-51.1348064,brasil_aberto,True
PR,4113700,Londrina,Jardim Santo André,jardim santo andre,-23.2736918,-51.1973074,brasil_aberto,True
PR,4113700,Londrina,Jardim Santo Antônio,jardim santo antonio,-23.3062542,-51.174614,brasil_aberto,True
PR,4113700,Londrina,Jardim Santos Paulo,jardim santos paulo,-23.349296,-51.1512716,brasil_aberto,True
PR,4113700,Londrina,Jardim Shangri-la A,jardim shangri-la a,-23.2988759,-51.1863061,brasil_aberto,True
PR,4113700,Londrina,Jardim Social,jardim social,-23.2958356,-51.1476993,brasil_aberto,True
PR,4113700,Londrina,Jardim Strass,jardim strass,-23.254388,-51.1532006,brasil_aberto,True
PR,4113700,Londrina,Jardim Sumaré,jardim sumare,-23.3122995,-51.1851122,brasil_aberto,True
PR,4113700,Londrina,Jardim São Francisco de Assis,jardim sao francisco de assis,-23.2938679,-51.2241124,brasil_aberto,True
PR,4113700,Londrina,Jardim São Jorge,jardim sao jorge,-23.3392298,-51.1537657,brasil_aberto,True
PR,4113700,Londrina,Jardim São Marcos,jardim sao marcos,-23.3642645,-51.1306688,brasil_aberto,True
PR,4113700,Londrina,Jardim São Paulo,jardim sao paulo,-23.2994438,-51.1486491,brasil_aberto,True
PR,4113700,Londrina,Jardim São Paulo II,jardim sao paulo ii,-23.2581223,-51.1745786,brasil_aberto,True
PR,4113700,Londrina,Jardim São Rafael,jardim sao rafael,-23.3094297,-51.1412257,brasil_aberto,True
PR,4113700,Londrina,Jardim São Tomás,jardim sao tomas,-23.2862046,-51.1852626,brasil_aberto,True
PR,4113700,Londrina,Jardim São Vicente Palloti,jardim sao vicente palloti,-23.3204635,-51.1168522,brasil_aberto,True
PR,4113700,Londrina,Jardim Sérgio Antônio,jardim sergio antonio,-23.310073,-51.1367939,brasil_aberto,True
PR,4113700,Londrina,Jardim Tabapuã,jardim tabapua,-23.2970318,-51.1725386,brasil_aberto,True
PR,4113700,Londrina,Jardim Tamandaré,jardim tamandare,-23.3169363,-51.1106596,brasil_aberto,True
PR,4113700,Londrina,Jardim Tarobá I,jardim taroba i,-23.367054,-51.1460385,brasil_aberto,True
PR,4113700,Londrina,Jardim Tarumã,jardim taruma,-23.3276661,-51.1274036,brasil_aberto,True
PR,4113700,Londrina,Jardim Tomy,jardim tomy,-23.3173327,-51.1266865,brasil_aberto,True
PR,4113700,Londrina,Jardim Tropical,jardim tropical,-23.2775346,-51.1472757,brasil_aberto,True
PR,4113700,Londrina,Jardim Tókio,jardim tokio,-23.3130553,-51.1927111,brasil_aberto,True
PR,4113700,Londrina,Jardim União da Vitória,jardim uniao da vitoria,-23.3860439,-51.1253494,brasil_aberto,True
PR,4113700,Londrina,Jardim União da Vitória II,jardim uniao da vitoria ii,-23.3890056,-51.1326448,brasil_aberto,True
PR,4113700,Londrina,Jardim Vale Azul,jardim vale azul,-23.3543473,-51.1296337,brasil_aberto,True
PR,4113700,Londrina,Jardim Vale Verde,jardim vale verde,-23.3381148,-51.1230528,brasil_aberto,True
PR,4113700,Londrina,Jardim Vale do Cedro,jardim vale do cedro,-23.3266418,-51.1186897,brasil_aberto,True
PR,4113700,Londrina,Jardim Viena,jardim viena,-23.2559085,-51.1627708,brasil_aberto,True
PR,4113700,Londrina,Jardim Vilas Boas,jardim vilas boas,-23.3474713,-51.147843,brasil_aberto,True
PR,4113700,Londrina,Jardim Yoshikawa,jardim yoshikawa,-23.3197305,-51.1662008,brasil_aberto,True
PR,4113700,Londrina,Jardim da Gávea,jardim da gavea,-23.2487459,-51.1647562,brasil_aberto,True
PR,4113700,Londrina,Jardim da Luz,jardim da luz,-23.3169363,-51.1106596,brasil_aberto,True
PR,4113700,Londrina,Jardim da Urca,jardim da urca,-23.284855,-51.1115155,brasil_aberto,True
PR,4113700,Londrina,Jardim das Américas,jardim das americas,-23.286654,-51.1814475,brasil_aberto,True
PR,4113700,Londrina,Jardim das Palmeiras,jardim das palmeiras,-23.261175,-51.1665372,brasil_aberto,True
PR,4113700,Londrina,Jardim do Lago,jardim do lago,-23.3271845,-51.1759177,brasil_aberto,True
PR,4113700,Londrina,Jardim do Leste,jardim do leste,-23.3203387,-51.1171717,brasil_aberto,True
PR,4113700,Londrina,Jardim do Norte,jardim do norte,-23.3045031,-51.1764934,brasil_aberto,True
PR,4113700,Londrina,Jardim do Sol,jardim do sol,-23.296972,-51.1797351,brasil_aberto,True
PR,4113700,Londrina,Jardim dos Estados,jardim dos estados,-23.2618355,-51.1740471,brasil_aberto,True
PR,4113700,Londrina,Jardim ltaparica,jardim ltaparica,-23.2670948,-51.1389297,brasil_aberto,True
PR,4113700,Londrina,Jatobá,jatoba,-23.3670564,-51.1277332,brasil_aberto,True
PR,4113700,Londrina,Jerumenha,jerumenha,-23.3449238,-51.1484659,brasil_aberto,True
PR,4113700,Londrina,João Paz,joao paz,-23.2656188,-51.1432668,brasil_aberto,True
PR,4113700,Londrina,Judith,judith,-23.3052529,-51.1791505,brasil_aberto,True
PR,4113700,Londrina,Juquita,juquita,-23.3099281,-51.1348162,brasil_aberto,True
PR,4113700,Londrina,Kennedy,kennedy,-23.3219394,-51.1745889,brasil_aberto,True
PR,4113700,Londrina,Kovalski,kovalski,-23.3186609,-51.1627381,brasil_aberto,True
PR,4113700,Londrina,Lago Igapó,lago igapo,-23.295271,-51.1478085,brasil_aberto,True
PR,4113700,Londrina,Lago Parque,lago parque,-23.3289204,-51.1609568,brasil_aberto,True
PR,4113700,Londrina,Lagoa Dourada,lagoa dourada,-23.3548456,-51.1441351,brasil_aberto,True
PR,4113700,Londrina,Laranjeiras,laranjeiras,-23.3701575,-51.1411496,brasil_aberto,True
PR,4113700,Londrina,Leonardo da Vinci,leonardo da vinci,-23.256991,-51.1720273,brasil_aberto,True
PR,4113700,Londrina,Leonor,leonor,-23.2935446,-51.2013784,brasil_aberto,True
PR,4113700,Londrina,Lerroville,lerroville,-23.6917614,-51.088492,brasil_aberto,True
PR,4113700,Londrina,Leste Oeste,leste oeste,-23.2958613,-51.2024755,brasil_aberto,True
PR,4113700,Londrina,Lima Azevedo,lima azevedo,-23.3239817,-51.1725634,brasil_aberto,True
PR,4113700,Londrina,Limoeiro,limoeiro,-23.3309499,-51.10465,brasil_aberto,True
PR,4113700,Londrina,Lindóia,lindoia,-23.2845592,-51.1121739,brasil_aberto,True
PR,4113700,Londrina,Los Angeles,los angeles,-23.3099548,-51.1725986,brasil_aberto,True
PR,4113700,Londrina,Loteamento Chamonix,loteamento chamonix,-23.3170947,-51.1173798,brasil_aberto,True
PR,4113700,Londrina,Luiz de Sá,luiz de sa,-23.2503071,-51.1431748,brasil_aberto,True
PR,4113700,Londrina,Marabá,maraba,-23.3055268,-51.1326156,brasil_aberto,True
PR,4113700,Londrina,Maravilha,maravilha,-23.4625428,-50.9994533,brasil_aberto,True
PR,4113700,Londrina,Maria Lúcia,maria lucia,-23.2824277,-51.2017963,brasil_aberto,True
PR,4113700,Londrina,Maringá,maringa,-23.3224655,-51.1781592,brasil_aberto,True
PR,4113700,Londrina,Marumbi,marumbi,-23.2915322,-51.2001999,brasil_aberto,True
PR,4113700,Londrina,Mediterrâneo,mediterraneo,-23.3448039,-51.1557274,brasil_aberto,True
PR,4113700,Londrina,Mendonça,mendonca,-23.3000024,-51.1683787,brasil_aberto,True
PR,4113700,Londrina,Messiânico,messianico,-23.2982918,-51.2030707,brasil_aberto,True
PR,4113700,Londrina,Milton Gavetti,milton gavetti,-23.2800023,-51.1570435,brasil_aberto,True
PR,4113700,Londrina,Mirante do Eldorado,mirante do eldorado,,,brasil_aberto,True
PR,4113700,Londrina,Monte Belo,monte belo,-23.3549355,-51.1428886,brasil_aberto,True
PR,4113700,Londrina,Monte Carlo,monte carlo,-23.343473,-51.1320556,brasil_aberto,True
PR,4113700,Londrina,Monterey,monterey,-23.325943,-51.1216286,brasil_aberto,True
PR,4113700,Londrina,Moradias do Cabo Frio,moradias do cabo frio,-23.2764641,-51.1833036,brasil_aberto,True
PR,4113700,Londrina,Newton Guimarães,newton guimaraes,-23.2588647,-51.1863752,brasil_aberto,True
PR,4113700,Londrina,Nikko,nikko,-23.3439344,-51.1511899,brasil_aberto,True
PR,4113700,Londrina,Nossa Senhora de Lourdes,nossa senhora de lourdes,-23.3174881,-51.1425732,brasil_aberto,True
PR,4113700,Londrina,Nossa Senhora do Desterro,nossa senhora do desterro,-23.2925498,-51.1716736,brasil_aberto,True
PR,4113700,Londrina,Nova,nova,-23.3322361,-51.1465739,brasil_aberto,True
PR,4113700,Londrina,Nova Olinda,nova olinda,-23.2728127,-51.1893662,brasil_aberto,True
PR,4113700,Londrina,Novo Aeroporto,novo aeroporto,-23.3257055,-51.1372943,brasil_aberto,True
PR,4113700,Londrina,Novo Amparo,novo amparo,-23.2839414,-51.1437892,brasil_aberto,True
PR,4113700,Londrina,Novo Antares,novo antares,-23.3152554,-51.1256093,brasil_aberto,True
PR,4113700,Londrina,Olímpico,olimpico,-23.3259118,-51.227574,brasil_aberto,True
PR,4113700,Londrina,Operária,operaria,-23.2657609,-51.1916729,brasil_aberto,True
PR,4113700,Londrina,Ouro Branco,ouro branco,-23.3597512,-51.1466584,brasil_aberto,True
PR,4113700,Londrina,Ouro Verde,ouro verde,-23.2799073,-51.1757809,brasil_aberto,True
PR,4113700,Londrina,Pacaembu,pacaembu,-23.2793333,-51.1534955,brasil_aberto,True
PR,4113700,Londrina,Paiquerê,paiquere,-23.5271029,-51.0828246,brasil_aberto,True
PR,4113700,Londrina,Panorama,panorama,-23.3118746,-51.1380897,brasil_aberto,True
PR,4113700,Londrina,Paraíso,paraiso,-23.2774012,-51.1559538,brasil_aberto,True
PR,4113700,Londrina,Parigot de Souza 2,parigot de souza 2,-23.262542,-51.1740564,brasil_aberto,True
PR,4113700,Londrina,Parque ABC 2,parque abc 2,-23.3053867,-51.1729175,brasil_aberto,True
PR,4113700,Londrina,Parque Comercial Quati,parque comercial quati,-23.2905207,-51.1673069,brasil_aberto,True
PR,4113700,Londrina,Parque Industrial Alicante,parque industrial alicante,-23.2822068,-51.148787,brasil_aberto,True
PR,4113700,Londrina,Parque Industrial Buena Vista,parque industrial buena vista,-23.2899125,-51.0951272,brasil_aberto,True
PR,4113700,Londrina,Parque Industrial Cacique,parque industrial cacique,-23.2845259,-51.2083133,brasil_aberto,True
PR,4113700,Londrina,Parque Industrial José Belinati,parque industrial jose belinati,-23.2685853,-51.1522908,brasil_aberto,True
PR,4113700,Londrina,Parque Industrial Kiugo Takata,parque industrial kiugo takata,-23.3645749,-51.1483133,brasil_aberto,True
PR,4113700,Londrina,Parque Jamaica,parque jamaica,-23.3115936,-51.2014545,brasil_aberto,True
PR,4113700,Londrina,Parque Leblon,parque leblon,-23.2584786,-51.1592703,brasil_aberto,True
PR,4113700,Londrina,Parque Nacional,parque nacional,-23.2792649,-51.1030569,brasil_aberto,True
PR,4113700,Londrina,Parque Presidente Vargas,parque presidente vargas,-23.2724937,-51.1653425,brasil_aberto,True
PR,4113700,Londrina,Parque Residencial Alcântara,parque residencial alcantara,-23.3472739,-51.1660416,brasil_aberto,True
PR,4113700,Londrina,Parque Residencial Campos Elísios,parque residencial campos elisios,-23.377649,-51.1374476,brasil_aberto,True
PR,4113700,Londrina,Parque Residencial Elizabeth,parque residencial elizabeth,-23.277328,-51.1608037,brasil_aberto,True
PR,4113700,Londrina,Parque Residencial Joaquim Toledo Piza,parque residencial joaquim toledo piza,-23.3477779,-51.1438817,brasil_aberto,True
PR,4113700,Londrina,Parque Residencial Liberdade,parque residencial liberdade,-23.275618,-51.1654951,brasil_aberto,True
PR,4113700,Londrina,Parque Residencial Michael Licha,parque residencial michael licha,-23.2809847,-51.160712,brasil_aberto,True
PR,4113700,Londrina,Parque Residencial Porto Serguro 2,parque residencial porto serguro 2,-23.2651223,-51.1647088,brasil_aberto,True
PR,4113700,Londrina,Parque Universidade,parque universidade,-23.3307979,-51.216742,brasil_aberto,True
PR,4113700,Londrina,Parque das Indústrias,parque das industrias,-23.366642,-51.135447,brasil_aberto,True
PR,4113700,Londrina,Parque do Lago Juliana,parque do lago juliana,-23.3278428,-51.1690751,brasil_aberto,True
PR,4113700,Londrina,Paulista,paulista,-23.2920689,-51.1574512,brasil_aberto,True
PR,4113700,Londrina,Perobinha,perobinha,-23.2415792,-51.1998618,brasil_aberto,True
PR,4113700,Londrina,Petrópolis,petropolis,-23.3292124,-51.156369,brasil_aberto,True
PR,4113700,Londrina,Pinheiros,pinheiros,-23.3121312,-51.1971067,brasil_aberto,True
PR,4113700,Londrina,Portal Norte,portal norte,-23.2816138,-51.1503037,brasil_aberto,True
PR,4113700,Londrina,Portal de Versalhes 1,portal de versalhes 1,-23.3196275,-51.1930218,brasil_aberto,True
PR,4113700,Londrina,Portal de Versalhes 2,portal de versalhes 2,-23.3186961,-51.1956525,brasil_aberto,True
PR,4113700,Londrina,Portal de Versalhes 3,portal de versalhes 3,-23.3349637,-51.1997593,brasil_aberto,True
PR,4113700,Londrina,Portuguesa,portuguesa,-23.2998018,-51.1546887,brasil_aberto,True
PR,4113700,Londrina,Progresso,progresso,-23.2919881,-51.1513782,brasil_aberto,True
PR,4113700,Londrina,Quebec,quebec,-23.3119904,-51.1763083,brasil_aberto,True
PR,4113700,Londrina,Recanto Edy,recanto edy,-23.3306007,-51.1723989,brasil_aberto,True
PR,4113700,Londrina,Recanto Nobre,recanto nobre,-23.3361733,-51.1617144,brasil_aberto,True
PR,4113700,Londrina,Recanto do Pitanguá,recanto do pitangua,-23.340348,-51.1939734,brasil_aberto,True
PR,4113700,Londrina,Recanto do Salto,recanto do salto,-23.3666188,-51.219345,brasil_aberto,True
PR,4113700,Londrina,Recreio,recreio,-23.2945,-51.1592835,brasil_aberto,True
PR,4113700,Londrina,Residencial Abussafe,residencial abussafe,-23.3173366,-51.1125307,brasil_aberto,True
PR,4113700,Londrina,Residencial Abussafe II,residencial abussafe ii,-23.3225003,-51.1097617,brasil_aberto,True
PR,4113700,Londrina,Residencial Café Cereja,residencial cafe cereja,-23.368638,-51.1438525,brasil_aberto,True
PR,4113700,Londrina,Residencial Havana,residencial havana,-23.3304927,-51.1146979,brasil_aberto,True
PR,4113700,Londrina,Residencial Horizonte,residencial horizonte,-23.25051,-51.186976,brasil_aberto,True
PR,4113700,Londrina,Residencial José B Almeida,residencial jose b almeida,-23.3521975,-51.1300366,brasil_aberto,True
PR,4113700,Londrina,Residencial José Lázaro Gouvea,residencial jose lazaro gouvea,-23.3464576,-51.1671843,brasil_aberto,True
PR,4113700,Londrina,Residencial Loris Sahyun,residencial loris sahyun,-23.3435926,-51.1270453,brasil_aberto,True
PR,4113700,Londrina,Residencial Moradias Tibagi,residencial moradias tibagi,-23.2765335,-51.1838438,brasil_aberto,True
PR,4113700,Londrina,Residencial Portal de Piza,residencial portal de piza,-23.2845592,-51.1121739,brasil_aberto,True
PR,4113700,Londrina,Residencial Portal do Sol,residencial portal do sol,-23.2532752,-51.1728297,brasil_aberto,True
PR,4113700,Londrina,Residencial Portal dos Bandeirantes,residencial portal dos bandeirantes,-23.3000749,-51.1991681,brasil_aberto,True
PR,4113700,Londrina,Residencial Professora Madalena Cardoso,residencial professora madalena cardoso,-23.2511683,-51.1753768,brasil_aberto,True
PR,4113700,Londrina,Residencial Professora Marieta,residencial professora marieta,-23.256821,-51.1610037,brasil_aberto,True
PR,4113700,Londrina,Residencial Quadra Norte,residencial quadra norte,-23.2609756,-51.1400731,brasil_aberto,True
PR,4113700,Londrina,Residencial Santa Clara,residencial santa clara,-23.3166547,-51.1219492,brasil_aberto,True
PR,4113700,Londrina,Residencial Santa Rita V,residencial santa rita v,-23.2806819,-51.1974336,brasil_aberto,True
PR,4113700,Londrina,Residencial Terra Nova,residencial terra nova,-23.2426655,-51.15634240000001,brasil_aberto,True
PR,4113700,Londrina,Residencial Veneza,residencial veneza,-23.3320475,-51.1108293,brasil_aberto,True
PR,4113700,Londrina,Residencial Verona,residencial verona,-23.3324171,-51.1115315,brasil_aberto,True
PR,4113700,Londrina,Residencial Vila Romana,residencial vila romana,-23.2885888,-51.1178049,brasil_aberto,True
PR,4113700,Londrina,Ricardo,ricardo,-23.3078022,-51.1367853,brasil_aberto,True
PR,4113700,Londrina,Rodocentro,rodocentro,-23.2994582,-51.194505,brasil_aberto,True
PR,4113700,Londrina,Roseira,roseira,-23.3551996,-51.1398534,brasil_aberto,True
PR,4113700,Londrina,Rui Barbosa,rui barbosa,-23.2876189,-51.1125375,brasil_aberto,True
PR,4113700,Londrina,Sabará I,sabara i,-23.3121779,-51.2097581,brasil_aberto,True
PR,4113700,Londrina,Sabará III,sabara iii,-23.3181576,-51.2187887,brasil_aberto,True
PR,4113700,Londrina,San Conrado,san conrado,-23.3256416,-51.1351093,brasil_aberto,True
PR,4113700,Londrina,San Fernando,san fernando,-23.3384102,-51.1403173,brasil_aberto,True
PR,4113700,Londrina,San Remo,san remo,-23.305095,-51.1859876,brasil_aberto,True
PR,4113700,Londrina,Santa Inês,santa ines,-23.3003192,-51.1344229,brasil_aberto,True
PR,4113700,Londrina,Santa Izabel,santa izabel,-23.2916402,-51.1183989,brasil_aberto,True
PR,4113700,Londrina,Santa Joana,santa joana,-23.3778667,-51.1313506,brasil_aberto,True
PR,4113700,Londrina,Santa Margarida,santa margarida,-23.3086187,-51.1453228,brasil_aberto,True
PR,4113700,Londrina,Santa Mônica,santa monica,-23.2847838,-51.1581912,brasil_aberto,True
PR,4113700,Londrina,Santa Rita 1,santa rita 1,-23.2915442,-51.2053547,brasil_aberto,True
PR,4113700,Londrina,Santa Rita 2,santa rita 2,-23.2861405,-51.1996767,brasil_aberto,True
PR,4113700,Londrina,Santa Rita 3,santa rita 3,-23.2853392,-51.200651,brasil_aberto,True
PR,4113700,Londrina,Santa Rita 4,santa rita 4,-23.2878644,-51.2034961,brasil_aberto,True
PR,4113700,Londrina,Santa Rosa,santa rosa,-23.3347648,-51.1717989,brasil_aberto,True
PR,4113700,Londrina,Santiago,santiago,-23.2827915,-51.1927339,brasil_aberto,True
PR,4113700,Londrina,Santos Dumont,santos dumont,-23.3273341,-51.1441656,brasil_aberto,True
PR,4113700,Londrina,Sebastião de Melo César,sebastiao de melo cesar,-23.2610902,-51.1554394,brasil_aberto,True
PR,4113700,Londrina,Selva,selva,-23.4193616,-51.12587749999999,brasil_aberto,True
PR,4113700,Londrina,Shangri-lá,shangri-la,-23.2934221,-51.1812263,brasil_aberto,True
PR,4113700,Londrina,Sutis,sutis,-23.3197305,-51.1662008,brasil_aberto,True
PR,4113700,Londrina,São Cristóvão,sao cristovao,-23.2999193,-51.1687995,brasil_aberto,True
PR,4113700,Londrina,São Leonardo,sao leonardo,-23.3197305,-51.1662008,brasil_aberto,True
PR,4113700,Londrina,São Lourenço,sao lourenco,-23.2988944,-51.152523,brasil_aberto,True
PR,4113700,Londrina,São Luiz,sao luiz,-23.5120421,-51.2357013,brasil_aberto,True
PR,4113700,Londrina,São Marcos,sao marcos,-23.3174305,-51.1458758,brasil_aberto,True
PR,4113700,Londrina,São Pedro,sao pedro,-23.3124341,-51.1215541,brasil_aberto,True
PR,4113700,Londrina,São Vicente,sao vicente,-23.3479107,-51.1497184,brasil_aberto,True
PR,4113700,Londrina,Taliana,taliana,-23.3058566,-51.1363165,brasil_aberto,True
PR,4113700,Londrina,Taquaruna,taquaruna,-23.5350052,-51.1904748,brasil_aberto,True
PR,4113700,Londrina,Tarobá,taroba,-23.3662712,-51.1468706,brasil_aberto,True
PR,4113700,Londrina,Terra Bonita,terra bonita,-23.3457066,-51.1798113,brasil_aberto,True
PR,4113700,Londrina,Terras de Santana II,terras de santana ii,-23.3439209,-51.1849978,brasil_aberto,True
PR,4113700,Londrina,Tietê,tiete,-23.2992462,-51.1672529,brasil_aberto,True
PR,4113700,Londrina,Três Marcos,tres marcos,-23.3589345,-51.152755,brasil_aberto,True
PR,4113700,Londrina,Tucano,tucano,-23.344228,-51.163483,brasil_aberto,True
PR,4113700,Londrina,Universitário,universitario,-23.3190044,-51.187648,brasil_aberto,True
PR,4113700,Londrina,Usina Três Bocas,usina tres bocas,-23.3853926,-51.0767305,brasil_aberto,True
PR,4113700,Londrina,Vale das Araucárias,vale das araucarias,-23.3412751,-51.1722945,brasil_aberto,True
PR,4113700,Londrina,Vale de San Izidro,vale de san izidro,-23.3382117,-51.1328822,brasil_aberto,True
PR,4113700,Londrina,Vale do Reno,vale do reno,-23.3433893,-51.1667706,brasil_aberto,True
PR,4113700,Londrina,Vale dos Tucanos,vale dos tucanos,-23.3509088,-51.1525229,brasil_aberto,True
PR,4113700,Londrina,Vera Cruz,vera cruz,-23.317219,-51.1285423,brasil_aberto,True
PR,4113700,Londrina,Veraliz,veraliz,-23.3024094,-51.1912894,brasil_aberto,True
PR,4113700,Londrina,Vila A B Vicentini,vila a b vicentini,-23.2775583,-51.1608527,brasil_aberto,True
PR,4113700,Londrina,Vila Adolfo,vila adolfo,-23.3018231,-51.1648483,brasil_aberto,True
PR,4113700,Londrina,Vila Balarotti,vila balarotti,-23.3001134,-51.1602493,brasil_aberto,True
PR,4113700,Londrina,Vila Brasil,vila brasil,-23.3268987,-51.150669,brasil_aberto,True
PR,4113700,Londrina,Vila Casoni,vila casoni,-23.3028976,-51.1494082,brasil_aberto,True
PR,4113700,Londrina,Vila Ernest,vila ernest,-23.3053364,-51.1700206,brasil_aberto,True
PR,4113700,Londrina,Vila Filipin,vila filipin,-23.3033254,-51.153264,brasil_aberto,True
PR,4113700,Londrina,Vila Fujita,vila fujita,-23.3326887,-51.1529881,brasil_aberto,True
PR,4113700,Londrina,Vila Galvão,vila galvao,-23.3004445,-51.1530856,brasil_aberto,True
PR,4113700,Londrina,Vila Glória,vila gloria,-23.3133537,-51.1391187,brasil_aberto,True
PR,4113700,Londrina,Vila Goes,vila goes,-23.3010288,-51.1485665,brasil_aberto,True
PR,4113700,Londrina,Vila Guarujá,vila guaruja,-23.3291345,-51.1519435,brasil_aberto,True
PR,4113700,Londrina,Vila Ipiranga,vila ipiranga,-23.3230608,-51.1602,brasil_aberto,True
PR,4113700,Londrina,Vila Larsen 1,vila larsen 1,-23.3250655,-51.1500415,brasil_aberto,True
PR,4113700,Londrina,Vila Marízia,vila marizia,-23.2937584,-51.1517045,brasil_aberto,True
PR,4113700,Londrina,Vila Matarazzo,vila matarazzo,-23.2987006,-51.1515393,brasil_aberto,True
PR,4113700,Londrina,Vila Monteiro,vila monteiro,-23.2973985,-51.1706722,brasil_aberto,True
PR,4113700,Londrina,Vila Nova,vila nova,-23.2977467,-51.1640796,brasil_aberto,True
PR,4113700,Londrina,Vila Penteriche,vila penteriche,-23.3203446,-51.1506844,brasil_aberto,True
PR,4113700,Londrina,Vila Rica,vila rica,-23.2946309,-51.1537992,brasil_aberto,True
PR,4113700,Londrina,Vila Ricardo,vila ricardo,-23.3123266,-51.1368235,brasil_aberto,True
PR,4113700,Londrina,Vila Rodrigues,vila rodrigues,-23.3278142,-51.1482961,brasil_aberto,True
PR,4113700,Londrina,Vila Santa Terezinha,vila santa terezinha,-23.305134,-51.1415769,brasil_aberto,True
PR,4113700,Londrina,Vila Shimabokuro,vila shimabokuro,-23.3033394,-51.1681734,brasil_aberto,True
PR,4113700,Londrina,Vila Siam,vila siam,-23.3172596,-51.1449174,brasil_aberto,True
PR,4113700,Londrina,Vila Simões,vila simoes,-23.3156459,-51.1722521,brasil_aberto,True
PR,4113700,Londrina,Vila São Caetano,vila sao caetano,-23.3019559,-51.1551473,brasil_aberto,True
PR,4113700,Londrina,Vila Zanetti,vila zanetti,-23.2991667,-51.1621591,brasil_aberto,True
PR,4113700,Londrina,Vila Zelina,vila zelina,-23.3330672,-51.1534975,brasil_aberto,True
PR,4113700,Londrina,Vila Ziober,vila ziober,-23.3049607,-51.1500088,brasil_aberto,True
PR,4113700,Londrina,Vitória,vitoria,-23.3054212,-51.1764402,brasil_aberto,True
PR,4113700,Londrina,Vitória Régia,vitoria regia,-23.3250879,-51.1324171,brasil_aberto,True
PR,4113700,Londrina,Vivendas do Arvoredo,vivendas do arvoredo,-23.3442124,-51.1854778,brasil_aberto,True
PR,4113700,Londrina,Vânia,vania,-23.2945173,-51.1608905,brasil_aberto,True
PR,4113700,Londrina,Waldemar Hauer,waldemar hauer,-23.28996,-51.1287523,brasil_aberto,True
PR,4113700,Londrina,Warta,warta,,,brasil_aberto,True
PR,4113700,Londrina,Yara,yara,-23.2900102,-51.1429299,brasil_aberto,True
PR,4113700,Londrina,Área Rural de Londrina,area rural de londrina,-23.3197305,-51.1662008,brasil_aberto,True
PR,4113700,Londrina,Áurea,aurea,-23.3226399,-51.1291541,brasil_aberto,True
PR,4113734,Luiziana,Centro,centro,-24.2858954,-52.2741615,brasil_aberto,True
PR,4113759,Lunardelli,Centro,centro,-24.0787812,-51.7422062,brasil_aberto,True
PR,4113809,Lupionópolis,Centro,centro,-22.7542379,-51.657944,brasil_aberto,True
PR,4113809,Lupionópolis,Mairá,maira,-22.6990047,-51.6420563,brasil_aberto,True
PR,4113908,Mallet,Centro,centro,,,brasil_aberto,True
PR,4113908,Mallet,Dorizon,dorizon,,,brasil_aberto,True
PR,4113908,Mallet,Rio Claro do Sul,rio claro do sul,,,brasil_aberto,True
PR,4114005,Mamborê,Centro,centro,-24.3081129,-52.5307176,brasil_aberto,True
PR,4114203,Mandaguari,Centro,centro,,,brasil_aberto,True
PR,4114104,Mandaguaçu,Centro,centro,,,brasil_aberto,True
PR,4114104,Mandaguaçu,Pulinópolis,pulinopolis,-23.2994298,-52.0213419,brasil_aberto,True
PR,4114302,Mandirituba,Areia Branca dos Assis,areia branca dos assis,-25.8669873,-49.36990429999999,brasil_aberto,True
PR,4114302,Mandirituba,Campestre dos Paulas,campestre dos paulas,,,brasil_aberto,True
PR,4114302,Mandirituba,Centro,centro,,,brasil_aberto,True
PR,4114302,Mandirituba,Espigão das Antas,espigao das antas,,,brasil_aberto,True
PR,4114302,Mandirituba,Jardim São Braz,jardim sao braz,,,brasil_aberto,True
PR,4114302,Mandirituba,Quatro Pinheiros,quatro pinheiros,,,brasil_aberto,True
PR,4114351,Manfrinópolis,Centro,centro,,,brasil_aberto,True
PR,4114401,Mangueirinha,Centro,centro,,,brasil_aberto,True
PR,4114401,Mangueirinha,Covó,covo,-25.9988741,-52.2204802,brasil_aberto,True
PR,4114500,Manoel Ribas,Barra Santa Salete,barra santa salete,-24.4788362,-51.791022,brasil_aberto,True
PR,4114500,Manoel Ribas,Bela Vista,bela vista,-24.5186296,-51.6645259,brasil_aberto,True
PR,4114500,Manoel Ribas,Centro,centro,-24.5181463,-51.6692201,brasil_aberto,True
PR,4114609,Marechal Cândido Rondon,Ana Paula,ana paula,,,brasil_aberto,True
PR,4114609,Marechal Cândido Rondon,Boa Vista,boa vista,,,brasil_aberto,True
PR,4114609,Marechal Cândido Rondon,Botafogo,botafogo,,,brasil_aberto,True
PR,4114609,Marechal Cândido Rondon,Centro,centro,,,brasil_aberto,True
PR,4114609,Marechal Cândido Rondon,Centro  (São Roque),centro  (sao roque),,,brasil_aberto,True
PR,4114609,Marechal Cândido Rondon,Curvado,curvado,,,brasil_aberto,True
PR,4114609,Marechal Cândido Rondon,Espigão,espigao,,,brasil_aberto,True
PR,4114609,Marechal Cândido Rondon,Higienópolis,higienopolis,,,brasil_aberto,True
PR,4114609,Marechal Cândido Rondon,Iguiporã,iguipora,,,brasil_aberto,True
PR,4114609,Marechal Cândido Rondon,Lago,lago,,,brasil_aberto,True
PR,4114609,Marechal Cândido Rondon,Margarida,margarida,,,brasil_aberto,True
PR,4114609,Marechal Cândido Rondon,Novo Horizonte,novo horizonte,,,brasil_aberto,True
PR,4114609,Marechal Cândido Rondon,Novo Três Passos,novo tres passos,,,brasil_aberto,True
PR,4114609,Marechal Cândido Rondon,Porto Mendes,porto mendes,,,brasil_aberto,True
PR,4114609,Marechal Cândido Rondon,Primavera,primavera,,,brasil_aberto,True
PR,4114609,Marechal Cândido Rondon,São Francisco,sao francisco,,,brasil_aberto,True
PR,4114609,Marechal Cândido Rondon,São Roque,sao roque,,,brasil_aberto,True
PR,4114609,Marechal Cândido Rondon,Vila Gaúcha,vila gaucha,,,brasil_aberto,True
PR,4114609,Marechal Cândido Rondon,Área Rural Margarida,area rural margarida,-24.6495437,-54.1265012,brasil_aberto,True
PR,4114609,Marechal Cândido Rondon,Área Rural de São Roque,area rural de sao roque,-24.7081037,-54.07484609999999,brasil_aberto,True
PR,4114708,Maria Helena,Carbonera,carbonera,-23.5469754,-53.32172,brasil_aberto,True
PR,4114708,Maria Helena,Centro,centro,-23.6196729,-53.2066167,brasil_aberto,True
PR,4114807,Marialva,Aquidaban,aquidaban,,,brasil_aberto,True
PR,4114807,Marialva,Centro,centro,-23.5847183,-51.9036895,brasil_aberto,True
PR,4114807,Marialva,Santa Fé do Pirapó,santa fe do pirapo,-23.3770686,-51.8028242,brasil_aberto,True
PR,4114807,Marialva,São Luiz,sao luiz,,,brasil_aberto,True
PR,4114807,Marialva,São Miguel do Cambui,sao miguel do cambui,-23.6104927,-51.8588168,brasil_aberto,True
PR,4115002,Marilena,Centro,centro,-22.735147,-53.0367212,brasil_aberto,True
PR,4115101,Mariluz,Centro,centro,-24.0087816,-53.1478959,brasil_aberto,True
PR,4115101,Mariluz,São Luiz,sao luiz,-24.0992045,-53.28271179999999,brasil_aberto,True
PR,4114906,Marilândia do Sul,Centro,centro,-25.4305326,-49.2694124,brasil_aberto,True
PR,4114906,Marilândia do Sul,Nova Amoreira,nova amoreira,-23.8374892,-51.3212635,brasil_aberto,True
PR,4115200,Maringá,Altaneira,altaneira,-23.1658006,-52.0430449,brasil_aberto,True
PR,4115200,Maringá,Alto das Grevíleas,alto das grevileas,-23.4732125,-51.9127601,brasil_aberto,True
PR,4115200,Maringá,Bom Jardim,bom jardim,-23.4106372,-51.8827794,brasil_aberto,True
PR,4115200,Maringá,Centro Cívico de Maringá,centro civico de maringa,-23.4333158,-51.9033102,brasil_aberto,True
PR,4115200,Maringá,Chácara Paulista,chacara paulista,-23.4442652,-51.9278113,brasil_aberto,True
PR,4115200,Maringá,Chácaras Aeroporto,chacaras aeroporto,-23.4711229,-51.9064216,brasil_aberto,True
PR,4115200,Maringá,Cidade Jardim,cidade jardim,-23.3990869,-51.9394153,brasil_aberto,True
PR,4115200,Maringá,Cidade Universitária,cidade universitaria,-23.4040629,-51.9624316,brasil_aberto,True
PR,4115200,Maringá,Condomínio Hayashi,condominio hayashi,-23.446463,-51.9729666,brasil_aberto,True
PR,4115200,Maringá,Condomínio Morada do Lago,condominio morada do lago,-23.4352583,-51.9133012,brasil_aberto,True
PR,4115200,Maringá,Condomínio Recanto dos Guerreiros,condominio recanto dos guerreiros,-23.3580317,-51.8998954,brasil_aberto,True
PR,4115200,Maringá,Condomínio Santa Maria,condominio santa maria,-23.3624625,-51.9359473,brasil_aberto,True
PR,4115200,Maringá,Condomínio Santa Marina,condominio santa marina,-23.3762307,-51.9418555,brasil_aberto,True
PR,4115200,Maringá,Condomínio Solo Rico (Iguatemi),condominio solo rico (iguatemi),-23.4470996,-51.8988458,brasil_aberto,True
PR,4115200,Maringá,Conjunto Hab. Pioneiro José Pires de Oliveira,conjunto hab. pioneiro jose pires de oliveira,-23.5241329,-52.0437437,brasil_aberto,True
PR,4115200,Maringá,Conjunto Habitacional Albino Meneguetti (Iguatemi),conjunto habitacional albino meneguetti (iguatemi),-23.3783932,-52.0563072,brasil_aberto,True
PR,4115200,Maringá,Conjunto Habitacional Céu Azul,conjunto habitacional ceu azul,-23.450427,-51.8996378,brasil_aberto,True
PR,4115200,Maringá,Conjunto Habitacional Del Plata,conjunto habitacional del plata,-23.4443494,-51.8942734,brasil_aberto,True
PR,4115200,Maringá,Conjunto Habitacional Hermann Moraes Barros,conjunto habitacional hermann moraes barros,-23.3803217,-51.9357898,brasil_aberto,True
PR,4115200,Maringá,Conjunto Habitacional Iguatemi (Iguatemi),conjunto habitacional iguatemi (iguatemi),-23.3847765,-52.058034,brasil_aberto,True
PR,4115200,Maringá,Conjunto Habitacional Inocente Vila Nova Júnior,conjunto habitacional inocente vila nova junior,-23.4508764,-51.9613219,brasil_aberto,True
PR,4115200,Maringá,Conjunto Habitacional Itatiaia,conjunto habitacional itatiaia,-23.4172812,-51.8814813,brasil_aberto,True
PR,4115200,Maringá,Conjunto Habitacional João de Barro Thaís,conjunto habitacional joao de barro thais,-23.3981863,-51.9780473,brasil_aberto,True
PR,4115200,Maringá,Conjunto Habitacional Karina,conjunto habitacional karina,-23.4179282,-51.892957,brasil_aberto,True
PR,4115200,Maringá,Conjunto Habitacional Lea Leal,conjunto habitacional lea leal,-23.4136726,-51.9014375,brasil_aberto,True
PR,4115200,Maringá,Conjunto Habitacional Requião,conjunto habitacional requiao,-23.4049279,-51.8782323,brasil_aberto,True
PR,4115200,Maringá,Conjunto Habitacional Sanenge,conjunto habitacional sanenge,-23.3980719,-51.9710038,brasil_aberto,True
PR,4115200,Maringá,Conjunto Habitacional Sanenge III,conjunto habitacional sanenge iii,-23.4482763,-51.8983976,brasil_aberto,True
PR,4115200,Maringá,Conjunto Habitacional Sol Nascente,conjunto habitacional sol nascente,-23.4594642,-51.9081115,brasil_aberto,True
PR,4115200,Maringá,Conjunto João de Barro Champagnat,conjunto joao de barro champagnat,-23.3994706,-51.8852223,brasil_aberto,True
PR,4115200,Maringá,Conjunto João de Barro Cidade Canção,conjunto joao de barro cidade cancao,-23.4612122,-51.910454,brasil_aberto,True
PR,4115200,Maringá,Conjunto João de Barro I,conjunto joao de barro i,-23.4578468,-51.9315971,brasil_aberto,True
PR,4115200,Maringá,Conjunto João de Barro Itaparica,conjunto joao de barro itaparica,-23.3961992,-51.8862631,brasil_aberto,True
PR,4115200,Maringá,Conjunto João de Barro Porto Seguro II,conjunto joao de barro porto seguro ii,-23.4502234,-51.9009587,brasil_aberto,True
PR,4115200,Maringá,Conjunto Residencial Branca Vieira,conjunto residencial branca vieira,-23.404072,-51.8922993,brasil_aberto,True
PR,4115200,Maringá,Conjunto Residencial Cidade Alta,conjunto residencial cidade alta,-23.4649928,-51.9175611,brasil_aberto,True
PR,4115200,Maringá,Conjunto Residencial Cidade Alta II,conjunto residencial cidade alta ii,-23.4632605,-51.9152439,brasil_aberto,True
PR,4115200,Maringá,Conjunto Residencial Dona Angelina (Iguatemi),conjunto residencial dona angelina (iguatemi),-23.370689,-52.0658644,brasil_aberto,True
PR,4115200,Maringá,Conjunto Residencial Itamaraty,conjunto residencial itamaraty,-23.4307549,-51.9682911,brasil_aberto,True
PR,4115200,Maringá,Conjunto Residencial João Paulo I (Iguatemi),conjunto residencial joao paulo i (iguatemi),-23.3753482,-52.0614818,brasil_aberto,True
PR,4115200,Maringá,Conjunto Residencial Ney Braga,conjunto residencial ney braga,-23.3960648,-51.9701977,brasil_aberto,True
PR,4115200,Maringá,Conjunto Residencial Parigot de Souza,conjunto residencial parigot de souza,,,brasil_aberto,True
PR,4115200,Maringá,Conjunto Residencial Paulino Carlos Filho,conjunto residencial paulino carlos filho,-23.3934553,-51.9003713,brasil_aberto,True
PR,4115200,Maringá,Conjunto Residencial Pioneiro José Israel Factori (Floriano),conjunto residencial pioneiro jose israel factori (floriano),-23.5254393,-52.046993,brasil_aberto,True
PR,4115200,Maringá,Conjunto Residencial Planvile,conjunto residencial planvile,-23.3953245,-51.9606802,brasil_aberto,True
PR,4115200,Maringá,Conjunto Residencial Rodolpho Bernardi,conjunto residencial rodolpho bernardi,-23.3894027,-51.9028531,brasil_aberto,True
PR,4115200,Maringá,Conjunto Residencial Santa Terezinha (Iguatemi),conjunto residencial santa terezinha (iguatemi),-23.3815263,-52.0601612,brasil_aberto,True
PR,4115200,Maringá,Conjunto Residencial Ângelo Planas,conjunto residencial angelo planas,-23.4543815,-51.9377375,brasil_aberto,True
PR,4115200,Maringá,Conjunto Village Blue,conjunto village blue,-23.4028914,-51.8795384,brasil_aberto,True
PR,4115200,Maringá,Copacabana Residencial,copacabana residencial,-23.3791688,-51.9412987,brasil_aberto,True
PR,4115200,Maringá,Distrito Industrial II,distrito industrial ii,-23.4562219,-52.0005316,brasil_aberto,True
PR,4115200,Maringá,Distrito de Floriano (Floriano),distrito de floriano (floriano),-23.4177147,-51.9401606,brasil_aberto,True
PR,4115200,Maringá,Distrito de Iguatemi (Iguatemi),distrito de iguatemi (iguatemi),-23.370689,-52.0658644,brasil_aberto,True
PR,4115200,Maringá,Ebenezer,ebenezer,-23.3859613,-51.9031667,brasil_aberto,True
PR,4115200,Maringá,Eurogarden,eurogarden,-23.4305484,-51.9521259,brasil_aberto,True
PR,4115200,Maringá,Florais de Maringá,florais de maringa,-23.4633897,-51.9890409,brasil_aberto,True
PR,4115200,Maringá,Galeão,galeao,-23.456444,-51.9210755,brasil_aberto,True
PR,4115200,Maringá,Giardino San Marco,giardino san marco,,,brasil_aberto,True
PR,4115200,Maringá,Gleba Patrimônio Maringá,gleba patrimonio maringa,-23.412286,-51.9429376,brasil_aberto,True
PR,4115200,Maringá,Gleba Patrimônio Morangueiro,gleba patrimonio morangueiro,-23.3770194,-51.9412575,brasil_aberto,True
PR,4115200,Maringá,Gleba Patrimônio Sarandi,gleba patrimonio sarandi,-23.3770194,-51.9412575,brasil_aberto,True
PR,4115200,Maringá,Gleba Ribeirão Atlantique,gleba ribeirao atlantique,-23.4209995,-51.9330558,brasil_aberto,True
PR,4115200,Maringá,Gleba Ribeirão Centenário,gleba ribeirao centenario,-23.4209995,-51.9330558,brasil_aberto,True
PR,4115200,Maringá,Gleba Ribeirão Maringá,gleba ribeirao maringa,-23.3594894,-51.9198418,brasil_aberto,True
PR,4115200,Maringá,Gleba Ribeirão Morangueiro,gleba ribeirao morangueiro,-23.4193777,-51.9671338,brasil_aberto,True
PR,4115200,Maringá,Gleba Ribeirão Pinguim,gleba ribeirao pinguim,-23.52598,-52.0308686,brasil_aberto,True
PR,4115200,Maringá,Gleba Ribeirão Sarandi,gleba ribeirao sarandi,-23.3622973,-51.8461182,brasil_aberto,True
PR,4115200,Maringá,Jardim Aclimação,jardim aclimacao,-23.4452168,-51.9170633,brasil_aberto,True
PR,4115200,Maringá,Jardim Alamar,jardim alamar,-23.436778,-51.9466426,brasil_aberto,True
PR,4115200,Maringá,Jardim Alto Alegre (Distrito de Iguatemi),jardim alto alegre (distrito de iguatemi),-23.3794137,-52.0604294,brasil_aberto,True
PR,4115200,Maringá,Jardim Alvorada,jardim alvorada,-23.3961571,-51.920509,brasil_aberto,True
PR,4115200,Maringá,Jardim Alvorada III,jardim alvorada iii,-23.387491,-51.9087111,brasil_aberto,True
PR,4115200,Maringá,Jardim América,jardim america,-23.4222149,-51.8873852,brasil_aberto,True
PR,4115200,Maringá,Jardim Andrade,jardim andrade,-23.3961992,-51.8862631,brasil_aberto,True
PR,4115200,Maringá,Jardim Araucária,jardim araucaria,-23.4547263,-51.9043146,brasil_aberto,True
PR,4115200,Maringá,Jardim Atami,jardim atami,-23.4619142,-51.9519263,brasil_aberto,True
PR,4115200,Maringá,Jardim Atlanta,jardim atlanta,-23.4188165,-51.8807764,brasil_aberto,True
PR,4115200,Maringá,Jardim Aurora,jardim aurora,-23.4139635,-51.974132,brasil_aberto,True
PR,4115200,Maringá,Jardim Azaléia,jardim azaleia,-23.443931,-51.9635662,brasil_aberto,True
PR,4115200,Maringá,Jardim Barcelona,jardim barcelona,-23.4475751,-51.9806281,brasil_aberto,True
PR,4115200,Maringá,Jardim Bela Vista,jardim bela vista,-23.4467986,-51.9502283,brasil_aberto,True
PR,4115200,Maringá,Jardim Belo Horizonte (Iguatemi),jardim belo horizonte (iguatemi),-23.3708683,-52.068151,brasil_aberto,True
PR,4115200,Maringá,Jardim Bertioga,jardim bertioga,-23.4390801,-51.8924263,brasil_aberto,True
PR,4115200,Maringá,Jardim Betty,jardim betty,-23.4545563,-51.942879,brasil_aberto,True
PR,4115200,Maringá,Jardim Botânico,jardim botanico,-23.4514956,-51.9393229,brasil_aberto,True
PR,4115200,Maringá,Jardim Brasil,jardim brasil,-23.3899144,-51.9470486,brasil_aberto,True
PR,4115200,Maringá,Jardim Brasília,jardim brasilia,-23.3943562,-51.9605302,brasil_aberto,True
PR,4115200,Maringá,Jardim Califórnia,jardim california,-23.4026694,-51.9762521,brasil_aberto,True
PR,4115200,Maringá,Jardim Campo Belo,jardim campo belo,-23.4029549,-51.9821622,brasil_aberto,True
PR,4115200,Maringá,Jardim Campos,jardim campos,-23.4209995,-51.9330558,brasil_aberto,True
PR,4115200,Maringá,Jardim Campos Elísios,jardim campos elisios,-23.4031598,-51.8858454,brasil_aberto,True
PR,4115200,Maringá,Jardim Canadá,jardim canada,-23.4033729,-51.9531029,brasil_aberto,True
PR,4115200,Maringá,Jardim Canadá 2ª Parte,jardim canada 2ª parte,-23.4054592,-51.9532542,brasil_aberto,True
PR,4115200,Maringá,Jardim Carolina,jardim carolina,-23.3857456,-51.9570269,brasil_aberto,True
PR,4115200,Maringá,Jardim Catedral,jardim catedral,-23.4592814,-51.9143801,brasil_aberto,True
PR,4115200,Maringá,Jardim Cerro Azul,jardim cerro azul,-23.4408129,-51.9366284,brasil_aberto,True
PR,4115200,Maringá,Jardim Cidade Monções,jardim cidade moncoes,-23.4434469,-51.9487573,brasil_aberto,True
PR,4115200,Maringá,Jardim Colina Verde,jardim colina verde,-23.4014443,-51.8770816,brasil_aberto,True
PR,4115200,Maringá,Jardim Colina Verde II,jardim colina verde ii,-23.3946166,-51.885142,brasil_aberto,True
PR,4115200,Maringá,Jardim Colombo (Distrito São Domingos),jardim colombo (distrito sao domingos),-23.3885059,-52.0278319,brasil_aberto,True
PR,4115200,Maringá,Jardim Continental,jardim continental,-23.392822,-51.978314,brasil_aberto,True
PR,4115200,Maringá,Jardim Copacabana,jardim copacabana,-23.3961992,-51.8862631,brasil_aberto,True
PR,4115200,Maringá,Jardim Diamante,jardim diamante,-23.374843,-51.9423511,brasil_aberto,True
PR,4115200,Maringá,Jardim Dias I,jardim dias i,-23.3826269,-51.917833,brasil_aberto,True
PR,4115200,Maringá,Jardim Dias II,jardim dias ii,-23.378772,-51.9189057,brasil_aberto,True
PR,4115200,Maringá,Jardim Dourados,jardim dourados,-23.4053809,-51.9065369,brasil_aberto,True
PR,4115200,Maringá,Jardim Espanha,jardim espanha,-23.460456,-51.962389,brasil_aberto,True
PR,4115200,Maringá,Jardim Europa,jardim europa,-23.4630672,-51.9612209,brasil_aberto,True
PR,4115200,Maringá,Jardim Everest,jardim everest,-23.4047986,-51.97438589999999,brasil_aberto,True
PR,4115200,Maringá,Jardim Fregadolli,jardim fregadolli,-23.4521393,-51.9163189,brasil_aberto,True
PR,4115200,Maringá,Jardim Freitas,jardim freitas,-23.4435678,-51.8960167,brasil_aberto,True
PR,4115200,Maringá,Jardim Guairacá,jardim guairaca,-23.3961992,-51.8862631,brasil_aberto,True
PR,4115200,Maringá,Jardim Guaporé,jardim guapore,-23.4433515,-51.9569878,brasil_aberto,True
PR,4115200,Maringá,Jardim Hanover,jardim hanover,-23.4547326,-51.9760585,brasil_aberto,True
PR,4115200,Maringá,Jardim Higienópolis,jardim higienopolis,-23.4479496,-51.9381561,brasil_aberto,True
PR,4115200,Maringá,Jardim Iguaçu,jardim iguacu,-23.4483245,-51.9633152,brasil_aberto,True
PR,4115200,Maringá,Jardim Imperador,jardim imperador,-23.3757636,-51.9676077,brasil_aberto,True
PR,4115200,Maringá,Jardim Imperial,jardim imperial,-23.3945137,-51.9319286,brasil_aberto,True
PR,4115200,Maringá,Jardim Imperial II,jardim imperial ii,-23.3934252,-51.9363901,brasil_aberto,True
PR,4115200,Maringá,Jardim Império do Sol,jardim imperio do sol,-23.3812761,-51.9507405,brasil_aberto,True
PR,4115200,Maringá,Jardim Indaiá,jardim indaia,-23.4095459,-51.965945,brasil_aberto,True
PR,4115200,Maringá,Jardim Internorte,jardim internorte,-23.4276279,-51.8968669,brasil_aberto,True
PR,4115200,Maringá,Jardim Ipanema,jardim ipanema,-23.4569436,-51.9236177,brasil_aberto,True
PR,4115200,Maringá,Jardim Ipiranga,jardim ipiranga,-23.4161349,-51.9483123,brasil_aberto,True
PR,4115200,Maringá,Jardim Itaipu,jardim itaipu,-23.4509812,-51.9796182,brasil_aberto,True
PR,4115200,Maringá,Jardim Itália,jardim italia,-23.452642,-51.9520223,brasil_aberto,True
PR,4115200,Maringá,Jardim Itália II,jardim italia ii,-23.4532289,-51.9431455,brasil_aberto,True
PR,4115200,Maringá,Jardim Ivemar,jardim ivemar,-23.4331894,-51.9757621,brasil_aberto,True
PR,4115200,Maringá,Jardim Kakogawa,jardim kakogawa,-23.3759613,-51.9347461,brasil_aberto,True
PR,4115200,Maringá,Jardim Laodiceia,jardim laodiceia,-23.4378059,-51.9501091,brasil_aberto,True
PR,4115200,Maringá,Jardim Leblon,jardim leblon,-23.4569806,-51.9179598,brasil_aberto,True
PR,4115200,Maringá,Jardim Liberdade,jardim liberdade,-23.4158141,-51.8881426,brasil_aberto,True
PR,4115200,Maringá,Jardim Liberdade II,jardim liberdade ii,-23.4197195,-51.8929248,brasil_aberto,True
PR,4115200,Maringá,Jardim Liberdade III,jardim liberdade iii,-23.4145465,-51.8898876,brasil_aberto,True
PR,4115200,Maringá,Jardim Liberdade IV,jardim liberdade iv,-23.4154784,-51.8818646,brasil_aberto,True
PR,4115200,Maringá,Jardim Licce,jardim licce,-23.3844532,-51.9200764,brasil_aberto,True
PR,4115200,Maringá,Jardim Los Angeles,jardim los angeles,-23.4093931,-51.9612215,brasil_aberto,True
PR,4115200,Maringá,Jardim Lucianópolis,jardim lucianopolis,-23.4076389,-51.9607174,brasil_aberto,True
PR,4115200,Maringá,Jardim Mandacaru,jardim mandacaru,-23.4154992,-51.9577338,brasil_aberto,True
PR,4115200,Maringá,Jardim Marajoara (Iguatemi),jardim marajoara (iguatemi),-23.3654284,-52.0686397,brasil_aberto,True
PR,4115200,Maringá,Jardim Maravilha,jardim maravilha,-23.4120746,-51.9563465,brasil_aberto,True
PR,4115200,Maringá,Jardim Michelangelo,jardim michelangelo,-23.4263889,-51.9442495,brasil_aberto,True
PR,4115200,Maringá,Jardim Monte Carlo,jardim monte carlo,-23.4104357,-51.9602679,brasil_aberto,True
PR,4115200,Maringá,Jardim Monte Rei,jardim monte rei,-23.3794214,-51.9524654,brasil_aberto,True
PR,4115200,Maringá,Jardim Monte Sinai,jardim monte sinai,-23.3797586,-51.9717655,brasil_aberto,True
PR,4115200,Maringá,Jardim Monte Sião,jardim monte siao,-23.4199646,-51.9405935,brasil_aberto,True
PR,4115200,Maringá,Jardim Montreal,jardim montreal,-23.4132793,-51.9653523,brasil_aberto,True
PR,4115200,Maringá,Jardim Munique,jardim munique,-23.3730335,-51.9590546,brasil_aberto,True
PR,4115200,Maringá,Jardim Nilza,jardim nilza,-23.4236612,-51.9443769,brasil_aberto,True
PR,4115200,Maringá,Jardim Noroeste,jardim noroeste,-23.3878547,-51.9765605,brasil_aberto,True
PR,4115200,Maringá,Jardim Nova América,jardim nova america,-23.3770194,-51.9412575,brasil_aberto,True
PR,4115200,Maringá,Jardim Novo Alvorada,jardim novo alvorada,-23.3961992,-51.8862631,brasil_aberto,True
PR,4115200,Maringá,Jardim Novo Horizonte,jardim novo horizonte,-23.4430909,-51.9348691,brasil_aberto,True
PR,4115200,Maringá,Jardim Novo Oásis,jardim novo oasis,-23.4054319,-51.8940938,brasil_aberto,True
PR,4115200,Maringá,Jardim Novo Paulista,jardim novo paulista,-23.4049309,-51.8689703,brasil_aberto,True
PR,4115200,Maringá,Jardim Olímpico,jardim olimpico,-23.4046949,-51.9812795,brasil_aberto,True
PR,4115200,Maringá,Jardim Oriental,jardim oriental,-23.3687305,-51.9427319,brasil_aberto,True
PR,4115200,Maringá,Jardim Ouro Cola,jardim ouro cola,-23.414259,-51.9935583,brasil_aberto,True
PR,4115200,Maringá,Jardim Oásis,jardim oasis,-23.4013649,-51.9032813,brasil_aberto,True
PR,4115200,Maringá,Jardim Paraizo,jardim paraizo,-23.3928359,-51.949482,brasil_aberto,True
PR,4115200,Maringá,Jardim Paraíso,jardim paraiso,-23.465603,-51.917165,brasil_aberto,True
PR,4115200,Maringá,Jardim Paris,jardim paris,-23.3833529,-51.9528827,brasil_aberto,True
PR,4115200,Maringá,Jardim Paris III,jardim paris iii,-23.3870088,-51.9615012,brasil_aberto,True
PR,4115200,Maringá,Jardim Paris IV,jardim paris iv,-23.3860624,-51.9584246,brasil_aberto,True
PR,4115200,Maringá,Jardim Paris V,jardim paris v,-23.3882495,-51.9639071,brasil_aberto,True
PR,4115200,Maringá,Jardim Paris VI,jardim paris vi,-23.3814941,-51.9679341,brasil_aberto,True
PR,4115200,Maringá,Jardim Parque do Horto,jardim parque do horto,-23.4376916,-51.9638375,brasil_aberto,True
PR,4115200,Maringá,Jardim Paulista,jardim paulista,-23.4083886,-51.8691866,brasil_aberto,True
PR,4115200,Maringá,Jardim Paulista III,jardim paulista iii,-23.4096741,-51.8672157,brasil_aberto,True
PR,4115200,Maringá,Jardim Paulista IV,jardim paulista iv,-23.4083033,-51.8656933,brasil_aberto,True
PR,4115200,Maringá,Jardim Petrópolis,jardim petropolis,-23.3968625,-51.9641046,brasil_aberto,True
PR,4115200,Maringá,Jardim Piatã,jardim piata,-23.4013034,-51.8855454,brasil_aberto,True
PR,4115200,Maringá,Jardim Pilar,jardim pilar,-23.3769582,-51.968981,brasil_aberto,True
PR,4115200,Maringá,Jardim Pinheiros,jardim pinheiros,-23.4084796,-51.8965803,brasil_aberto,True
PR,4115200,Maringá,Jardim Pinheiros II,jardim pinheiros ii,-23.4035099,-51.905236,brasil_aberto,True
PR,4115200,Maringá,Jardim Pinheiros III,jardim pinheiros iii,-23.4124324,-51.896301,brasil_aberto,True
PR,4115200,Maringá,Jardim Porto Seguro,jardim porto seguro,-23.4506521,-51.9024208,brasil_aberto,True
PR,4115200,Maringá,Jardim Portugal,jardim portugal,-23.4543815,-51.9377375,brasil_aberto,True
PR,4115200,Maringá,Jardim Primavera (Iguatemi),jardim primavera (iguatemi),-23.3741036,-52.0648794,brasil_aberto,True
PR,4115200,Maringá,Jardim Pro-lar,jardim pro-lar,-23.4553523,-51.9116654,brasil_aberto,True
PR,4115200,Maringá,Jardim Real,jardim real,-23.3937433,-51.9494853,brasil_aberto,True
PR,4115200,Maringá,Jardim Rebouças,jardim reboucas,-23.3961992,-51.8862631,brasil_aberto,True
PR,4115200,Maringá,Jardim San Remo,jardim san remo,-23.4418298,-51.96109,brasil_aberto,True
PR,4115200,Maringá,Jardim Santa Alice,jardim santa alice,-23.4058349,-51.9044293,brasil_aberto,True
PR,4115200,Maringá,Jardim Santa Clara,jardim santa clara,-23.3831512,-51.9115898,brasil_aberto,True
PR,4115200,Maringá,Jardim Santa Cruz,jardim santa cruz,-23.3991393,-51.966221,brasil_aberto,True
PR,4115200,Maringá,Jardim Santa Helena,jardim santa helena,-23.3876431,-51.9516311,brasil_aberto,True
PR,4115200,Maringá,Jardim Santa Rosa,jardim santa rosa,-23.4539526,-51.9601593,brasil_aberto,True
PR,4115200,Maringá,Jardim Seminário,jardim seminario,-23.4141645,-51.9599673,brasil_aberto,True
PR,4115200,Maringá,Jardim Social,jardim social,-23.4398487,-51.9336392,brasil_aberto,True
PR,4115200,Maringá,Jardim Sofia,jardim sofia,-23.3943006,-51.9755572,brasil_aberto,True
PR,4115200,Maringá,Jardim Sol,jardim sol,,,brasil_aberto,True
PR,4115200,Maringá,Jardim São Basílio,jardim sao basilio,-23.4663065,-51.9593936,brasil_aberto,True
PR,4115200,Maringá,Jardim São Clemente,jardim sao clemente,-23.4592204,-51.9567184,brasil_aberto,True
PR,4115200,Maringá,Jardim São Conrado,jardim sao conrado,-23.4519241,-51.9411412,brasil_aberto,True
PR,4115200,Maringá,Jardim São Domingos,jardim sao domingos,-23.384457,-52.0286849,brasil_aberto,True
PR,4115200,Maringá,Jardim São Francisco,jardim sao francisco,-23.3996279,-51.8936958,brasil_aberto,True
PR,4115200,Maringá,Jardim São Jorge,jardim sao jorge,-23.3996167,-51.9610023,brasil_aberto,True
PR,4115200,Maringá,Jardim São Miguel,jardim sao miguel,-23.4108252,-51.9727053,brasil_aberto,True
PR,4115200,Maringá,Jardim São Paulo,jardim sao paulo,-23.4633668,-51.9272714,brasil_aberto,True
PR,4115200,Maringá,Jardim São Pedro (Iguatemi),jardim sao pedro (iguatemi),-23.3673925,-52.0717245,brasil_aberto,True
PR,4115200,Maringá,Jardim São Silvestre,jardim sao silvestre,-23.4552385,-51.9045833,brasil_aberto,True
PR,4115200,Maringá,Jardim Tabaete,jardim tabaete,-23.4471479,-51.9242928,brasil_aberto,True
PR,4115200,Maringá,Jardim Tropical,jardim tropical,-23.3946783,-51.9580443,brasil_aberto,True
PR,4115200,Maringá,Jardim Três Lagoas,jardim tres lagoas,-23.389007,-51.9728589,brasil_aberto,True
PR,4115200,Maringá,Jardim Tupinambá,jardim tupinamba,-23.4140826,-51.9018334,brasil_aberto,True
PR,4115200,Maringá,Jardim Tóquio,jardim toquio,-23.3886866,-51.9236635,brasil_aberto,True
PR,4115200,Maringá,Jardim Universo,jardim universo,-23.4577605,-51.9399618,brasil_aberto,True
PR,4115200,Maringá,Jardim Valparaiso,jardim valparaiso,-23.4533976,-51.900283,brasil_aberto,True
PR,4115200,Maringá,Jardim Veredas II,jardim veredas ii,-23.4459684,-51.9619638,brasil_aberto,True
PR,4115200,Maringá,Jardim Verônica,jardim veronica,-23.4482521,-51.9627026,brasil_aberto,True
PR,4115200,Maringá,Jardim Vitória,jardim vitoria,-23.3848473,-51.9358763,brasil_aberto,True
PR,4115200,Maringá,Jardim da Glória,jardim da gloria,-23.4147179,-51.8945508,brasil_aberto,True
PR,4115200,Maringá,Jardim das Estações,jardim das estacoes,-23.4475751,-51.9806281,brasil_aberto,True
PR,4115200,Maringá,Jardim das Flores,jardim das flores,-23.4672749,-51.923297,brasil_aberto,True
PR,4115200,Maringá,Jardim das Nações,jardim das nacoes,-23.436899,-51.9545661,brasil_aberto,True
PR,4115200,Maringá,Jardim do Carmo,jardim do carmo,-23.4035259,-51.9733357,brasil_aberto,True
PR,4115200,Maringá,Jardim dos Pássaros,jardim dos passaros,-23.4028713,-51.9723145,brasil_aberto,True
PR,4115200,Maringá,Jardins de Monet Residence,jardins de monet residence,-23.356147,-52.0117883,brasil_aberto,True
PR,4115200,Maringá,Jequitibá Empresarial,jequitiba empresarial,-23.4632377,-51.9990345,brasil_aberto,True
PR,4115200,Maringá,Km 120,km 120,-23.3980198,-51.9766088,brasil_aberto,True
PR,4115200,Maringá,Km 130,km 130,-23.3979671,-52.0071395,brasil_aberto,True
PR,4115200,Maringá,Loteamento Alto da Boa Vista,loteamento alto da boa vista,-23.3989857,-51.9420004,brasil_aberto,True
PR,4115200,Maringá,Loteamento Batel,loteamento batel,-23.3929345,-51.9000372,brasil_aberto,True
PR,4115200,Maringá,Loteamento Bela Vista,loteamento bela vista,-23.360212,-51.9476426,brasil_aberto,True
PR,4115200,Maringá,Loteamento Grajaú,loteamento grajau,-23.399405,-51.8824876,brasil_aberto,True
PR,4115200,Maringá,Loteamento Madrid,loteamento madrid,-23.4620046,-51.9164451,brasil_aberto,True
PR,4115200,Maringá,Loteamento Malbec,loteamento malbec,-23.4354472,-51.9260269,brasil_aberto,True
PR,4115200,Maringá,Loteamento Residencial Iguatemi,loteamento residencial iguatemi,-23.3684797,-52.0612748,brasil_aberto,True
PR,4115200,Maringá,Loteamento Sumaré,loteamento sumare,-23.3811776,-51.9007585,brasil_aberto,True
PR,4115200,Maringá,Monte Belo,monte belo,-23.4070623,-51.9565403,brasil_aberto,True
PR,4115200,Maringá,Moradias Atenas,moradias atenas,-23.3857703,-51.9694128,brasil_aberto,True
PR,4115200,Maringá,Parque Avenida,parque avenida,-23.3852877,-51.9262749,brasil_aberto,True
PR,4115200,Maringá,Parque Cidade Industrial Felizardo Meneguetti,parque cidade industrial felizardo meneguetti,,,brasil_aberto,True
PR,4115200,Maringá,Parque Hortência,parque hortencia,-23.3986097,-51.9741365,brasil_aberto,True
PR,4115200,Maringá,Parque Industrial,parque industrial,-23.4487808,-51.9479565,brasil_aberto,True
PR,4115200,Maringá,Parque Industrial 200,parque industrial 200,-23.3541594,-51.8978646,brasil_aberto,True
PR,4115200,Maringá,Parque Industrial Bandeirantes,parque industrial bandeirantes,-23.4227994,-51.9776459,brasil_aberto,True
PR,4115200,Maringá,Parque Industrial Cidade de Maringa 4ª parte,parque industrial cidade de maringa 4ª parte,-23.4307522,-51.97344140000001,brasil_aberto,True
PR,4115200,Maringá,Parque Industrial Cidade de Maringá,parque industrial cidade de maringa,-23.4209995,-51.9330558,brasil_aberto,True
PR,4115200,Maringá,Parque Industrial I,parque industrial i,-23.402012,-51.8780926,brasil_aberto,True
PR,4115200,Maringá,Parque Industrial Mário Bulhões,parque industrial mario bulhoes,-23.4789971,-51.9966629,brasil_aberto,True
PR,4115200,Maringá,Parque Industrial Polo Aeronáutico de Maringá,parque industrial polo aeronautico de maringa,-23.5264346,-52.0499928,brasil_aberto,True
PR,4115200,Maringá,Parque Industrial Rosa dos Ventos,parque industrial rosa dos ventos,-23.4775722,-52.00083009999999,brasil_aberto,True
PR,4115200,Maringá,Parque Lagoa Dourada,parque lagoa dourada,-23.4504271,-51.9192878,brasil_aberto,True
PR,4115200,Maringá,Parque Palmeiras,parque palmeiras,-23.3833234,-51.9402391,brasil_aberto,True
PR,4115200,Maringá,Parque Residencial Aeroporto,parque residencial aeroporto,-23.4308066,-51.8990849,brasil_aberto,True
PR,4115200,Maringá,Parque Residencial Andréia,parque residencial andreia,-23.392822,-51.978314,brasil_aberto,True
PR,4115200,Maringá,Parque Residencial Cidade Nova,parque residencial cidade nova,-23.3937994,-51.930867,brasil_aberto,True
PR,4115200,Maringá,Parque Residencial Eldorado,parque residencial eldorado,-23.3922247,-51.9240813,brasil_aberto,True
PR,4115200,Maringá,Parque Residencial Patrícia,parque residencial patricia,-23.4130511,-51.8999993,brasil_aberto,True
PR,4115200,Maringá,Parque Residencial Quebec,parque residencial quebec,-23.3888525,-51.9377832,brasil_aberto,True
PR,4115200,Maringá,Parque Residencial Rio Branco,parque residencial rio branco,-23.4385331,-51.9579498,brasil_aberto,True
PR,4115200,Maringá,Parque Residencial Tuiuti,parque residencial tuiuti,-23.4026772,-51.8914858,brasil_aberto,True
PR,4115200,Maringá,Parque Tarumã,parque taruma,-23.4636074,-51.9235099,brasil_aberto,True
PR,4115200,Maringá,Parque da Gávea,parque da gavea,-23.4535831,-51.918511,brasil_aberto,True
PR,4115200,Maringá,Parque das Bandeiras,parque das bandeiras,-23.3869235,-51.9428157,brasil_aberto,True
PR,4115200,Maringá,Parque das Grevíleas,parque das grevileas,-23.3961992,-51.8862631,brasil_aberto,True
PR,4115200,Maringá,Parque das Grevíleas 3ª parte,parque das grevileas 3ª parte,-23.3845889,-51.9249862,brasil_aberto,True
PR,4115200,Maringá,Parque das Grevíleas I parte,parque das grevileas i parte,-23.3803737,-51.9323604,brasil_aberto,True
PR,4115200,Maringá,Parque das Grevíleas II parte,parque das grevileas ii parte,-23.3776704,-51.933969,brasil_aberto,True
PR,4115200,Maringá,Parque das Laranjeiras,parque das laranjeiras,-23.3929604,-51.9591944,brasil_aberto,True
PR,4115200,Maringá,Portal das Torres,portal das torres,-23.3695409,-51.9346185,brasil_aberto,True
PR,4115200,Maringá,Portal de Maringá,portal de maringa,-23.4585496,-51.9352528,brasil_aberto,True
PR,4115200,Maringá,Recanto Kakogawa,recanto kakogawa,-23.3758024,-51.9418497,brasil_aberto,True
PR,4115200,Maringá,Recanto dos Magnatas,recanto dos magnatas,-23.4500503,-51.946755,brasil_aberto,True
PR,4115200,Maringá,Residencial Arezzo,residencial arezzo,-23.3878547,-51.9765605,brasil_aberto,True
PR,4115200,Maringá,Residencial Bim,residencial bim,-23.4427883,-51.9730994,brasil_aberto,True
PR,4115200,Maringá,Residencial Ibirapuera,residencial ibirapuera,-23.4231134,-51.8814357,brasil_aberto,True
PR,4115200,Maringá,Residencial Moreschi,residencial moreschi,-23.4039862,-51.9525425,brasil_aberto,True
PR,4115200,Maringá,Residencial Pioneiro Honorato Vecchi,residencial pioneiro honorato vecchi,-23.4589475,-51.9238956,brasil_aberto,True
PR,4115200,Maringá,Residencial Pioneiro Odwaldo Bueno Netto,residencial pioneiro odwaldo bueno netto,-23.4612778,-51.9205538,brasil_aberto,True
PR,4115200,Maringá,Residencial Regente,residencial regente,-23.4285559,-51.8834226,brasil_aberto,True
PR,4115200,Maringá,Residencial Ícaro,residencial icaro,-23.3752545,-51.9633926,brasil_aberto,True
PR,4115200,Maringá,Vila Bosque,vila bosque,-23.4478632,-51.9324644,brasil_aberto,True
PR,4115200,Maringá,Vila Cafelândia,vila cafelandia,-23.4272378,-51.9026635,brasil_aberto,True
PR,4115200,Maringá,Vila Christino,vila christino,-23.4270617,-51.9067736,brasil_aberto,True
PR,4115200,Maringá,Vila Cleópatra,vila cleopatra,-23.4385217,-51.9410345,brasil_aberto,True
PR,4115200,Maringá,Vila Emília,vila emilia,-23.44885,-51.9332408,brasil_aberto,True
PR,4115200,Maringá,Vila Esperança,vila esperanca,-23.3994479,-51.9444632,brasil_aberto,True
PR,4115200,Maringá,Vila Ipiranga,vila ipiranga,-23.4290274,-51.8988761,brasil_aberto,True
PR,4115200,Maringá,Vila Marumby,vila marumby,-23.449395,-51.9285003,brasil_aberto,True
PR,4115200,Maringá,Vila Morangueira,vila morangueira,-23.4130279,-51.9183806,brasil_aberto,True
PR,4115200,Maringá,Vila Nevada,vila nevada,-23.3990761,-51.9374302,brasil_aberto,True
PR,4115200,Maringá,Vila Nova,vila nova,-23.4223043,-51.9042531,brasil_aberto,True
PR,4115200,Maringá,Vila Progresso,vila progresso,-23.4121571,-51.9527003,brasil_aberto,True
PR,4115200,Maringá,Vila Santa Izabel,vila santa izabel,-23.4041324,-51.9597363,brasil_aberto,True
PR,4115200,Maringá,Vila Santo Antônio,vila santo antonio,-23.406126,-51.9270511,brasil_aberto,True
PR,4115200,Maringá,Vila Vardelina,vila vardelina,-23.4012197,-51.9622825,brasil_aberto,True
PR,4115200,Maringá,Zona 01,zona 01,-23.4247276,-51.9374143,brasil_aberto,True
PR,4115200,Maringá,Zona 02,zona 02,-23.4289039,-51.9370897,brasil_aberto,True
PR,4115200,Maringá,Zona 03,zona 03,-23.4280018,-51.9232917,brasil_aberto,True
PR,4115200,Maringá,Zona 04,zona 04,-23.4293943,-51.9521466,brasil_aberto,True
PR,4115200,Maringá,Zona 05,zona 05,-23.4335156,-51.9643324,brasil_aberto,True
PR,4115200,Maringá,Zona 06,zona 06,-23.4275329,-51.9687642,brasil_aberto,True
PR,4115200,Maringá,Zona 07,zona 07,-23.4163717,-51.9526156,brasil_aberto,True
PR,4115200,Maringá,Zona 08,zona 08,-23.4336477,-51.9064542,brasil_aberto,True
PR,4115200,Maringá,Zona 09,zona 09,-23.4198803,-51.9315964,brasil_aberto,True
PR,4115200,Maringá,Zona 10,zona 10,-23.4230226,-51.9112308,brasil_aberto,True
PR,4115200,Maringá,Zona 20,zona 20,-23.4388814,-51.9578687,brasil_aberto,True
PR,4115200,Maringá,Zona 22,zona 22,-23.4628963,-51.9380202,brasil_aberto,True
PR,4115200,Maringá,Zona 28,zona 28,-23.4548189,-51.9203264,brasil_aberto,True
PR,4115200,Maringá,Zona 31,zona 31,-23.3771047,-51.9312497,brasil_aberto,True
PR,4115200,Maringá,Zona 39,zona 39,-23.4668341,-51.9101992,brasil_aberto,True
PR,4115200,Maringá,Zona 43,zona 43,-23.3946834,-51.9732101,brasil_aberto,True
PR,4115200,Maringá,Zona 7,zona 7,-23.4117758,-51.9349097,brasil_aberto,True
PR,4115200,Maringá,Zona Armazém,zona armazem,-23.7512859,-53.2967657,brasil_aberto,True
PR,4115200,Maringá,Área Rural de Maringá,area rural de maringa,-23.4209995,-51.9330558,brasil_aberto,True
PR,4115358,Maripá,Candeia,candeia,-24.4194023,-53.8287255,brasil_aberto,True
PR,4115358,Maripá,Centro,centro,,,brasil_aberto,True
PR,4115358,Maripá,Pérola Independente,perola independente,-24.4194023,-53.8287255,brasil_aberto,True
PR,4115309,Mariópolis,Centro,centro,-26.3569408,-52.5541594,brasil_aberto,True
PR,4115309,Mariópolis,Rio Pinheiro,rio pinheiro,-26.3090597,-52.6357625,brasil_aberto,True
PR,4115309,Mariópolis,Senhor Bom Jesus dos Gramados,senhor bom jesus dos gramados,-26.4041303,-52.5937567,brasil_aberto,True
PR,4115408,Marmeleiro,Centro,centro,,,brasil_aberto,True
PR,4115457,Marquinho,Centro,centro,-25.1124502,-52.2598022,brasil_aberto,True
PR,4115507,Marumbi,Centro,centro,,,brasil_aberto,True
PR,4115606,Matelândia,Centro,centro,-25.2399402,-53.98441769999999,brasil_aberto,True
PR,4115705,Matinhos,Centro,centro,-25.8199811,-48.53267289999999,brasil_aberto,True
PR,4115705,Matinhos,Mangue Seco,mangue seco,,,brasil_aberto,True
PR,4115739,Mato Rico,Barra Bonita,barra bonita,-24.743074,-52.1459246,brasil_aberto,True
PR,4115739,Mato Rico,Centro,centro,,,brasil_aberto,True
PR,4115754,Mauá da Serra,Centro,centro,-23.9018729,-51.225255,brasil_aberto,True
PR,4115804,Medianeira,Centro,centro,,,brasil_aberto,True
PR,4115804,Medianeira,Condá,conda,,,brasil_aberto,True
PR,4115804,Medianeira,Frimesa,frimesa,,,brasil_aberto,True
PR,4115804,Medianeira,Itaipu,itaipu,,,brasil_aberto,True
PR,4115804,Medianeira,Jardim Irene,jardim irene,,,brasil_aberto,True
PR,4115804,Medianeira,Maralúcia,maralucia,,,brasil_aberto,True
PR,4115804,Medianeira,Área Industrial,area industrial,,,brasil_aberto,True
PR,4115853,Mercedes,Centro,centro,,,brasil_aberto,True
PR,4116000,Miraselva,Centro,centro,,,brasil_aberto,True
PR,4116059,Missal,Centro,centro,,,brasil_aberto,True
PR,4116109,Moreira Sales,Centro,centro,-24.052039,-53.0118171,brasil_aberto,True
PR,4116109,Moreira Sales,Paraná d'Oeste,parana d'oeste,-24.0436779,-52.9385002,brasil_aberto,True
PR,4116208,Morretes,Centro,centro,-25.477731,-48.8323161,brasil_aberto,True
PR,4116208,Morretes,Porto de Cima,porto de cima,-25.4364314,-48.87616810000001,brasil_aberto,True
PR,4116307,Munhoz de Melo,Centro,centro,-23.1467332,-51.7732419,brasil_aberto,True
PR,4116307,Munhoz de Melo,Fernão Dias,fernao dias,-23.122886,-51.7110662,brasil_aberto,True
PR,4116406,Nossa Senhora das Graças,Centro,centro,-22.9148369,-51.7974025,brasil_aberto,True
PR,4116406,Nossa Senhora das Graças,Mendeslândia,mendeslandia,-22.8604106,-51.7725005,brasil_aberto,True
PR,4116505,Nova Aliança do Ivaí,Centro,centro,,,brasil_aberto,True
PR,4116604,Nova América da Colina,Centro,centro,-23.3312157,-50.7186883,brasil_aberto,True
PR,4116703,Nova Aurora,Centro,centro,,,brasil_aberto,True
PR,4116703,Nova Aurora,Marajó,marajo,-24.3653146,-53.2073009,brasil_aberto,True
PR,4116703,Nova Aurora,Palmitópolis,palmitopolis,-24.5748399,-53.3797565,brasil_aberto,True
PR,4116802,Nova Cantu,Centro,centro,-24.674001,-52.5719281,brasil_aberto,True
PR,4116802,Nova Cantu,Geremia Lunardelli,geremia lunardelli,-24.7256427,-52.6362891,brasil_aberto,True
PR,4116802,Nova Cantu,Santo Rei,santo rei,-24.6705849,-52.4546495,brasil_aberto,True
PR,4116901,Nova Esperança,Barão de Lucena,barao de lucena,,,brasil_aberto,True
PR,4116901,Nova Esperança,Centro,centro,-23.2483234,-52.2976538,brasil_aberto,True
PR,4116901,Nova Esperança,Ivaitinga,ivaitinga,,,brasil_aberto,True
PR,4116950,Nova Esperança do Sudoeste,Centro,centro,-25.9018372,-53.2603585,brasil_aberto,True
PR,4117057,Nova Laranjeiras,Bananas,bananas,-25.1288366,-52.6060851,brasil_aberto,True
PR,4117057,Nova Laranjeiras,Centro,centro,-25.3088803,-52.5356731,brasil_aberto,True
PR,4117057,Nova Laranjeiras,Guarani,guarani,-25.2147147,-52.6547496,brasil_aberto,True
PR,4117057,Nova Laranjeiras,Guaraí,guarai,-25.2193487,-52.4692743,brasil_aberto,True
PR,4117057,Nova Laranjeiras,Herveira,herveira,-25.2651225,-52.4593245,brasil_aberto,True
PR,4117057,Nova Laranjeiras,Rio da Prata,rio da prata,-25.1516483,-52.4603838,brasil_aberto,True
PR,4117107,Nova Londrina,Centro,centro,-22.7645759,-52.9841687,brasil_aberto,True
PR,4117107,Nova Londrina,Cintra Pimentel,cintra pimentel,-22.8465674,-52.91109969999999,brasil_aberto,True
PR,4117255,Nova Prata do Iguaçu,Centro,centro,,,brasil_aberto,True
PR,4117214,Nova Santa Bárbara,Centro,centro,,,brasil_aberto,True
PR,4117222,Nova Santa Rosa,Alto Santa Fé,alto santa fe,,,brasil_aberto,True
PR,4117222,Nova Santa Rosa,Centro,centro,,,brasil_aberto,True
PR,4117222,Nova Santa Rosa,Vila Cristal,vila cristal,,,brasil_aberto,True
PR,4117271,Nova Tebas,Centro,centro,-24.4395996,-51.94236249999999,brasil_aberto,True
PR,4117271,Nova Tebas,Poema,poema,-24.3349516,-51.9474346,brasil_aberto,True
PR,4117297,Novo Itacolomi,Centro,centro,,,brasil_aberto,True
PR,4117305,Ortigueira,Barreiro,barreiro,-24.1512557,-51.0195825,brasil_aberto,True
PR,4117305,Ortigueira,Caete,caete,,,brasil_aberto,True
PR,4117305,Ortigueira,Centro,centro,,,brasil_aberto,True
PR,4117305,Ortigueira,Lajeado Bonito,lajeado bonito,-24.1720986,-50.7677983,brasil_aberto,True
PR,4117305,Ortigueira,Monjolinho,monjolinho,-24.3645733,-50.8799667,brasil_aberto,True
PR,4117305,Ortigueira,Natingui,natingui,-24.0235878,-50.804687,brasil_aberto,True
PR,4117305,Ortigueira,Vista Alegre,vista alegre,,,brasil_aberto,True
PR,4117404,Ourizona,Centro,centro,,,brasil_aberto,True
PR,4117453,Ouro Verde do Oeste,Centro,centro,,,brasil_aberto,True
PR,4117503,Paiçandu,Centro,centro,-23.5000872,-52.1525003,brasil_aberto,True
PR,4117503,Paiçandu,Água Boa,agua boa,,,brasil_aberto,True
PR,4117602,Palmas,Centro,centro,,,brasil_aberto,True
PR,4117602,Palmas,Fortunato,fortunato,,,brasil_aberto,True
PR,4117602,Palmas,Francisco Frederico Teixeira Guimarães,francisco frederico teixeira guimaraes,,,brasil_aberto,True
PR,4117602,Palmas,Klubegi,klubegi,,,brasil_aberto,True
PR,4117701,Palmeira,Centro,centro,-25.4194388,-49.9999943,brasil_aberto,True
PR,4117701,Palmeira,Papagaios Novos,papagaios novos,-25.4086864,-50.1373659,brasil_aberto,True
PR,4117701,Palmeira,Queimadas,queimadas,,,brasil_aberto,True
PR,4117800,Palmital,Palmital,palmital,-24.8841552,-52.2107112,brasil_aberto,True
PR,4117909,Palotina,Centro,centro,,,brasil_aberto,True
PR,4117909,Palotina,Jardim Social,jardim social,,,brasil_aberto,True
PR,4117909,Palotina,Osvaldo Cruz,osvaldo cruz,,,brasil_aberto,True
PR,4117909,Palotina,Pôr do Sol,por do sol,,,brasil_aberto,True
PR,4117909,Palotina,São Camilo,sao camilo,,,brasil_aberto,True
PR,4117909,Palotina,União,uniao,,,brasil_aberto,True
PR,4118105,Paranacity,Centro,centro,-22.9323371,-52.15364229999999,brasil_aberto,True
PR,4118105,Paranacity,Florópolis,floropolis,-22.9322422,-52.1526254,brasil_aberto,True
PR,4118105,Paranacity,Vila Silva Jardim,vila silva jardim,-22.8606453,-52.085331,brasil_aberto,True
PR,4118204,Paranaguá,29 de Julho,29 de julho,-25.5140662,-48.5157612,brasil_aberto,True
PR,4118204,Paranaguá,Aeroporto,aeroporto,-25.5389304,-48.5324779,brasil_aberto,True
PR,4118204,Paranaguá,Alexandra,alexandra,-25.5545458,-48.6284381,brasil_aberto,True
PR,4118204,Paranaguá,Alto São Sebastião,alto sao sebastiao,-25.5164308,-48.5141027,brasil_aberto,True
PR,4118204,Paranaguá,Alvorada,alvorada,-25.5227897,-48.5254747,brasil_aberto,True
PR,4118204,Paranaguá,Bockmann,bockmann,-25.5178105,-48.5213986,brasil_aberto,True
PR,4118204,Paranaguá,Campo Grande,campo grande,-25.5235592,-48.5134172,brasil_aberto,True
PR,4118204,Paranaguá,Centro Histórico,centro historico,-25.5241721,-48.5138381,brasil_aberto,True
PR,4118204,Paranaguá,Colônia Pereira,colonia pereira,-25.69197,-48.57433,brasil_aberto,True
PR,4118204,Paranaguá,Colônia Santa Rita,colonia santa rita,-25.5489949,-48.5605173,brasil_aberto,True
PR,4118204,Paranaguá,Conjunto Nilson Neves,conjunto nilson neves,-25.5660722,-48.5622092,brasil_aberto,True
PR,4118204,Paranaguá,Conjunto Residencial Moradias Porto Seguro,conjunto residencial moradias porto seguro,-25.5839694,-48.5625964,brasil_aberto,True
PR,4118204,Paranaguá,Conjunto Residencial Prefeito Cominese,conjunto residencial prefeito cominese,-25.5701933,-48.5685487,brasil_aberto,True
PR,4118204,Paranaguá,Correia Velho,correia velho,-25.5271027,-48.5329737,brasil_aberto,True
PR,4118204,Paranaguá,Costeira,costeira,-25.5091751,-48.5095535,brasil_aberto,True
PR,4118204,Paranaguá,Divinéia,divineia,-25.5583274,-48.5550813,brasil_aberto,True
PR,4118204,Paranaguá,Dom Pedro II,dom pedro ii,-25.504365,-48.5236477,brasil_aberto,True
PR,4118204,Paranaguá,Eldorado,eldorado,-25.5292548,-48.5220221,brasil_aberto,True
PR,4118204,Paranaguá,Emboguaçu,emboguacu,-25.5354322,-48.5331596,brasil_aberto,True
PR,4118204,Paranaguá,Estradinha,estradinha,-25.5248746,-48.5175308,brasil_aberto,True
PR,4118204,Paranaguá,Europa,europa,-25.515148,-48.5224133,brasil_aberto,True
PR,4118204,Paranaguá,Ilha Encantada,ilha encantada,-25.515148,-48.5224133,brasil_aberto,True
PR,4118204,Paranaguá,Ilha de Eufrasina,ilha de eufrasina,-25.4609235,-48.5763918,brasil_aberto,True
PR,4118204,Paranaguá,Ilha de São Miguel,ilha de sao miguel,-25.5608138,-48.5620707,brasil_aberto,True
PR,4118204,Paranaguá,Ilha do Amparo,ilha do amparo,-25.4701826,-48.5082846,brasil_aberto,True
PR,4118204,Paranaguá,Ilha do Mel,ilha do mel,-25.5161867,-48.3339796,brasil_aberto,True
PR,4118204,Paranaguá,Ilha do Teixeira,ilha do teixeira,-25.4941667,-48.6461111,brasil_aberto,True
PR,4118204,Paranaguá,Ilha dos Valadares,ilha dos valadares,-25.5306719,-48.503401,brasil_aberto,True
PR,4118204,Paranaguá,Industrial,industrial,-25.5164391,-48.5226076,brasil_aberto,True
PR,4118204,Paranaguá,Itinga,itinga,-25.515148,-48.5224133,brasil_aberto,True
PR,4118204,Paranaguá,Jardim América,jardim america,-25.54803,-48.5447062,brasil_aberto,True
PR,4118204,Paranaguá,Jardim Araçá,jardim araca,-25.5257753,-48.5350836,brasil_aberto,True
PR,4118204,Paranaguá,Jardim Esperança,jardim esperanca,-25.5722807,-48.5757284,brasil_aberto,True
PR,4118204,Paranaguá,Jardim Guaraituba,jardim guaraituba,-25.54426,-48.5376243,brasil_aberto,True
PR,4118204,Paranaguá,Jardim Iguaçu,jardim iguacu,-25.5344866,-48.5467321,brasil_aberto,True
PR,4118204,Paranaguá,Jardim Jacarandá,jardim jacaranda,-25.5746274,-48.5663474,brasil_aberto,True
PR,4118204,Paranaguá,Jardim Ouro Fino,jardim ouro fino,-25.5810635,-48.5691325,brasil_aberto,True
PR,4118204,Paranaguá,Jardim Paranaguá,jardim paranagua,-25.5729171,-48.5718933,brasil_aberto,True
PR,4118204,Paranaguá,Jardim Paraná,jardim parana,-25.5912774,-48.5723809,brasil_aberto,True
PR,4118204,Paranaguá,Jardim Samambaia,jardim samambaia,-25.5584748,-48.5587946,brasil_aberto,True
PR,4118204,Paranaguá,Jardim Vale do Sol,jardim vale do sol,-25.5795059,-48.5768394,brasil_aberto,True
PR,4118204,Paranaguá,João Gualberto,joao gualberto,-25.517617,-48.50928,brasil_aberto,True
PR,4118204,Paranaguá,Leblon,leblon,-25.5152417,-48.51876499999999,brasil_aberto,True
PR,4118204,Paranaguá,Loteamento Yamaguchi,loteamento yamaguchi,-25.5624096,-48.5592936,brasil_aberto,True
PR,4118204,Paranaguá,Maria Luiza,maria luiza,-25.6226605,-48.6006741,brasil_aberto,True
PR,4118204,Paranaguá,Morro Inglês,morro ingles,-25.5814244,-48.6496153,brasil_aberto,True
PR,4118204,Paranaguá,Oceania,oceania,-25.5120299,-48.5002148,brasil_aberto,True
PR,4118204,Paranaguá,Padre Jackson,padre jackson,-25.5177652,-48.5443613,brasil_aberto,True
PR,4118204,Paranaguá,Palmital,palmital,-25.5261701,-48.518535,brasil_aberto,True
PR,4118204,Paranaguá,Parque Agari,parque agari,-25.5635528,-48.5707697,brasil_aberto,True
PR,4118204,Paranaguá,Parque São João,parque sao joao,-25.5471458,-48.5490631,brasil_aberto,True
PR,4118204,Paranaguá,Piassuguera,piassuguera,-25.4789411,-48.4770788,brasil_aberto,True
PR,4118204,Paranaguá,Ponta do Caju,ponta do caju,-25.5243132,-48.5109146,brasil_aberto,True
PR,4118204,Paranaguá,Ponta do Pasto,ponta do pasto,-25.515148,-48.5224133,brasil_aberto,True
PR,4118204,Paranaguá,Porto dos Padres,porto dos padres,-25.5217622,-48.5401344,brasil_aberto,True
PR,4118204,Paranaguá,Raia,raia,-25.5204768,-48.5177566,brasil_aberto,True
PR,4118204,Paranaguá,Rio das Pedras,rio das pedras,-25.5337077,-48.6503303,brasil_aberto,True
PR,4118204,Paranaguá,Rio das Pombas,rio das pombas,-25.515148,-48.5224133,brasil_aberto,True
PR,4118204,Paranaguá,Rocio,rocio,-25.5076938,-48.5300813,brasil_aberto,True
PR,4118204,Paranaguá,Serraria do Rocha,serraria do rocha,-25.5192049,-48.5296683,brasil_aberto,True
PR,4118204,Paranaguá,São Luiz,sao luiz,-25.515148,-48.5224133,brasil_aberto,True
PR,4118204,Paranaguá,Tambarutaca,tambarutaca,-25.515148,-48.5224133,brasil_aberto,True
PR,4118204,Paranaguá,Tuiuti,tuiuti,-25.5208156,-48.5133093,brasil_aberto,True
PR,4118204,Paranaguá,Vila Alboitt,vila alboitt,-25.5110022,-48.524881,brasil_aberto,True
PR,4118204,Paranaguá,Vila Cruzeiro,vila cruzeiro,-25.5164889,-48.5359758,brasil_aberto,True
PR,4118204,Paranaguá,Vila Garcia,vila garcia,-25.5833455,-48.5764354,brasil_aberto,True
PR,4118204,Paranaguá,Vila Guadalupe,vila guadalupe,-25.5056069,-48.52309940000001,brasil_aberto,True
PR,4118204,Paranaguá,Vila Guarani,vila guarani,-25.5167468,-48.5406816,brasil_aberto,True
PR,4118204,Paranaguá,Vila Horizonte,vila horizonte,-25.5362333,-48.5310005,brasil_aberto,True
PR,4118204,Paranaguá,Vila Itiberê,vila itibere,-25.5330625,-48.5208754,brasil_aberto,True
PR,4118204,Paranaguá,Vila Nova Primavera,vila nova primavera,-25.515148,-48.5224133,brasil_aberto,True
PR,4118204,Paranaguá,Vila Paranaguá,vila paranagua,-25.5257409,-48.5308426,brasil_aberto,True
PR,4118204,Paranaguá,Vila Portuaria,vila portuaria,-25.5077723,-48.5329619,brasil_aberto,True
PR,4118204,Paranaguá,Vila Rute,vila rute,-25.513077,-48.5324786,brasil_aberto,True
PR,4118204,Paranaguá,Vila São Carlos,vila sao carlos,-23.5575557,-51.4742828,brasil_aberto,True
PR,4118204,Paranaguá,Vila São Jorge,vila sao jorge,-25.5511355,-48.5551832,brasil_aberto,True
PR,4118204,Paranaguá,Vila São Vicente,vila sao vicente,-25.5396995,-48.5258199,brasil_aberto,True
PR,4118204,Paranaguá,Vila do Caic,vila do caic,-25.5649049,-48.56058,brasil_aberto,True
PR,4118204,Paranaguá,Vila do Povo,vila do povo,-25.5196753,-48.5362237,brasil_aberto,True
PR,4118204,Paranaguá,Vila dos Comerciários,vila dos comerciarios,-25.568429,-48.5651839,brasil_aberto,True
PR,4118204,Paranaguá,Área Rural de Paranaguá,area rural de paranagua,-25.515148,-48.5224133,brasil_aberto,True
PR,4118303,Paranapoema,Centro,centro,,,brasil_aberto,True
PR,4118402,Paranavaí,Cabrito,cabrito,-23.1207562,-52.72179509999999,brasil_aberto,True
PR,4118402,Paranavaí,Catarinenses,catarinenses,-23.0246261,-52.673046,brasil_aberto,True
PR,4118402,Paranavaí,Centro,centro,-23.0840563,-52.4687801,brasil_aberto,True
PR,4118402,Paranavaí,Chácara José S. Leite,chacara jose s. leite,-23.0592844,-52.4633896,brasil_aberto,True
PR,4118402,Paranavaí,Chácaras Jaraguá,chacaras jaragua,-23.0604736,-52.4219419,brasil_aberto,True
PR,4118402,Paranavaí,Conjunto Dona Josefa,conjunto dona josefa,-23.0980669,-52.4483792,brasil_aberto,True
PR,4118402,Paranavaí,Conjunto Flávio Ettore Giovine,conjunto flavio ettore giovine,-23.0846344,-52.4331583,brasil_aberto,True
PR,4118402,Paranavaí,Conjunto Habitacional Sumaré (Sumaré),conjunto habitacional sumare (sumare),-23.0693457,-52.414148,brasil_aberto,True
PR,4118402,Paranavaí,Conjunto Tânia Mara Vieira,conjunto tania mara vieira,-23.0988167,-52.4494025,brasil_aberto,True
PR,4118402,Paranavaí,Cristo Rei,cristo rei,-23.1038045,-52.4515675,brasil_aberto,True
PR,4118402,Paranavaí,Deputado José Afonso,deputado jose afonso,-23.1168548,-52.706824,brasil_aberto,True
PR,4118402,Paranavaí,Distrito Industrial (Sumaré),distrito industrial (sumare),-23.0796216,-52.4043263,brasil_aberto,True
PR,4118402,Paranavaí,Distrito Sumaré (Sumaré),distrito sumare (sumare),-23.0743903,-52.4093189,brasil_aberto,True
PR,4118402,Paranavaí,Graciosa,graciosa,-23.0558382,-52.59591289999999,brasil_aberto,True
PR,4118402,Paranavaí,Hélio Lopes,helio lopes,-23.1061758,-52.4529105,brasil_aberto,True
PR,4118402,Paranavaí,Jardim Aeroporto,jardim aeroporto,-23.0864737,-52.4534717,brasil_aberto,True
PR,4118402,Paranavaí,Jardim Alvorada,jardim alvorada,-23.0889101,-52.4524884,brasil_aberto,True
PR,4118402,Paranavaí,Jardim Alvorada do Sul,jardim alvorada do sul,-23.0875457,-52.4473073,brasil_aberto,True
PR,4118402,Paranavaí,Jardim Alvorada do Sul I,jardim alvorada do sul i,-23.0824578,-52.4545004,brasil_aberto,True
PR,4118402,Paranavaí,Jardim América,jardim america,-23.0805916,-52.4517152,brasil_aberto,True
PR,4118402,Paranavaí,Jardim André Luiz,jardim andre luiz,-23.094632,-52.4537161,brasil_aberto,True
PR,4118402,Paranavaí,Jardim Asa Branca,jardim asa branca,-23.0703711,-52.464942,brasil_aberto,True
PR,4118402,Paranavaí,Jardim Avaré,jardim avare,-23.0895494,-52.4702451,brasil_aberto,True
PR,4118402,Paranavaí,Jardim Belo Horizonte,jardim belo horizonte,-23.091064,-52.4678322,brasil_aberto,True
PR,4118402,Paranavaí,Jardim Campo Belo,jardim campo belo,-23.0961336,-52.4640914,brasil_aberto,True
PR,4118402,Paranavaí,Jardim Campo Grande,jardim campo grande,-23.0823311,-52.4713302,brasil_aberto,True
PR,4118402,Paranavaí,Jardim Canadá,jardim canada,-23.0883615,-52.4581591,brasil_aberto,True
PR,4118402,Paranavaí,Jardim Central,jardim central,-23.0711063,-52.4727515,brasil_aberto,True
PR,4118402,Paranavaí,Jardim Curitiba,jardim curitiba,-23.0855909,-52.4569779,brasil_aberto,True
PR,4118402,Paranavaí,Jardim Ereni (Sumaré),jardim ereni (sumare),-23.1071607,-52.448583,brasil_aberto,True
PR,4118402,Paranavaí,Jardim Estrela,jardim estrela,-23.0926382,-52.4529483,brasil_aberto,True
PR,4118402,Paranavaí,Jardim Europa,jardim europa,-23.1144362,-52.4770567,brasil_aberto,True
PR,4118402,Paranavaí,Jardim Farropilha,jardim farropilha,-23.0891534,-52.45562,brasil_aberto,True
PR,4118402,Paranavaí,Jardim Guanabara,jardim guanabara,-23.0699757,-52.4705275,brasil_aberto,True
PR,4118402,Paranavaí,Jardim Ibirapuera,jardim ibirapuera,-23.0785449,-52.4492118,brasil_aberto,True
PR,4118402,Paranavaí,Jardim Iguaçu,jardim iguacu,-23.0797282,-52.4480108,brasil_aberto,True
PR,4118402,Paranavaí,Jardim Ipê,jardim ipe,-23.0894697,-52.4391421,brasil_aberto,True
PR,4118402,Paranavaí,Jardim Itália,jardim italia,-23.0669453,-52.4140002,brasil_aberto,True
PR,4118402,Paranavaí,Jardim Itália II,jardim italia ii,-23.4536991,-51.9428056,brasil_aberto,True
PR,4118402,Paranavaí,Jardim Jequetibá,jardim jequetiba,-23.1029799,-52.4735536,brasil_aberto,True
PR,4118402,Paranavaí,Jardim Joelsa,jardim joelsa,-23.0644026,-52.4339994,brasil_aberto,True
PR,4118402,Paranavaí,Jardim Maravilha,jardim maravilha,-23.070042,-52.4618694,brasil_aberto,True
PR,4118402,Paranavaí,Jardim Marcela,jardim marcela,-23.0703509,-52.4423153,brasil_aberto,True
PR,4118402,Paranavaí,Jardim Maringá,jardim maringa,-23.0773605,-52.4789187,brasil_aberto,True
PR,4118402,Paranavaí,Jardim Monções,jardim moncoes,-23.0865132,-52.4479354,brasil_aberto,True
PR,4118402,Paranavaí,Jardim Morada do Sol,jardim morada do sol,-23.0440139,-52.4531186,brasil_aberto,True
PR,4118402,Paranavaí,Jardim Nakamura,jardim nakamura,-23.0862933,-52.4640167,brasil_aberto,True
PR,4118402,Paranavaí,Jardim Nossa Senhora de Fátima,jardim nossa senhora de fatima,-23.0916499,-52.4623648,brasil_aberto,True
PR,4118402,Paranavaí,Jardim Novo Horizonte,jardim novo horizonte,-23.0919127,-52.4638472,brasil_aberto,True
PR,4118402,Paranavaí,Jardim Novo Ouro Branco,jardim novo ouro branco,-23.0987163,-52.4532387,brasil_aberto,True
PR,4118402,Paranavaí,Jardim Ouro Branco,jardim ouro branco,-23.0749649,-52.4549864,brasil_aberto,True
PR,4118402,Paranavaí,Jardim Oásis,jardim oasis,-23.0564943,-52.4586483,brasil_aberto,True
PR,4118402,Paranavaí,Jardim Panorama,jardim panorama,-23.0911065,-52.4488874,brasil_aberto,True
PR,4118402,Paranavaí,Jardim Paranavaí,jardim paranavai,-23.0913735,-52.4651188,brasil_aberto,True
PR,4118402,Paranavaí,Jardim Paraíso,jardim paraiso,-23.0862431,-52.45822399999999,brasil_aberto,True
PR,4118402,Paranavaí,Jardim Paulista,jardim paulista,-23.0852713,-52.4741675,brasil_aberto,True
PR,4118402,Paranavaí,Jardim Progresso,jardim progresso,-23.0866293,-52.4715575,brasil_aberto,True
PR,4118402,Paranavaí,Jardim Prudente,jardim prudente,-23.0733979,-52.4661427,brasil_aberto,True
PR,4118402,Paranavaí,Jardim Renascer,jardim renascer,-23.1038045,-52.4515675,brasil_aberto,True
PR,4118402,Paranavaí,Jardim San Fernando,jardim san fernando,-23.045047,-52.4732211,brasil_aberto,True
PR,4118402,Paranavaí,Jardim Santa Cecília,jardim santa cecilia,-23.0755116,-52.4701802,brasil_aberto,True
PR,4118402,Paranavaí,Jardim Santa Eugênia,jardim santa eugenia,-23.0841061,-52.45787199999999,brasil_aberto,True
PR,4118402,Paranavaí,Jardim Santos Dumont,jardim santos dumont,-23.0809947,-52.4450404,brasil_aberto,True
PR,4118402,Paranavaí,Jardim Satélite,jardim satelite,-23.0971205,-52.4654694,brasil_aberto,True
PR,4118402,Paranavaí,Jardim Simara,jardim simara,-23.0875457,-52.4473073,brasil_aberto,True
PR,4118402,Paranavaí,Jardim Simoni I,jardim simoni i,-23.0954971,-52.4589149,brasil_aberto,True
PR,4118402,Paranavaí,Jardim São Cristóvão,jardim sao cristovao,-23.0949984,-52.4595376,brasil_aberto,True
PR,4118402,Paranavaí,Jardim São Jorge,jardim sao jorge,-23.0985992,-52.4870358,brasil_aberto,True
PR,4118402,Paranavaí,Jardim São João,jardim sao joao,-23.0785517,-52.4606876,brasil_aberto,True
PR,4118402,Paranavaí,Jardim São Luiz,jardim sao luiz,-23.0736782,-52.4696994,brasil_aberto,True
PR,4118402,Paranavaí,Jardim Vania,jardim vania,-23.0907631,-52.451336,brasil_aberto,True
PR,4118402,Paranavaí,Jardim Vera Cruz,jardim vera cruz,-23.0858498,-52.467681,brasil_aberto,True
PR,4118402,Paranavaí,Jardim Videira,jardim videira,-23.0952703,-52.4681616,brasil_aberto,True
PR,4118402,Paranavaí,Jardim das Américas (Sumaré),jardim das americas (sumare),-23.067915,-52.4196722,brasil_aberto,True
PR,4118402,Paranavaí,Jardim das Nações,jardim das nacoes,-23.0566138,-52.4601128,brasil_aberto,True
PR,4118402,Paranavaí,Jardim das Oliveiras,jardim das oliveiras,-23.0655062,-52.4346886,brasil_aberto,True
PR,4118402,Paranavaí,Jardim das Palmeiras,jardim das palmeiras,-23.0738305,-52.4387398,brasil_aberto,True
PR,4118402,Paranavaí,Jardim do Sol,jardim do sol,-23.0874025,-52.4563189,brasil_aberto,True
PR,4118402,Paranavaí,Los Angeles,los angeles,-23.0624874,-52.4523873,brasil_aberto,True
PR,4118402,Paranavaí,Mandiocaba,mandiocaba,-23.0134741,-52.6063779,brasil_aberto,True
PR,4118402,Paranavaí,Monte Cristo,monte cristo,-23.0694127,-52.4351387,brasil_aberto,True
PR,4118402,Paranavaí,Paineiras,paineiras,-23.1038045,-52.4515675,brasil_aberto,True
PR,4118402,Paranavaí,Parque Marumbi,parque marumbi,-23.0515588,-52.4671591,brasil_aberto,True
PR,4118402,Paranavaí,Parque Morumbi,parque morumbi,-23.06161,-52.4691246,brasil_aberto,True
PR,4118402,Paranavaí,Parque dos Ipês,parque dos ipes,-23.1048138,-52.4735399,brasil_aberto,True
PR,4118402,Paranavaí,Piracema,piracema,-22.9838431,-52.5674717,brasil_aberto,True
PR,4118402,Paranavaí,Residencial Amélia Maria Jakovozzi,residencial amelia maria jakovozzi,-23.0754447,-52.4741049,brasil_aberto,True
PR,4118402,Paranavaí,Residencial Campestre,residencial campestre,-23.0542034,-52.4753866,brasil_aberto,True
PR,4118402,Paranavaí,Residencial Canaã,residencial canaa,-23.1144362,-52.4770567,brasil_aberto,True
PR,4118402,Paranavaí,Residencial Fazenda Simone,residencial fazenda simone,-23.0973347,-52.4584475,brasil_aberto,True
PR,4118402,Paranavaí,Residencial Francisco Luiz de Assis,residencial francisco luiz de assis,-23.1120012,-52.4798486,brasil_aberto,True
PR,4118402,Paranavaí,Residencial Geraldo Felipe,residencial geraldo felipe,-23.1144362,-52.4770567,brasil_aberto,True
PR,4118402,Paranavaí,Residencial Laranjeiras,residencial laranjeiras,-23.1038045,-52.4515675,brasil_aberto,True
PR,4118402,Paranavaí,Residencial Luiz Lorenzetti,residencial luiz lorenzetti,-23.0733979,-52.4661427,brasil_aberto,True
PR,4118402,Paranavaí,Residencial Miotto,residencial miotto,-23.0753403,-52.4749891,brasil_aberto,True
PR,4118402,Paranavaí,Residencial Paranavaí III,residencial paranavai iii,-23.1076693,-52.4526255,brasil_aberto,True
PR,4118402,Paranavaí,Residencial Porto Seguro,residencial porto seguro,-23.0818946,-52.4624412,brasil_aberto,True
PR,4118402,Paranavaí,Residencial Santa Maria,residencial santa maria,-23.1106551,-52.4907792,brasil_aberto,True
PR,4118402,Paranavaí,Residencial Vila Operária II,residencial vila operaria ii,-23.1012167,-52.4455377,brasil_aberto,True
PR,4118402,Paranavaí,Sol Nascente,sol nascente,-23.1061758,-52.4529105,brasil_aberto,True
PR,4118402,Paranavaí,Subdivisão do Lote 19-A,subdivisao do lote 19-a,-23.0818946,-52.4624412,brasil_aberto,True
PR,4118402,Paranavaí,São Cristovão,sao cristovao,-23.0824086,-52.4419926,brasil_aberto,True
PR,4118402,Paranavaí,São Pedro,sao pedro,,,brasil_aberto,True
PR,4118402,Paranavaí,Vila Alta,vila alta,-23.0998692,-52.4456652,brasil_aberto,True
PR,4118402,Paranavaí,Vila Argus,vila argus,-23.0723,-52.4421232,brasil_aberto,True
PR,4118402,Paranavaí,Vila City,vila city,-23.0782453,-52.4692814,brasil_aberto,True
PR,4118402,Paranavaí,Vila Mariana,vila mariana,-25.464132,-49.1448952,brasil_aberto,True
PR,4118402,Paranavaí,Vila Nova,vila nova,-23.1046568,-52.4500309,brasil_aberto,True
PR,4118402,Paranavaí,Vila Operária,vila operaria,-23.0996024,-52.4524361,brasil_aberto,True
PR,4118402,Paranavaí,Vila Prudêncio,vila prudencio,-23.0727998,-52.466508,brasil_aberto,True
PR,4118402,Paranavaí,Vila São Vicente,vila sao vicente,-23.0908997,-52.4799452,brasil_aberto,True
PR,4118402,Paranavaí,Vila Terezinha,vila terezinha,-23.0670728,-52.4287892,brasil_aberto,True
PR,4118402,Paranavaí,Vila Yara,vila yara,-23.0706133,-52.4654192,brasil_aberto,True
PR,4118402,Paranavaí,Área Rural de Paranavaí,area rural de paranavai,-25.6602355,-49.0535097,brasil_aberto,True
PR,4118006,Paraíso do Norte,Centro,centro,-23.2852947,-52.6034678,brasil_aberto,True
PR,4118451,Pato Bragado,Centro,centro,,,brasil_aberto,True
PR,4118501,Pato Branco,Aeroporto,aeroporto,-26.2195839,-52.6895834,brasil_aberto,True
PR,4118501,Pato Branco,Alto da Glória,alto da gloria,-26.2356925,-52.7112396,brasil_aberto,True
PR,4118501,Pato Branco,Alvorada,alvorada,-26.2694441,-52.6823215,brasil_aberto,True
PR,4118501,Pato Branco,Amadori,amadori,-26.232326,-52.6804024,brasil_aberto,True
PR,4118501,Pato Branco,Anchieta,anchieta,-26.2251885,-52.68432,brasil_aberto,True
PR,4118501,Pato Branco,Baixada,baixada,-26.2370167,-52.6731209,brasil_aberto,True
PR,4118501,Pato Branco,Bancários,bancarios,-26.2232884,-52.6644215,brasil_aberto,True
PR,4118501,Pato Branco,Bela Vista,bela vista,-26.2392828,-52.6978851,brasil_aberto,True
PR,4118501,Pato Branco,Boa Vista,boa vista,-26.228901,-52.6716223,brasil_aberto,True
PR,4118501,Pato Branco,Bom Retiro,bom retiro,-26.228901,-52.6716223,brasil_aberto,True
PR,4118501,Pato Branco,Bonatto,bonatto,-26.2460083,-52.6661999,brasil_aberto,True
PR,4118501,Pato Branco,Bortot,bortot,-26.2134763,-52.6765808,brasil_aberto,True
PR,4118501,Pato Branco,Brasília,brasilia,-26.2172184,-52.6732886,brasil_aberto,True
PR,4118501,Pato Branco,Cachoeirinha,cachoeirinha,-26.228901,-52.6716223,brasil_aberto,True
PR,4118501,Pato Branco,Cadorin,cadorin,-26.222005,-52.6589239,brasil_aberto,True
PR,4118501,Pato Branco,Centro,centro,-26.2270755,-52.6681912,brasil_aberto,True
PR,4118501,Pato Branco,Colônia Dom Carlos,colonia dom carlos,-26.2466204,-52.6776401,brasil_aberto,True
PR,4118501,Pato Branco,Cristo Rei,cristo rei,-26.2478343,-52.6764172,brasil_aberto,True
PR,4118501,Pato Branco,Dal' Ross,dal' ross,-26.2467946,-52.6967469,brasil_aberto,True
PR,4118501,Pato Branco,Encruzilhada,encruzilhada,-26.2756277,-52.6826625,brasil_aberto,True
PR,4118501,Pato Branco,Fraron,fraron,-26.1968388,-52.68944699999999,brasil_aberto,True
PR,4118501,Pato Branco,Gralha Azul,gralha azul,-26.2718637,-52.6756352,brasil_aberto,True
PR,4118501,Pato Branco,Independência,independencia,-26.228901,-52.6716223,brasil_aberto,True
PR,4118501,Pato Branco,Industrial,industrial,-17.8266589,-51.7854436,brasil_aberto,True
PR,4118501,Pato Branco,Jardim Floresta,jardim floresta,-26.2508929,-52.6923517,brasil_aberto,True
PR,4118501,Pato Branco,Jardim Primavera,jardim primavera,-26.2295984,-52.6898851,brasil_aberto,True
PR,4118501,Pato Branco,Jardim das Américas,jardim das americas,-26.2300416,-52.6788272,brasil_aberto,True
PR,4118501,Pato Branco,La Salle,la salle,-26.2336065,-52.6601184,brasil_aberto,True
PR,4118501,Pato Branco,Menino Deus,menino deus,-26.2377897,-52.6898102,brasil_aberto,True
PR,4118501,Pato Branco,Morumbi,morumbi,-26.2543027,-52.6830832,brasil_aberto,True
PR,4118501,Pato Branco,Nossa Senhora do Carmo,nossa senhora do carmo,-26.228901,-52.6716223,brasil_aberto,True
PR,4118501,Pato Branco,Novo Horizonte,novo horizonte,-26.2525669,-52.66707,brasil_aberto,True
PR,4118501,Pato Branco,Pagnoncelli,pagnoncelli,-26.2320305,-52.6900398,brasil_aberto,True
PR,4118501,Pato Branco,Parque do Som,parque do som,-26.235888,-52.6535646,brasil_aberto,True
PR,4118501,Pato Branco,Parzianello,parzianello,-26.2263503,-52.6649938,brasil_aberto,True
PR,4118501,Pato Branco,Passo da Ilha,passo da ilha,-26.246269,-52.591581,brasil_aberto,True
PR,4118501,Pato Branco,Pinheirinho,pinheirinho,-26.248719,-52.680584,brasil_aberto,True
PR,4118501,Pato Branco,Pinheiros,pinheiros,-26.2200065,-52.662243,brasil_aberto,True
PR,4118501,Pato Branco,Planalto,planalto,-26.2391958,-52.7022449,brasil_aberto,True
PR,4118501,Pato Branco,Quebra Freio,quebra freio,-26.228901,-52.6716223,brasil_aberto,True
PR,4118501,Pato Branco,Sambugaro,sambugaro,-26.2259641,-52.6805414,brasil_aberto,True
PR,4118501,Pato Branco,Santa Rita,santa rita,-26.2570258,-52.6756276,brasil_aberto,True
PR,4118501,Pato Branco,Santa Terezinha,santa terezinha,-26.2377926,-52.6769937,brasil_aberto,True
PR,4118501,Pato Branco,Santo Antônio,santo antonio,-26.2610751,-52.6771744,brasil_aberto,True
PR,4118501,Pato Branco,Sudoeste,sudoeste,-26.2567961,-52.6723347,brasil_aberto,True
PR,4118501,Pato Branco,São Braz,sao braz,-26.228901,-52.6716223,brasil_aberto,True
PR,4118501,Pato Branco,São Cristóvão,sao cristovao,-26.2648291,-52.6895406,brasil_aberto,True
PR,4118501,Pato Branco,São Francisco,sao francisco,-26.2015263,-52.6800835,brasil_aberto,True
PR,4118501,Pato Branco,São Gotardo,sao gotardo,-26.228901,-52.6716223,brasil_aberto,True
PR,4118501,Pato Branco,São João,sao joao,-26.2320836,-52.7176735,brasil_aberto,True
PR,4118501,Pato Branco,São Luiz,sao luiz,-26.2086279,-52.6685082,brasil_aberto,True
PR,4118501,Pato Branco,São Roque,sao roque,-26.2548362,-52.6858108,brasil_aberto,True
PR,4118501,Pato Branco,São Roque do Chopim,sao roque do chopim,-26.0926218,-52.6472369,brasil_aberto,True
PR,4118501,Pato Branco,São Vicente,sao vicente,-26.2432671,-52.6707892,brasil_aberto,True
PR,4118501,Pato Branco,Teolândia,teolandia,-26.1591841,-52.7740647,brasil_aberto,True
PR,4118501,Pato Branco,Tiradentes,tiradentes,-26.2611078,-52.6784984,brasil_aberto,True
PR,4118501,Pato Branco,Trevo da Guarany,trevo da guarany,-26.2203405,-52.6832741,brasil_aberto,True
PR,4118501,Pato Branco,Veneza,veneza,-26.2556267,-52.6706762,brasil_aberto,True
PR,4118501,Pato Branco,Vila Esperança,vila esperanca,-26.2187165,-52.6819645,brasil_aberto,True
PR,4118501,Pato Branco,Vila Isabel,vila isabel,-26.2101435,-52.6666085,brasil_aberto,True
PR,4118501,Pato Branco,Vila dos Roldos,vila dos roldos,-26.228901,-52.6716223,brasil_aberto,True
PR,4118501,Pato Branco,Área Rural de Pato Branco,area rural de pato branco,-26.228901,-52.6716223,brasil_aberto,True
PR,4118600,Paula Freitas,Centro,centro,-26.210232,-50.9319566,brasil_aberto,True
PR,4118600,Paula Freitas,Rondinha,rondinha,-26.1659582,-50.9043041,brasil_aberto,True
PR,4118709,Paulo Frontin,Centro,centro,-26.0410516,-50.8319953,brasil_aberto,True
PR,4118709,Paulo Frontin,Vera Guarani,vera guarani,-26.0311309,-50.7773095,brasil_aberto,True
PR,4118808,Peabiru,Centro,centro,-23.9157153,-52.3470368,brasil_aberto,True
PR,4118857,Perobal,Cedro,cedro,-23.8912281,-53.4759109,brasil_aberto,True
PR,4118857,Perobal,Centro,centro,,,brasil_aberto,True
PR,4119152,Pinhais,Alphaville Graciosa,alphaville graciosa,-25.3920775,-49.1625468,brasil_aberto,True
PR,4119152,Pinhais,Alto Tarumã,alto taruma,-25.4159604,-49.1778175,brasil_aberto,True
PR,4119152,Pinhais,Atuba,atuba,-25.3968205,-49.1855028,brasil_aberto,True
PR,4119152,Pinhais,Centro,centro,-25.4421929,-49.1873515,brasil_aberto,True
PR,4119152,Pinhais,Emiliano Perneta,emiliano perneta,-25.4126451,-49.188864,brasil_aberto,True
PR,4119152,Pinhais,Estância Pinhais,estancia pinhais,-25.4368723,-49.1981687,brasil_aberto,True
PR,4119152,Pinhais,Jardim Amélia,jardim amelia,-25.4361474,-49.1556938,brasil_aberto,True
PR,4119152,Pinhais,Jardim Cláudia,jardim claudia,-25.3982532,-49.1810599,brasil_aberto,True
PR,4119152,Pinhais,Jardim Karla,jardim karla,-25.4106858,-49.1497008,brasil_aberto,True
PR,4119152,Pinhais,Maria Antonieta,maria antonieta,-25.4428816,-49.1562534,brasil_aberto,True
PR,4119152,Pinhais,Parque das Nascentes,parque das nascentes,-25.3979868,-49.1476423,brasil_aberto,True
PR,4119152,Pinhais,Pineville,pineville,-25.4321666,-49.1748245,brasil_aberto,True
PR,4119152,Pinhais,Vargem Grande,vargem grande,-25.4465894,-49.1672966,brasil_aberto,True
PR,4119152,Pinhais,Vila Palmital,vila palmital,,,brasil_aberto,True
PR,4119152,Pinhais,Weissópolis,weissopolis,-25.4497091,-49.1898932,brasil_aberto,True
PR,4119152,Pinhais,Área Rural de Pinhais,area rural de pinhais,-25.4323659,-49.1933233,brasil_aberto,True
PR,4119251,Pinhal de São Bento,Centro,centro,,,brasil_aberto,True
PR,4119251,Pinhal de São Bento,Nova Riqueza,nova riqueza,-26.0322915,-53.4836205,brasil_aberto,True
PR,4119202,Pinhalão,Centro,centro,-23.7892393,-50.0579735,brasil_aberto,True
PR,4119202,Pinhalão,Lavrinha,lavrinha,-23.8929534,-50.0662708,brasil_aberto,True
PR,4119301,Pinhão,Bom Retiro,bom retiro,-25.698674,-51.38434549999999,brasil_aberto,True
PR,4119301,Pinhão,Centro,centro,,,brasil_aberto,True
PR,4119301,Pinhão,Faxinal do Céu,faxinal do ceu,-25.9053757,-51.5962946,brasil_aberto,True
PR,4119301,Pinhão,Pinhalzinho,pinhalzinho,-25.845661,-51.4099625,brasil_aberto,True
PR,4119301,Pinhão,São Roque,sao roque,-25.6962063,-51.6567939,brasil_aberto,True
PR,4119509,Piraquara,Borda do Campo,borda do campo,-25.4139547,-49.0611275,brasil_aberto,True
PR,4119509,Piraquara,Capoeira dos Dinos,capoeira dos dinos,-25.4826377,-49.0479065,brasil_aberto,True
PR,4119509,Piraquara,Cayva,cayva,-25.4239494,-49.0623559,brasil_aberto,True
PR,4119509,Piraquara,Centro,centro,-25.4421415,-49.0596708,brasil_aberto,True
PR,4119509,Piraquara,Chácara Águas Claras,chacara aguas claras,-25.483278,-49.1032218,brasil_aberto,True
PR,4119509,Piraquara,Colônia Santa Maria,colonia santa maria,-25.4694354,-49.0507039,brasil_aberto,True
PR,4119509,Piraquara,Emboque,emboque,-25.4475001,-49.0660739,brasil_aberto,True
PR,4119509,Piraquara,Estação Roça Nova,estacao roca nova,-25.4723774,-49.0140051,brasil_aberto,True
PR,4119509,Piraquara,Guarituba,guarituba,-25.4569178,-49.1322259,brasil_aberto,True
PR,4119509,Piraquara,Jardim Alterosa,jardim alterosa,-25.4517516,-49.1514467,brasil_aberto,True
PR,4119509,Piraquara,Jardim Assai,jardim assai,-25.5218913,-49.0909352,brasil_aberto,True
PR,4119509,Piraquara,Jardim Bela Vista,jardim bela vista,-25.4532046,-49.0870184,brasil_aberto,True
PR,4119509,Piraquara,Jardim Bom Jesus dos Passos,jardim bom jesus dos passos,-25.4479855,-49.0671164,brasil_aberto,True
PR,4119509,Piraquara,Jardim Caiçara,jardim caicara,-25.4553702,-49.1569281,brasil_aberto,True
PR,4119509,Piraquara,Jardim Curitiba,jardim curitiba,-25.476337,-49.1312353,brasil_aberto,True
PR,4119509,Piraquara,Jardim Diguimabri,jardim diguimabri,-25.5182273,-49.0620648,brasil_aberto,True
PR,4119509,Piraquara,Jardim Esmeralda,jardim esmeralda,-25.455038,-49.0943662,brasil_aberto,True
PR,4119509,Piraquara,Jardim Itiberê,jardim itibere,-25.4547424,-49.1543339,brasil_aberto,True
PR,4119509,Piraquara,Jardim Maria Alice,jardim maria alice,-25.4754293,-49.1286234,brasil_aberto,True
PR,4119509,Piraquara,Jardim Monte Líbano,jardim monte libano,-25.4624127,-49.1353909,brasil_aberto,True
PR,4119509,Piraquara,Jardim Primavera,jardim primavera,-25.4575752,-49.0978479,brasil_aberto,True
PR,4119509,Piraquara,Jardim Santa Helena,jardim santa helena,-25.4812448,-49.1332636,brasil_aberto,True
PR,4119509,Piraquara,Jardim Santa Mônica,jardim santa monica,-25.4457529,-49.105523,brasil_aberto,True
PR,4119509,Piraquara,Jardim Veneza,jardim veneza,-25.4428387,-49.1360454,brasil_aberto,True
PR,4119509,Piraquara,Jardim dos Estados 1,jardim dos estados 1,-25.480413,-49.1260842,brasil_aberto,True
PR,4119509,Piraquara,Jardim dos Estados 2,jardim dos estados 2,-25.4889317,-49.11329509999999,brasil_aberto,True
PR,4119509,Piraquara,Jardim dos Estados 3,jardim dos estados 3,-25.4795977,-49.0750274,brasil_aberto,True
PR,4119509,Piraquara,Jardim dos Eucaliptos,jardim dos eucaliptos,-25.4575929,-49.1507688,brasil_aberto,True
PR,4119509,Piraquara,Jardim Ísis,jardim isis,-25.469291,-49.0839795,brasil_aberto,True
PR,4119509,Piraquara,Loteamento Chácara Chantecler,loteamento chacara chantecler,-25.532148,-49.04523469999999,brasil_aberto,True
PR,4119509,Piraquara,Loteamento Recanto Cantareira,loteamento recanto cantareira,-25.44088,-49.04644,brasil_aberto,True
PR,4119509,Piraquara,Marmeleiro,marmeleiro,-25.4315499,-49.0337954,brasil_aberto,True
PR,4119509,Piraquara,Nemari,nemari,-25.4636761,-49.0829778,brasil_aberto,True
PR,4119509,Piraquara,Nemari V,nemari v,-25.5223084,-49.0918149,brasil_aberto,True
PR,4119509,Piraquara,Nova Tirol,nova tirol,-25.4706654,-49.0568891,brasil_aberto,True
PR,4119509,Piraquara,Parque das Araucárias,parque das araucarias,-25.4681351,-49.1272319,brasil_aberto,True
PR,4119509,Piraquara,Planta Amazonas,planta amazonas,-25.4704894,-49.1297296,brasil_aberto,True
PR,4119509,Piraquara,Planta Araçatuba,planta aracatuba,-25.4246447,-49.0504703,brasil_aberto,True
PR,4119509,Piraquara,Planta Belvedere,planta belvedere,-25.472285,-49.1319381,brasil_aberto,True
PR,4119509,Piraquara,Planta Bosque Centenário,planta bosque centenario,-25.4624102,-49.1496583,brasil_aberto,True
PR,4119509,Piraquara,Planta Campo Largo,planta campo largo,-25.4493227,-49.138956,brasil_aberto,True
PR,4119509,Piraquara,Planta Chaune,planta chaune,,,brasil_aberto,True
PR,4119509,Piraquara,Planta Concórdia,planta concordia,-25.4535818,-49.154212,brasil_aberto,True
PR,4119509,Piraquara,Planta Cruzeiro,planta cruzeiro,-25.4300098,-49.0549675,brasil_aberto,True
PR,4119509,Piraquara,Planta Deodoro,planta deodoro,-25.4110185,-49.0559401,brasil_aberto,True
PR,4119509,Piraquara,Planta Entremar,planta entremar,-25.4983847,-49.0290914,brasil_aberto,True
PR,4119509,Piraquara,Planta Granjas Eldorado,planta granjas eldorado,-25.5296016,-48.5246117,brasil_aberto,True
PR,4119509,Piraquara,Planta Irmãos Michel,planta irmaos michel,-25.4382504,-49.0627371,brasil_aberto,True
PR,4119509,Piraquara,Planta Jardim Tarumã,planta jardim taruma,-25.456581,-49.1479013,brasil_aberto,True
PR,4119509,Piraquara,Planta Laranjeiras,planta laranjeiras,-25.5266495,-49.0766607,brasil_aberto,True
PR,4119509,Piraquara,Planta Meireles,planta meireles,-25.431185,-49.058668,brasil_aberto,True
PR,4119509,Piraquara,Planta Meireles Sobrinho,planta meireles sobrinho,-25.434594,-49.0577483,brasil_aberto,True
PR,4119509,Piraquara,Planta O Recanto,planta o recanto,-25.4504914,-49.1097781,brasil_aberto,True
PR,4119509,Piraquara,Planta Parque Guapira,planta parque guapira,-25.4417514,-49.0653621,brasil_aberto,True
PR,4119509,Piraquara,Planta Parque das Andorinhas,planta parque das andorinhas,-25.4662798,-49.1295709,brasil_aberto,True
PR,4119509,Piraquara,Planta Pontoni Filho,planta pontoni filho,-25.4521326,-49.1520342,brasil_aberto,True
PR,4119509,Piraquara,Planta Rita de Cássia,planta rita de cassia,-25.4765999,-49.0783318,brasil_aberto,True
PR,4119509,Piraquara,Planta Santa Clara,planta santa clara,-25.4570748,-49.0755336,brasil_aberto,True
PR,4119509,Piraquara,Planta Santa Lúcia,planta santa lucia,-25.4576149,-49.1562232,brasil_aberto,True
PR,4119509,Piraquara,Planta Santo Antônio,planta santo antonio,-25.4507245,-49.068985,brasil_aberto,True
PR,4119509,Piraquara,Planta Suburbana,planta suburbana,-25.4204893,-49.0533017,brasil_aberto,True
PR,4119509,Piraquara,Planta Terezinha,planta terezinha,-25.4731563,-49.1275116,brasil_aberto,True
PR,4119509,Piraquara,Planta Urucanga,planta urucanga,-25.4475001,-49.0660739,brasil_aberto,True
PR,4119509,Piraquara,Planta Vera Cruz,planta vera cruz,-25.4492253,-49.1473962,brasil_aberto,True
PR,4119509,Piraquara,Planta Vila Iraí,planta vila irai,-25.4576165,-49.1096894,brasil_aberto,True
PR,4119509,Piraquara,Planta Vila Nova,planta vila nova,-25.458245,-49.1595569,brasil_aberto,True
PR,4119509,Piraquara,Planta Wagner,planta wagner,-25.4503382,-49.149295,brasil_aberto,True
PR,4119509,Piraquara,Planta York,planta york,-25.449502,-49.1042072,brasil_aberto,True
PR,4119509,Piraquara,Recreio da Serra,recreio da serra,-25.4573767,-49.0151422,brasil_aberto,True
PR,4119509,Piraquara,Roça Nova,roca nova,-25.4732536,-49.0159676,brasil_aberto,True
PR,4119509,Piraquara,Vila Dalila,vila dalila,-25.4438056,-49.0880275,brasil_aberto,True
PR,4119509,Piraquara,Vila Franca,vila franca,-25.4382609,-49.0493643,brasil_aberto,True
PR,4119509,Piraquara,Vila Fuck,vila fuck,-25.4533206,-49.0484134,brasil_aberto,True
PR,4119509,Piraquara,Vila Gardenia,vila gardenia,-25.4475001,-49.0660739,brasil_aberto,True
PR,4119509,Piraquara,Vila Ipanema,vila ipanema,-25.4528512,-49.0744214,brasil_aberto,True
PR,4119509,Piraquara,Vila Izabel,vila izabel,-25.4447924,-49.0556987,brasil_aberto,True
PR,4119509,Piraquara,Vila Juliana,vila juliana,-25.4535182,-49.0671478,brasil_aberto,True
PR,4119509,Piraquara,Vila Mariana,vila mariana,-25.4658885,-49.1396254,brasil_aberto,True
PR,4119509,Piraquara,Vila Marumbi,vila marumbi,-25.4382557,-49.0639815,brasil_aberto,True
PR,4119509,Piraquara,Vila Militar I,vila militar i,-25.4242576,-49.0836135,brasil_aberto,True
PR,4119509,Piraquara,Vila Rosa,vila rosa,-25.43564,-49.0610993,brasil_aberto,True
PR,4119509,Piraquara,Vila San Remo I,vila san remo i,-25.4619787,-49.0865347,brasil_aberto,True
PR,4119509,Piraquara,Vila Santa Helena 3,vila santa helena 3,-25.4475001,-49.0660739,brasil_aberto,True
PR,4119509,Piraquara,Vila Santa Maria,vila santa maria,-25.4611852,-49.0726956,brasil_aberto,True
PR,4119509,Piraquara,Vila Susi,vila susi,-25.428142,-49.0568119,brasil_aberto,True
PR,4119509,Piraquara,Vila São Cristóvão,vila sao cristovao,-25.4457448,-49.0514404,brasil_aberto,True
PR,4119509,Piraquara,Vila São Tiago,vila sao tiago,-25.460483,-49.0613739,brasil_aberto,True
PR,4119509,Piraquara,Vila Vicente Macedo,vila vicente macedo,-25.4441365,-49.0947753,brasil_aberto,True
PR,4119509,Piraquara,Águas Claras,aguas claras,-25.4952012,-49.0968125,brasil_aberto,True
PR,4119509,Piraquara,Área Rural de Piraquara,area rural de piraquara,-25.4475001,-49.0660739,brasil_aberto,True
PR,4119400,Piraí do Sul,Centro,centro,,,brasil_aberto,True
PR,4119608,Pitanga,Barra Bonita,barra bonita,,,brasil_aberto,True
PR,4119608,Pitanga,Centro,centro,,,brasil_aberto,True
PR,4119608,Pitanga,Jardim Maristela,jardim maristela,,,brasil_aberto,True
PR,4119608,Pitanga,Maria do Carmo,maria do carmo,,,brasil_aberto,True
PR,4119608,Pitanga,Pitanguinha,pitanguinha,,,brasil_aberto,True
PR,4119608,Pitanga,Rio XV de Baixo,rio xv de baixo,-24.6498922,-51.95801640000001,brasil_aberto,True
PR,4119608,Pitanga,Vila Nova,vila nova,-24.5316527,-51.8072137,brasil_aberto,True
PR,4119103,Piên,Campina dos Maias,campina dos maias,-26.1101698,-49.4243209,brasil_aberto,True
PR,4119103,Piên,Centro,centro,-26.0993298,-49.4305648,brasil_aberto,True
PR,4119103,Piên,Lajeado,lajeado,,,brasil_aberto,True
PR,4119103,Piên,Trigolândia,trigolandia,-26.1180115,-49.382299,brasil_aberto,True
PR,4119707,Planaltina do Paraná,Centro,centro,-23.022769,-52.9157494,brasil_aberto,True
PR,4119707,Planaltina do Paraná,Comur,comur,-23.076702,-52.96106109999999,brasil_aberto,True
PR,4119806,Planalto,Barra Grande,barra grande,-25.7423431,-53.6858654,brasil_aberto,True
PR,4119806,Planalto,Centro Novo,centro novo,-25.7761682,-53.7955345,brasil_aberto,True
PR,4119806,Planalto,Sagrada Família,sagrada familia,-25.6839105,-53.66102550000001,brasil_aberto,True
PR,4119806,Planalto,Valério,valerio,-25.7795765,-53.6393566,brasil_aberto,True
PR,4119905,Ponta Grossa,Barra Grande,barra grande,-25.0993943,-50.15829979999999,brasil_aberto,True
PR,4119905,Ponta Grossa,Biscaia,biscaia,-25.064813,-49.8805852,brasil_aberto,True
PR,4119905,Ponta Grossa,Boa Vista,boa vista,-25.0536715,-50.1719306,brasil_aberto,True
PR,4119905,Ponta Grossa,Bocaina,bocaina,-24.9889906,-50.2628908,brasil_aberto,True
PR,4119905,Ponta Grossa,Botuquara,botuquara,-25.1524868,-50.0543598,brasil_aberto,True
PR,4119905,Ponta Grossa,Cambiju,cambiju,-25.2692641,-49.93639169999999,brasil_aberto,True
PR,4119905,Ponta Grossa,Campo do Meio,campo do meio,-25.4830282,-49.5725626,brasil_aberto,True
PR,4119905,Ponta Grossa,Capão Grande,capao grande,-25.212509,-50.0607389,brasil_aberto,True
PR,4119905,Ponta Grossa,Carazinho,carazinho,-25.0993943,-50.15829979999999,brasil_aberto,True
PR,4119905,Ponta Grossa,Cará-cará,cara-cara,-25.1086617,-50.1104737,brasil_aberto,True
PR,4119905,Ponta Grossa,Centenário,centenario,-25.0695144,-50.1760864,brasil_aberto,True
PR,4119905,Ponta Grossa,Centro,centro,-25.0988677,-50.1653138,brasil_aberto,True
PR,4119905,Ponta Grossa,Cerrado Grande,cerrado grande,-25.1429403,-49.8838179,brasil_aberto,True
PR,4119905,Ponta Grossa,Cerro Velho,cerro velho,-25.0993943,-50.15829979999999,brasil_aberto,True
PR,4119905,Ponta Grossa,Chapada,chapada,-25.0845289,-50.2049646,brasil_aberto,True
PR,4119905,Ponta Grossa,Colônia Dona Luíza,colonia dona luiza,-25.14126,-50.1568382,brasil_aberto,True
PR,4119905,Ponta Grossa,Colônia Tapera,colonia tapera,-25.0993943,-50.15829979999999,brasil_aberto,True
PR,4119905,Ponta Grossa,Conchas Velhas,conchas velhas,-25.0993943,-50.15829979999999,brasil_aberto,True
PR,4119905,Ponta Grossa,Contorno,contorno,-25.0982446,-50.1928027,brasil_aberto,True
PR,4119905,Ponta Grossa,Estrela,estrela,-25.1136712,-50.1654617,brasil_aberto,True
PR,4119905,Ponta Grossa,Faxinal Santa Cruz,faxinal santa cruz,-24.0017953,-51.32149159999999,brasil_aberto,True
PR,4119905,Ponta Grossa,Ferreiras,ferreiras,-25.0626231,-50.1130348,brasil_aberto,True
PR,4119905,Ponta Grossa,Guaragi,guaragi,-25.2761135,-50.2293214,brasil_aberto,True
PR,4119905,Ponta Grossa,Itaiacoca,itaiacoca,-25.144089,-49.8980755,brasil_aberto,True
PR,4119905,Ponta Grossa,Jaboticabal,jaboticabal,-21.2553986,-48.3204453,brasil_aberto,True
PR,4119905,Ponta Grossa,Jaburu,jaburu,-25.1451798,-50.1694351,brasil_aberto,True
PR,4119905,Ponta Grossa,Jardim Carvalho,jardim carvalho,-25.0828372,-50.1554482,brasil_aberto,True
PR,4119905,Ponta Grossa,Lagoa Dourada,lagoa dourada,-25.1214179,-50.1409392,brasil_aberto,True
PR,4119905,Ponta Grossa,Lajeado,lajeado,-25.0993943,-50.15829979999999,brasil_aberto,True
PR,4119905,Ponta Grossa,Mato Queimado,mato queimado,-25.0961063,-50.1719819,brasil_aberto,True
PR,4119905,Ponta Grossa,Neves,neves,-25.0631571,-50.1126031,brasil_aberto,True
PR,4119905,Ponta Grossa,Nova Rússia,nova russia,-25.0744338,-50.1744413,brasil_aberto,True
PR,4119905,Ponta Grossa,Oficinas,oficinas,-25.1178967,-50.1516023,brasil_aberto,True
PR,4119905,Ponta Grossa,Olarias,olarias,-25.1143816,-50.1357435,brasil_aberto,True
PR,4119905,Ponta Grossa,Orfãs,orfas,-25.0663151,-50.1572902,brasil_aberto,True
PR,4119905,Ponta Grossa,Passo dos Pupos,passo dos pupos,-25.1277852,-50.156978,brasil_aberto,True
PR,4119905,Ponta Grossa,Piriquitos,piriquitos,-25.0488531,-50.2652167,brasil_aberto,True
PR,4119905,Ponta Grossa,Pitangui,pitangui,-24.94134673404506,-50.0398922897741,brasil_aberto,True
PR,4119905,Ponta Grossa,Pocinho,pocinho,-25.0993943,-50.15829979999999,brasil_aberto,True
PR,4119905,Ponta Grossa,Ronda,ronda,-25.1128133,-50.1843908,brasil_aberto,True
PR,4119905,Ponta Grossa,Roça Velha,roca velha,-25.1413508,-49.821946,brasil_aberto,True
PR,4119905,Ponta Grossa,Serraria Klas,serraria klas,-25.0940882,-50.0915852,brasil_aberto,True
PR,4119905,Ponta Grossa,Sete Saltos de Cima,sete saltos de cima,-25.2013927,-49.7244168,brasil_aberto,True
PR,4119905,Ponta Grossa,Taquari dos Polacos,taquari dos polacos,-25.095717,-50.2653233,brasil_aberto,True
PR,4119905,Ponta Grossa,Taquari dos Russos,taquari dos russos,-25.0993943,-50.15829979999999,brasil_aberto,True
PR,4119905,Ponta Grossa,Trindade,trindade,-25.0993943,-50.15829979999999,brasil_aberto,True
PR,4119905,Ponta Grossa,Uvaia,uvaia,-25.0738315,-50.3850041,brasil_aberto,True
PR,4119905,Ponta Grossa,Uvaranas,uvaranas,-25.1003379,-50.1105505,brasil_aberto,True
PR,4119905,Ponta Grossa,Valentins,valentins,-25.0993943,-50.15829979999999,brasil_aberto,True
PR,4119905,Ponta Grossa,Vila Velha,vila velha,-25.2462635,-50.0212126,brasil_aberto,True
PR,4119905,Ponta Grossa,Área Rural de Ponta Grossa,area rural de ponta grossa,-25.0993784,-50.1582927,brasil_aberto,True
PR,4119954,Pontal do Paraná,Centro,centro,,,brasil_aberto,True
PR,4119954,Pontal do Paraná,Colônia Pereira,colonia pereira,,,brasil_aberto,True
PR,4119954,Pontal do Paraná,Guaraguaçu,guaraguacu,,,brasil_aberto,True
PR,4119954,Pontal do Paraná,Ipanema,ipanema,,,brasil_aberto,True
PR,4119954,Pontal do Paraná,Pontal do Sul,pontal do sul,,,brasil_aberto,True
PR,4119954,Pontal do Paraná,Shangri-la,shangri-la,,,brasil_aberto,True
PR,4120002,Porecatu,Centro,centro,-22.7577501,-51.3777767,brasil_aberto,True
PR,4120101,Porto Amazonas,Centro,centro,,,brasil_aberto,True
PR,4120150,Porto Barreiro,Centro,centro,,,brasil_aberto,True
PR,4120150,Porto Barreiro,Loteamento Santo Antonio,loteamento santo antonio,,,brasil_aberto,True
PR,4120150,Porto Barreiro,Porto Santana,porto santana,-25.6509172,-52.4667876,brasil_aberto,True
PR,4120200,Porto Rico,Centro,centro,-22.7767556,-53.267522,brasil_aberto,True
PR,4120309,Porto Vitória,Centro,centro,-26.1599843,-51.22840619999999,brasil_aberto,True
PR,4120333,Prado Ferreira,Centro,centro,-23.0406959,-51.44208,brasil_aberto,True
PR,4120358,Pranchita,Canzianópolis,canzianopolis,-25.9312796,-53.6884771,brasil_aberto,True
PR,4120358,Pranchita,Centro,centro,-26.0216188,-53.7396475,brasil_aberto,True
PR,4120408,Presidente Castelo Branco,Centro,centro,-23.2787339,-52.1544123,brasil_aberto,True
PR,4120507,Primeiro de Maio,Centro,centro,-22.852684,-51.02545,brasil_aberto,True
PR,4120507,Primeiro de Maio,Ibiaci,ibiaci,-22.9386272,-51.0226818,brasil_aberto,True
PR,4120507,Primeiro de Maio,Vila Gandhi,vila gandhi,-22.9355904,-51.1329894,brasil_aberto,True
PR,4120606,Prudentópolis,Centro,centro,,,brasil_aberto,True
PR,4120606,Prudentópolis,Jaciaba,jaciaba,-24.841049,-51.2972385,brasil_aberto,True
PR,4120606,Prudentópolis,Patos Velhos,patos velhos,-25.3717534,-50.9807316,brasil_aberto,True
PR,4118907,Pérola,Centro,centro,-23.8043579,-53.6819827,brasil_aberto,True
PR,4119004,Pérola d'Oeste,Centro,centro,-25.8272544,-53.741056,brasil_aberto,True
PR,4119004,Pérola d'Oeste,Conciolândia,conciolandia,-25.8880949,-53.7599612,brasil_aberto,True
PR,4120655,Quarto Centenário,Bandeirantes d'Oeste,bandeirantes d'oeste,,,brasil_aberto,True
PR,4120655,Quarto Centenário,Centro,centro,,,brasil_aberto,True
PR,4120705,Quatiguá,Centro,centro,-23.5701741,-49.9137547,brasil_aberto,True
PR,4120804,Quatro Barras,Borda do Campo,borda do campo,,,brasil_aberto,True
PR,4120804,Quatro Barras,Centro,centro,,,brasil_aberto,True
PR,4120853,Quatro Pontes,Centro,centro,,,brasil_aberto,True
PR,4120903,Quedas do Iguaçu,Centro,centro,,,brasil_aberto,True
PR,4121000,Querência do Norte,Centro,centro,-23.0869996,-53.4849173,brasil_aberto,True
PR,4121000,Querência do Norte,Icatu,icatu,-22.9109933,-53.4122052,brasil_aberto,True
PR,4121000,Querência do Norte,Porto Brasílio,porto brasilio,-22.8940908,-53.5224042,brasil_aberto,True
PR,4121109,Quinta do Sol,Centro,centro,-23.8492378,-52.1353725,brasil_aberto,True
PR,4121109,Quinta do Sol,Irapuan,irapuan,-23.7607488,-52.0851258,brasil_aberto,True
PR,4121208,Quitandinha,Campina de Quitandinha,campina de quitandinha,,,brasil_aberto,True
PR,4121208,Quitandinha,Centro,centro,,,brasil_aberto,True
PR,4121208,Quitandinha,Cerro Verde,cerro verde,,,brasil_aberto,True
PR,4121208,Quitandinha,Doce Fino,doce fino,-25.966686,-49.447242,brasil_aberto,True
PR,4121208,Quitandinha,Doce Grande,doce grande,-26.022387,-49.430872,brasil_aberto,True
PR,4121208,Quitandinha,Lagoa Verde,lagoa verde,-25.9019134,-49.5088523,brasil_aberto,True
PR,4121208,Quitandinha,Pangaré,pangare,-25.940666,-49.5076392,brasil_aberto,True
PR,4121208,Quitandinha,Ribeirão Vermelho,ribeirao vermelho,,,brasil_aberto,True
PR,4121208,Quitandinha,Turvo,turvo,,,brasil_aberto,True
PR,4121257,Ramilândia,Centro,centro,,,brasil_aberto,True
PR,4121307,Rancho Alegre,Centro,centro,-23.0706163,-50.9141376,brasil_aberto,True
PR,4121356,Rancho Alegre D'Oeste,Centro,centro,,,brasil_aberto,True
PR,4121406,Realeza,Centro,centro,-25.770556,-53.533238,brasil_aberto,True
PR,4121406,Realeza,Flor da Serra,flor da serra,-25.619162,-53.558313,brasil_aberto,True
PR,4121406,Realeza,Maravilha,maravilha,-25.6930661,-53.48050929999999,brasil_aberto,True
PR,4121406,Realeza,Marmelândia,marmelandia,-25.5753654,-53.56616589999999,brasil_aberto,True
PR,4121406,Realeza,Saltinho,saltinho,-25.76753,-53.52748,brasil_aberto,True
PR,4121406,Realeza,São Roque,sao roque,-25.7182543,-53.5385619,brasil_aberto,True
PR,4121505,Rebouças,Centro,centro,-25.4393626,-49.2688339,brasil_aberto,True
PR,4121505,Rebouças,Rio Bonito,rio bonito,-25.6672368,-50.6484074,brasil_aberto,True
PR,4121505,Rebouças,Água Quente dos Luz,agua quente dos luz,,,brasil_aberto,True
PR,4121604,Renascença,Baulândia,baulandia,-26.2246006,-52.8874758,brasil_aberto,True
PR,4121604,Renascença,Canela,canela,-26.1455961,-52.8519422,brasil_aberto,True
PR,4121604,Renascença,Centro,centro,,,brasil_aberto,True
PR,4121703,Reserva,Campinas Belas,campinas belas,-24.8157781,-50.9141095,brasil_aberto,True
PR,4121703,Reserva,Centro,centro,-24.6501227,-50.8511235,brasil_aberto,True
PR,4121703,Reserva,José Lacerda,jose lacerda,-24.4933726,-50.8219805,brasil_aberto,True
PR,4121703,Reserva,Rio Novo,rio novo,-24.4165242,-50.9632485,brasil_aberto,True
PR,4121752,Reserva do Iguaçu,Centro,centro,-25.8347452,-52.0274465,brasil_aberto,True
PR,4121752,Reserva do Iguaçu,Pedro Lustosa,pedro lustosa,-25.8059753,-51.8490014,brasil_aberto,True
PR,4121752,Reserva do Iguaçu,Segredo,segredo,,,brasil_aberto,True
PR,4121802,Ribeirão Claro,Cachoeira do Espírito Santo,cachoeira do espirito santo,-23.2637337,-49.7017694,brasil_aberto,True
PR,4121802,Ribeirão Claro,Centro,centro,-23.2004187,-49.75616369999999,brasil_aberto,True
PR,4121901,Ribeirão do Pinhal,Centro,centro,-23.4047823,-50.3590158,brasil_aberto,True
PR,4121901,Ribeirão do Pinhal,Triolândia,triolandia,-23.5390111,-50.3857055,brasil_aberto,True
PR,4122008,Rio Azul,Centro,centro,,,brasil_aberto,True
PR,4122107,Rio Bom,Centro,centro,,,brasil_aberto,True
PR,4122107,Rio Bom,Santo Antônio do Palmital,santo antonio do palmital,,,brasil_aberto,True
PR,4122156,Rio Bonito do Iguaçu,Assentamento Ireno Alves,assentamento ireno alves,,,brasil_aberto,True
PR,4122156,Rio Bonito do Iguaçu,Campo do Bugre,campo do bugre,,,brasil_aberto,True
PR,4122156,Rio Bonito do Iguaçu,Centro,centro,-25.4905979,-52.5282839,brasil_aberto,True
PR,4122172,Rio Branco do Ivaí,Centro,centro,-24.317217,-51.3139638,brasil_aberto,True
PR,4122206,Rio Branco do Sul,Açungui,acungui,,,brasil_aberto,True
PR,4122206,Rio Branco do Sul,Centro,centro,,,brasil_aberto,True
PR,4122206,Rio Branco do Sul,Ribeirinha,ribeirinha,,,brasil_aberto,True
PR,4122305,Rio Negro,Bairro Alto,bairro alto,,,brasil_aberto,True
PR,4122305,Rio Negro,Bom Jesus,bom jesus,,,brasil_aberto,True
PR,4122305,Rio Negro,Bom Jesus do Rio Negro,bom jesus do rio negro,,,brasil_aberto,True
PR,4122305,Rio Negro,Estação Nova,estacao nova,,,brasil_aberto,True
PR,4122305,Rio Negro,Fazendinha de Rio Negro,fazendinha de rio negro,,,brasil_aberto,True
PR,4122305,Rio Negro,Sítio dos Rauen,sitio dos rauen,,,brasil_aberto,True
PR,4122404,Rolândia,Centro,centro,-23.3105357,-51.3666944,brasil_aberto,True
PR,4122404,Rolândia,Conjunto Habitacional San Fernando,conjunto habitacional san fernando,-23.3368103,-51.3861288,brasil_aberto,True
PR,4122404,Rolândia,Conjunto Habitacional Santiago,conjunto habitacional santiago,-23.3329582,-51.3922801,brasil_aberto,True
PR,4122404,Rolândia,Jardim Alto da Boa Vista,jardim alto da boa vista,-23.30637,-51.3551651,brasil_aberto,True
PR,4122404,Rolândia,Jardim Caviúna,jardim caviuna,-23.3225883,-51.3596045,brasil_aberto,True
PR,4122404,Rolândia,Jardim Nobre,jardim nobre,-23.3023211,-51.4011227,brasil_aberto,True
PR,4122404,Rolândia,Jardim Novo Horizonte,jardim novo horizonte,-23.4430909,-51.9348691,brasil_aberto,True
PR,4122404,Rolândia,Jardim Rosângelo,jardim rosangelo,-23.3085053,-51.3847775,brasil_aberto,True
PR,4122404,Rolândia,Lotes da Rodovia Hermínio Antônio Pennacchi,lotes da rodovia herminio antonio pennacchi,-23.4501818,-51.5539637,brasil_aberto,True
PR,4122404,Rolândia,Manoel Müller,manoel muller,-23.2996064,-51.3708426,brasil_aberto,True
PR,4122404,Rolândia,Nossa Senhora da Aparecida,nossa senhora da aparecida,-23.2085414,-51.3727009,brasil_aberto,True
PR,4122404,Rolândia,Parque Industrial Cafezal,parque industrial cafezal,-23.309534,-51.3391139,brasil_aberto,True
PR,4122404,Rolândia,Residencial Portal Arabela,residencial portal arabela,-23.2856861,-51.3965143,brasil_aberto,True
PR,4122404,Rolândia,São Martinho,sao martinho,,,brasil_aberto,True
PR,4122404,Rolândia,Vila Oliveira,vila oliveira,-23.3189702,-51.38172,brasil_aberto,True
PR,4122404,Rolândia,Área Rural de Rolândia,area rural de rolandia,-23.3098237,-51.3608473,brasil_aberto,True
PR,4122503,Roncador,Alto São João,alto sao joao,-24.5527044,-52.103898,brasil_aberto,True
PR,4122503,Roncador,Centro,centro,-24.5940319,-52.27740060000001,brasil_aberto,True
PR,4122602,Rondon,Bernardelli,bernardelli,-23.5622041,-52.8444833,brasil_aberto,True
PR,4122602,Rondon,Centro,centro,-23.416175,-52.7693738,brasil_aberto,True
PR,4122651,Rosário do Ivaí,Centro,centro,-24.2550358,-51.2528028,brasil_aberto,True
PR,4122701,Sabáudia,Bom Progresso,bom progresso,-23.3401864,-51.5191088,brasil_aberto,True
PR,4122701,Sabáudia,Centro,centro,-23.3184247,-51.5557485,brasil_aberto,True
PR,4122800,Salgado Filho,Centro,centro,,,brasil_aberto,True
PR,4122800,Salgado Filho,Tiradentes,tiradentes,-26.1096222,-53.4446136,brasil_aberto,True
PR,4122909,Salto do Itararé,Centro,centro,-23.6019029,-49.6279078,brasil_aberto,True
PR,4123006,Salto do Lontra,Barra do Lontra,barra do lontra,,,brasil_aberto,True
PR,4123006,Salto do Lontra,Centro,centro,-25.7817924,-53.3093017,brasil_aberto,True
PR,4123006,Salto do Lontra,Gavião,gaviao,-25.7841596,-53.31136249999999,brasil_aberto,True
PR,4123006,Salto do Lontra,Linha Boeira,linha boeira,,,brasil_aberto,True
PR,4123105,Santa Amélia,Centro,centro,,,brasil_aberto,True
PR,4123204,Santa Cecília do Pavão,Centro,centro,-23.5169105,-50.7821378,brasil_aberto,True
PR,4123303,Santa Cruz de Monte Castelo,Centro,centro,-22.9533304,-53.2924666,brasil_aberto,True
PR,4123303,Santa Cruz de Monte Castelo,Santa Esmeralda,santa esmeralda,-23.1608918,-53.3689729,brasil_aberto,True
PR,4123402,Santa Fé,Centro,centro,-23.0387264,-51.8136391,brasil_aberto,True
PR,4123501,Santa Helena,São Clemente,sao clemente,-24.7837059,-54.2811537,brasil_aberto,True
PR,4123501,Santa Helena,Vila Celeste,vila celeste,-24.9639758,-54.3891278,brasil_aberto,True
PR,4123709,Santa Isabel do Ivaí,Centro,centro,-23.00325,-53.1932862,brasil_aberto,True
PR,4123709,Santa Isabel do Ivaí,São José do Ivaí,sao jose do ivai,-23.1328056,-53.2782334,brasil_aberto,True
PR,4123808,Santa Izabel do Oeste,Anunciação,anunciacao,-25.7717454,-53.4014055,brasil_aberto,True
PR,4123808,Santa Izabel do Oeste,Centro,centro,-25.8156077,-53.4837138,brasil_aberto,True
PR,4123808,Santa Izabel do Oeste,Jacutinga,jacutinga,-25.726324,-53.4664195,brasil_aberto,True
PR,4123808,Santa Izabel do Oeste,Rio da Prata,rio da prata,-25.8527584,-53.3917222,brasil_aberto,True
PR,4123808,Santa Izabel do Oeste,Sarandi,sarandi,-25.8723147,-53.45001629999999,brasil_aberto,True
PR,4123808,Santa Izabel do Oeste,União do Oeste,uniao do oeste,-25.6953751,-53.4037158,brasil_aberto,True
PR,4123857,Santa Maria do Oeste,Centro,centro,-24.9288302,-51.8738631,brasil_aberto,True
PR,4123857,Santa Maria do Oeste,Rio do Tigre,rio do tigre,-24.8959537,-51.9605969,brasil_aberto,True
PR,4123857,Santa Maria do Oeste,São José,sao jose,-24.9103654,-52.0321613,brasil_aberto,True
PR,4123857,Santa Maria do Oeste,São Manoel,sao manoel,-24.8959537,-51.9605969,brasil_aberto,True
PR,4123907,Santa Mariana,Centro,centro,-23.1463399,-50.5164098,brasil_aberto,True
PR,4123907,Santa Mariana,Panema,panema,-22.9531967,-50.58691349999999,brasil_aberto,True
PR,4123907,Santa Mariana,Quinzópolis,quinzopolis,-23.0380487,-50.5708569,brasil_aberto,True
PR,4123956,Santa Mônica,Aparecida do Ivaí,aparecida do ivai,-23.1751453,-53.0944812,brasil_aberto,True
PR,4123956,Santa Mônica,Centro,centro,-23.1085543,-53.1087727,brasil_aberto,True
PR,4124020,Santa Tereza do Oeste,Centro,centro,-25.0521325,-53.6196705,brasil_aberto,True
PR,4124020,Santa Tereza do Oeste,Parque Industrial II,parque industrial ii,-25.0472469,-53.6126987,brasil_aberto,True
PR,4124020,Santa Tereza do Oeste,Santa Maria,santa maria,-25.0457223,-53.6066964,brasil_aberto,True
PR,4124053,Santa Terezinha de Itaipu,Centro,centro,,,brasil_aberto,True
PR,4124004,Santana do Itararé,Centro,centro,-23.7536959,-49.6295914,brasil_aberto,True
PR,4124103,Santo Antônio da Platina,Centro,centro,-23.1627906,-49.97634410000001,brasil_aberto,True
PR,4124103,Santo Antônio da Platina,Conselheiro Zacarias,conselheiro zacarias,-23.4122685,-49.9796837,brasil_aberto,True
PR,4124103,Santo Antônio da Platina,Monte Real,monte real,-23.2306027,-50.14027069999999,brasil_aberto,True
PR,4124103,Santo Antônio da Platina,Platina,platina,,,brasil_aberto,True
PR,4124202,Santo Antônio do Caiuá,Centro,centro,,,brasil_aberto,True
PR,4124301,Santo Antônio do Paraíso,Centro,centro,-23.4947299,-50.6460707,brasil_aberto,True
PR,4124301,Santo Antônio do Paraíso,São Judas Tadeu,sao judas tadeu,-23.5351911,-50.6689995,brasil_aberto,True
PR,4124400,Santo Antônio do Sudoeste,Centro,centro,,,brasil_aberto,True
PR,4124400,Santo Antônio do Sudoeste,Marcianópolis,marcianopolis,,,brasil_aberto,True
PR,4124400,Santo Antônio do Sudoeste,São Pedro do Florido,sao pedro do florido,,,brasil_aberto,True
PR,4124509,Santo Inácio,Centro,centro,-22.6967886,-51.7941409,brasil_aberto,True
PR,4126207,Sapopema,Centro,centro,-23.9096326,-50.5792819,brasil_aberto,True
PR,4126207,Sapopema,Lambari,lambari,-23.8560837,-50.6623466,brasil_aberto,True
PR,4126207,Sapopema,Vida Nova,vida nova,-23.8322596,-50.5066055,brasil_aberto,True
PR,4126256,Sarandi,Centro,centro,-23.4405926,-51.8730216,brasil_aberto,True
PR,4126256,Sarandi,Conjunto Floresta,conjunto floresta,-23.457203,-51.8904874,brasil_aberto,True
PR,4126256,Sarandi,Conjunto Residencial Mauá,conjunto residencial maua,-23.4563162,-51.8886635,brasil_aberto,True
PR,4126256,Sarandi,Conjunto Vale Azul,conjunto vale azul,,,brasil_aberto,True
PR,4126256,Sarandi,Ecovalley Ecologic City,ecovalley ecologic city,-23.4701474,-51.9106649,brasil_aberto,True
PR,4126256,Sarandi,Jardim Alphaville,jardim alphaville,-23.4360095,-51.8623498,brasil_aberto,True
PR,4126256,Sarandi,Jardim Ana Elisa,jardim ana elisa,,,brasil_aberto,True
PR,4126256,Sarandi,Jardim Aurora,jardim aurora,-23.4263565,-51.8590782,brasil_aberto,True
PR,4126256,Sarandi,Jardim Aurora ll,jardim aurora ll,-23.4251497,-51.8652179,brasil_aberto,True
PR,4126256,Sarandi,Jardim Aurora lll,jardim aurora lll,-23.4250714,-51.8634803,brasil_aberto,True
PR,4126256,Sarandi,Jardim Califórnia,jardim california,-23.4442935,-51.8861714,brasil_aberto,True
PR,4126256,Sarandi,Jardim Campo Belo,jardim campo belo,-23.4432112,-51.8744802,brasil_aberto,True
PR,4126256,Sarandi,Jardim Canadá,jardim canada,-23.4438502,-51.8604933,brasil_aberto,True
PR,4126256,Sarandi,Jardim Castelo,jardim castelo,-23.447783,-51.8804058,brasil_aberto,True
PR,4126256,Sarandi,Jardim Centro Cívico,jardim centro civico,,,brasil_aberto,True
PR,4126256,Sarandi,Jardim Cometa,jardim cometa,-23.4539617,-51.8714326,brasil_aberto,True
PR,4126256,Sarandi,Jardim Cruzeiro,jardim cruzeiro,-23.4601679,-51.8721733,brasil_aberto,True
PR,4126256,Sarandi,Jardim Dom Bosco,jardim dom bosco,-23.4488152,-51.8731124,brasil_aberto,True
PR,4126256,Sarandi,Jardim Escala,jardim escala,-23.4426779,-51.8654242,brasil_aberto,True
PR,4126256,Sarandi,Jardim Esperança I,jardim esperanca i,-23.456018,-51.8787475,brasil_aberto,True
PR,4126256,Sarandi,Jardim Esperança II,jardim esperanca ii,-23.4572791,-51.8745959,brasil_aberto,True
PR,4126256,Sarandi,Jardim Esperança III,jardim esperanca iii,-23.4618608,-51.8773569,brasil_aberto,True
PR,4126256,Sarandi,Jardim Esperança IV,jardim esperanca iv,-23.4572795,-51.8774265,brasil_aberto,True
PR,4126256,Sarandi,Jardim Esplanada,jardim esplanada,-23.4568375,-51.8787578,brasil_aberto,True
PR,4126256,Sarandi,Jardim Europa,jardim europa,-23.4364083,-51.8793023,brasil_aberto,True
PR,4126256,Sarandi,Jardim França,jardim franca,-23.4819634,-51.894164,brasil_aberto,True
PR,4126256,Sarandi,Jardim Gralha Azul,jardim gralha azul,-23.4512802,-51.8770411,brasil_aberto,True
PR,4126256,Sarandi,Jardim Higienópolis,jardim higienopolis,-23.3178938,-51.1676891,brasil_aberto,True
PR,4126256,Sarandi,Jardim Ibirapuera,jardim ibirapuera,-23.4432112,-51.8744802,brasil_aberto,True
PR,4126256,Sarandi,Jardim Imperial,jardim imperial,-23.459353,-51.8669186,brasil_aberto,True
PR,4126256,Sarandi,Jardim Independência,jardim independencia,-23.4412092,-51.8711364,brasil_aberto,True
PR,4126256,Sarandi,Jardim Independência II,jardim independencia ii,-23.4338944,-51.8747432,brasil_aberto,True
PR,4126256,Sarandi,Jardim Independência III,jardim independencia iii,-23.4408449,-51.8677412,brasil_aberto,True
PR,4126256,Sarandi,Jardim Ipanema,jardim ipanema,-23.4575105,-51.8777068,brasil_aberto,True
PR,4126256,Sarandi,Jardim Itamarati,jardim itamarati,-23.3184437,-51.1782287,brasil_aberto,True
PR,4126256,Sarandi,Jardim Itália,jardim italia,-23.4415828,-51.8666293,brasil_aberto,True
PR,4126256,Sarandi,Jardim Jaqueline,jardim jaqueline,-23.4555292,-51.8701056,brasil_aberto,True
PR,4126256,Sarandi,Jardim Kusumoto,jardim kusumoto,-23.4481432,-51.8855792,brasil_aberto,True
PR,4126256,Sarandi,Jardim Leblon,jardim leblon,-23.4246658,-51.85160279999999,brasil_aberto,True
PR,4126256,Sarandi,Jardim Mercúrio,jardim mercurio,-23.455429,-51.8707565,brasil_aberto,True
PR,4126256,Sarandi,Jardim Monte Carmelo,jardim monte carmelo,-23.45842,-51.8759631,brasil_aberto,True
PR,4126256,Sarandi,Jardim Monte Libano,jardim monte libano,-23.4408885,-51.8837755,brasil_aberto,True
PR,4126256,Sarandi,Jardim Monterey,jardim monterey,-23.4635428,-51.8818611,brasil_aberto,True
PR,4126256,Sarandi,Jardim Montreal,jardim montreal,-23.4383429,-51.8523721,brasil_aberto,True
PR,4126256,Sarandi,Jardim Nova Independência,jardim nova independencia,-23.4290215,-51.8660708,brasil_aberto,True
PR,4126256,Sarandi,Jardim Nova Independência I,jardim nova independencia i,-23.4264852,-51.8648126,brasil_aberto,True
PR,4126256,Sarandi,Jardim Nova Paulista,jardim nova paulista,-23.4533406,-51.8691846,brasil_aberto,True
PR,4126256,Sarandi,Jardim Nova Sarandi II,jardim nova sarandi ii,-23.457442,-51.87479,brasil_aberto,True
PR,4126256,Sarandi,Jardim Nova Sarandi III,jardim nova sarandi iii,-23.4669496,-51.8732935,brasil_aberto,True
PR,4126256,Sarandi,Jardim Novo Bertioga,jardim novo bertioga,-23.4491766,-51.8940939,brasil_aberto,True
PR,4126256,Sarandi,Jardim Novo Mundo,jardim novo mundo,-23.4479601,-51.8636231,brasil_aberto,True
PR,4126256,Sarandi,Jardim Oriental,jardim oriental,-23.4459314,-51.8870054,brasil_aberto,True
PR,4126256,Sarandi,Jardim Ouro Verde II,jardim ouro verde ii,-23.4393426,-51.8595706,brasil_aberto,True
PR,4126256,Sarandi,Jardim Ouro Verde III,jardim ouro verde iii,-23.4359241,-51.8448933,brasil_aberto,True
PR,4126256,Sarandi,Jardim Ouro Verde IV,jardim ouro verde iv,-23.4207836,-51.8717145,brasil_aberto,True
PR,4126256,Sarandi,Jardim Panorama,jardim panorama,-23.4300334,-51.880324,brasil_aberto,True
PR,4126256,Sarandi,Jardim Perimetral,jardim perimetral,-23.4642969,-51.8702775,brasil_aberto,True
PR,4126256,Sarandi,Jardim Primavera,jardim primavera,-23.4450843,-51.8701244,brasil_aberto,True
PR,4126256,Sarandi,Jardim Primaverão,jardim primaverao,-23.4456929,-51.8707534,brasil_aberto,True
PR,4126256,Sarandi,Jardim Real II,jardim real ii,-23.443229,-51.8745045,brasil_aberto,True
PR,4126256,Sarandi,Jardim Rio de Janeiro,jardim rio de janeiro,-23.4234475,-51.8705666,brasil_aberto,True
PR,4126256,Sarandi,Jardim Sarandi I,jardim sarandi i,-23.4575105,-51.8777068,brasil_aberto,True
PR,4126256,Sarandi,Jardim São Paulo,jardim sao paulo,-23.4417138,-51.8500686,brasil_aberto,True
PR,4126256,Sarandi,Jardim São Paulo II,jardim sao paulo ii,-23.4420133,-51.8582171,brasil_aberto,True
PR,4126256,Sarandi,Jardim Triângulo,jardim triangulo,-23.4613487,-51.8796685,brasil_aberto,True
PR,4126256,Sarandi,Jardim Tropical,jardim tropical,-23.4173642,-51.867225,brasil_aberto,True
PR,4126256,Sarandi,Jardim Universal,jardim universal,-23.4319243,-51.8595913,brasil_aberto,True
PR,4126256,Sarandi,Jardim Verão,jardim verao,-23.4526094,-51.8677221,brasil_aberto,True
PR,4126256,Sarandi,Jardim das Torres,jardim das torres,-23.4699223,-51.8741642,brasil_aberto,True
PR,4126256,Sarandi,Jardim dos Ipês,jardim dos ipes,-23.4664481,-51.8656964,brasil_aberto,True
PR,4126256,Sarandi,Novo Panorama,novo panorama,-23.4235409,-51.8797644,brasil_aberto,True
PR,4126256,Sarandi,Parque Alvamar,parque alvamar,-23.4178113,-51.8732488,brasil_aberto,True
PR,4126256,Sarandi,Parque Alvamar II,parque alvamar ii,-23.42079,-51.873631,brasil_aberto,True
PR,4126256,Sarandi,Parque Industrial,parque industrial,-23.4546958,-51.8562354,brasil_aberto,True
PR,4126256,Sarandi,Parque Industrial IV,parque industrial iv,-23.4538146,-51.8589486,brasil_aberto,True
PR,4126256,Sarandi,Parque Pioneiros,parque pioneiros,-23.4401701,-51.8617452,brasil_aberto,True
PR,4126256,Sarandi,Parque Residencial Bela Vista,parque residencial bela vista,-23.4608367,-51.8618853,brasil_aberto,True
PR,4126256,Sarandi,Parque Residencial Bela Vista I,parque residencial bela vista i,-23.4547303,-51.8803815,brasil_aberto,True
PR,4126256,Sarandi,Parque Residencial Bela Vista II,parque residencial bela vista ii,-23.4547303,-51.8803815,brasil_aberto,True
PR,4126256,Sarandi,Parque Residencial Bom Pastor,parque residencial bom pastor,-23.4350658,-51.8594106,brasil_aberto,True
PR,4126256,Sarandi,Parque Residencial Nova Aliança,parque residencial nova alianca,-23.4588776,-51.8601279,brasil_aberto,True
PR,4126256,Sarandi,Parque Residencial Novo Centro,parque residencial novo centro,-23.452479,-51.8639917,brasil_aberto,True
PR,4126256,Sarandi,Parque Residencial Santana,parque residencial santana,-23.4498779,-51.8790284,brasil_aberto,True
PR,4126256,Sarandi,Parque São Pedro,parque sao pedro,-23.4426848,-51.8834001,brasil_aberto,True
PR,4126256,Sarandi,Parque da Gávea,parque da gavea,-23.4715779,-51.8807555,brasil_aberto,True
PR,4126256,Sarandi,Residencial Governador Jose Richa,residencial governador jose richa,-23.4708904,-51.8810807,brasil_aberto,True
PR,4126256,Sarandi,Residencial Jalmar,residencial jalmar,-23.4395216,-51.860187,brasil_aberto,True
PR,4126256,Sarandi,Residencial São José,residencial sao jose,-23.4267823,-51.8696989,brasil_aberto,True
PR,4126256,Sarandi,Residencial São José III,residencial sao jose iii,-23.4280239,-51.8729566,brasil_aberto,True
PR,4126256,Sarandi,Santa Tereza,santa tereza,-23.455429,-51.8707565,brasil_aberto,True
PR,4126256,Sarandi,Vera Cruz,vera cruz,-23.4652408,-51.8631699,brasil_aberto,True
PR,4126256,Sarandi,Área Rural de Sarandi,area rural de sarandi,-23.443229,-51.8745045,brasil_aberto,True
PR,4126272,Saudade do Iguaçu,Centro,centro,-25.6918923,-52.6175459,brasil_aberto,True
PR,4126306,Sengés,Centro,centro,-24.11469,-49.4684941,brasil_aberto,True
PR,4126306,Sengés,Ouro Verde,ouro verde,-24.4409748,-49.35865020000001,brasil_aberto,True
PR,4126306,Sengés,Reianópolis,reianopolis,-24.0164972,-49.5646154,brasil_aberto,True
PR,4126355,Serranópolis do Iguaçu,Centro,centro,,,brasil_aberto,True
PR,4126355,Serranópolis do Iguaçu,Flor da Serra,flor da serra,-25.3871252,-54.05217159999999,brasil_aberto,True
PR,4126355,Serranópolis do Iguaçu,Jardinópolis,jardinopolis,-25.4080474,-54.0417727,brasil_aberto,True
PR,4126405,Sertaneja,Centro,centro,-23.0422086,-50.8155047,brasil_aberto,True
PR,4126405,Sertaneja,Paranagi,paranagi,-22.8500107,-50.8745223,brasil_aberto,True
PR,4126504,Sertanópolis,Centro,centro,-23.0596768,-51.0370099,brasil_aberto,True
PR,4126603,Siqueira Campos,Centro,centro,-23.6877895,-49.8287164,brasil_aberto,True
PR,4126603,Siqueira Campos,Marimbondo,marimbondo,-23.55663,-49.6783777,brasil_aberto,True
PR,4126652,Sulina,Centro,centro,,,brasil_aberto,True
PR,4124608,São Carlos do Ivaí,Centro,centro,-23.3173861,-52.4751644,brasil_aberto,True
PR,4124608,São Carlos do Ivaí,Porto São Carlos,porto sao carlos,-23.3546729,-52.5114154,brasil_aberto,True
PR,4124707,São Jerônimo da Serra,Centro,centro,-23.5924062,-50.8697149,brasil_aberto,True
PR,4124707,São Jerônimo da Serra,São João do Pinhal,sao joao do pinhal,-23.63919,-50.852965,brasil_aberto,True
PR,4124707,São Jerônimo da Serra,Terra Nova,terra nova,-23.75112,-50.8248263,brasil_aberto,True
PR,4124707,São Jerônimo da Serra,Vila Nova de Florença,vila nova de florenca,-23.5924062,-50.8697149,brasil_aberto,True
PR,4125209,São Jorge d'Oeste,Centro,centro,,,brasil_aberto,True
PR,4125209,São Jorge d'Oeste,Doutor Antônio Paranhos,doutor antonio paranhos,-25.6106111,-53.0107808,brasil_aberto,True
PR,4125209,São Jorge d'Oeste,Iolópolis,iolopolis,-25.6722038,-52.8741517,brasil_aberto,True
PR,4125209,São Jorge d'Oeste,Sede Nova Sant'Ana,sede nova sant'ana,-25.7337978,-52.8421837,brasil_aberto,True
PR,4125308,São Jorge do Ivaí,Centro,centro,,,brasil_aberto,True
PR,4125308,São Jorge do Ivaí,Copacabana do Norte,copacabana do norte,-23.5294707,-52.3797156,brasil_aberto,True
PR,4125357,São Jorge do Patrocínio,Centro,centro,-23.7632843,-53.8801991,brasil_aberto,True
PR,4125407,São José da Boa Vista,Centro,centro,-23.9171458,-49.6514548,brasil_aberto,True
PR,4125456,São José das Palmeiras,Centro,centro,,,brasil_aberto,True
PR,4125506,São José dos Pinhais,Academia,academia,-25.5129617,-49.136793,brasil_aberto,True
PR,4125506,São José dos Pinhais,Afonso Pena,afonso pena,-25.5093606,-49.1893423,brasil_aberto,True
PR,4125506,São José dos Pinhais,Aristocrata,aristocrata,-25.5408429,-49.2192388,brasil_aberto,True
PR,4125506,São José dos Pinhais,Arujá,aruja,-25.5928183,-49.175344,brasil_aberto,True
PR,4125506,São José dos Pinhais,Aviação,aviacao,-25.5159072,-49.1804785,brasil_aberto,True
PR,4125506,São José dos Pinhais,Barro Preto,barro preto,-25.5843739,-49.1712815,brasil_aberto,True
PR,4125506,São José dos Pinhais,Bom Jesus,bom jesus,-25.5536588,-49.2001242,brasil_aberto,True
PR,4125506,São José dos Pinhais,Boneca do Iguaçu,boneca do iguacu,-25.5181583,-49.1945403,brasil_aberto,True
PR,4125506,São José dos Pinhais,Borda do Campo,borda do campo,-25.5259886,-49.0982398,brasil_aberto,True
PR,4125506,São José dos Pinhais,Braga,braga,-25.5642558,-49.1951888,brasil_aberto,True
PR,4125506,São José dos Pinhais,Cachoeira,cachoeira,-25.6045666,-49.2580605,brasil_aberto,True
PR,4125506,São José dos Pinhais,Cachoeira de São José,cachoeira de sao jose,-25.6098556,-49.2378018,brasil_aberto,True
PR,4125506,São José dos Pinhais,Campestre da Faxina,campestre da faxina,-25.7358,-49.17759,brasil_aberto,True
PR,4125506,São José dos Pinhais,Campina,campina,-25.5648865,-49.1788992,brasil_aberto,True
PR,4125506,São José dos Pinhais,Campina do Miranguava,campina do miranguava,-25.6155491,-49.1754364,brasil_aberto,True
PR,4125506,São José dos Pinhais,Campina do Taquaral,campina do taquaral,-25.6117527,-49.2076286,brasil_aberto,True
PR,4125506,São José dos Pinhais,Campina dos Furtados,campina dos furtados,-25.5738715,-49.1878994,brasil_aberto,True
PR,4125506,São José dos Pinhais,Campo Largo da Roseira,campo largo da roseira,-25.6615092,-49.1690838,brasil_aberto,True
PR,4125506,São José dos Pinhais,Carioca,carioca,-25.5437834,-49.2003905,brasil_aberto,True
PR,4125506,São José dos Pinhais,Centro,centro,-25.538811,-49.2060612,brasil_aberto,True
PR,4125506,São José dos Pinhais,Cidade Jardim,cidade jardim,-25.5210795,-49.2052141,brasil_aberto,True
PR,4125506,São José dos Pinhais,Colonia Marcelino,colonia marcelino,-25.661457,-49.2177651,brasil_aberto,True
PR,4125506,São José dos Pinhais,Colônia Acioli,colonia acioli,-25.5345818,-49.2032653,brasil_aberto,True
PR,4125506,São José dos Pinhais,Colônia Castelhanos,colonia castelhanos,-25.8003512,-48.9112036,brasil_aberto,True
PR,4125506,São José dos Pinhais,Colônia Malhada,colonia malhada,-25.6637006,-49.0993965,brasil_aberto,True
PR,4125506,São José dos Pinhais,Colônia Murici,colonia murici,-25.5930539,-49.1195827,brasil_aberto,True
PR,4125506,São José dos Pinhais,Colônia Rio Grande,colonia rio grande,-25.5551773,-49.2187307,brasil_aberto,True
PR,4125506,São José dos Pinhais,Colônia Santos Andrade,colonia santos andrade,-25.5345818,-49.2032653,brasil_aberto,True
PR,4125506,São José dos Pinhais,Contenda,contenda,-25.6998192,-49.14745,brasil_aberto,True
PR,4125506,São José dos Pinhais,Costeira,costeira,-25.5622242,-49.1634664,brasil_aberto,True
PR,4125506,São José dos Pinhais,Cruzeiro,cruzeiro,-25.5408814,-49.1848684,brasil_aberto,True
PR,4125506,São José dos Pinhais,Del Rey,del rey,-25.5895214,-49.1584937,brasil_aberto,True
PR,4125506,São José dos Pinhais,Despique,despique,-25.5345818,-49.2032653,brasil_aberto,True
PR,4125506,São José dos Pinhais,Dom Rodrigo,dom rodrigo,-25.5449324,-49.0637922,brasil_aberto,True
PR,4125506,São José dos Pinhais,Emboque,emboque,-25.5345818,-49.2032653,brasil_aberto,True
PR,4125506,São José dos Pinhais,Faxina,faxina,-25.5345818,-49.2032653,brasil_aberto,True
PR,4125506,São José dos Pinhais,Gamela,gamela,-25.5985254,-49.0943433,brasil_aberto,True
PR,4125506,São José dos Pinhais,Guatupê,guatupe,-25.5049738,-49.1253915,brasil_aberto,True
PR,4125506,São José dos Pinhais,Inspetor Carvalho,inspetor carvalho,-25.5345818,-49.2032653,brasil_aberto,True
PR,4125506,São José dos Pinhais,Iná,ina,-25.5081896,-49.1637807,brasil_aberto,True
PR,4125506,São José dos Pinhais,Ipê,ipe,-25.4794153,-49.1766512,brasil_aberto,True
PR,4125506,São José dos Pinhais,Itália,italia,-25.5680611,-49.1963986,brasil_aberto,True
PR,4125506,São José dos Pinhais,Jurema,jurema,-25.5460873,-49.1382086,brasil_aberto,True
PR,4125506,São José dos Pinhais,Marcelino,marcelino,-25.5362198,-49.1967984,brasil_aberto,True
PR,4125506,São José dos Pinhais,Morro Alto,morro alto,-25.5345818,-49.2032653,brasil_aberto,True
PR,4125506,São José dos Pinhais,Olho Agudo,olho agudo,-25.5117089,-49.188726,brasil_aberto,True
PR,4125506,São José dos Pinhais,Ouro Fino,ouro fino,-25.5550858,-49.1786989,brasil_aberto,True
PR,4125506,São José dos Pinhais,Parque da Fonte,parque da fonte,-25.5057144,-49.1784671,brasil_aberto,True
PR,4125506,São José dos Pinhais,Pedro Moro,pedro moro,-25.5546903,-49.1960612,brasil_aberto,True
PR,4125506,São José dos Pinhais,Quississana,quississana,-25.54161,-49.15215999999999,brasil_aberto,True
PR,4125506,São José dos Pinhais,Rio Pequeno,rio pequeno,-25.5343135,-49.1401008,brasil_aberto,True
PR,4125506,São José dos Pinhais,Roseira de São Sebastião,roseira de sao sebastiao,-25.5202182,-49.1265684,brasil_aberto,True
PR,4125506,São José dos Pinhais,Roça Velha,roca velha,-25.6978838,-49.142564,brasil_aberto,True
PR,4125506,São José dos Pinhais,Santo Antônio,santo antonio,-25.5672332,-49.2029351,brasil_aberto,True
PR,4125506,São José dos Pinhais,Silveira da Motta,silveira da motta,-25.5326418,-49.2142286,brasil_aberto,True
PR,4125506,São José dos Pinhais,São Cristóvão,sao cristovao,-25.5240074,-49.1999113,brasil_aberto,True
PR,4125506,São José dos Pinhais,São Domingos,sao domingos,-25.5378822,-49.2166568,brasil_aberto,True
PR,4125506,São José dos Pinhais,São Marcos,sao marcos,-25.613498,-49.1724352,brasil_aberto,True
PR,4125506,São José dos Pinhais,São Pedro,sao pedro,-25.5440551,-49.1966241,brasil_aberto,True
PR,4125506,São José dos Pinhais,São Sebastião,sao sebastiao,-25.5461778,-49.0766607,brasil_aberto,True
PR,4125506,São José dos Pinhais,Três Marias,tres marias,-25.5323409,-49.2121443,brasil_aberto,True
PR,4125506,São José dos Pinhais,Zacarias,zacarias,-25.5805977,-49.2002053,brasil_aberto,True
PR,4125506,São José dos Pinhais,Águas Belas,aguas belas,-25.5345219,-49.1833872,brasil_aberto,True
PR,4125506,São José dos Pinhais,Área Rural de São José dos Pinhais,area rural de sao jose dos pinhais,-25.6602355,-49.0535097,brasil_aberto,True
PR,4124806,São João,Dois Irmãos,dois irmaos,-25.8284562,-52.7922145,brasil_aberto,True
PR,4124806,São João,Nova Lourdes,nova lourdes,-25.7864776,-52.8396866,brasil_aberto,True
PR,4124806,São João,São João,sao joao,-25.8266809,-52.7260864,brasil_aberto,True
PR,4124806,São João,Vila Paraíso,vila paraiso,-25.7624958,-52.76708739999999,brasil_aberto,True
PR,4124905,São João do Caiuá,Centro,centro,-22.8551889,-52.3381482,brasil_aberto,True
PR,4125001,São João do Ivaí,Centro,centro,-23.9972045,-51.8187502,brasil_aberto,True
PR,4125001,São João do Ivaí,Luar,luar,-23.9665791,-51.92627599999999,brasil_aberto,True
PR,4125001,São João do Ivaí,Santa Luzia da Alvorada,santa luzia da alvorada,-24.0590209,-51.8785821,brasil_aberto,True
PR,4125001,São João do Ivaí,Ubauna,ubauna,-23.9752142,-51.7157724,brasil_aberto,True
PR,4125100,São João do Triunfo,Centro,centro,-25.6861229,-50.30015030000001,brasil_aberto,True
PR,4125100,São João do Triunfo,Palmira,palmira,-25.685777,-50.2244429,brasil_aberto,True
PR,4125555,São Manoel do Paraná,Centro,centro,-23.3963335,-52.645878,brasil_aberto,True
PR,4125605,São Mateus do Sul,Caitá,caita,-25.8192665,-50.5756887,brasil_aberto,True
PR,4125605,São Mateus do Sul,Cambará,cambara,,,brasil_aberto,True
PR,4125605,São Mateus do Sul,Centro,centro,-25.8582652,-50.3953288,brasil_aberto,True
PR,4125605,São Mateus do Sul,Dois Irmãos,dois irmaos,-25.8055548,-50.4323235,brasil_aberto,True
PR,4125605,São Mateus do Sul,Estiva dos Vidal,estiva dos vidal,,,brasil_aberto,True
PR,4125605,São Mateus do Sul,Fartura do Potinga,fartura do potinga,,,brasil_aberto,True
PR,4125605,São Mateus do Sul,Faxinal dos Ilhéus,faxinal dos ilheus,,,brasil_aberto,True
PR,4125605,São Mateus do Sul,Fluviópolis,fluviopolis,-26.020911,-50.6004979,brasil_aberto,True
PR,4125605,São Mateus do Sul,Lajeadinho,lajeadinho,,,brasil_aberto,True
PR,4125605,São Mateus do Sul,Lajeado,lajeado,-26.038738,-50.357998,brasil_aberto,True
PR,4125605,São Mateus do Sul,Pontilhão,pontilhao,,,brasil_aberto,True
PR,4125605,São Mateus do Sul,Turvo de Baixo,turvo de baixo,,,brasil_aberto,True
PR,4125605,São Mateus do Sul,Vargem Grande,vargem grande,-25.8771847,-50.2959157,brasil_aberto,True
PR,4125605,São Mateus do Sul,Água Branca,agua branca,-25.731433,-50.3592553,brasil_aberto,True
PR,4125704,São Miguel do Iguaçu,Aurora do Iguaçu,aurora do iguacu,-25.3705443,-54.1592409,brasil_aberto,True
PR,4125704,São Miguel do Iguaçu,Centro,centro,-25.3423537,-54.2378353,brasil_aberto,True
PR,4125704,São Miguel do Iguaçu,São José do Iguaçu,sao jose do iguacu,-25.559167,-54.254167,brasil_aberto,True
PR,4125753,São Pedro do Iguaçu,Centro,centro,-24.9335438,-53.8588351,brasil_aberto,True
PR,4125753,São Pedro do Iguaçu,Luz Marina,luz marina,-24.8344401,-54.0294784,brasil_aberto,True
PR,4125803,São Pedro do Ivaí,Centro,centro,-23.8654059,-51.8589393,brasil_aberto,True
PR,4125803,São Pedro do Ivaí,Mariza,mariza,-23.765339,-51.92627599999999,brasil_aberto,True
PR,4125902,São Pedro do Paraná,Centro,centro,-25.5440394,-49.1960243,brasil_aberto,True
PR,4125902,São Pedro do Paraná,Porto São José,porto sao jose,-22.7198409,-53.17650039999999,brasil_aberto,True
PR,4126009,São Sebastião da Amoreira,Centro,centro,-23.4660966,-50.7599552,brasil_aberto,True
PR,4126108,São Tomé,Centro,centro,-5.972958999999999,-36.0757511,brasil_aberto,True
PR,4126678,Tamarana,Centro,centro,-23.7264923,-51.0949626,brasil_aberto,True
PR,4126702,Tamboara,Centro,centro,-23.2016677,-52.5032842,brasil_aberto,True
PR,4126801,Tapejara,Bela Vista do Tapiracui,bela vista do tapiracui,-23.5899411,-52.9380355,brasil_aberto,True
PR,4126801,Tapejara,Centro,centro,-23.7337784,-52.86754209999999,brasil_aberto,True
PR,4127007,Teixeira Soares,Centro,centro,-25.3731793,-50.4603309,brasil_aberto,True
PR,4127007,Teixeira Soares,Guaraúna,guarauna,-25.323894,-50.3605033,brasil_aberto,True
PR,4127106,Telêmaco Borba,Acampamento das Minas,acampamento das minas,-24.3335157,-50.6250279,brasil_aberto,True
PR,4127106,Telêmaco Borba,Alto Amparo,alto amparo,-24.7462446,-50.5394574,brasil_aberto,True
PR,4127106,Telêmaco Borba,Alto das Oliveiras,alto das oliveiras,-24.3311607,-50.6302413,brasil_aberto,True
PR,4127106,Telêmaco Borba,Alvorada,alvorada,-24.3404151,-50.6266161,brasil_aberto,True
PR,4127106,Telêmaco Borba,Ana Mary,ana mary,-24.3217266,-50.6147603,brasil_aberto,True
PR,4127106,Telêmaco Borba,Antas,antas,-24.3335157,-50.6250279,brasil_aberto,True
PR,4127106,Telêmaco Borba,Bela Vista do Paraíso,bela vista do paraiso,-24.3169629,-50.6190868,brasil_aberto,True
PR,4127106,Telêmaco Borba,Centro,centro,-24.3323559,-50.6227381,brasil_aberto,True
PR,4127106,Telêmaco Borba,Cidade Nova,cidade nova,-24.3314645,-50.6136589,brasil_aberto,True
PR,4127106,Telêmaco Borba,Faisqueira,faisqueira,-24.3335157,-50.6250279,brasil_aberto,True
PR,4127106,Telêmaco Borba,Fazenda Limeira,fazenda limeira,-24.3157317,-50.63626,brasil_aberto,True
PR,4127106,Telêmaco Borba,Guardamoria,guardamoria,-24.3335157,-50.6250279,brasil_aberto,True
PR,4127106,Telêmaco Borba,Harmonia,harmonia,-24.304291,-50.61108,brasil_aberto,True
PR,4127106,Telêmaco Borba,Imbauzinho,imbauzinho,-24.2673588,-50.6343086,brasil_aberto,True
PR,4127106,Telêmaco Borba,Jardim Alegre,jardim alegre,-24.3206877,-50.6401951,brasil_aberto,True
PR,4127106,Telêmaco Borba,Jardim Bandeirantes,jardim bandeirantes,-24.3325217,-50.6545775,brasil_aberto,True
PR,4127106,Telêmaco Borba,Jardim Bom Jesus,jardim bom jesus,-24.3252522,-50.6236947,brasil_aberto,True
PR,4127106,Telêmaco Borba,Jardim Bonavila,jardim bonavila,-24.3424309,-50.6158605,brasil_aberto,True
PR,4127106,Telêmaco Borba,Jardim Europa,jardim europa,-24.3443421,-50.606517,brasil_aberto,True
PR,4127106,Telêmaco Borba,Jardim Florestal,jardim florestal,-24.3248989,-50.6295013,brasil_aberto,True
PR,4127106,Telêmaco Borba,Jardim Itália,jardim italia,-24.3145917,-50.6300036,brasil_aberto,True
PR,4127106,Telêmaco Borba,Jardim Kroll,jardim kroll,-24.3220492,-50.6433464,brasil_aberto,True
PR,4127106,Telêmaco Borba,Jardim Margarida,jardim margarida,-24.3183729,-50.6145826,brasil_aberto,True
PR,4127106,Telêmaco Borba,Jardim Monte Carlo,jardim monte carlo,-24.3311552,-50.64501050000001,brasil_aberto,True
PR,4127106,Telêmaco Borba,Jardim Monte Sinai ll,jardim monte sinai ll,-24.308665,-50.6385803,brasil_aberto,True
PR,4127106,Telêmaco Borba,Jardim São Félix,jardim sao felix,-24.345913,-50.6083035,brasil_aberto,True
PR,4127106,Telêmaco Borba,Jardim São Rafael,jardim sao rafael,-24.3462605,-50.6088234,brasil_aberto,True
PR,4127106,Telêmaco Borba,Jardim União,jardim uniao,-24.3335157,-50.6250279,brasil_aberto,True
PR,4127106,Telêmaco Borba,Lagoa,lagoa,-24.2226472,-50.5419102,brasil_aberto,True
PR,4127106,Telêmaco Borba,Lagoinha,lagoinha,-24.3254881,-50.6367688,brasil_aberto,True
PR,4127106,Telêmaco Borba,Laranja Azeda,laranja azeda,-24.3335157,-50.6250279,brasil_aberto,True
PR,4127106,Telêmaco Borba,Macopa,macopa,-24.3237321,-50.6101387,brasil_aberto,True
PR,4127106,Telêmaco Borba,Miranda,miranda,-24.3370214,-50.6245345,brasil_aberto,True
PR,4127106,Telêmaco Borba,Monte Alegre,monte alegre,-24.3351041,-50.6354033,brasil_aberto,True
PR,4127106,Telêmaco Borba,Moradias Rio Alegre,moradias rio alegre,-24.34364003517573,-50.35893449208936,brasil_aberto,True
PR,4127106,Telêmaco Borba,Nossa Senhora de Fátima,nossa senhora de fatima,-24.3182347,-50.6589424,brasil_aberto,True
PR,4127106,Telêmaco Borba,Nossa Senhora do Perpétuo Socorro,nossa senhora do perpetuo socorro,-24.3352102,-50.6236773,brasil_aberto,True
PR,4127106,Telêmaco Borba,Olaria,olaria,-24.3335157,-50.6250279,brasil_aberto,True
PR,4127106,Telêmaco Borba,Parque Limeira Área II,parque limeira area ii,-24.3335157,-50.6250279,brasil_aberto,True
PR,4127106,Telêmaco Borba,Parque Limeira Área III,parque limeira area iii,-24.3182347,-50.6589424,brasil_aberto,True
PR,4127106,Telêmaco Borba,Parque Limeira Área VI,parque limeira area vi,-24.3108485,-50.658861,brasil_aberto,True
PR,4127106,Telêmaco Borba,Parque Limeira Área VII,parque limeira area vii,-24.3335157,-50.6250279,brasil_aberto,True
PR,4127106,Telêmaco Borba,Prata Um,prata um,-24.3335157,-50.6250279,brasil_aberto,True
PR,4127106,Telêmaco Borba,Recanto Feliz,recanto feliz,-24.3285551,-50.6396887,brasil_aberto,True
PR,4127106,Telêmaco Borba,Região dos Valos,regiao dos valos,-24.3335157,-50.6250279,brasil_aberto,True
PR,4127106,Telêmaco Borba,Residencial Casa Bela,residencial casa bela,,,brasil_aberto,True
PR,4127106,Telêmaco Borba,Socomim,socomim,-24.3323757,-50.6489466,brasil_aberto,True
PR,4127106,Telêmaco Borba,São João,sao joao,-24.3115,-50.6446372,brasil_aberto,True
PR,4127106,Telêmaco Borba,São Sebastião,sao sebastiao,-24.3200955,-50.6580944,brasil_aberto,True
PR,4127106,Telêmaco Borba,Vila Arcina,vila arcina,-24.3251022,-50.635887,brasil_aberto,True
PR,4127106,Telêmaco Borba,Vila Esperança,vila esperanca,-24.3157562,-50.6232484,brasil_aberto,True
PR,4127106,Telêmaco Borba,Vila Monte Belo,vila monte belo,-24.3315791,-50.606075,brasil_aberto,True
PR,4127106,Telêmaco Borba,Vila Ozório,vila ozorio,-24.3261207,-50.6344103,brasil_aberto,True
PR,4127106,Telêmaco Borba,Vila Santa Rita,vila santa rita,-24.333032,-50.6046487,brasil_aberto,True
PR,4127106,Telêmaco Borba,Vila Siqueira,vila siqueira,-24.3335082,-50.6397191,brasil_aberto,True
PR,4127106,Telêmaco Borba,Vila São Francisco de Assis,vila sao francisco de assis,-24.346304,-50.6117194,brasil_aberto,True
PR,4127106,Telêmaco Borba,Vila São José,vila sao jose,-24.3307382,-50.6095104,brasil_aberto,True
PR,4127106,Telêmaco Borba,Vila São Vicente de Paula,vila sao vicente de paula,-24.3207771,-50.6208678,brasil_aberto,True
PR,4127106,Telêmaco Borba,km 30,km 30,-24.3335157,-50.6250279,brasil_aberto,True
PR,4127106,Telêmaco Borba,Área 01,area 01,-24.3249997,-50.6286535,brasil_aberto,True
PR,4127106,Telêmaco Borba,Área Rural de Telêmaco Borba,area rural de telemaco borba,-24.3335157,-50.6250279,brasil_aberto,True
PR,4127205,Terra Boa,Centro,centro,-23.7658108,-52.4466113,brasil_aberto,True
PR,4127205,Terra Boa,Malu,malu,-23.6729,-52.38151509999999,brasil_aberto,True
PR,4127304,Terra Rica,Adhemar de Barros,adhemar de barros,-22.6971551,-52.7670021,brasil_aberto,True
PR,4127304,Terra Rica,Centro,centro,-22.7290634,-52.6200386,brasil_aberto,True
PR,4127403,Terra Roxa,Santa Rita do Oeste,santa rita do oeste,-24.3714824,-54.0112624,brasil_aberto,True
PR,4127502,Tibagi,Alto do Amparo,alto do amparo,-24.7462446,-50.5394574,brasil_aberto,True
PR,4127502,Tibagi,Caetano Mendes,caetano mendes,-24.625058,-50.6420881,brasil_aberto,True
PR,4127502,Tibagi,Centro,centro,-24.517498,-50.4099894,brasil_aberto,True
PR,4127502,Tibagi,Distrito,distrito,-24.6228852,-50.6396619,brasil_aberto,True
PR,4127601,Tijucas do Sul,Campina,campina,-25.8279685,-49.1265219,brasil_aberto,True
PR,4127601,Tijucas do Sul,Centro,centro,-25.5442368,-49.2654377,brasil_aberto,True
PR,4127601,Tijucas do Sul,Lagoinha,lagoinha,-25.9459188,-49.2099025,brasil_aberto,True
PR,4127700,Toledo,Boa Vista,boa vista,-24.6614659,-53.6902112,brasil_aberto,True
PR,4127700,Toledo,Bom Princípio do Oeste,bom principio do oeste,-24.7743891,-53.6430994,brasil_aberto,True
PR,4127700,Toledo,Centro Industrial Meinolfo H Heiss,centro industrial meinolfo h heiss,,,brasil_aberto,True
PR,4127700,Toledo,Concórdia do Oeste,concordia do oeste,-24.7126166,-53.8488541,brasil_aberto,True
PR,4127700,Toledo,Conjunto Barão do Rio Branco II,conjunto barao do rio branco ii,,,brasil_aberto,True
PR,4127700,Toledo,César Park,cesar park,-24.7524861,-53.7442462,brasil_aberto,True
PR,4127700,Toledo,Dez de Maio,dez de maio,-24.6786356,-53.9163847,brasil_aberto,True
PR,4127700,Toledo,Dois Irmãos,dois irmaos,-24.6301966,-53.9276653,brasil_aberto,True
PR,4127700,Toledo,Dois Marcos,dois marcos,-31.7413197,-60.51154709999999,brasil_aberto,True
PR,4127700,Toledo,Doutor Ernesto,doutor ernesto,-25.2520888,-52.0215415,brasil_aberto,True
PR,4127700,Toledo,Fogotti,fogotti,-24.7461135,-53.738879,brasil_aberto,True
PR,4127700,Toledo,General Osório,general osorio,-24.7227347,-53.74082569999999,brasil_aberto,True
PR,4127700,Toledo,Independência,independencia,-24.7191861,-53.7067661,brasil_aberto,True
PR,4127700,Toledo,Jardim Anápolis,jardim anapolis,-24.6997059,-53.7374515,brasil_aberto,True
PR,4127700,Toledo,Jardim Arinela Grahl,jardim arinela grahl,,,brasil_aberto,True
PR,4127700,Toledo,Jardim Bressan,jardim bressan,-24.748785,-53.7385486,brasil_aberto,True
PR,4127700,Toledo,Jardim Cassandra,jardim cassandra,-24.7357848,-53.7254787,brasil_aberto,True
PR,4127700,Toledo,Jardim Concórdia,jardim concordia,-24.7308178,-53.7210034,brasil_aberto,True
PR,4127700,Toledo,Jardim Coopagro,jardim coopagro,-24.7132543,-53.7689729,brasil_aberto,True
PR,4127700,Toledo,Jardim Europa,jardim europa,-24.7398404,-53.7073304,brasil_aberto,True
PR,4127700,Toledo,Jardim Gisela,jardim gisela,-24.7167682,-53.7288184,brasil_aberto,True
PR,4127700,Toledo,Jardim La Salle,jardim la salle,-24.7206501,-53.7496258,brasil_aberto,True
PR,4127700,Toledo,Jardim Pancera,jardim pancera,-24.7359086,-53.7535032,brasil_aberto,True
PR,4127700,Toledo,Jardim Panorama,jardim panorama,-24.7650838,-53.7265021,brasil_aberto,True
PR,4127700,Toledo,Jardim Parigot,jardim parigot,-24.7174223,-53.7531988,brasil_aberto,True
PR,4127700,Toledo,Jardim Parizzotto,jardim parizzotto,-24.7474649,-53.7421972,brasil_aberto,True
PR,4127700,Toledo,Jardim Paulista,jardim paulista,-24.7409756,-53.7328633,brasil_aberto,True
PR,4127700,Toledo,Jardim Planalto,jardim planalto,-24.708335,-53.7619231,brasil_aberto,True
PR,4127700,Toledo,Jardim Porto Alegre,jardim porto alegre,-24.7168384,-53.7265304,brasil_aberto,True
PR,4127700,Toledo,Jardim Recanto,jardim recanto,,,brasil_aberto,True
PR,4127700,Toledo,Jardim Santa Maria,jardim santa maria,-24.7228505,-53.7591042,brasil_aberto,True
PR,4127700,Toledo,Linha Giacomini,linha giacomini,-24.5678813,-53.8539247,brasil_aberto,True
PR,4127700,Toledo,Lopei,lopei,-24.793735,-53.6077083,brasil_aberto,True
PR,4127700,Toledo,Maracanã,maracana,-24.7507262,-53.718608,brasil_aberto,True
PR,4127700,Toledo,Memória,memoria,-24.7227347,-53.74082569999999,brasil_aberto,True
PR,4127700,Toledo,Nova Brasília,nova brasilia,-24.7227347,-53.74082569999999,brasil_aberto,True
PR,4127700,Toledo,Nova Videira,nova videira,-24.7227347,-53.74082569999999,brasil_aberto,True
PR,4127700,Toledo,Novo Sarandi,novo sarandi,-24.5633896,-53.9059034,brasil_aberto,True
PR,4127700,Toledo,Novo Sobradinho,novo sobradinho,-24.6358405,-53.7368131,brasil_aberto,True
PR,4127700,Toledo,Ouro Preto,ouro preto,-24.6775634,-53.6141595,brasil_aberto,True
PR,4127700,Toledo,Pinheirinho,pinheirinho,-24.7514504,-53.70296159999999,brasil_aberto,True
PR,4127700,Toledo,Sadia,sadia,-24.57382,-53.8088773,brasil_aberto,True
PR,4127700,Toledo,Sede Chaparral,sede chaparral,-24.7898738,-53.7246363,brasil_aberto,True
PR,4127700,Toledo,São Francisco,sao francisco,-24.7636383,-53.7486719,brasil_aberto,True
PR,4127700,Toledo,São Luiz do Oeste,sao luiz do oeste,-24.7270635,-53.5960371,brasil_aberto,True
PR,4127700,Toledo,São Miguel,sao miguel,-24.6154003,-53.8423698,brasil_aberto,True
PR,4127700,Toledo,São Paulo,sao paulo,-24.7158957,-53.7183784,brasil_aberto,True
PR,4127700,Toledo,Tapui,tapui,-25.1386954,-52.99443309999999,brasil_aberto,True
PR,4127700,Toledo,Tocantins,tocantins,-24.7166228,-53.7614815,brasil_aberto,True
PR,4127700,Toledo,Três Bocas,tres bocas,-24.6704729,-53.8101671,brasil_aberto,True
PR,4127700,Toledo,Vila Becker,vila becker,-24.7413309,-53.7613366,brasil_aberto,True
PR,4127700,Toledo,Vila Brasil,vila brasil,-24.7341718,-53.7526801,brasil_aberto,True
PR,4127700,Toledo,Vila Flórida,vila florida,-24.7227347,-53.74082569999999,brasil_aberto,True
PR,4127700,Toledo,Vila Industrial,vila industrial,-24.707408,-53.7435512,brasil_aberto,True
PR,4127700,Toledo,Vila Ipiranga,vila ipiranga,-24.7378108,-53.75529830000001,brasil_aberto,True
PR,4127700,Toledo,Vila Nova,vila nova,-24.5766104,-53.8002809,brasil_aberto,True
PR,4127700,Toledo,Vila Operária,vila operaria,-24.7360713,-53.7268885,brasil_aberto,True
PR,4127700,Toledo,Vila Pioneiro,vila pioneiro,-24.7552873,-53.7131286,brasil_aberto,True
PR,4127700,Toledo,Xaxim,xaxim,-24.7278726,-53.8258531,brasil_aberto,True
PR,4127700,Toledo,Área Rural de Toledo,area rural de toledo,-24.7227436,-53.7408209,brasil_aberto,True
PR,4127809,Tomazina,Centro,centro,-23.7782717,-49.9568442,brasil_aberto,True
PR,4127809,Tomazina,Sapé,sape,-23.6186641,-49.998236,brasil_aberto,True
PR,4127858,Três Barras do Paraná,Centro,centro,-25.4209457,-53.1807338,brasil_aberto,True
PR,4127858,Três Barras do Paraná,Santo Izidoro,santo izidoro,-25.5383624,-53.2409443,brasil_aberto,True
PR,4127882,Tunas do Paraná,Centro,centro,-24.9721654,-49.0857119,brasil_aberto,True
PR,4127882,Tunas do Paraná,João XXIII,joao xxiii,,,brasil_aberto,True
PR,4127882,Tunas do Paraná,Marquês de Abrantes,marques de abrantes,-24.979433,-48.9288571,brasil_aberto,True
PR,4127882,Tunas do Paraná,Ouro Fino,ouro fino,-24.9731698,-49.0854389,brasil_aberto,True
PR,4127908,Tuneiras do Oeste,Aparecida do Oeste,aparecida do oeste,-23.862029,-52.8720313,brasil_aberto,True
PR,4127908,Tuneiras do Oeste,Centro,centro,-23.8718478,-52.876857,brasil_aberto,True
PR,4127908,Tuneiras do Oeste,Marabá,maraba,-23.7552093,-52.7678515,brasil_aberto,True
PR,4127957,Tupãssi,Centro,centro,-24.5862078,-53.5100929,brasil_aberto,True
PR,4127965,Turvo,Centro,centro,-25.0471476,-51.5388409,brasil_aberto,True
PR,4127965,Turvo,Faxinal da Boa Vista,faxinal da boa vista,,,brasil_aberto,True
PR,4128005,Ubiratã,Centro,centro,-24.543437,-52.9903827,brasil_aberto,True
PR,4128005,Ubiratã,Yolanda,yolanda,-24.4534661,-53.078199,brasil_aberto,True
PR,4128104,Umuarama,Alto Alegre,alto alegre,-23.6044967,-53.3223823,brasil_aberto,True
PR,4128104,Umuarama,Conjunto Habitacional Sonho Meu,conjunto habitacional sonho meu,-23.7953625,-53.3481787,brasil_aberto,True
PR,4128104,Umuarama,Conjunto Patrimônio Umuarama,conjunto patrimonio umuarama,-23.7627286,-53.3119989,brasil_aberto,True
PR,4128104,Umuarama,Conjunto Residencial Córrego Longe,conjunto residencial corrego longe,-23.7482933,-53.2784339,brasil_aberto,True
PR,4128104,Umuarama,Conjunto Residencial Guarani I,conjunto residencial guarani i,-23.7473996,-53.3204959,brasil_aberto,True
PR,4128104,Umuarama,Conjunto Residencial Guarani III,conjunto residencial guarani iii,-23.7805304,-53.3107599,brasil_aberto,True
PR,4128104,Umuarama,Conjunto Residencial Independência,conjunto residencial independencia,-23.7753796,-53.3364021,brasil_aberto,True
PR,4128104,Umuarama,Conjunto Residencial Ouro Branco,conjunto residencial ouro branco,-23.7816614,-53.3368193,brasil_aberto,True
PR,4128104,Umuarama,Conjunto Residencial Ouro Preto,conjunto residencial ouro preto,-23.7529935,-53.27866880000001,brasil_aberto,True
PR,4128104,Umuarama,Conjunto Residencial Portal das Águas,conjunto residencial portal das aguas,-23.7530265,-53.2883799,brasil_aberto,True
PR,4128104,Umuarama,Conjunto Residencial Porto Belo,conjunto residencial porto belo,-23.7797997,-53.3114487,brasil_aberto,True
PR,4128104,Umuarama,Conjunto Residencial Vinte e Oito de Outubro,conjunto residencial vinte e oito de outubro,-23.7451531,-53.3133504,brasil_aberto,True
PR,4128104,Umuarama,Conjunto Residencial Vinte e Seis de Junho,conjunto residencial vinte e seis de junho,-23.773633,-53.3340921,brasil_aberto,True
PR,4128104,Umuarama,Fazenda Salmo 23,fazenda salmo 23,-23.7627286,-53.3119989,brasil_aberto,True
PR,4128104,Umuarama,Formigone,formigone,-23.7627286,-53.3119989,brasil_aberto,True
PR,4128104,Umuarama,Grevilha Empresarial,grevilha empresarial,-23.8146181,-53.32364399999999,brasil_aberto,True
PR,4128104,Umuarama,Iarama,iarama,-23.7627286,-53.3119989,brasil_aberto,True
PR,4128104,Umuarama,Jaborandi,jaborandi,-23.7627286,-53.3119989,brasil_aberto,True
PR,4128104,Umuarama,Jardim Acácia,jardim acacia,-23.7891605,-53.3058408,brasil_aberto,True
PR,4128104,Umuarama,Jardim Aeroporto,jardim aeroporto,-23.7627286,-53.3119989,brasil_aberto,True
PR,4128104,Umuarama,Jardim Aeroporto II,jardim aeroporto ii,-23.7920447,-53.3203716,brasil_aberto,True
PR,4128104,Umuarama,Jardim Aeroporto III,jardim aeroporto iii,-23.7917964,-53.3203866,brasil_aberto,True
PR,4128104,Umuarama,Jardim Aeroporto IV,jardim aeroporto iv,-23.791539,-53.3239631,brasil_aberto,True
PR,4128104,Umuarama,Jardim Alphavile,jardim alphavile,-23.7509461,-53.2855955,brasil_aberto,True
PR,4128104,Umuarama,Jardim Alto da Boa Vista,jardim alto da boa vista,-23.7864932,-53.3226613,brasil_aberto,True
PR,4128104,Umuarama,Jardim Alto da Glória,jardim alto da gloria,-23.7902055,-53.3033899,brasil_aberto,True
PR,4128104,Umuarama,Jardim Alvorada,jardim alvorada,-23.7836653,-53.3160883,brasil_aberto,True
PR,4128104,Umuarama,Jardim América,jardim america,-23.7564944,-53.2928423,brasil_aberto,True
PR,4128104,Umuarama,Jardim Aratimbó,jardim aratimbo,-23.7553851,-53.2915409,brasil_aberto,True
PR,4128104,Umuarama,Jardim Araucária,jardim araucaria,-23.7665038,-53.2901576,brasil_aberto,True
PR,4128104,Umuarama,Jardim Araxá,jardim araxa,-23.7535133,-53.324395,brasil_aberto,True
PR,4128104,Umuarama,Jardim Arco Íris,jardim arco iris,-23.7627286,-53.3119989,brasil_aberto,True
PR,4128104,Umuarama,Jardim Atlântico,jardim atlantico,-23.7460761,-53.3020117,brasil_aberto,True
PR,4128104,Umuarama,Jardim Azaléia,jardim azaleia,-23.762041,-53.2817391,brasil_aberto,True
PR,4128104,Umuarama,Jardim Beira Rio,jardim beira rio,-23.7830854,-53.2896888,brasil_aberto,True
PR,4128104,Umuarama,Jardim Bela Vista,jardim bela vista,-23.7844936,-53.3151121,brasil_aberto,True
PR,4128104,Umuarama,Jardim Belvedere,jardim belvedere,-23.7711758,-53.292662,brasil_aberto,True
PR,4128104,Umuarama,Jardim Birigüi,jardim birigui,-23.7697099,-53.2946929,brasil_aberto,True
PR,4128104,Umuarama,Jardim Campo Belo,jardim campo belo,-23.7724958,-53.281874,brasil_aberto,True
PR,4128104,Umuarama,Jardim Campo Novo,jardim campo novo,-23.769444,-53.2715161,brasil_aberto,True
PR,4128104,Umuarama,Jardim Canadá,jardim canada,-23.7732937,-53.2963728,brasil_aberto,True
PR,4128104,Umuarama,Jardim Canadá II,jardim canada ii,-23.7749765,-53.2944994,brasil_aberto,True
PR,4128104,Umuarama,Jardim Caravelle,jardim caravelle,-23.7529771,-53.325428,brasil_aberto,True
PR,4128104,Umuarama,Jardim Carolina,jardim carolina,-23.775624,-53.301564,brasil_aberto,True
PR,4128104,Umuarama,Jardim Castelo Branco,jardim castelo branco,-23.7550424,-53.3269449,brasil_aberto,True
PR,4128104,Umuarama,Jardim Cidade Alta,jardim cidade alta,-23.7719449,-53.2941087,brasil_aberto,True
PR,4128104,Umuarama,Jardim Cima,jardim cima,-23.7544378,-53.3228636,brasil_aberto,True
PR,4128104,Umuarama,Jardim Colibri,jardim colibri,-23.7784731,-53.3199079,brasil_aberto,True
PR,4128104,Umuarama,Jardim Colorado,jardim colorado,-23.7875395,-53.3253857,brasil_aberto,True
PR,4128104,Umuarama,Jardim Cruzeiro,jardim cruzeiro,-23.7514685,-53.282251,brasil_aberto,True
PR,4128104,Umuarama,Jardim Estância,jardim estancia,-23.7608963,-53.3274273,brasil_aberto,True
PR,4128104,Umuarama,Jardim Europa,jardim europa,-23.759562,-53.2920122,brasil_aberto,True
PR,4128104,Umuarama,Jardim Florença,jardim florenca,-23.7621586,-53.288995,brasil_aberto,True
PR,4128104,Umuarama,Jardim Garças,jardim garcas,-23.7627286,-53.3119989,brasil_aberto,True
PR,4128104,Umuarama,Jardim Global,jardim global,-23.7710864,-53.2908059,brasil_aberto,True
PR,4128104,Umuarama,Jardim Graciosa,jardim graciosa,-23.7627286,-53.3119989,brasil_aberto,True
PR,4128104,Umuarama,Jardim Iguaçu,jardim iguacu,-23.769284,-53.3045138,brasil_aberto,True
PR,4128104,Umuarama,Jardim Imigrantes,jardim imigrantes,-23.7485993,-53.292922,brasil_aberto,True
PR,4128104,Umuarama,Jardim Imigrantes II,jardim imigrantes ii,-23.7474106,-53.293584,brasil_aberto,True
PR,4128104,Umuarama,Jardim Imperial I,jardim imperial i,-23.7627286,-53.3119989,brasil_aberto,True
PR,4128104,Umuarama,Jardim Império do Sol,jardim imperio do sol,-23.7627286,-53.3119989,brasil_aberto,True
PR,4128104,Umuarama,Jardim Indaiá,jardim indaia,-23.7706121,-53.3046919,brasil_aberto,True
PR,4128104,Umuarama,Jardim Ipanema,jardim ipanema,-23.7782497,-53.3286026,brasil_aberto,True
PR,4128104,Umuarama,Jardim Ipê,jardim ipe,-23.7854326,-53.333059,brasil_aberto,True
PR,4128104,Umuarama,Jardim Irene,jardim irene,-23.7495475,-53.3266157,brasil_aberto,True
PR,4128104,Umuarama,Jardim Itapuã,jardim itapua,-23.7580573,-53.3242241,brasil_aberto,True
PR,4128104,Umuarama,Jardim Janina,jardim janina,-23.7882167,-53.3380301,brasil_aberto,True
PR,4128104,Umuarama,Jardim Jota Miranda,jardim jota miranda,-23.7891605,-53.3058408,brasil_aberto,True
PR,4128104,Umuarama,Jardim Kennedy,jardim kennedy,-23.7821317,-53.3341791,brasil_aberto,True
PR,4128104,Umuarama,Jardim Laguna,jardim laguna,-23.7506482,-53.2892073,brasil_aberto,True
PR,4128104,Umuarama,Jardim Lisboa,jardim lisboa,-23.7503677,-53.2970597,brasil_aberto,True
PR,4128104,Umuarama,Jardim Lopes,jardim lopes,-23.7891605,-53.3058408,brasil_aberto,True
PR,4128104,Umuarama,Jardim Lopes II,jardim lopes ii,-23.7634412,-53.3279345,brasil_aberto,True
PR,4128104,Umuarama,Jardim Los Angeles,jardim los angeles,-23.7467466,-53.319086,brasil_aberto,True
PR,4128104,Umuarama,Jardim Maria Lúcia,jardim maria lucia,-23.7739821,-53.3005712,brasil_aberto,True
PR,4128104,Umuarama,Jardim Mediterrâneo,jardim mediterraneo,-23.7561347,-53.2850162,brasil_aberto,True
PR,4128104,Umuarama,Jardim Modelo,jardim modelo,-23.7496,-53.3240373,brasil_aberto,True
PR,4128104,Umuarama,Jardim Modelo I,jardim modelo i,-23.7891605,-53.3058408,brasil_aberto,True
PR,4128104,Umuarama,Jardim Monte Carlo,jardim monte carlo,-23.789663,-53.3169422,brasil_aberto,True
PR,4128104,Umuarama,Jardim Morumbi I,jardim morumbi i,-23.7886327,-53.3044113,brasil_aberto,True
PR,4128104,Umuarama,Jardim Morumbi II,jardim morumbi ii,-23.7891605,-53.3058408,brasil_aberto,True
PR,4128104,Umuarama,Jardim Nova América,jardim nova america,-23.7835788,-53.2900593,brasil_aberto,True
PR,4128104,Umuarama,Jardim Novo Milênio,jardim novo milenio,-23.781783,-53.3347127,brasil_aberto,True
PR,4128104,Umuarama,Jardim Oliveira,jardim oliveira,-23.7666864,-53.2905565,brasil_aberto,True
PR,4128104,Umuarama,Jardim Oriente,jardim oriente,-23.7799067,-53.3332407,brasil_aberto,True
PR,4128104,Umuarama,Jardim Pacífico,jardim pacifico,-23.7399823,-53.3055919,brasil_aberto,True
PR,4128104,Umuarama,Jardim Paineiras,jardim paineiras,-23.776099,-53.3175545,brasil_aberto,True
PR,4128104,Umuarama,Jardim Panorama,jardim panorama,-23.7742258,-53.3028356,brasil_aberto,True
PR,4128104,Umuarama,Jardim Paraíso,jardim paraiso,-23.7751762,-53.2974839,brasil_aberto,True
PR,4128104,Umuarama,Jardim Petrópolis,jardim petropolis,-23.7749892,-53.3101191,brasil_aberto,True
PR,4128104,Umuarama,Jardim Pimentel,jardim pimentel,-23.7916711,-53.3040788,brasil_aberto,True
PR,4128104,Umuarama,Jardim Pioneiros,jardim pioneiros,-23.7902055,-53.3033899,brasil_aberto,True
PR,4128104,Umuarama,Jardim Porto Madero,jardim porto madero,-23.7891605,-53.3058408,brasil_aberto,True
PR,4128104,Umuarama,Jardim Porto Seguro,jardim porto seguro,-23.7616537,-53.2872798,brasil_aberto,True
PR,4128104,Umuarama,Jardim Primavera,jardim primavera,-23.777709,-53.2954315,brasil_aberto,True
PR,4128104,Umuarama,Jardim Real,jardim real,-23.7858807,-53.2900602,brasil_aberto,True
PR,4128104,Umuarama,Jardim Rotary,jardim rotary,-23.7653097,-53.2914755,brasil_aberto,True
PR,4128104,Umuarama,Jardim Sakai,jardim sakai,-23.7501663,-53.3269534,brasil_aberto,True
PR,4128104,Umuarama,Jardim San Fernando,jardim san fernando,-23.781319,-53.3267998,brasil_aberto,True
PR,4128104,Umuarama,Jardim San Lourenço,jardim san lourenco,-23.7616537,-53.2872798,brasil_aberto,True
PR,4128104,Umuarama,Jardim San Martim,jardim san martim,-23.7782093,-53.3348469,brasil_aberto,True
PR,4128104,Umuarama,Jardim San Rafael,jardim san rafael,-23.7777069,-53.3300537,brasil_aberto,True
PR,4128104,Umuarama,Jardim Santa Clara,jardim santa clara,-23.7650884,-53.286752,brasil_aberto,True
PR,4128104,Umuarama,Jardim Santiago,jardim santiago,-23.7961178,-53.3202334,brasil_aberto,True
PR,4128104,Umuarama,Jardim Shangri-la,jardim shangri-la,-23.776571,-53.3285519,brasil_aberto,True
PR,4128104,Umuarama,Jardim Social,jardim social,-23.770479,-53.3096387,brasil_aberto,True
PR,4128104,Umuarama,Jardim Sol Nascente,jardim sol nascente,-23.7744054,-53.2864661,brasil_aberto,True
PR,4128104,Umuarama,Jardim Soluar,jardim soluar,-23.7467711,-53.2807391,brasil_aberto,True
PR,4128104,Umuarama,Jardim São Cristovão II,jardim sao cristovao ii,-23.7808205,-53.2878879,brasil_aberto,True
PR,4128104,Umuarama,Jardim São Cristóvão,jardim sao cristovao,-23.7828556,-53.2828058,brasil_aberto,True
PR,4128104,Umuarama,Jardim São Francisco,jardim sao francisco,-23.7677783,-53.2875211,brasil_aberto,True
PR,4128104,Umuarama,Jardim São José,jardim sao jose,-23.7627286,-53.3119989,brasil_aberto,True
PR,4128104,Umuarama,Jardim São Marcos,jardim sao marcos,-23.7692279,-53.299959,brasil_aberto,True
PR,4128104,Umuarama,Jardim Tamoio,jardim tamoio,-23.7718963,-53.2961029,brasil_aberto,True
PR,4128104,Umuarama,Jardim Tangará,jardim tangara,-23.7702904,-53.2998886,brasil_aberto,True
PR,4128104,Umuarama,Jardim Topázio,jardim topazio,-23.779228,-53.334023,brasil_aberto,True
PR,4128104,Umuarama,Jardim Trianon,jardim trianon,-23.7520583,-53.2746457,brasil_aberto,True
PR,4128104,Umuarama,Jardim Tropical,jardim tropical,-23.766613,-53.3264974,brasil_aberto,True
PR,4128104,Umuarama,Jardim Tupã,jardim tupa,-23.7627286,-53.3119989,brasil_aberto,True
PR,4128104,Umuarama,Jardim Universitário,jardim universitario,-23.7808555,-53.3251753,brasil_aberto,True
PR,4128104,Umuarama,Jardim União,jardim uniao,-23.7788189,-53.3276813,brasil_aberto,True
PR,4128104,Umuarama,Jardim Veneza,jardim veneza,-23.7878765,-53.3266842,brasil_aberto,True
PR,4128104,Umuarama,Jardim Veneza II,jardim veneza ii,-23.7627286,-53.3119989,brasil_aberto,True
PR,4128104,Umuarama,Jardim Verde Vale,jardim verde vale,-23.747145,-53.3127777,brasil_aberto,True
PR,4128104,Umuarama,Jardim Vila Rica,jardim vila rica,-23.7534616,-53.3229046,brasil_aberto,True
PR,4128104,Umuarama,Jardim Vitória,jardim vitoria,-23.7462808,-53.3183627,brasil_aberto,True
PR,4128104,Umuarama,Jardim Viveiros,jardim viveiros,-23.7884344,-53.3040137,brasil_aberto,True
PR,4128104,Umuarama,Jardim Yoshi,jardim yoshi,-23.7643534,-53.2846005,brasil_aberto,True
PR,4128104,Umuarama,Jardim das Cerejeiras,jardim das cerejeiras,-23.7590763,-53.3302248,brasil_aberto,True
PR,4128104,Umuarama,Jardim das Garças ll,jardim das garcas ll,-23.7663823,-53.33401370000001,brasil_aberto,True
PR,4128104,Umuarama,Jardim das Garças lll,jardim das garcas lll,-23.7678468,-53.334851,brasil_aberto,True
PR,4128104,Umuarama,Jardim dos Pioneiros II,jardim dos pioneiros ii,-23.77864,-53.3217839,brasil_aberto,True
PR,4128104,Umuarama,Jardim dos Príncipes,jardim dos principes,-23.7614517,-53.2933971,brasil_aberto,True
PR,4128104,Umuarama,Lovat,lovat,-23.7633852,-53.31623829999999,brasil_aberto,True
PR,4128104,Umuarama,Mont Blanc Residence,mont blanc residence,-23.7744686,-53.3160101,brasil_aberto,True
PR,4128104,Umuarama,Mutirão Jardim Alvorada,mutirao jardim alvorada,-23.7856579,-53.3159425,brasil_aberto,True
PR,4128104,Umuarama,Núcleo Cruzeiro,nucleo cruzeiro,-23.7300772,-53.3172363,brasil_aberto,True
PR,4128104,Umuarama,Parque 1º de Maio,parque 1º de maio,-23.7851871,-53.3151631,brasil_aberto,True
PR,4128104,Umuarama,Parque Alto da Paraná,parque alto da parana,-23.7504824,-53.2751166,brasil_aberto,True
PR,4128104,Umuarama,Parque Bandeirantes,parque bandeirantes,-23.7492659,-53.2913852,brasil_aberto,True
PR,4128104,Umuarama,Parque Bonfim,parque bonfim,-23.7744653,-53.2718442,brasil_aberto,True
PR,4128104,Umuarama,Parque Caiuá,parque caiua,-23.7822809,-53.3280328,brasil_aberto,True
PR,4128104,Umuarama,Parque Cidade Jardim,parque cidade jardim,-23.7745473,-53.3082,brasil_aberto,True
PR,4128104,Umuarama,Parque Colina Verde,parque colina verde,-23.7820977,-53.2975854,brasil_aberto,True
PR,4128104,Umuarama,Parque Danielle,parque danielle,-23.7868629,-53.3203729,brasil_aberto,True
PR,4128104,Umuarama,Parque Dom Bosco,parque dom bosco,-23.7728975,-53.2840665,brasil_aberto,True
PR,4128104,Umuarama,Parque Dom Pedro I,parque dom pedro i,-23.7695738,-53.3309074,brasil_aberto,True
PR,4128104,Umuarama,Parque Dom Pedro II,parque dom pedro ii,-23.7737549,-53.3360289,brasil_aberto,True
PR,4128104,Umuarama,Parque Estância II,parque estancia ii,-23.760795,-53.32969929999999,brasil_aberto,True
PR,4128104,Umuarama,Parque Firenze,parque firenze,-23.7653858,-53.2710697,brasil_aberto,True
PR,4128104,Umuarama,Parque Ibirapuera,parque ibirapuera,-23.736933,-53.3154441,brasil_aberto,True
PR,4128104,Umuarama,Parque Industrial,parque industrial,-23.7836366,-53.3094624,brasil_aberto,True
PR,4128104,Umuarama,Parque Industrial Comercial Novo Horizonte,parque industrial comercial novo horizonte,-19.9599187,-44.0370555,brasil_aberto,True
PR,4128104,Umuarama,Parque Industrial I,parque industrial i,-23.7891744,-53.297615,brasil_aberto,True
PR,4128104,Umuarama,Parque Industrial II,parque industrial ii,-23.8139076,-53.3220998,brasil_aberto,True
PR,4128104,Umuarama,Parque Industrial Vereador Sebastião de Mendonça Xavier Ribeiro,parque industrial vereador sebastiao de mendonca xavier ribeiro,-23.811229,-53.3207407,brasil_aberto,True
PR,4128104,Umuarama,Parque Irani,parque irani,-23.7841932,-53.3363097,brasil_aberto,True
PR,4128104,Umuarama,Parque Melhoramentos,parque melhoramentos,-23.767313,-53.293328,brasil_aberto,True
PR,4128104,Umuarama,Parque Onix,parque onix,-23.7463798,-53.2753384,brasil_aberto,True
PR,4128104,Umuarama,Parque Presidente,parque presidente,-23.7664992,-53.2937072,brasil_aberto,True
PR,4128104,Umuarama,Parque Residencial Belo Horizonte,parque residencial belo horizonte,-23.7868285,-53.3010138,brasil_aberto,True
PR,4128104,Umuarama,Parque Residencial Belo Monte,parque residencial belo monte,-23.7845852,-53.3365175,brasil_aberto,True
PR,4128104,Umuarama,Parque Residencial Copacabana,parque residencial copacabana,-23.7558748,-53.2839834,brasil_aberto,True
PR,4128104,Umuarama,Parque Residencial Dubai,parque residencial dubai,-23.7627286,-53.3119989,brasil_aberto,True
PR,4128104,Umuarama,Parque Residencial Interlagos,parque residencial interlagos,-23.7612895,-53.2747335,brasil_aberto,True
PR,4128104,Umuarama,Parque Residencial Interlagos II,parque residencial interlagos ii,-23.7580397,-53.2734582,brasil_aberto,True
PR,4128104,Umuarama,Parque Residencial Itália,parque residencial italia,-23.7627286,-53.3119989,brasil_aberto,True
PR,4128104,Umuarama,Parque Residencial Itália II,parque residencial italia ii,-23.7627286,-53.3119989,brasil_aberto,True
PR,4128104,Umuarama,Parque Residencial Itália III,parque residencial italia iii,-23.7965656,-53.3423148,brasil_aberto,True
PR,4128104,Umuarama,Parque Residencial Metropolitano,parque residencial metropolitano,-23.7631724,-53.2673141,brasil_aberto,True
PR,4128104,Umuarama,Parque Residencial Metropolitano II,parque residencial metropolitano ii,-23.7631724,-53.2673141,brasil_aberto,True
PR,4128104,Umuarama,Parque Residencial Monte Líbano,parque residencial monte libano,-23.7559952,-53.2816239,brasil_aberto,True
PR,4128104,Umuarama,Parque Residencial Montreal,parque residencial montreal,-23.7891829,-53.3355924,brasil_aberto,True
PR,4128104,Umuarama,Parque Residencial Tokio,parque residencial tokio,-23.7763596,-53.2636561,brasil_aberto,True
PR,4128104,Umuarama,Parque Residencial Viena,parque residencial viena,-23.7973956,-53.3176006,brasil_aberto,True
PR,4128104,Umuarama,Parque Residencial Viena II,parque residencial viena ii,-23.7978619,-53.3288223,brasil_aberto,True
PR,4128104,Umuarama,Parque Residencial Viena III,parque residencial viena iii,-23.7973956,-53.3176006,brasil_aberto,True
PR,4128104,Umuarama,Parque Residencial da Gávea,parque residencial da gavea,-23.7518752,-53.2797538,brasil_aberto,True
PR,4128104,Umuarama,Parque San Caetano,parque san caetano,-23.7815492,-53.3155855,brasil_aberto,True
PR,4128104,Umuarama,Parque San Marino,parque san marino,-23.7302977,-53.3179803,brasil_aberto,True
PR,4128104,Umuarama,Parque San Remo I,parque san remo i,-23.7796279,-53.3123449,brasil_aberto,True
PR,4128104,Umuarama,Parque San Remo III,parque san remo iii,-23.7804456,-53.3126553,brasil_aberto,True
PR,4128104,Umuarama,Parque Tarumã,parque taruma,-23.7869164,-53.330265,brasil_aberto,True
PR,4128104,Umuarama,Parque Vitória Régia,parque vitoria regia,-23.7863206,-53.3208381,brasil_aberto,True
PR,4128104,Umuarama,Parque das Jaboticabeiras,parque das jaboticabeiras,-23.7308553,-53.3166538,brasil_aberto,True
PR,4128104,Umuarama,Parque das Laranjeiras,parque das laranjeiras,-23.7805837,-53.3096405,brasil_aberto,True
PR,4128104,Umuarama,Parque das Nações,parque das nacoes,-23.7622443,-53.3346849,brasil_aberto,True
PR,4128104,Umuarama,Paysage Essenza Condomínio,paysage essenza condominio,-23.7541844,-53.2689205,brasil_aberto,True
PR,4128104,Umuarama,Recanto Lago Azul,recanto lago azul,-23.7866634,-53.2814216,brasil_aberto,True
PR,4128104,Umuarama,Residencial Ecoville,residencial ecoville,-23.7788189,-53.3276813,brasil_aberto,True
PR,4128104,Umuarama,Residencial Euro Park,residencial euro park,-23.7549856,-53.2762894,brasil_aberto,True
PR,4128104,Umuarama,Residencial Golden Ville,residencial golden ville,-23.7828223,-53.3229845,brasil_aberto,True
PR,4128104,Umuarama,Residencial Royal Garden,residencial royal garden,-23.7601588,-53.28864249999999,brasil_aberto,True
PR,4128104,Umuarama,Roberto Silveira,roberto silveira,-23.7639253,-53.3246833,brasil_aberto,True
PR,4128104,Umuarama,Santa Eliza,santa eliza,-23.5297041,-53.4638006,brasil_aberto,True
PR,4128104,Umuarama,Serra dos Dourados,serra dos dourados,-23.7627286,-53.3119989,brasil_aberto,True
PR,4128104,Umuarama,Soleil Residence,soleil residence,-23.7551116,-53.2825485,brasil_aberto,True
PR,4128104,Umuarama,São Francisco,sao francisco,-23.7837583,-53.2833623,brasil_aberto,True
PR,4128104,Umuarama,Três Placas,tres placas,-23.6522388,-53.3363884,brasil_aberto,True
PR,4128104,Umuarama,Zona I,zona i,-23.7676577,-53.3133282,brasil_aberto,True
PR,4128104,Umuarama,Zona I-A,zona i-a,-23.7645607,-53.3184349,brasil_aberto,True
PR,4128104,Umuarama,Zona II,zona ii,-23.7655407,-53.2995267,brasil_aberto,True
PR,4128104,Umuarama,Zona III,zona iii,-23.7475014,-53.294233,brasil_aberto,True
PR,4128104,Umuarama,Zona IV,zona iv,-23.7484856,-53.3026335,brasil_aberto,True
PR,4128104,Umuarama,Zona V,zona v,-23.7498259,-53.3163293,brasil_aberto,True
PR,4128104,Umuarama,Zona VI,zona vi,-23.7672079,-53.3278337,brasil_aberto,True
PR,4128104,Umuarama,Zona VII,zona vii,-23.7785528,-53.3234736,brasil_aberto,True
PR,4128104,Umuarama,Área Rural de Umuarama,area rural de umuarama,-23.7627286,-53.3119989,brasil_aberto,True
PR,4128302,Uniflor,Centro,centro,,,brasil_aberto,True
PR,4128203,União da Vitória,Bela Vista,bela vista,-26.2568101,-51.1063445,brasil_aberto,True
PR,4128203,União da Vitória,Bento Munhoz da Rocha,bento munhoz da rocha,-26.2223944,-51.0581664,brasil_aberto,True
PR,4128203,União da Vitória,Bom Jesus,bom jesus,-26.2183106,-51.0597082,brasil_aberto,True
PR,4128203,União da Vitória,Centro,centro,-26.2329883,-51.0894266,brasil_aberto,True
PR,4128203,União da Vitória,Cidade Jardim,cidade jardim,-26.2232632,-51.0626534,brasil_aberto,True
PR,4128203,União da Vitória,Cristo Rei,cristo rei,-26.2008872,-51.095309,brasil_aberto,True
PR,4128203,União da Vitória,Dona Mercedes,dona mercedes,-26.2153296,-51.1104577,brasil_aberto,True
PR,4128203,União da Vitória,Limeira,limeira,-26.273094,-51.1029485,brasil_aberto,True
PR,4128203,União da Vitória,Monte Castelo,monte castelo,-26.2721091,-51.1181983,brasil_aberto,True
PR,4128203,União da Vitória,Navegantes,navegantes,-26.2230274,-51.0856043,brasil_aberto,True
PR,4128203,União da Vitória,Nossa Senhora da Salete,nossa senhora da salete,-26.2365313,-51.062705,brasil_aberto,True
PR,4128203,União da Vitória,Nossa Senhora das Graças,nossa senhora das gracas,-26.1948268,-51.040977,brasil_aberto,True
PR,4128203,União da Vitória,Nossa Senhora do Rocio,nossa senhora do rocio,-26.2459089,-51.0926681,brasil_aberto,True
PR,4128203,União da Vitória,Ouro Verde,ouro verde,-26.2011432,-51.0462388,brasil_aberto,True
PR,4128203,União da Vitória,Ponte Nova,ponte nova,-26.2192921,-51.095484,brasil_aberto,True
PR,4128203,União da Vitória,Rio D'Areia,rio d'areia,-26.2579165,-51.0981575,brasil_aberto,True
PR,4128203,União da Vitória,Sagrada Família,sagrada familia,-26.2334833,-51.0700197,brasil_aberto,True
PR,4128203,União da Vitória,São Basilio Magno,sao basilio magno,-26.2406863,-51.0933427,brasil_aberto,True
PR,4128203,União da Vitória,São Bernardo,sao bernardo,-26.2357936,-51.0940232,brasil_aberto,True
PR,4128203,União da Vitória,São Braz,sao braz,-26.2374923,-51.0506377,brasil_aberto,True
PR,4128203,União da Vitória,São Cristovão,sao cristovao,-26.2256799,-51.03490619999999,brasil_aberto,True
PR,4128203,União da Vitória,São Domingos,sao domingos,-26.1501244,-51.1033866,brasil_aberto,True
PR,4128203,União da Vitória,São Gabriel,sao gabriel,-26.2360693,-51.1254612,brasil_aberto,True
PR,4128203,União da Vitória,São Joaquim,sao joaquim,-26.2008872,-51.095309,brasil_aberto,True
PR,4128203,União da Vitória,São Sebastião,sao sebastiao,-26.2263395,-51.0292121,brasil_aberto,True
PR,4128203,União da Vitória,Área Rural de União da Vitória,area rural de uniao da vitoria,-26.2274158,-51.0862516,brasil_aberto,True
PR,4128401,Uraí,Centro,centro,-23.2011616,-50.79452029999999,brasil_aberto,True
PR,4128401,Uraí,Cruzeiro do Norte,cruzeiro do norte,-23.2297872,-50.8619583,brasil_aberto,True
PR,4128534,Ventania,Barro Preto,barro preto,-24.1669421,-50.3001376,brasil_aberto,True
PR,4128534,Ventania,Centro,centro,-24.2479282,-50.2457167,brasil_aberto,True
PR,4128559,Vera Cruz do Oeste,Centro,centro,-25.0611065,-53.8829874,brasil_aberto,True
PR,4128609,Verê,Centro,centro,-25.8796643,-52.9064181,brasil_aberto,True
PR,4128609,Verê,Presidente Kennedy,presidente kennedy,-25.8014666,-52.9492324,brasil_aberto,True
PR,4128609,Verê,Sede Progresso,sede progresso,-25.9025734,-53.0426533,brasil_aberto,True
PR,4128658,Virmond,Centro,centro,-25.7386976,-49.7114115,brasil_aberto,True
PR,4128708,Vitorino,Centro,centro,-30.0302132,-51.2255244,brasil_aberto,True
PR,4128807,Xambrê,Casa Branca,casa branca,-23.6912298,-53.6176937,brasil_aberto,True
PR,4128807,Xambrê,Centro,centro,-23.7335776,-53.49066879999999,brasil_aberto,True
PR,4128807,Xambrê,Eliza,eliza,-23.7584288,-53.6393566,brasil_aberto,True
PR,4101150,Ângulo,Centro,centro,-23.1961244,-51.917185,brasil_aberto,True
