Uf,CityIbgeCode,City,Neighborhood,NormalizedName,Latitude,Longitude,Source,IsActive
BA,2900108,Abaíra,Catolés,catoles,-13.2933414,-41.8477067,brasil_aberto_first_street,True
BA,2900108,Abaíra,Centro,centro,-13.2500504,-41.6648707,brasil_aberto_first_street,True
BA,2900207,Abaré,Centro,centro,-8.72228718,-39.11528397,brasil_aberto_first_street,True
BA,2900207,Abaré,Ibó,ibo,,,dne,True
BA,2900207,Abaré,Icozeira,icozeira,,,brasil_aberto,True
BA,2900306,Acajutiba,Centro,centro,-11.6609597,-38.0186793,brasil_aberto_first_street,True
BA,2900355,Adustina,Centro,centro,-10.53524303,-38.11959457,brasil_aberto_first_street,True
BA,2900405,Água Fria,Água Fria,agua fria,,,brasil_aberto,True
BA,2900405,Água Fria,Centro,centro,-11.8702714,-38.7620639,brasil_aberto_first_street,True
BA,2900405,Água Fria,Pataíba,pataiba,,,dne,True
BA,2900504,Érico Cardoso,Centro,centro,-13.4178083,-42.1404045,brasil_aberto_first_street,True
BA,2900603,Aiquara,Área Rural de Aiquara,area rural de aiquara,-14.127104,-39.88992,mapbox_geocoding,True
BA,2900603,Aiquara,Centro,centro,-14.125177,-39.89066,mapbox_geocoding,True
BA,2900603,Aiquara,Palmeirinha,palmeirinha,,,dne,True
BA,2900603,Aiquara,São Francisco,sao francisco,-14.125177,-39.89066,mapbox_geocoding,True
BA,2900702,Alagoinhas,2 de Julho,2 de julho,-12.147504,-38.430054,mapbox_geocoding,True
BA,2900702,Alagoinhas,Alagoinhas Velha,alagoinhas velha,-12.129694,-38.419515,mapbox_geocoding,True
BA,2900702,Alagoinhas,Alto Sagrado Coração de Jesus,alto sagrado coracao de jesus,-12.136454,-38.422977,mapbox_geocoding,True
BA,2900702,Alagoinhas,Área Rural de Alagoinhas,area rural de alagoinhas,-11.294854,-41.818867,mapbox_geocoding,True
BA,2900702,Alagoinhas,Baixa da Candeia,baixa da candeia,-7.15251,-34.973726,mapbox_geocoding,True
BA,2900702,Alagoinhas,Barreiro,barreiro,-12.135971,-38.434011,mapbox_geocoding,True
BA,2900702,Alagoinhas,Boa União,boa uniao,,,dne,True
BA,2900702,Alagoinhas,Calu,calu,-12.514091,-38.224319,mapbox_geocoding,True
BA,2900702,Alagoinhas,Catu,catu,-11.942577,-38.092559,mapbox_geocoding,True
BA,2900702,Alagoinhas,Cavada,cavada,-12.129694,-38.419515,mapbox_geocoding,True
BA,2900702,Alagoinhas,Centro,centro,-12.147504,-38.430054,mapbox_geocoding,True
BA,2900702,Alagoinhas,Coqueiral,coqueiral,-12.1339689,-38.4211223,brasil_aberto_first_street,True
BA,2900702,Alagoinhas,Cruzeiro dos Montes,cruzeiro dos montes,-12.207055,-38.209442,mapbox_geocoding,True
BA,2900702,Alagoinhas,DESAL,desal,-12.136454,-38.422977,mapbox_geocoding,True
BA,2900702,Alagoinhas,Distrito Florestal,distrito florestal,-12.924649,-38.446243,mapbox_geocoding,True
BA,2900702,Alagoinhas,Distrito Industrial I,distrito industrial i,-30.015016,-51.173776,mapbox_geocoding,True
BA,2900702,Alagoinhas,Distrito Industrial II,distrito industrial ii,-12.169743,-38.414416,mapbox_geocoding,True
BA,2900702,Alagoinhas,Distrito Industrial III,distrito industrial iii,-12.084792,-38.352005,mapbox_geocoding,True
BA,2900702,Alagoinhas,Distrito Militar,distrito militar,-12.176637,-38.415039,mapbox_geocoding,True
BA,2900702,Alagoinhas,Dois de Julho,dois de julho,,,brasil_aberto,True
BA,2900702,Alagoinhas,Jambeiro,jambeiro,-17.72819,-39.180918,mapbox_geocoding,True
BA,2900702,Alagoinhas,Jardim Pedro Braga,jardim pedro braga,,,brasil_aberto,True
BA,2900702,Alagoinhas,Jardim Petrolar,jardim petrolar,-12.1500462,-38.4162914,brasil_aberto_first_street,True
BA,2900702,Alagoinhas,Jorge Amado,jorge amado,-2.989589,-60.068825,mapbox_geocoding,True
BA,2900702,Alagoinhas,Juracy Magalhães,juracy magalhaes,-14.880875,-40.844458,mapbox_geocoding,True
BA,2900702,Alagoinhas,Kennedy,kennedy,,,brasil_aberto,True
BA,2900702,Alagoinhas,Mãe Cirila,mae cirila,-12.260305,-38.948141,mapbox_geocoding,True
BA,2900702,Alagoinhas,Mangalô,mangalo,-12.146102,-38.43872,mapbox_geocoding,True
BA,2900702,Alagoinhas,Miguel Velho,miguel velho,-12.143228,-38.454903,mapbox_geocoding,True
BA,2900702,Alagoinhas,Narandiba,narandiba,,,dne,True
BA,2900702,Alagoinhas,Nova Alagoinhas,nova alagoinhas,-12.123983,-38.408197,mapbox_geocoding,True
BA,2900702,Alagoinhas,Nova Brasília,nova brasilia,-2.43217,-45.142298,mapbox_geocoding,True
BA,2900702,Alagoinhas,Novo Horizonte,novo horizonte,-12.136454,-38.422977,mapbox_geocoding,True
BA,2900702,Alagoinhas,Parque Santa Maria,parque santa maria,-12.139755,-38.441672,mapbox_geocoding,True
BA,2900702,Alagoinhas,Parque Verde,parque verde,-12.142867,-38.427484,mapbox_geocoding,True
BA,2900702,Alagoinhas,Parque Vitória,parque vitoria,,,brasil_aberto,True
BA,2900702,Alagoinhas,Pinto Aguiar,pinto aguiar,-12.147504,-38.430054,mapbox_geocoding,True
BA,2900702,Alagoinhas,Pirinel,pirinel,-12.126701,-38.411074,mapbox_geocoding,True
BA,2900702,Alagoinhas,Praça Kennedy,praca kennedy,-12.712294,-38.132509,mapbox_geocoding,True
BA,2900702,Alagoinhas,Riacho da Guia,riacho da guia,-12.146037,-38.652027,mapbox_geocoding,True
BA,2900702,Alagoinhas,Riacho do Mel,riacho do mel,-12.169743,-38.414416,mapbox_geocoding,True
BA,2900702,Alagoinhas,Santa Isabel,santa isabel,-12.136855,-38.415859,mapbox_geocoding,True
BA,2900702,Alagoinhas,Santa Terezinha,santa terezinha,-12.136454,-38.422977,mapbox_geocoding,True
BA,2900702,Alagoinhas,Santo Antônio,santo antonio,-12.260305,-38.948141,mapbox_geocoding,True
BA,2900702,Alagoinhas,São Francisco,sao francisco,-12.132443,-38.424284,mapbox_geocoding,True
BA,2900702,Alagoinhas,São Jerônimo,sao jeronimo,-12.132443,-38.424284,mapbox_geocoding,True
BA,2900702,Alagoinhas,São Lucas,sao lucas,-12.128526,-38.42337,mapbox_geocoding,True
BA,2900702,Alagoinhas,Sauípe,sauipe,-12.115282,-38.387281,mapbox_geocoding,True
BA,2900702,Alagoinhas,Serra do Ouro,serra do ouro,-12.128526,-38.42337,mapbox_geocoding,True
BA,2900702,Alagoinhas,Severino Vieira,severino vieira,-12.147504,-38.430054,mapbox_geocoding,True
BA,2900702,Alagoinhas,Silva Jardim,silva jardim,-12.14041,-38.430321,mapbox_geocoding,True
BA,2900702,Alagoinhas,Taizé,taize,-12.126701,-38.411074,mapbox_geocoding,True
BA,2900702,Alagoinhas,Teresópolis,teresopolis,,,brasil_aberto,True
BA,2900702,Alagoinhas,Terezópolis,terezopolis,-12.131216,-38.425812,mapbox_geocoding,True
BA,2900702,Alagoinhas,Vale,vale,-14.852542,-40.826147,mapbox_geocoding,True
BA,2900801,Alcobaça,Centro,centro,-17.54099464,-39.19329834,brasil_aberto_first_street,True
BA,2900801,Alcobaça,São José de Alcobaça,sao jose de alcobaca,,,brasil_aberto,True
BA,2900900,Almadina,Centro,centro,-14.70292282,-39.63699722,brasil_aberto_first_street,True
BA,2901007,Amargosa,Centro,centro,-13.0296908,-39.6044255,brasil_aberto_first_street,True
BA,2901007,Amargosa,Corta Mão,corta mao,,,dne,True
BA,2901007,Amargosa,Diógenes Sampaio,diogenes sampaio,,,dne,True
BA,2901007,Amargosa,Itachama,itachama,,,dne,True
BA,2901106,Amélia Rodrigues,Centro,centro,-22.80243683,-43.37079239,brasil_aberto_first_street,True
BA,2901106,Amélia Rodrigues,Inhata,inhata,-12.4013938,-38.6990609,brasil_aberto_first_street,True
BA,2901106,Amélia Rodrigues,Mata da Aliança,mata da alianca,-12.45666218,-39.07619476,brasil_aberto_first_street,True
BA,2901155,América Dourada,Área Rural de América Dourada,area rural de america dourada,-11.453319,-41.43687,mapbox_geocoding,True
BA,2901155,América Dourada,Belo Campo,belo campo,-14.654249,-39.267902,mapbox_geocoding,True
BA,2901155,América Dourada,Centro,centro,-11.453457,-41.436666,mapbox_geocoding,True
BA,2901155,América Dourada,Ipanema,ipanema,,,dne,True
BA,2901155,América Dourada,Nova América,nova america,-11.443074,-41.424423,mapbox_geocoding,True
BA,2901155,América Dourada,Prevenido,prevenido,-11.453319,-41.43687,mapbox_geocoding,True
BA,2901155,América Dourada,Soares,soares,-11.308036,-41.474133,mapbox_geocoding,True
BA,2901205,Anagé,Área Rural de Anagé,area rural de anage,-11.294854,-41.818867,mapbox_geocoding,True
BA,2901205,Anagé,Augusto Vieira,augusto vieira,-14.615949,-41.13965,mapbox_geocoding,True
BA,2901205,Anagé,Centro,centro,-14.615949,-41.13965,mapbox_geocoding,True
BA,2901205,Anagé,Coquinhos,coquinhos,,,dne,True
BA,2901205,Anagé,Povoado Lindo Horizonte,povoado lindo horizonte,-14.5583469,-40.68153299999999,brasil_aberto_first_street,True
BA,2901205,Anagé,São João Batista,sao joao batista,-14.615949,-41.13965,mapbox_geocoding,True
BA,2901205,Anagé,Vila dos Umbuzeiros,vila dos umbuzeiros,-14.621912,-41.082941,mapbox_geocoding,True
BA,2901304,Andaraí,Centro,centro,-9.40068245,-38.22309113,brasil_aberto_first_street,True
BA,2901304,Andaraí,Igatu,igatu,-12.9667847,-41.260776,brasil_aberto_first_street,True
BA,2901304,Andaraí,Ubiraitá,ubiraita,-12.5910624,-41.0100493,brasil_aberto_first_street,True
BA,2901353,Andorinha,Centro,centro,38.70822525,-9.13774776,brasil_aberto_first_street,True
BA,2901353,Andorinha,Sítio da Baraúna,sitio da barauna,,,brasil_aberto,True
BA,2901353,Andorinha,Sítio do Açude,sitio do acude,,,dne,True
BA,2901353,Andorinha,Tanquinho do Poço,tanquinho do poco,-10.40572739,-39.93819427,brasil_aberto_first_street,True
BA,2901403,Angical,Área Rural de Angical,area rural de angical,-12.007636,-44.695904,mapbox_geocoding,True
BA,2901403,Angical,Bela Vista,bela vista,-12.004935,-44.699227,mapbox_geocoding,True
BA,2901403,Angical,Centro,centro,-12.004935,-44.699227,mapbox_geocoding,True
BA,2901403,Angical,Elpídio Pereira,elpidio pereira,-12.010978,-44.700711,mapbox_geocoding,True
BA,2901403,Angical,Missão de Aricobé,missao de aricobe,-12.0586062,-44.4633285,brasil_aberto_first_street,True
BA,2901403,Angical,Missão do Aricobe,missao do aricobe,,,brasil_aberto,True
BA,2901403,Angical,Novo Angical,novo angical,-12.004935,-44.699227,mapbox_geocoding,True
BA,2901403,Angical,Santana,santana,-12.010978,-44.700711,mapbox_geocoding,True
BA,2901403,Angical,São Jorge,sao jorge,-12.00685,-44.698169,mapbox_geocoding,True
BA,2901403,Angical,Teotônio Bainha,teotonio bainha,-12.002753,-44.698092,mapbox_geocoding,True
BA,2901403,Angical,Vila Bahia,vila bahia,-12.002753,-44.698092,mapbox_geocoding,True
BA,2901403,Angical,Vila Nova,vila nova,-12.000278,-44.704834,mapbox_geocoding,True
BA,2901403,Angical,Vivenda do Paraíso,vivenda do paraiso,-12.00786,-44.700638,mapbox_geocoding,True
BA,2901502,Anguera,Área de Expansão Urbana I,area de expansao urbana i,-12.154905,-39.244299,mapbox_geocoding,True
BA,2901502,Anguera,Área de Expansão Urbana II,area de expansao urbana ii,-12.154905,-39.244299,mapbox_geocoding,True
BA,2901502,Anguera,Área Rural de Anguera,area rural de anguera,-11.294854,-41.818867,mapbox_geocoding,True
BA,2901502,Anguera,Areias,areias,,,dne,True
BA,2901502,Anguera,Cajueiro,cajueiro,-12.151759,-39.242252,mapbox_geocoding,True
BA,2901502,Anguera,Centro,centro,-11.900837,-39.658903,mapbox_geocoding,True
BA,2901502,Anguera,Fonte Nova,fonte nova,-12.151759,-39.242252,mapbox_geocoding,True
BA,2901502,Anguera,Guaribas,guaribas,,,dne,True
BA,2901502,Anguera,Guaribinhas,guaribinhas,,,dne,True
BA,2901502,Anguera,Massapê,massape,,,dne,True
BA,2901502,Anguera,Nova Anguera,nova anguera,-12.151759,-39.242252,mapbox_geocoding,True
BA,2901502,Anguera,Piedade,piedade,-12.154905,-39.244299,mapbox_geocoding,True
BA,2901502,Anguera,Usina,usina,-12.661584,-38.743629,mapbox_geocoding,True
BA,2901502,Anguera,Vila Teles,vila teles,,,dne,True
BA,2901601,Antas,Boa Vista,boa vista,,,brasil_aberto,True
BA,2901601,Antas,Centro,centro,-12.6712324,-38.5493523,brasil_aberto_first_street,True
BA,2901601,Antas,Duas Serras,duas serras,,,brasil_aberto,True
BA,2901601,Antas,Entroncamento,entroncamento,,,brasil_aberto,True
BA,2901601,Antas,Frei Apolônio,frei apolonio,,,brasil_aberto,True
BA,2901601,Antas,Rangel,rangel,,,brasil_aberto,True
BA,2901700,Antônio Cardoso,Centro,centro,-12.436436,-39.1196004,brasil_aberto_first_street,True
BA,2901809,Antônio Gonçalves,Caldeirão do Mulato,caldeirao do mulato,,,brasil_aberto,True
BA,2901809,Antônio Gonçalves,Centro,centro,-10.57144642,-40.2764473,brasil_aberto_first_street,True
BA,2901908,Aporá,Centro,centro,-11.715681,-38.228372,mapbox_geocoding,True
BA,2901908,Aporá,Itamira,itamira,,,dne,True
BA,2901957,Apuarema,Centro,centro,-13.8554951,-39.7443567,brasil_aberto_first_street,True
BA,2901957,Apuarema,Filanésia,filanesia,,,dne,True
BA,2902005,Aracatu,Centro,centro,-14.42936802,-41.45999527,brasil_aberto_first_street,True
BA,2902005,Aracatu,Piabanha,piabanha,,,dne,True
BA,2902005,Aracatu,Várzea da Pedra,varzea da pedra,,,brasil_aberto,True
BA,2902054,Araçás,Centro,centro,-12.2118578,-38.20300293,brasil_aberto_first_street,True
BA,2902104,Araci,Centro,centro,-11.3356154,-38.9618334,brasil_aberto_first_street,True
BA,2902104,Araci,Pedra Alta,pedra alta,,,dne,True
BA,2902203,Aramari,Centro,centro,-12.09043026,-38.49727631,brasil_aberto_first_street,True
BA,2902252,Arataca,Centro,centro,-22.89881897,-43.17983246,brasil_aberto_first_street,True
BA,2902252,Arataca,Itatingui,itatingui,,,dne,True
BA,2902302,Aratuípe,Centro,centro,-13.0786111,-39.0011556,brasil_aberto_first_street,True
BA,2902302,Aratuípe,Maragogipinho,maragogipinho,,,dne,True
BA,2902401,Aurelino Leal,Centro,centro,-14.3176902,-39.3218027,brasil_aberto_first_street,True
BA,2902401,Aurelino Leal,Laje do Banco,laje do banco,,,dne,True
BA,2902401,Aurelino Leal,Poço Central,poco central,,,dne,True
BA,2902500,Baianópolis,Área Rural de Baianópolis,area rural de baianopolis,-12.30571,-44.535275,mapbox_geocoding,True
BA,2902500,Baianópolis,Bela Vista,bela vista,-12.2993,-44.536993,mapbox_geocoding,True
BA,2902500,Baianópolis,Centro,centro,-12.305683,-44.537532,mapbox_geocoding,True
BA,2902500,Baianópolis,Ipanema,ipanema,-12.376274,-38.386432,mapbox_geocoding,True
BA,2902500,Baianópolis,Mário Borges,mario borges,-12.30679,-44.539925,mapbox_geocoding,True
BA,2902500,Baianópolis,Rufino Alves Mendonça,rufino alves mendonca,-12.305683,-44.537532,mapbox_geocoding,True
BA,2902500,Baianópolis,Várzeas,varzeas,-12.4388042,-44.6168926,brasil_aberto_first_street,True
BA,2902500,Baianópolis,Vitória,vitoria,-12.30679,-44.539925,mapbox_geocoding,True
BA,2902609,Baixa Grande,Centro,centro,-11.9604602,-40.1673651,brasil_aberto_first_street,True
BA,2902658,Banzaê,Centro,centro,-10.58110905,-38.61278915,brasil_aberto_first_street,True
BA,2902658,Banzaê,Mirandela,mirandela,,,dne,True
BA,2902708,Barra,Ibiraba,ibiraba,,,dne,True
BA,2902708,Barra,Igarité,igarite,,,dne,True
BA,2902708,Barra,Papagaio,papagaio,-11.09065723,-43.14463425,brasil_aberto_first_street,True
BA,2902807,Barra da Estiva,Centro,centro,-13.6271035,-41.32904690000001,brasil_aberto_first_street,True
BA,2902807,Barra da Estiva,Triunfo do Sincorá,triunfo do sincora,,,dne,True
BA,2902906,Barra do Choça,Águas do Catolé,aguas do catole,-14.872011,-40.581529,mapbox_geocoding,True
BA,2902906,Barra do Choça,Área Rural de Barra do Choça,area rural de barra do choca,-14.968106,-40.553594,mapbox_geocoding,True
BA,2902906,Barra do Choça,Barra Nova,barra nova,-14.971718,-40.558831,mapbox_geocoding,True
BA,2902906,Barra do Choça,Bela Vista,bela vista,-14.87171,-40.581787,mapbox_geocoding,True
BA,2902906,Barra do Choça,Bom Retiro,bom retiro,-14.858438,-40.57902,mapbox_geocoding,True
BA,2902906,Barra do Choça,Centro,centro,-14.864909,-40.578892,mapbox_geocoding,True
BA,2902906,Barra do Choça,Cidade Jardim,cidade jardim,-14.87336,-40.576631,mapbox_geocoding,True
BA,2902906,Barra do Choça,Morada dos Pássaros,morada dos passaros,-14.865973,-40.578106,mapbox_geocoding,True
BA,2902906,Barra do Choça,Ouro Verde,ouro verde,-14.895097,-40.65274,mapbox_geocoding,True
BA,2902906,Barra do Choça,Primavera,primavera,-14.862572,-40.570454,mapbox_geocoding,True
BA,2903003,Barra do Mendes,Antarí,antari,,,dne,True
BA,2903003,Barra do Mendes,Barrolandia,barrolandia,-11.80937958,-42.06050873,brasil_aberto_first_street,True
BA,2903003,Barra do Mendes,Minas do Espírito Santo,minas do espirito santo,,,dne,True
BA,2903102,Barra do Rocha,Centro,centro,-12.98177814,-38.49123764,brasil_aberto_first_street,True
BA,2903201,Barreiras,Alphaville,alphaville,-12.1425177,-44.9807516,brasil_aberto_first_street,True
BA,2903201,Barreiras,Antonio Geraldo,antonio geraldo,-12.1564839,-45.0064823,brasil_aberto_first_street,True
BA,2903201,Barreiras,Aratu,aratu,-12.147616,-45.0003159,brasil_aberto_first_street,True
BA,2903201,Barreiras,Arboreto,arboreto,-12.127893,-44.94986,mapbox_geocoding,True
BA,2903201,Barreiras,Área Rural de Barreiras,area rural de barreiras,-12.1477483,-44.9953475,brasil_aberto_first_street,True
BA,2903201,Barreiras,Bandeirantes,bandeirantes,-12.1425994,-44.9735076,brasil_aberto_first_street,True
BA,2903201,Barreiras,Barreiras I,barreiras i,-12.273517,-45.041217,mapbox_geocoding,True
BA,2903201,Barreiras,Barreiras II,barreiras ii,-12.122392,-45.000972,mapbox_geocoding,True
BA,2903201,Barreiras,Barreirinhas,barreirinhas,-12.13991737,-45.01105881,brasil_aberto_first_street,True
BA,2903201,Barreiras,Bela Vista,bela vista,-12.89410496,-38.48742676,brasil_aberto_first_street,True
BA,2903201,Barreiras,Boa Sorte,boa sorte,-12.1687387,-45.0081584,brasil_aberto_first_street,True
BA,2903201,Barreiras,Buritis,buritis,-12.1195113,-44.9479835,brasil_aberto_first_street,True
BA,2903201,Barreiras,Centro,centro,-12.98564434,-38.46657181,brasil_aberto_first_street,True
BA,2903201,Barreiras,Chácaras Candeias,chacaras candeias,-12.12180138,-45.08996964,brasil_aberto_first_street,True
BA,2903201,Barreiras,Cidade Nova,cidade nova,-12.1477483,-44.9953475,brasil_aberto_first_street,True
BA,2903201,Barreiras,Conquista,conquista,-12.151379,-45.021919,mapbox_geocoding,True
BA,2903201,Barreiras,Copacabana,copacabana,-12.1265906,-45.0057672,brasil_aberto_first_street,True
BA,2903201,Barreiras,Distrito Industrial,distrito industrial,-12.121861,-44.999591,mapbox_geocoding,True
BA,2903201,Barreiras,Firenze,firenze,-12.142518,-44.98042,mapbox_geocoding,True
BA,2903201,Barreiras,Flamengo,flamengo,-12.1424659,-44.9735541,brasil_aberto_first_street,True
BA,2903201,Barreiras,Jardim Ouro Branco,jardim ouro branco,-12.1429632,-44.9839005,brasil_aberto_first_street,True
BA,2903201,Barreiras,Jardim Vitória,jardim vitoria,-12.13597393,-44.97080994,brasil_aberto_first_street,True
BA,2903201,Barreiras,Jardins,jardins,-12.1427913,-44.9798966,brasil_aberto_first_street,True
BA,2903201,Barreiras,Juscelino Kubitschek,juscelino kubitschek,-12.1425177,-44.9807516,brasil_aberto_first_street,True
BA,2903201,Barreiras,Mimoso,mimoso,-12.13329887,-44.96465302,brasil_aberto_first_street,True
BA,2903201,Barreiras,Morada da Lua,morada da lua,-12.1768154,-44.9899493,brasil_aberto_first_street,True
BA,2903201,Barreiras,Morada Nobre,morada nobre,-12.1402885,-45.0112712,brasil_aberto_first_street,True
BA,2903201,Barreiras,Novo Horizonte,novo horizonte,-12.14278507,-44.97961426,brasil_aberto_first_street,True
BA,2903201,Barreiras,Parque Verde,parque verde,-12.05134773,-38.76541519,brasil_aberto_first_street,True
BA,2903201,Barreiras,Recanto dos Pássaros,recanto dos passaros,-12.1564839,-45.0064823,brasil_aberto_first_street,True
BA,2903201,Barreiras,Renato Gonçalves,renato goncalves,-12.14685154,-45.00051117,brasil_aberto_first_street,True
BA,2903201,Barreiras,Riachinho,riachinho,-12.1427913,-44.9798966,brasil_aberto_first_street,True
BA,2903201,Barreiras,Ribeirão,ribeirao,-12.1641283,-45.00790024,brasil_aberto_first_street,True
BA,2903201,Barreiras,Rio Grande,rio grande,-12.13597393,-44.97080994,brasil_aberto_first_street,True
BA,2903201,Barreiras,Sandra Regina,sandra regina,-12.1463001,-44.9921001,brasil_aberto_first_street,True
BA,2903201,Barreiras,Santa Luzia,santa luzia,-12.1366284,-44.972383,brasil_aberto_first_street,True
BA,2903201,Barreiras,Santo Antônio,santo antonio,-10.4337315,-36.5380181,brasil_aberto_first_street,True
BA,2903201,Barreiras,São Francisco,sao francisco,-12.122392,-45.000972,mapbox_geocoding,True
BA,2903201,Barreiras,São Miguel,sao miguel,-12.14251804,-44.98075104,brasil_aberto_first_street,True
BA,2903201,Barreiras,São Paulo,sao paulo,-12.1540786,-45.0006362,brasil_aberto_first_street,True
BA,2903201,Barreiras,São Pedro,sao pedro,-12.12679768,-45.00601959,brasil_aberto_first_street,True
BA,2903201,Barreiras,São Sebastião,sao sebastiao,-12.1213462,-45.0093269,brasil_aberto_first_street,True
BA,2903201,Barreiras,Serra da Bandeira,serra da bandeira,-12.131243,-44.998313,mapbox_geocoding,True
BA,2903201,Barreiras,Serra do Mimo,serra do mimo,-12.1422767,-44.9701537,brasil_aberto_first_street,True
BA,2903201,Barreiras,Sombra da Tarde,sombra da tarde,-12.13597393,-44.97080994,brasil_aberto_first_street,True
BA,2903201,Barreiras,Vila Amorim,vila amorim,-12.12583733,-45.00545502,brasil_aberto_first_street,True
BA,2903201,Barreiras,Vila Brasil,vila brasil,-12.1380972,-44.9841006,brasil_aberto_first_street,True
BA,2903201,Barreiras,Vila dos Funcionários,vila dos funcionarios,-12.1275774,-45.007687,brasil_aberto_first_street,True
BA,2903201,Barreiras,Vila dos Sas,vila dos sas,-12.13991737,-45.01105881,brasil_aberto_first_street,True
BA,2903201,Barreiras,Vila Dulce,vila dulce,-12.133638,-44.999712,brasil_aberto_first_street,True
BA,2903201,Barreiras,Vila Nova,vila nova,-12.13597393,-44.97080994,brasil_aberto_first_street,True
BA,2903201,Barreiras,Vila Regina,vila regina,-12.15407848,-45.00063705,brasil_aberto_first_street,True
BA,2903201,Barreiras,Vila Rica,vila rica,-12.13991737,-45.01105881,brasil_aberto_first_street,True
BA,2903235,Barro Alto,Área Rural de Barro Alto,area rural de barro alto,-11.763076,-41.911358,mapbox_geocoding,True
BA,2903235,Barro Alto,Beira Rio,beira rio,-11.761652,-41.912707,mapbox_geocoding,True
BA,2903235,Barro Alto,Centro,centro,-11.762973,-41.909817,mapbox_geocoding,True
BA,2903235,Barro Alto,Gameleira,gameleira,-11.835552,-39.616181,mapbox_geocoding,True
BA,2903235,Barro Alto,Gameleira do Barro Alto,gameleira do barro alto,,,brasil_aberto,True
BA,2903235,Barro Alto,Isabel Farias,isabel farias,-11.763917,-41.906707,mapbox_geocoding,True
BA,2903235,Barro Alto,Lagoa do Boi,lagoa do boi,,,dne,True
BA,2903235,Barro Alto,Lagoa Funda,lagoa funda,-11.747204,-41.825318,mapbox_geocoding,True
BA,2903235,Barro Alto,Mercadão,mercadao,-11.759907,-41.910113,mapbox_geocoding,True
BA,2903235,Barro Alto,Santana,santana,-11.763191,-41.90604,mapbox_geocoding,True
BA,2903235,Barro Alto,São Francisco,sao francisco,-11.766953,-41.898849,mapbox_geocoding,True
BA,2903276,Barrocas,Centro,centro,-11.52886868,-39.07671738,brasil_aberto_first_street,True
BA,2903300,Barro Preto,Centro,centro,-14.808597,-39.4730623,brasil_aberto_first_street,True
BA,2903409,Belmonte,Barrolândia,barrolandia,-16.1028349,-39.2723856,brasil_aberto_first_street,True
BA,2903409,Belmonte,Belmonte,belmonte,-15.85617447,-38.88035583,brasil_aberto_first_street,True
BA,2903409,Belmonte,Boca do Córrego,boca do corrego,,,dne,True
BA,2903409,Belmonte,Centro,centro,-15.8718887,-39.1333151,brasil_aberto_first_street,True
BA,2903409,Belmonte,Mogiquiçaba,mogiquicaba,,,dne,True
BA,2903409,Belmonte,Santa Maria Eterna,santa maria eterna,,,dne,True
BA,2903508,Belo Campo,Belo Campo,belo campo,-15.0384368,-41.259597,brasil_aberto_first_street,True
BA,2903508,Belo Campo,Centro,centro,-15.0384368,-41.259597,brasil_aberto_first_street,True
BA,2903607,Biritinga,Centro,centro,-11.621912,-38.80817413,brasil_aberto_first_street,True
BA,2903706,Boa Nova,Centro,centro,-14.3654869,-40.2086913,brasil_aberto_first_street,True
BA,2903706,Boa Nova,Valentim,valentim,-14.44472,-40.0557779,brasil_aberto_first_street,True
BA,2903805,Boa Vista do Tupim,Amparo,amparo,,,brasil_aberto,True
BA,2903805,Boa Vista do Tupim,Brejo Novo,brejo novo,,,dne,True
BA,2903805,Boa Vista do Tupim,Centro,centro,-12.6591737,-40.6071189,brasil_aberto_first_street,True
BA,2903805,Boa Vista do Tupim,Iguapé,iguape,,,brasil_aberto,True
BA,2903805,Boa Vista do Tupim,Terra Boa,terra boa,,,dne,True
BA,2903904,Bom Jesus da Lapa,Alvorada I,alvorada i,-13.249612,-43.372998,mapbox_geocoding,True
BA,2903904,Bom Jesus da Lapa,Alvorada II,alvorada ii,-13.254518,-43.419025,mapbox_geocoding,True
BA,2903904,Bom Jesus da Lapa,Amaralina,amaralina,-13.247366,-43.407161,mapbox_geocoding,True
BA,2903904,Bom Jesus da Lapa,Área Rural de Bom Jesus da Lapa,area rural de bom jesus da lapa,-13.654875,-43.449244,mapbox_geocoding,True
BA,2903904,Bom Jesus da Lapa,Bairro Nova Brasília,bairro nova brasilia,,,brasil_aberto,True
BA,2903904,Bom Jesus da Lapa,Beira Rio,beira rio,-13.247396,-43.418258,mapbox_geocoding,True
BA,2903904,Bom Jesus da Lapa,Boa Vista,boa vista,-13.254518,-43.419025,mapbox_geocoding,True
BA,2903904,Bom Jesus da Lapa,Bom Jesus,bom jesus,-13.289395,-42.95441,mapbox_geocoding,True
BA,2903904,Bom Jesus da Lapa,Campo Alegre,campo alegre,-13.242693,-43.409695,mapbox_geocoding,True
BA,2903904,Bom Jesus da Lapa,Cavalhada,cavalhada,-13.251702,-43.418082,mapbox_geocoding,True
BA,2903904,Bom Jesus da Lapa,Centro,centro,-13.251702,-43.418082,mapbox_geocoding,True
BA,2903904,Bom Jesus da Lapa,Consolação,consolacao,-13.260437,-43.413915,mapbox_geocoding,True
BA,2903904,Bom Jesus da Lapa,Favelândia,favelandia,,,dne,True
BA,2903904,Bom Jesus da Lapa,Fazenda Campos,fazenda campos,-13.274373,-43.401401,mapbox_geocoding,True
BA,2903904,Bom Jesus da Lapa,Formoso,formoso,,,dne,True
BA,2903904,Bom Jesus da Lapa,Itapicurú,itapicuru,-13.254518,-43.419025,mapbox_geocoding,True
BA,2903904,Bom Jesus da Lapa,João Paulo II,joao paulo ii,-13.246621,-43.406301,mapbox_geocoding,True
BA,2903904,Bom Jesus da Lapa,Joaquim Antônio Balisa,joaquim antonio balisa,-13.276729,-43.3961,mapbox_geocoding,True
BA,2903904,Bom Jesus da Lapa,Josefa Gomes,josefa gomes,-13.254518,-43.419025,mapbox_geocoding,True
BA,2903904,Bom Jesus da Lapa,Jurema,jurema,-13.254518,-43.419025,mapbox_geocoding,True
BA,2903904,Bom Jesus da Lapa,Lagoa Grande,lagoa grande,-13.286533,-43.405957,mapbox_geocoding,True
BA,2903904,Bom Jesus da Lapa,Lapa Imperial,lapa imperial,-13.285834,-43.391675,mapbox_geocoding,True
BA,2903904,Bom Jesus da Lapa,Magalhães Neto,magalhaes neto,-13.242693,-43.409695,mapbox_geocoding,True
BA,2903904,Bom Jesus da Lapa,Maravilha,maravilha,-13.254518,-43.419025,mapbox_geocoding,True
BA,2903904,Bom Jesus da Lapa,Marimbondo,marimbondo,-13.246621,-43.406301,mapbox_geocoding,True
BA,2903904,Bom Jesus da Lapa,Mirante da Lapa I,mirante da lapa i,-13.246179,-43.39476,mapbox_geocoding,True
BA,2903904,Bom Jesus da Lapa,Mirante da Lapa II,mirante da lapa ii,-13.254518,-43.419025,mapbox_geocoding,True
BA,2903904,Bom Jesus da Lapa,Noca,noca,-13.241447,-43.407232,mapbox_geocoding,True
BA,2903904,Bom Jesus da Lapa,Nossa Senhora da Soledade,nossa senhora da soledade,-13.260437,-43.413915,mapbox_geocoding,True
BA,2903904,Bom Jesus da Lapa,Nova Aliança,nova alianca,-13.261714,-43.389596,mapbox_geocoding,True
BA,2903904,Bom Jesus da Lapa,Nova Brasília,nova brasilia,-13.253455,-43.422325,mapbox_geocoding,True
BA,2903904,Bom Jesus da Lapa,Nova Lapa,nova lapa,-13.273596,-43.319092,mapbox_geocoding,True
BA,2903904,Bom Jesus da Lapa,Novo Horizonte,novo horizonte,-13.254518,-43.419025,mapbox_geocoding,True
BA,2903904,Bom Jesus da Lapa,Novo Mundo,novo mundo,-13.254518,-43.419025,mapbox_geocoding,True
BA,2903904,Bom Jesus da Lapa,Parque Verde,parque verde,-13.245338,-43.399003,mapbox_geocoding,True
BA,2903904,Bom Jesus da Lapa,Primavera I,primavera i,-13.248607,-43.402506,mapbox_geocoding,True
BA,2903904,Bom Jesus da Lapa,Primavera II,primavera ii,-13.284713,-43.392542,mapbox_geocoding,True
BA,2903904,Bom Jesus da Lapa,Recanto da Lagoa,recanto da lagoa,-13.269,-43.400599,mapbox_geocoding,True
BA,2903904,Bom Jesus da Lapa,Renascer,renascer,-13.244144,-43.383006,mapbox_geocoding,True
BA,2903904,Bom Jesus da Lapa,Salvador,salvador,-13.253235,-43.374721,mapbox_geocoding,True
BA,2903904,Bom Jesus da Lapa,São Conrado,sao conrado,-13.254518,-43.419025,mapbox_geocoding,True
BA,2903904,Bom Jesus da Lapa,São Francisco,sao francisco,-13.290226,-42.952846,mapbox_geocoding,True
BA,2903904,Bom Jesus da Lapa,São Gotardo,sao gotardo,-13.251134,-43.3995,mapbox_geocoding,True
BA,2903904,Bom Jesus da Lapa,São João,sao joao,-13.254518,-43.419025,mapbox_geocoding,True
BA,2903904,Bom Jesus da Lapa,São Miguel I,sao miguel i,-13.24322,-43.410137,mapbox_geocoding,True
BA,2903904,Bom Jesus da Lapa,São Miguel II,sao miguel ii,-13.242693,-43.409695,mapbox_geocoding,True
BA,2903904,Bom Jesus da Lapa,Shangrilá,shangrila,-13.269,-43.400599,mapbox_geocoding,True
BA,2903904,Bom Jesus da Lapa,Trilha dos Pássaros,trilha dos passaros,-13.248607,-43.402506,mapbox_geocoding,True
BA,2903904,Bom Jesus da Lapa,Vale Verde,vale verde,-13.247418,-43.394938,mapbox_geocoding,True
BA,2903953,Bom Jesus da Serra,Centro,centro,-14.375434,-40.504533,mapbox_geocoding,True
BA,2904001,Boninal,Bastião,bastiao,-12.8197992,-41.7200603,brasil_aberto_first_street,True
BA,2904001,Boninal,Centro,centro,-12.70993423,-41.8291893,brasil_aberto_first_street,True
BA,2904050,Bonito,Área Rural de Bonito,area rural de bonito,-11.969256,-41.267834,mapbox_geocoding,True
BA,2904050,Bonito,Cabeceiras do Brejo,cabeceiras do brejo,,,dne,True
BA,2904050,Bonito,Campo Velho,campo velho,-12.866152,-38.41812,mapbox_geocoding,True
BA,2904050,Bonito,Catuaba,catuaba,,,dne,True
BA,2904050,Bonito,Centro,centro,-12.866152,-38.41812,mapbox_geocoding,True
BA,2904050,Bonito,IBC,ibc,-12.866152,-38.41812,mapbox_geocoding,True
BA,2904050,Bonito,Núcleo Rural Diamante,nucleo rural diamante,-11.964866,-41.267802,mapbox_geocoding,True
BA,2904050,Bonito,Recanto dos Pássaros,recanto dos passaros,-12.866152,-38.41812,mapbox_geocoding,True
BA,2904100,Boquira,Alto do Paraíso,alto do paraiso,-15.417682,-39.480835,mapbox_geocoding,True
BA,2904100,Boquira,Área Rural de Boquira,area rural de boquira,-11.294854,-41.818867,mapbox_geocoding,True
BA,2904100,Boquira,Barreiro,barreiro,,,brasil_aberto,True
BA,2904100,Boquira,Brejo Grande,brejo grande,,,brasil_aberto,True
BA,2904100,Boquira,Bucuituba,bucuituba,-12.82316494,-42.73078537,brasil_aberto_first_street,True
BA,2904100,Boquira,Centro,centro,-12.91779,-38.471408,mapbox_geocoding,True
BA,2904100,Boquira,Chaves,chaves,-11.5663,-43.275161,mapbox_geocoding,True
BA,2904100,Boquira,Outro Lado,outro lado,-12.82709,-42.734803,mapbox_geocoding,True
BA,2904100,Boquira,Salinas,salinas,-12.91779,-38.471408,mapbox_geocoding,True
BA,2904100,Boquira,Santa Bárbara,santa barbara,-12.152126,-38.415987,mapbox_geocoding,True
BA,2904100,Boquira,Trevo,trevo,-12.152126,-38.415987,mapbox_geocoding,True
BA,2904100,Boquira,Vila Operária,vila operaria,-12.81277,-42.734863,mapbox_geocoding,True
BA,2904209,Botuporã,Área Rural de Botuporã,area rural de botupora,-11.294854,-41.818867,mapbox_geocoding,True
BA,2904209,Botuporã,Centro,centro,-13.375541,-42.527651,mapbox_geocoding,True
BA,2904209,Botuporã,Coração de Jesus,coracao de jesus,-13.384777,-42.524262,mapbox_geocoding,True
BA,2904209,Botuporã,Irmã Dulce,irma dulce,-13.374699,-42.518582,mapbox_geocoding,True
BA,2904209,Botuporã,Padre Aldo Luchetta,padre aldo luchetta,-13.384777,-42.524262,mapbox_geocoding,True
BA,2904209,Botuporã,Pé do Morro,pe do morro,-13.375541,-42.527651,mapbox_geocoding,True
BA,2904308,Brejões,Centro,centro,-13.1017184,-39.7915042,brasil_aberto_first_street,True
BA,2904308,Brejões,Km 100,km 100,,,brasil_aberto,True
BA,2904308,Brejões,Serrana,serrana,-13.1048514,-39.7968264,brasil_aberto_first_street,True
BA,2904407,Brejolândia,Alto do Aeroporto,alto do aeroporto,-12.48469,-43.967895,mapbox_geocoding,True
BA,2904407,Brejolândia,Área Rural de Brejolândia,area rural de brejolandia,-12.484515,-43.96026,mapbox_geocoding,True
BA,2904407,Brejolândia,Centro,centro,-12.488892,-43.960063,mapbox_geocoding,True
BA,2904407,Brejolândia,José Nunes Bastos,jose nunes bastos,-12.488892,-43.960063,mapbox_geocoding,True
BA,2904506,Brotas de Macaúbas,Centro,centro,-12.0006655,-42.6260841,brasil_aberto_first_street,True
BA,2904506,Brotas de Macaúbas,Ouricuri do Ouro,ouricuri do ouro,,,dne,True
BA,2904506,Brotas de Macaúbas,Saudável,saudavel,,,dne,True
BA,2904605,Brumado,Alto do Escalavrado,alto do escalavrado,-14.210819,-41.680267,mapbox_geocoding,True
BA,2904605,Brumado,Apertado do Morro,apertado do morro,-10.46458,-40.169045,mapbox_geocoding,True
BA,2904605,Brumado,Área Rural de Brumado,area rural de brumado,-14.2053746,-41.66515709999999,brasil_aberto_first_street,True
BA,2904605,Brumado,Arrecife,arrecife,,,dne,True
BA,2904605,Brumado,Baraúnas,baraunas,-14.210321,-41.683796,mapbox_geocoding,True
BA,2904605,Brumado,Campo de Aviação,campo de aviacao,-14.207294,-41.677565,mapbox_geocoding,True
BA,2904605,Brumado,Centro,centro,-14.209845,-41.66769,mapbox_geocoding,True
BA,2904605,Brumado,Cidade das Esmeraldas,cidade das esmeraldas,-14.199257,-41.667496,mapbox_geocoding,True
BA,2904605,Brumado,Correias,correias,,,dne,True
BA,2904605,Brumado,Cristalândia,cristalandia,,,dne,True
BA,2904605,Brumado,Doutor Juracy Pires Gomes,doutor juracy pires gomes,-14.209845,-41.66769,mapbox_geocoding,True
BA,2904605,Brumado,Doutor Mário Meira,doutor mario meira,-14.426774,-41.656447,mapbox_geocoding,True
BA,2904605,Brumado,Esconso,esconso,-14.555824,-43.573717,mapbox_geocoding,True
BA,2904605,Brumado,Feliciano Pereira Santos,feliciano pereira santos,-14.189233,-41.675222,mapbox_geocoding,True
BA,2904605,Brumado,Irmã Dulce,irma dulce,-14.199994,-41.647701,mapbox_geocoding,True
BA,2904605,Brumado,Itaquaraí,itaquarai,-13.225706,-43.39887,mapbox_geocoding,True
BA,2904605,Brumado,Lagoa Funda,lagoa funda,-14.191726,-41.668444,mapbox_geocoding,True
BA,2904605,Brumado,Lamarão,lamarao,-13.011222,-38.499828,mapbox_geocoding,True
BA,2904605,Brumado,Malhada Branca,malhada branca,-14.426774,-41.656447,mapbox_geocoding,True
BA,2904605,Brumado,Monsenhor Antônio da Silveira Fagundes,monsenhor antonio da silveira fagundes,-14.203668,-41.668655,mapbox_geocoding,True
BA,2904605,Brumado,Novo Brumado,novo brumado,-14.210819,-41.680267,mapbox_geocoding,True
BA,2904605,Brumado,Olhos D' Água,olhos d agua,-14.203668,-41.668655,mapbox_geocoding,True
BA,2904605,Brumado,Pebas Pompéia,pebas pompeia,-14.301619,-41.566101,mapbox_geocoding,True
BA,2904605,Brumado,Pedra Preta,pedra preta,-14.191726,-41.668444,mapbox_geocoding,True
BA,2904605,Brumado,Rodoviário,rodoviario,-14.217455,-41.684217,mapbox_geocoding,True
BA,2904605,Brumado,Samambaia,samambaia,,,dne,True
BA,2904605,Brumado,Santa Tereza,santa tereza,-14.203668,-41.668655,mapbox_geocoding,True
BA,2904605,Brumado,São Félix,sao felix,-14.198302,-41.656008,mapbox_geocoding,True
BA,2904605,Brumado,São Jorge,sao jorge,-14.220392,-41.668582,mapbox_geocoding,True
BA,2904605,Brumado,São José,sao jose,-14.190356,-41.675903,mapbox_geocoding,True
BA,2904605,Brumado,São Vicente,sao vicente,-14.190356,-41.675903,mapbox_geocoding,True
BA,2904605,Brumado,Ubiraçaba,ubiracaba,-14.038938,-41.733742,mapbox_geocoding,True
BA,2904605,Brumado,Umburanas,umburanas,,,dne,True
BA,2904605,Brumado,Vila Presidente Vargas,vila presidente vargas,-14.555824,-43.573717,mapbox_geocoding,True
BA,2904704,Buerarema,Centro,centro,-14.9553175,-39.30228043,brasil_aberto_first_street,True
BA,2904753,Buritirama,Centro,centro,-10.71548939,-43.63100052,brasil_aberto_first_street,True
BA,2904803,Caatiba,Centro,centro,-11.3015728,-41.85451508,brasil_aberto_first_street,True
BA,2904852,Cabaceiras do Paraguaçu,Centro,centro,-12.5336848,-39.1930564,brasil_aberto_first_street,True
BA,2904852,Cabaceiras do Paraguaçu,Geolândia,geolandia,-12.5322848,-39.1016394,brasil_aberto_first_street,True
BA,2904902,Cachoeira,Belém da Cachoeira,belem da cachoeira,,,dne,True
BA,2904902,Cachoeira,Centro,centro,-12.6025829,-38.963301,brasil_aberto_first_street,True
BA,2904902,Cachoeira,Santiago do Iguapé,santiago do iguape,,,dne,True
BA,2905008,Caculé,Centro,centro,-14.506868,-42.22326049999999,brasil_aberto_first_street,True
BA,2905008,Caculé,Várzea Grande,varzea grande,-14.4116433,-42.4371902,brasil_aberto_first_street,True
BA,2905107,Caém,Centro,centro,-9.41374588,-40.50540161,brasil_aberto_first_street,True
BA,2905156,Caetanos,Alegre,alegre,,,dne,True
BA,2905156,Caetanos,Caldeirão,caldeirao,,,dne,True
BA,2905156,Caetanos,Centro,centro,-14.338851,-40.909059,mapbox_geocoding,True
BA,2905206,Caetité,Aeroporto,aeroporto,-14.060136,-42.483813,mapbox_geocoding,True
BA,2905206,Caetité,Alto Buenos Ayres,alto buenos ayres,-14.057507,-42.486374,mapbox_geocoding,True
BA,2905206,Caetité,Alto das Colinas,alto das colinas,-14.069036,-42.487564,mapbox_geocoding,True
BA,2905206,Caetité,Alto do Cristo,alto do cristo,-14.080171,-42.493475,mapbox_geocoding,True
BA,2905206,Caetité,Alto do Observatório,alto do observatorio,-14.072289,-42.49196,mapbox_geocoding,True
BA,2905206,Caetité,Área Rural de Caeté,area rural de caete,-14.069036,-42.487564,mapbox_geocoding,True
BA,2905206,Caetité,Brejinho das Ametistas,brejinho das ametistas,-14.2627459,-42.5244545,brasil_aberto_first_street,True
BA,2905206,Caetité,Caldeiras,caldeiras,-13.6326421,-42.5710247,brasil_aberto_first_street,True
BA,2905206,Caetité,Centro,centro,-14.067393,-42.494708,mapbox_geocoding,True
BA,2905206,Caetité,Chácara,chacara,-13.870901,-42.411827,mapbox_geocoding,True
BA,2905206,Caetité,Feira Velha,feira velha,-12.825667,-38.250399,mapbox_geocoding,True
BA,2905206,Caetité,Jacaraci,jacaraci,-14.081433,-42.495521,mapbox_geocoding,True
BA,2905206,Caetité,Juazeiro,juazeiro,,,brasil_aberto,True
BA,2905206,Caetité,Lamarão,lamarao,-13.635684,-42.571407,mapbox_geocoding,True
BA,2905206,Caetité,Maniaçu,maniacu,-13.8424689,-42.38963469999999,brasil_aberto_first_street,True
BA,2905206,Caetité,Matinha,matinha,-14.060136,-42.483813,mapbox_geocoding,True
BA,2905206,Caetité,Nossa Senhora da Paz,nossa senhora da paz,-14.845786,-40.868092,mapbox_geocoding,True
BA,2905206,Caetité,Ovídio Teixeira,ovidio teixeira,-14.064483,-42.4831,mapbox_geocoding,True
BA,2905206,Caetité,Pajeú do Vento,pajeu do vento,-14.0240928,-42.7175199,brasil_aberto_first_street,True
BA,2905206,Caetité,Prisco Viana,prisco viana,-14.052186,-42.476854,mapbox_geocoding,True
BA,2905206,Caetité,Rancho Alegre,rancho alegre,-14.068849,-42.495587,mapbox_geocoding,True
BA,2905206,Caetité,Santa Luzia,santa luzia,,,brasil_aberto,True
BA,2905206,Caetité,Santa Rita,santa rita,-12.825667,-38.250399,mapbox_geocoding,True
BA,2905206,Caetité,Santo Antônio,santo antonio,-14.059134,-42.486911,mapbox_geocoding,True
BA,2905206,Caetité,São José,sao jose,-14.070515,-42.495164,mapbox_geocoding,True
BA,2905206,Caetité,São Vicente,sao vicente,-14.081353,-42.558181,mapbox_geocoding,True
BA,2905206,Caetité,Vitória Régia,vitoria regia,-14.065308,-42.48439,mapbox_geocoding,True
BA,2905305,Cafarnaum,Área Rural de Cafarnaum,area rural de cafarnaum,-11.69267,-41.467857,mapbox_geocoding,True
BA,2905305,Cafarnaum,Beca,beca,-10.696385,-38.535165,mapbox_geocoding,True
BA,2905305,Cafarnaum,Canal,canal,,,brasil_aberto,True
BA,2905305,Cafarnaum,Centro,centro,-11.69644,-41.468108,mapbox_geocoding,True
BA,2905305,Cafarnaum,Olhos D'Água,olhos d agua,-11.921155,-41.637143,mapbox_geocoding,True
BA,2905305,Cafarnaum,Vila Cruzeiro,vila cruzeiro,-11.692298,-41.467768,mapbox_geocoding,True
BA,2905305,Cafarnaum,Vila Imperial,vila imperial,-11.690868,-41.471262,mapbox_geocoding,True
BA,2905404,Cairu,Centro,centro,-13.4850943,-39.0455738,brasil_aberto_first_street,True
BA,2905404,Cairu,Galeão,galeao,,,dne,True
BA,2905404,Cairu,Gamboa,gamboa,,,dne,True
BA,2905404,Cairu,Morro de São Paulo,morro de sao paulo,,,dne,True
BA,2905404,Cairu,Velha Boipeba,velha boipeba,,,dne,True
BA,2905503,Caldeirão Grande,Centro,centro,-16.70730209,-43.85913849,brasil_aberto_first_street,True
BA,2905602,Camacan,Centro,centro,-15.4250536,-39.49356461,brasil_aberto_first_street,True
BA,2905602,Camacan,Jacareci,jacareci,,,dne,True
BA,2905701,Camaçari,Acajutiba,acajutiba,-12.71688175,-38.33127213,brasil_aberto_first_street,True
BA,2905701,Camaçari,Alphaville (Abrantes),alphaville abrantes,-12.7268893,-38.3035308,brasil_aberto_first_street,True
BA,2905701,Camaçari,Alto da Bela Vista,alto da bela vista,-12.7132764,-38.3205026,brasil_aberto_first_street,True
BA,2905701,Camaçari,Alto da Cruz,alto da cruz,-12.691062,-38.32885,mapbox_geocoding,True
BA,2905701,Camaçari,Alto do Triângulo,alto do triangulo,-12.6841817,-38.3326839,brasil_aberto_first_street,True
BA,2905701,Camaçari,Área Rural de Camaçari,area rural de camacari,,,brasil_aberto,True
BA,2905701,Camaçari,Área Rural de Camaçari (Abrantes),area rural de camacari abrantes,-12.830485,-38.26361,mapbox_geocoding,True
BA,2905701,Camaçari,Área Rural de Camaçari (Monte Gordo),area rural de camacari monte gordo,-12.642835,-38.091057,mapbox_geocoding,True
BA,2905701,Camaçari,Área Rural de Camaçari (Sede),area rural de camacari sede,-12.63742,-38.267597,mapbox_geocoding,True
BA,2905701,Camaçari,Areias (Abrantes),areias abrantes,-12.80257702,-38.2259407,brasil_aberto_first_street,True
BA,2905701,Camaçari,Arembepe (Abrantes),arembepe abrantes,-12.86057281,-38.28907394,brasil_aberto_first_street,True
BA,2905701,Camaçari,Barra do Jacuípe,barra do jacuipe,,,dne,True
BA,2905701,Camaçari,Barra do Jacuípe (Monte Gordo),barra do jacuipe monte gordo,-12.705278,-38.1337722,brasil_aberto_first_street,True
BA,2905701,Camaçari,Barra do Pojuca (Monte Gordo),barra do pojuca monte gordo,-12.5898658,-38.053463,brasil_aberto_first_street,True
BA,2905701,Camaçari,Bela Vista,bela vista,-12.7108573,-38.319866,brasil_aberto_first_street,True
BA,2905701,Camaçari,Boa Esperança (Monte Gordo),boa esperanca monte gordo,-12.6487665,-38.097168,brasil_aberto_first_street,True
BA,2905701,Camaçari,Boa União (Abrantes),boa uniao abrantes,-12.70895195,-38.33089828,brasil_aberto_first_street,True
BA,2905701,Camaçari,Burissatuba,burissatuba,-12.7113253,-38.3378711,brasil_aberto_first_street,True
BA,2905701,Camaçari,Busca Vida (Abrantes),busca vida abrantes,-12.8566581,-38.2845376,brasil_aberto_first_street,True
BA,2905701,Camaçari,Cachoeirinha (Abrantes),cachoeirinha abrantes,-12.8447627,-38.2770374,brasil_aberto_first_street,True
BA,2905701,Camaçari,Cajazeiras de Abrantes (Abrantes),cajazeiras de abrantes abrantes,-12.8047116,-38.2734182,brasil_aberto_first_street,True
BA,2905701,Camaçari,Camaçari de Dentro,camacari de dentro,-12.6960008,-38.34156979999999,brasil_aberto_first_street,True
BA,2905701,Camaçari,Cascalheira (Abrantes),cascalheira abrantes,-12.7001932,-38.325345,brasil_aberto_first_street,True
BA,2905701,Camaçari,Catu de Abrantes (Abrantes),catu de abrantes abrantes,-12.8539335,-38.2821444,brasil_aberto_first_street,True
BA,2905701,Camaçari,Centro,centro,-12.70434189,-38.32774353,brasil_aberto_first_street,True
BA,2905701,Camaçari,Coqueiros de Arembepe (Abrantes),coqueiros de arembepe abrantes,-12.7721413,-38.2064609,brasil_aberto_first_street,True
BA,2905701,Camaçari,Coqueiros de Monte Gordo (Monte Gordo),coqueiros de monte gordo monte gordo,-12.649388,-38.097884,mapbox_geocoding,True
BA,2905701,Camaçari,Cristo Redentor,cristo redentor,-12.68619442,-38.33877563,brasil_aberto_first_street,True
BA,2905701,Camaçari,Dois de Julho,dois de julho,-12.70362473,-38.32201767,brasil_aberto_first_street,True
BA,2905701,Camaçari,Dom Avelar,dom avelar,-12.7158976,-38.3179136,brasil_aberto_first_street,True
BA,2905701,Camaçari,FICAM,ficam,-12.69259739,-38.33034897,brasil_aberto_first_street,True
BA,2905701,Camaçari,Gajirus,gajirus,,,dne,True
BA,2905701,Camaçari,Genipabu (Monte Gordo),genipabu monte gordo,-13.122864,-38.771164,mapbox_geocoding,True
BA,2905701,Camaçari,Gleba A,gleba a,-12.6941824,-38.32255554,brasil_aberto_first_street,True
BA,2905701,Camaçari,Gleba B,gleba b,-12.697167,-38.32443,mapbox_geocoding,True
BA,2905701,Camaçari,Gleba C,gleba c,-12.717235,-38.326376,mapbox_geocoding,True
BA,2905701,Camaçari,Gleba E,gleba e,-12.7245899,-38.32918,brasil_aberto_first_street,True
BA,2905701,Camaçari,Gleba H,gleba h,-12.9081991,-38.4289568,brasil_aberto_first_street,True
BA,2905701,Camaçari,Gravatá,gravata,-12.68903351,-38.33087921,brasil_aberto_first_street,True
BA,2905701,Camaçari,Guarajuba (Monte Gordo),guarajuba monte gordo,-12.662328,-38.081646,brasil_aberto_first_street,True
BA,2905701,Camaçari,Industrial,industrial,-12.7075569,-38.3079974,brasil_aberto_first_street,True
BA,2905701,Camaçari,Interlagos (Abrantes),interlagos abrantes,-12.861358,-38.2883864,brasil_aberto_first_street,True
BA,2905701,Camaçari,Itacimirim (Monte Gordo),itacimirim monte gordo,-12.733154,-38.307718,mapbox_geocoding,True
BA,2905701,Camaçari,Jardim Brasília,jardim brasilia,-12.7026298,-38.3302126,brasil_aberto_first_street,True
BA,2905701,Camaçari,Jardim Limoeiro,jardim limoeiro,-12.840166,-38.264304,mapbox_geocoding,True
BA,2905701,Camaçari,Jauá (Abrantes),jaua abrantes,-12.83090687,-38.23633575,brasil_aberto_first_street,True
BA,2905701,Camaçari,Lama Preta,lama preta,-12.69989586,-38.33805084,brasil_aberto_first_street,True
BA,2905701,Camaçari,Loteamento Montenegro,loteamento montenegro,-12.7001932,-38.325345,brasil_aberto_first_street,True
BA,2905701,Camaçari,Machadinho,machadinho,-12.893741,-38.478033,mapbox_geocoding,True
BA,2905701,Camaçari,Malícia (Abrantes),malicia abrantes,-12.823135,-38.2715171,brasil_aberto_first_street,True
BA,2905701,Camaçari,Mangueiral,mangueiral,-12.69259739,-38.33034897,brasil_aberto_first_street,True
BA,2905701,Camaçari,Massaranduba,massaranduba,-12.92698574,-38.49867249,brasil_aberto_first_street,True
BA,2905701,Camaçari,Monte Gordo (Monte Gordo),monte gordo monte gordo,-12.634113,-38.088174,mapbox_geocoding,True
BA,2905701,Camaçari,Morro da Manteiga,morro da manteiga,,,brasil_aberto,True
BA,2905701,Camaçari,Natal,natal,-12.69632816,-38.31921005,brasil_aberto_first_street,True
BA,2905701,Camaçari,Nova Abrantes (Abrantes),nova abrantes abrantes,-12.8380457,-38.2620083,brasil_aberto_first_street,True
BA,2905701,Camaçari,Nova Aliança - PHOC I,nova alianca phoc i,-12.71199131,-38.33250046,brasil_aberto_first_street,True
BA,2905701,Camaçari,Nova Vitória,nova vitoria,-12.7044336,-38.3168097,brasil_aberto_first_street,True
BA,2905701,Camaçari,Novo Horizonte,novo horizonte,-12.694044,-38.317059,mapbox_geocoding,True
BA,2905701,Camaçari,Parafuso,parafuso,-12.7668587,-38.3277486,brasil_aberto_first_street,True
BA,2905701,Camaçari,Parque das Dunas (Abrantes),parque das dunas abrantes,-12.7001932,-38.325345,brasil_aberto_first_street,True
BA,2905701,Camaçari,Parque das Mangabas,parque das mangabas,-12.735189,-38.294348,mapbox_geocoding,True
BA,2905701,Camaçari,Parque das Palmeiras,parque das palmeiras,-12.69667244,-38.29339981,brasil_aberto_first_street,True
BA,2905701,Camaçari,Parque Florestal,parque florestal,-12.69010162,-38.32081223,brasil_aberto_first_street,True
BA,2905701,Camaçari,Parque Nascente do Rio Capivara,parque nascente do rio capivara,-12.712865,-38.2842655,brasil_aberto_first_street,True
BA,2905701,Camaçari,Parque Real Serra Verde,parque real serra verde,-12.7001932,-38.325345,brasil_aberto_first_street,True
BA,2905701,Camaçari,Parque Satélite,parque satelite,-12.688432,-38.323405,mapbox_geocoding,True
BA,2905701,Camaçari,Parque Verde I,parque verde i,-12.823119,-38.220033,mapbox_geocoding,True
BA,2905701,Camaçari,Parque Verde II,parque verde ii,-12.721601,-38.338308,mapbox_geocoding,True
BA,2905701,Camaçari,Parque Verde III,parque verde iii,-12.7206873,-38.3284284,brasil_aberto_first_street,True
BA,2905701,Camaçari,Pé de Areia (Abrantes),pe de areia abrantes,-12.823258,-38.236865,mapbox_geocoding,True
BA,2905701,Camaçari,Piaçaveira,piacaveira,-12.7098919,-38.3228514,brasil_aberto_first_street,True
BA,2905701,Camaçari,Pólo de Apoio,polo de apoio,-12.7013091,-38.3076115,brasil_aberto_first_street,True
BA,2905701,Camaçari,Pólo Industrial de Camaçari,polo industrial de camacari,-12.712294,-38.340935,mapbox_geocoding,True
BA,2905701,Camaçari,Pólo Logístico,polo logistico,-12.865486,-38.287447,mapbox_geocoding,True
BA,2905701,Camaçari,PoloPlast,poloplast,-12.914939,-38.427908,mapbox_geocoding,True
BA,2905701,Camaçari,Ponto Certo,ponto certo,-12.7129112,-38.3173622,brasil_aberto_first_street,True
BA,2905701,Camaçari,Quarenta e Seis,quarenta e seis,-12.7082438,-38.3247505,brasil_aberto_first_street,True
BA,2905701,Camaçari,Recanto das Árvores,recanto das arvores,-12.733154,-38.307718,mapbox_geocoding,True
BA,2905701,Camaçari,Renascer - PHOC II,renascer phoc ii,-12.704604,-38.328287,brasil_aberto_first_street,True
BA,2905701,Camaçari,Rio da Prata,rio da prata,-12.7376851,-38.3302165,brasil_aberto_first_street,True
BA,2905701,Camaçari,Santa Maria,santa maria,-12.697167,-38.32443,mapbox_geocoding,True
BA,2905701,Camaçari,Santo Antônio,santo antonio,-12.733154,-38.307718,mapbox_geocoding,True
BA,2905701,Camaçari,São Bento (Monte Gordo),sao bento monte gordo,-12.7067008,-38.1409502,brasil_aberto_first_street,True
BA,2905701,Camaçari,Sítio São Gonçalo (Abrantes),sitio sao goncalo abrantes,-12.8153308,-38.3008514,brasil_aberto_first_street,True
BA,2905701,Camaçari,Tancredo Neves,tancredo neves,-12.7200618,-38.3342424,brasil_aberto_first_street,True
BA,2905701,Camaçari,Triângulo,triangulo,-12.6961668,-38.3364943,brasil_aberto_first_street,True
BA,2905701,Camaçari,Vale do Landirana (Abrantes),vale do landirana abrantes,-12.919732,-38.371651,mapbox_geocoding,True
BA,2905701,Camaçari,Varge Grande (Abrantes),varge grande abrantes,-12.7001932,-38.325345,brasil_aberto_first_street,True
BA,2905701,Camaçari,Várzea da Meira (Monte Gordo),varzea da meira monte gordo,-12.6628634,-38.1154787,brasil_aberto_first_street,True
BA,2905701,Camaçari,Verdes Horizontes,verdes horizontes,-12.7263028,-38.320809,brasil_aberto_first_street,True
BA,2905701,Camaçari,Vila de Abrantes (Abrantes),vila de abrantes abrantes,-12.83032036,-38.26809311,brasil_aberto_first_street,True
BA,2905701,Camaçari,Vila Goiana,vila goiana,-12.6918491,-38.3306038,brasil_aberto_first_street,True
BA,2905701,Camaçari,Vila Irmã Dulce,vila irma dulce,-12.6901016,-38.3208119,brasil_aberto_first_street,True
BA,2905701,Camaçari,Vívea,vivea,-12.69743,-38.3087649,brasil_aberto_first_street,True
BA,2905800,Camamu,Barcelos do Sul,barcelos do sul,,,dne,True
BA,2905800,Camamu,Centro,centro,-13.94773388,-39.10551453,brasil_aberto_first_street,True
BA,2905800,Camamu,Tapúia,tapuia,,,dne,True
BA,2905800,Camamu,Travessão,travessao,,,brasil_aberto,True
BA,2905909,Campo Alegre de Lourdes,Centro,centro,-9.5165372,-43.0085619,brasil_aberto_first_street,True
BA,2905909,Campo Alegre de Lourdes,Peixe,peixe,,,dne,True
BA,2906006,Campo Formoso,Araras,araras,,,brasil_aberto,True
BA,2906006,Campo Formoso,Brejão da Caatinga,brejao da caatinga,,,brasil_aberto,True
BA,2906006,Campo Formoso,Brejo Grande,brejo grande,,,brasil_aberto,True
BA,2906006,Campo Formoso,Campo Formoso,campo formoso,,,brasil_aberto,True
BA,2906006,Campo Formoso,Centro,centro,-10.5085822,-40.3224547,brasil_aberto_first_street,True
BA,2906006,Campo Formoso,Curral Velho,curral velho,,,brasil_aberto,True
BA,2906006,Campo Formoso,Delfino,delfino,,,dne,True
BA,2906006,Campo Formoso,Lage dos Negros,lage dos negros,-10.184522,-40.963367,mapbox_geocoding,True
BA,2906006,Campo Formoso,Poços,pocos,-10.509719,-40.320404,mapbox_geocoding,True
BA,2906006,Campo Formoso,Poços (Campo Formoso),pocos campo formoso,,,dne,True
BA,2906006,Campo Formoso,São Tomé,sao tome,,,brasil_aberto,True
BA,2906006,Campo Formoso,Tuiutiba,tuiutiba,,,brasil_aberto,True
BA,2906105,Canápolis,Centro,centro,-13.0701018,-44.200657,brasil_aberto_first_street,True
BA,2906204,Canarana,Centro,centro,-12.9765892,-38.51342392,brasil_aberto_first_street,True
BA,2906204,Canarana,Salobro,salobro,-11.8595829,-41.74916077,brasil_aberto_first_street,True
BA,2906303,Canavieiras,Centro,centro,-15.6773461,-38.9451874,brasil_aberto_first_street,True
BA,2906303,Canavieiras,Ouricana,ouricana,,,dne,True
BA,2906303,Canavieiras,Poxim do Sul,poxim do sul,,,dne,True
BA,2906402,Candeal,Centro,centro,-13.6682032,-41.8088914,brasil_aberto_first_street,True
BA,2906501,Candeias,Área Rural de Candeias,area rural de candeias,-12.6725892,-38.54317899999999,brasil_aberto_first_street,True
BA,2906501,Candeias,Areia,areia,-12.712202,-38.450899,mapbox_geocoding,True
BA,2906501,Candeias,Cabôto,caboto,,,dne,True
BA,2906501,Candeias,Caroba,caroba,,,dne,True
BA,2906501,Candeias,Centro,centro,-12.595157,-38.399912,mapbox_geocoding,True
BA,2906501,Candeias,Distrito Industrial,distrito industrial,-12.66780949,-38.54973602,brasil_aberto_first_street,True
BA,2906501,Candeias,Madeira,madeira,,,dne,True
BA,2906501,Candeias,Malemba,malemba,-12.671091,-38.541912,mapbox_geocoding,True
BA,2906501,Candeias,Menino Jesus,menino jesus,,,dne,True
BA,2906501,Candeias,Nova Brasília,nova brasilia,-12.6668448,-38.5487269,brasil_aberto_first_street,True
BA,2906501,Candeias,Nova Candeias,nova candeias,-12.6688699,-38.5388668,brasil_aberto_first_street,True
BA,2906501,Candeias,Passagem dos Teixeiras,passagem dos teixeiras,,,dne,True
BA,2906501,Candeias,Passé,passe,,,dne,True
BA,2906501,Candeias,Pitanga,pitanga,-12.6642772,-38.5426362,brasil_aberto_first_street,True
BA,2906501,Candeias,Santo Antônio,santo antonio,-12.67172432,-38.53576279,brasil_aberto_first_street,True
BA,2906501,Candeias,Sarandy,sarandy,-12.6700645,-38.5303021,brasil_aberto_first_street,True
BA,2906501,Candeias,Triângulo,triangulo,-12.66894817,-38.53897476,brasil_aberto_first_street,True
BA,2906501,Candeias,Urbis I,urbis i,-12.6497178,-38.529657,brasil_aberto_first_street,True
BA,2906501,Candeias,Urbis II,urbis ii,-12.6812177,-38.5290003,brasil_aberto_first_street,True
BA,2906600,Candiba,Área Rural de Candiba,area rural de candiba,-14.411646,-42.868004,mapbox_geocoding,True
BA,2906600,Candiba,Artur Prado,artur prado,-14.407975,-42.861296,mapbox_geocoding,True
BA,2906600,Candiba,Bela Vista,bela vista,-14.377486,-42.765537,mapbox_geocoding,True
BA,2906600,Candiba,Centro,centro,-11.838195,-38.01306,mapbox_geocoding,True
BA,2906600,Candiba,Cidade Nova,cidade nova,-14.903421,-40.815521,mapbox_geocoding,True
BA,2906600,Candiba,Conjunto Habitacional,conjunto habitacional,-14.407975,-42.861296,mapbox_geocoding,True
BA,2906600,Candiba,Faustino Ferreira Coelho,faustino ferreira coelho,-13.385584,-44.1877,mapbox_geocoding,True
BA,2906600,Candiba,Gecino Coelho,gecino coelho,-14.903421,-40.815521,mapbox_geocoding,True
BA,2906600,Candiba,Gero Moreira,gero moreira,-12.278295,-38.947054,mapbox_geocoding,True
BA,2906600,Candiba,José Coelho,jose coelho,-14.903421,-40.815521,mapbox_geocoding,True
BA,2906600,Candiba,Lagoa Azul,lagoa azul,-14.408807,-42.870154,mapbox_geocoding,True
BA,2906600,Candiba,Marrecas,marrecas,-12.294893,-38.945079,mapbox_geocoding,True
BA,2906600,Candiba,Palmeiras,palmeiras,-14.414499,-42.877721,mapbox_geocoding,True
BA,2906600,Candiba,Pilões,piloes,-14.3752164,-42.7665807,brasil_aberto_first_street,True
BA,2906600,Candiba,Pôr do Sol I,por do sol i,-14.407636,-42.873617,mapbox_geocoding,True
BA,2906600,Candiba,Pôr do Sol II,por do sol ii,-14.408106,-42.870172,mapbox_geocoding,True
BA,2906600,Candiba,Santa Cruz,santa cruz,-14.414499,-42.877721,mapbox_geocoding,True
BA,2906600,Candiba,Santo André,santo andre,-14.413292,-42.872795,mapbox_geocoding,True
BA,2906600,Candiba,São José,sao jose,-14.413292,-42.872795,mapbox_geocoding,True
BA,2906709,Cândido Sales,Área Rural de Cândido Sales,area rural de candido sales,-15.505328,-41.23703,mapbox_geocoding,True
BA,2906709,Cândido Sales,Célio Alves,celio alves,-15.506054,-41.235485,mapbox_geocoding,True
BA,2906709,Cândido Sales,Centro,centro,-15.505888,-41.237155,mapbox_geocoding,True
BA,2906709,Cândido Sales,Lagoa Grande,lagoa grande,-15.308063,-41.3982402,brasil_aberto_first_street,True
BA,2906709,Cândido Sales,Lagoinha,lagoinha,-15.329334,-41.156312,mapbox_geocoding,True
BA,2906709,Cândido Sales,Nova Conquista,nova conquista,-15.506054,-41.235485,mapbox_geocoding,True
BA,2906709,Cândido Sales,Primavera,primavera,-15.503067,-41.246423,mapbox_geocoding,True
BA,2906709,Cândido Sales,Quaraçu,quaracu,-15.16991138,-41.34934998,brasil_aberto_first_street,True
BA,2906709,Cândido Sales,Três Riachos,tres riachos,-15.307399,-41.398027,mapbox_geocoding,True
BA,2906709,Cândido Sales,Usina,usina,-15.506054,-41.235485,mapbox_geocoding,True
BA,2906808,Cansanção,Centro,centro,-10.6668259,-39.4961254,brasil_aberto_first_street,True
BA,2906824,Canudos,Bendegó,bendego,-9.963949699999999,-39.1643927,brasil_aberto_first_street,True
BA,2906824,Canudos,Centro,centro,-9.8964192,-39.0294604,brasil_aberto_first_street,True
BA,2906857,Capela do Alto Alegre,Centro,centro,-11.6680612,-39.8373617,brasil_aberto_first_street,True
BA,2906873,Capim Grosso,Área Rural de Capim Grosso,area rural de capim grosso,-11.380412,-40.009335,mapbox_geocoding,True
BA,2906873,Capim Grosso,Centro,centro,,,brasil_aberto,True
BA,2906873,Capim Grosso,Estação da Luz,estacao da luz,-11.386873,-40.012536,mapbox_geocoding,True
BA,2906873,Capim Grosso,Jardim Araújo,jardim araujo,-11.38063,-40.008892,mapbox_geocoding,True
BA,2906873,Capim Grosso,Jardim Formosa,jardim formosa,-11.386873,-40.012536,mapbox_geocoding,True
BA,2906873,Capim Grosso,José Mendes de Queiroz,jose mendes de queiroz,-11.386873,-40.012536,mapbox_geocoding,True
BA,2906873,Capim Grosso,Nova Avenida,nova avenida,-11.388425,-40.005291,mapbox_geocoding,True
BA,2906873,Capim Grosso,Novo Horizonte,novo horizonte,-11.38063,-40.008892,mapbox_geocoding,True
BA,2906873,Capim Grosso,Novo Oeste,novo oeste,-11.386873,-40.012536,mapbox_geocoding,True
BA,2906873,Capim Grosso,Oliveira,oliveira,-11.38063,-40.008892,mapbox_geocoding,True
BA,2906873,Capim Grosso,Pedras Altas do Mirim,pedras altas do mirim,,,dne,True
BA,2906873,Capim Grosso,Planaltino I,planaltino i,-11.386873,-40.012536,mapbox_geocoding,True
BA,2906873,Capim Grosso,Planaltino II,planaltino ii,-11.386873,-40.012536,mapbox_geocoding,True
BA,2906873,Capim Grosso,Planaltino III,planaltino iii,-11.381936,-39.992416,mapbox_geocoding,True
BA,2906873,Capim Grosso,Recanto da Siriema,recanto da siriema,-11.378942,-40.031121,mapbox_geocoding,True
BA,2906873,Capim Grosso,Sacramento,sacramento,-11.380534,-40.015068,mapbox_geocoding,True
BA,2906873,Capim Grosso,São Luiz,sao luiz,-11.384026,-40.00218,mapbox_geocoding,True
BA,2906873,Capim Grosso,Vicente Ferreira,vicente ferreira,-11.38063,-40.008892,mapbox_geocoding,True
BA,2906899,Caraíbas,Caraíbas,caraibas,,,brasil_aberto,True
BA,2906899,Caraíbas,Centro,centro,-14.728193,-41.259015,brasil_aberto_first_street,True
BA,2906899,Caraíbas,Vila Mariana,vila mariana,-14.6667433,-40.4767389,brasil_aberto_first_street,True
BA,2906907,Caravelas,Centro,centro,-17.7346686,-39.2627556,brasil_aberto_first_street,True
BA,2906907,Caravelas,Juerana,juerana,-17.72112274,-39.53514099,brasil_aberto_first_street,True
BA,2906907,Caravelas,Ponta da Areia,ponta da areia,-17.7485879,-39.2258904,brasil_aberto_first_street,True
BA,2906907,Caravelas,Santo Antônio de Barcelona,santo antonio de barcelona,-17.5130001,-40.1075795,brasil_aberto_first_street,True
BA,2907004,Cardeal da Silva,Centro,centro,-11.9420414,-37.94915009,brasil_aberto_first_street,True
BA,2907103,Carinhanha,Agrovila XV,agrovila xv,,,dne,True
BA,2907103,Carinhanha,Alto da Colina,alto da colina,-14.293017,-43.77001,mapbox_geocoding,True
BA,2907103,Carinhanha,Área Rural de Carinhanha,area rural de carinhanha,-14.303571,-43.76678,mapbox_geocoding,True
BA,2907103,Carinhanha,Campo Alegre,campo alegre,-14.293017,-43.77001,mapbox_geocoding,True
BA,2907103,Carinhanha,Centro,centro,-14.29938,-43.769532,mapbox_geocoding,True
BA,2907103,Carinhanha,Pequizeiro,pequizeiro,-14.299514,-43.770696,mapbox_geocoding,True
BA,2907103,Carinhanha,Planalto,planalto,-14.29938,-43.769532,mapbox_geocoding,True
BA,2907103,Carinhanha,São Francisco,sao francisco,-14.301667,-43.779131,mapbox_geocoding,True
BA,2907103,Carinhanha,São João,sao joao,-14.299514,-43.770696,mapbox_geocoding,True
BA,2907103,Carinhanha,Serra do São Francisco,serra do sao francisco,,,dne,True
BA,2907103,Carinhanha,Sudene,sudene,-12.906771,-38.357636,mapbox_geocoding,True
BA,2907103,Carinhanha,Veredas do Agreste,veredas do agreste,-14.299514,-43.770696,mapbox_geocoding,True
BA,2907202,Casa Nova,Bem-Bom,bem bom,,,dne,True
BA,2907202,Casa Nova,Borges,borges,-9.17600822,-40.9731636,brasil_aberto_first_street,True
BA,2907202,Casa Nova,Luís Viana,luis viana,,,dne,True
BA,2907202,Casa Nova,Ouricuri,ouricuri,,,brasil_aberto,True
BA,2907202,Casa Nova,Pau a Pique,pau a pique,,,dne,True
BA,2907202,Casa Nova,Santana do Sobrado,santana do sobrado,-9.29575729,-40.8216095,brasil_aberto_first_street,True
BA,2907301,Castro Alves,Banheiro,banheiro,-12.7664608,-39.4264122,brasil_aberto_first_street,True
BA,2907301,Castro Alves,Crussaí,crussai,,,dne,True
BA,2907301,Castro Alves,Petim,petim,,,dne,True
BA,2907301,Castro Alves,Riacho da Légua,riacho da legua,,,brasil_aberto,True
BA,2907301,Castro Alves,Sítio do Meio,sitio do meio,,,dne,True
BA,2907400,Catolândia,Área Rural de Catolândia,area rural de catolandia,-12.313614,-44.86096,mapbox_geocoding,True
BA,2907400,Catolândia,Centro,centro,-12.317331,-44.863891,mapbox_geocoding,True
BA,2907400,Catolândia,Santa Helena,santa helena,-5.480333,-47.891102,mapbox_geocoding,True
BA,2907400,Catolândia,Santana II,santana ii,-12.315664,-44.864632,mapbox_geocoding,True
BA,2907509,Catu,Bela Flor,bela flor,,,dne,True
BA,2907509,Catu,Centro,centro,-12.40118217,-38.46324539,brasil_aberto_first_street,True
BA,2907509,Catu,Sítio Novo,sitio novo,,,dne,True
BA,2907558,Caturama,Centro,centro,-13.3301539,-42.291618,brasil_aberto_first_street,True
BA,2907608,Central,Centro,centro,-11.1378378,-42.1121069,brasil_aberto_first_street,True
BA,2907707,Chorrochó,Barra do Tarrachil,barra do tarrachil,,,dne,True
BA,2907707,Chorrochó,Caraibas,caraibas,,,brasil_aberto,True
BA,2907707,Chorrochó,Centro,centro,-8.9794247,-39.1000156,brasil_aberto_first_street,True
BA,2907707,Chorrochó,São José do Chorrochó,sao jose do chorrocho,,,brasil_aberto,True
BA,2907707,Chorrochó,Várzea da Ema,varzea da ema,,,brasil_aberto,True
BA,2907806,Cícero Dantas,Caxias,caxias,,,brasil_aberto,True
BA,2907806,Cícero Dantas,Centro,centro,-10.5003916,-38.2415631,brasil_aberto_first_street,True
BA,2907806,Cícero Dantas,São João da Fortaleza,sao joao da fortaleza,,,dne,True
BA,2907806,Cícero Dantas,Serra Grande,serra grande,,,dne,True
BA,2907806,Cícero Dantas,Trindade,trindade,-10.5936112,-38.3852394,brasil_aberto_first_street,True
BA,2907905,Cipó,Centro,centro,-11.10090637,-38.51703644,brasil_aberto_first_street,True
BA,2908002,Coaraci,Área Rural de Coaraci,area rural de coaraci,-14.638145,-39.551113,mapbox_geocoding,True
BA,2908002,Coaraci,Bela Vista,bela vista,-14.647723,-39.544298,mapbox_geocoding,True
BA,2908002,Coaraci,Berimbau,berimbau,-14.632685,-39.545488,mapbox_geocoding,True
BA,2908002,Coaraci,Cemitério,cemiterio,-17.497468,-39.429131,mapbox_geocoding,True
BA,2908002,Coaraci,Centro,centro,-14.637991,-39.553845,mapbox_geocoding,True
BA,2908002,Coaraci,Colina,colina,-14.630227,-39.556274,mapbox_geocoding,True
BA,2908002,Coaraci,Jardim Cajueiro,jardim cajueiro,-14.645814,-39.544608,mapbox_geocoding,True
BA,2908002,Coaraci,Jóia do Almada,joia do almada,-14.637915,-39.55535,mapbox_geocoding,True
BA,2908002,Coaraci,Maria Gabriela,maria gabriela,-14.630227,-39.556274,mapbox_geocoding,True
BA,2908002,Coaraci,Santo Antônio,santo antonio,-14.630227,-39.556274,mapbox_geocoding,True
BA,2908101,Cocos,Centro,centro,-14.1792172,-44.5328566,brasil_aberto_first_street,True
BA,2908200,Conceição da Feira,Centro,centro,-12.5036934,-39.0009698,brasil_aberto_first_street,True
BA,2908309,Conceição do Almeida,Centro,centro,-12.7794593,-39.1699615,brasil_aberto_first_street,True
BA,2908309,Conceição do Almeida,Comércio,comercio,,,dne,True
BA,2908309,Conceição do Almeida,Rio da Dona,rio da dona,,,dne,True
BA,2908408,Conceição do Coité,Aroeira,aroeira,-11.5610683,-39.2823161,brasil_aberto_first_street,True
BA,2908408,Conceição do Coité,Bandiaçu,bandiacu,-11.5634718,-39.2838986,brasil_aberto_first_street,True
BA,2908408,Conceição do Coité,Centro,centro,-11.56590939,-39.28308105,brasil_aberto_first_street,True
BA,2908408,Conceição do Coité,Joazeiro,joazeiro,-11.666753,-39.274281,mapbox_geocoding,True
BA,2908408,Conceição do Coité,Salgadália,salgadalia,-11.4517945,-39.1885269,brasil_aberto_first_street,True
BA,2908408,Conceição do Coité,São João,sao joao,-11.54989815,-39.39258957,brasil_aberto_first_street,True
BA,2908507,Conceição do Jacuípe,Bessa,bessa,,,brasil_aberto,True
BA,2908507,Conceição do Jacuípe,Centro,centro,-12.3305286,-38.7670993,brasil_aberto_first_street,True
BA,2908507,Conceição do Jacuípe,Picado,picado,,,brasil_aberto,True
BA,2908606,Conde,Centro,centro,-11.8137313,-37.611446,brasil_aberto_first_street,True
BA,2908705,Condeúba,Alegre,alegre,-12.742887,-38.6201633,brasil_aberto_first_street,True
BA,2908705,Condeúba,Área Rural de Condeúba,area rural de condeuba,-14.981408,-41.974866,mapbox_geocoding,True
BA,2908705,Condeúba,Bem-Te-Vi,bem te vi,-14.933254,-41.986423,mapbox_geocoding,True
BA,2908705,Condeúba,Bom Jesus,bom jesus,-13.386317,-44.207069,mapbox_geocoding,True
BA,2908705,Condeúba,Centro,centro,-14.898346,-41.968365,mapbox_geocoding,True
BA,2908705,Condeúba,Divino Espírito Santo,divino espirito santo,-14.90341,-41.974707,mapbox_geocoding,True
BA,2908705,Condeúba,Morada Nova,morada nova,-14.902816,-41.971485,mapbox_geocoding,True
BA,2908705,Condeúba,Nova Esperança,nova esperanca,-14.902816,-41.971485,mapbox_geocoding,True
BA,2908705,Condeúba,Paulo VI,paulo vi,-14.92613,-40.841376,mapbox_geocoding,True
BA,2908705,Condeúba,Progresso,progresso,-15.035521,-41.932088,mapbox_geocoding,True
BA,2908705,Condeúba,São Francisco,sao francisco,-14.902013,-41.969541,mapbox_geocoding,True
BA,2908705,Condeúba,São João,sao joao,-14.900001,-41.964365,mapbox_geocoding,True
BA,2908705,Condeúba,São Vicente de Paula,sao vicente de paula,-14.845786,-40.868092,mapbox_geocoding,True
BA,2908804,Contendas do Sincorá,Caraibuna,caraibuna,,,dne,True
BA,2908804,Contendas do Sincorá,Centro,centro,-13.7620648,-41.0430953,brasil_aberto_first_street,True
BA,2908903,Coração de Maria,Centro,centro,-12.24886417,-38.74917984,brasil_aberto_first_street,True
BA,2908903,Coração de Maria,Itacava,itacava,,,dne,True
BA,2908903,Coração de Maria,Retiro,retiro,,,brasil_aberto,True
BA,2909000,Cordeiros,Centro,centro,-20.12911415,-40.30766678,brasil_aberto_first_street,True
BA,2909109,Coribe,Área Rurual de Coribe,area rurual de coribe,-13.826787,-44.459026,mapbox_geocoding,True
BA,2909109,Coribe,Bairro dos Funcionários,bairro dos funcionarios,-13.828459,-44.455775,mapbox_geocoding,True
BA,2909109,Coribe,Centro,centro,-13.824676,-44.463417,mapbox_geocoding,True
BA,2909109,Coribe,Colônia do Formoso,colonia do formoso,-13.56186199,-44.30503464,brasil_aberto_first_street,True
BA,2909109,Coribe,Descoberto,descoberto,-13.83059406,-44.45333099,brasil_aberto_first_street,True
BA,2909109,Coribe,Novo Horizonte,novo horizonte,-13.824676,-44.463417,mapbox_geocoding,True
BA,2909208,Coronel João Sá,Centro,centro,-12.35531902,-44.98125458,brasil_aberto_first_street,True
BA,2909307,Correntina,Área Rural,area rural,-13.342131,-44.634747,mapbox_geocoding,True
BA,2909307,Correntina,Centro,centro,,,brasil_aberto,True
BA,2909307,Correntina,Distrito Central,distrito central,-13.344554,-44.632968,mapbox_geocoding,True
BA,2909307,Correntina,Distrito Leste,distrito leste,-13.346882,-44.627609,mapbox_geocoding,True
BA,2909307,Correntina,Distrito Norte,distrito norte,-13.344069,-44.623122,mapbox_geocoding,True
BA,2909307,Correntina,Distrito Oeste,distrito oeste,-13.344069,-44.623122,mapbox_geocoding,True
BA,2909307,Correntina,Distrito Sul,distrito sul,-13.34613,-44.636843,mapbox_geocoding,True
BA,2909307,Correntina,Rosário,rosario,,,dne,True
BA,2909307,Correntina,São Manoel do Norte,sao manoel do norte,,,dne,True
BA,2909406,Cotegipe,Área Rural de Cotegipe,area rural de cotegipe,-12.034011,-44.26191,mapbox_geocoding,True
BA,2909406,Cotegipe,Centro,centro,-16.497467,-39.069887,mapbox_geocoding,True
BA,2909406,Cotegipe,Jupaguá,jupagua,,,dne,True
BA,2909406,Cotegipe,Taguá,tagua,,,dne,True
BA,2909406,Cotegipe,Vila Havaí,vila havai,-12.038697,-44.264109,mapbox_geocoding,True
BA,2909406,Cotegipe,Vila Santana,vila santana,-12.037744,-44.258881,mapbox_geocoding,True
BA,2909406,Cotegipe,Vista Verde,vista verde,-12.029734,-44.262175,mapbox_geocoding,True
BA,2909505,Cravolândia,Centro,centro,-13.36082649,-39.81358337,brasil_aberto_first_street,True
BA,2909604,Crisópolis,Buril,buril,,,dne,True
BA,2909604,Crisópolis,Centro,centro,-11.5182001,-38.1461333,brasil_aberto_first_street,True
BA,2909604,Crisópolis,Pinto,pinto,-11.5113956,-38.1519389,brasil_aberto_first_street,True
BA,2909703,Cristópolis,Área Rural de Cristópolis,area rural de cristopolis,-12.233838,-44.416622,mapbox_geocoding,True
BA,2909703,Cristópolis,Centro,centro,-12.23444,-44.414574,mapbox_geocoding,True
BA,2909703,Cristópolis,Cerradão,cerradao,-12.239476,-44.41593,mapbox_geocoding,True
BA,2909703,Cristópolis,Olavo Rochedo,olavo rochedo,-12.235368,-44.415079,mapbox_geocoding,True
BA,2909703,Cristópolis,Pederneira,pederneira,-12.233556,-44.416242,mapbox_geocoding,True
BA,2909703,Cristópolis,São José,sao jose,-13.586493,-38.923979,mapbox_geocoding,True
BA,2909703,Cristópolis,Sol Nascente,sol nascente,-12.237429,-44.419532,mapbox_geocoding,True
BA,2909703,Cristópolis,Vila Baiana,vila baiana,-12.233556,-44.416242,mapbox_geocoding,True
BA,2909802,Cruz das Almas,Centro,centro,-12.6743857,-39.1033512,brasil_aberto_first_street,True
BA,2909901,Curaçá,Barro Vermelho,barro vermelho,,,dne,True
BA,2909901,Curaçá,Centro,centro,-8.9888427,-39.9078601,brasil_aberto_first_street,True
BA,2909901,Curaçá,Patamuté,patamute,,,dne,True
BA,2909901,Curaçá,Poço de Fora,poco de fora,,,dne,True
BA,2909901,Curaçá,Riacho Seco,riacho seco,,,dne,True
BA,2910008,Dário Meira,Acaraci,acaraci,,,brasil_aberto,True
BA,2910008,Dário Meira,Alvorada,alvorada,-14.440885,-40.04879,mapbox_geocoding,True
BA,2910008,Dário Meira,Área Rural de Dário Meira,area rural de dario meira,-14.434622,-39.90255,mapbox_geocoding,True
BA,2910008,Dário Meira,Centro,centro,-14.432235,-39.90213,mapbox_geocoding,True
BA,2910008,Dário Meira,Idelfonso Maroto,idelfonso maroto,,,brasil_aberto,True
BA,2910008,Dário Meira,Nova Cajazeiras,nova cajazeiras,-14.433858,-39.905509,mapbox_geocoding,True
BA,2910008,Dário Meira,Nova Jerusalém,nova jerusalem,-14.434622,-39.90255,mapbox_geocoding,True
BA,2910008,Dário Meira,Planalto Iris,planalto iris,,,brasil_aberto,True
BA,2910008,Dário Meira,Sonho Meu,sonho meu,-14.434622,-39.90255,mapbox_geocoding,True
BA,2910057,Dias d'Ávila,Centro,centro,-12.6100469,-38.30547869999999,brasil_aberto_first_street,True
BA,2910107,Dom Basílio,Centro,centro,-13.7590615,-41.773135,brasil_aberto_first_street,True
BA,2910206,Dom Macedo Costa,Centro,centro,-12.9066359,-39.1904439,brasil_aberto_first_street,True
BA,2910305,Elísio Medrado,Centro,centro,-12.9470452,-39.5238784,brasil_aberto_first_street,True
BA,2910305,Elísio Medrado,Monte Cruzeiro,monte cruzeiro,,,dne,True
BA,2910404,Encruzilhada,Centro,centro,-15.532457,-40.9087147,brasil_aberto_first_street,True
BA,2910404,Encruzilhada,Vila do Café,vila do cafe,,,dne,True
BA,2910503,Entre Rios,Centro,centro,-11.9431843,-38.0825805,brasil_aberto_first_street,True
BA,2910503,Entre Rios,Ibatui,ibatui,,,dne,True
BA,2910503,Entre Rios,Porto de Sauípe,porto de sauipe,-12.2367158,-37.7715597,brasil_aberto_first_street,True
BA,2910503,Entre Rios,Porto Sauípe,porto sauipe,,,brasil_aberto,True
BA,2910503,Entre Rios,Subaúma,subauma,-12.237197,-37.770908,mapbox_geocoding,True
BA,2910602,Esplanada,Centro,centro,-11.8017365,-37.9455589,brasil_aberto_first_street,True
BA,2910602,Esplanada,Mocambo,mocambo,-11.73306561,-38.08285522,brasil_aberto_first_street,True
BA,2910602,Esplanada,Mucambo,mucambo,,,brasil_aberto,True
BA,2910602,Esplanada,Palame,palame,-12.06613541,-37.72139359,brasil_aberto_first_street,True
BA,2910701,Euclides da Cunha,Aribice,aribice,,,dne,True
BA,2910701,Euclides da Cunha,Caimbé,caimbe,,,dne,True
BA,2910701,Euclides da Cunha,Centro,centro,-10.50736046,-39.01324081,brasil_aberto_first_street,True
BA,2910701,Euclides da Cunha,Massacara,massacara,,,dne,True
BA,2910727,Eunápolis,Alecrim,alecrim,-16.3505113,-39.5765675,brasil_aberto_first_street,True
BA,2910727,Eunápolis,Alegria,alegria,-16.3505113,-39.5765675,brasil_aberto_first_street,True
BA,2910727,Eunápolis,Alto da Boa Vista,alto da boa vista,-16.3901897,-39.5710813,brasil_aberto_first_street,True
BA,2910727,Eunápolis,Alvorada,alvorada,-16.3751317,-39.5881125,brasil_aberto_first_street,True
BA,2910727,Eunápolis,Antares,antares,-16.3633213,-39.5953885,brasil_aberto_first_street,True
BA,2910727,Eunápolis,Área Rural de Eunápolis,area rural de eunapolis,-16.3751025,-39.5881125,brasil_aberto_first_street,True
BA,2910727,Eunápolis,Arivaldo Reis,arivaldo reis,-16.3505113,-39.5765675,brasil_aberto_first_street,True
BA,2910727,Eunápolis,Arnaldo Moura,arnaldo moura,-16.3505113,-39.5765675,brasil_aberto_first_street,True
BA,2910727,Eunápolis,Campo das Flores,campo das flores,-10.98514938,-37.05299759,brasil_aberto_first_street,True
BA,2910727,Eunápolis,Centauro,centauro,-16.3635026,-39.5852757,brasil_aberto_first_street,True
BA,2910727,Eunápolis,Centro,centro,-16.3635026,-39.5852757,brasil_aberto_first_street,True
BA,2910727,Eunápolis,Colônia,colonia,,,dne,True
BA,2910727,Eunápolis,Colonial,colonial,-16.3674747,-39.6021056,brasil_aberto_first_street,True
BA,2910727,Eunápolis,Costa Rica,costa rica,-16.3834055,-39.5894509,brasil_aberto_first_street,True
BA,2910727,Eunápolis,Delta Park,delta park,-16.3670722,-39.5466694,brasil_aberto_first_street,True
BA,2910727,Eunápolis,Dinah Borges,dinah borges,-16.3724107,-39.5713033,brasil_aberto_first_street,True
BA,2910727,Eunápolis,Distrito Industrial,distrito industrial,-16.3485975,-39.5799477,brasil_aberto_first_street,True
BA,2910727,Eunápolis,Doutor Gusmão,doutor gusmao,-16.3635026,-39.5852757,brasil_aberto_first_street,True
BA,2910727,Eunápolis,Edgar Trancoso,edgar trancoso,-16.37681007,-39.59004593,brasil_aberto_first_street,True
BA,2910727,Eunápolis,Encanto das Águas,encanto das aguas,-16.3936457,-39.5949304,brasil_aberto_first_street,True
BA,2910727,Eunápolis,Gabiarra,gabiarra,,,dne,True
BA,2910727,Eunápolis,Green Gold,green gold,-16.3728737,-39.572077,brasil_aberto_first_street,True
BA,2910727,Eunápolis,Itapuã,itapua,-16.34889412,-39.5757103,brasil_aberto_first_street,True
BA,2910727,Eunápolis,Ivan Moura,ivan moura,-16.38968277,-39.56248474,brasil_aberto_first_street,True
BA,2910727,Eunápolis,Jardim Amendoeira,jardim amendoeira,-16.3281765,-39.5655934,brasil_aberto_first_street,True
BA,2910727,Eunápolis,Jardim América,jardim america,-16.3730198,-39.6051356,brasil_aberto_first_street,True
BA,2910727,Eunápolis,Jardim América II,jardim america ii,-16.3888966,-39.5709122,brasil_aberto_first_street,True
BA,2910727,Eunápolis,Jardim América III,jardim america iii,-16.376074,-39.621449,mapbox_geocoding,True
BA,2910727,Eunápolis,Jardins das Acácias,jardins das acacias,-16.3873057,-39.592294,brasil_aberto_first_street,True
BA,2910727,Eunápolis,Jardins de Eunápolis,jardins de eunapolis,-16.3847398,-39.5913952,brasil_aberto_first_street,True
BA,2910727,Eunápolis,Jequitaia,jequitaia,-16.3751025,-39.5881125,brasil_aberto_first_street,True
BA,2910727,Eunápolis,Juca Rosa,juca rosa,-16.3375767,-39.5762395,brasil_aberto_first_street,True
BA,2910727,Eunápolis,Lagoa Dourada,lagoa dourada,-12.276312,-38.977071,mapbox_geocoding,True
BA,2910727,Eunápolis,Matinha,matinha,,,brasil_aberto,True
BA,2910727,Eunápolis,Minas Gerais,minas gerais,-16.36426735,-39.56439209,brasil_aberto_first_street,True
BA,2910727,Eunápolis,Moisés Reis,moises reis,-16.3626623,-39.5750314,brasil_aberto_first_street,True
BA,2910727,Eunápolis,Motor,motor,-16.3723025,-39.5662123,brasil_aberto_first_street,True
BA,2910727,Eunápolis,Nacional,nacional,-16.3861378,-39.5705347,brasil_aberto_first_street,True
BA,2910727,Eunápolis,Niterói,niteroi,-16.3751025,-39.5881125,brasil_aberto_first_street,True
BA,2910727,Eunápolis,Nova Esperança,nova esperanca,-9.43157578,-40.49045563,brasil_aberto_first_street,True
BA,2910727,Eunápolis,Nova Eunápolis,nova eunapolis,-16.3308013,-39.57910529999999,brasil_aberto_first_street,True
BA,2910727,Eunápolis,Parque da Renovação,parque da renovacao,-16.3729475,-39.5936749,brasil_aberto_first_street,True
BA,2910727,Eunápolis,Parque das Flores,parque das flores,-16.370652,-39.611366,mapbox_geocoding,True
BA,2910727,Eunápolis,Pequi,pequi,-16.36805725,-39.56869507,brasil_aberto_first_street,True
BA,2910727,Eunápolis,Recanto das Árvores,recanto das arvores,-16.3728737,-39.572077,brasil_aberto_first_street,True
BA,2910727,Eunápolis,Residencial Alamar,residencial alamar,-16.3721529,-39.5946958,brasil_aberto_first_street,True
BA,2910727,Eunápolis,Rosa Neto,rosa neto,-16.34971428,-39.5718689,brasil_aberto_first_street,True
BA,2910727,Eunápolis,Santa Edwirges,santa edwirges,-16.3897809,-39.5901466,brasil_aberto_first_street,True
BA,2910727,Eunápolis,Santa Isabel,santa isabel,-16.37210464,-39.55596542,brasil_aberto_first_street,True
BA,2910727,Eunápolis,Santa Lúcia,santa lucia,-16.3605099,-39.588561,brasil_aberto_first_street,True
BA,2910727,Eunápolis,Santa Rita,santa rita,-16.3855833,-39.5750497,brasil_aberto_first_street,True
BA,2910727,Eunápolis,Sapucaeira,sapucaeira,-16.32769775,-39.57616425,brasil_aberto_first_street,True
BA,2910727,Eunápolis,Stela Reis,stela reis,-16.34971428,-39.5718689,brasil_aberto_first_street,True
BA,2910727,Eunápolis,Thiago de Mello,thiago de mello,-16.3505113,-39.5765675,brasil_aberto_first_street,True
BA,2910727,Eunápolis,URBIS I,urbis i,-16.3887642,-39.5840403,brasil_aberto_first_street,True
BA,2910727,Eunápolis,URBIS II,urbis ii,-16.3866313,-39.5827486,brasil_aberto_first_street,True
BA,2910727,Eunápolis,URBIS III,urbis iii,-16.3692899,-39.5612323,brasil_aberto_first_street,True
BA,2910727,Eunápolis,Vila Olímpica,vila olimpica,-16.3516747,-39.5718025,brasil_aberto_first_street,True
BA,2910727,Eunápolis,Vista Alegre,vista alegre,-16.3505113,-39.5765675,brasil_aberto_first_street,True
BA,2910727,Eunápolis,Vivendas Costa Azul,vivendas costa azul,-16.3890032,-39.587824,brasil_aberto_first_street,True
BA,2910750,Fátima,1º de Abril,1o de abril,-10.59708,-38.215871,mapbox_geocoding,True
BA,2910750,Fátima,Alto do Paraíso,alto do paraiso,-14.973047,-40.558001,mapbox_geocoding,True
BA,2910750,Fátima,Área Rural de Fátima,area rural de fatima,-10.596083,-38.212032,mapbox_geocoding,True
BA,2910750,Fátima,Centro,centro,-10.59708,-38.215871,mapbox_geocoding,True
BA,2910750,Fátima,Laje,laje,-10.597219,-38.218463,mapbox_geocoding,True
BA,2910750,Fátima,Olaria,olaria,-10.593623,-38.210662,mapbox_geocoding,True
BA,2910750,Fátima,Quixabeira,quixabeira,-12.284785,-40.507665,mapbox_geocoding,True
BA,2910750,Fátima,Saúde,saude,-12.91641,-38.35485,mapbox_geocoding,True
BA,2910776,Feira da Mata,Área Rural de Feira da Mata,area rural de feira da mata,-14.212667,-44.283066,mapbox_geocoding,True
BA,2910776,Feira da Mata,Centro,centro,-14.207834,-44.283892,mapbox_geocoding,True
BA,2910776,Feira da Mata,Filomena Pereira Rodrigues,filomena pereira rodrigues,-14.211849,-44.279921,mapbox_geocoding,True
BA,2910776,Feira da Mata,Nova Veneza,nova veneza,-13.998326,-44.196994,mapbox_geocoding,True
BA,2910776,Feira da Mata,Novo Lar,novo lar,-14.207834,-44.283892,mapbox_geocoding,True
BA,2910776,Feira da Mata,Projeto Raízes,projeto raizes,-14.207834,-44.283892,mapbox_geocoding,True
BA,2910776,Feira da Mata,Ramalho,ramalho,,,brasil_aberto,True
BA,2910776,Feira da Mata,Vaquejada,vaquejada,-14.207834,-44.283892,mapbox_geocoding,True
BA,2910776,Feira da Mata,Vila 57,vila 57,-13.998326,-44.196994,mapbox_geocoding,True
BA,2910800,Feira de Santana,35º BI,35o bi,-12.2851365,-38.9473488,brasil_aberto_first_street,True
BA,2910800,Feira de Santana,Aeroporto,aeroporto,-12.23702526,-38.91938782,brasil_aberto_first_street,True
BA,2910800,Feira de Santana,Área Rural de Feira de Santana,area rural de feira de santana,-12.2535848,-38.9600762,brasil_aberto_first_street,True
BA,2910800,Feira de Santana,Asa Branca,asa branca,-12.30094,-38.939671,mapbox_geocoding,True
BA,2910800,Feira de Santana,Aviário,aviario,-12.2986501,-38.9113199,brasil_aberto_first_street,True
BA,2910800,Feira de Santana,Baraúna,barauna,-12.2113802,-38.9852694,brasil_aberto_first_street,True
BA,2910800,Feira de Santana,Bonfim da Feira,bonfim da feira,,,dne,True
BA,2910800,Feira de Santana,Brasília,brasilia,-12.27048683,-38.94692612,brasil_aberto_first_street,True
BA,2910800,Feira de Santana,Calumbi,calumbi,-12.25890827,-38.98091888,brasil_aberto_first_street,True
BA,2910800,Feira de Santana,Campo do Gado Novo,campo do gado novo,-12.2178811,-39.0020861,brasil_aberto_first_street,True
BA,2910800,Feira de Santana,Campo Limpo,campo limpo,-12.21598721,-38.98271179,brasil_aberto_first_street,True
BA,2910800,Feira de Santana,Capuchinhos,capuchinhos,-12.25839233,-38.94678116,brasil_aberto_first_street,True
BA,2910800,Feira de Santana,CASEB,caseb,-12.24001598,-38.96776962,brasil_aberto_first_street,True
BA,2910800,Feira de Santana,Centro,centro,-12.2874518,-38.9484847,brasil_aberto_first_street,True
BA,2910800,Feira de Santana,Chácara São Cosme,chacara sao cosme,-12.21713734,-38.99989319,brasil_aberto_first_street,True
BA,2910800,Feira de Santana,Chaparral,chaparral,-12.275761,-38.8926324,brasil_aberto_first_street,True
BA,2910800,Feira de Santana,Cidade Nova,cidade nova,-12.2240022,-38.95741659999999,brasil_aberto_first_street,True
BA,2910800,Feira de Santana,CIS,cis,-12.3095349,-38.9583603,brasil_aberto_first_street,True
BA,2910800,Feira de Santana,CIS Norte,cis norte,-12.133583,-38.967959,mapbox_geocoding,True
BA,2910800,Feira de Santana,Conceição,conceicao,-12.2381134,-38.92719269,brasil_aberto_first_street,True
BA,2910800,Feira de Santana,Cruzeiro,cruzeiro,-12.2480385,-38.9698974,brasil_aberto_first_street,True
BA,2910800,Feira de Santana,Gabriela,gabriela,-12.23443985,-38.97766113,brasil_aberto_first_street,True
BA,2910800,Feira de Santana,Governador João Durval Carneiro,governador joao durval carneiro,,,dne,True
BA,2910800,Feira de Santana,Humildes,humildes,-12.356413,-38.869481,mapbox_geocoding,True
BA,2910800,Feira de Santana,Jaguara,jaguara,,,dne,True
BA,2910800,Feira de Santana,Jaíba,jaiba,,,dne,True
BA,2910800,Feira de Santana,Jardim Acácia,jardim acacia,-12.2740265,-38.9622187,brasil_aberto_first_street,True
BA,2910800,Feira de Santana,Jardim Cruzeiro,jardim cruzeiro,-12.24585056,-38.98564911,brasil_aberto_first_street,True
BA,2910800,Feira de Santana,Km Sete,km sete,,,dne,True
BA,2910800,Feira de Santana,Lagoa Grande,lagoa grande,-12.2532214,-38.9418855,brasil_aberto_first_street,True
BA,2910800,Feira de Santana,Lagoa Salgada,lagoa salgada,-12.2693522,-38.9207937,brasil_aberto_first_street,True
BA,2910800,Feira de Santana,Limoeiro,limoeiro,-12.299762,-38.909342,brasil_aberto_first_street,True
BA,2910800,Feira de Santana,Limoeiro do Bom Viver,limoeiro do bom viver,,,dne,True
BA,2910800,Feira de Santana,Mangabeira,mangabeira,-12.2185783,-38.9398815,brasil_aberto_first_street,True
BA,2910800,Feira de Santana,Mantiba,mantiba,-12.284047,-38.957899,mapbox_geocoding,True
BA,2910800,Feira de Santana,Maria Quitéria,maria quiteria,,,dne,True
BA,2910800,Feira de Santana,Matinha,matinha,,,dne,True
BA,2910800,Feira de Santana,Morrinhos,morrinhos,,,dne,True
BA,2910800,Feira de Santana,Muchila,muchila,-12.26829433,-38.97148132,brasil_aberto_first_street,True
BA,2910800,Feira de Santana,Nova Esperança,nova esperanca,-12.2318182,-38.95622635,brasil_aberto_first_street,True
BA,2910800,Feira de Santana,Novo Horizonte,novo horizonte,-12.21102238,-38.9653244,brasil_aberto_first_street,True
BA,2910800,Feira de Santana,Olhos D'Água,olhos d agua,-12.27082443,-38.95951843,brasil_aberto_first_street,True
BA,2910800,Feira de Santana,Pampalona,pampalona,-12.23355103,-38.97731018,brasil_aberto_first_street,True
BA,2910800,Feira de Santana,Papagaio,papagaio,-12.243903,-38.914918,mapbox_geocoding,True
BA,2910800,Feira de Santana,Parque Getúlio Vargas,parque getulio vargas,-12.2536153,-38.9408735,brasil_aberto_first_street,True
BA,2910800,Feira de Santana,Parque Ipê,parque ipe,-12.21936703,-38.96534729,brasil_aberto_first_street,True
BA,2910800,Feira de Santana,Pedra do Descanso,pedra do descanso,-12.26164818,-38.9787674,brasil_aberto_first_street,True
BA,2910800,Feira de Santana,Pedra Ferrada,pedra ferrada,-12.208483,-38.99709199999999,brasil_aberto_first_street,True
BA,2910800,Feira de Santana,Ponto Central,ponto central,-12.25270844,-38.94512939,brasil_aberto_first_street,True
BA,2910800,Feira de Santana,Queimadinha,queimadinha,-12.24536514,-38.96090317,brasil_aberto_first_street,True
BA,2910800,Feira de Santana,Registro,registro,-12.2248439,-38.8862054,brasil_aberto_first_street,True
BA,2910800,Feira de Santana,Rua Nova,rua nova,-12.25004292,-38.97651291,brasil_aberto_first_street,True
BA,2910800,Feira de Santana,Santa Mônica,santa monica,-12.2687403,-38.9341558,brasil_aberto_first_street,True
BA,2910800,Feira de Santana,Santo Antônio dos Prazeres,santo antonio dos prazeres,-12.2441384,-38.9205627,brasil_aberto_first_street,True
BA,2910800,Feira de Santana,São João,sao joao,-12.27659702,-38.95659637,brasil_aberto_first_street,True
BA,2910800,Feira de Santana,Serraria Brasil,serraria brasil,-12.26885033,-38.95536423,brasil_aberto_first_street,True
BA,2910800,Feira de Santana,SIM,sim,-12.2464114,-38.9188146,brasil_aberto_first_street,True
BA,2910800,Feira de Santana,Sobradinho,sobradinho,-12.24274445,-38.97454071,brasil_aberto_first_street,True
BA,2910800,Feira de Santana,Subaé,subae,-12.28461647,-38.88568497,brasil_aberto_first_street,True
BA,2910800,Feira de Santana,Subaé (Tanquinho),subae tanquinho,-12.2881138,-38.89444170000001,brasil_aberto_first_street,True
BA,2910800,Feira de Santana,Tiquaruçu,tiquarucu,,,dne,True
BA,2910800,Feira de Santana,Tomba,tomba,-12.28306198,-38.9527626,brasil_aberto_first_street,True
BA,2910800,Feira de Santana,Vale do Jacuípe,vale do jacuipe,-12.255379,-38.964092,mapbox_geocoding,True
BA,2910859,Filadélfia,Centro,centro,-10.7426613,-40.1347911,brasil_aberto_first_street,True
BA,2910909,Firmino Alves,Centro,centro,-14.9869318,-39.92499161,brasil_aberto_first_street,True
BA,2910909,Firmino Alves,Itaia,itaia,-20.33647537,-40.29364014,brasil_aberto_first_street,True
BA,2911006,Floresta Azul,Centro,centro,-14.86207676,-39.6567955,brasil_aberto_first_street,True
BA,2911105,Formosa do Rio Preto,Centro,centro,,,brasil_aberto,True
BA,2911105,Formosa do Rio Preto,Projeto,projeto,-11.0482258,-45.1930567,brasil_aberto_first_street,True
BA,2911204,Gandu,Centro,centro,-13.7409584,-39.4847021,brasil_aberto_first_street,True
BA,2911253,Gavião,Centro,centro,-11.4720623,-39.7833935,brasil_aberto_first_street,True
BA,2911303,Gentio do Ouro,Aeroporto,aeroporto,-11.433465,-42.508985,mapbox_geocoding,True
BA,2911303,Gentio do Ouro,Área Rural de Gentio do Ouro,area rural de gentio do ouro,-11.299671,-42.659028,mapbox_geocoding,True
BA,2911303,Gentio do Ouro,Baixa Grande,baixa grande,-11.428476,-42.504707,mapbox_geocoding,True
BA,2911303,Gentio do Ouro,Centro,centro,-11.809809,-39.379886,mapbox_geocoding,True
BA,2911303,Gentio do Ouro,Cristal,cristal,-11.433465,-42.508985,mapbox_geocoding,True
BA,2911303,Gentio do Ouro,Estádio,estadio,-11.430092,-42.512574,mapbox_geocoding,True
BA,2911303,Gentio do Ouro,Gameleira do Assuruá,gameleira do assurua,,,dne,True
BA,2911303,Gentio do Ouro,Hamilton Félix,hamilton felix,-11.429071,-42.503807,mapbox_geocoding,True
BA,2911303,Gentio do Ouro,Ibitunane,ibitunane,,,dne,True
BA,2911303,Gentio do Ouro,Ipê Amarelo,ipe amarelo,-11.430336,-42.50971,mapbox_geocoding,True
BA,2911303,Gentio do Ouro,Itajubaquara,itajubaquara,-11.300434,-42.657995,mapbox_geocoding,True
BA,2911303,Gentio do Ouro,Pituba,pituba,-11.672427,-42.720229,mapbox_geocoding,True
BA,2911303,Gentio do Ouro,Santo Inácio,santo inacio,,,dne,True
BA,2911303,Gentio do Ouro,Vila Nova,vila nova,-12.217189,-38.952631,mapbox_geocoding,True
BA,2911402,Glória,Centro,centro,-9.3408126,-38.2541947,brasil_aberto_first_street,True
BA,2911501,Gongogi,Centro,centro,-14.3262374,-39.4664687,brasil_aberto_first_street,True
BA,2911501,Gongogi,Tapirama,tapirama,,,dne,True
BA,2911600,Governador Mangabeira,Centro,centro,-12.2320108,-38.95326,brasil_aberto_first_street,True
BA,2911600,Governador Mangabeira,Quixabeira,quixabeira,,,dne,True
BA,2911659,Guajeru,Centro,centro,-14.5490303,-41.93793488,brasil_aberto_first_street,True
BA,2911709,Guanambi,Centro,centro,-14.22588539,-42.77670288,brasil_aberto_first_street,True
BA,2911709,Guanambi,Ceraima,ceraima,-14.25274372,-42.74201202,brasil_aberto_first_street,True
BA,2911709,Guanambi,Morrinhos,morrinhos,,,dne,True
BA,2911709,Guanambi,Mutas,mutas,-14.2151114,-42.7769267,brasil_aberto_first_street,True
BA,2911808,Guaratinga,Buranhém,buranhem,,,dne,True
BA,2911808,Guaratinga,Centro,centro,-16.58711243,-39.78067017,brasil_aberto_first_street,True
BA,2911808,Guaratinga,Monte Alegre,monte alegre,,,brasil_aberto,True
BA,2911808,Guaratinga,São João do Sul,sao joao do sul,,,brasil_aberto,True
BA,2911857,Heliópolis,Centro,centro,-10.6775281,-38.2851933,brasil_aberto_first_street,True
BA,2911907,Iaçu,Centro,centro,-12.76685143,-40.21176529,brasil_aberto_first_street,True
BA,2911907,Iaçu,João Amaro,joao amaro,-12.79730129,-40.35693359,brasil_aberto_first_street,True
BA,2911907,Iaçu,Lajedo Alto,lajedo alto,-12.7262907,-39.87172699,brasil_aberto_first_street,True
BA,2912004,Ibiassucê,Centro,centro,-14.27218056,-42.25792313,brasil_aberto_first_street,True
BA,2912103,Ibicaraí,Centro,centro,-14.866819,-39.586704,brasil_aberto_first_street,True
BA,2912202,Ibicoara,Cascavel,cascavel,-13.279698,-41.388206,mapbox_geocoding,True
BA,2912202,Ibicoara,Centro,centro,-13.4136556,-41.284438,brasil_aberto_first_street,True
BA,2912301,Ibicuí,Água Doce,agua doce,-14.8436236,-39.986691,brasil_aberto_first_street,True
BA,2912301,Ibicuí,Ibitupa,ibitupa,,,dne,True
BA,2912301,Ibicuí,Tancredo Neves,tancredo neves,-14.8453833,-39.98406800000001,brasil_aberto_first_street,True
BA,2912400,Ibipeba,Centro,centro,-11.6420673,-42.0118218,brasil_aberto_first_street,True
BA,2912400,Ibipeba,Iguitu,iguitu,-11.54965496,-42.2262764,brasil_aberto_first_street,True
BA,2912400,Ibipeba,Lagoa Grande,lagoa grande,-11.6117808,-42.1035911,brasil_aberto_first_street,True
BA,2912400,Ibipeba,Mirorós,miroros,-11.43681049,-42.3130188,brasil_aberto_first_street,True
BA,2912509,Ibipitanga,Centro,centro,-12.8803833,-42.4867063,brasil_aberto_first_street,True
BA,2912608,Ibiquera,Centro,centro,-12.6517458,-40.93395233,brasil_aberto_first_street,True
BA,2912707,Ibirapitanga,Centro,centro,-12.9859518,-38.5200395,brasil_aberto_first_street,True
BA,2912707,Ibirapitanga,Itamarati,itamarati,-14.019175,-39.432753,mapbox_geocoding,True
BA,2912707,Ibirapitanga,Itamaraty,itamaraty,,,brasil_aberto,True
BA,2912806,Ibirapuã,Centro,centro,-17.6870147,-40.1064195,brasil_aberto_first_street,True
BA,2912905,Ibirataia,Algodão,algodao,,,dne,True
BA,2912905,Ibirataia,Centro,centro,-14.0692234,-39.64022064,brasil_aberto_first_street,True
BA,2913002,Ibitiara,Centro,centro,-20.31121254,-40.35593414,brasil_aberto_first_street,True
BA,2913002,Ibitiara,Mocambo,mocambo,,,dne,True
BA,2913002,Ibitiara,Olhos D'Água do Seco,olhos d agua do seco,,,dne,True
BA,2913101,Ibititá,Canoão,canoao,-11.307761,-41.4755272,brasil_aberto_first_street,True
BA,2913101,Ibititá,Centro,centro,-11.5472392,-41.9773601,brasil_aberto_first_street,True
BA,2913101,Ibititá,Feira Nova,feira nova,-11.547248,-41.977345,mapbox_geocoding,True
BA,2913200,Ibotirama,Alto do Cruzeiro,alto do cruzeiro,-12.866595,-38.432277,mapbox_geocoding,True
BA,2913200,Ibotirama,Alto do Fundão,alto do fundao,-12.1883,-43.214106,mapbox_geocoding,True
BA,2913200,Ibotirama,Área Rural de Ibotirama,area rural de ibotirama,-12.181401,-43.215843,mapbox_geocoding,True
BA,2913200,Ibotirama,Boa Vista do Lagamar,boa vista do lagamar,,,dne,True
BA,2913200,Ibotirama,Calumbi,calumbi,-12.187635,-43.220919,mapbox_geocoding,True
BA,2913200,Ibotirama,Campo Verde,campo verde,-12.181527,-43.204608,mapbox_geocoding,True
BA,2913200,Ibotirama,Centro,centro,-12.182043,-43.220847,mapbox_geocoding,True
BA,2913200,Ibotirama,Chicá,chica,-12.946845,-38.476989,mapbox_geocoding,True
BA,2913200,Ibotirama,Ibotiraminha,ibotiraminha,-12.176364,-43.218791,mapbox_geocoding,True
BA,2913200,Ibotirama,Jardim Imperial,jardim imperial,-12.181171,-43.203438,mapbox_geocoding,True
BA,2913200,Ibotirama,Jardim Novo Tempo,jardim novo tempo,-12.181527,-43.204608,mapbox_geocoding,True
BA,2913200,Ibotirama,Jardim Santa Rosa,jardim santa rosa,-12.866595,-38.432277,mapbox_geocoding,True
BA,2913200,Ibotirama,Morada Real,morada real,-12.866595,-38.432277,mapbox_geocoding,True
BA,2913200,Ibotirama,Pinheira,pinheira,-12.181529,-43.204613,mapbox_geocoding,True
BA,2913200,Ibotirama,São Francisco,sao francisco,-12.866595,-38.432277,mapbox_geocoding,True
BA,2913200,Ibotirama,São João,sao joao,-17.042246,-39.5179,mapbox_geocoding,True
BA,2913200,Ibotirama,São José,sao jose,-12.189971,-43.214685,mapbox_geocoding,True
BA,2913200,Ibotirama,Veredinha,veredinha,-12.18488,-43.219642,mapbox_geocoding,True
BA,2913309,Ichu,30 de Julho,30 de julho,-11.746181,-39.189984,mapbox_geocoding,True
BA,2913309,Ichu,7 de Fevereiro,7 de fevereiro,-11.749374,-39.190315,mapbox_geocoding,True
BA,2913309,Ichu,Área Rural de Ichu,area rural de ichu,-11.748815,-39.192818,mapbox_geocoding,True
BA,2913309,Ichu,Cedro,cedro,-11.749374,-39.190315,mapbox_geocoding,True
BA,2913309,Ichu,Centro,centro,-11.747723,-39.193391,mapbox_geocoding,True
BA,2913309,Ichu,Cortiço,cortico,-17.114738,-42.69807,mapbox_geocoding,True
BA,2913309,Ichu,Cruzeiro,cruzeiro,-11.749374,-39.190315,mapbox_geocoding,True
BA,2913309,Ichu,Marruaz,marruaz,-11.746181,-39.189984,mapbox_geocoding,True
BA,2913309,Ichu,Umbuzeiro,umbuzeiro,-17.114738,-42.69807,mapbox_geocoding,True
BA,2913408,Igaporã,Centro,centro,-14.7925225,-39.275009,brasil_aberto_first_street,True
BA,2913457,Igrapiúna,Centro,centro,-13.6421207,-41.84118489999999,brasil_aberto_first_street,True
BA,2913507,Iguaí,Centro,centro,-12.97731209,-38.5146904,brasil_aberto_first_street,True
BA,2913507,Iguaí,Iguaibi,iguaibi,-14.6029382,-40.001764,brasil_aberto_first_street,True
BA,2913606,Ilhéus,Área Rural de Ilhéus,area rural de ilheus,-14.7981287,-39.0346984,brasil_aberto_first_street,True
BA,2913606,Ilhéus,Aritaguá,aritagua,-14.6933006,-39.0766099,brasil_aberto_first_street,True
BA,2913606,Ilhéus,Banco Central,banco central,-12.104498,-37.693883,mapbox_geocoding,True
BA,2913606,Ilhéus,Banco da Vitória,banco da vitoria,-14.7928758,-39.0917875,brasil_aberto_first_street,True
BA,2913606,Ilhéus,Banco do Pedro,banco do pedro,-14.655347,-39.266813,mapbox_geocoding,True
BA,2913606,Ilhéus,Barra do Itaípe,barra do itaipe,-14.7786705,-39.0597721,brasil_aberto_first_street,True
BA,2913606,Ilhéus,Basílio,basilio,-14.78705978,-39.05067062,brasil_aberto_first_street,True
BA,2913606,Ilhéus,Boa Vista,boa vista,-14.793161,-39.0377866,brasil_aberto_first_street,True
BA,2913606,Ilhéus,Castelo Novo,castelo novo,-14.821628,-39.03844,mapbox_geocoding,True
BA,2913606,Ilhéus,Centro,centro,-14.79917145,-39.03615189,brasil_aberto_first_street,True
BA,2913606,Ilhéus,Cidade Nova,cidade nova,-14.7883058,-39.0339533,brasil_aberto_first_street,True
BA,2913606,Ilhéus,Conquista,conquista,-14.79173565,-39.04194641,brasil_aberto_first_street,True
BA,2913606,Ilhéus,Coutos,coutos,-14.870984,-39.073751,mapbox_geocoding,True
BA,2913606,Ilhéus,Esperança,esperanca,-14.782062,-39.0540698,brasil_aberto_first_street,True
BA,2913606,Ilhéus,Hernani Sá,hernani sa,-14.8256604,-39.0385097,brasil_aberto_first_street,True
BA,2913606,Ilhéus,Iguape,iguape,-14.75374985,-39.06559372,brasil_aberto_first_street,True
BA,2913606,Ilhéus,Ilhéus II,ilheus ii,-14.661155,-41.488786,mapbox_geocoding,True
BA,2913606,Ilhéus,Inema,inema,-14.657303,-39.105012,mapbox_geocoding,True
BA,2913606,Ilhéus,Japu,japu,-14.87226,-39.0422,mapbox_geocoding,True
BA,2913606,Ilhéus,Jardim Atlântico,jardim atlantico,-14.830709,-39.027596,mapbox_geocoding,True
BA,2913606,Ilhéus,Jardim Savóia,jardim savoia,-14.77252579,-39.06009674,brasil_aberto_first_street,True
BA,2913606,Ilhéus,Malhado,malhado,-14.78620338,-39.03787994,brasil_aberto_first_street,True
BA,2913606,Ilhéus,Nelson Costa,nelson costa,-14.8214407,-39.04004288,brasil_aberto_first_street,True
BA,2913606,Ilhéus,Nossa Senhora da Vitória,nossa senhora da vitoria,-14.84442425,-39.03123474,brasil_aberto_first_street,True
BA,2913606,Ilhéus,Olivença,olivenca,-14.95080757,-39.00954437,brasil_aberto_first_street,True
BA,2913606,Ilhéus,Pimenteira,pimenteira,,,dne,True
BA,2913606,Ilhéus,Pimenteiras,pimenteiras,-14.843257,-39.036846,mapbox_geocoding,True
BA,2913606,Ilhéus,Pontal,pontal,-14.8106999,-39.0271194,brasil_aberto_first_street,True
BA,2913606,Ilhéus,Salobrinho,salobrinho,-14.80387402,-39.17657471,brasil_aberto_first_street,True
BA,2913606,Ilhéus,Sambaituba,sambaituba,-14.779175,-39.056523,mapbox_geocoding,True
BA,2913606,Ilhéus,São Domingos,sao domingos,-14.7354152,-39.0650093,brasil_aberto_first_street,True
BA,2913606,Ilhéus,São Francisco,sao francisco,-14.83178043,-39.02986908,brasil_aberto_first_street,True
BA,2913606,Ilhéus,São José,sao jose,-14.742881,-39.1247,mapbox_geocoding,True
BA,2913606,Ilhéus,São Miguel,sao miguel,-14.7560156,-39.0619587,brasil_aberto_first_street,True
BA,2913606,Ilhéus,São Pedro,sao pedro,,,dne,True
BA,2913606,Ilhéus,São Sebastião,sao sebastiao,-14.80298519,-39.03173447,brasil_aberto_first_street,True
BA,2913606,Ilhéus,Tapera,tapera,-14.781587,-39.047451,mapbox_geocoding,True
BA,2913606,Ilhéus,Teotônio Vilela,teotonio vilela,-14.81194592,-39.05773544,brasil_aberto_first_street,True
BA,2913606,Ilhéus,Teresópolis,teresopolis,-14.7940663,-39.0371517,brasil_aberto_first_street,True
BA,2913606,Ilhéus,Vila Cachoeira,vila cachoeira,-14.798844,-39.033638,mapbox_geocoding,True
BA,2913606,Ilhéus,Vila Nazaré,vila nazare,-14.7943918,-39.0684708,brasil_aberto_first_street,True
BA,2913705,Inhambupe,Baixa Grande,baixa grande,,,brasil_aberto,True
BA,2913705,Inhambupe,Centro,centro,-11.79867935,-38.35203171,brasil_aberto_first_street,True
BA,2913705,Inhambupe,Colônia Roberto Santos,colonia roberto santos,,,brasil_aberto,True
BA,2913804,Ipecaetá,Cavunge,cavunge,-12.2475021,-39.3429436,brasil_aberto_first_street,True
BA,2913804,Ipecaetá,Centro,centro,-12.316716,-39.3073628,brasil_aberto_first_street,True
BA,2913903,Ipiaú,Aloísio Conrado,aloisio conrado,-12.912304,-38.474332,mapbox_geocoding,True
BA,2913903,Ipiaú,Antônio Carlos Magalhães,antonio carlos magalhaes,-12.949874,-38.489273,mapbox_geocoding,True
BA,2913903,Ipiaú,Antônio Lourenço,antonio lourenco,-14.123974,-39.76519,mapbox_geocoding,True
BA,2913903,Ipiaú,Área Rural de Ipiaú,area rural de ipiau,-14.13664,-39.736725,mapbox_geocoding,True
BA,2913903,Ipiaú,Centro,centro,-14.136295,-39.740372,mapbox_geocoding,True
BA,2913903,Ipiaú,Conceição,conceicao,-14.555824,-43.573717,mapbox_geocoding,True
BA,2913903,Ipiaú,Constância,constancia,-14.555824,-43.573717,mapbox_geocoding,True
BA,2913903,Ipiaú,Democracia,democracia,-11.567451,-39.290567,mapbox_geocoding,True
BA,2913903,Ipiaú,Dois de Dezembro,dois de dezembro,-12.906494,-38.358767,mapbox_geocoding,True
BA,2913903,Ipiaú,Euclides Neto,euclides neto,-14.126993,-39.738389,mapbox_geocoding,True
BA,2913903,Ipiaú,Irmã Dulce,irma dulce,-14.555824,-43.573717,mapbox_geocoding,True
BA,2913903,Ipiaú,Lauro de Freitas,lauro de freitas,-12.951607,-38.489481,mapbox_geocoding,True
BA,2913903,Ipiaú,Nossa Senhora Aparecida,nossa senhora aparecida,-14.123974,-39.76519,mapbox_geocoding,True
BA,2913903,Ipiaú,Pau D'Arco,pau d arco,-14.121381,-39.745816,mapbox_geocoding,True
BA,2913903,Ipiaú,Santa Rita,santa rita,-14.129611,-39.730934,mapbox_geocoding,True
BA,2913903,Ipiaú,Santana,santana,-17.016471,-39.549222,mapbox_geocoding,True
BA,2913903,Ipiaú,São Salvador,sao salvador,-14.144567,-39.729133,mapbox_geocoding,True
BA,2914000,Ipirá,Centro,centro,-12.15867138,-39.74235153,brasil_aberto_first_street,True
BA,2914109,Ipupiara,Campos Belos,campos belos,-11.820091,-42.609576,mapbox_geocoding,True
BA,2914109,Ipupiara,Centro,centro,-11.815906,-42.612664,mapbox_geocoding,True
BA,2914109,Ipupiara,Ibipetum,ibipetum,-11.7990675,-42.6430006,brasil_aberto_first_street,True
BA,2914208,Irajuba,Centro,centro,-13.2519161,-40.0846424,brasil_aberto_first_street,True
BA,2914307,Iramaia,Centro,centro,-13.29284954,-40.95946121,brasil_aberto_first_street,True
BA,2914307,Iramaia,Novo Acre,novo acre,,,dne,True
BA,2914406,Iraquara,Centro,centro,-17.53677559,-39.7412262,brasil_aberto_first_street,True
BA,2914406,Iraquara,Iraporanga,iraporanga,-12.2612523,-41.5012792,brasil_aberto_first_street,True
BA,2914505,Irará,Bento Simões,bento simoes,,,dne,True
BA,2914505,Irará,Centro,centro,-12.0463926,-38.7660404,brasil_aberto_first_street,True
BA,2914604,Irecê,Alto do Moura,alto do moura,-11.300846,-41.846851,mapbox_geocoding,True
BA,2914604,Irecê,Área Rural de Irecê,area rural de irece,-11.302346,-41.85587,mapbox_geocoding,True
BA,2914604,Irecê,Arnóbio Batista,arnobio batista,-11.306444,-41.864718,mapbox_geocoding,True
BA,2914604,Irecê,Asa Norte,asa norte,-11.300846,-41.846851,mapbox_geocoding,True
BA,2914604,Irecê,Asa Sul,asa sul,-11.300846,-41.846851,mapbox_geocoding,True
BA,2914604,Irecê,Baixão de Sinésia,baixao de sinesia,-11.293095,-41.837417,mapbox_geocoding,True
BA,2914604,Irecê,Boa Vista,boa vista,-11.304233,-41.866832,mapbox_geocoding,True
BA,2914604,Irecê,Centro,centro,-14.781506,-39.050087,mapbox_geocoding,True
BA,2914604,Irecê,Cocão II,cocao ii,-11.302346,-41.85587,mapbox_geocoding,True
BA,2914604,Irecê,Conquista,conquista,,,brasil_aberto,True
BA,2914604,Irecê,Coopirecê,coopirece,-11.314616,-41.861295,mapbox_geocoding,True
BA,2914604,Irecê,Félix,felix,-11.304179,-41.871644,mapbox_geocoding,True
BA,2914604,Irecê,Fórum,forum,-11.300669,-41.851604,mapbox_geocoding,True
BA,2914604,Irecê,Fundação Bradesco,fundacao bradesco,-11.307912,-41.869918,mapbox_geocoding,True
BA,2914604,Irecê,Ginásio de Esportes,ginasio de esportes,-11.297099,-41.854023,mapbox_geocoding,True
BA,2914604,Irecê,Itapicuru,itapicuru,-11.400831,-41.889011,mapbox_geocoding,True
BA,2914604,Irecê,Jardim Europa,jardim europa,-17.534142,-39.738045,mapbox_geocoding,True
BA,2914604,Irecê,Jardim Irecê,jardim irece,-11.302214,-41.847222,mapbox_geocoding,True
BA,2914604,Irecê,Lagoa de Tió,lagoa de tio,-11.298808,-41.84276,mapbox_geocoding,True
BA,2914604,Irecê,Liberdade,liberdade,-11.295066,-41.841131,mapbox_geocoding,True
BA,2914604,Irecê,Licínio Barreto,licinio barreto,-11.310043,-41.859552,mapbox_geocoding,True
BA,2914604,Irecê,Mamoeiro,mamoeiro,,,brasil_aberto,True
BA,2914604,Irecê,Meia Hora,meia hora,-17.74772,-46.186147,mapbox_geocoding,True
BA,2914604,Irecê,Morada do Sol,morada do sol,-11.300846,-41.846851,mapbox_geocoding,True
BA,2914604,Irecê,Nobelino Dourado,nobelino dourado,-11.306967,-41.882033,mapbox_geocoding,True
BA,2914604,Irecê,Novo Horizonte,novo horizonte,-11.300268,-41.864858,mapbox_geocoding,True
BA,2914604,Irecê,Novo Irecê,novo irece,-11.293095,-41.837417,mapbox_geocoding,True
BA,2914604,Irecê,Paraíso,paraiso,-11.311993,-41.872676,mapbox_geocoding,True
BA,2914604,Irecê,Parque Industrial,parque industrial,-11.293095,-41.837417,mapbox_geocoding,True
BA,2914604,Irecê,Parque Industrial II,parque industrial ii,-11.293095,-41.837417,mapbox_geocoding,True
BA,2914604,Irecê,Paulo Freire,paulo freire,-11.310043,-41.859552,mapbox_geocoding,True
BA,2914604,Irecê,Recanto das Árvores,recanto das arvores,-11.300846,-41.846851,mapbox_geocoding,True
BA,2914604,Irecê,São Francisco,sao francisco,-11.294759,-41.876727,mapbox_geocoding,True
BA,2914604,Irecê,São José,sao jose,-11.304174,-41.842524,mapbox_geocoding,True
BA,2914604,Irecê,Silva Pereira,silva pereira,-11.292034,-41.853833,mapbox_geocoding,True
BA,2914604,Irecê,Universitário,universitario,-11.295066,-41.841131,mapbox_geocoding,True
BA,2914604,Irecê,Vivendas,vivendas,-12.902217,-38.38468,mapbox_geocoding,True
BA,2914653,Itabela,Centro,centro,-16.57278633,-39.55938339,brasil_aberto_first_street,True
BA,2914703,Itaberaba,Centro,centro,-12.5322184,-40.3080568,brasil_aberto_first_street,True
BA,2914802,Itabuna,Alto Maron,alto maron,-14.78365135,-39.27070999,brasil_aberto_first_street,True
BA,2914802,Itabuna,Antique,antique,-14.77084446,-39.27290726,brasil_aberto_first_street,True
BA,2914802,Itabuna,Área Rural de Itabuna,area rural de itabuna,-14.7924167,-39.2820788,brasil_aberto_first_street,True
BA,2914802,Itabuna,Banco Raso,banco raso,-14.80216789,-39.27701569,brasil_aberto_first_street,True
BA,2914802,Itabuna,Califórnia,california,-14.77418137,-39.26369095,brasil_aberto_first_street,True
BA,2914802,Itabuna,Carlos Silva Andaraí,carlos silva andarai,-14.7994133,-39.2918947,brasil_aberto_first_street,True
BA,2914802,Itabuna,Castália,castalia,-14.7845068,-39.27514648,brasil_aberto_first_street,True
BA,2914802,Itabuna,Centro,centro,-14.79718876,-39.27745819,brasil_aberto_first_street,True
BA,2914802,Itabuna,Centro Comercial,centro comercial,-14.7929228,-39.2844624,brasil_aberto_first_street,True
BA,2914802,Itabuna,Centro Industrial,centro industrial,-14.8291191,-39.3193269,brasil_aberto_first_street,True
BA,2914802,Itabuna,Corbiniano Freire,corbiniano freire,-14.7780329,-39.2809873,brasil_aberto_first_street,True
BA,2914802,Itabuna,Daniel Gomes,daniel gomes,-14.8102293,-39.27387619,brasil_aberto_first_street,True
BA,2914802,Itabuna,Fernando Gomes,fernando gomes,-14.82054,-39.30717080000001,brasil_aberto_first_street,True
BA,2914802,Itabuna,Ferradas,ferradas,-14.84749508,-39.33456802,brasil_aberto_first_street,True
BA,2914802,Itabuna,Fonseca,fonseca,-14.81193924,-39.26619339,brasil_aberto_first_street,True
BA,2914802,Itabuna,Góes Calmon,goes calmon,-14.79649353,-39.26870346,brasil_aberto_first_street,True
BA,2914802,Itabuna,Jaçanã,jacana,-14.8186258,-39.2881866,brasil_aberto_first_street,True
BA,2914802,Itabuna,Jardim Grapiúna,jardim grapiuna,-14.7815758,-39.2735504,brasil_aberto_first_street,True
BA,2914802,Itabuna,Jardim Primavera,jardim primavera,-14.81225777,-39.28429794,brasil_aberto_first_street,True
BA,2914802,Itabuna,Jardim Vitória,jardim vitoria,-14.79582024,-39.27448273,brasil_aberto_first_street,True
BA,2914802,Itabuna,João Soares,joao soares,-14.77697754,-39.26419067,brasil_aberto_first_street,True
BA,2914802,Itabuna,Jorge Amado,jorge amado,-14.81615257,-39.30998611,brasil_aberto_first_street,True
BA,2914802,Itabuna,Lomanto Júnior,lomanto junior,-14.80542374,-39.29020309,brasil_aberto_first_street,True
BA,2914802,Itabuna,Mangabinha,mangabinha,-14.7984136,-39.2813162,brasil_aberto_first_street,True
BA,2914802,Itabuna,Manoel Leão,manoel leao,-14.79839325,-39.29230499,brasil_aberto_first_street,True
BA,2914802,Itabuna,Maria Pinheiro,maria pinheiro,-14.81247616,-39.26262283,brasil_aberto_first_street,True
BA,2914802,Itabuna,Monte Cristo,monte cristo,-14.7718999,-39.2700143,brasil_aberto_first_street,True
BA,2914802,Itabuna,Nossa Senhora da Conceição,nossa senhora da conceicao,-14.7863091,-39.2683367,brasil_aberto_first_street,True
BA,2914802,Itabuna,Nossa Senhora das Graças,nossa senhora das gracas,-14.7988154,-39.3042648,brasil_aberto_first_street,True
BA,2914802,Itabuna,Nossa Senhora de Fátima,nossa senhora de fatima,-14.7789346,-39.2697223,brasil_aberto_first_street,True
BA,2914802,Itabuna,Nova Califórnia,nova california,-14.76484394,-39.25878525,brasil_aberto_first_street,True
BA,2914802,Itabuna,Nova Esperança,nova esperanca,-23.1893414,-52.2003341,brasil_aberto_first_street,True
BA,2914802,Itabuna,Nova Ferradas,nova ferradas,-14.790893,-39.274044,mapbox_geocoding,True
BA,2914802,Itabuna,Nova Itabuna,nova itabuna,-14.764844,-39.2587862,brasil_aberto_first_street,True
BA,2914802,Itabuna,Novo Horizonte,novo horizonte,-14.77602768,-39.27866364,brasil_aberto_first_street,True
BA,2914802,Itabuna,Novo São Caetano,novo sao caetano,-14.8151028,-39.2755225,brasil_aberto_first_street,True
BA,2914802,Itabuna,Paraíso,paraiso,-14.7761755,-39.257267,brasil_aberto_first_street,True
BA,2914802,Itabuna,Parque Boa Vista,parque boa vista,-14.77414227,-39.25930023,brasil_aberto_first_street,True
BA,2914802,Itabuna,Parque Santa Clara,parque santa clara,-14.81082439,-39.28268051,brasil_aberto_first_street,True
BA,2914802,Itabuna,Parque Verde,parque verde,-15.0283432,-39.94474411,brasil_aberto_first_street,True
BA,2914802,Itabuna,Pedro Gerônimo,pedro geronimo,-14.81023502,-39.26807785,brasil_aberto_first_street,True
BA,2914802,Itabuna,Pontalzinho,pontalzinho,-14.7845068,-39.27514648,brasil_aberto_first_street,True
BA,2914802,Itabuna,Santa Inês,santa ines,-14.7634431,-39.269867,brasil_aberto_first_street,True
BA,2914802,Itabuna,Santo Antônio,santo antonio,-14.78676796,-39.28647995,brasil_aberto_first_street,True
BA,2914802,Itabuna,São Caetano,sao caetano,-14.80821037,-39.27421951,brasil_aberto_first_street,True
BA,2914802,Itabuna,São Judas Tadeu,sao judas tadeu,-14.77850056,-39.25960159,brasil_aberto_first_street,True
BA,2914802,Itabuna,São Lourenço,sao lourenco,-22.11548996,-45.05871964,brasil_aberto_first_street,True
BA,2914802,Itabuna,São Pedro,sao pedro,-14.7961455,-39.2626292,brasil_aberto_first_street,True
BA,2914802,Itabuna,São Roque,sao roque,-14.7842038,-39.2722393,brasil_aberto_first_street,True
BA,2914802,Itabuna,Sarinha Alcântara,sarinha alcantara,-14.80375385,-39.26718521,brasil_aberto_first_street,True
BA,2914802,Itabuna,Sinval Palmeira,sinval palmeira,-14.7783212,-39.2699306,brasil_aberto_first_street,True
BA,2914802,Itabuna,Taveirolândia,taveirolandia,-14.8095914,-39.2955919,brasil_aberto_first_street,True
BA,2914802,Itabuna,Top Park,top park,-14.823235,-39.315172,mapbox_geocoding,True
BA,2914802,Itabuna,Urbis IV,urbis iv,-14.81923485,-39.31120682,brasil_aberto_first_street,True
BA,2914802,Itabuna,Vila Anália,vila analia,-14.795494,-39.2672839,brasil_aberto_first_street,True
BA,2914802,Itabuna,Vila das Dores,vila das dores,-14.7826453,-39.2632874,brasil_aberto_first_street,True
BA,2914802,Itabuna,Zildolândia,zildolandia,-14.7961721,-39.2803351,brasil_aberto_first_street,True
BA,2914802,Itabuna,Zizo,zizo,-14.8076086,-39.26615143,brasil_aberto_first_street,True
BA,2914901,Itacaré,Centro,centro,-14.27877998,-38.99484253,brasil_aberto_first_street,True
BA,2914901,Itacaré,Taboquinhas,taboquinhas,-14.35002,-39.173338,mapbox_geocoding,True
BA,2915007,Itaeté,Centro,centro,-12.98951149,-40.96231079,brasil_aberto_first_street,True
BA,2915007,Itaeté,Colônia,colonia,,,brasil_aberto,True
BA,2915007,Itaeté,Rumo,rumo,,,brasil_aberto,True
BA,2915106,Itagi,Centro,centro,-14.14601326,-40.24210739,brasil_aberto_first_street,True
BA,2915205,Itagibá,Centro,centro,-14.2835204,-39.84310079999999,brasil_aberto_first_street,True
BA,2915205,Itagibá,Japomirim,japomirim,-14.12388325,-39.77178192,brasil_aberto_first_street,True
BA,2915304,Itagimirim,Centro,centro,-16.0850398,-39.6191028,brasil_aberto_first_street,True
BA,2915304,Itagimirim,União Baiana,uniao baiana,-16.0880967,-39.6164256,brasil_aberto_first_street,True
BA,2915353,Itaguaçu da Bahia,Centro,centro,-11.01195621,-42.39840698,brasil_aberto_first_street,True
BA,2915403,Itaju do Colônia,Centro,centro,-15.1425938,-39.724708,brasil_aberto_first_street,True
BA,2915403,Itaju do Colônia,Palmira,palmira,-15.1807909,-39.5712477,brasil_aberto_first_street,True
BA,2915502,Itajuípe,Bandeira do Almada,bandeira do almada,,,dne,True
BA,2915502,Itajuípe,Centro,centro,-14.67532444,-39.37639618,brasil_aberto_first_street,True
BA,2915502,Itajuípe,Pimenteira,pimenteira,,,brasil_aberto,True
BA,2915601,Itamaraju,Centro,centro,-17.0306183,-39.53247959999999,brasil_aberto_first_street,True
BA,2915601,Itamaraju,Ita-Azul,ita azul,,,dne,True
BA,2915601,Itamaraju,Nova Alegria,nova alegria,,,dne,True
BA,2915601,Itamaraju,Piragi,piragi,,,dne,True
BA,2915601,Itamaraju,Pirajá,piraja,,,dne,True
BA,2915601,Itamaraju,São Paulinho,sao paulinho,,,dne,True
BA,2915700,Itamari,Centro,centro,-13.77851582,-39.68025589,brasil_aberto_first_street,True
BA,2915809,Itambé,Agenor Novaes,agenor novaes,-15.23678,-40.626329,mapbox_geocoding,True
BA,2915809,Itambé,Área Rural de Itambé,area rural de itambe,-15.245925,-40.624004,mapbox_geocoding,True
BA,2915809,Itambé,Bela Vista,bela vista,-15.245963,-40.624079,mapbox_geocoding,True
BA,2915809,Itambé,Catolezinho,catolezinho,-15.2439107,-40.6198319,brasil_aberto_first_street,True
BA,2915809,Itambé,Centro,centro,-15.248885,-40.252555,mapbox_geocoding,True
BA,2915809,Itambé,Durvalina de Andrade,durvalina de andrade,-15.246294,-40.216565,mapbox_geocoding,True
BA,2915809,Itambé,Estrela do Amanhã,estrela do amanha,-11.603655,-38.587845,mapbox_geocoding,True
BA,2915809,Itambé,Felipe Achy,felipe achy,-15.25478,-40.628295,mapbox_geocoding,True
BA,2915809,Itambé,Humberto Lopes,humberto lopes,-15.250063,-40.625792,mapbox_geocoding,True
BA,2915809,Itambé,Ivan Fernandes,ivan fernandes,-15.245925,-40.624004,mapbox_geocoding,True
BA,2915809,Itambé,Jardim Vitória,jardim vitoria,-15.236917,-40.630421,mapbox_geocoding,True
BA,2915809,Itambé,José Gusmão de Brito,jose gusmao de brito,-15.241507,-40.626734,mapbox_geocoding,True
BA,2915809,Itambé,Maria Silva,maria silva,-15.23678,-40.626329,mapbox_geocoding,True
BA,2915809,Itambé,Osório Gusmão,osorio gusmao,-15.248885,-40.252555,mapbox_geocoding,True
BA,2915809,Itambé,São José do Colônia,sao jose do colonia,,,dne,True
BA,2915809,Itambé,Sidney Pereira de Almeida,sidney pereira de almeida,-15.248885,-40.252555,mapbox_geocoding,True
BA,2915809,Itambé,Valdomiro Santos,valdomiro santos,-15.23678,-40.626329,mapbox_geocoding,True
BA,2915908,Itanagra,Centro,centro,-12.93594933,-38.48779297,brasil_aberto_first_street,True
BA,2916005,Itanhém,Batinga,batinga,,,dne,True
BA,2916005,Itanhém,Centro,centro,-16.3736028,-39.5900944,brasil_aberto_first_street,True
BA,2916005,Itanhém,Ibirajá,ibiraja,,,dne,True
BA,2916104,Itaparica,Amoreira,amoreira,,,brasil_aberto,True
BA,2916104,Itaparica,Centro,centro,-12.9001699,-38.6730631,brasil_aberto_first_street,True
BA,2916203,Itapé,Centro,centro,-14.8960356,-39.4235508,brasil_aberto_first_street,True
BA,2916302,Itapebi,Caiubi,caiubi,,,dne,True
BA,2916302,Itapebi,Centro,centro,-15.9704113,-39.53515625,brasil_aberto_first_street,True
BA,2916302,Itapebi,Ventania,ventania,,,brasil_aberto,True
BA,2916401,Itapetinga,Bandeira do Colônia,bandeira do colonia,-15.120636,-40.0697809,brasil_aberto_first_street,True
BA,2916401,Itapetinga,Centro,centro,-9.41181755,-40.50375366,brasil_aberto_first_street,True
BA,2916401,Itapetinga,Octavio Camões,octavio camoes,,,brasil_aberto,True
BA,2916401,Itapetinga,Palmares,palmares,,,dne,True
BA,2916401,Itapetinga,Quintas do Morumbi,quintas do morumbi,-9.41181755,-40.50375366,brasil_aberto_first_street,True
BA,2916500,Itapicuru,Centro,centro,-11.3116439,-38.220751,brasil_aberto_first_street,True
BA,2916500,Itapicuru,Itapicuru,itapicuru,,,brasil_aberto,True
BA,2916500,Itapicuru,Lagoa Redonda,lagoa redonda,,,brasil_aberto,True
BA,2916500,Itapicuru,Sambaíba,sambaiba,,,dne,True
BA,2916609,Itapitanga,Centro,centro,-14.4214383,-39.5673464,brasil_aberto_first_street,True
BA,2916708,Itaquara,Centro,centro,-13.4528207,-39.9405426,brasil_aberto_first_street,True
BA,2916807,Itarantim,Centro,centro,-12.9772625,-38.51460266,brasil_aberto_first_street,True
BA,2916807,Itarantim,Ribeirão do Salto,ribeirao do salto,,,dne,True
BA,2916856,Itatim,Centro,centro,-12.707953,-39.6966624,brasil_aberto_first_street,True
BA,2916906,Itiruçu,Centro,centro,-13.5348781,-40.1504317,brasil_aberto_first_street,True
BA,2916906,Itiruçu,Upabuçu,upabucu,,,brasil_aberto,True
BA,2917003,Itiúba,Adro de São Gonçalo,adro de sao goncalo,,,dne,True
BA,2917003,Itiúba,Bela Vista de Covas,bela vista de covas,,,brasil_aberto,True
BA,2917003,Itiúba,Cacimba,cacimba,,,brasil_aberto,True
BA,2917003,Itiúba,Centro,centro,-10.69326115,-39.8524704,brasil_aberto_first_street,True
BA,2917003,Itiúba,Jacurici,jacurici,,,brasil_aberto,True
BA,2917003,Itiúba,Piaus,piaus,,,brasil_aberto,True
BA,2917003,Itiúba,Picos,picos,,,brasil_aberto,True
BA,2917003,Itiúba,Rômulo Campos,romulo campos,,,brasil_aberto,True
BA,2917003,Itiúba,Sítio dos Moços,sitio dos mocos,,,brasil_aberto,True
BA,2917102,Itororó,Centro,centro,-9.40520287,-38.21872711,brasil_aberto_first_street,True
BA,2917102,Itororó,Itati,itati,-15.0677685,-39.974339,brasil_aberto_first_street,True
BA,2917102,Itororó,Rio do Meio,rio do meio,-15.1172142,-40.06962204,brasil_aberto_first_street,True
BA,2917201,Ituaçu,Centro,centro,-13.8122919,-41.2989203,brasil_aberto_first_street,True
BA,2917300,Ituberá,Centro,centro,-13.7339687,-39.1445693,brasil_aberto_first_street,True
BA,2917334,Iuiu,Área Rural de Iuiu,area rural de iuiu,-14.4114905,-43.5524954,brasil_aberto_first_street,True
BA,2917334,Iuiu,Barragem,barragem,-14.411649,-43.547766,mapbox_geocoding,True
BA,2917334,Iuiu,Centro,centro,-14.411649,-43.547766,mapbox_geocoding,True
BA,2917334,Iuiu,Jacarezinho,jacarezinho,-14.415511,-43.556553,mapbox_geocoding,True
BA,2917334,Iuiu,Jardim Castália,jardim castalia,-14.408654,-43.551803,mapbox_geocoding,True
BA,2917334,Iuiu,Morrinhos,morrinhos,-14.412515,-43.537284,mapbox_geocoding,True
BA,2917334,Iuiu,Novo Horizonte,novo horizonte,-14.408654,-43.551803,mapbox_geocoding,True
BA,2917334,Iuiu,Pindorama,pindorama,,,dne,True
BA,2917334,Iuiu,Planaltina,planaltina,-14.411649,-43.547766,mapbox_geocoding,True
BA,2917334,Iuiu,Taboinha,taboinha,-14.411542,-43.552525,mapbox_geocoding,True
BA,2917359,Jaborandi,3 Irmãos,3 irmaos,-13.618973,-44.47341,mapbox_geocoding,True
BA,2917359,Jaborandi,Alto do Cruzeiro,alto do cruzeiro,-13.625185,-44.465375,mapbox_geocoding,True
BA,2917359,Jaborandi,Alto Paraíso,alto paraiso,-13.407428,-44.218302,mapbox_geocoding,True
BA,2917359,Jaborandi,Área Rural de Jaborandi,area rural de jaborandi,-13.623452,-44.466736,mapbox_geocoding,True
BA,2917359,Jaborandi,Beira Rio A,beira rio a,-13.625185,-44.465375,mapbox_geocoding,True
BA,2917359,Jaborandi,Beira Rio B,beira rio b,-13.625185,-44.465375,mapbox_geocoding,True
BA,2917359,Jaborandi,Centro,centro,-13.625185,-44.465375,mapbox_geocoding,True
BA,2917359,Jaborandi,Jaborandi Velho,jaborandi velho,-12.511686,-40.311377,mapbox_geocoding,True
BA,2917359,Jaborandi,Jaborandizinho,jaborandizinho,-13.407428,-44.218302,mapbox_geocoding,True
BA,2917359,Jaborandi,Margoso,margoso,-13.618973,-44.47341,mapbox_geocoding,True
BA,2917359,Jaborandi,Moreira Alves,moreira alves,-13.625185,-44.465375,mapbox_geocoding,True
BA,2917359,Jaborandi,Nego de Faustino,nego de faustino,-13.618973,-44.47341,mapbox_geocoding,True
BA,2917359,Jaborandi,Salvador Amanso,salvador amanso,-13.618973,-44.47341,mapbox_geocoding,True
BA,2917359,Jaborandi,Veredas,veredas,-17.561828,-39.750679,mapbox_geocoding,True
BA,2917409,Jacaraci,Centro,centro,-14.7902343,-42.2701609,brasil_aberto_first_street,True
BA,2917409,Jacaraci,Irundiara,irundiara,,,dne,True
BA,2917409,Jacaraci,Paiol,paiol,,,dne,True
BA,2917508,Jacobina,Alagoinha,alagoinha,-14.555824,-43.573717,mapbox_geocoding,True
BA,2917508,Jacobina,Área Rural de Jacobina,area rural de jacobina,-11.315798,-40.353153,mapbox_geocoding,True
BA,2917508,Jacobina,Bananeira,bananeira,-11.190008,-40.496219,mapbox_geocoding,True
BA,2917508,Jacobina,Barro Branco,barro branco,-11.314304,-40.283828,mapbox_geocoding,True
BA,2917508,Jacobina,Caatinga do Moura,caatinga do moura,,,dne,True
BA,2917508,Jacobina,Cachoeira Grande,cachoeira grande,,,dne,True
BA,2917508,Jacobina,Caeira,caeira,-11.177161,-40.523913,mapbox_geocoding,True
BA,2917508,Jacobina,Caixa D'Água,caixa d agua,-11.326086,-40.168958,mapbox_geocoding,True
BA,2917508,Jacobina,Catinga do Moura,catinga do moura,,,brasil_aberto,True
BA,2917508,Jacobina,Catuaba,catuaba,-0.855352,-47.178307,mapbox_geocoding,True
BA,2917508,Jacobina,Centro,centro,-11.180877,-40.513386,mapbox_geocoding,True
BA,2917508,Jacobina,Curralinho,curralinho,-12.225981,-38.958318,mapbox_geocoding,True
BA,2917508,Jacobina,Estação,estacao,-11.18722,-40.520555,mapbox_geocoding,True
BA,2917508,Jacobina,Félix Tomaz,felix tomaz,-11.173213,-40.518299,mapbox_geocoding,True
BA,2917508,Jacobina,Grotinha,grotinha,-14.822632,-39.039985,mapbox_geocoding,True
BA,2917508,Jacobina,Índios,indios,-11.191548,-40.516415,mapbox_geocoding,True
BA,2917508,Jacobina,Itaítu,itaitu,,,dne,True
BA,2917508,Jacobina,Itapeipu,itapeipu,,,dne,True
BA,2917508,Jacobina,Jacobina I,jacobina i,-10.465374,-40.188854,mapbox_geocoding,True
BA,2917508,Jacobina,Jacobina II,jacobina ii,-11.184906,-40.52995,mapbox_geocoding,True
BA,2917508,Jacobina,Jacobina III,jacobina iii,-14.802407,-39.266771,mapbox_geocoding,True
BA,2917508,Jacobina,Jacobina IV,jacobina iv,-14.793199,-39.037821,mapbox_geocoding,True
BA,2917508,Jacobina,Junco,junco,-11.327206,-40.172019,mapbox_geocoding,True
BA,2917508,Jacobina,Junco de Jacobina,junco de jacobina,,,dne,True
BA,2917508,Jacobina,Lages,lages,,,brasil_aberto,True
BA,2917508,Jacobina,Lages do Batata,lages do batata,,,dne,True
BA,2917508,Jacobina,Leader,leader,-14.555824,-43.573717,mapbox_geocoding,True
BA,2917508,Jacobina,Matriz,matriz,-11.183915,-40.507398,mapbox_geocoding,True
BA,2917508,Jacobina,Missão,missao,-11.183024,-40.516559,mapbox_geocoding,True
BA,2917508,Jacobina,Mundo Novo,mundo novo,-11.190031,-40.514456,mapbox_geocoding,True
BA,2917508,Jacobina,Nazaré,nazare,-11.182534,-40.531184,mapbox_geocoding,True
BA,2917508,Jacobina,Novo Paraíso,novo paraiso,-11.287057,-40.27491,mapbox_geocoding,True
BA,2917508,Jacobina,Parque de Exposição,parque de exposicao,-12.225981,-38.958318,mapbox_geocoding,True
BA,2917508,Jacobina,Pedra Branca,pedra branca,-11.157451,-40.560326,mapbox_geocoding,True
BA,2917508,Jacobina,Peru,peru,-11.18722,-40.520555,mapbox_geocoding,True
BA,2917508,Jacobina,Pontilhão,pontilhao,-11.22687,-40.111247,mapbox_geocoding,True
BA,2917508,Jacobina,Rio do Ramo,rio do ramo,-0.855352,-47.178307,mapbox_geocoding,True
BA,2917508,Jacobina,Serrinha,serrinha,-11.188923,-40.508324,mapbox_geocoding,True
BA,2917508,Jacobina,Tamarindo,tamarindo,-11.173656,-40.534358,mapbox_geocoding,True
BA,2917508,Jacobina,Tapuio,tapuio,-11.224904,-40.393908,mapbox_geocoding,True
BA,2917508,Jacobina,Velame,velame,-11.425838,-39.886962,mapbox_geocoding,True
BA,2917508,Jacobina,Vila Feliz,vila feliz,-11.173242,-40.522737,mapbox_geocoding,True
BA,2917607,Jaguaquara,Centro,centro,-12.25534725,-38.96685028,brasil_aberto_first_street,True
BA,2917607,Jaguaquara,Entroncamento de Jaguaquara,entroncamento de jaguaquara,-13.5297075,-39.9685808,brasil_aberto_first_street,True
BA,2917607,Jaguaquara,Ipiúna,ipiuna,-20.52457237,-54.61822891,brasil_aberto_first_street,True
BA,2917706,Jaguarari,Catuni,catuni,,,brasil_aberto,True
BA,2917706,Jaguarari,Centro,centro,-10.2578321,-40.1947158,brasil_aberto_first_street,True
BA,2917706,Jaguarari,Distrito Pilar,distrito pilar,,,dne,True
BA,2917706,Jaguarari,Juacema,juacema,,,dne,True
BA,2917706,Jaguarari,Núcleo Residencial Pilar,nucleo residencial pilar,-9.88646221,-39.96561813,brasil_aberto_first_street,True
BA,2917706,Jaguarari,Santa Rosa de Lima,santa rosa de lima,,,brasil_aberto,True
BA,2917805,Jaguaripe,Camassandi,camassandi,,,dne,True
BA,2917805,Jaguaripe,Centro,centro,-13.1194291,-38.8697808,brasil_aberto_first_street,True
BA,2917805,Jaguaripe,Cunhangi,cunhangi,,,dne,True
BA,2917805,Jaguaripe,Jacuruna,jacuruna,,,dne,True
BA,2917805,Jaguaripe,Pirajuia,pirajuia,,,dne,True
BA,2917904,Jandaíra,Abadia,abadia,,,dne,True
BA,2917904,Jandaíra,Centro,centro,-11.569608,-37.774517,mapbox_geocoding,True
BA,2917904,Jandaíra,Itanhi,itanhi,,,dne,True
BA,2917904,Jandaíra,Mangue Seco,mangue seco,,,dne,True
BA,2918001,Jequié,Agenor Coelho de Aragão,agenor coelho de aragao,-13.8689167,-40.1055164,brasil_aberto_first_street,True
BA,2918001,Jequié,Água Branca,agua branca,-13.85910511,-40.06568146,brasil_aberto_first_street,True
BA,2918001,Jequié,Área Rural de Jequié,area rural de jequie,-13.8590592,-40.0837763,brasil_aberto_first_street,True
BA,2918001,Jequié,Baixão,baixao,-14.049941,-39.985788,mapbox_geocoding,True
BA,2918001,Jequié,Barra Avenida,barra avenida,-11.458003,-42.456357,mapbox_geocoding,True
BA,2918001,Jequié,Boaçu,boacu,-13.986569,-40.177323,mapbox_geocoding,True
BA,2918001,Jequié,Caixa D'Água,caixa d agua,-13.8522833,-40.0914542,brasil_aberto_first_street,True
BA,2918001,Jequié,Campo do América,campo do america,-13.8565015,-40.0765943,brasil_aberto_first_street,True
BA,2918001,Jequié,Cansanção,cansancao,-13.8705158,-40.1025425,brasil_aberto_first_street,True
BA,2918001,Jequié,Centro,centro,-13.8610105,-40.08253029999999,brasil_aberto_first_street,True
BA,2918001,Jequié,Curral Novo,curral novo,-13.86383247,-40.12097168,brasil_aberto_first_street,True
BA,2918001,Jequié,Espírito Santo,espirito santo,-13.8800477,-40.0609065,brasil_aberto_first_street,True
BA,2918001,Jequié,Florestal,florestal,-13.800063,-39.846122,mapbox_geocoding,True
BA,2918001,Jequié,Itaibó,itaibo,-13.942087,-39.739733,mapbox_geocoding,True
BA,2918001,Jequié,Itaigara,itaigara,-13.8708566,-40.0789475,brasil_aberto_first_street,True
BA,2918001,Jequié,Itajuru,itajuru,-14.075455,-39.940321,mapbox_geocoding,True
BA,2918001,Jequié,Jequiezinho,jequiezinho,-13.8677454,-40.07354355,brasil_aberto_first_street,True
BA,2918001,Jequié,Joaquim Romão,joaquim romao,-13.85987949,-40.09127426,brasil_aberto_first_street,True
BA,2918001,Jequié,Kennedy,kennedy,-13.8590592,-40.0837763,brasil_aberto_first_street,True
BA,2918001,Jequié,KM III,km iii,-13.8694475,-40.1026829,brasil_aberto_first_street,True
BA,2918001,Jequié,KM IV,km iv,-13.8711899,-40.1206609,brasil_aberto_first_street,True
BA,2918001,Jequié,Mandacaru,mandacaru,-13.8701389,-40.0856522,brasil_aberto_first_street,True
BA,2918001,Jequié,Monte Branco,monte branco,-13.880313,-40.053926,mapbox_geocoding,True
BA,2918001,Jequié,Oriente Novo,oriente novo,-12.347251,-41.586606,mapbox_geocoding,True
BA,2918001,Jequié,Pompílio Sampaio,pompilio sampaio,-13.8591053,-40.0656796,brasil_aberto_first_street,True
BA,2918001,Jequié,São Judas Tadeu,sao judas tadeu,-13.8428255,-40.070692,brasil_aberto_first_street,True
BA,2918001,Jequié,São Luís,sao luis,-13.8497201,-40.07996790000001,brasil_aberto_first_street,True
BA,2918001,Jequié,Suíssa,suissa,-13.8363751,-40.0718286,brasil_aberto_first_street,True
BA,2918001,Jequié,Tropical,tropical,-13.8964433,-40.0400753,brasil_aberto_first_street,True
BA,2918001,Jequié,Vila Rodoviária,vila rodoviaria,-13.8765471,-40.0680625,brasil_aberto_first_street,True
BA,2918100,Jeremoabo,Canché,canche,,,dne,True
BA,2918100,Jeremoabo,Centro,centro,-10.0718402,-38.3493807,brasil_aberto_first_street,True
BA,2918209,Jiquiriçá,Centro,centro,-13.2557553,-39.574409,brasil_aberto_first_street,True
BA,2918308,Jitaúna,Centro,centro,-14.8014183,-39.04103851,brasil_aberto_first_street,True
BA,2918357,João Dourado,Centro,centro,-11.3452563,-41.6632435,brasil_aberto_first_street,True
BA,2918357,João Dourado,Gameleira dos Crentes,gameleira dos crentes,-11.3941353,-41.6981092,brasil_aberto_first_street,True
BA,2918407,Juazeiro,Abóbora,abobora,,,dne,True
BA,2918407,Juazeiro,Água Bela,agua bela,-9.4188836,-40.5139828,brasil_aberto_first_street,True
BA,2918407,Juazeiro,Alagadiço,alagadico,-10.6819227,-41.2869704,brasil_aberto_first_street,True
BA,2918407,Juazeiro,Alto da Aliança,alto da alianca,-9.44446754,-40.49658585,brasil_aberto_first_street,True
BA,2918407,Juazeiro,Alto da Maravilha,alto da maravilha,-9.41829681,-40.50101089,brasil_aberto_first_street,True
BA,2918407,Juazeiro,Alto do Alencar,alto do alencar,-9.4333114,-40.4948176,brasil_aberto_first_street,True
BA,2918407,Juazeiro,Alto do Cruzeiro,alto do cruzeiro,-9.42881107,-40.49906158,brasil_aberto_first_street,True
BA,2918407,Juazeiro,Angary,angary,-9.413846699999999,-40.4932423,brasil_aberto_first_street,True
BA,2918407,Juazeiro,Antônio Conselheiro,antonio conselheiro,-9.4219743,-40.4922313,brasil_aberto_first_street,True
BA,2918407,Juazeiro,Antonio Guilhermino,antonio guilhermino,-9.4563661,-40.4999942,brasil_aberto_first_street,True
BA,2918407,Juazeiro,Área Rural de Juazeiro,area rural de juazeiro,-9.4312697,-40.5078709,brasil_aberto_first_street,True
BA,2918407,Juazeiro,Argemiro,argemiro,-9.4219743,-40.4922313,brasil_aberto_first_street,True
BA,2918407,Juazeiro,Cajueiro,cajueiro,-9.41218567,-40.49731445,brasil_aberto_first_street,True
BA,2918407,Juazeiro,Carnaíba do Sertão,carnaiba do sertao,,,dne,True
BA,2918407,Juazeiro,Castelo Branco,castelo branco,-9.43966484,-40.49087143,brasil_aberto_first_street,True
BA,2918407,Juazeiro,Centenário,centenario,-9.4197975,-40.4955415,brasil_aberto_first_street,True
BA,2918407,Juazeiro,Centro,centro,-9.41218567,-40.49731445,brasil_aberto_first_street,True
BA,2918407,Juazeiro,Coréia,coreia,-9.41829681,-40.50101089,brasil_aberto_first_street,True
BA,2918407,Juazeiro,Country Club,country club,-9.41367149,-40.51511765,brasil_aberto_first_street,True
BA,2918407,Juazeiro,Distrito Industrial,distrito industrial,-9.4312866,-40.5079903,brasil_aberto_first_street,True
BA,2918407,Juazeiro,Dom José Rodrigues,dom jose rodrigues,-9.45501995,-40.514328,brasil_aberto_first_street,True
BA,2918407,Juazeiro,Dom Tomaz,dom tomaz,-9.45740223,-40.49406052,brasil_aberto_first_street,True
BA,2918407,Juazeiro,Expedito de Almeida Nascimento,expedito de almeida nascimento,-9.42362881,-40.52180481,brasil_aberto_first_street,True
BA,2918407,Juazeiro,Itaberaba,itaberaba,-9.44690132,-40.48686218,brasil_aberto_first_street,True
BA,2918407,Juazeiro,Itamotinga,itamotinga,,,dne,True
BA,2918407,Juazeiro,Jardim Flórida,jardim florida,-9.4293363,-40.5151323,brasil_aberto_first_street,True
BA,2918407,Juazeiro,Jardim Novo Encontro,jardim novo encontro,-9.4219743,-40.4922313,brasil_aberto_first_street,True
BA,2918407,Juazeiro,Jardim Primavera,jardim primavera,-9.4551223,-40.4177551,brasil_aberto_first_street,True
BA,2918407,Juazeiro,Jardim São Paulo,jardim sao paulo,-9.4483221,-40.4981377,brasil_aberto_first_street,True
BA,2918407,Juazeiro,Jardim Universitário,jardim universitario,-9.4175296,-40.4918548,brasil_aberto_first_street,True
BA,2918407,Juazeiro,Jardim Vitória,jardim vitoria,-9.4253797,-40.5108052,brasil_aberto_first_street,True
BA,2918407,Juazeiro,João Paulo II,joao paulo ii,-9.4664515,-40.5011299,brasil_aberto_first_street,True
BA,2918407,Juazeiro,João XXIII,joao xxiii,-9.42801285,-40.50292587,brasil_aberto_first_street,True
BA,2918407,Juazeiro,Junco,junco,,,dne,True
BA,2918407,Juazeiro,Juremal,juremal,-9.731674499999999,-40.2680075,brasil_aberto_first_street,True
BA,2918407,Juazeiro,Lomanto Júnior,lomanto junior,-9.422866,-40.5006317,brasil_aberto_first_street,True
BA,2918407,Juazeiro,Malhada da Areia,malhada da areia,-9.4397276,-40.5012505,brasil_aberto_first_street,True
BA,2918407,Juazeiro,Mandacaru,mandacaru,,,dne,True
BA,2918407,Juazeiro,Maniçoba,manicoba,,,dne,True
BA,2918407,Juazeiro,Maringá,maringa,-9.417658099999999,-40.512127,brasil_aberto_first_street,True
BA,2918407,Juazeiro,Massaroca,massaroca,,,dne,True
BA,2918407,Juazeiro,Monte Castelo,monte castelo,-9.4328661,-40.48743439,brasil_aberto_first_street,True
BA,2918407,Juazeiro,Mussambê,mussambe,-9.4253797,-40.5108052,brasil_aberto_first_street,True
BA,2918407,Juazeiro,Nossa Senhora da Penha,nossa senhora da penha,-9.419193,-40.5128609,brasil_aberto_first_street,True
BA,2918407,Juazeiro,Nossa Senhora das Grotas,nossa senhora das grotas,-9.43042,-40.5190731,brasil_aberto_first_street,True
BA,2918407,Juazeiro,Nova Esperança,nova esperanca,-9.4219743,-40.4922313,brasil_aberto_first_street,True
BA,2918407,Juazeiro,Nova Juazeiro,nova juazeiro,-9.418375800000002,-40.5030941,brasil_aberto_first_street,True
BA,2918407,Juazeiro,Padre Vicente,padre vicente,-9.4363699,-40.50644302,brasil_aberto_first_street,True
BA,2918407,Juazeiro,Palmares,palmares,-9.456802,-40.488091,brasil_aberto_first_street,True
BA,2918407,Juazeiro,Parque Centenário,parque centenario,-9.4255756,-40.4934901,brasil_aberto_first_street,True
BA,2918407,Juazeiro,Parque Residencial,parque residencial,-9.4663105,-40.5014515,brasil_aberto_first_street,True
BA,2918407,Juazeiro,Pedra do Lord,pedra do lord,-9.424577099999999,-40.529246,brasil_aberto_first_street,True
BA,2918407,Juazeiro,Pedro Raimundo,pedro raimundo,-9.4601608,-40.5135679,brasil_aberto_first_street,True
BA,2918407,Juazeiro,Pinhões,pinhoes,,,dne,True
BA,2918407,Juazeiro,Piranga,piranga,-9.42896271,-40.50623703,brasil_aberto_first_street,True
BA,2918407,Juazeiro,Piranga I,piranga i,-9.4312866,-40.5079903,brasil_aberto_first_street,True
BA,2918407,Juazeiro,Piranga II,piranga ii,-9.4405921,-40.5250685,brasil_aberto_first_street,True
BA,2918407,Juazeiro,Quidé,quide,-9.42659664,-40.52038574,brasil_aberto_first_street,True
BA,2918407,Juazeiro,Santa Maria Goretti,santa maria goretti,-9.4195776,-40.50133896,brasil_aberto_first_street,True
BA,2918407,Juazeiro,Santo Antônio,santo antonio,-12.96493912,-39.24509811,brasil_aberto_first_street,True
BA,2918407,Juazeiro,São Geraldo,sao geraldo,-9.424238599999999,-40.48345399999999,brasil_aberto_first_street,True
BA,2918407,Juazeiro,Sol Levante,sol levante,-9.4457516,-40.5238925,brasil_aberto_first_street,True
BA,2918407,Juazeiro,Tabuleiro,tabuleiro,-9.43334484,-40.47052765,brasil_aberto_first_street,True
BA,2918407,Juazeiro,Tancredo Neves,tancredo neves,-9.43974876,-40.48942184,brasil_aberto_first_street,True
BA,2918407,Juazeiro,Usina Aliança,usina alianca,-9.4444673,-40.4965853,brasil_aberto_first_street,True
BA,2918407,Juazeiro,Vila Nova Fé,vila nova fe,-9.4666687,-40.4948159,brasil_aberto_first_street,True
BA,2918407,Juazeiro,Vila Tiradentes,vila tiradentes,-9.44446754,-40.49658585,brasil_aberto_first_street,True
BA,2918456,Jucuruçu,Centro,centro,-16.8438103,-40.1583153,brasil_aberto_first_street,True
BA,2918506,Jussara,Centro,centro,-11.04527664,-41.96788025,brasil_aberto_first_street,True
BA,2918506,Jussara,Recife,recife,,,dne,True
BA,2918555,Jussari,Areia Branca,areia branca,,,dne,True
BA,2918555,Jussari,Centro,centro,-15.189828,-39.4932645,brasil_aberto_first_street,True
BA,2918605,Jussiape,Caraguataí,caraguatai,,,dne,True
BA,2918605,Jussiape,Centro,centro,-13.51475239,-41.59215927,brasil_aberto_first_street,True
BA,2918704,Lafaiete Coutinho,Centro,centro,-13.6555771,-40.209922,brasil_aberto_first_street,True
BA,2918753,Lagoa Real,Área Rural de Lagoa Real,area rural de lagoa real,-14.138764,-42.067318,mapbox_geocoding,True
BA,2918753,Lagoa Real,Bela Vista,bela vista,-14.035258,-42.154581,mapbox_geocoding,True
BA,2918753,Lagoa Real,Centro,centro,-14.034478,-42.14139,mapbox_geocoding,True
BA,2918753,Lagoa Real,Paraíso,paraiso,-14.03496,-42.14264,mapbox_geocoding,True
BA,2918753,Lagoa Real,Parque do Vaqueiro,parque do vaqueiro,-14.038251,-42.142495,mapbox_geocoding,True
BA,2918753,Lagoa Real,Santa Maria,santa maria,-14.03496,-42.14264,mapbox_geocoding,True
BA,2918753,Lagoa Real,São João Batista,sao joao batista,-14.03496,-42.14264,mapbox_geocoding,True
BA,2918803,Laje,Capão,capao,,,dne,True
BA,2918803,Laje,Centro,centro,-13.1819003,-39.4223352,brasil_aberto_first_street,True
BA,2918803,Laje,Engenheiro Pontes,engenheiro pontes,,,dne,True
BA,2918902,Lajedão,Centro,centro,-17.6149418,-40.3439332,brasil_aberto_first_street,True
BA,2919009,Lajedinho,Centro,centro,-12.35332966,-40.90512466,brasil_aberto_first_street,True
BA,2919058,Lajedo do Tabocal,Centro,centro,-13.47383213,-40.2219696,brasil_aberto_first_street,True
BA,2919108,Lamarão,Centro,centro,-11.7947219,-38.8830105,brasil_aberto_first_street,True
BA,2919157,Lapão,Aguada Nova,aguada nova,,,brasil_aberto,True
BA,2919157,Lapão,Centro,centro,-11.3835752,-41.8324524,brasil_aberto_first_street,True
BA,2919207,Lauro de Freitas,Aracuí,aracui,-12.8884639,-38.3133179,brasil_aberto_first_street,True
BA,2919207,Lauro de Freitas,Área Rural de Lauro de Freitas,area rural de lauro de freitas,-12.8857737,-38.3185595,brasil_aberto_first_street,True
BA,2919207,Lauro de Freitas,Areia Branca,areia branca,-12.8431088,-38.35226220000001,brasil_aberto_first_street,True
BA,2919207,Lauro de Freitas,Barro Duro,barro duro,-12.8282939,-38.3508456,brasil_aberto_first_street,True
BA,2919207,Lauro de Freitas,Buraquinho,buraquinho,-12.87481022,-38.3004837,brasil_aberto_first_street,True
BA,2919207,Lauro de Freitas,Caixa D'Água,caixa d agua,-12.87818718,-38.32094574,brasil_aberto_first_street,True
BA,2919207,Lauro de Freitas,Caji,caji,-12.89169693,-38.34399033,brasil_aberto_first_street,True
BA,2919207,Lauro de Freitas,Capelão,capelao,-12.8837172,-38.3244954,brasil_aberto_first_street,True
BA,2919207,Lauro de Freitas,Centro,centro,-12.89907169,-38.32390594,brasil_aberto_first_street,True
BA,2919207,Lauro de Freitas,Ipitanga,ipitanga,-12.89987469,-38.3188858,brasil_aberto_first_street,True
BA,2919207,Lauro de Freitas,Itinga,itinga,-12.9001725,-38.3431092,brasil_aberto_first_street,True
BA,2919207,Lauro de Freitas,Jambeiro,jambeiro,-12.83935547,-38.32245636,brasil_aberto_first_street,True
BA,2919207,Lauro de Freitas,Parque São Paulo,parque sao paulo,-23.60935211,-46.76828766,brasil_aberto_first_street,True
BA,2919207,Lauro de Freitas,Pitangueiras,pitangueiras,-12.881926,-38.3068846,brasil_aberto_first_street,True
BA,2919207,Lauro de Freitas,Portão,portao,-12.86719322,-38.30589676,brasil_aberto_first_street,True
BA,2919207,Lauro de Freitas,Quingoma,quingoma,-12.858051,-38.323048,mapbox_geocoding,True
BA,2919207,Lauro de Freitas,Recreio Ipitanga,recreio ipitanga,-12.88802338,-38.32520676,brasil_aberto_first_street,True
BA,2919207,Lauro de Freitas,Vida Nova,vida nova,-12.8766354,-38.3351929,brasil_aberto_first_street,True
BA,2919207,Lauro de Freitas,Vila Praiana,vila praiana,-12.8940291,-38.3066783,brasil_aberto_first_street,True
BA,2919207,Lauro de Freitas,Vilas do Atlântico,vilas do atlantico,-12.892882,-38.29139199999999,brasil_aberto_first_street,True
BA,2919306,Lençóis,Afrânio Peixoto,afranio peixoto,,,dne,True
BA,2919306,Lençóis,Centro,centro,-12.97804928,-38.51468658,brasil_aberto_first_street,True
BA,2919306,Lençóis,Coronel Otaviano Alves,coronel otaviano alves,-12.49677277,-41.29608536,brasil_aberto_first_street,True
BA,2919405,Licínio de Almeida,Centro,centro,-12.98973083,-38.52154922,brasil_aberto_first_street,True
BA,2919405,Licínio de Almeida,Jurema,jurema,,,brasil_aberto,True
BA,2919405,Licínio de Almeida,Tauapé,tauape,-14.5849629,-42.4376699,brasil_aberto_first_street,True
BA,2919504,Livramento de Nossa Senhora,Centro,centro,-13.64909077,-41.84228516,brasil_aberto_first_street,True
BA,2919504,Livramento de Nossa Senhora,Iguatemi,iguatemi,-13.8728049,-41.8997976,brasil_aberto_first_street,True
BA,2919504,Livramento de Nossa Senhora,Itanagé,itanage,-13.662333,-41.935889,mapbox_geocoding,True
BA,2919504,Livramento de Nossa Senhora,São Timóteo,sao timoteo,-13.662333,-41.935889,mapbox_geocoding,True
BA,2919553,Luís Eduardo Magalhães,Alto da Lagoa,alto da lagoa,-12.128727,-45.813879,mapbox_geocoding,True
BA,2919553,Luís Eduardo Magalhães,Área Rural de Luís Eduardo Magalhães,area rural de luis eduardo magalhaes,-12.0806624,-45.7786578,brasil_aberto_first_street,True
BA,2919553,Luís Eduardo Magalhães,Bahia Farm,bahia farm,-12.089142,-45.77642,mapbox_geocoding,True
BA,2919553,Luís Eduardo Magalhães,Boa Vista,boa vista,-12.084357,-45.803112,mapbox_geocoding,True
BA,2919553,Luís Eduardo Magalhães,Centro,centro,-12.0907734,-45.7972466,brasil_aberto_first_street,True
BA,2919553,Luís Eduardo Magalhães,Cidade do Automóvel,cidade do automovel,-12.08617,-45.742863,mapbox_geocoding,True
BA,2919553,Luís Eduardo Magalhães,Cidade Santa Cruz,cidade santa cruz,,,brasil_aberto,True
BA,2919553,Luís Eduardo Magalhães,Florais Léa,florais lea,-12.104596,-45.798491,mapbox_geocoding,True
BA,2919553,Luís Eduardo Magalhães,Jardim Alvorada,jardim alvorada,-12.076471,-45.767893,mapbox_geocoding,True
BA,2919553,Luís Eduardo Magalhães,Jardim das Acácias,jardim das acacias,-12.076471,-45.767893,mapbox_geocoding,True
BA,2919553,Luís Eduardo Magalhães,Jardim das Oliveiras,jardim das oliveiras,-12.063561,-45.718463,mapbox_geocoding,True
BA,2919553,Luís Eduardo Magalhães,Jardim Imperial,jardim imperial,-12.087947,-45.797688,mapbox_geocoding,True
BA,2919553,Luís Eduardo Magalhães,Jardim Paraíso,jardim paraiso,-12.095878,-45.778191,mapbox_geocoding,True
BA,2919553,Luís Eduardo Magalhães,Jardim Primavera,jardim primavera,-12.090634,-45.806959,mapbox_geocoding,True
BA,2919553,Luís Eduardo Magalhães,Mimoso do Oeste,mimoso do oeste,-12.069567,-45.815738,mapbox_geocoding,True
BA,2919553,Luís Eduardo Magalhães,Novo Paraná,novo parana,-12.326372,-45.856992,mapbox_geocoding,True
BA,2919553,Luís Eduardo Magalhães,Ondumar Marabá,ondumar maraba,-12.061947,-45.715289,mapbox_geocoding,True
BA,2919553,Luís Eduardo Magalhães,Santa Cruz,santa cruz,-12.104596,-45.798491,mapbox_geocoding,True
BA,2919553,Luís Eduardo Magalhães,Tropical Ville,tropical ville,-12.087947,-45.797688,mapbox_geocoding,True
BA,2919553,Luís Eduardo Magalhães,Universitário,universitario,-12.100834,-45.798849,mapbox_geocoding,True
BA,2919603,Macajuba,Centro,centro,-12.1387293,-40.3589856,brasil_aberto_first_street,True
BA,2919702,Macarani,Centro,centro,-15.56780624,-40.42460251,brasil_aberto_first_street,True
BA,2919801,Macaúbas,Canatiba,canatiba,-13.0852417,-42.8543486,brasil_aberto_first_street,True
BA,2919801,Macaúbas,Centro,centro,-13.6421207,-41.84118489999999,brasil_aberto_first_street,True
BA,2919801,Macaúbas,Lagoa Clara,lagoa clara,-13.4070489,-42.6820728,brasil_aberto_first_street,True
BA,2919801,Macaúbas,Santa Terezinha,santa terezinha,,,dne,True
BA,2919900,Macururé,Centro,centro,-12.97767258,-38.47430038,brasil_aberto_first_street,True
BA,2919926,Madre de Deus,Centro,centro,-12.74540138,-38.61597824,brasil_aberto_first_street,True
BA,2919959,Maetinga,Centro,centro,-14.66604996,-41.49045181,brasil_aberto_first_street,True
BA,2920007,Maiquinique,Centro,centro,-15.6198057,-40.2631881,brasil_aberto_first_street,True
BA,2920106,Mairi,Angico,angico,,,dne,True
BA,2920106,Mairi,Centro,centro,-11.71277332,-40.15067673,brasil_aberto_first_street,True
BA,2920205,Malhada,Área Rural de Malhada,area rural de malhada,-14.334987,-43.772137,mapbox_geocoding,True
BA,2920205,Malhada,Beira Rio,beira rio,-14.335286,-43.773363,mapbox_geocoding,True
BA,2920205,Malhada,Cana Brava,cana brava,,,dne,True
BA,2920205,Malhada,Canabrava,canabrava,,,brasil_aberto,True
BA,2920205,Malhada,Centro,centro,-14.335286,-43.773363,mapbox_geocoding,True
BA,2920205,Malhada,Distrito de Canabrava,distrito de canabrava,-14.10062,-43.674398,mapbox_geocoding,True
BA,2920205,Malhada,Julião,juliao,,,dne,True
BA,2920205,Malhada,Parateca,parateca,-13.8987369,-43.5403994,brasil_aberto_first_street,True
BA,2920205,Malhada,Porto da Balsa,porto da balsa,-14.335286,-43.773363,mapbox_geocoding,True
BA,2920205,Malhada,São Geraldo,sao geraldo,-12.484106,-43.961712,mapbox_geocoding,True
BA,2920205,Malhada,Vasco da Gama,vasco da gama,-14.33628,-43.770732,mapbox_geocoding,True
BA,2920304,Malhada de Pedras,Centro,centro,-14.386627,-41.878325,mapbox_geocoding,True
BA,2920403,Manoel Vitorino,Catingal,catingal,-14.0437193,-40.561582,brasil_aberto_first_street,True
BA,2920403,Manoel Vitorino,Centro,centro,-14.1456337,-40.24409866,brasil_aberto_first_street,True
BA,2920403,Manoel Vitorino,Salgado,salgado,,,brasil_aberto,True
BA,2920452,Mansidão,Área Rural de Mansidão,area rural de mansidao,-10.717878,-44.0355,mapbox_geocoding,True
BA,2920452,Mansidão,Aroeiras,aroeiras,,,dne,True
BA,2920452,Mansidão,Barreirinha,barreirinha,-12.215065,-38.99884,mapbox_geocoding,True
BA,2920452,Mansidão,Centro,centro,-10.717193,-44.034871,mapbox_geocoding,True
BA,2920452,Mansidão,São Gonçalo,sao goncalo,-12.89261,-38.480912,mapbox_geocoding,True
BA,2920502,Maracás,Centro,centro,-20.31121254,-40.35593414,brasil_aberto_first_street,True
BA,2920601,Maragogipe,Coqueiros,coqueiros,,,dne,True
BA,2920601,Maragogipe,Enseada,enseada,-13.00567245,-41.36923981,brasil_aberto_first_street,True
BA,2920601,Maragogipe,Guaí,guai,,,dne,True
BA,2920601,Maragogipe,Guapira,guapira,,,dne,True
BA,2920601,Maragogipe,Nagé,nage,,,dne,True
BA,2920601,Maragogipe,São Roque do Paraguaçu,sao roque do paraguacu,,,dne,True
BA,2920700,Maraú,Barra Grande,barra grande,-13.894067,-38.950601,mapbox_geocoding,True
BA,2920700,Maraú,Barra Grande de Maraú,barra grande de marau,,,dne,True
BA,2920700,Maraú,Centro,centro,-12.77217388,-38.62047577,brasil_aberto_first_street,True
BA,2920700,Maraú,Ibiaçu,ibiacu,,,dne,True
BA,2920700,Maraú,Piabanha,piabanha,,,dne,True
BA,2920809,Marcionílio Souza,Centro,centro,-13.0005521,-40.534696,brasil_aberto_first_street,True
BA,2920809,Marcionílio Souza,Juraci,juraci,,,dne,True
BA,2920809,Marcionílio Souza,Queimadinhas,queimadinhas,,,brasil_aberto,True
BA,2920908,Mascote,Centro,centro,-12.9627523,-39.2602868,brasil_aberto_first_street,True
BA,2920908,Mascote,Pimenta,pimenta,,,brasil_aberto,True
BA,2920908,Mascote,São João do Paraiso,sao joao do paraiso,-15.614527,-39.43459,mapbox_geocoding,True
BA,2920908,Mascote,Teixeira do Progresso,teixeira do progresso,,,dne,True
BA,2921005,Mata de São João,Açu da Torre,acu da torre,,,dne,True
BA,2921005,Mata de São João,Amado Bahia,amado bahia,,,dne,True
BA,2921005,Mata de São João,Centro,centro,-12.24933052,-38.96508408,brasil_aberto_first_street,True
BA,2921005,Mata de São João,Costa do Sauípe,costa do sauipe,-12.51527,-38.316879,mapbox_geocoding,True
BA,2921005,Mata de São João,Imbassaí,imbassai,,,dne,True
BA,2921005,Mata de São João,Praia do Forte,praia do forte,-12.5745995,-38.0049816,brasil_aberto_first_street,True
BA,2921054,Matina,Centro,centro,-13.9137093,-42.8484639,brasil_aberto_first_street,True
BA,2921104,Medeiros Neto,Centro,centro,-17.53606033,-39.75008011,brasil_aberto_first_street,True
BA,2921104,Medeiros Neto,Itupeva,itupeva,,,dne,True
BA,2921104,Medeiros Neto,Nova Lídice,nova lidice,,,dne,True
BA,2921203,Miguel Calmon,Centro,centro,-11.4265961,-40.5938637,brasil_aberto_first_street,True
BA,2921203,Miguel Calmon,Itapura,itapura,-11.547177,-40.4536652,brasil_aberto_first_street,True
BA,2921203,Miguel Calmon,Tapiranga,tapiranga,-11.4428936,-40.4237205,brasil_aberto_first_street,True
BA,2921302,Milagres,Centro,centro,-12.87107944,-39.85760498,brasil_aberto_first_street,True
BA,2921302,Milagres,Tartaruga,tartaruga,-12.9568614,-39.68927679999999,brasil_aberto_first_street,True
BA,2921401,Mirangaba,Centro,centro,-12.29022121,-40.4962883,brasil_aberto_first_street,True
BA,2921401,Mirangaba,Nuguaçu,nuguacu,,,dne,True
BA,2921401,Mirangaba,Taquarendi,taquarendi,,,dne,True
BA,2921450,Mirante,Centro,centro,-14.2419378,-40.7666461,brasil_aberto_first_street,True
BA,2921500,Monte Santo,Agostinho Ferreira da Silva,agostinho ferreira da silva,-7.499664,-35.299595,mapbox_geocoding,True
BA,2921500,Monte Santo,Alto da Colina,alto da colina,-10.438726,-39.333042,mapbox_geocoding,True
BA,2921500,Monte Santo,Alto São Francisco,alto sao francisco,-10.438726,-39.333042,mapbox_geocoding,True
BA,2921500,Monte Santo,Área Rural de Monte Santo,area rural de monte santo,-10.53351,-39.283617,mapbox_geocoding,True
BA,2921500,Monte Santo,Centro,centro,-10.440785,-39.33015,mapbox_geocoding,True
BA,2921500,Monte Santo,João Durval,joao durval,-10.361886,-39.510748,mapbox_geocoding,True
BA,2921500,Monte Santo,Jorge Andrade,jorge andrade,-11.57167,-37.769407,mapbox_geocoding,True
BA,2921500,Monte Santo,Santa Cruz,santa cruz,-11.57167,-37.769407,mapbox_geocoding,True
BA,2921609,Morpará,Área Rural de Morpará,area rural de morpara,-12.000688,-43.098772,mapbox_geocoding,True
BA,2921609,Morpará,Barragem,barragem,-11.564913,-43.278045,mapbox_geocoding,True
BA,2921609,Morpará,Carmelo,carmelo,-11.55023,-43.277784,mapbox_geocoding,True
BA,2921609,Morpará,Centro,centro,-11.564913,-43.278045,mapbox_geocoding,True
BA,2921609,Morpará,Josi Donato,josi donato,-11.566708,-43.274112,mapbox_geocoding,True
BA,2921609,Morpará,Prisco Viana,prisco viana,-11.561628,-43.277893,mapbox_geocoding,True
BA,2921609,Morpará,Quixabá,quixaba,,,dne,True
BA,2921609,Morpará,Renascer,renascer,-11.566708,-43.274112,mapbox_geocoding,True
BA,2921609,Morpará,São Francisco,sao francisco,-11.559028,-43.272293,mapbox_geocoding,True
BA,2921609,Morpará,Urbis,urbis,-11.564913,-43.278045,mapbox_geocoding,True
BA,2921708,Morro do Chapéu,Alto da Chapada,alto da chapada,-11.544497,-41.165902,mapbox_geocoding,True
BA,2921708,Morro do Chapéu,Área Rural de Morro do Chapéu,area rural de morro do chapeu,-11.467845,-40.879868,mapbox_geocoding,True
BA,2921708,Morro do Chapéu,Bairro da Paz,bairro da paz,-14.788081,-39.051383,mapbox_geocoding,True
BA,2921708,Morro do Chapéu,Caixa D'Água,caixa d agua,-11.547417,-41.160379,mapbox_geocoding,True
BA,2921708,Morro do Chapéu,Camirim,camirim,,,dne,True
BA,2921708,Morro do Chapéu,Capelinha,capelinha,-11.542365,-41.15527,mapbox_geocoding,True
BA,2921708,Morro do Chapéu,Centro,centro,-11.548354,-41.161827,mapbox_geocoding,True
BA,2921708,Morro do Chapéu,Cruzeiro,cruzeiro,-11.557919,-41.159352,mapbox_geocoding,True
BA,2921708,Morro do Chapéu,Dias Coelho,dias coelho,,,dne,True
BA,2921708,Morro do Chapéu,Duas Barras do Morro,duas barras do morro,,,dne,True
BA,2921708,Morro do Chapéu,Fedegoso,fedegoso,,,brasil_aberto,True
BA,2921708,Morro do Chapéu,Icó,ico,,,dne,True
BA,2921708,Morro do Chapéu,Pedra Grande,pedra grande,-11.546914,-41.146589,mapbox_geocoding,True
BA,2921708,Morro do Chapéu,Rodoviária,rodoviaria,-11.548354,-41.161827,mapbox_geocoding,True
BA,2921708,Morro do Chapéu,São Sebastião,sao sebastiao,-11.550818,-41.14407,mapbox_geocoding,True
BA,2921708,Morro do Chapéu,São Vicente,sao vicente,-11.553515,-41.163517,mapbox_geocoding,True
BA,2921708,Morro do Chapéu,Tamburil,tamburil,,,dne,True
BA,2921708,Morro do Chapéu,Vale Ouro,vale ouro,-11.557919,-41.159352,mapbox_geocoding,True
BA,2921708,Morro do Chapéu,Ventura,ventura,,,dne,True
BA,2921807,Mortugaba,Centro,centro,-15.02301884,-42.3706665,brasil_aberto_first_street,True
BA,2921906,Mucugê,Centro,centro,-13.0088285,-41.3711799,brasil_aberto_first_street,True
BA,2921906,Mucugê,Guiné,guine,,,dne,True
BA,2921906,Mucugê,João Correia,joao correia,-13.27318,-41.598178,mapbox_geocoding,True
BA,2921906,Mucugê,Vila Guiné,vila guine,-12.77361012,-41.53636551,brasil_aberto_first_street,True
BA,2922003,Mucuri,Centro,centro,-18.07935143,-39.5472641,brasil_aberto_first_street,True
BA,2922003,Mucuri,Ibiranhém,ibiranhem,,,dne,True
BA,2922003,Mucuri,Itabatan,itabatan,-18.0070882,-39.8629235,brasil_aberto_first_street,True
BA,2922003,Mucuri,Taquarinha,taquarinha,,,dne,True
BA,2922052,Mulungu do Morro,Canudos,canudos,,,dne,True
BA,2922052,Mulungu do Morro,Centro,centro,-11.9668797,-41.6419556,brasil_aberto_first_street,True
BA,2922052,Mulungu do Morro,Várzea do Cerco,varzea do cerco,,,dne,True
BA,2922102,Mundo Novo,Alto Bonito,alto bonito,,,dne,True
BA,2922102,Mundo Novo,Centro,centro,-11.86081505,-40.47149277,brasil_aberto_first_street,True
BA,2922102,Mundo Novo,Ibiapora,ibiapora,,,dne,True
BA,2922102,Mundo Novo,Indaí,indai,,,dne,True
BA,2922102,Mundo Novo,Jequitibá,jequitiba,,,brasil_aberto,True
BA,2922102,Mundo Novo,Umbuzeiro,umbuzeiro,,,dne,True
BA,2922201,Muniz Ferreira,Centro,centro,-13.00097656,-39.1066246,brasil_aberto_first_street,True
BA,2922201,Muniz Ferreira,Onha,onha,-11.812114,-37.940131,mapbox_geocoding,True
BA,2922201,Muniz Ferreira,Sodoma,sodoma,-13.001355,-39.10748,mapbox_geocoding,True
BA,2922250,Muquém do São Francisco,Centro,centro,-12.96607971,-38.4628067,brasil_aberto_first_street,True
BA,2922250,Muquém do São Francisco,Javi,javi,,,dne,True
BA,2922300,Muritiba,Centro,centro,-12.9776001,-38.51475143,brasil_aberto_first_street,True
BA,2922300,Muritiba,Itapora,itapora,,,dne,True
BA,2922300,Muritiba,São José de Itaporã,sao jose de itapora,-12.61726,-39.159279,mapbox_geocoding,True
BA,2922300,Muritiba,São José do Itaporã,sao jose do itapora,,,dne,True
BA,2922409,Mutuípe,Centro,centro,-13.2281847,-39.50321579,brasil_aberto_first_street,True
BA,2922508,Nazaré,Centro,centro,-13.0324143,-39.0127493,brasil_aberto_first_street,True
BA,2922607,Nilo Peçanha,Centro,centro,-13.6009681,-39.1060515,brasil_aberto_first_street,True
BA,2922656,Nordestina,Centro,centro,-10.8248593,-39.4294059,brasil_aberto_first_street,True
BA,2922706,Nova Canaã,Centro,centro,-14.79222107,-40.14362335,brasil_aberto_first_street,True
BA,2922706,Nova Canaã,Itajaí,itajai,,,dne,True
BA,2922730,Nova Fátima,Centro,centro,-11.60742474,-39.63317108,brasil_aberto_first_street,True
BA,2922755,Nova Ibiá,Centro,centro,-13.7455391,-39.4878463,brasil_aberto_first_street,True
BA,2922805,Nova Itarana,Centro,centro,-13.0262354,-40.0666049,brasil_aberto_first_street,True
BA,2922805,Nova Itarana,Serra do CEM,serra do cem,,,dne,True
BA,2922854,Nova Redenção,Área Rural de Nova Redenção,area rural de nova redencao,-12.820205,-41.071926,mapbox_geocoding,True
BA,2922854,Nova Redenção,Cachoeira,cachoeira,-12.822668,-41.068993,mapbox_geocoding,True
BA,2922854,Nova Redenção,Centro,centro,-12.818505,-41.071422,mapbox_geocoding,True
BA,2922854,Nova Redenção,Cícero Rosa,cicero rosa,-12.820638,-41.0741,mapbox_geocoding,True
BA,2922854,Nova Redenção,Cruzeirinho,cruzeirinho,-12.820205,-41.071926,mapbox_geocoding,True
BA,2922854,Nova Redenção,Júlia Francisca,julia francisca,-12.811468,-41.071651,mapbox_geocoding,True
BA,2922854,Nova Redenção,Laranjeiras,laranjeiras,-12.820205,-41.071926,mapbox_geocoding,True
BA,2922854,Nova Redenção,Lídia Cândida,lidia candida,-12.820638,-41.0741,mapbox_geocoding,True
BA,2922854,Nova Redenção,Nascer do Sol,nascer do sol,-12.820638,-41.0741,mapbox_geocoding,True
BA,2922904,Nova Soure,Centro,centro,-12.99210548,-38.45252228,brasil_aberto_first_street,True
BA,2923001,Nova Viçosa,Argolo,argolo,,,dne,True
BA,2923001,Nova Viçosa,Centro,centro,-13.00991535,-38.53158569,brasil_aberto_first_street,True
BA,2923001,Nova Viçosa,Helvecia,helvecia,,,dne,True
BA,2923001,Nova Viçosa,Posto da Mata,posto da mata,-17.89017487,-39.85936737,brasil_aberto_first_street,True
BA,2923035,Novo Horizonte,Brejo Luíza de Brito,brejo luiza de brito,-12.85462189,-42.03604126,brasil_aberto_first_street,True
BA,2923035,Novo Horizonte,Centro,centro,-12.80988884,-42.16864395,brasil_aberto_first_street,True
BA,2923035,Novo Horizonte,Olhos D'Água do Serafim,olhos d agua do serafim,,,dne,True
BA,2923035,Novo Horizonte,Remédios,remedios,-12.8179723,-42.2165112,brasil_aberto_first_street,True
BA,2923050,Novo Triunfo,Centro,centro,-10.41072655,-38.32947922,brasil_aberto_first_street,True
BA,2923100,Olindina,Centro,centro,-14.8503277,-40.844989,brasil_aberto_first_street,True
BA,2923100,Olindina,Dona Maria,dona maria,,,dne,True
BA,2923100,Olindina,Umbuzeiro,umbuzeiro,,,dne,True
BA,2923209,Oliveira dos Brejinhos,Bom Sossego,bom sossego,,,dne,True
BA,2923209,Oliveira dos Brejinhos,Centro,centro,-12.2139762,-42.6514789,brasil_aberto_first_street,True
BA,2923209,Oliveira dos Brejinhos,Ipuçaba,ipucaba,-12.1227967,-42.9490421,brasil_aberto_first_street,True
BA,2923209,Oliveira dos Brejinhos,Queimada Nova,queimada nova,-12.373746,-42.429161,mapbox_geocoding,True
BA,2923308,Ouriçangas,Centro,centro,-12.0123847,-38.6286215,brasil_aberto_first_street,True
BA,2923357,Ourolândia,Alagadiço,alagadico,,,brasil_aberto,True
BA,2923357,Ourolândia,Centro,centro,-10.97200584,-41.08324432,brasil_aberto_first_street,True
BA,2923357,Ourolândia,Lagoa do 33,lagoa do 33,,,dne,True
BA,2923357,Ourolândia,Lagoa do Trinta e Três,lagoa do trinta e tres,,,brasil_aberto,True
BA,2923407,Palmas de Monte Alto,Área Rural de Palmas de Monte Alto,area rural de palmas de monte alto,-14.265835,-43.162933,mapbox_geocoding,True
BA,2923407,Palmas de Monte Alto,Barrinha,barrinha,-14.235965,-43.046744,mapbox_geocoding,True
BA,2923407,Palmas de Monte Alto,Bica,bica,-14.265835,-43.162933,mapbox_geocoding,True
BA,2923407,Palmas de Monte Alto,Bonfim,bonfim,-14.257251,-43.150847,mapbox_geocoding,True
BA,2923407,Palmas de Monte Alto,Centro,centro,-14.235965,-43.046744,mapbox_geocoding,True
BA,2923407,Palmas de Monte Alto,Cidade Nova,cidade nova,-14.255481,-43.158582,mapbox_geocoding,True
BA,2923407,Palmas de Monte Alto,Espraiado,espraiado,,,dne,True
BA,2923407,Palmas de Monte Alto,Girassol,girassol,-14.263276,-43.165002,mapbox_geocoding,True
BA,2923407,Palmas de Monte Alto,Jardim Brasil,jardim brasil,-14.254149,-43.155154,mapbox_geocoding,True
BA,2923407,Palmas de Monte Alto,Mota,mota,-14.252633,-43.168568,mapbox_geocoding,True
BA,2923407,Palmas de Monte Alto,Nova Palmas,nova palmas,-14.245781,-43.305788,mapbox_geocoding,True
BA,2923407,Palmas de Monte Alto,Oliveira,oliveira,-14.257484,-43.172002,mapbox_geocoding,True
BA,2923407,Palmas de Monte Alto,Pinga Fogo,pinga fogo,,,dne,True
BA,2923407,Palmas de Monte Alto,Planalto,planalto,-14.26259,-43.158331,mapbox_geocoding,True
BA,2923407,Palmas de Monte Alto,Rancho das Mães,rancho das maes,,,dne,True
BA,2923407,Palmas de Monte Alto,Santa Cruz,santa cruz,-14.263276,-43.165002,mapbox_geocoding,True
BA,2923407,Palmas de Monte Alto,São Vicente,sao vicente,-14.266508,-43.160132,mapbox_geocoding,True
BA,2923506,Palmeiras,Alto da Peteca,alto da peteca,-12.515587,-41.577307,mapbox_geocoding,True
BA,2923506,Palmeiras,Alto do Renério,alto do renerio,-12.521678,-41.579535,mapbox_geocoding,True
BA,2923506,Palmeiras,Alto Eldorado,alto eldorado,-12.513607,-41.577132,mapbox_geocoding,True
BA,2923506,Palmeiras,Ananazes,ananazes,-12.517098,-41.584736,mapbox_geocoding,True
BA,2923506,Palmeiras,Área Rural de Palmeiras,area rural de palmeiras,-12.51523,-41.57459,mapbox_geocoding,True
BA,2923506,Palmeiras,Caeté-Açu,caete acu,,,dne,True
BA,2923506,Palmeiras,Centro,centro,-12.515587,-41.577307,mapbox_geocoding,True
BA,2923506,Palmeiras,Cidade Nova,cidade nova,-12.510526,-41.577112,mapbox_geocoding,True
BA,2923506,Palmeiras,Jason Alves,jason alves,-12.735108,-38.291267,mapbox_geocoding,True
BA,2923506,Palmeiras,Mandacarú,mandacaru,-12.512673,-41.577651,mapbox_geocoding,True
BA,2923506,Palmeiras,Multirão,multirao,-10.283712,-37.928652,mapbox_geocoding,True
BA,2923506,Palmeiras,Renério,renerio,-12.521721,-41.576605,mapbox_geocoding,True
BA,2923605,Paramirim,Canabravinha,canabravinha,,,dne,True
BA,2923605,Paramirim,Caraíbas,caraibas,-14.7244929,-41.2598571,brasil_aberto_first_street,True
BA,2923605,Paramirim,Centro,centro,-13.4444988,-42.2505217,brasil_aberto_first_street,True
BA,2923704,Paratinga,Águas do Paulista,aguas do paulista,,,dne,True
BA,2923704,Paratinga,Centro,centro,-12.98824787,-38.52189255,brasil_aberto_first_street,True
BA,2923704,Paratinga,Volta da Serra,volta da serra,,,dne,True
BA,2923803,Paripiranga,Área Rural de Paripiranga,area rural de paripiranga,-10.68399,-37.86294,mapbox_geocoding,True
BA,2923803,Paripiranga,Brasília,brasilia,-10.681432,-37.859394,mapbox_geocoding,True
BA,2923803,Paripiranga,Centro,centro,-10.683217,-37.865407,mapbox_geocoding,True
BA,2923803,Paripiranga,Conceição de Campinas,conceicao de campinas,,,dne,True
BA,2923803,Paripiranga,Corte,corte,-10.681141,-37.863101,mapbox_geocoding,True
BA,2923803,Paripiranga,Cutia,cutia,-10.683217,-37.865407,mapbox_geocoding,True
BA,2923803,Paripiranga,Matoso,matoso,-10.676522,-37.870524,mapbox_geocoding,True
BA,2923803,Paripiranga,Salgadinho,salgadinho,-13.061422,-41.112745,mapbox_geocoding,True
BA,2923803,Paripiranga,Torre,torre,-10.683217,-37.865407,mapbox_geocoding,True
BA,2923803,Paripiranga,Universitário,universitario,-10.692514,-37.858721,mapbox_geocoding,True
BA,2923803,Paripiranga,Vaquejada,vaquejada,-13.061422,-41.112745,mapbox_geocoding,True
BA,2923902,Pau Brasil,Centro,centro,-15.4645613,-39.6521876,brasil_aberto_first_street,True
BA,2924009,Paulo Afonso,Abel Barbosa,abel barbosa,-9.3924577,-38.2281044,brasil_aberto_first_street,True
BA,2924009,Paulo Afonso,Alves de Souza,alves de souza,-9.398095,-38.218524,mapbox_geocoding,True
BA,2924009,Paulo Afonso,Amaury Alves de Menezes,amaury alves de menezes,-9.3932603,-38.2348376,brasil_aberto_first_street,True
BA,2924009,Paulo Afonso,Área Rural de Paulo Afonso,area rural de paulo afonso,-9.400061599999999,-38.2176411,brasil_aberto_first_street,True
BA,2924009,Paulo Afonso,Barroca,barroca,-9.3697683,-38.2460859,brasil_aberto_first_street,True
BA,2924009,Paulo Afonso,Caminho dos Lagos,caminho dos lagos,-9.3927245,-38.2260043,brasil_aberto_first_street,True
BA,2924009,Paulo Afonso,Capuxú,capuxu,-9.392884,-38.2098179,brasil_aberto_first_street,True
BA,2924009,Paulo Afonso,Cardeal Brandão Vilela,cardeal brandao vilela,-9.4466863,-38.2214462,brasil_aberto_first_street,True
BA,2924009,Paulo Afonso,Centenário,centenario,-9.3819545,-38.2321743,brasil_aberto_first_street,True
BA,2924009,Paulo Afonso,Centro,centro,-9.39847374,-38.22515106,brasil_aberto_first_street,True
BA,2924009,Paulo Afonso,Clériston Andrade,cleriston andrade,-9.40010738,-38.24040222,brasil_aberto_first_street,True
BA,2924009,Paulo Afonso,Dernival Oliveira,dernival oliveira,-9.3939634,-38.2519342,brasil_aberto_first_street,True
BA,2924009,Paulo Afonso,Fazenda CHESF,fazenda chesf,-9.380101699999999,-38.2150522,brasil_aberto_first_street,True
BA,2924009,Paulo Afonso,General Dutra,general dutra,-9.39277554,-38.22038651,brasil_aberto_first_street,True
BA,2924009,Paulo Afonso,Jardim Aeroporto,jardim aeroporto,-9.407407,-38.25433,mapbox_geocoding,True
BA,2924009,Paulo Afonso,Jardim Bahia,jardim bahia,-9.40001011,-38.23685455,brasil_aberto_first_street,True
BA,2924009,Paulo Afonso,Nossa Senhora de Fátima,nossa senhora de fatima,-9.407209100000001,-38.2151115,brasil_aberto_first_street,True
BA,2924009,Paulo Afonso,Oliveira Brito,oliveira brito,-9.3835191,-38.2393717,brasil_aberto_first_street,True
BA,2924009,Paulo Afonso,Oliveira Lopes,oliveira lopes,-9.3889759,-38.2207333,brasil_aberto_first_street,True
BA,2924009,Paulo Afonso,Panorama,panorama,-9.3953915,-38.2342611,brasil_aberto_first_street,True
BA,2924009,Paulo Afonso,Perpétuo Socorro,perpetuo socorro,-9.40353012,-38.23057556,brasil_aberto_first_street,True
BA,2924009,Paulo Afonso,Rodoviários,rodoviarios,-9.4337807,-38.2023606,brasil_aberto_first_street,True
BA,2924009,Paulo Afonso,Sal Torrado,sal torrado,-9.39277554,-38.22038651,brasil_aberto_first_street,True
BA,2924009,Paulo Afonso,Santa Inês,santa ines,-9.4378313,-38.2251114,brasil_aberto_first_street,True
BA,2924009,Paulo Afonso,São Vicente,sao vicente,-9.4063081,-38.2371644,brasil_aberto_first_street,True
BA,2924009,Paulo Afonso,Senhor do Bonfim,senhor do bonfim,-9.400061599999999,-38.2176411,brasil_aberto_first_street,True
BA,2924009,Paulo Afonso,Setor Industrial,setor industrial,-9.3744338,-38.2245857,brasil_aberto_first_street,True
BA,2924009,Paulo Afonso,Tancredo Neves I,tancredo neves i,-9.4378313,-38.2251114,brasil_aberto_first_street,True
BA,2924009,Paulo Afonso,Tancredo Neves II,tancredo neves ii,-9.44476795,-38.21398926,brasil_aberto_first_street,True
BA,2924009,Paulo Afonso,Tancredo Neves III,tancredo neves iii,-9.44624,-38.20716,mapbox_geocoding,True
BA,2924009,Paulo Afonso,Tropical,tropical,-9.3865082,-38.2286139,brasil_aberto_first_street,True
BA,2924009,Paulo Afonso,Vila Dom Mário Zanetta,vila dom mario zanetta,-9.3872646,-38.2243336,brasil_aberto_first_street,True
BA,2924009,Paulo Afonso,Vila Militar,vila militar,-9.39277554,-38.22038651,brasil_aberto_first_street,True
BA,2924009,Paulo Afonso,Vila Nobre,vila nobre,-9.40668011,-38.20727539,brasil_aberto_first_street,True
BA,2924058,Pé de Serra,Centro,centro,-11.83421135,-39.61343765,brasil_aberto_first_street,True
BA,2924108,Pedrão,Centro,centro,-12.2604588,-38.9679343,brasil_aberto_first_street,True
BA,2924207,Pedro Alexandre,Centro,centro,-10.0133154,-37.8946963,brasil_aberto_first_street,True
BA,2924306,Piatã,Cabrália,cabralia,-11.968033,-40.969317,mapbox_geocoding,True
BA,2924306,Piatã,Centro,centro,-13.15130424,-41.77391434,brasil_aberto_first_street,True
BA,2924306,Piatã,Inúbia,inubia,-13.100087,-42.013077,mapbox_geocoding,True
BA,2924405,Pilão Arcado,Baluarte,baluarte,,,dne,True
BA,2924405,Pilão Arcado,Brejo da Serra,brejo da serra,,,dne,True
BA,2924405,Pilão Arcado,Centro,centro,-10.000175,-42.482525,brasil_aberto_first_street,True
BA,2924405,Pilão Arcado,Saldanha,saldanha,,,dne,True
BA,2924504,Pindaí,Alvorada,alvorada,-14.492129,-42.691001,mapbox_geocoding,True
BA,2924504,Pindaí,Alzira Morais,alzira morais,-14.492129,-42.691001,mapbox_geocoding,True
BA,2924504,Pindaí,Área Rural de Pindaí,area rural de pindai,-14.492468,-42.686157,mapbox_geocoding,True
BA,2924504,Pindaí,Arruda,arruda,-14.872529,-40.839855,mapbox_geocoding,True
BA,2924504,Pindaí,Bairro BR,bairro br,-14.492129,-42.691001,mapbox_geocoding,True
BA,2924504,Pindaí,Beira Mar,beira mar,-14.492129,-42.691001,mapbox_geocoding,True
BA,2924504,Pindaí,Centro,centro,-14.492129,-42.691001,mapbox_geocoding,True
BA,2924504,Pindaí,Guirapa,guirapa,-14.4016128,-42.6179567,brasil_aberto_first_street,True
BA,2924504,Pindaí,Jonas Fernandes,jonas fernandes,-14.500692,-42.68027,mapbox_geocoding,True
BA,2924504,Pindaí,Jorge Amado,jorge amado,-14.488411,-42.685521,mapbox_geocoding,True
BA,2924504,Pindaí,São Vicente de Paula,sao vicente de paula,-14.492129,-42.691001,mapbox_geocoding,True
BA,2924504,Pindaí,Vila Nova,vila nova,-14.492468,-42.686157,mapbox_geocoding,True
BA,2924603,Pindobaçu,Antônio José de Carvalho,antonio jose de carvalho,-10.742382,-40.364547,mapbox_geocoding,True
BA,2924603,Pindobaçu,Área Rural de Pindobaçu,area rural de pindobacu,-11.294854,-41.818867,mapbox_geocoding,True
BA,2924603,Pindobaçu,Bananeiras,bananeiras,,,dne,True
BA,2924603,Pindobaçu,Carnaíba de Baixo,carnaiba de baixo,-10.81951714,-40.22125626,brasil_aberto_first_street,True
BA,2924603,Pindobaçu,Centro,centro,-21.488002,-51.553479,mapbox_geocoding,True
BA,2924603,Pindobaçu,Desembargador Aloísio Palmeira,desembargador aloisio palmeira,-15.142364,-39.72488,mapbox_geocoding,True
BA,2924603,Pindobaçu,Ismael Lopes,ismael lopes,-12.854321,-41.84258,mapbox_geocoding,True
BA,2924603,Pindobaçu,José Cavalcante,jose cavalcante,-13.291759,-39.820052,mapbox_geocoding,True
BA,2924603,Pindobaçu,Lage,lage,-11.612837,-40.135402,mapbox_geocoding,True
BA,2924603,Pindobaçu,Marlos Wanderley,marlos wanderley,-21.488002,-51.553479,mapbox_geocoding,True
BA,2924603,Pindobaçu,Morada Nobre,morada nobre,-11.678061,-38.523014,mapbox_geocoding,True
BA,2924603,Pindobaçu,Varzea Grande,varzea grande,,,dne,True
BA,2924652,Pintadas,Centro,centro,-11.8130798,-39.9074229,brasil_aberto_first_street,True
BA,2924678,Piraí do Norte,Centro,centro,-13.7602091,-39.3748793,brasil_aberto_first_street,True
BA,2924702,Piripá,Centro,centro,-14.9429965,-41.7196509,brasil_aberto_first_street,True
BA,2924801,Piritiba,Centro,centro,-11.01382065,-37.20539856,brasil_aberto_first_street,True
BA,2924801,Piritiba,França,franca,,,dne,True
BA,2924801,Piritiba,Largo,largo,-11.747033,-40.745959,mapbox_geocoding,True
BA,2924801,Piritiba,Porto Feliz,porto feliz,-11.7573379,-40.6854309,brasil_aberto_first_street,True
BA,2924900,Planaltino,Centro,centro,-12.13686275,-38.42082214,brasil_aberto_first_street,True
BA,2924900,Planaltino,Ibitiguira,ibitiguira,,,dne,True
BA,2924900,Planaltino,Nova Itaipê,nova itaipe,,,dne,True
BA,2925006,Planalto,Centro,centro,-14.66947746,-40.47780609,brasil_aberto_first_street,True
BA,2925006,Planalto,Lucaia,lucaia,-14.7486779,-40.508824,brasil_aberto_first_street,True
BA,2925105,Poções,Açude,acude,-14.531482,-40.365722,mapbox_geocoding,True
BA,2925105,Poções,Alto da Vitória,alto da vitoria,-14.529481,-40.382019,mapbox_geocoding,True
BA,2925105,Poções,Alto do Paraíso,alto do paraiso,-15.242293,-40.274156,mapbox_geocoding,True
BA,2925105,Poções,Alto do Recreio,alto do recreio,-14.528491,-40.361651,mapbox_geocoding,True
BA,2925105,Poções,Alto Paraíso,alto paraiso,-14.543641,-40.356696,mapbox_geocoding,True
BA,2925105,Poções,Área Rural de Poções,area rural de pocoes,-14.527788,-40.3655,mapbox_geocoding,True
BA,2925105,Poções,Bela Vista,bela vista,-14.518118,-40.357253,mapbox_geocoding,True
BA,2925105,Poções,Centro,centro,-14.525079,-40.364864,mapbox_geocoding,True
BA,2925105,Poções,Indaiá,indaia,-14.524211,-40.370685,mapbox_geocoding,True
BA,2925105,Poções,Joaquim Mascarenhas,joaquim mascarenhas,-14.903421,-40.815521,mapbox_geocoding,True
BA,2925105,Poções,Lagoa Grande,lagoa grande,-14.524211,-40.370685,mapbox_geocoding,True
BA,2925105,Poções,Poçõeszinho,pocoeszinho,-14.529481,-40.382019,mapbox_geocoding,True
BA,2925105,Poções,Primavera,primavera,-14.525079,-40.364864,mapbox_geocoding,True
BA,2925105,Poções,Santa Cecília,santa cecilia,-14.562812,-40.306014,mapbox_geocoding,True
BA,2925105,Poções,Santa Felicidade,santa felicidade,-12.847085,-39.081889,mapbox_geocoding,True
BA,2925105,Poções,Santa Rita,santa rita,-14.528491,-40.361651,mapbox_geocoding,True
BA,2925105,Poções,São Paulo,sao paulo,-14.846862,-40.823007,mapbox_geocoding,True
BA,2925105,Poções,Tigre,tigre,-14.534095,-40.35888,mapbox_geocoding,True
BA,2925105,Poções,Tiradentes,tiradentes,-14.521202,-40.376465,mapbox_geocoding,True
BA,2925105,Poções,URBIS,urbis,-14.529841,-40.356873,mapbox_geocoding,True
BA,2925204,Pojuca,Centro,centro,-12.4335424,-38.329092,brasil_aberto_first_street,True
BA,2925204,Pojuca,Miranga,miranga,,,dne,True
BA,2925253,Ponto Novo,Barracas,barracas,,,dne,True
BA,2925253,Ponto Novo,Centro,centro,-10.86483574,-40.13367844,brasil_aberto_first_street,True
BA,2925303,Porto Seguro,Alfredo Dutra,alfredo dutra,-16.443541,-39.076629,mapbox_geocoding,True
BA,2925303,Porto Seguro,Antônio Tito,antonio tito,-16.443023,-39.069452,mapbox_geocoding,True
BA,2925303,Porto Seguro,Arraial D'Ajuda,arraial d ajuda,,,dne,True
BA,2925303,Porto Seguro,Cambolo,cambolo,-16.421659,-39.093686,mapbox_geocoding,True
BA,2925303,Porto Seguro,Campinho,campinho,-16.443726,-39.084024,mapbox_geocoding,True
BA,2925303,Porto Seguro,Caraiva,caraiva,,,dne,True
BA,2925303,Porto Seguro,Centro,centro,-16.444403,-39.062102,mapbox_geocoding,True
BA,2925303,Porto Seguro,Cidade Alta,cidade alta,-16.436653,-39.078623,mapbox_geocoding,True
BA,2925303,Porto Seguro,Cidade Histórica,cidade historica,-16.436653,-39.078623,mapbox_geocoding,True
BA,2925303,Porto Seguro,Frei Calixto,frei calixto,-16.424551,-39.090195,mapbox_geocoding,True
BA,2925303,Porto Seguro,Itacimirim,itacimirim,-16.418253,-39.072411,mapbox_geocoding,True
BA,2925303,Porto Seguro,Itaperapuan,itaperapuan,-16.488968,-39.102089,mapbox_geocoding,True
BA,2925303,Porto Seguro,Itapoã,itapoa,-16.405972,-39.106039,mapbox_geocoding,True
BA,2925303,Porto Seguro,Jardim Vila Verde,jardim vila verde,-16.436653,-39.078623,mapbox_geocoding,True
BA,2925303,Porto Seguro,José Fontana,jose fontana,-16.436653,-39.078623,mapbox_geocoding,True
BA,2925303,Porto Seguro,Lagoa Grande,lagoa grande,-16.443023,-39.069452,mapbox_geocoding,True
BA,2925303,Porto Seguro,Mangabeira,mangabeira,-16.380532,-39.033153,mapbox_geocoding,True
BA,2925303,Porto Seguro,Manoel Carneiro,manoel carneiro,-16.443023,-39.069452,mapbox_geocoding,True
BA,2925303,Porto Seguro,Mira Porto,mira porto,-16.416111,-39.08761,mapbox_geocoding,True
BA,2925303,Porto Seguro,Miramar,miramar,-16.37599,-39.053379,mapbox_geocoding,True
BA,2925303,Porto Seguro,Mirante Caravelas,mirante caravelas,-16.436653,-39.078623,mapbox_geocoding,True
BA,2925303,Porto Seguro,Monte das Oliveiras,monte das oliveiras,-16.380532,-39.033153,mapbox_geocoding,True
BA,2925303,Porto Seguro,Mundaí,mundai,-16.400388,-39.060915,mapbox_geocoding,True
BA,2925303,Porto Seguro,Mutá,muta,-16.413163,-39.098892,mapbox_geocoding,True
BA,2925303,Porto Seguro,Olhos D'Água,olhos d agua,-16.423941,-39.074371,mapbox_geocoding,True
BA,2925303,Porto Seguro,Outeiros,outeiros,-16.427144,-39.069012,mapbox_geocoding,True
BA,2925303,Porto Seguro,Pacatá,pacata,-16.442378,-39.067587,mapbox_geocoding,True
BA,2925303,Porto Seguro,Paraguai,paraguai,-16.381537,-39.033581,mapbox_geocoding,True
BA,2925303,Porto Seguro,Paraíso dos Pataxós,paraiso dos pataxos,-16.413163,-39.098892,mapbox_geocoding,True
BA,2925303,Porto Seguro,Parque dos Sapotis,parque dos sapotis,-16.405972,-39.106039,mapbox_geocoding,True
BA,2925303,Porto Seguro,Parque Ecológico João Carlos,parque ecologico joao carlos,-16.413163,-39.098892,mapbox_geocoding,True
BA,2925303,Porto Seguro,Pindorama,pindorama,-3.894058,-42.714176,mapbox_geocoding,True
BA,2925303,Porto Seguro,Pirajá,piraja,-16.449532,-39.063408,mapbox_geocoding,True
BA,2925303,Porto Seguro,Ponta Grande,ponta grande,-16.413163,-39.098892,mapbox_geocoding,True
BA,2925303,Porto Seguro,Porto Alegre,porto alegre,-16.386659,-39.036402,mapbox_geocoding,True
BA,2925303,Porto Seguro,Quinta do Descobrimento,quinta do descobrimento,-10.411205,-38.259689,mapbox_geocoding,True
BA,2925303,Porto Seguro,Residencial Boa Esperança,residencial boa esperanca,-16.423572,-39.082695,mapbox_geocoding,True
BA,2925303,Porto Seguro,Rio da Vila,rio da vila,-12.241048,-38.976736,mapbox_geocoding,True
BA,2925303,Porto Seguro,Roça do Povo,roca do povo,-16.406297,-39.081438,mapbox_geocoding,True
BA,2925303,Porto Seguro,Seiça,seica,-16.425857,-39.062465,mapbox_geocoding,True
BA,2925303,Porto Seguro,Trancoso,trancoso,,,dne,True
BA,2925303,Porto Seguro,Vale Verde,vale verde,,,dne,True
BA,2925303,Porto Seguro,Vera Cruz,vera cruz,,,dne,True
BA,2925303,Porto Seguro,Vila Embiruçu,vila embirucu,-16.42081,-39.099396,mapbox_geocoding,True
BA,2925303,Porto Seguro,Vila Jardim,vila jardim,-16.436653,-39.078623,mapbox_geocoding,True
BA,2925303,Porto Seguro,Vila Parracho,vila parracho,-16.444578,-39.076781,mapbox_geocoding,True
BA,2925303,Porto Seguro,Vila Valdete,vila valdete,-16.452359,-39.063844,mapbox_geocoding,True
BA,2925303,Porto Seguro,Village,village,-16.383622,-39.04807,mapbox_geocoding,True
BA,2925303,Porto Seguro,Vista Mar,vista mar,-14.914743,-40.820886,mapbox_geocoding,True
BA,2925402,Potiraguá,Centro,centro,-12.25529099,-38.96730423,brasil_aberto_first_street,True
BA,2925402,Potiraguá,Gurupá Mirim,gurupa mirim,,,dne,True
BA,2925402,Potiraguá,Itaimbé,itaimbe,,,brasil_aberto,True
BA,2925501,Prado,Centro,centro,-17.326983,-39.232902,mapbox_geocoding,True
BA,2925501,Prado,Cumuruxatiba,cumuruxatiba,-17.11297226,-39.18425751,brasil_aberto_first_street,True
BA,2925501,Prado,Guarani,guarani,,,dne,True
BA,2925600,Presidente Dutra,Área Rural de,area rural de,-11.273892,-41.949495,mapbox_geocoding,True
BA,2925600,Presidente Dutra,Campo Formoso,campo formoso,,,brasil_aberto,True
BA,2925600,Presidente Dutra,Campo Formoso (Presidente Dutra),campo formoso presidente dutra,,,dne,True
BA,2925600,Presidente Dutra,Centro,centro,-11.295686,-41.986893,mapbox_geocoding,True
BA,2925600,Presidente Dutra,Lagoa de Canabrava,lagoa de canabrava,-11.296062,-41.989273,mapbox_geocoding,True
BA,2925600,Presidente Dutra,Vila Nova,vila nova,-11.292188,-41.991218,mapbox_geocoding,True
BA,2925600,Presidente Dutra,Vila Real,vila real,-11.30235,-41.98822,mapbox_geocoding,True
BA,2925709,Presidente Jânio Quadros,Área Rural de Presidente Jânio Quadros,area rural de presidente janio quadros,-14.686829,-41.6803,mapbox_geocoding,True
BA,2925709,Presidente Jânio Quadros,Centro,centro,-14.692552,-41.680604,mapbox_geocoding,True
BA,2925709,Presidente Jânio Quadros,Vila Elisa,vila elisa,-14.692552,-41.680604,mapbox_geocoding,True
BA,2925709,Presidente Jânio Quadros,Vila Planaltina,vila planaltina,-14.692552,-41.680604,mapbox_geocoding,True
BA,2925709,Presidente Jânio Quadros,Vila Rica,vila rica,-14.686829,-41.6803,mapbox_geocoding,True
BA,2925709,Presidente Jânio Quadros,Vila Santa Clara,vila santa clara,-14.694352,-41.680163,mapbox_geocoding,True
BA,2925709,Presidente Jânio Quadros,Vila São José,vila sao jose,-14.692552,-41.680604,mapbox_geocoding,True
BA,2925758,Presidente Tancredo Neves,Centro,centro,-12.97809029,-38.51436234,brasil_aberto_first_street,True
BA,2925758,Presidente Tancredo Neves,Corte de Pedra,corte de pedra,-13.5108249,-39.4508435,brasil_aberto_first_street,True
BA,2925758,Presidente Tancredo Neves,Moenda,moenda,-13.3911989,-39.3992272,brasil_aberto_first_street,True
BA,2925808,Queimadas,Centro,centro,-10.9762953,-39.6269742,brasil_aberto_first_street,True
BA,2925808,Queimadas,Coronel João Borges,coronel joao borges,,,brasil_aberto,True
BA,2925808,Queimadas,Espanta Gado,espanta gado,,,brasil_aberto,True
BA,2925808,Queimadas,Lagoinha,lagoinha,,,brasil_aberto,True
BA,2925907,Quijingue,Algodões,algodoes,-10.6820494,-39.0534129,brasil_aberto_first_street,True
BA,2925907,Quijingue,Centro,centro,-10.6761828,-39.0543858,brasil_aberto_first_street,True
BA,2925931,Quixabeira,Área Rural de Quixabeira,area rural de quixabeira,-11.471527,-40.162382,mapbox_geocoding,True
BA,2925931,Quixabeira,Belo Jardim,belo jardim,-11.412429,-40.127169,mapbox_geocoding,True
BA,2925931,Quixabeira,Centro,centro,-11.413298,-40.128266,mapbox_geocoding,True
BA,2925931,Quixabeira,Eucaliptos,eucaliptos,-12.92497,-38.48385,mapbox_geocoding,True
BA,2925931,Quixabeira,Hirênio Delfino de Lima,hirenio delfino de lima,-11.412429,-40.127169,mapbox_geocoding,True
BA,2925931,Quixabeira,Laranjeiras I,laranjeiras i,-11.409979,-40.126504,mapbox_geocoding,True
BA,2925931,Quixabeira,Laranjeiras II,laranjeiras ii,-12.92497,-38.48385,mapbox_geocoding,True
BA,2925931,Quixabeira,Morada do Sol,morada do sol,-12.92497,-38.48385,mapbox_geocoding,True
BA,2925931,Quixabeira,Novo Amanhecer,novo amanhecer,-12.92497,-38.48385,mapbox_geocoding,True
BA,2925931,Quixabeira,Umbuzeiro Branco,umbuzeiro branco,-12.972419,-38.461875,mapbox_geocoding,True
BA,2925956,Rafael Jambeiro,Argoim,argoim,-12.5531983,-39.5300589,brasil_aberto_first_street,True
BA,2925956,Rafael Jambeiro,Cajueiro,cajueiro,-11.444436,-40.107291,mapbox_geocoding,True
BA,2925956,Rafael Jambeiro,Centro,centro,-12.4060103,-39.5033679,brasil_aberto_first_street,True
BA,2925956,Rafael Jambeiro,Maracanã,maracana,-12.268528,-38.97331,mapbox_geocoding,True
BA,2925956,Rafael Jambeiro,Paraguassu,paraguassu,-12.5585021,-39.4587864,brasil_aberto_first_street,True
BA,2925956,Rafael Jambeiro,São Roque,sao roque,,,brasil_aberto,True
BA,2926004,Remanso,Centro,centro,-9.6235574,-42.0801416,brasil_aberto_first_street,True
BA,2926004,Remanso,Poços,pocos,,,dne,True
BA,2926103,Retirolândia,Centro,centro,-12.97868538,-38.50593567,brasil_aberto_first_street,True
BA,2926202,Riachão das Neves,Caripare,caripare,,,dne,True
BA,2926202,Riachão das Neves,Centro,centro,-12.96810246,-39.26644516,brasil_aberto_first_street,True
BA,2926202,Riachão das Neves,São José do Rio Grande,sao jose do rio grande,,,dne,True
BA,2926301,Riachão do Jacuípe,Barreiros,barreiros,-11.5982279,-39.5189938,brasil_aberto_first_street,True
BA,2926301,Riachão do Jacuípe,Centro,centro,-17.53677559,-39.7412262,brasil_aberto_first_street,True
BA,2926400,Riacho de Santana,Botuquara,botuquara,,,dne,True
BA,2926400,Riacho de Santana,Centro,centro,-13.6095379,-42.9342355,brasil_aberto_first_street,True
BA,2926509,Ribeira do Amparo,Centro,centro,-11.0404368,-38.4310311,brasil_aberto_first_street,True
BA,2926509,Ribeira do Amparo,Raspador,raspador,,,dne,True
BA,2926608,Ribeira do Pombal,Barrocão,barrocao,,,dne,True
BA,2926608,Ribeira do Pombal,Centro,centro,-10.83691692,-38.54077148,brasil_aberto_first_street,True
BA,2926608,Ribeira do Pombal,Curral Falso,curral falso,,,dne,True
BA,2926608,Ribeira do Pombal,Vila Rodrigues,vila rodrigues,-10.836193,-38.538906,mapbox_geocoding,True
BA,2926657,Ribeirão do Largo,Centro,centro,-15.45952702,-40.74038696,brasil_aberto_first_street,True
BA,2926657,Ribeirão do Largo,Nova Brasília,nova brasilia,-15.5471031,-40.5737316,brasil_aberto_first_street,True
BA,2926707,Rio de Contas,Arapiranga,arapiranga,-13.4838869,-41.766383,brasil_aberto_first_street,True
BA,2926707,Rio de Contas,Centro,centro,-13.5792608,-41.8117295,brasil_aberto_first_street,True
BA,2926707,Rio de Contas,Marcolino Moura,marcolino moura,-13.5985155,-41.6911038,brasil_aberto_first_street,True
BA,2926707,Rio de Contas,Mato Grosso,mato grosso,-13.00243282,-38.45639801,brasil_aberto_first_street,True
BA,2926806,Rio do Antônio,Centro,centro,-14.40897369,-42.07877731,brasil_aberto_first_street,True
BA,2926806,Rio do Antônio,Ibitira,ibitira,-14.2057841,-42.1133868,brasil_aberto_first_street,True
BA,2926905,Rio do Pires,Centro,centro,-13.1278525,-42.2923543,brasil_aberto_first_street,True
BA,2926905,Rio do Pires,Ibiajara,ibiajara,-23.9315161,-46.3335343,brasil_aberto_first_street,True
BA,2926905,Rio do Pires,Varzinha,varzinha,,,brasil_aberto,True
BA,2927002,Rio Real,Centro,centro,-11.4840397,-37.93218960000001,brasil_aberto_first_street,True
BA,2927101,Rodelas,Centro,centro,-8.848624299999999,-38.7677604,brasil_aberto_first_street,True
BA,2927200,Ruy Barbosa,Área Rural de Ruy Barbosa,area rural de ruy barbosa,-12.28627,-40.49488,mapbox_geocoding,True
BA,2927200,Ruy Barbosa,Boa Vista,boa vista,-12.28908,-40.468925,mapbox_geocoding,True
BA,2927200,Ruy Barbosa,Centro,centro,-12.28624916,-40.49240112,brasil_aberto_first_street,True
BA,2927200,Ruy Barbosa,Cruzeiro do Rocha,cruzeiro do rocha,-12.28908,-40.468925,mapbox_geocoding,True
BA,2927200,Ruy Barbosa,Cruzeiro do Sul,cruzeiro do sul,-12.28908,-40.468925,mapbox_geocoding,True
BA,2927200,Ruy Barbosa,Dom André Witte,dom andre witte,-12.368651,-38.112597,mapbox_geocoding,True
BA,2927200,Ruy Barbosa,Flores,flores,-12.287164,-40.467225,mapbox_geocoding,True
BA,2927200,Ruy Barbosa,Folga,folga,-12.283322,-40.492412,mapbox_geocoding,True
BA,2927200,Ruy Barbosa,Jardim Alvorada,jardim alvorada,-12.277019,-40.490026,mapbox_geocoding,True
BA,2927200,Ruy Barbosa,Jardim do Cedro,jardim do cedro,-12.288457,-40.495538,mapbox_geocoding,True
BA,2927200,Ruy Barbosa,Jardim do Parque,jardim do parque,-12.28627,-40.49488,mapbox_geocoding,True
BA,2927200,Ruy Barbosa,Morro das Flores,morro das flores,,,dne,True
BA,2927200,Ruy Barbosa,Nova Brasília,nova brasilia,-12.283322,-40.492412,mapbox_geocoding,True
BA,2927200,Ruy Barbosa,Orobozinho,orobozinho,-12.286626,-40.46676,mapbox_geocoding,True
BA,2927200,Ruy Barbosa,Osvaldo Batista,osvaldo batista,-12.28908,-40.468925,mapbox_geocoding,True
BA,2927200,Ruy Barbosa,Recanto da Alvorada,recanto da alvorada,-12.277019,-40.490026,mapbox_geocoding,True
BA,2927200,Ruy Barbosa,Santa Mônica,santa monica,-12.28277,-40.497215,mapbox_geocoding,True
BA,2927200,Ruy Barbosa,Tapiraípe,tapiraipe,-12.2289746,-40.7984151,brasil_aberto_first_street,True
BA,2927200,Ruy Barbosa,Vila da Dignidade,vila da dignidade,-12.284354,-40.475948,mapbox_geocoding,True
BA,2927200,Ruy Barbosa,Vila Nova,vila nova,-11.017454,-40.30458,mapbox_geocoding,True
BA,2927200,Ruy Barbosa,Vila Progresso,vila progresso,-12.287559,-40.502841,mapbox_geocoding,True
BA,2927309,Salinas da Margarida,Centro,centro,-12.87299061,-38.76050949,brasil_aberto_first_street,True
BA,2927309,Salinas da Margarida,Encarnação,encarnacao,,,brasil_aberto,True
BA,2927408,Salvador,Acupe,acupe,-12.9959804,-38.4947618,brasil_aberto_first_street,True
BA,2927408,Salvador,Acupe de Brotas,acupe de brotas,,,brasil_aberto,True
BA,2927408,Salvador,Aeroporto,aeroporto,38.7755928,-9.13536644,brasil_aberto_first_street,True
BA,2927408,Salvador,Água de Meninos,agua de meninos,-12.9610567,-38.5049865,brasil_aberto_first_street,True
BA,2927408,Salvador,Águas Claras,aguas claras,-12.88462734,-38.4330864,brasil_aberto_first_street,True
BA,2927408,Salvador,Alphaville I,alphaville i,-12.9405627,-38.4024588,brasil_aberto_first_street,True
BA,2927408,Salvador,Alphaville II,alphaville ii,-12.9204367,-38.3899776,brasil_aberto_first_street,True
BA,2927408,Salvador,Alto da Terezinha,alto da terezinha,-12.94734,-38.433629,mapbox_geocoding,True
BA,2927408,Salvador,Alto das Pombas,alto das pombas,-13.0015728,-38.5126513,brasil_aberto_first_street,True
BA,2927408,Salvador,Alto do Cabrito,alto do cabrito,-12.9147721,-38.4758451,brasil_aberto_first_street,True
BA,2927408,Salvador,Alto do Coqueirinho,alto do coqueirinho,-12.94174194,-38.37446594,brasil_aberto_first_street,True
BA,2927408,Salvador,Alto do Cruzeiro (Ilha de Bom Jesus dos Passos),alto do cruzeiro ilha de bom jesus dos passos,-12.7592316,-38.6398668,brasil_aberto_first_street,True
BA,2927408,Salvador,Amaralina,amaralina,-13.0113543,-38.4723993,brasil_aberto_first_street,True
BA,2927408,Salvador,Aquarius,aquarius,-12.992016,-38.450103,mapbox_geocoding,True
BA,2927408,Salvador,Areia Branca,areia branca,-12.909706,-38.357018,mapbox_geocoding,True
BA,2927408,Salvador,Arenoso,arenoso,-12.94378185,-38.44308853,brasil_aberto_first_street,True
BA,2927408,Salvador,Armação,armacao,,,brasil_aberto,True
BA,2927408,Salvador,Armenda (Ilha de Maré),armenda ilha de mare,-12.79675484,-38.53007507,brasil_aberto_first_street,True
BA,2927408,Salvador,Arraial do Retiro,arraial do retiro,-12.9438708,-38.4684617,brasil_aberto_first_street,True
BA,2927408,Salvador,Bairro da Paz,bairro da paz,-12.9271793,-38.37667,brasil_aberto_first_street,True
BA,2927408,Salvador,Baixa de Quintas,baixa de quintas,-12.9629424,-38.4928453,brasil_aberto_first_street,True
BA,2927408,Salvador,Baixa dos Sapateiros,baixa dos sapateiros,-12.9727231,-38.5073284,brasil_aberto_first_street,True
BA,2927408,Salvador,Bananeiras (Ilha de Maré),bananeiras ilha de mare,-12.75240803,-38.52080917,brasil_aberto_first_street,True
BA,2927408,Salvador,Barbalho,barbalho,-12.962177,-38.49853,mapbox_geocoding,True
BA,2927408,Salvador,Barra,barra,-13.0077467,-38.52242279,brasil_aberto_first_street,True
BA,2927408,Salvador,Barragem de Ipitanga,barragem de ipitanga,-12.855137,-38.3857245,brasil_aberto_first_street,True
BA,2927408,Salvador,Barreiras,barreiras,-12.94598389,-38.46080399,brasil_aberto_first_street,True
BA,2927408,Salvador,Barris,barris,-12.98701859,-38.51243973,brasil_aberto_first_street,True
BA,2927408,Salvador,Barroquinha,barroquinha,-12.9771607,-38.5119281,brasil_aberto_first_street,True
BA,2927408,Salvador,Beiru/ Tancredo Neves,beiru tancredo neves,-12.949646,-38.44951248,brasil_aberto_first_street,True
BA,2927408,Salvador,Boa Viagem,boa viagem,-12.9318956,-38.5123727,brasil_aberto_first_street,True
BA,2927408,Salvador,Boa Vista de Brotas,boa vista de brotas,-12.984705,-38.498947,mapbox_geocoding,True
BA,2927408,Salvador,Boa Vista de São Caetano,boa vista de sao caetano,-12.923172,-38.47579575,brasil_aberto_first_street,True
BA,2927408,Salvador,Boa Vista do Lobato,boa vista do lobato,-12.922246,-38.475042,mapbox_geocoding,True
BA,2927408,Salvador,Boca da Mata,boca da mata,-12.89463234,-38.39142609,brasil_aberto_first_street,True
BA,2927408,Salvador,Boca da Mata de Valéria,boca da mata de valeria,-12.859431,-38.4369225,brasil_aberto_first_street,True
BA,2927408,Salvador,Boca do Rio,boca do rio,-12.94734,-38.433629,mapbox_geocoding,True
BA,2927408,Salvador,Bom Juá,bom jua,-12.94734,-38.433629,mapbox_geocoding,True
BA,2927408,Salvador,Bonfim,bonfim,-12.9285841,-38.50993347,brasil_aberto_first_street,True
BA,2927408,Salvador,Botelho (Ilha de Maré),botelho ilha de mare,-12.77517128,-38.518116,brasil_aberto_first_street,True
BA,2927408,Salvador,Brotas,brotas,-12.9884456,-38.4782116,brasil_aberto_first_street,True
BA,2927408,Salvador,Cabula,cabula,-12.959457,-38.456242,mapbox_geocoding,True
BA,2927408,Salvador,Cabula VI,cabula vi,-12.951712,-38.44273,mapbox_geocoding,True
BA,2927408,Salvador,Caixa D'Água,caixa d agua,-12.955087,-38.479519,mapbox_geocoding,True
BA,2927408,Salvador,Cajazeiras II,cajazeiras ii,-12.920192,-38.361809,mapbox_geocoding,True
BA,2927408,Salvador,Cajazeiras IV,cajazeiras iv,-12.89789104,-38.42506409,brasil_aberto_first_street,True
BA,2927408,Salvador,Cajazeiras V,cajazeiras v,-12.90513039,-38.41289902,brasil_aberto_first_street,True
BA,2927408,Salvador,Cajazeiras VI,cajazeiras vi,-12.89325237,-38.43103027,brasil_aberto_first_street,True
BA,2927408,Salvador,Cajazeiras VII,cajazeiras vii,-12.8905529,-38.430056,brasil_aberto_first_street,True
BA,2927408,Salvador,Cajazeiras VIII,cajazeiras viii,-12.9064874,-38.4151793,brasil_aberto_first_street,True
BA,2927408,Salvador,Cajazeiras X,cajazeiras x,-12.89160061,-38.41273117,brasil_aberto_first_street,True
BA,2927408,Salvador,Cajazeiras XI,cajazeiras xi,-12.87851048,-38.40724564,brasil_aberto_first_street,True
BA,2927408,Salvador,Calabetão,calabetao,-12.93422413,-38.47015762,brasil_aberto_first_street,True
BA,2927408,Salvador,Calçada,calcada,-12.937664,-38.494108,mapbox_geocoding,True
BA,2927408,Salvador,Caminho das Árvores,caminho das arvores,-12.98666954,-38.46213531,brasil_aberto_first_street,True
BA,2927408,Salvador,Caminho de Areia,caminho de areia,-12.92794514,-38.50402451,brasil_aberto_first_street,True
BA,2927408,Salvador,Campinas de Brotas,campinas de brotas,,,brasil_aberto,True
BA,2927408,Salvador,Campinas de Pirajá,campinas de piraja,-12.9243878,-38.4734295,brasil_aberto_first_street,True
BA,2927408,Salvador,Campo Grande,campo grande,-12.9886734,-38.5184089,brasil_aberto_first_street,True
BA,2927408,Salvador,Canabrava,canabrava,-12.929433,-38.411535,mapbox_geocoding,True
BA,2927408,Salvador,Candeal,candeal,-12.99564743,-38.48050308,brasil_aberto_first_street,True
BA,2927408,Salvador,Canela,canela,-12.9927022,-38.5218702,brasil_aberto_first_street,True
BA,2927408,Salvador,Capelinha,capelinha,-12.93103981,-38.48490906,brasil_aberto_first_street,True
BA,2927408,Salvador,Cassange,cassange,-12.89580917,-38.3680191,brasil_aberto_first_street,True
BA,2927408,Salvador,Castelo Branco,castelo branco,-12.90411,-38.4396802,brasil_aberto_first_street,True
BA,2927408,Salvador,CEASA,ceasa,,,brasil_aberto,True
BA,2927408,Salvador,Centro,centro,-12.907087,-38.405499,mapbox_geocoding,True
BA,2927408,Salvador,Centro Administrativo da Bahia,centro administrativo da bahia,-12.9476374,-38.4275971,brasil_aberto_first_street,True
BA,2927408,Salvador,Centro Histórico,centro historico,-12.976782,-38.512062,mapbox_geocoding,True
BA,2927408,Salvador,Chame-Chame,chame chame,-12.99916744,-38.5174675,brasil_aberto_first_street,True
BA,2927408,Salvador,Chapada do Rio Vermelho,chapada do rio vermelho,-13.005986,-38.481226,mapbox_geocoding,True
BA,2927408,Salvador,Cidade Nova,cidade nova,-12.9656627,-38.48583259999999,brasil_aberto_first_street,True
BA,2927408,Salvador,Colinas de Periperi,colinas de periperi,-12.926648,-38.408828,mapbox_geocoding,True
BA,2927408,Salvador,Comendador Neiva (Ilha de Bom Jesus dos Passos),comendador neiva ilha de bom jesus dos passos,-12.75673771,-38.63919449,brasil_aberto_first_street,True
BA,2927408,Salvador,Comércio,comercio,-12.960086,-38.503524,mapbox_geocoding,True
BA,2927408,Salvador,Cosme de Farias,cosme de farias,-12.97550392,-38.51132584,brasil_aberto_first_street,True
BA,2927408,Salvador,Costa Azul,costa azul,-12.983143,-38.442096,mapbox_geocoding,True
BA,2927408,Salvador,Costa de Fora (Ilha dos Frades),costa de fora ilha dos frades,-12.78096008,-38.62276459,brasil_aberto_first_street,True
BA,2927408,Salvador,Coutos,coutos,-12.94734,-38.433629,mapbox_geocoding,True
BA,2927408,Salvador,Curuzu,curuzu,-12.94750595,-38.49055481,brasil_aberto_first_street,True
BA,2927408,Salvador,Daniel Lisboa,daniel lisboa,,,brasil_aberto,True
BA,2927408,Salvador,Dois de Julho,dois de julho,-12.98011303,-38.51757812,brasil_aberto_first_street,True
BA,2927408,Salvador,Dom Avelar,dom avelar,-12.90435696,-38.44410324,brasil_aberto_first_street,True
BA,2927408,Salvador,Doron,doron,-12.95611572,-38.4470787,brasil_aberto_first_street,True
BA,2927408,Salvador,Engenho de Maré (Ilha de Maré),engenho de mare ilha de mare,-12.7872441,-38.518664,brasil_aberto_first_street,True
BA,2927408,Salvador,Engenho Velho da Federação,engenho velho da federacao,-13.0019976,-38.5001491,brasil_aberto_first_street,True
BA,2927408,Salvador,Engenho Velho de Brotas,engenho velho de brotas,-12.9946427,-38.4962036,brasil_aberto_first_street,True
BA,2927408,Salvador,Engomadeira,engomadeira,-12.95064449,-38.45438004,brasil_aberto_first_street,True
BA,2927408,Salvador,Escada,escada,-12.8802225,-38.4807374,brasil_aberto_first_street,True
BA,2927408,Salvador,Fazenda Coutos,fazenda coutos,-12.849621,-38.467175,mapbox_geocoding,True
BA,2927408,Salvador,Fazenda Grande do Retiro,fazenda grande do retiro,-12.9397714,-38.4822889,brasil_aberto_first_street,True
BA,2927408,Salvador,Fazenda Grande I,fazenda grande i,-12.8889651,-38.4047528,brasil_aberto_first_street,True
BA,2927408,Salvador,Fazenda Grande II,fazenda grande ii,-12.90451336,-38.40188599,brasil_aberto_first_street,True
BA,2927408,Salvador,Fazenda Grande III,fazenda grande iii,-12.9079357,-38.3961424,brasil_aberto_first_street,True
BA,2927408,Salvador,Fazenda Grande IV,fazenda grande iv,-12.91159153,-38.39801788,brasil_aberto_first_street,True
BA,2927408,Salvador,Federação,federacao,-12.93716621,-38.48170853,brasil_aberto_first_street,True
BA,2927408,Salvador,Fonte Nova (Ilha de Bom Jesus dos Passos),fonte nova ilha de bom jesus dos passos,-12.7617606,-38.6425812,brasil_aberto_first_street,True
BA,2927408,Salvador,Garcia,garcia,-12.99066544,-38.50822067,brasil_aberto_first_street,True
BA,2927408,Salvador,Graça,graca,-13.00106144,-38.52338791,brasil_aberto_first_street,True
BA,2927408,Salvador,Granjas Rurais Presidente Vargas,granjas rurais presidente vargas,-12.915658,-38.46007156,brasil_aberto_first_street,True
BA,2927408,Salvador,Horto Bela Vista,horto bela vista,-12.97166538,-38.47354889,brasil_aberto_first_street,True
BA,2927408,Salvador,Horto Florestal,horto florestal,-13.0005231,-38.484708,brasil_aberto_first_street,True
BA,2927408,Salvador,IAPI,iapi,-12.95793629,-38.48737717,brasil_aberto_first_street,True
BA,2927408,Salvador,Ilha Amarela,ilha amarela,-12.915582,-38.471366,mapbox_geocoding,True
BA,2927408,Salvador,Imbuí,imbui,-12.96588039,-38.42972183,brasil_aberto_first_street,True
BA,2927408,Salvador,Itacaranha,itacaranha,-12.893622,-38.485549,mapbox_geocoding,True
BA,2927408,Salvador,Itaigara,itaigara,-12.98564434,-38.46657181,brasil_aberto_first_street,True
BA,2927408,Salvador,Itamoabo (Ilha de Maré),itamoabo ilha de mare,-12.79565811,-38.53142548,brasil_aberto_first_street,True
BA,2927408,Salvador,Itapuã,itapua,-13.003782,-38.52779,mapbox_geocoding,True
BA,2927408,Salvador,Itinga,itinga,-12.902249,-38.348057,mapbox_geocoding,True
BA,2927408,Salvador,Jaguaribe,jaguaribe,-12.97573757,-38.42017365,brasil_aberto_first_street,True
BA,2927408,Salvador,Jaguaripe I,jaguaripe i,-12.9099087,-38.401754,brasil_aberto_first_street,True
BA,2927408,Salvador,Jardim Apipema,jardim apipema,-13.00467205,-38.51511002,brasil_aberto_first_street,True
BA,2927408,Salvador,Jardim Armação,jardim armacao,-12.97573757,-38.42017365,brasil_aberto_first_street,True
BA,2927408,Salvador,Jardim Cajazeiras,jardim cajazeiras,-12.92104435,-38.45098495,brasil_aberto_first_street,True
BA,2927408,Salvador,Jardim das Margaridas,jardim das margaridas,-12.8991799,-38.3579614,brasil_aberto_first_street,True
BA,2927408,Salvador,Jardim Nova Esperança,jardim nova esperanca,-12.9150478,-38.4218623,brasil_aberto_first_street,True
BA,2927408,Salvador,Jardim Placaford,jardim placaford,-12.9518642,-38.3744015,brasil_aberto_first_street,True
BA,2927408,Salvador,Jardim Santo Inácio,jardim santo inacio,-12.9322376,-38.4633538,brasil_aberto_first_street,True
BA,2927408,Salvador,Lapinha,lapinha,-12.954681,-38.498868,mapbox_geocoding,True
BA,2927408,Salvador,Largo do Tanque (Ilha de Bom Jesus dos Passos),largo do tanque ilha de bom jesus dos passos,-12.76072884,-38.64218903,brasil_aberto_first_street,True
BA,2927408,Salvador,Liberdade,liberdade,-12.92343,-38.49812,mapbox_geocoding,True
BA,2927408,Salvador,Lobato,lobato,-12.94734,-38.433629,mapbox_geocoding,True
BA,2927408,Salvador,Luiz Anselmo,luiz anselmo,-12.9771871,-38.4866269,brasil_aberto_first_street,True
BA,2927408,Salvador,Macaúbas,macaubas,-12.96653938,-38.49588776,brasil_aberto_first_street,True
BA,2927408,Salvador,Machado,machado,,,brasil_aberto,True
BA,2927408,Salvador,Mangueira,mangueira,-12.922881,-38.497141,mapbox_geocoding,True
BA,2927408,Salvador,Maracanã (Ilha de Maré),maracana ilha de mare,-12.7495842,-38.52546692,brasil_aberto_first_street,True
BA,2927408,Salvador,Marechal Rondon,marechal rondon,-12.9143115,-38.4710557,brasil_aberto_first_street,True
BA,2927408,Salvador,Mares,mares,-12.9402499,-38.5035546,brasil_aberto_first_street,True
BA,2927408,Salvador,Martelo (Ilha de Maré),martelo ilha de mare,-12.7435448,-38.5342774,brasil_aberto_first_street,True
BA,2927408,Salvador,Massaranduba,massaranduba,-12.9273377,-38.4933716,brasil_aberto_first_street,True
BA,2927408,Salvador,Mata Atlântica (Ilha de Maré),mata atlantica ilha de mare,-12.7601267,-38.5300386,brasil_aberto_first_street,True
BA,2927408,Salvador,Mata Escura,mata escura,-12.9316572,-38.4598265,brasil_aberto_first_street,True
BA,2927408,Salvador,Matatu,matatu,-12.9689091,-38.4951732,brasil_aberto_first_street,True
BA,2927408,Salvador,Mirantes de Periperi,mirantes de periperi,-12.94734,-38.433629,mapbox_geocoding,True
BA,2927408,Salvador,Monte Serrat,monte serrat,-12.92360497,-38.51281738,brasil_aberto_first_street,True
BA,2927408,Salvador,Moradas da Lagoa,moradas da lagoa,-12.85089874,-38.44945145,brasil_aberto_first_street,True
BA,2927408,Salvador,Mussurunga,mussurunga,-12.910859,-38.375972,mapbox_geocoding,True
BA,2927408,Salvador,Mussurunga I,mussurunga i,-12.93888378,-38.40793228,brasil_aberto_first_street,True
BA,2927408,Salvador,Mussurunga II,mussurunga ii,,,brasil_aberto,True
BA,2927408,Salvador,Narandiba,narandiba,-12.9588951,-38.4511607,brasil_aberto_first_street,True
BA,2927408,Salvador,Nazaré,nazare,-12.96965218,-38.50140762,brasil_aberto_first_street,True
BA,2927408,Salvador,Neves (Ilha de Maré),neves ilha de mare,-12.79375744,-38.52150726,brasil_aberto_first_street,True
BA,2927408,Salvador,Nordeste,nordeste,,,brasil_aberto,True
BA,2927408,Salvador,Nordeste de Amaralina,nordeste de amaralina,-13.0105683,-38.4787342,brasil_aberto_first_street,True
BA,2927408,Salvador,Nova Brasília,nova brasilia,-12.9251833,-38.41155624,brasil_aberto_first_street,True
BA,2927408,Salvador,Nova Brasília de Itapuã,nova brasilia de itapua,-12.9416,-38.3624859,brasil_aberto_first_street,True
BA,2927408,Salvador,Nova Brasília de Valéria,nova brasilia de valeria,,,brasil_aberto,True
BA,2927408,Salvador,Nova Brasília (Ilha de Bom Jesus dos Passos),nova brasilia ilha de bom jesus dos passos,-12.7608754,-38.6392145,brasil_aberto_first_street,True
BA,2927408,Salvador,Nova Constituinte,nova constituinte,-12.919154,-38.351099,mapbox_geocoding,True
BA,2927408,Salvador,Nova Esperança,nova esperanca,-12.83575916,-38.37342072,brasil_aberto_first_street,True
BA,2927408,Salvador,Nova Sussuarana,nova sussuarana,-12.935293,-38.437554,mapbox_geocoding,True
BA,2927408,Salvador,Novo Horizonte,novo horizonte,-12.94044304,-38.43428421,brasil_aberto_first_street,True
BA,2927408,Salvador,Novo Marotinho,novo marotinho,-12.9146471,-38.4237442,brasil_aberto_first_street,True
BA,2927408,Salvador,Ondina,ondina,-12.99828911,-38.50737381,brasil_aberto_first_street,True
BA,2927408,Salvador,Oratório (Ilha de Maré),oratorio ilha de mare,-12.77010536,-38.51939774,brasil_aberto_first_street,True
BA,2927408,Salvador,Palestina,palestina,-13.0115787,-38.4800544,brasil_aberto_first_street,True
BA,2927408,Salvador,Paralela,paralela,-12.93888378,-38.40793228,brasil_aberto_first_street,True
BA,2927408,Salvador,Paramana (Ilha dos Frades),paramana ilha dos frades,-12.7715729,-38.6215973,brasil_aberto_first_street,True
BA,2927408,Salvador,Paripe,paripe,-12.94734,-38.433629,mapbox_geocoding,True
BA,2927408,Salvador,Parque Bela Vista,parque bela vista,-12.99293804,-38.47626495,brasil_aberto_first_street,True
BA,2927408,Salvador,Patamares,patamares,-12.96294498,-38.40233612,brasil_aberto_first_street,True
BA,2927408,Salvador,Pau da Lima,pau da lima,-12.914102,-38.357939,mapbox_geocoding,True
BA,2927408,Salvador,Pau Miúdo,pau miudo,-12.9607972,-38.4869358,brasil_aberto_first_street,True
BA,2927408,Salvador,Pelourinho,pelourinho,,,brasil_aberto,True
BA,2927408,Salvador,Periperi,periperi,-12.868322,-38.460423,mapbox_geocoding,True
BA,2927408,Salvador,Pernambués,pernambues,-12.97029877,-38.45583725,brasil_aberto_first_street,True
BA,2927408,Salvador,Pero Vaz,pero vaz,-12.9295225,-38.4584473,brasil_aberto_first_street,True
BA,2927408,Salvador,Piatã,piata,-12.94773579,-38.37151718,brasil_aberto_first_street,True
BA,2927408,Salvador,Pirajá,piraja,-12.9002741,-38.4670421,brasil_aberto_first_street,True
BA,2927408,Salvador,Pituaçu,pituacu,-12.97138786,-38.42041779,brasil_aberto_first_street,True
BA,2927408,Salvador,Pituba,pituba,-13.0007945,-38.4620594,brasil_aberto_first_street,True
BA,2927408,Salvador,Plataforma,plataforma,-12.897582,-38.486736,mapbox_geocoding,True
BA,2927408,Salvador,Politeama,politeama,,,brasil_aberto,True
BA,2927408,Salvador,Ponta de Nossa Senhora (Ilha dos Frades),ponta de nossa senhora ilha dos frades,-12.8129386,-38.638907,brasil_aberto_first_street,True
BA,2927408,Salvador,Pontinha (Ilha de Bom Jesus dos Passos),pontinha ilha de bom jesus dos passos,-12.76101112,-38.63845444,brasil_aberto_first_street,True
BA,2927408,Salvador,Porto Seco Pirajá,porto seco piraja,-12.911151,-38.35791,mapbox_geocoding,True
BA,2927408,Salvador,Praia do Flamengo,praia do flamengo,-12.9287294,-38.324276,brasil_aberto_first_street,True
BA,2927408,Salvador,Praia Grande,praia grande,-12.871993,-38.473917,mapbox_geocoding,True
BA,2927408,Salvador,Praia Grande (Ilha de Maré),praia grande ilha de mare,-12.7779417,-38.53184128,brasil_aberto_first_street,True
BA,2927408,Salvador,Resgate,resgate,-12.966264,-38.458954,mapbox_geocoding,True
BA,2927408,Salvador,Retiro,retiro,-12.955952,-38.475816,mapbox_geocoding,True
BA,2927408,Salvador,Ribeira,ribeira,-12.9168023,-38.4958218,brasil_aberto_first_street,True
BA,2927408,Salvador,Rio Sena,rio sena,-12.880557,-38.466458,mapbox_geocoding,True
BA,2927408,Salvador,Rio Vermelho,rio vermelho,-12.245133,-38.973759,mapbox_geocoding,True
BA,2927408,Salvador,Roma,roma,-12.9370047,-38.5019459,brasil_aberto_first_street,True
BA,2927408,Salvador,Saboeiro,saboeiro,-12.95872784,-38.44733429,brasil_aberto_first_street,True
BA,2927408,Salvador,Santa Cruz,santa cruz,-12.9458224,-38.4521483,brasil_aberto_first_street,True
BA,2927408,Salvador,Santa Luzia,santa luzia,-12.846005,-38.472037,mapbox_geocoding,True
BA,2927408,Salvador,Santa Mônica,santa monica,-12.9543389,-38.4838229,brasil_aberto_first_street,True
BA,2927408,Salvador,Santa Teresa,santa teresa,-12.985645,-38.4665755,brasil_aberto_first_street,True
BA,2927408,Salvador,Santana (Ilha de Maré),santana ilha de mare,-12.79239464,-38.53300095,brasil_aberto_first_street,True
BA,2927408,Salvador,Santo Agostinho,santo agostinho,-12.925931,-38.414501,mapbox_geocoding,True
BA,2927408,Salvador,Santo Antônio,santo antonio,-12.9638236,-38.50388969999999,brasil_aberto_first_street,True
BA,2927408,Salvador,São Caetano,sao caetano,-12.93728447,-38.48616028,brasil_aberto_first_street,True
BA,2927408,Salvador,São Cristóvão,sao cristovao,-12.91623592,-38.34634781,brasil_aberto_first_street,True
BA,2927408,Salvador,São Gonçalo,sao goncalo,-12.95121288,-38.46121597,brasil_aberto_first_street,True
BA,2927408,Salvador,São João do Cabrito,sao joao do cabrito,-12.903955,-38.478481,mapbox_geocoding,True
BA,2927408,Salvador,São Marcos,sao marcos,-12.9258904,-38.43435059999999,brasil_aberto_first_street,True
BA,2927408,Salvador,São Rafael,sao rafael,-12.938037,-38.422848,mapbox_geocoding,True
BA,2927408,Salvador,São Tomé,sao tome,-12.925777,-38.377347,mapbox_geocoding,True
BA,2927408,Salvador,Saramandaia,saramandaia,-12.953084,-38.481525,mapbox_geocoding,True
BA,2927408,Salvador,Saúde,saude,-12.97289085,-38.50667191,brasil_aberto_first_street,True
BA,2927408,Salvador,Sete de Abril,sete de abril,-12.9117674,-38.4284857,brasil_aberto_first_street,True
BA,2927408,Salvador,Stella Maris,stella maris,-12.93805313,-38.33673096,brasil_aberto_first_street,True
BA,2927408,Salvador,Stiep,stiep,-12.98251057,-38.44371414,brasil_aberto_first_street,True
BA,2927408,Salvador,Sussuarana,sussuarana,-12.93335056,-38.44429398,brasil_aberto_first_street,True
BA,2927408,Salvador,Tancredo Neves,tancredo neves,,,brasil_aberto,True
BA,2927408,Salvador,Tororó,tororo,-12.98465443,-38.50935364,brasil_aberto_first_street,True
BA,2927408,Salvador,Trobogy,trobogy,-12.927771,-38.40681,mapbox_geocoding,True
BA,2927408,Salvador,Uruguai,uruguai,-12.93254662,-38.4914856,brasil_aberto_first_street,True
BA,2927408,Salvador,Vale das Pedrinhas,vale das pedrinhas,-12.884488,-38.408821,mapbox_geocoding,True
BA,2927408,Salvador,Vale dos Lagos,vale dos lagos,-12.890381,-38.442649,mapbox_geocoding,True
BA,2927408,Salvador,Valéria,valeria,-12.86863613,-38.43098831,brasil_aberto_first_street,True
BA,2927408,Salvador,Vila 2 de Julho,vila 2 de julho,-12.92632198,-38.40890121,brasil_aberto_first_street,True
BA,2927408,Salvador,Vila Canária,vila canaria,-12.909268,-38.440648,mapbox_geocoding,True
BA,2927408,Salvador,Vila Laura,vila laura,-12.97477341,-38.48957062,brasil_aberto_first_street,True
BA,2927408,Salvador,Vila Ruy Barbosa,vila ruy barbosa,,,brasil_aberto,True
BA,2927408,Salvador,Vila Ruy Barbosa/ Jardim Cruzeiro,vila ruy barbosa jardim cruzeiro,-12.9216013,-38.4984169,brasil_aberto_first_street,True
BA,2927408,Salvador,Vista Alegre,vista alegre,-12.912881,-38.418199,mapbox_geocoding,True
BA,2927408,Salvador,Vitória,vitoria,-12.99297523,-38.52593994,brasil_aberto_first_street,True
BA,2927507,Santa Bárbara,Centro,centro,-11.9581485,-38.974351,brasil_aberto_first_street,True
BA,2927507,Santa Bárbara,São Nicolau,sao nicolau,,,brasil_aberto,True
BA,2927507,Santa Bárbara,Sítio das Flores,sitio das flores,,,brasil_aberto,True
BA,2927606,Santa Brígida,Centro,centro,-9.73689651,-38.12892914,brasil_aberto_first_street,True
BA,2927705,Santa Cruz Cabrália,Centro,centro,-16.28180504,-39.02296066,brasil_aberto_first_street,True
BA,2927804,Santa Cruz da Vitória,Centro,centro,-14.96003151,-39.81013489,brasil_aberto_first_street,True
BA,2927903,Santa Inês,Área Rural de Santa Inês,area rural de santa ines,-13.291035,-39.820347,mapbox_geocoding,True
BA,2927903,Santa Inês,Beira Rio,beira rio,-13.293187,-39.814306,mapbox_geocoding,True
BA,2927903,Santa Inês,Bela Vista,bela vista,-13.260435,-39.660568,mapbox_geocoding,True
BA,2927903,Santa Inês,Caixa D'Água,caixa d agua,-13.288096,-39.8212,mapbox_geocoding,True
BA,2927903,Santa Inês,Campinho,campinho,-13.288176,-39.814204,mapbox_geocoding,True
BA,2927903,Santa Inês,Centro,centro,-13.29298,-39.81803,mapbox_geocoding,True
BA,2927903,Santa Inês,José Américo,jose americo,-13.332457,-39.86778,mapbox_geocoding,True
BA,2927903,Santa Inês,Nova Santa Inês,nova santa ines,-13.282889,-39.823421,mapbox_geocoding,True
BA,2927903,Santa Inês,Olhos D'Água,olhos d agua,-13.29826,-39.824805,mapbox_geocoding,True
BA,2927903,Santa Inês,Pontal,pontal,-13.291035,-39.820347,mapbox_geocoding,True
BA,2928000,Santaluz,Centro,centro,-11.25673008,-39.37501144,brasil_aberto_first_street,True
BA,2928000,Santaluz,Pereira,pereira,-11.2127174,-39.241755,brasil_aberto_first_street,True
BA,2928059,Santa Luzia,Centro,centro,-15.43111229,-39.33226013,brasil_aberto_first_street,True
BA,2928109,Santa Maria da Vitória,Açudina,acudina,,,dne,True
BA,2928109,Santa Maria da Vitória,Aeroporto,aeroporto,-13.395029,-44.197544,mapbox_geocoding,True
BA,2928109,Santa Maria da Vitória,Alto do Cruzeiro,alto do cruzeiro,-13.395029,-44.197544,mapbox_geocoding,True
BA,2928109,Santa Maria da Vitória,Área Rural de Santa Maria da Vitória,area rural de santa maria da vitoria,-13.305461,-44.272614,mapbox_geocoding,True
BA,2928109,Santa Maria da Vitória,Bebedouro,bebedouro,-13.395029,-44.197544,mapbox_geocoding,True
BA,2928109,Santa Maria da Vitória,Centro,centro,-13.389721,-44.20195,mapbox_geocoding,True
BA,2928109,Santa Maria da Vitória,Doutor Roberto,doutor roberto,-13.382545,-44.201715,mapbox_geocoding,True
BA,2928109,Santa Maria da Vitória,Inhaúmas,inhaumas,,,dne,True
BA,2928109,Santa Maria da Vitória,Jardim América,jardim america,-13.387607,-44.192581,mapbox_geocoding,True
BA,2928109,Santa Maria da Vitória,Malvão,malvao,-13.388149,-44.194552,mapbox_geocoding,True
BA,2928109,Santa Maria da Vitória,Morada do Sol,morada do sol,-13.28404,-44.131831,mapbox_geocoding,True
BA,2928109,Santa Maria da Vitória,Parque de Exposição,parque de exposicao,-13.382545,-44.201715,mapbox_geocoding,True
BA,2928109,Santa Maria da Vitória,Parque Nova Esperança,parque nova esperanca,-13.387607,-44.192581,mapbox_geocoding,True
BA,2928109,Santa Maria da Vitória,Planalto,planalto,-13.382545,-44.201715,mapbox_geocoding,True
BA,2928109,Santa Maria da Vitória,Sambaíba,sambaiba,-13.386395,-44.189182,mapbox_geocoding,True
BA,2928109,Santa Maria da Vitória,Vila Formosa,vila formosa,-13.382545,-44.201715,mapbox_geocoding,True
BA,2928109,Santa Maria da Vitória,Vila Nova,vila nova,-13.395029,-44.197544,mapbox_geocoding,True
BA,2928208,Santana,Alto da Vitória,alto da vitoria,-12.997902,-44.059179,mapbox_geocoding,True
BA,2928208,Santana,Alto das Pedras,alto das pedras,-12.985066,-44.049995,mapbox_geocoding,True
BA,2928208,Santana,Alto de Santana,alto de santana,-12.976177,-44.044156,mapbox_geocoding,True
BA,2928208,Santana,Alto Santa Rita,alto santa rita,-11.594543,-38.999556,mapbox_geocoding,True
BA,2928208,Santana,Área Rural de Santana,area rural de santana,-12.983333,-44.048733,mapbox_geocoding,True
BA,2928208,Santana,Centro,centro,-12.978809,-44.049221,mapbox_geocoding,True
BA,2928208,Santana,Chafariz,chafariz,-12.978664,-44.045058,mapbox_geocoding,True
BA,2928208,Santana,Dom Bosco,dom bosco,-12.988254,-44.038222,mapbox_geocoding,True
BA,2928208,Santana,Porto Novo,porto novo,-13.2876802,-43.9109391,brasil_aberto_first_street,True
BA,2928208,Santana,Salinas,salinas,-13.240847,-43.395268,mapbox_geocoding,True
BA,2928208,Santana,São Geraldo,sao geraldo,-11.595341,-38.08507,mapbox_geocoding,True
BA,2928208,Santana,São João,sao joao,-12.9742,-44.055555,mapbox_geocoding,True
BA,2928208,Santana,São José,sao jose,-12.991939,-44.032309,mapbox_geocoding,True
BA,2928307,Santanópolis,Boa Espera,boa espera,,,dne,True
BA,2928307,Santanópolis,Centro,centro,-12.02547836,-38.86812592,brasil_aberto_first_street,True
BA,2928406,Santa Rita de Cássia,Aeroporto,aeroporto,-10.992773,-44.522476,mapbox_geocoding,True
BA,2928406,Santa Rita de Cássia,Alagoinhas,alagoinhas,-11.009007,-44.516928,mapbox_geocoding,True
BA,2928406,Santa Rita de Cássia,Altamira,altamira,-10.998329,-44.531978,mapbox_geocoding,True
BA,2928406,Santa Rita de Cássia,Alto da Boa Vista,alto da boa vista,-10.998924,-44.524063,mapbox_geocoding,True
BA,2928406,Santa Rita de Cássia,Área Rural de Santa Rita de Cássia,area rural de santa rita de cassia,-22.49136,-44.16382,mapbox_geocoding,True
BA,2928406,Santa Rita de Cássia,BNH,bnh,-10.99756,-44.518955,mapbox_geocoding,True
BA,2928406,Santa Rita de Cássia,Centro,centro,-11.008432,-44.51876,mapbox_geocoding,True
BA,2928406,Santa Rita de Cássia,Conselheiro Luiz Viana,conselheiro luiz viana,-10.999992,-44.526552,mapbox_geocoding,True
BA,2928406,Santa Rita de Cássia,Itiquira,itiquira,,,brasil_aberto,True
BA,2928406,Santa Rita de Cássia,Malhada Grande,malhada grande,,,brasil_aberto,True
BA,2928406,Santa Rita de Cássia,Monte Alegre,monte alegre,,,brasil_aberto,True
BA,2928406,Santa Rita de Cássia,Nossa Senhora de Fátima,nossa senhora de fatima,-11.006444,-44.524466,mapbox_geocoding,True
BA,2928406,Santa Rita de Cássia,Novo Horizonte,novo horizonte,-10.995294,-44.524419,mapbox_geocoding,True
BA,2928406,Santa Rita de Cássia,Peixe de Dentro,peixe de dentro,,,brasil_aberto,True
BA,2928406,Santa Rita de Cássia,Santa Rita,santa rita,-10.996199,-44.512727,mapbox_geocoding,True
BA,2928406,Santa Rita de Cássia,São Gabriel,sao gabriel,-10.992773,-44.522476,mapbox_geocoding,True
BA,2928406,Santa Rita de Cássia,São João Batista,sao joao batista,-11.012919,-44.515634,mapbox_geocoding,True
BA,2928406,Santa Rita de Cássia,Trevo,trevo,-11.058118,-44.762148,mapbox_geocoding,True
BA,2928505,Santa Terezinha,Centro,centro,-12.76993847,-39.52350235,brasil_aberto_first_street,True
BA,2928604,Santo Amaro,Acupe,acupe,,,dne,True
BA,2928604,Santo Amaro,Campinhos,campinhos,,,dne,True
BA,2928604,Santo Amaro,Candolândia,candolandia,,,dne,True
BA,2928604,Santo Amaro,Centro,centro,-12.55017471,-38.70849228,brasil_aberto_first_street,True
BA,2928604,Santo Amaro,Pedras,pedras,-12.5464232,-38.7109476,brasil_aberto_first_street,True
BA,2928703,Santo Antônio de Jesus,Água Comprida,agua comprida,,,dne,True
BA,2928703,Santo Antônio de Jesus,Alto do Morro,alto do morro,,,dne,True
BA,2928703,Santo Antônio de Jesus,Amparo,amparo,-12.97746754,-39.28055573,brasil_aberto_first_street,True
BA,2928703,Santo Antônio de Jesus,Andaia,andaia,-12.98222256,-39.27738571,brasil_aberto_first_street,True
BA,2928703,Santo Antônio de Jesus,Área Rural de Santo Antônio de Jesus,area rural de santo antonio de jesus,-12.9698964,-39.2616711,brasil_aberto_first_street,True
BA,2928703,Santo Antônio de Jesus,Avenida,avenida,,,dne,True
BA,2928703,Santo Antônio de Jesus,Baixa Alegre,baixa alegre,,,dne,True
BA,2928703,Santo Antônio de Jesus,Baixa de Areia,baixa de areia,,,dne,True
BA,2928703,Santo Antônio de Jesus,Baixa do Morro,baixa do morro,,,dne,True
BA,2928703,Santo Antônio de Jesus,Barro Vermelho,barro vermelho,-12.982361,-39.2892906,brasil_aberto_first_street,True
BA,2928703,Santo Antônio de Jesus,Benfica,benfica,,,dne,True
BA,2928703,Santo Antônio de Jesus,Boa Vista,boa vista,,,dne,True
BA,2928703,Santo Antônio de Jesus,Bom Conselho,bom conselho,,,dne,True
BA,2928703,Santo Antônio de Jesus,Bom Jardim,bom jardim,,,dne,True
BA,2928703,Santo Antônio de Jesus,Bomfim,bomfim,,,dne,True
BA,2928703,Santo Antônio de Jesus,Cacimba,cacimba,,,dne,True
BA,2928703,Santo Antônio de Jesus,Cajueiro,cajueiro,-12.96959686,-39.25907898,brasil_aberto_first_street,True
BA,2928703,Santo Antônio de Jesus,Calabar,calabar,-12.9726712,-39.2544643,brasil_aberto_first_street,True
BA,2928703,Santo Antônio de Jesus,Camaçari (Santo Antônio de Jesus),camacari santo antonio de jesus,,,dne,True
BA,2928703,Santo Antônio de Jesus,Campo do Governo,campo do governo,-12.977557,-39.2526223,brasil_aberto_first_street,True
BA,2928703,Santo Antônio de Jesus,Canta Galo,canta galo,,,dne,True
BA,2928703,Santo Antônio de Jesus,Capela de São João,capela de sao joao,,,dne,True
BA,2928703,Santo Antônio de Jesus,Casaca de Ferro,casaca de ferro,,,dne,True
BA,2928703,Santo Antônio de Jesus,Casco,casco,-12.9580088,-39.2482574,brasil_aberto_first_street,True
BA,2928703,Santo Antônio de Jesus,Cavaco,cavaco,,,dne,True
BA,2928703,Santo Antônio de Jesus,Centro,centro,-12.970902,-39.261811,brasil_aberto_first_street,True
BA,2928703,Santo Antônio de Jesus,Cocão,cocao,,,dne,True
BA,2928703,Santo Antônio de Jesus,Comum do Rio da Dona,comum do rio da dona,,,dne,True
BA,2928703,Santo Antônio de Jesus,Cruzeiro do Riachão,cruzeiro do riachao,,,dne,True
BA,2928703,Santo Antônio de Jesus,Cunha,cunha,,,dne,True
BA,2928703,Santo Antônio de Jesus,Distrito Industrial,distrito industrial,-14.41151428,-42.07506943,brasil_aberto_first_street,True
BA,2928703,Santo Antônio de Jesus,Ernesto Melo,ernesto melo,-12.9664016,-39.267491,brasil_aberto_first_street,True
BA,2928703,Santo Antônio de Jesus,Espinheiro,espinheiro,,,dne,True
BA,2928703,Santo Antônio de Jesus,Fátima,fatima,,,dne,True
BA,2928703,Santo Antônio de Jesus,Gamelo,gamelo,,,dne,True
BA,2928703,Santo Antônio de Jesus,Ilha,ilha,,,dne,True
BA,2928703,Santo Antônio de Jesus,Irmã Dulce,irma dulce,-12.9726712,-39.2544643,brasil_aberto_first_street,True
BA,2928703,Santo Antônio de Jesus,Joeirana,joeirana,,,dne,True
BA,2928703,Santo Antônio de Jesus,Maria Preta,maria preta,-12.9726712,-39.2544643,brasil_aberto_first_street,True
BA,2928703,Santo Antônio de Jesus,Mavida,mavida,,,dne,True
BA,2928703,Santo Antônio de Jesus,Mina do Calaba,mina do calaba,,,dne,True
BA,2928703,Santo Antônio de Jesus,Mina do Sape,mina do sape,,,dne,True
BA,2928703,Santo Antônio de Jesus,Nossa Senhora das Graças,nossa senhora das gracas,-12.9692516,-39.2497683,brasil_aberto_first_street,True
BA,2928703,Santo Antônio de Jesus,Onha,onha,,,dne,True
BA,2928703,Santo Antônio de Jesus,Patioba,patioba,,,dne,True
BA,2928703,Santo Antônio de Jesus,Pedra Branca,pedra branca,,,dne,True
BA,2928703,Santo Antônio de Jesus,Praia do Dendê,praia do dende,-12.96279335,-39.25481796,brasil_aberto_first_street,True
BA,2928703,Santo Antônio de Jesus,Quitandinha,quitandinha,-12.9638662,-39.2654889,brasil_aberto_first_street,True
BA,2928703,Santo Antônio de Jesus,Renato Machado,renato machado,-12.976716,-39.281808,brasil_aberto_first_street,True
BA,2928703,Santo Antônio de Jesus,Riachão,riachao,,,dne,True
BA,2928703,Santo Antônio de Jesus,Riacho Dantas,riacho dantas,,,dne,True
BA,2928703,Santo Antônio de Jesus,Riacho das Pedras,riacho das pedras,,,dne,True
BA,2928703,Santo Antônio de Jesus,Salgadeira,salgadeira,-12.971239,-39.2544142,brasil_aberto_first_street,True
BA,2928703,Santo Antônio de Jesus,Salto da Onça,salto da onca,,,dne,True
BA,2928703,Santo Antônio de Jesus,Santa Madalena,santa madalena,-12.966264,-39.262493,mapbox_geocoding,True
BA,2928703,Santo Antônio de Jesus,Santa Rita,santa rita,-12.9767874,-39.2531294,brasil_aberto_first_street,True
BA,2928703,Santo Antônio de Jesus,Santa Terezinha,santa terezinha,-12.96586895,-39.23854065,brasil_aberto_first_street,True
BA,2928703,Santo Antônio de Jesus,Santo Antônio de Jesus,santo antonio de jesus,,,brasil_aberto,True
BA,2928703,Santo Antônio de Jesus,São Benedito,sao benedito,-12.9631864,-39.2493638,brasil_aberto_first_street,True
BA,2928703,Santo Antônio de Jesus,São Cristóvão,sao cristovao,-12.9640723,-39.2577184,brasil_aberto_first_street,True
BA,2928703,Santo Antônio de Jesus,São Paulo,sao paulo,-12.9631864,-39.2493638,brasil_aberto_first_street,True
BA,2928703,Santo Antônio de Jesus,Sape,sape,,,dne,True
BA,2928703,Santo Antônio de Jesus,Sapucaia,sapucaia,,,dne,True
BA,2928703,Santo Antônio de Jesus,Sirinhaem,sirinhaem,,,dne,True
BA,2928703,Santo Antônio de Jesus,Sobradinho,sobradinho,-12.96973324,-39.26879883,brasil_aberto_first_street,True
BA,2928703,Santo Antônio de Jesus,Tabocal I,tabocal i,,,dne,True
BA,2928703,Santo Antônio de Jesus,Tabocal II,tabocal ii,,,dne,True
BA,2928703,Santo Antônio de Jesus,Tabuleiro do Rio da Dona,tabuleiro do rio da dona,,,dne,True
BA,2928703,Santo Antônio de Jesus,Taitinga,taitinga,,,dne,True
BA,2928703,Santo Antônio de Jesus,Terra Seca,terra seca,,,dne,True
BA,2928703,Santo Antônio de Jesus,Timbo,timbo,,,dne,True
BA,2928703,Santo Antônio de Jesus,Vila Bonfim,vila bonfim,,,dne,True
BA,2928802,Santo Estêvão,Centro,centro,-12.4300841,-39.2521686,brasil_aberto_first_street,True
BA,2928901,São Desidério,Alto do Cristo,alto do cristo,-12.365258,-44.977103,mapbox_geocoding,True
BA,2928901,São Desidério,Área Rural de São Desidério,area rural de sao desiderio,-12.361984,-44.974346,mapbox_geocoding,True
BA,2928901,São Desidério,Centro,centro,-12.366725,-44.97861,mapbox_geocoding,True
BA,2928901,São Desidério,Cidade Alta,cidade alta,-12.356432,-44.972486,mapbox_geocoding,True
BA,2928901,São Desidério,Cidade Nova,cidade nova,-12.749222,-45.954869,mapbox_geocoding,True
BA,2928901,São Desidério,Colizeu da Paz,colizeu da paz,-12.360216,-44.97555,mapbox_geocoding,True
BA,2928901,São Desidério,Felisberto Ferreira dos Anjos,felisberto ferreira dos anjos,-12.360216,-44.97555,mapbox_geocoding,True
BA,2928901,São Desidério,Juazeiro,juazeiro,-12.360216,-44.97555,mapbox_geocoding,True
BA,2928901,São Desidério,Lourêncio Farias,lourencio farias,-12.273632,-38.962854,mapbox_geocoding,True
BA,2928901,São Desidério,Nossa Senhora Aparecida,nossa senhora aparecida,-12.360216,-44.97555,mapbox_geocoding,True
BA,2928901,São Desidério,Pôr do Sol,por do sol,-12.360216,-44.97555,mapbox_geocoding,True
BA,2928901,São Desidério,Roda Velha,roda velha,-12.7824555,-45.9519376,brasil_aberto_first_street,True
BA,2928901,São Desidério,Sítio Grande,sitio grande,-12.4305751,-45.084514,brasil_aberto_first_street,True
BA,2928950,São Domingos,Centro,centro,-11.46244431,-39.52955246,brasil_aberto_first_street,True
BA,2928950,São Domingos,Ouro Verde,ouro verde,-11.385299,-39.584917,mapbox_geocoding,True
BA,2929008,São Félix,Centro,centro,-12.25514889,-38.9641037,brasil_aberto_first_street,True
BA,2929008,São Félix,Outeiro Redondo,outeiro redondo,,,dne,True
BA,2929057,São Félix do Coribe,Agnelo Braga,agnelo braga,-13.401917,-44.197626,mapbox_geocoding,True
BA,2929057,São Félix do Coribe,Área Rural de São Félix do Coribe,area rural de sao felix do coribe,-13.403061,-44.19573,mapbox_geocoding,True
BA,2929057,São Félix do Coribe,Bela Vista,bela vista,-13.411733,-44.194411,mapbox_geocoding,True
BA,2929057,São Félix do Coribe,Centro,centro,-13.401238,-44.19543,mapbox_geocoding,True
BA,2929057,São Félix do Coribe,Clóvis de Araújo Castro,clovis de araujo castro,-13.409185,-44.192981,mapbox_geocoding,True
BA,2929057,São Félix do Coribe,Eldorado,eldorado,-13.409185,-44.192981,mapbox_geocoding,True
BA,2929057,São Félix do Coribe,Ivo Júnior Braga,ivo junior braga,-13.401917,-44.197626,mapbox_geocoding,True
BA,2929057,São Félix do Coribe,Nino Lessa,nino lessa,-13.401917,-44.197626,mapbox_geocoding,True
BA,2929107,São Felipe,Caraípe,caraipe,,,dne,True
BA,2929107,São Felipe,Centro,centro,-12.84601402,-39.09038162,brasil_aberto_first_street,True
BA,2929206,São Francisco do Conde,Caipe,caipe,-12.7155,-38.589805,mapbox_geocoding,True
BA,2929206,São Francisco do Conde,Centro,centro,-12.6272035,-38.6778852,brasil_aberto_first_street,True
BA,2929206,São Francisco do Conde,Mataripe,mataripe,,,dne,True
BA,2929206,São Francisco do Conde,Monte Recôncavo,monte reconcavo,-12.64332008,-38.61915207,brasil_aberto_first_street,True
BA,2929255,São Gabriel,Centro,centro,-11.2289804,-41.8780757,brasil_aberto_first_street,True
BA,2929255,São Gabriel,Gameleira do Jacaré,gameleira do jacare,-11.06818008,-41.69236755,brasil_aberto_first_street,True
BA,2929305,São Gonçalo dos Campos,Afligidos,afligidos,,,dne,True
BA,2929305,São Gonçalo dos Campos,Centro,centro,-12.43694687,-38.95148849,brasil_aberto_first_street,True
BA,2929305,São Gonçalo dos Campos,Sergi,sergi,,,dne,True
BA,2929354,São José da Vitória,Centro,centro,-15.08315372,-39.33768463,brasil_aberto_first_street,True
BA,2929370,São José do Jacuípe,Centro,centro,-11.503769,-40.0232762,brasil_aberto_first_street,True
BA,2929370,São José do Jacuípe,Itatiaia do Alto Bonito,itatiaia do alto bonito,-11.4259641,-39.8860591,brasil_aberto_first_street,True
BA,2929370,São José do Jacuípe,Vaca Brava,vaca brava,,,dne,True
BA,2929404,São Miguel das Matas,Centro,centro,-12.25709152,-38.95414734,brasil_aberto_first_street,True
BA,2929503,São Sebastião do Passé,Centro,centro,-12.5208196,-38.4852617,brasil_aberto_first_street,True
BA,2929503,São Sebastião do Passé,Cinco Rios,cinco rios,-12.6049479,-38.5721107,brasil_aberto_first_street,True
BA,2929503,São Sebastião do Passé,Jacuípe,jacuipe,-12.5192569,-38.4950491,brasil_aberto_first_street,True
BA,2929503,São Sebastião do Passé,Lamarão do Passe,lamarao do passe,-12.58452415,-38.39740753,brasil_aberto_first_street,True
BA,2929602,Sapeaçu,Baixa do Palmeira,baixa do palmeira,,,dne,True
BA,2929602,Sapeaçu,Centro,centro,-12.72898006,-39.18637085,brasil_aberto_first_street,True
BA,2929701,Sátiro Dias,Bela Vista,bela vista,-11.5690255,-38.4955451,brasil_aberto_first_street,True
BA,2929701,Sátiro Dias,Centro,centro,-11.60355759,-38.58169937,brasil_aberto_first_street,True
BA,2929701,Sátiro Dias,Mimoso,mimoso,-11.65835953,-38.48735428,brasil_aberto_first_street,True
BA,2929701,Sátiro Dias,Pocinhos,pocinhos,-11.528133,-38.577436,mapbox_geocoding,True
BA,2929701,Sátiro Dias,Terra Vermelha,terra vermelha,-11.748184,-38.540526,mapbox_geocoding,True
BA,2929750,Saubara,Bom Jesus dos Pobres,bom jesus dos pobres,-12.8254536,-38.8101306,brasil_aberto_first_street,True
BA,2929750,Saubara,Cabuçu,cabucu,-12.77930927,-38.77107239,brasil_aberto_first_street,True
BA,2929750,Saubara,Centro,centro,-12.7385788,-38.75860214,brasil_aberto_first_street,True
BA,2929800,Saúde,Centro,centro,-12.85516453,-38.46409988,brasil_aberto_first_street,True
BA,2929909,Seabra,Área Rural de Seabra,area rural de seabra,-12.417514,-41.7701,mapbox_geocoding,True
BA,2929909,Seabra,Arthur Alves,arthur alves,-12.41986,-41.774046,mapbox_geocoding,True
BA,2929909,Seabra,Baraúnas,baraunas,-23.9315161,-46.3335343,brasil_aberto_first_street,True
BA,2929909,Seabra,Barreirinho,barreirinho,-12.426455,-41.764541,mapbox_geocoding,True
BA,2929909,Seabra,Boa Vista,boa vista,-12.408765,-41.765324,mapbox_geocoding,True
BA,2929909,Seabra,Centro,centro,-12.417789,-41.770103,mapbox_geocoding,True
BA,2929909,Seabra,Lagoa da Boa Vista,lagoa da boa vista,,,brasil_aberto,True
BA,2929909,Seabra,Nossa Senhora das Graças,nossa senhora das gracas,-12.417164,-41.775669,mapbox_geocoding,True
BA,2929909,Seabra,Olhos D'Água Antonio Francisco,olhos d agua antonio francisco,,,brasil_aberto,True
BA,2929909,Seabra,Santa Luzia,santa luzia,-12.431498,-41.769713,mapbox_geocoding,True
BA,2929909,Seabra,São José,sao jose,-12.41787,-41.777507,mapbox_geocoding,True
BA,2929909,Seabra,Tamboril,tamboril,-12.412582,-41.769349,mapbox_geocoding,True
BA,2929909,Seabra,União,uniao,-12.431046,-41.780706,mapbox_geocoding,True
BA,2929909,Seabra,Várzea do Caldas,varzea do caldas,-15.311839,-41.207403,mapbox_geocoding,True
BA,2929909,Seabra,Vasco Filho,vasco filho,-12.425151,-41.770787,mapbox_geocoding,True
BA,2929909,Seabra,Velame,velame,,,brasil_aberto,True
BA,2930006,Sebastião Laranjeiras,Centro,centro,-14.57354546,-42.94081116,brasil_aberto_first_street,True
BA,2930006,Sebastião Laranjeiras,Mandiroba,mandiroba,,,dne,True
BA,2930105,Senhor do Bonfim,Carrapichel,carrapichel,-10.456923,-40.182595,mapbox_geocoding,True
BA,2930105,Senhor do Bonfim,Centro,centro,-10.543362,-40.026821,mapbox_geocoding,True
BA,2930105,Senhor do Bonfim,Igará,igara,,,dne,True
BA,2930105,Senhor do Bonfim,Missão do Sahy,missao do sahy,-10.5062749,-40.1293953,brasil_aberto_first_street,True
BA,2930105,Senhor do Bonfim,Passagem Velha,passagem velha,-10.5081127,-40.159669,brasil_aberto_first_street,True
BA,2930105,Senhor do Bonfim,Sahy,sahy,,,brasil_aberto,True
BA,2930105,Senhor do Bonfim,Tijuaçú,tijuacu,,,dne,True
BA,2930154,Serra do Ramalho,Agrovila 1,agrovila 1,,,brasil_aberto,True
BA,2930154,Serra do Ramalho,Agrovila 10,agrovila 10,,,brasil_aberto,True
BA,2930154,Serra do Ramalho,Agrovila 11,agrovila 11,,,brasil_aberto,True
BA,2930154,Serra do Ramalho,Agrovila 12,agrovila 12,,,brasil_aberto,True
BA,2930154,Serra do Ramalho,Agrovila 13,agrovila 13,,,brasil_aberto,True
BA,2930154,Serra do Ramalho,Agrovila 14,agrovila 14,,,brasil_aberto,True
BA,2930154,Serra do Ramalho,Agrovila 2,agrovila 2,,,brasil_aberto,True
BA,2930154,Serra do Ramalho,Agrovila 3,agrovila 3,,,brasil_aberto,True
BA,2930154,Serra do Ramalho,Agrovila 4,agrovila 4,,,brasil_aberto,True
BA,2930154,Serra do Ramalho,Agrovila 5,agrovila 5,,,brasil_aberto,True
BA,2930154,Serra do Ramalho,Agrovila 6,agrovila 6,,,brasil_aberto,True
BA,2930154,Serra do Ramalho,Agrovila 7,agrovila 7,,,brasil_aberto,True
BA,2930154,Serra do Ramalho,Agrovila 8,agrovila 8,,,brasil_aberto,True
BA,2930154,Serra do Ramalho,Área Rural de Serra do Ramalho,area rural de serra do ramalho,-13.542807,-43.57767,mapbox_geocoding,True
BA,2930154,Serra do Ramalho,Baixada Fluminese,baixada fluminese,-13.542857,-43.570628,mapbox_geocoding,True
BA,2930154,Serra do Ramalho,Bela Vista,bela vista,-13.542838,-43.585161,mapbox_geocoding,True
BA,2930154,Serra do Ramalho,Belenzinho,belenzinho,-13.535305,-43.576586,mapbox_geocoding,True
BA,2930154,Serra do Ramalho,Centro,centro,-13.539098,-43.579438,mapbox_geocoding,True
BA,2930154,Serra do Ramalho,Cidade Nova,cidade nova,-13.553103,-43.583387,mapbox_geocoding,True
BA,2930154,Serra do Ramalho,Estância Paraíso,estancia paraiso,-13.544542,-43.586638,mapbox_geocoding,True
BA,2930154,Serra do Ramalho,Pantanal,pantanal,-13.547491,-43.573962,mapbox_geocoding,True
BA,2930154,Serra do Ramalho,Pôr do Sol,por do sol,-13.542857,-43.570628,mapbox_geocoding,True
BA,2930154,Serra do Ramalho,Santa Eulália,santa eulalia,-13.538581,-43.570632,mapbox_geocoding,True
BA,2930154,Serra do Ramalho,Top Park,top park,-13.553949,-43.591041,mapbox_geocoding,True
BA,2930204,Sento Sé,Amaniú,amaniu,,,dne,True
BA,2930204,Sento Sé,Américo Alves,americo alves,,,dne,True
BA,2930204,Sento Sé,Cajuí,cajui,,,dne,True
BA,2930204,Sento Sé,Centro,centro,-9.74113464,-41.88014221,brasil_aberto_first_street,True
BA,2930204,Sento Sé,Minas do Mimoso,minas do mimoso,,,dne,True
BA,2930204,Sento Sé,Piçarrão,picarrao,,,dne,True
BA,2930204,Sento Sé,Piri,piri,,,dne,True
BA,2930303,Serra Dourada,Agenor de Ataíde,agenor de ataide,-12.761872,-43.9521,mapbox_geocoding,True
BA,2930303,Serra Dourada,Alto da Colina,alto da colina,-12.766115,-43.943253,mapbox_geocoding,True
BA,2930303,Serra Dourada,Área Rural de Serra Dourada,area rural de serra dourada,-12.760225,-43.95032,mapbox_geocoding,True
BA,2930303,Serra Dourada,Barreiro das Pedras,barreiro das pedras,-12.752036,-43.95024,mapbox_geocoding,True
BA,2930303,Serra Dourada,Centro,centro,-12.760225,-43.95032,mapbox_geocoding,True
BA,2930303,Serra Dourada,Lavanderia,lavanderia,-12.931141,-38.366588,mapbox_geocoding,True
BA,2930303,Serra Dourada,Passagem,passagem,-12.766265,-43.951088,mapbox_geocoding,True
BA,2930303,Serra Dourada,Ponta da Ilha,ponta da ilha,-12.766265,-43.951088,mapbox_geocoding,True
BA,2930303,Serra Dourada,São Gonçalo,sao goncalo,-12.748359,-43.94228,mapbox_geocoding,True
BA,2930303,Serra Dourada,Serra Douradinha,serra douradinha,-12.755409,-43.946698,mapbox_geocoding,True
BA,2930402,Serra Preta,Centro,centro,-12.1603726,-39.3323742,brasil_aberto_first_street,True
BA,2930402,Serra Preta,Ponto de Serra Preta,ponto de serra preta,,,dne,True
BA,2930402,Serra Preta,Ponto Serra Preta,ponto serra preta,,,brasil_aberto,True
BA,2930501,Serrinha,Centro,centro,-11.65953541,-39.00765991,brasil_aberto_first_street,True
BA,2930600,Serrolândia,Centro,centro,-14.22299385,-42.77894974,brasil_aberto_first_street,True
BA,2930709,Simões Filho,Aratu,aratu,-12.82993,-38.454414,mapbox_geocoding,True
BA,2930709,Simões Filho,Centro,centro,-12.927464,-38.370051,mapbox_geocoding,True
BA,2930709,Simões Filho,Chácara Bom Viver,chacara bom viver,-12.857404,-38.417955,mapbox_geocoding,True
BA,2930709,Simões Filho,CIA I,cia i,-12.797977,-38.399438,mapbox_geocoding,True
BA,2930709,Simões Filho,CIA II,cia ii,-12.855802,-38.436265,mapbox_geocoding,True
BA,2930709,Simões Filho,CIA Sul,cia sul,-12.820667,-38.408162,mapbox_geocoding,True
BA,2930709,Simões Filho,Coroa da Lagoa,coroa da lagoa,-12.798626,-38.397738,mapbox_geocoding,True
BA,2930709,Simões Filho,Cotegipe,cotegipe,-12.797687,-38.424838,mapbox_geocoding,True
BA,2930709,Simões Filho,Cova da Gia,cova da gia,-12.802792,-38.370256,mapbox_geocoding,True
BA,2930709,Simões Filho,Cristo Rei,cristo rei,-12.812993,-38.392292,mapbox_geocoding,True
BA,2930709,Simões Filho,Dambe,dambe,-9.77659,-40.065588,mapbox_geocoding,True
BA,2930709,Simões Filho,Engenho Novo,engenho novo,-12.778339,-38.400149,mapbox_geocoding,True
BA,2930709,Simões Filho,Felicidade,felicidade,-12.787055,-38.3998,mapbox_geocoding,True
BA,2930709,Simões Filho,Góes Calmon,goes calmon,-12.791762,-38.356447,mapbox_geocoding,True
BA,2930709,Simões Filho,Guerreiro,guerreiro,-12.787055,-38.3998,mapbox_geocoding,True
BA,2930709,Simões Filho,Ilha de São João,ilha de sao joao,-12.892035,-38.431805,mapbox_geocoding,True
BA,2930709,Simões Filho,Jardim Renatão,jardim renatao,-12.769539,-38.402627,mapbox_geocoding,True
BA,2930709,Simões Filho,Km 25,km 25,-12.791038,-38.38819,mapbox_geocoding,True
BA,2930709,Simões Filho,Km 30,km 30,-12.779753,-38.386979,mapbox_geocoding,True
BA,2930709,Simões Filho,Luís Eduardo Magalhães,luis eduardo magalhaes,-12.787055,-38.3998,mapbox_geocoding,True
BA,2930709,Simões Filho,Mapele,mapele,-12.875422,-38.431561,mapbox_geocoding,True
BA,2930709,Simões Filho,Palmares,palmares,-12.711892,-38.373951,mapbox_geocoding,True
BA,2930709,Simões Filho,Parque Continental,parque continental,-12.740043,-38.329166,mapbox_geocoding,True
BA,2930709,Simões Filho,Pitanga de Palmares,pitanga de palmares,-12.782789,-38.405601,mapbox_geocoding,True
BA,2930709,Simões Filho,Pitanguinha,pitanguinha,-12.890866,-38.433224,mapbox_geocoding,True
BA,2930709,Simões Filho,Ponto de Parada,ponto de parada,-12.791656,-38.399407,mapbox_geocoding,True
BA,2930709,Simões Filho,Recanto dos Eucaliptos,recanto dos eucaliptos,-12.807994,-38.388857,mapbox_geocoding,True
BA,2930709,Simões Filho,Santa Luzia,santa luzia,-12.701453,-38.392195,mapbox_geocoding,True
BA,2930709,Simões Filho,Santa Rosa,santa rosa,-12.780085,-38.411336,mapbox_geocoding,True
BA,2930709,Simões Filho,Santo Antônio do Rio das Pedras,santo antonio do rio das pedras,-12.85084,-38.408264,mapbox_geocoding,True
BA,2930709,Simões Filho,Simões Filho I,simoes filho i,-12.784442,-38.388465,mapbox_geocoding,True
BA,2930709,Simões Filho,Tiro Seguro,tiro seguro,-12.779753,-38.386979,mapbox_geocoding,True
BA,2930758,Sítio do Mato,Centro,centro,-12.96791363,-39.26070404,brasil_aberto_first_street,True
BA,2930758,Sítio do Mato,Gameleira da Lapa,gameleira da lapa,-14.854692,-40.839066,mapbox_geocoding,True
BA,2930766,Sítio do Quinto,Centro,centro,-10.3654213,-38.2017074,brasil_aberto_first_street,True
BA,2930766,Sítio do Quinto,Rasinho,rasinho,,,brasil_aberto,True
BA,2930766,Sítio do Quinto,Tingui,tingui,,,brasil_aberto,True
BA,2930774,Sobradinho,Centro,centro,-9.4710598,-40.80226898,brasil_aberto_first_street,True
BA,2930808,Souto Soares,Alto do Licuri,alto do licuri,-12.088384,-41.647457,mapbox_geocoding,True
BA,2930808,Souto Soares,Área Rural de Souto Soares,area rural de souto soares,-12.014133,-41.670785,mapbox_geocoding,True
BA,2930808,Souto Soares,Barroquinha,barroquinha,-21.469093,-46.991247,mapbox_geocoding,True
BA,2930808,Souto Soares,Braz Gaspar,braz gaspar,-12.088384,-41.647457,mapbox_geocoding,True
BA,2930808,Souto Soares,Carrapicho,carrapicho,-12.088384,-41.647457,mapbox_geocoding,True
BA,2930808,Souto Soares,Centro,centro,-12.091003,-41.648348,mapbox_geocoding,True
BA,2930808,Souto Soares,Jardim Aeroporto,jardim aeroporto,-12.092729,-41.643787,mapbox_geocoding,True
BA,2930808,Souto Soares,Juvenal José,juvenal jose,-10.692664,-38.534656,mapbox_geocoding,True
BA,2930808,Souto Soares,Keliane Rocha,keliane rocha,-12.091003,-41.648348,mapbox_geocoding,True
BA,2930808,Souto Soares,Lagoa Grande,lagoa grande,-12.083275,-41.646308,mapbox_geocoding,True
BA,2930808,Souto Soares,Outro Lado,outro lado,-12.083275,-41.646308,mapbox_geocoding,True
BA,2930808,Souto Soares,Planalto,planalto,-11.965356,-41.832487,mapbox_geocoding,True
BA,2930808,Souto Soares,Rosalvo Neves Pinto,rosalvo neves pinto,-12.089836,-41.651289,mapbox_geocoding,True
BA,2930808,Souto Soares,Segredo,segredo,,,brasil_aberto,True
BA,2930808,Souto Soares,Sítio da Palma,sitio da palma,-9.406334,-38.216253,mapbox_geocoding,True
BA,2930907,Tabocas do Brejo Velho,Aeroporto,aeroporto,-12.705562,-44.008465,mapbox_geocoding,True
BA,2930907,Tabocas do Brejo Velho,Alto da Bela Vista,alto da bela vista,-12.701235,-44.013486,mapbox_geocoding,True
BA,2930907,Tabocas do Brejo Velho,Área Rural de Tabocas do Brejo Velho,area rural de tabocas do brejo velho,-12.683088,-43.958223,mapbox_geocoding,True
BA,2930907,Tabocas do Brejo Velho,Brejo Novo,brejo novo,-12.705808,-44.026556,mapbox_geocoding,True
BA,2930907,Tabocas do Brejo Velho,Centro,centro,-12.705562,-44.008465,mapbox_geocoding,True
BA,2930907,Tabocas do Brejo Velho,Independência,independencia,-12.700222,-44.005992,mapbox_geocoding,True
BA,2930907,Tabocas do Brejo Velho,Junco,junco,-12.706066,-44.01168,mapbox_geocoding,True
BA,2930907,Tabocas do Brejo Velho,Mariquita,mariquita,,,dne,True
BA,2930907,Tabocas do Brejo Velho,Novo Horizonte,novo horizonte,-12.700222,-44.005992,mapbox_geocoding,True
BA,2930907,Tabocas do Brejo Velho,Taboquinha,taboquinha,-12.705562,-44.008465,mapbox_geocoding,True
BA,2930907,Tabocas do Brejo Velho,Vila Nova,vila nova,-12.703117,-44.011425,mapbox_geocoding,True
BA,2931004,Tanhaçu,Centro,centro,-14.0223301,-41.2447549,brasil_aberto_first_street,True
BA,2931004,Tanhaçu,Sussuarana,sussuarana,-14.1576355,-41.20908250000001,brasil_aberto_first_street,True
BA,2931053,Tanque Novo,Área Rural de Tanque Novo,area rural de tanque novo,-13.636531,-42.464045,mapbox_geocoding,True
BA,2931053,Tanque Novo,Bela Vista,bela vista,-12.94856,-38.459171,mapbox_geocoding,True
BA,2931053,Tanque Novo,Cajueiro,cajueiro,-13.536612,-42.487493,mapbox_geocoding,True
BA,2931053,Tanque Novo,Centro,centro,-13.547443,-42.488838,mapbox_geocoding,True
BA,2931053,Tanque Novo,Centro Norte,centro norte,-13.536612,-42.487493,mapbox_geocoding,True
BA,2931053,Tanque Novo,Centro Sul,centro sul,-13.547443,-42.488838,mapbox_geocoding,True
BA,2931053,Tanque Novo,Coqueiros,coqueiros,-13.536612,-42.487493,mapbox_geocoding,True
BA,2931053,Tanque Novo,Jardim São João,jardim sao joao,-13.549718,-42.488922,mapbox_geocoding,True
BA,2931053,Tanque Novo,Lagoa do Mato,lagoa do mato,-13.544608,-42.494638,mapbox_geocoding,True
BA,2931053,Tanque Novo,Nova Esperança,nova esperanca,-12.952399,-38.467826,mapbox_geocoding,True
BA,2931053,Tanque Novo,Olinda,olinda,-13.545218,-42.491649,mapbox_geocoding,True
BA,2931053,Tanque Novo,Pimentas,pimentas,-12.952399,-38.467826,mapbox_geocoding,True
BA,2931053,Tanque Novo,Rapadura,rapadura,-13.550211,-42.487058,mapbox_geocoding,True
BA,2931053,Tanque Novo,Riacho da Rapadura,riacho da rapadura,-13.552545,-42.487535,mapbox_geocoding,True
BA,2931053,Tanque Novo,Santos Dumont,santos dumont,-12.877339,-38.310406,mapbox_geocoding,True
BA,2931053,Tanque Novo,Tamboril,tamboril,-13.544608,-42.494638,mapbox_geocoding,True
BA,2931053,Tanque Novo,Tio João,tio joao,-13.549387,-42.487572,mapbox_geocoding,True
BA,2931053,Tanque Novo,Tio Juca,tio juca,-12.952399,-38.467826,mapbox_geocoding,True
BA,2931053,Tanque Novo,Vereda,vereda,-12.952399,-38.467826,mapbox_geocoding,True
BA,2931053,Tanque Novo,Vila Nova,vila nova,-12.266795,-39.20428,mapbox_geocoding,True
BA,2931053,Tanque Novo,Zeca Batista,zeca batista,-10.844756,-38.531419,mapbox_geocoding,True
BA,2931103,Tanquinho,Centro,centro,-11.97683239,-39.10578918,brasil_aberto_first_street,True
BA,2931202,Taperoá,Camurugi,camurugi,,,dne,True
BA,2931202,Taperoá,Centro,centro,-13.5372606,-39.0999617,brasil_aberto_first_street,True
BA,2931301,Tapiramutá,Almeida Sobrinho,almeida sobrinho,-11.850301,-40.791236,mapbox_geocoding,True
BA,2931301,Tapiramutá,Área Rural de Tapiramutá,area rural de tapiramuta,-11.847996,-40.791046,mapbox_geocoding,True
BA,2931301,Tapiramutá,Associação,associacao,-11.850301,-40.791236,mapbox_geocoding,True
BA,2931301,Tapiramutá,Bairro do Campo,bairro do campo,-11.85105,-40.785891,mapbox_geocoding,True
BA,2931301,Tapiramutá,Centro,centro,-11.846759,-40.794023,mapbox_geocoding,True
BA,2931301,Tapiramutá,Novo,novo,-11.846759,-40.794023,mapbox_geocoding,True
BA,2931301,Tapiramutá,Palmeiral,palmeiral,-11.85396,-40.786358,mapbox_geocoding,True
BA,2931301,Tapiramutá,Paraíso,paraiso,-16.247642,-39.014747,mapbox_geocoding,True
BA,2931301,Tapiramutá,Sol Nascente,sol nascente,-11.85396,-40.786358,mapbox_geocoding,True
BA,2931301,Tapiramutá,Volta Grande,volta grande,,,dne,True
BA,2931350,Teixeira de Freitas,Alto do Tancredo,alto do tancredo,-17.5485206,-39.7553454,brasil_aberto_first_street,True
BA,2931350,Teixeira de Freitas,Arco Verde,arco verde,-17.5526394,-39.7525416,brasil_aberto_first_street,True
BA,2931350,Teixeira de Freitas,Área Rural de Teixeira de Freitas,area rural de teixeira de freitas,-17.5400307,-39.7421813,brasil_aberto_first_street,True
BA,2931350,Teixeira de Freitas,Arutef,arutef,-17.5517717,-39.7595601,brasil_aberto_first_street,True
BA,2931350,Teixeira de Freitas,Bela Vista,bela vista,-17.543014,-39.7276701,brasil_aberto_first_street,True
BA,2931350,Teixeira de Freitas,Bom Jesus,bom jesus,-17.5296227,-39.7420662,brasil_aberto_first_street,True
BA,2931350,Teixeira de Freitas,Bonadiman,bonadiman,-17.5548658,-39.73391489999999,brasil_aberto_first_street,True
BA,2931350,Teixeira de Freitas,Cachoeira do Mato,cachoeira do mato,,,dne,True
BA,2931350,Teixeira de Freitas,Caminho do Mar,caminho do mar,-17.53141403,-39.71637726,brasil_aberto_first_street,True
BA,2931350,Teixeira de Freitas,Caminho do Mar II,caminho do mar ii,-17.53328514,-39.69835663,brasil_aberto_first_street,True
BA,2931350,Teixeira de Freitas,Castelinho,castelinho,-17.5397667,-39.709851,brasil_aberto_first_street,True
BA,2931350,Teixeira de Freitas,Centro,centro,-12.98564434,-38.46657181,brasil_aberto_first_street,True
BA,2931350,Teixeira de Freitas,Colina Verde,colina verde,-17.517955,-39.725392,mapbox_geocoding,True
BA,2931350,Teixeira de Freitas,Eixo Sul,eixo sul,-17.55641365,-39.7432251,brasil_aberto_first_street,True
BA,2931350,Teixeira de Freitas,Estância Biquine,estancia biquine,-17.52371979,-39.76829147,brasil_aberto_first_street,True
BA,2931350,Teixeira de Freitas,Irmã Dulce,irma dulce,-17.5377214,-39.7142245,brasil_aberto_first_street,True
BA,2931350,Teixeira de Freitas,Jardim Beira Rio,jardim beira rio,-17.53945,-39.7399687,brasil_aberto_first_street,True
BA,2931350,Teixeira de Freitas,Jardim Caraípe,jardim caraipe,-17.55291367,-39.74220657,brasil_aberto_first_street,True
BA,2931350,Teixeira de Freitas,Jardim Europa,jardim europa,-17.5331326,-39.7390196,brasil_aberto_first_street,True
BA,2931350,Teixeira de Freitas,Jardim Liberdade,jardim liberdade,-17.5315094,-39.76331711,brasil_aberto_first_street,True
BA,2931350,Teixeira de Freitas,Jardim Planalto,jardim planalto,-17.55152512,-39.72942734,brasil_aberto_first_street,True
BA,2931350,Teixeira de Freitas,Jerusalém,jerusalem,-17.54758072,-39.71447372,brasil_aberto_first_street,True
BA,2931350,Teixeira de Freitas,Kaikan,kaikan,-17.55641365,-39.7432251,brasil_aberto_first_street,True
BA,2931350,Teixeira de Freitas,Kaikan Sul,kaikan sul,-17.551194,-39.742692,brasil_aberto_first_street,True
BA,2931350,Teixeira de Freitas,Liberdade I,liberdade i,-17.547349,-39.75424,mapbox_geocoding,True
BA,2931350,Teixeira de Freitas,Liberdade II,liberdade ii,-17.56257629,-39.75296402,brasil_aberto_first_street,True
BA,2931350,Teixeira de Freitas,Luís Eduardo Magalhães,luis eduardo magalhaes,-17.5400307,-39.7421813,brasil_aberto_first_street,True
BA,2931350,Teixeira de Freitas,Mirante do Rio,mirante do rio,-17.51976776,-39.71112061,brasil_aberto_first_street,True
BA,2931350,Teixeira de Freitas,Monte Castelo,monte castelo,-17.5397892,-39.7208786,brasil_aberto_first_street,True
BA,2931350,Teixeira de Freitas,Nanuque,nanuque,-17.83312607,-40.36442184,brasil_aberto_first_street,True
BA,2931350,Teixeira de Freitas,Nova América,nova america,-17.53141403,-39.71637726,brasil_aberto_first_street,True
BA,2931350,Teixeira de Freitas,Nova Canaã,nova canaa,-17.5305928,-39.7668017,brasil_aberto_first_street,True
BA,2931350,Teixeira de Freitas,Nova Jerusalém,nova jerusalem,-17.55472755,-39.71406555,brasil_aberto_first_street,True
BA,2931350,Teixeira de Freitas,Nova Teixeira,nova teixeira,-17.53518486,-39.76042557,brasil_aberto_first_street,True
BA,2931350,Teixeira de Freitas,Novo Horizonte,novo horizonte,-17.5367686,-39.7348454,brasil_aberto_first_street,True
BA,2931350,Teixeira de Freitas,Ouro Verde,ouro verde,-17.5248661,-39.7572403,brasil_aberto_first_street,True
BA,2931350,Teixeira de Freitas,Paraíso,paraiso,-17.539984,-39.742123,mapbox_geocoding,True
BA,2931350,Teixeira de Freitas,Pólo Industrial,polo industrial,-17.5377214,-39.7142245,brasil_aberto_first_street,True
BA,2931350,Teixeira de Freitas,Portal Sul,portal sul,-17.557902,-39.7351433,brasil_aberto_first_street,True
BA,2931350,Teixeira de Freitas,Recanto do Lago,recanto do lago,-17.53207207,-39.73418427,brasil_aberto_first_street,True
BA,2931350,Teixeira de Freitas,Redenção,redencao,-17.53592873,-39.75702286,brasil_aberto_first_street,True
BA,2931350,Teixeira de Freitas,Residencial dos Pioneiros,residencial dos pioneiros,-17.5275543,-39.7569073,brasil_aberto_first_street,True
BA,2931350,Teixeira de Freitas,Residencial Terras da Bahia,residencial terras da bahia,-17.52062416,-39.78896332,brasil_aberto_first_street,True
BA,2931350,Teixeira de Freitas,Santa Rita,santa rita,-17.53141403,-39.71637726,brasil_aberto_first_street,True
BA,2931350,Teixeira de Freitas,Santa Rosa de Lima,santa rosa de lima,-17.5451911,-39.7383284,brasil_aberto_first_street,True
BA,2931350,Teixeira de Freitas,Santo Antônio,santo antonio,,,dne,True
BA,2931350,Teixeira de Freitas,São José,sao jose,-17.53141403,-39.71637726,brasil_aberto_first_street,True
BA,2931350,Teixeira de Freitas,São Lourenço,sao lourenco,-17.55261421,-39.74588776,brasil_aberto_first_street,True
BA,2931350,Teixeira de Freitas,Setor Bahia Sul,setor bahia sul,-17.5335699,-39.7184307,brasil_aberto_first_street,True
BA,2931350,Teixeira de Freitas,Tancredo Neves,tancredo neves,-17.54961777,-39.75608444,brasil_aberto_first_street,True
BA,2931350,Teixeira de Freitas,Teixeirinha,teixeirinha,-17.5335429,-39.7396006,brasil_aberto_first_street,True
BA,2931350,Teixeira de Freitas,Ulisses Guimarães,ulisses guimaraes,-17.5323167,-39.7679468,brasil_aberto_first_street,True
BA,2931350,Teixeira de Freitas,Universitário,universitario,-17.5564139,-39.7432244,brasil_aberto_first_street,True
BA,2931350,Teixeira de Freitas,Urbis I,urbis i,-17.5385663,-39.7205192,brasil_aberto_first_street,True
BA,2931350,Teixeira de Freitas,Urbis II,urbis ii,-17.5400307,-39.7421813,brasil_aberto_first_street,True
BA,2931350,Teixeira de Freitas,Urbis III,urbis iii,-17.5499579,-39.7388173,brasil_aberto_first_street,True
BA,2931350,Teixeira de Freitas,Vila Caraípe,vila caraipe,-17.55152512,-39.72942734,brasil_aberto_first_street,True
BA,2931350,Teixeira de Freitas,Vila Feliz,vila feliz,-17.5231064,-39.7051751,brasil_aberto_first_street,True
BA,2931350,Teixeira de Freitas,Vila Vargas,vila vargas,-17.53141403,-39.71637726,brasil_aberto_first_street,True
BA,2931350,Teixeira de Freitas,Vila Verde,vila verde,-17.5556088,-39.7300867,brasil_aberto_first_street,True
BA,2931350,Teixeira de Freitas,Wilson Guimarães Soares,wilson guimaraes soares,-17.5340759,-39.7402033,brasil_aberto_first_street,True
BA,2931400,Teodoro Sampaio,Buracica,buracica,,,dne,True
BA,2931400,Teodoro Sampaio,Centro,centro,-12.3055869,-38.6411057,brasil_aberto_first_street,True
BA,2931400,Teodoro Sampaio,Lustosa,lustosa,,,dne,True
BA,2931509,Teofilândia,Canto,canto,,,brasil_aberto,True
BA,2931509,Teofilândia,Centro,centro,-11.49081707,-39.00022507,brasil_aberto_first_street,True
BA,2931509,Teofilândia,Setor,setor,,,brasil_aberto,True
BA,2931608,Teolândia,Centro,centro,-13.6048147,-39.490311,brasil_aberto_first_street,True
BA,2931707,Terra Nova,Centro,centro,-13.85880661,-40.07553482,brasil_aberto_first_street,True
BA,2931707,Terra Nova,Jacu,jacu,-23.49362373,-46.4557724,brasil_aberto_first_street,True
BA,2931707,Terra Nova,Rio Fundo,rio fundo,-12.4541511,-38.61471299999999,brasil_aberto_first_street,True
BA,2931806,Tremedal,Centro,centro,-14.97549343,-41.41009903,brasil_aberto_first_street,True
BA,2931806,Tremedal,Lagoa Preta,lagoa preta,,,dne,True
BA,2931905,Tucano,Caldas do Jorro,caldas do jorro,-10.9588221,-38.789759,cep_aberto,True
BA,2931905,Tucano,Centro,centro,-12.98564434,-38.46657181,brasil_aberto_first_street,True
BA,2931905,Tucano,Greguenhem,greguenhem,,,brasil_aberto,True
BA,2931905,Tucano,Rua Nova,rua nova,,,brasil_aberto,True
BA,2931905,Tucano,Tracupa,tracupa,,,dne,True
BA,2932002,Uauá,Caldeirão,caldeirao,,,dne,True
BA,2932002,Uauá,Caldeirão do Almeida,caldeirao do almeida,,,brasil_aberto,True
BA,2932002,Uauá,Centro,centro,-9.842081199999999,-39.4892213,brasil_aberto_first_street,True
BA,2932002,Uauá,Serra da Canabrava,serra da canabrava,,,dne,True
BA,2932101,Ubaíra,Alto da Lagoinha,alto da lagoinha,-13.1143524,-39.5995468,brasil_aberto_first_street,True
BA,2932101,Ubaíra,Baixinha,baixinha,,,dne,True
BA,2932101,Ubaíra,Centro,centro,-13.2681466,-39.6605539,brasil_aberto_first_street,True
BA,2932101,Ubaíra,Engenheiro França,engenheiro franca,,,dne,True
BA,2932101,Ubaíra,Jacubá,jacuba,,,brasil_aberto,True
BA,2932101,Ubaíra,Três Braços,tres bracos,,,brasil_aberto,True
BA,2932101,Ubaíra,Volta do Rio,volta do rio,-10.966583,-38.779833,mapbox_geocoding,True
BA,2932101,Ubaíra,Zona Rural,zona rural,-13.111795,-39.60616,mapbox_geocoding,True
BA,2932200,Ubaitaba,Centro,centro,-14.3087645,-39.3225434,brasil_aberto_first_street,True
BA,2932200,Ubaitaba,Faisqueira,faisqueira,,,brasil_aberto,True
BA,2932200,Ubaitaba,Pirauna,pirauna,,,dne,True
BA,2932309,Ubatã,Centro,centro,-14.21327877,-39.5234108,brasil_aberto_first_street,True
BA,2932408,Uibaí,Boca D'Água,boca d agua,,,brasil_aberto,True
BA,2932408,Uibaí,Centro,centro,-11.3348553,-42.1310211,brasil_aberto_first_street,True
BA,2932408,Uibaí,Hidrolândia,hidrolandia,,,dne,True
BA,2932457,Umburanas,Centro,centro,-10.7317609,-41.3253885,brasil_aberto_first_street,True
BA,2932507,Una,Centro,centro,-15.29385185,-39.0738678,brasil_aberto_first_street,True
BA,2932507,Una,Colônia,colonia,,,brasil_aberto,True
BA,2932507,Una,Comandatuba,comandatuba,,,brasil_aberto,True
BA,2932507,Una,Pedras de Una,pedras de una,,,brasil_aberto,True
BA,2932507,Una,Vila Brasil,vila brasil,,,dne,True
BA,2932606,Urandi,Centro,centro,-14.7673765,-42.65884090000001,brasil_aberto_first_street,True
BA,2932705,Uruçuca,Centro,centro,-12.96275234,-39.26028824,brasil_aberto_first_street,True
BA,2932705,Uruçuca,Serra Grande (Uruçuca),serra grande urucuca,,,dne,True
BA,2932804,Utinga,Centro,centro,-14.7990616,-39.0338067,brasil_aberto_first_street,True
BA,2932804,Utinga,Riachão do Utinga,riachao do utinga,,,dne,True
BA,2932903,Valença,Centro,centro,-13.370017,-39.0720559,brasil_aberto_first_street,True
BA,2932903,Valença,Guaibim,guaibim,,,brasil_aberto,True
BA,2932903,Valença,Guerém,guerem,,,dne,True
BA,2932903,Valença,Maricoabo,maricoabo,,,dne,True
BA,2932903,Valença,Serra Grande,serra grande,,,dne,True
BA,2933000,Valente,Aeroporto,aeroporto,-11.412313,-39.462708,mapbox_geocoding,True
BA,2933000,Valente,Antônio Lopes,antonio lopes,-11.426134,-39.456327,mapbox_geocoding,True
BA,2933000,Valente,Área Rural de Valente,area rural de valente,-11.412313,-39.462708,mapbox_geocoding,True
BA,2933000,Valente,Bom Jardim,bom jardim,-11.412313,-39.462708,mapbox_geocoding,True
BA,2933000,Valente,Centro,centro,-16.497467,-39.069887,mapbox_geocoding,True
BA,2933000,Valente,Cidade Futuro,cidade futuro,-14.903421,-40.815521,mapbox_geocoding,True
BA,2933000,Valente,Cidade Nova,cidade nova,-11.409278,-39.466486,mapbox_geocoding,True
BA,2933000,Valente,Dionísio Mota,dionisio mota,-11.412313,-39.462708,mapbox_geocoding,True
BA,2933000,Valente,Fonte Nova,fonte nova,-11.412772,-39.470845,mapbox_geocoding,True
BA,2933000,Valente,Hermírio Simões,hermirio simoes,-10.59736,-38.212033,mapbox_geocoding,True
BA,2933000,Valente,José Moreira,jose moreira,-11.4059,-39.466198,mapbox_geocoding,True
BA,2933000,Valente,Juazeiro,juazeiro,-11.412772,-39.470845,mapbox_geocoding,True
BA,2933000,Valente,Liberdade,liberdade,-11.412772,-39.470845,mapbox_geocoding,True
BA,2933000,Valente,Minação,minacao,-11.422013,-39.46073,mapbox_geocoding,True
BA,2933000,Valente,Petrolina,petrolina,-11.419754,-39.473979,mapbox_geocoding,True
BA,2933000,Valente,Piana,piana,-10.730778,-41.324372,mapbox_geocoding,True
BA,2933000,Valente,Santa Cruz,santa cruz,-11.426134,-39.456327,mapbox_geocoding,True
BA,2933000,Valente,Valilândia,valilandia,,,dne,True
BA,2933059,Várzea da Roça,Adernival Almeida,adernival almeida,-11.613665,-40.134304,mapbox_geocoding,True
BA,2933059,Várzea da Roça,Alto da Colina,alto da colina,-11.613665,-40.134304,mapbox_geocoding,True
BA,2933059,Várzea da Roça,Área Rural de Várzea da Roça,area rural de varzea da roca,-11.587766,-40.250701,mapbox_geocoding,True
BA,2933059,Várzea da Roça,Campo de São João,campo de sao joao,,,brasil_aberto,True
BA,2933059,Várzea da Roça,Centro,centro,-11.523014,-40.027172,mapbox_geocoding,True
BA,2933059,Várzea da Roça,Joaquim Dias,joaquim dias,-11.605809,-40.140659,mapbox_geocoding,True
BA,2933059,Várzea da Roça,José Sena Cerqueira,jose sena cerqueira,-11.523014,-40.027172,mapbox_geocoding,True
BA,2933059,Várzea da Roça,Morada Nova,morada nova,-11.60289,-40.140492,mapbox_geocoding,True
BA,2933059,Várzea da Roça,Novo Horizonte,novo horizonte,-11.609383,-40.13654,mapbox_geocoding,True
BA,2933059,Várzea da Roça,Várzea do Meio,varzea do meio,-11.609383,-40.13654,mapbox_geocoding,True
BA,2933109,Várzea do Poço,Centro,centro,-11.528573,-40.3193897,brasil_aberto_first_street,True
BA,2933158,Várzea Nova,Centro,centro,-11.25564098,-40.94288635,brasil_aberto_first_street,True
BA,2933174,Varzedo,Centro,centro,-12.9675066,-39.2654576,brasil_aberto_first_street,True
BA,2933174,Varzedo,Taboleiro do Castro,taboleiro do castro,,,dne,True
BA,2933208,Vera Cruz,Aratuba,aratuba,-13.051137,-38.706048,mapbox_geocoding,True
BA,2933208,Vera Cruz,Baiacu,baiacu,,,brasil_aberto,True
BA,2933208,Vera Cruz,Barra do Gil,barra do gil,-12.9942751,-38.6359348,brasil_aberto_first_street,True
BA,2933208,Vera Cruz,Barra Grande,barra grande,-3.72342801,-38.50465012,brasil_aberto_first_street,True
BA,2933208,Vera Cruz,Cacha Pregos,cacha pregos,-13.12133694,-38.79338074,brasil_aberto_first_street,True
BA,2933208,Vera Cruz,Centro,centro,-12.9601643,-38.6126231,brasil_aberto_first_street,True
BA,2933208,Vera Cruz,Gamboa,gamboa,-12.9744205,-38.6216078,brasil_aberto_first_street,True
BA,2933208,Vera Cruz,Gameleira,gameleira,-12.93377018,-38.61793137,brasil_aberto_first_street,True
BA,2933208,Vera Cruz,Jiribatuba,jiribatuba,-13.06097317,-38.79697037,brasil_aberto_first_street,True
BA,2933208,Vera Cruz,Mar Grande,mar grande,,,dne,True
BA,2933257,Vereda,Centro,centro,-17.22115898,-40.08469009,brasil_aberto_first_street,True
BA,2933257,Vereda,São José do Prado,sao jose do prado,,,dne,True
BA,2933307,Vitória da Conquista,Abelhas,abelhas,,,dne,True
BA,2933307,Vitória da Conquista,Alto Maron,alto maron,-14.84807205,-40.82939148,brasil_aberto_first_street,True
BA,2933307,Vitória da Conquista,Área Rural de Vitória da Conquista,area rural de vitoria da conquista,-14.8577988,-40.8400759,brasil_aberto_first_street,True
BA,2933307,Vitória da Conquista,Ayrton Senna,ayrton senna,-14.8941522,-40.8641042,brasil_aberto_first_street,True
BA,2933307,Vitória da Conquista,Bate Pé,bate pe,,,dne,True
BA,2933307,Vitória da Conquista,Bateias,bateias,-14.85348701,-40.86330032,brasil_aberto_first_street,True
BA,2933307,Vitória da Conquista,Boa Vista,boa vista,-14.9005336,-40.84437930000001,brasil_aberto_first_street,True
BA,2933307,Vitória da Conquista,Brasil,brasil,-14.8566297,-40.8549334,brasil_aberto_first_street,True
BA,2933307,Vitória da Conquista,Cabeceira do Jibóia,cabeceira do jiboia,,,dne,True
BA,2933307,Vitória da Conquista,Caiçara,caicara,,,dne,True
BA,2933307,Vitória da Conquista,Campinhos,campinhos,-14.84929943,-40.88420486,brasil_aberto_first_street,True
BA,2933307,Vitória da Conquista,Candeias,candeias,-14.8643266,-40.828298,brasil_aberto_first_street,True
BA,2933307,Vitória da Conquista,Centro,centro,-14.8521846,-40.8407352,brasil_aberto_first_street,True
BA,2933307,Vitória da Conquista,Cercadinho,cercadinho,,,dne,True
BA,2933307,Vitória da Conquista,Cruzeiro,cruzeiro,-14.83939266,-40.83142853,brasil_aberto_first_street,True
BA,2933307,Vitória da Conquista,Dantelândia,dantelandia,,,dne,True
BA,2933307,Vitória da Conquista,Distrito de Iguá,distrito de igua,-14.948222,-40.946933,mapbox_geocoding,True
BA,2933307,Vitória da Conquista,Distrito Industrial,distrito industrial,-14.8990386,-40.8462433,brasil_aberto_first_street,True
BA,2933307,Vitória da Conquista,Espírito Santo,espirito santo,-14.9122198,-40.8289409,brasil_aberto_first_street,True
BA,2933307,Vitória da Conquista,Felícia,felicia,-14.89903831,-40.84624481,brasil_aberto_first_street,True
BA,2933307,Vitória da Conquista,Guarani,guarani,-14.8369359,-40.8387299,brasil_aberto_first_street,True
BA,2933307,Vitória da Conquista,Ibirapuera,ibirapuera,-14.84339142,-40.84698868,brasil_aberto_first_street,True
BA,2933307,Vitória da Conquista,Iguá,igua,,,dne,True
BA,2933307,Vitória da Conquista,Inhobim,inhobim,-15.27229691,-40.95238876,brasil_aberto_first_street,True
BA,2933307,Vitória da Conquista,Itaipu,itaipu,,,dne,True
BA,2933307,Vitória da Conquista,Itapirema,itapirema,,,dne,True
BA,2933307,Vitória da Conquista,Jatobá,jatoba,-14.8939451,-40.8774054,brasil_aberto_first_street,True
BA,2933307,Vitória da Conquista,José Gonçalves,jose goncalves,,,dne,True
BA,2933307,Vitória da Conquista,Jurema,jurema,-14.86817455,-40.84826279,brasil_aberto_first_street,True
BA,2933307,Vitória da Conquista,Lagoa das Flores,lagoa das flores,-14.805404,-40.8092464,brasil_aberto_first_street,True
BA,2933307,Vitória da Conquista,Lagoa de Melquíades,lagoa de melquiades,,,dne,True
BA,2933307,Vitória da Conquista,Lagoa José Luís,lagoa jose luis,,,dne,True
BA,2933307,Vitória da Conquista,Matinha,matinha,,,dne,True
BA,2933307,Vitória da Conquista,Nossa Senhora Aparecida,nossa senhora aparecida,-14.83462811,-40.84697342,brasil_aberto_first_street,True
BA,2933307,Vitória da Conquista,Patagônia,patagonia,-14.8990386,-40.8462433,brasil_aberto_first_street,True
BA,2933307,Vitória da Conquista,Pradoso,pradoso,,,dne,True
BA,2933307,Vitória da Conquista,Primavera,primavera,-14.8541738,-40.8187184,brasil_aberto_first_street,True
BA,2933307,Vitória da Conquista,Recreio,recreio,-14.8688431,-40.839049,brasil_aberto_first_street,True
BA,2933307,Vitória da Conquista,São João da Vitória,sao joao da vitoria,-15.1094014,-41.0828616,brasil_aberto_first_street,True
BA,2933307,Vitória da Conquista,São Pedro,sao pedro,-14.8474467,-40.8932745,brasil_aberto_first_street,True
BA,2933307,Vitória da Conquista,São Sebastião,sao sebastiao,,,dne,True
BA,2933307,Vitória da Conquista,Universidade,universidade,-14.851347,-40.83974,mapbox_geocoding,True
BA,2933307,Vitória da Conquista,Veredinha,veredinha,,,dne,True
BA,2933307,Vitória da Conquista,Zabelê,zabele,-14.8423707,-40.864502,brasil_aberto_first_street,True
BA,2933406,Wagner,Alto da Estrela,alto da estrela,-12.284796,-38.954477,mapbox_geocoding,True
BA,2933406,Wagner,Área Rural de Wagner,area rural de wagner,-12.282671,-41.165943,mapbox_geocoding,True
BA,2933406,Wagner,Bule,bule,-12.278269,-41.166171,mapbox_geocoding,True
BA,2933406,Wagner,Centro,centro,-12.278269,-41.166171,mapbox_geocoding,True
BA,2933406,Wagner,Colégio,colegio,-12.28746,-41.163822,mapbox_geocoding,True
BA,2933406,Wagner,Egito,egito,-12.285237,-41.16783,mapbox_geocoding,True
BA,2933406,Wagner,Joaquim Mariano,joaquim mariano,-12.132443,-41.130479,mapbox_geocoding,True
BA,2933406,Wagner,Norte/Sul,norte sul,-16.384217,-39.040026,mapbox_geocoding,True
BA,2933406,Wagner,Renovação,renovacao,-12.278783,-41.17153,mapbox_geocoding,True
BA,2933406,Wagner,Vivenda dos Pássaros,vivenda dos passaros,-12.282671,-41.165943,mapbox_geocoding,True
BA,2933406,Wagner,Zeca Pereira,zeca pereira,-12.132443,-41.130479,mapbox_geocoding,True
BA,2933455,Wanderley,Alto Paraíso,alto paraiso,-12.118002,-43.889754,mapbox_geocoding,True
BA,2933455,Wanderley,Área Rural de Wanderley,area rural de wanderley,-12.121496,-43.888927,mapbox_geocoding,True
BA,2933455,Wanderley,Bela Vista,bela vista,-12.123189,-43.887815,mapbox_geocoding,True
BA,2933455,Wanderley,Centro,centro,-12.121966,-43.888584,mapbox_geocoding,True
BA,2933455,Wanderley,Vila Maria,vila maria,-12.121966,-43.888584,mapbox_geocoding,True
BA,2933455,Wanderley,Vila São João,vila sao joao,-12.123791,-43.892121,mapbox_geocoding,True
BA,2933505,Wenceslau Guimarães,Centro,centro,-13.68618393,-39.47799683,brasil_aberto_first_street,True
BA,2933604,Xique-Xique,Área Rural de Xique-Xique,area rural de xique xique,-10.824466,-42.728302,mapbox_geocoding,True
BA,2933604,Xique-Xique,Bairro da Paz,bairro da paz,-10.835089,-42.726117,mapbox_geocoding,True
BA,2933604,Xique-Xique,Centro,centro,-10.820312,-42.720083,mapbox_geocoding,True
BA,2933604,Xique-Xique,Conjunto Habitacional Raul Teixeira Braga,conjunto habitacional raul teixeira braga,-10.833444,-42.720257,mapbox_geocoding,True
BA,2933604,Xique-Xique,Copixaba,copixaba,,,dne,True
BA,2933604,Xique-Xique,Guaxinim,guaxinim,-10.820312,-42.720083,mapbox_geocoding,True
BA,2933604,Xique-Xique,Iguira,iguira,,,dne,True
BA,2933604,Xique-Xique,Paramelos,paramelos,-10.826692,-42.73353,mapbox_geocoding,True
BA,2933604,Xique-Xique,Pedrinhas,pedrinhas,-10.820312,-42.720083,mapbox_geocoding,True
BA,2933604,Xique-Xique,Polivalente,polivalente,-10.827105,-42.722084,mapbox_geocoding,True
BA,2933604,Xique-Xique,Ponta da Ilha,ponta da ilha,-10.81967,-42.731809,mapbox_geocoding,True
BA,2933604,Xique-Xique,Santa Marta,santa marta,-10.820312,-42.720083,mapbox_geocoding,True
BA,2933604,Xique-Xique,São Francisco,sao francisco,-10.820312,-42.720083,mapbox_geocoding,True
BA,2933604,Xique-Xique,Senhor do Bonfim,senhor do bonfim,-10.828715,-42.71996,mapbox_geocoding,True
BA,2933604,Xique-Xique,Zona Comercial,zona comercial,-10.81967,-42.731809,mapbox_geocoding,True
BA,2933604,Xique-Xique,Zona Hospital Julieta Viana,zona hospital julieta viana,-10.824466,-42.728302,mapbox_geocoding,True
