Uf,CityIbgeCode,City,Neighborhood,NormalizedName,Latitude,Longitude,Source,IsActive
MT,5100102,Acorizal,Aldeia,aldeia,,,brasil_aberto,True
MT,5100102,Acorizal,Baús,baus,,,dne,True
MT,5100102,Acorizal,Centro,centro,-15.20003,-56.365617,mapbox_geocoding,True
MT,5100102,Acorizal,Engenho,engenho,,,dne,True
MT,5100201,Água Boa,Centro,centro,-14.0488415,-52.1582087,brasil_aberto_first_street,True
MT,5100201,Água Boa,Jaragua,jaragua,-14.1751873,-52.70241120000001,brasil_aberto_first_street,True
MT,5100201,Água Boa,Serrinha,serrinha,-13.8720842,-52.7563708,brasil_aberto_first_street,True
MT,5100250,Alta Floresta,Centro,centro,-9.8792122,-56.0868045,brasil_aberto_first_street,True
MT,5100250,Alta Floresta,Cidade Alta,cidade alta,-9.8792122,-56.0868045,brasil_aberto_first_street,True
MT,5100250,Alta Floresta,Novo Cruzeiro,novo cruzeiro,,,brasil_aberto,True
MT,5100250,Alta Floresta,São José do Apuí,sao jose do apui,,,brasil_aberto,True
MT,5100250,Alta Floresta,Vila Mutum,vila mutum,,,dne,True
MT,5100300,Alto Araguaia,Buriti,buriti,,,dne,True
MT,5100300,Alto Araguaia,Centro,centro,-17.3164035,-53.2134773,brasil_aberto_first_street,True
MT,5100359,Alto Boa Vista,Centro,centro,-11.6723148,-51.3792904,brasil_aberto_first_street,True
MT,5100409,Alto Garças,Centro,centro,-16.9430516,-53.5312309,brasil_aberto_first_street,True
MT,5100508,Alto Paraguai,Campos Novos,campos novos,,,dne,True
MT,5100508,Alto Paraguai,Capão Verde,capao verde,,,dne,True
MT,5100508,Alto Paraguai,Centro,centro,-14.9294608,-56.8441304,brasil_aberto_first_street,True
MT,5100508,Alto Paraguai,Lavouras,lavouras,,,dne,True
MT,5100508,Alto Paraguai,Tira Sentido,tira sentido,,,brasil_aberto,True
MT,5100607,Alto Taquari,Centro,centro,-17.8301967,-53.2837957,brasil_aberto_first_street,True
MT,5100805,Apiacás,Centro,centro,-9.5618511,-57.3892688,brasil_aberto_first_street,True
MT,5101001,Araguaiana,Centro,centro,-15.7219655,-51.8357156,brasil_aberto_first_street,True
MT,5101209,Araguainha,Centro,centro,-16.8586044,-53.0334584,brasil_aberto_first_street,True
MT,5101258,Araputanga,Centro,centro,-15.4701261,-58.3482096,brasil_aberto_first_street,True
MT,5101308,Arenápolis,Centro,centro,-16.0704947,-57.6864138,brasil_aberto_first_street,True
MT,5101407,Aripuanã,Centro,centro,-10.1762623,-59.45332630000001,brasil_aberto_first_street,True
MT,5101407,Aripuanã,Cidade Morena,cidade morena,,,dne,True
MT,5101407,Aripuanã,Conselvan,conselvan,-9.927987,-59.91637549999999,brasil_aberto_first_street,True
MT,5101605,Barão de Melgaço,Centro,centro,-16.4741542,-54.6295387,brasil_aberto_first_street,True
MT,5101605,Barão de Melgaço,Joselândia,joselandia,,,dne,True
MT,5101704,Barra do Bugres,Assari,assari,,,dne,True
MT,5101704,Barra do Bugres,Centro,centro,-15.068166,-57.1798095,brasil_aberto_first_street,True
MT,5101704,Barra do Bugres,Nova Fernandopolis,nova fernandopolis,,,brasil_aberto,True
MT,5101704,Barra do Bugres,Tapirapua,tapirapua,,,dne,True
MT,5101803,Barra do Garças,Alto da Boa Vista,alto da boa vista,-15.8854673,-52.2622574,brasil_aberto_first_street,True
MT,5101803,Barra do Garças,Anchieta,anchieta,-15.8765038,-52.2360824,brasil_aberto_first_street,True
MT,5101803,Barra do Garças,Área Rural de Barra do Garças,area rural de barra do garcas,-15.8916202,-52.2618826,brasil_aberto_first_street,True
MT,5101803,Barra do Garças,Bela Vista,bela vista,-15.8830909,-52.2646424,brasil_aberto_first_street,True
MT,5101803,Barra do Garças,Campinas,campinas,-15.8878626,-52.2674893,brasil_aberto_first_street,True
MT,5101803,Barra do Garças,Centro,centro,-15.896356,-52.260118,brasil_aberto_first_street,True
MT,5101803,Barra do Garças,Condomínio Parque da Serra,condominio parque da serra,-15.8756837,-52.2276131,brasil_aberto_first_street,True
MT,5101803,Barra do Garças,Condomínio Parque das Flores,condominio parque das flores,-15.89238,-52.260693,mapbox_geocoding,True
MT,5101803,Barra do Garças,Conjunto Habitacional Araguaia,conjunto habitacional araguaia,-15.8916202,-52.2618826,brasil_aberto_first_street,True
MT,5101803,Barra do Garças,Conjunto Habitacional Jardim Amazônia,conjunto habitacional jardim amazonia,-15.8769378,-52.236959,brasil_aberto_first_street,True
MT,5101803,Barra do Garças,Conjunto Habitacional Piracema,conjunto habitacional piracema,-15.8813486,-52.2871542,brasil_aberto_first_street,True
MT,5101803,Barra do Garças,Distrito Industrial,distrito industrial,-15.8819105,-52.2306597,brasil_aberto_first_street,True
MT,5101803,Barra do Garças,Indianápolis,indianapolis,,,dne,True
MT,5101803,Barra do Garças,Jardim Araguaia,jardim araguaia,-15.8897489,-52.2734909,brasil_aberto_first_street,True
MT,5101803,Barra do Garças,Jardim Bela Vista,jardim bela vista,,,brasil_aberto,True
MT,5101803,Barra do Garças,Jardim das Garças,jardim das garcas,-15.896356,-52.260118,brasil_aberto_first_street,True
MT,5101803,Barra do Garças,Jardim das Mangueiras,jardim das mangueiras,-15.8831397,-52.2506403,brasil_aberto_first_street,True
MT,5101803,Barra do Garças,Jardim Domingos Mariano,jardim domingos mariano,-15.87411,-52.2165717,brasil_aberto_first_street,True
MT,5101803,Barra do Garças,Jardim Floresta I,jardim floresta i,-15.8872098,-52.2621024,brasil_aberto_first_street,True
MT,5101803,Barra do Garças,Jardim Maria Lúcia,jardim maria lucia,-15.8869458,-52.2572846,brasil_aberto_first_street,True
MT,5101803,Barra do Garças,Jardim Moema,jardim moema,-15.8882444,-52.2515054,brasil_aberto_first_street,True
MT,5101803,Barra do Garças,Jardim Morada do Sol,jardim morada do sol,-15.880275,-52.2285414,brasil_aberto_first_street,True
MT,5101803,Barra do Garças,Jardim Nova Barra do Garças,jardim nova barra do garcas,-15.8816681,-52.3294539,brasil_aberto_first_street,True
MT,5101803,Barra do Garças,Jardim Ouro Fino,jardim ouro fino,-15.8838229,-52.2915673,brasil_aberto_first_street,True
MT,5101803,Barra do Garças,Jardim Ouro Fino II,jardim ouro fino ii,-15.88528,-52.2893159,brasil_aberto_first_street,True
MT,5101803,Barra do Garças,Jardim Palmares,jardim palmares,-15.8676955,-52.3195669,brasil_aberto_first_street,True
MT,5101803,Barra do Garças,Jardim Paraíso,jardim paraiso,-15.8788796,-52.2408063,brasil_aberto_first_street,True
MT,5101803,Barra do Garças,Jardim Petrópolis,jardim petropolis,-15.8753859,-52.2238916,brasil_aberto_first_street,True
MT,5101803,Barra do Garças,Jardim Pitaluga,jardim pitaluga,-15.8719628,-52.2700685,brasil_aberto_first_street,True
MT,5101803,Barra do Garças,Jardim Rainha de Fátima,jardim rainha de fatima,-15.8916202,-52.2618826,brasil_aberto_first_street,True
MT,5101803,Barra do Garças,Jardim Rodrigues,jardim rodrigues,-15.8767112,-52.269008,brasil_aberto_first_street,True
MT,5101803,Barra do Garças,Jardim São João,jardim sao joao,-15.897433,-52.2779755,brasil_aberto_first_street,True
MT,5101803,Barra do Garças,Jardim Serra Azul,jardim serra azul,-15.8824711,-52.2227276,brasil_aberto_first_street,True
MT,5101803,Barra do Garças,Jardim Toledo,jardim toledo,-15.9005724,-52.2835511,brasil_aberto_first_street,True
MT,5101803,Barra do Garças,Loteamento Alto da Boa Vista,loteamento alto da boa vista,,,brasil_aberto,True
MT,5101803,Barra do Garças,Loteamento BR-070,loteamento br 070,-15.8781184,-52.2989529,brasil_aberto_first_street,True
MT,5101803,Barra do Garças,Loteamento Cidade Universitária,loteamento cidade universitaria,-15.9007262,-52.3050032,brasil_aberto_first_street,True
MT,5101803,Barra do Garças,Loteamento Floresta,loteamento floresta,-15.8854673,-52.2622574,brasil_aberto_first_street,True
MT,5101803,Barra do Garças,Loteamento Jardim Amazônia I,loteamento jardim amazonia i,-15.883112,-52.241423,mapbox_geocoding,True
MT,5101803,Barra do Garças,Loteamento Jardim Amazônia II,loteamento jardim amazonia ii,-15.8784028,-52.2495448,brasil_aberto_first_street,True
MT,5101803,Barra do Garças,Loteamento Jardim Cuiabá,loteamento jardim cuiaba,-15.8830909,-52.2646424,brasil_aberto_first_street,True
MT,5101803,Barra do Garças,Loteamento Jardim São Sebastião,loteamento jardim sao sebastiao,-15.8938311,-52.2725288,brasil_aberto_first_street,True
MT,5101803,Barra do Garças,Loteamento Jardim São Sebastião II,loteamento jardim sao sebastiao ii,-15.8679338,-52.2751548,brasil_aberto_first_street,True
MT,5101803,Barra do Garças,Loteamento João XXIII,loteamento joao xxiii,-15.8829844,-52.255449,brasil_aberto_first_street,True
MT,5101803,Barra do Garças,Loteamento Lacerda,loteamento lacerda,-15.8767112,-52.269008,brasil_aberto_first_street,True
MT,5101803,Barra do Garças,Loteamento Park Águas Quentes,loteamento park aguas quentes,-15.879822,-52.241871,mapbox_geocoding,True
MT,5101803,Barra do Garças,Loteamento Remanescente I,loteamento remanescente i,-15.8916202,-52.2618826,brasil_aberto_first_street,True
MT,5101803,Barra do Garças,Loteamento Residencial Cidade Jardim,loteamento residencial cidade jardim,-15.8896503,-52.3316788,brasil_aberto_first_street,True
MT,5101803,Barra do Garças,Loteamento Residencial Tambury,loteamento residencial tambury,-15.8866073,-52.2953594,brasil_aberto_first_street,True
MT,5101803,Barra do Garças,Loteamento Roncador,loteamento roncador,-15.8762094,-52.22304399999999,brasil_aberto_first_street,True
MT,5101803,Barra do Garças,Loteamento São Benedito,loteamento sao benedito,-15.89884,-52.2636082,brasil_aberto_first_street,True
MT,5101803,Barra do Garças,Loteamento Sena Marques,loteamento sena marques,-15.897433,-52.2779755,brasil_aberto_first_street,True
MT,5101803,Barra do Garças,Loteamento Serra Dourada,loteamento serra dourada,-15.8781184,-52.2989529,brasil_aberto_first_street,True
MT,5101803,Barra do Garças,Loteamento Solar Ville,loteamento solar ville,-15.8980294,-52.2572374,brasil_aberto_first_street,True
MT,5101803,Barra do Garças,Loteamento União,loteamento uniao,-15.8767112,-52.269008,brasil_aberto_first_street,True
MT,5101803,Barra do Garças,Loteamento Vista Alegre,loteamento vista alegre,-15.8901845,-52.2665581,brasil_aberto_first_street,True
MT,5101803,Barra do Garças,Loteamento Vista Alegre II,loteamento vista alegre ii,-15.8830909,-52.2646424,brasil_aberto_first_street,True
MT,5101803,Barra do Garças,Loteamento Zeca Ribeiro,loteamento zeca ribeiro,-15.9016427,-52.3173532,brasil_aberto_first_street,True
MT,5101803,Barra do Garças,Madre Marta,madre marta,-15.8894008,-52.2590487,brasil_aberto_first_street,True
MT,5101803,Barra do Garças,Recanto das Acácias,recanto das acacias,-15.8755421,-52.2232633,brasil_aberto_first_street,True
MT,5101803,Barra do Garças,Residencial Carvalho,residencial carvalho,-15.89238,-52.260693,mapbox_geocoding,True
MT,5101803,Barra do Garças,Residencial Jardim dos Ipês,residencial jardim dos ipes,-15.8904823,-52.3157402,brasil_aberto_first_street,True
MT,5101803,Barra do Garças,Residencial Jardim Nova Canaã,residencial jardim nova canaa,-15.8816681,-52.3294539,brasil_aberto_first_street,True
MT,5101803,Barra do Garças,Residencial Monte Sinai,residencial monte sinai,-15.8702576,-52.2725241,brasil_aberto_first_street,True
MT,5101803,Barra do Garças,Residencial Peixinho,residencial peixinho,-15.868944,-52.279604,mapbox_geocoding,True
MT,5101803,Barra do Garças,Residencial São Conrado,residencial sao conrado,-15.9012671,-52.2819552,brasil_aberto_first_street,True
MT,5101803,Barra do Garças,Residencial Serra Alta,residencial serra alta,-15.8813778,-52.2882001,brasil_aberto_first_street,True
MT,5101803,Barra do Garças,Residencial Wilmar Peres de Farias,residencial wilmar peres de farias,-15.8899789,-52.3126294,brasil_aberto_first_street,True
MT,5101803,Barra do Garças,Santa Rosa,santa rosa,-15.8869458,-52.2572846,brasil_aberto_first_street,True
MT,5101803,Barra do Garças,Santo Antônio,santo antonio,-15.877307,-52.2688824,brasil_aberto_first_street,True
MT,5101803,Barra do Garças,Setor Cidade Velha,setor cidade velha,-15.8869458,-52.2572846,brasil_aberto_first_street,True
MT,5101803,Barra do Garças,Setor Cristino Cortês,setor cristino cortes,-15.8925333,-52.2835099,brasil_aberto_first_street,True
MT,5101803,Barra do Garças,Setor Sul I,setor sul i,-15.896356,-52.260118,brasil_aberto_first_street,True
MT,5101803,Barra do Garças,Setor Sul II,setor sul ii,-15.896356,-52.260118,brasil_aberto_first_street,True
MT,5101803,Barra do Garças,Sítios de Recreio Águas Quentes,sitios de recreio aguas quentes,-15.341591,-52.159354,mapbox_geocoding,True
MT,5101803,Barra do Garças,Toricueyje,toricueyje,,,dne,True
MT,5101803,Barra do Garças,Vale dos Sonhos,vale dos sonhos,,,dne,True
MT,5101803,Barra do Garças,Vila Manoel Camerino,vila manoel camerino,-15.8830909,-52.2646424,brasil_aberto_first_street,True
MT,5101803,Barra do Garças,Vila Maria Gomes dos Santos,vila maria gomes dos santos,-15.8896503,-52.3316788,brasil_aberto_first_street,True
MT,5101803,Barra do Garças,Vila Serrinha,vila serrinha,-15.8767112,-52.269008,brasil_aberto_first_street,True
MT,5101803,Barra do Garças,Vila Varjão,vila varjao,-15.8699361,-52.2770823,brasil_aberto_first_street,True
MT,5101837,Boa Esperança do Norte,Área Rural de Boa Esperança do Norte,area rural de boa esperanca do norte,-15.601222,-56.088413,mapbox_geocoding,True
MT,5101837,Boa Esperança do Norte,Boa Esperança do Norte,boa esperanca do norte,-24.241003,-52.787551,mapbox_geocoding,True
MT,5101837,Boa Esperança do Norte,Centro,centro,-16.46083,-54.672423,mapbox_geocoding,True
MT,5101837,Boa Esperança do Norte,Parque Água Limpa,parque agua limpa,,,dne,True
MT,5101837,Boa Esperança do Norte,Piratininga,piratininga,,,dne,True
MT,5101852,Bom Jesus do Araguaia,Campinas do Araguaia,campinas do araguaia,,,dne,True
MT,5101852,Bom Jesus do Araguaia,Campinas Verde,campinas verde,,,dne,True
MT,5101852,Bom Jesus do Araguaia,Centro,centro,-12.1728187,-51.5057422,brasil_aberto_first_street,True
MT,5101852,Bom Jesus do Araguaia,Parque das Américas,parque das americas,-12.17273,-51.505814,mapbox_geocoding,True
MT,5101902,Brasnorte,Água da Prata,agua da prata,,,dne,True
MT,5101902,Brasnorte,Centro,centro,-12.1231068,-58.0006723,brasil_aberto_first_street,True
MT,5101902,Brasnorte,Terra Indígena Enawenê-Nawê,terra indigena enawene nawe,,,dne,True
MT,5102504,Cáceres,Aparecida,aparecida,,,brasil_aberto,True
MT,5102504,Cáceres,Área Rural de Cáceres,area rural de caceres,-16.0664933,-57.6845017,brasil_aberto_first_street,True
MT,5102504,Cáceres,Aroldo Fanaia,aroldo fanaia,-16.0884083,-57.6684914,brasil_aberto_first_street,True
MT,5102504,Cáceres,Betel,betel,-16.0810567,-57.685678,brasil_aberto_first_street,True
MT,5102504,Cáceres,Bezerro Branco,bezerro branco,,,dne,True
MT,5102504,Cáceres,Caramujo,caramujo,,,dne,True
MT,5102504,Cáceres,Cavalhada I,cavalhada i,-16.0689423,-57.6751689,brasil_aberto_first_street,True
MT,5102504,Cáceres,Cavalhada II,cavalhada ii,-16.0649725,-57.6801249,brasil_aberto_first_street,True
MT,5102504,Cáceres,Cavalhada III,cavalhada iii,-16.0582835,-57.671517,brasil_aberto_first_street,True
MT,5102504,Cáceres,Centro,centro,-16.0661533,-57.6898168,brasil_aberto_first_street,True
MT,5102504,Cáceres,Cidade Alta,cidade alta,-16.0691327,-57.67746,brasil_aberto_first_street,True
MT,5102504,Cáceres,Cidade Nova,cidade nova,-16.1002674,-57.6800512,brasil_aberto_first_street,True
MT,5102504,Cáceres,Cohab Nova,cohab nova,-16.0481685,-57.6555979,brasil_aberto_first_street,True
MT,5102504,Cáceres,Cohab Velha,cohab velha,-16.0719881,-57.6812242,brasil_aberto_first_street,True
MT,5102504,Cáceres,Distrito Industrial,distrito industrial,-16.1090354,-57.6913534,brasil_aberto_first_street,True
MT,5102504,Cáceres,DNER,dner,-16.0768864,-57.669256,brasil_aberto_first_street,True
MT,5102504,Cáceres,Espírito Santo,espirito santo,-16.0873856,-57.6754995,brasil_aberto_first_street,True
MT,5102504,Cáceres,Garçês,garces,-16.1002258,-57.7067103,brasil_aberto_first_street,True
MT,5102504,Cáceres,Getúlio Vargas,getulio vargas,,,brasil_aberto,True
MT,5102504,Cáceres,Horizonte do Oeste,horizonte do oeste,,,dne,True
MT,5102504,Cáceres,Jardim Aeroporto,jardim aeroporto,-16.0412708,-57.63739210000001,brasil_aberto_first_street,True
MT,5102504,Cáceres,Jardim Celeste,jardim celeste,-16.0837829,-57.6744902,brasil_aberto_first_street,True
MT,5102504,Cáceres,Jardim das Oliveiras,jardim das oliveiras,-16.045951,-57.650947,brasil_aberto_first_street,True
MT,5102504,Cáceres,Jardim do Trevo,jardim do trevo,-16.0923422,-57.6740483,brasil_aberto_first_street,True
MT,5102504,Cáceres,Jardim Guanabara,jardim guanabara,-16.0910834,-57.669807,brasil_aberto_first_street,True
MT,5102504,Cáceres,Jardim Imperial,jardim imperial,-16.0998081,-57.7053999,brasil_aberto_first_street,True
MT,5102504,Cáceres,Jardim Marajoara,jardim marajoara,-16.0920483,-57.6815511,brasil_aberto_first_street,True
MT,5102504,Cáceres,Jardim Padre Paulo,jardim padre paulo,-16.0472298,-57.6540675,brasil_aberto_first_street,True
MT,5102504,Cáceres,Jardim Panorama,jardim panorama,-16.1063949,-57.6909542,brasil_aberto_first_street,True
MT,5102504,Cáceres,Jardim Paraíso,jardim paraiso,-16.0875828,-57.7007215,brasil_aberto_first_street,True
MT,5102504,Cáceres,Jardim São Luiz da Ponte,jardim sao luiz da ponte,-16.0827717,-57.6982711,brasil_aberto_first_street,True
MT,5102504,Cáceres,Jardim União,jardim uniao,-16.0873856,-57.6754995,brasil_aberto_first_street,True
MT,5102504,Cáceres,Joaquim Murtinho,joaquim murtinho,-16.0731381,-57.6735126,brasil_aberto_first_street,True
MT,5102504,Cáceres,Junco,junco,-16.1025992,-57.6865737,brasil_aberto_first_street,True
MT,5102504,Cáceres,Lavapés,lavapes,-16.0745931,-57.6699864,brasil_aberto_first_street,True
MT,5102504,Cáceres,Lobo,lobo,-16.0922345,-57.6436511,brasil_aberto_first_street,True
MT,5102504,Cáceres,Maracanãzinho,maracanazinho,-16.0822998,-57.6812689,brasil_aberto_first_street,True
MT,5102504,Cáceres,Massa-Barro,massa barro,-16.0531174,-57.6633593,brasil_aberto_first_street,True
MT,5102504,Cáceres,Monte Verde,monte verde,-16.0765604,-57.6785891,brasil_aberto_first_street,True
MT,5102504,Cáceres,Nova Cáceres,nova caceres,,,dne,True
MT,5102504,Cáceres,Nova Era,nova era,-16.1018445,-57.6651572,brasil_aberto_first_street,True
MT,5102504,Cáceres,Rodeio,rodeio,-16.0952176,-57.6968895,brasil_aberto_first_street,True
MT,5102504,Cáceres,Santa Cruz,santa cruz,-16.089863,-57.6916038,brasil_aberto_first_street,True
MT,5102504,Cáceres,Santa Isabel,santa isabel,-16.0814899,-57.6772679,brasil_aberto_first_street,True
MT,5102504,Cáceres,Santa Rosa,santa rosa,-16.049382,-57.6770332,brasil_aberto_first_street,True
MT,5102504,Cáceres,Santo Antônio,santo antonio,-16.1093155,-57.6764953,brasil_aberto_first_street,True
MT,5102504,Cáceres,Santos Dumont,santos dumont,-16.0834717,-57.6529678,brasil_aberto_first_street,True
MT,5102504,Cáceres,São Jorge,sao jorge,-16.0771275,-57.6568976,brasil_aberto_first_street,True
MT,5102504,Cáceres,São Lourenço,sao lourenco,-16.089863,-57.6916038,brasil_aberto_first_street,True
MT,5102504,Cáceres,São Miguel,sao miguel,-16.0744175,-57.694645,brasil_aberto_first_street,True
MT,5102504,Cáceres,Vila Irene,vila irene,-16.047742,-57.672749,mapbox_geocoding,True
MT,5102504,Cáceres,Vila Mariana,vila mariana,-16.0799385,-57.6776788,brasil_aberto_first_street,True
MT,5102504,Cáceres,Vila Nova,vila nova,-16.0540037,-57.6647226,brasil_aberto_first_street,True
MT,5102504,Cáceres,Vila Real,vila real,-16.1124862,-57.693544,brasil_aberto_first_street,True
MT,5102504,Cáceres,Vitória Régia,vitoria regia,-16.1103923,-57.6689647,brasil_aberto_first_street,True
MT,5102603,Campinápolis,Centro,centro,-14.5395659,-52.7961167,brasil_aberto_first_street,True
MT,5102603,Campinápolis,São José,sao jose,-14.543297,-52.7956792,brasil_aberto_first_street,True
MT,5102637,Campo Novo do Parecis,Centro,centro,-13.299027,-58.036663,brasil_aberto_first_street,True
MT,5102637,Campo Novo do Parecis,Itanorte,itanorte,,,dne,True
MT,5102637,Campo Novo do Parecis,Jardim das Palmeiras,jardim das palmeiras,,,brasil_aberto,True
MT,5102637,Campo Novo do Parecis,Marechal Rondon,marechal rondon,,,dne,True
MT,5102678,Campo Verde,Área Rural de Campo Verde,area rural de campo verde,-15.548369,-55.16982,mapbox_geocoding,True
MT,5102678,Campo Verde,Centro,centro,-15.543048,-55.167698,mapbox_geocoding,True
MT,5102678,Campo Verde,Cidade Alta,cidade alta,-15.552819,-55.153862,mapbox_geocoding,True
MT,5102678,Campo Verde,Condomínio das Palmeiras,condominio das palmeiras,-15.5494275,-55.1688988,brasil_aberto_first_street,True
MT,5102678,Campo Verde,Condomínio Residencial Araras,condominio residencial araras,-15.553023,-55.173836,mapbox_geocoding,True
MT,5102678,Campo Verde,Condomínio Residencial das Araucárias,condominio residencial das araucarias,-15.548246,-55.1792,mapbox_geocoding,True
MT,5102678,Campo Verde,Condomínio Residencial Recanto dos Pássaros,condominio residencial recanto dos passaros,-15.548246,-55.1792,mapbox_geocoding,True
MT,5102678,Campo Verde,Coronel Ponce,coronel ponce,,,dne,True
MT,5102678,Campo Verde,Distrito Industrial II,distrito industrial ii,-15.593579,-55.1849,mapbox_geocoding,True
MT,5102678,Campo Verde,Jardim Campo Verde,jardim campo verde,-15.55175,-55.159813,mapbox_geocoding,True
MT,5102678,Campo Verde,Jupiara,jupiara,-15.563735,-55.168432,mapbox_geocoding,True
MT,5102678,Campo Verde,Loteamento Buritis,loteamento buritis,-15.532314,-55.191588,mapbox_geocoding,True
MT,5102678,Campo Verde,Loteamento Campo Real III,loteamento campo real iii,-15.539264,-55.164883,mapbox_geocoding,True
MT,5102678,Campo Verde,Loteamento Chácara Cazarim,loteamento chacara cazarim,-15.608243,-56.035615,mapbox_geocoding,True
MT,5102678,Campo Verde,Loteamento Estação da Luz,loteamento estacao da luz,-15.543048,-55.167698,mapbox_geocoding,True
MT,5102678,Campo Verde,Loteamento Greenville,loteamento greenville,-15.553343,-55.170047,mapbox_geocoding,True
MT,5102678,Campo Verde,Loteamento Greenville II,loteamento greenville ii,-15.553343,-55.170047,mapbox_geocoding,True
MT,5102678,Campo Verde,Loteamento Greenville III,loteamento greenville iii,-15.548369,-55.16982,mapbox_geocoding,True
MT,5102678,Campo Verde,Loteamento Industrial I,loteamento industrial i,-15.555185,-55.161359,mapbox_geocoding,True
MT,5102678,Campo Verde,Loteamento Jardim América,loteamento jardim america,-15.535965,-55.134886,mapbox_geocoding,True
MT,5102678,Campo Verde,Loteamento Jardim Cuiabá,loteamento jardim cuiaba,-15.556574,-55.170858,mapbox_geocoding,True
MT,5102678,Campo Verde,Loteamento Mirante do Parque,loteamento mirante do parque,-15.548369,-55.16982,mapbox_geocoding,True
MT,5102678,Campo Verde,Loteamento Recanto dos Pássaros,loteamento recanto dos passaros,-15.551309,-55.147158,mapbox_geocoding,True
MT,5102678,Campo Verde,Loteamento Santa Rosa,loteamento santa rosa,-15.541203,-55.140099,mapbox_geocoding,True
MT,5102678,Campo Verde,Residencial J Ville,residencial j ville,-15.556574,-55.170858,mapbox_geocoding,True
MT,5102678,Campo Verde,São Lourenço,sao lourenco,-15.55948,-55.161968,mapbox_geocoding,True
MT,5102678,Campo Verde,São Miguel,sao miguel,-15.551309,-55.147158,mapbox_geocoding,True
MT,5102678,Campo Verde,Vale do Sol,vale do sol,-15.559414,-55.181268,mapbox_geocoding,True
MT,5102686,Campos de Júlio,Centro,centro,-13.721841,-59.263188,mapbox_geocoding,True
MT,5102694,Canabrava do Norte,Centro,centro,-11.0506187,-51.8253632,brasil_aberto_first_street,True
MT,5102694,Canabrava do Norte,Nova Primavera,nova primavera,,,dne,True
MT,5102702,Canarana,Centro,centro,-14.6185905,-57.4881852,brasil_aberto_first_street,True
MT,5102702,Canarana,Garapu II,garapu ii,-12.089876,-51.400565,mapbox_geocoding,True
MT,5102702,Canarana,Matinha,matinha,-13.516756,-51.915571,mapbox_geocoding,True
MT,5102702,Canarana,Serra Dourada,serra dourada,-13.7056966,-52.0246863,brasil_aberto_first_street,True
MT,5102793,Carlinda,Centro,centro,-9.971043,-55.826313,brasil_aberto_first_street,True
MT,5102850,Castanheira,Centro,centro,-11.1352105,-58.6078144,brasil_aberto_first_street,True
MT,5102850,Castanheira,Fontanilhas,fontanilhas,,,dne,True
MT,5103007,Chapada dos Guimarães,Água Fria,agua fria,,,dne,True
MT,5103007,Chapada dos Guimarães,Centro,centro,-15.1802761,-55.7518669,brasil_aberto_first_street,True
MT,5103007,Chapada dos Guimarães,João Carro,joao carro,,,dne,True
MT,5103007,Chapada dos Guimarães,Praia Rica,praia rica,,,dne,True
MT,5103007,Chapada dos Guimarães,Rio da Casca,rio da casca,,,dne,True
MT,5103056,Cláudia,Centro,centro,-11.5136991,-54.87406499999999,brasil_aberto_first_street,True
MT,5103106,Cocalinho,Centro,centro,-14.394216,-51.0026478,brasil_aberto_first_street,True
MT,5103205,Colíder,Centro,centro,-10.8082973,-55.45802639999999,brasil_aberto_first_street,True
MT,5103205,Colíder,Nonoai do Norte,nonoai do norte,,,dne,True
MT,5103254,Colniza,Centro,centro,-9.4549288,-59.21869059999999,brasil_aberto_first_street,True
MT,5103254,Colniza,Guariba,guariba,,,dne,True
MT,5103254,Colniza,Terra Indígena Kawahiva do Rio Pardo,terra indigena kawahiva do rio pardo,,,dne,True
MT,5103254,Colniza,Terra Indígena Piripkura,terra indigena piripkura,,,dne,True
MT,5103304,Comodoro,Alto Juruena,alto juruena,,,dne,True
MT,5103304,Comodoro,Centro,centro,-13.6577248,-59.7841569,brasil_aberto_first_street,True
MT,5103304,Comodoro,Nova Alvorada,nova alvorada,,,dne,True
MT,5103304,Comodoro,Padronal,padronal,,,dne,True
MT,5103304,Comodoro,São Jorge,sao jorge,,,brasil_aberto,True
MT,5103304,Comodoro,São José,sao jose,,,dne,True
MT,5103304,Comodoro,Terra Indígena Enawenê-Nawê,terra indigena enawene nawe,,,dne,True
MT,5103353,Confresa,Centro,centro,-10.6468476,-51.56858339999999,brasil_aberto_first_street,True
MT,5103353,Confresa,Veranópolis,veranopolis,,,dne,True
MT,5103361,Conquista D'Oeste,Centro,centro,-14.5367275,-59.54690060000001,brasil_aberto_first_street,True
MT,5103379,Cotriguaçu,Centro,centro,-9.374027,-58.952407,mapbox_geocoding,True
MT,5103379,Cotriguaçu,Nova União,nova uniao,,,dne,True
MT,5103379,Cotriguaçu,Ouro Verde dos Pioneiros,ouro verde dos pioneiros,,,dne,True
MT,5103403,Cuiabá,Aguaçu,aguacu,,,dne,True
MT,5103403,Cuiabá,Altos da Glória,altos da gloria,-15.5553204,-56.0220825,brasil_aberto_first_street,True
MT,5103403,Cuiabá,Altos da Serra I,altos da serra i,-15.5817262,-56.023842,brasil_aberto_first_street,True
MT,5103403,Cuiabá,Altos da Serra II,altos da serra ii,-15.634697,-56.0028356,brasil_aberto_first_street,True
MT,5103403,Cuiabá,Altos do Coxipó,altos do coxipo,-15.6315792,-56.0217328,brasil_aberto_first_street,True
MT,5103403,Cuiabá,Alvorada,alvorada,-15.5681133,-56.0776561,brasil_aberto_first_street,True
MT,5103403,Cuiabá,Araés,araes,-15.5903875,-56.0884657,brasil_aberto_first_street,True
MT,5103403,Cuiabá,Área Rural de Cuiabá,area rural de cuiaba,-15.5954635,-56.0925824,brasil_aberto_first_street,True
MT,5103403,Cuiabá,Areão,areao,-15.598271,-56.089648,mapbox_geocoding,True
MT,5103403,Cuiabá,Bandeirantes,bandeirantes,-15.5979127,-56.0898027,brasil_aberto_first_street,True
MT,5103403,Cuiabá,Barbado,barbado,-15.6207748,-56.0782596,brasil_aberto_first_street,True
MT,5103403,Cuiabá,Barra do Pari,barra do pari,-15.5926597,-56.1373824,brasil_aberto_first_street,True
MT,5103403,Cuiabá,Baú,bau,-15.5917277,-56.0817288,brasil_aberto_first_street,True
MT,5103403,Cuiabá,Bela Marina,bela marina,-15.6276987,-56.064482,brasil_aberto_first_street,True
MT,5103403,Cuiabá,Bela Vista,bela vista,-15.5794309,-56.0694939,brasil_aberto_first_street,True
MT,5103403,Cuiabá,Boa Esperança,boa esperanca,-15.6176603,-56.0557871,brasil_aberto_first_street,True
MT,5103403,Cuiabá,Bosque da Saúde,bosque da saude,-15.58756447,-56.07757187,brasil_aberto_first_street,True
MT,5103403,Cuiabá,Cachoeira das Garças,cachoeira das garcas,-15.6203468,-56.0409772,brasil_aberto_first_street,True
MT,5103403,Cuiabá,Campo Velho,campo velho,-15.6208158,-56.0798091,brasil_aberto_first_street,True
MT,5103403,Cuiabá,Campo Verde,campo verde,-15.5893705,-56.0697559,brasil_aberto_first_street,True
MT,5103403,Cuiabá,Canjica,canjica,-15.5427439,-56.0951785,brasil_aberto_first_street,True
MT,5103403,Cuiabá,Carumbé,carumbe,-15.5852441,-56.0594541,brasil_aberto_first_street,True
MT,5103403,Cuiabá,Centro,centro,-15.6217157,-56.0488914,brasil_aberto_first_street,True
MT,5103403,Cuiabá,Centro América,centro america,-15.5642428,-56.0550863,brasil_aberto_first_street,True
MT,5103403,Cuiabá,Centro-Norte,centro norte,-15.5998404,-56.0976881,brasil_aberto_first_street,True
MT,5103403,Cuiabá,Centro Político Administrativo,centro politico administrativo,-15.5690013,-56.0777743,brasil_aberto_first_street,True
MT,5103403,Cuiabá,Centro-Sul,centro sul,-15.6017682,-56.1010582,brasil_aberto_first_street,True
MT,5103403,Cuiabá,Chácara dos Pinheiros,chacara dos pinheiros,-15.6269654,-56.0552564,brasil_aberto_first_street,True
MT,5103403,Cuiabá,Cidade Alta,cidade alta,-15.6067022,-56.1221332,brasil_aberto_first_street,True
MT,5103403,Cuiabá,Cidade Verde,cidade verde,-15.6076868,-56.1333509,brasil_aberto_first_street,True
MT,5103403,Cuiabá,Cohab São Gonçalo,cohab sao goncalo,-15.6480689,-56.0453003,brasil_aberto_first_street,True
MT,5103403,Cuiabá,Condomínio Belvedere,condominio belvedere,-15.6066619,-56.0254,brasil_aberto_first_street,True
MT,5103403,Cuiabá,Condomínio Belvedere II,condominio belvedere ii,-15.5999322,-56.028707,brasil_aberto_first_street,True
MT,5103403,Cuiabá,Condomínio Flor do Cerrado,condominio flor do cerrado,-15.6356003,-56.0028546,brasil_aberto_first_street,True
MT,5103403,Cuiabá,Condomínio Florais Cuiabá Residencial,condominio florais cuiaba residencial,-15.541855,-56.0987409,brasil_aberto_first_street,True
MT,5103403,Cuiabá,Condomínio Florais Esmeralda,condominio florais esmeralda,-15.637488,-55.969407,mapbox_geocoding,True
MT,5103403,Cuiabá,Condomínio Florais Itália,condominio florais italia,-15.5943021,-56.044534,brasil_aberto_first_street,True
MT,5103403,Cuiabá,Condomínio Jardim Botânico,condominio jardim botanico,,,brasil_aberto,True
MT,5103403,Cuiabá,Condomínio Primor das Torres,condominio primor das torres,-15.6116638,-56.0237731,brasil_aberto_first_street,True
MT,5103403,Cuiabá,Condomínio Residencial Chapada Cesari,condominio residencial chapada cesari,-15.635133,-56.003568,mapbox_geocoding,True
MT,5103403,Cuiabá,Condomínio Residencial Florais dos Lagos,condominio residencial florais dos lagos,-15.5350342,-56.0937959,brasil_aberto_first_street,True
MT,5103403,Cuiabá,Condomínio Residencial Florais Safira,condominio residencial florais safira,-15.559131,-56.123452,mapbox_geocoding,True
MT,5103403,Cuiabá,Condomínio Residencial Ilhas Canárias,condominio residencial ilhas canarias,-15.6150968,-56.0068664,brasil_aberto_first_street,True
MT,5103403,Cuiabá,Condomínio Residencial Ilhéus,condominio residencial ilheus,-15.6167002,-55.9807817,brasil_aberto_first_street,True
MT,5103403,Cuiabá,Condomínio Residencial Império da Mata,condominio residencial imperio da mata,-15.608816,-56.020688,mapbox_geocoding,True
MT,5103403,Cuiabá,Condomínio Residencial Murano Residence,condominio residencial murano residence,-15.673765,-55.959856,mapbox_geocoding,True
MT,5103403,Cuiabá,Condomínio Residencial Sicília Residence,condominio residencial sicilia residence,-15.548107,-56.03391,mapbox_geocoding,True
MT,5103403,Cuiabá,Condomínio Residencial Vila Jardim,condominio residencial vila jardim,-15.5951504,-56.1156201,brasil_aberto_first_street,True
MT,5103403,Cuiabá,Conjunto Residencial Jonas Pinheiro,conjunto residencial jonas pinheiro,-15.5388411,-56.0279569,brasil_aberto_first_street,True
MT,5103403,Cuiabá,Coophamil,coophamil,-15.618748,-56.1216383,brasil_aberto_first_street,True
MT,5103403,Cuiabá,Coophema,coophema,-15.6331557,-56.0537016,brasil_aberto_first_street,True
MT,5103403,Cuiabá,Coxipó,coxipo,-15.629957,-56.053377,mapbox_geocoding,True
MT,5103403,Cuiabá,Coxipó Açu,coxipo acu,,,dne,True
MT,5103403,Cuiabá,Coxipó do Ouro,coxipo do ouro,,,dne,True
MT,5103403,Cuiabá,Despraiado,despraiado,-15.566119,-56.0930063,brasil_aberto_first_street,True
MT,5103403,Cuiabá,Distrito Industrial,distrito industrial,-15.6649614,-55.9642786,brasil_aberto_first_street,True
MT,5103403,Cuiabá,Dom Aquino,dom aquino,-15.6148005,-56.0966572,brasil_aberto_first_street,True
MT,5103403,Cuiabá,Dom Bosco,dom bosco,-15.5875574,-56.0652266,brasil_aberto_first_street,True
MT,5103403,Cuiabá,Doutor Fábio Leite,doutor fabio leite,-15.5740165,-56.0271179,brasil_aberto_first_street,True
MT,5103403,Cuiabá,Doutor Fábio Leite II,doutor fabio leite ii,-15.5727834,-56.0317248,brasil_aberto_first_street,True
MT,5103403,Cuiabá,Duque de Caxias,duque de caxias,-15.5930875,-56.1142372,brasil_aberto_first_street,True
MT,5103403,Cuiabá,Goiabeira,goiabeira,-15.5996279,-56.1122195,brasil_aberto_first_street,True
MT,5103403,Cuiabá,Goiabeiras,goiabeiras,,,brasil_aberto,True
MT,5103403,Cuiabá,Grande Terceiro,grande terceiro,-15.6268432,-56.0809337,brasil_aberto_first_street,True
MT,5103403,Cuiabá,Jardim Aclimação,jardim aclimacao,-15.5779027,-56.072335,brasil_aberto_first_street,True
MT,5103403,Cuiabá,Jardim Califórnia,jardim california,-15.6206232,-56.0726508,brasil_aberto_first_street,True
MT,5103403,Cuiabá,Jardim Campus Elizius,jardim campus elizius,-15.6205282,-56.0856939,brasil_aberto_first_street,True
MT,5103403,Cuiabá,Jardim Comodoro,jardim comodoro,-15.6439636,-56.0430277,brasil_aberto_first_street,True
MT,5103403,Cuiabá,Jardim Cuiabá,jardim cuiaba,-15.5950817,-56.1161717,brasil_aberto_first_street,True
MT,5103403,Cuiabá,Jardim das Américas,jardim das americas,-15.6040493,-56.0654977,brasil_aberto_first_street,True
MT,5103403,Cuiabá,Jardim das Palmeiras,jardim das palmeiras,-15.62381,-56.0485211,brasil_aberto_first_street,True
MT,5103403,Cuiabá,Jardim dos Ipês,jardim dos ipes,-15.5924362,-56.0424882,brasil_aberto_first_street,True
MT,5103403,Cuiabá,Jardim Eldorado,jardim eldorado,-15.5897535,-56.0513995,brasil_aberto_first_street,True
MT,5103403,Cuiabá,Jardim Europa,jardim europa,-15.62446,-56.0882347,brasil_aberto_first_street,True
MT,5103403,Cuiabá,Jardim Florianópolis,jardim florianopolis,-13.844472,-56.103725,mapbox_geocoding,True
MT,5103403,Cuiabá,Jardim Fortaleza,jardim fortaleza,-15.6160724,-55.9932536,brasil_aberto_first_street,True
MT,5103403,Cuiabá,Jardim Gramado,jardim gramado,-15.6422597,-56.0616953,brasil_aberto_first_street,True
MT,5103403,Cuiabá,Jardim Hawaí,jardim hawai,-15.6280458,-55.9484748,brasil_aberto_first_street,True
MT,5103403,Cuiabá,Jardim Imperial,jardim imperial,-15.6093028,-56.0286055,brasil_aberto_first_street,True
MT,5103403,Cuiabá,Jardim Industriário,jardim industriario,-15.6534706,-55.9843337,brasil_aberto_first_street,True
MT,5103403,Cuiabá,Jardim Itália,jardim italia,-15.5907412,-56.0594671,brasil_aberto_first_street,True
MT,5103403,Cuiabá,Jardim Jockey Club,jardim jockey club,-15.6558086,-56.0469323,brasil_aberto_first_street,True
MT,5103403,Cuiabá,Jardim Leblon,jardim leblon,-15.5999844,-56.0719911,brasil_aberto_first_street,True
MT,5103403,Cuiabá,Jardim Malouf,jardim malouf,-15.638262,-56.0427831,brasil_aberto_first_street,True
MT,5103403,Cuiabá,Jardim Mariana,jardim mariana,-15.5790011,-56.1097477,brasil_aberto_first_street,True
MT,5103403,Cuiabá,Jardim Mossoró,jardim mossoro,-15.6480502,-56.04138,brasil_aberto_first_street,True
MT,5103403,Cuiabá,Jardim Paraná,jardim parana,-15.6297536,-55.9598831,brasil_aberto_first_street,True
MT,5103403,Cuiabá,Jardim Passaredo,jardim passaredo,-15.6439448,-56.0002533,brasil_aberto_first_street,True
MT,5103403,Cuiabá,Jardim Paulista,jardim paulista,-15.6203286,-56.0865282,brasil_aberto_first_street,True
MT,5103403,Cuiabá,Jardim Petrópolis,jardim petropolis,-15.6206232,-56.0726508,brasil_aberto_first_street,True
MT,5103403,Cuiabá,Jardim Presidente,jardim presidente,-15.650242,-55.981953,mapbox_geocoding,True
MT,5103403,Cuiabá,Jardim Santa Isabel,jardim santa isabel,-15.6061991,-56.1238882,brasil_aberto_first_street,True
MT,5103403,Cuiabá,Jardim Santa Marta,jardim santa marta,-15.5751442,-56.1072543,brasil_aberto_first_street,True
MT,5103403,Cuiabá,Jardim Shangri-Lá,jardim shangri la,-15.6206863,-56.069832,brasil_aberto_first_street,True
MT,5103403,Cuiabá,Jardim Tropical,jardim tropical,-15.6207529,-56.0779965,brasil_aberto_first_street,True
MT,5103403,Cuiabá,Jardim Ubirajara,jardim ubirajara,-15.557915,-56.09164,mapbox_geocoding,True
MT,5103403,Cuiabá,Jardim Umuarama II,jardim umuarama ii,-15.5954635,-56.0925824,brasil_aberto_first_street,True
MT,5103403,Cuiabá,Jardim Universitário,jardim universitario,-15.6180441,-56.0353789,brasil_aberto_first_street,True
MT,5103403,Cuiabá,Jardim Vitória,jardim vitoria,-15.5553204,-56.0220825,brasil_aberto_first_street,True
MT,5103403,Cuiabá,Lagoa Azul,lagoa azul,-15.6511439,-55.9775984,brasil_aberto_first_street,True
MT,5103403,Cuiabá,Liberdade,liberdade,-15.6121025,-55.9905894,brasil_aberto_first_street,True
MT,5103403,Cuiabá,Lixeira,lixeira,-15.5978258,-56.0897403,brasil_aberto_first_street,True
MT,5103403,Cuiabá,Loteamento Belita Costa Marques,loteamento belita costa marques,,,brasil_aberto,True
MT,5103403,Cuiabá,Loteamento Bom Jesus,loteamento bom jesus,-15.608943,-56.011703,mapbox_geocoding,True
MT,5103403,Cuiabá,Loteamento Jardim Antártica,loteamento jardim antartica,-15.612009,-56.116577,mapbox_geocoding,True
MT,5103403,Cuiabá,Loteamento Jardim das Aroeiras,loteamento jardim das aroeiras,-15.548719,-56.0418318,brasil_aberto_first_street,True
MT,5103403,Cuiabá,Loteamento Residencial Flor-de-Lis,loteamento residencial flor de lis,-15.6280458,-55.9484748,brasil_aberto_first_street,True
MT,5103403,Cuiabá,Loteamento Residencial Francisca Loureiro Borba,loteamento residencial francisca loureiro borba,-15.6061613,-55.9865155,brasil_aberto_first_street,True
MT,5103403,Cuiabá,Loteamento Residencial Jamil Boutros Nadaf,loteamento residencial jamil boutros nadaf,-15.5330093,-56.0356504,brasil_aberto_first_street,True
MT,5103403,Cuiabá,Loteamento Residencial Mirante do Parque,loteamento residencial mirante do parque,-15.6174517,-55.98478429999999,brasil_aberto_first_street,True
MT,5103403,Cuiabá,Loteamento Residencial Nico Baracat,loteamento residencial nico baracat,-15.6143957,-55.9822771,brasil_aberto_first_street,True
MT,5103403,Cuiabá,Loteamento Salvador Costa Marques,loteamento salvador costa marques,-15.6116638,-56.0237731,brasil_aberto_first_street,True
MT,5103403,Cuiabá,Machado,machado,,,dne,True
MT,5103403,Cuiabá,Mata Dentro,mata dentro,,,dne,True
MT,5103403,Cuiabá,Morada da Serra,morada da serra,-15.5657587,-56.0417217,brasil_aberto_first_street,True
MT,5103403,Cuiabá,Morada do Ouro,morada do ouro,-15.567365,-56.0624138,brasil_aberto_first_street,True
MT,5103403,Cuiabá,Morada dos Nobres,morada dos nobres,-15.5952497,-56.0521256,brasil_aberto_first_street,True
MT,5103403,Cuiabá,Nossa Senhora Aparecida,nossa senhora aparecida,-15.6285908,-56.0554168,brasil_aberto_first_street,True
MT,5103403,Cuiabá,Nossa Senhora da Guia,nossa senhora da guia,,,dne,True
MT,5103403,Cuiabá,Nova Conquista,nova conquista,-15.5476811,-56.0373663,brasil_aberto_first_street,True
MT,5103403,Cuiabá,Nova Esperança,nova esperanca,-15.653777,-55.9759893,brasil_aberto_first_street,True
MT,5103403,Cuiabá,Novo Colorado,novo colorado,-15.5671609,-56.1156201,brasil_aberto_first_street,True
MT,5103403,Cuiabá,Novo Horizonte,novo horizonte,-15.5790162,-56.0336414,brasil_aberto_first_street,True
MT,5103403,Cuiabá,Novo Mato Grosso,novo mato grosso,-15.5833583,-56.054737,brasil_aberto_first_street,True
MT,5103403,Cuiabá,Novo Paraíso,novo paraiso,-15.5481825,-56.052483,brasil_aberto_first_street,True
MT,5103403,Cuiabá,Novo Tempo,novo tempo,-15.563596,-56.1317766,brasil_aberto_first_street,True
MT,5103403,Cuiabá,Novo Terceiro,novo terceiro,-15.6129753,-56.1319045,brasil_aberto_first_street,True
MT,5103403,Cuiabá,Núcleo Habitacional Sucuri,nucleo habitacional sucuri,-15.5600478,-56.1369694,brasil_aberto_first_street,True
MT,5103403,Cuiabá,Osmar Cabral,osmar cabral,-15.609857,-55.9957395,brasil_aberto_first_street,True
MT,5103403,Cuiabá,Paiaguás,paiaguas,-15.565174,-56.0850154,brasil_aberto_first_street,True
MT,5103403,Cuiabá,Parque Amperco,parque amperco,-15.5758034,-56.1238372,brasil_aberto_first_street,True
MT,5103403,Cuiabá,Parque Atalaia,parque atalaia,-15.6597043,-56.0603188,brasil_aberto_first_street,True
MT,5103403,Cuiabá,Parque Cuiabá,parque cuiaba,-15.6629179,-56.0423814,brasil_aberto_first_street,True
MT,5103403,Cuiabá,Parque Geórgia,parque georgia,-15.6454225,-56.0547625,brasil_aberto_first_street,True
MT,5103403,Cuiabá,Parque Ohara,parque ohara,-15.6341974,-56.0419314,brasil_aberto_first_street,True
MT,5103403,Cuiabá,Parque Residencial das Nações Indígenas,parque residencial das nacoes indigenas,-15.5553204,-56.0220825,brasil_aberto_first_street,True
MT,5103403,Cuiabá,Parque Residencial Tropical Ville,parque residencial tropical ville,-15.5623838,-56.1229535,brasil_aberto_first_street,True
MT,5103403,Cuiabá,Pascoal Ramos,pascoal ramos,-15.6327241,-55.980121,brasil_aberto_first_street,True
MT,5103403,Cuiabá,Pedra 90,pedra 90,-15.6381365,-55.9600337,brasil_aberto_first_street,True
MT,5103403,Cuiabá,Pico do Amor,pico do amor,-15.6105036,-56.0776567,brasil_aberto_first_street,True
MT,5103403,Cuiabá,Planalto,planalto,-15.5553204,-56.0220825,brasil_aberto_first_street,True
MT,5103403,Cuiabá,Poção,pocao,-15.6065881,-56.0868889,brasil_aberto_first_street,True
MT,5103403,Cuiabá,Popular,popular,-15.5967265,-56.1073442,brasil_aberto_first_street,True
MT,5103403,Cuiabá,Porto,porto,-15.6149025,-56.1215873,brasil_aberto_first_street,True
MT,5103403,Cuiabá,Praeirinho,praeirinho,-15.6300594,-56.0771119,brasil_aberto_first_street,True
MT,5103403,Cuiabá,Praeiro,praeiro,-15.6281138,-56.0770269,brasil_aberto_first_street,True
MT,5103403,Cuiabá,Primeiro de Março,primeiro de marco,-15.5422495,-56.0292747,brasil_aberto_first_street,True
MT,5103403,Cuiabá,Quilombo,quilombo,-15.5868569,-56.0965413,brasil_aberto_first_street,True
MT,5103403,Cuiabá,Real Parque,real parque,-15.6407393,-55.9855517,brasil_aberto_first_street,True
MT,5103403,Cuiabá,Recanto dos Pássaros,recanto dos passaros,-15.609531,-56.0375406,brasil_aberto_first_street,True
MT,5103403,Cuiabá,Renascer,renascer,-15.6000171,-56.0652566,brasil_aberto_first_street,True
MT,5103403,Cuiabá,Residencial Altos do Parque I,residencial altos do parque i,-15.6838889,-56.0401125,brasil_aberto_first_street,True
MT,5103403,Cuiabá,Residencial Altos do Parque II,residencial altos do parque ii,-15.6843053,-56.0275663,brasil_aberto_first_street,True
MT,5103403,Cuiabá,Residencial Ana Maria,residencial ana maria,-15.5498854,-56.0432226,brasil_aberto_first_street,True
MT,5103403,Cuiabá,Residencial Aricá,residencial arica,-15.6233278,-55.9903492,brasil_aberto_first_street,True
MT,5103403,Cuiabá,Residencial Buriti,residencial buriti,-15.530974,-56.0314913,brasil_aberto_first_street,True
MT,5103403,Cuiabá,Residencial Claúdio Marchetti,residencial claudio marchetti,-15.6172726,-56.0192553,brasil_aberto_first_street,True
MT,5103403,Cuiabá,Residencial Clocy Hugueney,residencial clocy hugueney,-15.5705839,-56.0588043,brasil_aberto_first_street,True
MT,5103403,Cuiabá,Residencial Concadoro,residencial concadoro,-15.6484448,-56.044701,brasil_aberto_first_street,True
MT,5103403,Cuiabá,Residencial Coxipó,residencial coxipo,-15.6530138,-56.0379806,brasil_aberto_first_street,True
MT,5103403,Cuiabá,Residencial Ilza Therezinha Picoli Pagot,residencial ilza therezinha picoli pagot,-15.5336837,-56.0355497,brasil_aberto_first_street,True
MT,5103403,Cuiabá,Residencial Itamarati,residencial itamarati,-15.5866514,-56.0373946,brasil_aberto_first_street,True
MT,5103403,Cuiabá,Residencial Jardim Pauliceia,residencial jardim pauliceia,-15.6582177,-56.0469614,brasil_aberto_first_street,True
MT,5103403,Cuiabá,Residencial Lagoa Azul,residencial lagoa azul,,,brasil_aberto,True
MT,5103403,Cuiabá,Residencial Milton Figueiredo,residencial milton figueiredo,-15.5399441,-56.0784479,brasil_aberto_first_street,True
MT,5103403,Cuiabá,Residencial Nova Canaã,residencial nova canaa,-15.557064,-56.0210578,brasil_aberto_first_street,True
MT,5103403,Cuiabá,Residencial Pádova,residencial padova,-15.5459888,-56.0498482,brasil_aberto_first_street,True
MT,5103403,Cuiabá,Residencial Paiaguás,residencial paiaguas,,,brasil_aberto,True
MT,5103403,Cuiabá,Residencial Santa Inês,residencial santa ines,-15.587258,-56.0561019,brasil_aberto_first_street,True
MT,5103403,Cuiabá,Residencial Santorini,residencial santorini,,,brasil_aberto,True
MT,5103403,Cuiabá,Residencial São Carlos,residencial sao carlos,-15.5844998,-56.0487398,brasil_aberto_first_street,True
MT,5103403,Cuiabá,Residencial São Matheus,residencial sao matheus,-15.6304667,-56.0573279,brasil_aberto_first_street,True
MT,5103403,Cuiabá,Residencial Solar da Chapada,residencial solar da chapada,-15.534509,-56.0393876,brasil_aberto_first_street,True
MT,5103403,Cuiabá,Residencial Wantuil de Freitas,residencial wantuil de freitas,-15.5421776,-56.0319048,brasil_aberto_first_street,True
MT,5103403,Cuiabá,Ribeirão da Ponte,ribeirao da ponte,-15.5809087,-56.1173433,brasil_aberto_first_street,True
MT,5103403,Cuiabá,Ribeirão do Lipa,ribeirao do lipa,-15.5551726,-56.1038888,brasil_aberto_first_street,True
MT,5103403,Cuiabá,Santa Cruz,santa cruz,-15.6142953,-56.0479324,brasil_aberto_first_street,True
MT,5103403,Cuiabá,Santa Laura,santa laura,-15.6181426,-55.9911777,brasil_aberto_first_street,True
MT,5103403,Cuiabá,Santa Rosa,santa rosa,-15.585226,-56.1196771,brasil_aberto_first_street,True
MT,5103403,Cuiabá,Santo Antônio do Pedregal,santo antonio do pedregal,-15.6005516,-56.0708823,brasil_aberto_first_street,True
MT,5103403,Cuiabá,São Francisco,sao francisco,-15.6380388,-56.0132399,brasil_aberto_first_street,True
MT,5103403,Cuiabá,São Gonçalo Beira Rio,sao goncalo beira rio,-15.6497256,-56.0664674,brasil_aberto_first_street,True
MT,5103403,Cuiabá,São João Del Rei,sao joao del rei,-15.6129467,-56.0056412,brasil_aberto_first_street,True
MT,5103403,Cuiabá,São José,sao jose,-15.6372541,-56.0464303,brasil_aberto_first_street,True
MT,5103403,Cuiabá,São Roque,sao roque,-15.5835736,-56.0553159,brasil_aberto_first_street,True
MT,5103403,Cuiabá,São Sebastião,sao sebastiao,-15.633638,-55.9834042,brasil_aberto_first_street,True
MT,5103403,Cuiabá,São Vicente,sao vicente,,,dne,True
MT,5103403,Cuiabá,Serra Dourada,serra dourada,-15.546418,-56.0449214,brasil_aberto_first_street,True
MT,5103403,Cuiabá,Sol Nascente,sol nascente,-15.5840223,-56.0467488,brasil_aberto_first_street,True
MT,5103403,Cuiabá,Sucuri,sucuri,-15.5642225,-56.0139304,brasil_aberto_first_street,True
MT,5103403,Cuiabá,Tancredo Neves,tancredo neves,-15.5826777,-56.0253976,brasil_aberto_first_street,True
MT,5103403,Cuiabá,Terceiro,terceiro,-15.6155783,-56.095274,brasil_aberto_first_street,True
MT,5103403,Cuiabá,Terra Nova,terra nova,-15.5802897,-56.0706767,brasil_aberto_first_street,True
MT,5103403,Cuiabá,Tijucal,tijucal,-15.6322491,-56.0186267,brasil_aberto_first_street,True
MT,5103403,Cuiabá,Três Barras,tres barras,-15.5549563,-56.022163,brasil_aberto_first_street,True
MT,5103403,Cuiabá,UFMT,ufmt,-15.6147541,-56.0726414,brasil_aberto_first_street,True
MT,5103403,Cuiabá,Vista Alegre,vista alegre,-15.6328606,-56.049312,brasil_aberto_first_street,True
MT,5103437,Curvelândia,Centro,centro,-15.6103423,-57.9213943,brasil_aberto_first_street,True
MT,5103452,Denise,Centro,centro,-14.7273832,-57.0471405,brasil_aberto_first_street,True
MT,5103502,Diamantino,Bel Rios,bel rios,,,dne,True
MT,5103502,Diamantino,Bojui,bojui,-14.2493422,-56.4780323,brasil_aberto_first_street,True
MT,5103502,Diamantino,Centro,centro,-14.182437,-57.505339,mapbox_geocoding,True
MT,5103502,Diamantino,Del Rios,del rios,,,dne,True
MT,5103502,Diamantino,Novo Diamantino,novo diamantino,,,dne,True
MT,5103502,Diamantino,Sumidouro,sumidouro,,,dne,True
MT,5103601,Dom Aquino,Centro,centro,-15.8117882,-54.9215733,brasil_aberto_first_street,True
MT,5103601,Dom Aquino,Entre Rios,entre rios,,,dne,True
MT,5103601,Dom Aquino,Pombas,pombas,,,dne,True
MT,5103700,Feliz Natal,Centro,centro,-12.3842452,-54.9344109,brasil_aberto_first_street,True
MT,5103809,Figueirópolis D'Oeste,Centro,centro,-15.4459432,-58.7365439,brasil_aberto_first_street,True
MT,5103858,Gaúcha do Norte,Centro,centro,-13.1824774,-53.2554422,brasil_aberto_first_street,True
MT,5103908,General Carneiro,Centro,centro,-15.708516,-52.7575916,brasil_aberto_first_street,True
MT,5103908,General Carneiro,Paredão,paredao,,,brasil_aberto,True
MT,5103908,General Carneiro,Sangradouro,sangradouro,,,dne,True
MT,5103957,Glória D'Oeste,Centro,centro,-15.7684167,-58.31113389999999,brasil_aberto_first_street,True
MT,5103957,Glória D'Oeste,Monte Castelo do Oeste,monte castelo do oeste,,,dne,True
MT,5104104,Guarantã do Norte,Centro,centro,-9.953261,-54.907725,brasil_aberto_first_street,True
MT,5104104,Guarantã do Norte,Cotrel,cotrel,,,dne,True
MT,5104203,Guiratinga,Alcantilado,alcantilado,,,dne,True
MT,5104203,Guiratinga,Buriti,buriti,,,dne,True
MT,5104203,Guiratinga,Centro,centro,-16.3499923,-53.7562432,brasil_aberto_first_street,True
MT,5104203,Guiratinga,Estrela do Leste,estrela do leste,,,dne,True
MT,5104203,Guiratinga,Vale Rico,vale rico,,,dne,True
MT,5104500,Indiavaí,Centro,centro,-11.1387088,-58.6113069,brasil_aberto_first_street,True
MT,5104526,Ipiranga do Norte,Centro,centro,-12.2400739,-56.1550695,brasil_aberto_first_street,True
MT,5104542,Itanhangá,Centro,centro,-12.2382957,-56.6437285,brasil_aberto_first_street,True
MT,5104559,Itaúba,Centro,centro,-11.0070444,-55.245904,brasil_aberto_first_street,True
MT,5104609,Itiquira,Centro,centro,-17.2077017,-54.1444812,brasil_aberto_first_street,True
MT,5104609,Itiquira,Michelin,michelin,-17.205963,-54.1469561,brasil_aberto_first_street,True
MT,5104609,Itiquira,Ouro Branco do Sul,ouro branco do sul,,,dne,True
MT,5104807,Jaciara,Celma,celma,,,dne,True
MT,5104807,Jaciara,Centro,centro,-15.9605593,-54.97244749999999,brasil_aberto_first_street,True
MT,5104807,Jaciara,Jatobá,jatoba,,,dne,True
MT,5104807,Jaciara,Selma,selma,,,brasil_aberto,True
MT,5104906,Jangada,Centro,centro,-15.2400371,-56.4862887,brasil_aberto_first_street,True
MT,5105002,Jauru,Centro,centro,-15.3388958,-58.87335459999999,brasil_aberto_first_street,True
MT,5105002,Jauru,Lucialva,lucialva,,,dne,True
MT,5105101,Juara,Águas Claras,aguas claras,,,dne,True
MT,5105101,Juara,Catuaí,catuai,,,dne,True
MT,5105101,Juara,Centro,centro,-11.494346,-51.317976,mapbox_geocoding,True
MT,5105101,Juara,Paranorte,paranorte,,,dne,True
MT,5105150,Juína,Centro,centro,-10.9914154,-59.0582632,brasil_aberto_first_street,True
MT,5105150,Juína,Filadélfia,filadelfia,,,dne,True
MT,5105150,Juína,Módulo 3,modulo 3,-11.4161084,-58.7592628,brasil_aberto_first_street,True
MT,5105150,Juína,Padre Duílio,padre duilio,,,brasil_aberto,True
MT,5105150,Juína,Terra Indígena Enawenê-Nawê,terra indigena enawene nawe,,,dne,True
MT,5105150,Juína,Terra Roxa,terra roxa,,,dne,True
MT,5105176,Juruena,Centro,centro,-10.3371699,-58.4902379,brasil_aberto_first_street,True
MT,5105200,Juscimeira,Centro,centro,-16.0516201,-54.8854842,brasil_aberto_first_street,True
MT,5105200,Juscimeira,Irenópolis,irenopolis,,,dne,True
MT,5105200,Juscimeira,Placa de Santo Antônio,placa de santo antonio,,,dne,True
MT,5105200,Juscimeira,Santa Elvira,santa elvira,,,dne,True
MT,5105200,Juscimeira,São Lourenço de Fátima,sao lourenco de fatima,,,dne,True
MT,5105234,Lambari D'Oeste,Centro,centro,-15.3175058,-58.0051222,brasil_aberto_first_street,True
MT,5105234,Lambari D'Oeste,São José do Pingador,sao jose do pingador,,,dne,True
MT,5105259,Lucas do Rio Verde,Águas do Cerrado,aguas do cerrado,-13.106617,-55.914848,mapbox_geocoding,True
MT,5105259,Lucas do Rio Verde,Alvorada,alvorada,-13.078572,-55.912818,mapbox_geocoding,True
MT,5105259,Lucas do Rio Verde,Área Rural de Lucas do Rio Verde,area rural de lucas do rio verde,-13.0764296,-55.9093949,brasil_aberto_first_street,True
MT,5105259,Lucas do Rio Verde,Bandeirantes,bandeirantes,-13.062178,-55.94039,mapbox_geocoding,True
MT,5105259,Lucas do Rio Verde,Bom Jesus,bom jesus,-13.082046,-55.914155,mapbox_geocoding,True
MT,5105259,Lucas do Rio Verde,Centro,centro,-13.074288,-55.931339,mapbox_geocoding,True
MT,5105259,Lucas do Rio Verde,Cidade Nova,cidade nova,-13.078572,-55.912818,mapbox_geocoding,True
MT,5105259,Lucas do Rio Verde,Complexo Industrial Senador Atílio Fontana,complexo industrial senador atilio fontana,-12.982618,-55.997757,mapbox_geocoding,True
MT,5105259,Lucas do Rio Verde,Florais dos Buritis,florais dos buritis,-13.078572,-55.912818,mapbox_geocoding,True
MT,5105259,Lucas do Rio Verde,Groslândia,groslandia,,,dne,True
MT,5105259,Lucas do Rio Verde,Industrial,industrial,-13.052535,-55.916338,mapbox_geocoding,True
MT,5105259,Lucas do Rio Verde,Industrial V,industrial v,-13.06461,-55.9215,mapbox_geocoding,True
MT,5105259,Lucas do Rio Verde,Industrial VI,industrial vi,-13.075789,-55.909973,mapbox_geocoding,True
MT,5105259,Lucas do Rio Verde,Jaime Seiti Fujii,jaime seiti fujii,-13.104264,-55.912066,mapbox_geocoding,True
MT,5105259,Lucas do Rio Verde,Jardim Amazônia,jardim amazonia,-13.086907,-55.900974,mapbox_geocoding,True
MT,5105259,Lucas do Rio Verde,Jardim Cerrado,jardim cerrado,-13.096471,-55.907371,mapbox_geocoding,True
MT,5105259,Lucas do Rio Verde,Jardim das Palmeiras,jardim das palmeiras,-13.076111,-55.903866,mapbox_geocoding,True
MT,5105259,Lucas do Rio Verde,Jardim Esperança I,jardim esperanca i,-13.075715,-55.903461,mapbox_geocoding,True
MT,5105259,Lucas do Rio Verde,Jardim Imperial,jardim imperial,-13.082046,-55.914155,mapbox_geocoding,True
MT,5105259,Lucas do Rio Verde,Jardim Primaveras,jardim primaveras,-13.075557,-55.91021,mapbox_geocoding,True
MT,5105259,Lucas do Rio Verde,Loteamento Alamedas dos Buritis,loteamento alamedas dos buritis,-13.06461,-55.9215,mapbox_geocoding,True
MT,5105259,Lucas do Rio Verde,Loteamento Industrial VII,loteamento industrial vii,-13.06461,-55.9215,mapbox_geocoding,True
MT,5105259,Lucas do Rio Verde,Luiz Carlos Tesseles Júnior,luiz carlos tesseles junior,,,brasil_aberto,True
MT,5105259,Lucas do Rio Verde,Menino Deus,menino deus,-13.074288,-55.931339,mapbox_geocoding,True
MT,5105259,Lucas do Rio Verde,Parque das Américas,parque das americas,-13.104264,-55.912066,mapbox_geocoding,True
MT,5105259,Lucas do Rio Verde,Parque das Araras,parque das araras,-13.096471,-55.907371,mapbox_geocoding,True
MT,5105259,Lucas do Rio Verde,Parque das Emas,parque das emas,-13.062178,-55.94039,mapbox_geocoding,True
MT,5105259,Lucas do Rio Verde,Parque dos Buritis,parque dos buritis,-13.093986,-55.925236,mapbox_geocoding,True
MT,5105259,Lucas do Rio Verde,Pioneiro,pioneiro,-13.074288,-55.931339,mapbox_geocoding,True
MT,5105259,Lucas do Rio Verde,Rio Verde,rio verde,-13.076111,-55.903866,mapbox_geocoding,True
MT,5105259,Lucas do Rio Verde,São Cristóvão,sao cristovao,,,dne,True
MT,5105259,Lucas do Rio Verde,Tessele Júnior,tessele junior,-13.047326,-55.91869,mapbox_geocoding,True
MT,5105259,Lucas do Rio Verde,Veneza,veneza,-13.078572,-55.912818,mapbox_geocoding,True
MT,5105259,Lucas do Rio Verde,Vida Nova,vida nova,-13.107879,-55.92363,mapbox_geocoding,True
MT,5105309,Luciara,Centro,centro,-11.2209722,-50.6671107,brasil_aberto_first_street,True
MT,5105507,Vila Bela da Santíssima Trindade,Aguapeí,aguapei,,,dne,True
MT,5105507,Vila Bela da Santíssima Trindade,Centro,centro,-15.0035858,-59.95335609999999,brasil_aberto_first_street,True
MT,5105507,Vila Bela da Santíssima Trindade,Santa Clara do Monte Cristo,santa clara do monte cristo,,,dne,True
MT,5105580,Marcelândia,Analândia do Norte,analandia do norte,,,dne,True
MT,5105580,Marcelândia,Centro,centro,-11.251978,-54.201818,mapbox_geocoding,True
MT,5105580,Marcelândia,Vila Atlântica,vila atlantica,,,dne,True
MT,5105606,Matupá,Centro,centro,-10.1698735,-54.9339176,brasil_aberto_first_street,True
MT,5105606,Matupá,Flor da Serra,flor da serra,,,dne,True
MT,5105622,Mirassol d'Oeste,Centro,centro,-15.6681479,-58.0774835,brasil_aberto_first_street,True
MT,5105622,Mirassol d'Oeste,Sonho Azul,sonho azul,,,dne,True
MT,5105903,Nobres,Bom Jardim,bom jardim,,,dne,True
MT,5105903,Nobres,Centro,centro,-14.8348634,-56.4285351,brasil_aberto_first_street,True
MT,5105903,Nobres,Coqueiral,coqueiral,,,dne,True
MT,5105903,Nobres,Santa Rita,santa rita,,,brasil_aberto,True
MT,5105903,Nobres,Terra Indígena Santana - Bakairi,terra indigena santana bakairi,,,dne,True
MT,5106000,Nortelândia,Centro,centro,,,brasil_aberto,True
MT,5106000,Nortelândia,Joaquim da Silva,joaquim da silva,-14.4535379,-56.8037605,brasil_aberto_first_street,True
MT,5106109,Nossa Senhora do Livramento,Centro,centro,-15.7706211,-56.347248,brasil_aberto_first_street,True
MT,5106109,Nossa Senhora do Livramento,Faval,faval,,,dne,True
MT,5106109,Nossa Senhora do Livramento,Pirizal,pirizal,,,dne,True
MT,5106109,Nossa Senhora do Livramento,Ribeirão dos Cocais,ribeirao dos cocais,,,dne,True
MT,5106158,Nova Bandeirantes,Centro,centro,-9.8605741,-57.80996039999999,brasil_aberto_first_street,True
MT,5106158,Nova Bandeirantes,Japuranã,japurana,-10.2122104,-58.0982046,brasil_aberto_first_street,True
MT,5106174,Nova Nazaré,Setor Norte,setor norte,-13.9887737,-51.7971003,brasil_aberto_first_street,True
MT,5106182,Nova Lacerda,Centro,centro,-14.47005,-59.58652050000001,brasil_aberto_first_street,True
MT,5106190,Nova Santa Helena,Centro,centro,-10.849403,-55.17945,mapbox_geocoding,True
MT,5106208,Nova Brasilândia,Centro,centro,-14.9274294,-54.9731719,brasil_aberto_first_street,True
MT,5106208,Nova Brasilândia,Peresópolis,peresopolis,,,brasil_aberto,True
MT,5106208,Nova Brasilândia,Rancharia,rancharia,,,dne,True
MT,5106208,Nova Brasilândia,Rio Manso,rio manso,,,dne,True
MT,5106208,Nova Brasilândia,Riolândia,riolandia,,,dne,True
MT,5106216,Nova Canaã do Norte,Centro,centro,-10.6369788,-55.7094499,brasil_aberto_first_street,True
MT,5106216,Nova Canaã do Norte,Colorado do Norte,colorado do norte,,,dne,True
MT,5106216,Nova Canaã do Norte,Flôr da Serra,flor da serra,,,brasil_aberto,True
MT,5106216,Nova Canaã do Norte,Ouro Branco,ouro branco,,,brasil_aberto,True
MT,5106224,Nova Mutum,Aeroporto,aeroporto,-13.827359,-56.101181,mapbox_geocoding,True
MT,5106224,Nova Mutum,Alto da Colina,alto da colina,-13.820229,-56.084713,mapbox_geocoding,True
MT,5106224,Nova Mutum,Área Rural de Nova Mutum,area rural de nova mutum,-13.8169976,-56.0884274,brasil_aberto_first_street,True
MT,5106224,Nova Mutum,Bela Vista,bela vista,-13.824485,-56.089363,mapbox_geocoding,True
MT,5106224,Nova Mutum,Centro,centro,-13.8190445,-56.0842324,brasil_aberto_first_street,True
MT,5106224,Nova Mutum,Cidade Bela,cidade bela,-13.853461,-56.090806,mapbox_geocoding,True
MT,5106224,Nova Mutum,Cidade Nova,cidade nova,-13.851823,-56.094151,mapbox_geocoding,True
MT,5106224,Nova Mutum,Colina II,colina ii,-13.82726,-56.094267,mapbox_geocoding,True
MT,5106224,Nova Mutum,Comercial José Aparecido Ribeiro,comercial jose aparecido ribeiro,-13.824447,-56.076653,mapbox_geocoding,True
MT,5106224,Nova Mutum,Condomínio Esplanada do Sol,condominio esplanada do sol,-13.824112,-55.705622,mapbox_geocoding,True
MT,5106224,Nova Mutum,Distrito Industrial Marcos Francisco de Moraes,distrito industrial marcos francisco de moraes,-10.653382,-51.565301,mapbox_geocoding,True
MT,5106224,Nova Mutum,Edelmina Querubim Marchetti,edelmina querubim marchetti,-13.842302,-56.095825,mapbox_geocoding,True
MT,5106224,Nova Mutum,Flor do Cerrado,flor do cerrado,-13.798424,-56.073504,mapbox_geocoding,True
MT,5106224,Nova Mutum,Industrial Hilda Strenger Ribeiro,industrial hilda strenger ribeiro,-13.844052,-56.079462,mapbox_geocoding,True
MT,5106224,Nova Mutum,Industrial Norte,industrial norte,-13.824544,-56.07908,mapbox_geocoding,True
MT,5106224,Nova Mutum,Industrial Sul,industrial sul,-13.824544,-56.07908,mapbox_geocoding,True
MT,5106224,Nova Mutum,Jardim,jardim,-13.820229,-56.084713,mapbox_geocoding,True
MT,5106224,Nova Mutum,Jardim Ágata,jardim agata,-13.842302,-56.095825,mapbox_geocoding,True
MT,5106224,Nova Mutum,Jardim América,jardim america,-13.827359,-56.101181,mapbox_geocoding,True
MT,5106224,Nova Mutum,Jardim América II,jardim america ii,-13.827359,-56.101181,mapbox_geocoding,True
MT,5106224,Nova Mutum,Jardim Araguaia,jardim araguaia,-13.803145,-56.076906,mapbox_geocoding,True
MT,5106224,Nova Mutum,Jardim Araguaia II,jardim araguaia ii,-13.80115,-56.077751,mapbox_geocoding,True
MT,5106224,Nova Mutum,Jardim Araguaia III,jardim araguaia iii,-15.880531,-52.285399,mapbox_geocoding,True
MT,5106224,Nova Mutum,Jardim Califórnia,jardim california,-13.828419,-56.106509,mapbox_geocoding,True
MT,5106224,Nova Mutum,Jardim das Araras,jardim das araras,-13.842302,-56.095825,mapbox_geocoding,True
MT,5106224,Nova Mutum,Jardim das Orquídeas,jardim das orquideas,-13.81889,-56.089539,mapbox_geocoding,True
MT,5106224,Nova Mutum,Jardim Europa,jardim europa,-13.827359,-56.101181,mapbox_geocoding,True
MT,5106224,Nova Mutum,Jardim II,jardim ii,-13.820229,-56.084713,mapbox_geocoding,True
MT,5106224,Nova Mutum,Jardim Imperial,jardim imperial,-13.830776,-56.098566,mapbox_geocoding,True
MT,5106224,Nova Mutum,Jardim Itália,jardim italia,-13.842302,-56.095825,mapbox_geocoding,True
MT,5106224,Nova Mutum,Jardim Montreal,jardim montreal,-13.842302,-56.095825,mapbox_geocoding,True
MT,5106224,Nova Mutum,Jardim Primavera,jardim primavera,-13.842302,-56.095825,mapbox_geocoding,True
MT,5106224,Nova Mutum,Jardim Primavera II,jardim primavera ii,-13.842302,-56.095825,mapbox_geocoding,True
MT,5106224,Nova Mutum,Jardim Primavera III,jardim primavera iii,-13.842302,-56.095825,mapbox_geocoding,True
MT,5106224,Nova Mutum,Lírios do Campo II,lirios do campo ii,-13.842302,-56.095825,mapbox_geocoding,True
MT,5106224,Nova Mutum,Loteamento Curió,loteamento curio,-13.82726,-56.094267,mapbox_geocoding,True
MT,5106224,Nova Mutum,Loteamento Lírios do Campo,loteamento lirios do campo,-13.842302,-56.095825,mapbox_geocoding,True
MT,5106224,Nova Mutum,Loteamento Nossa Senhora Aparecida,loteamento nossa senhora aparecida,-13.820229,-56.084713,mapbox_geocoding,True
MT,5106224,Nova Mutum,Loteamento Portofino,loteamento portofino,-13.81889,-56.089539,mapbox_geocoding,True
MT,5106224,Nova Mutum,Loteamento Reserva Técnica,loteamento reserva tecnica,-13.811513,-56.084171,mapbox_geocoding,True
MT,5106224,Nova Mutum,Loteamento Turim,loteamento turim,-13.842302,-56.095825,mapbox_geocoding,True
MT,5106224,Nova Mutum,Loteamento Villa Jardim,loteamento villa jardim,-13.820641,-56.086471,mapbox_geocoding,True
MT,5106224,Nova Mutum,Montserrat,montserrat,-13.792387,-56.085617,mapbox_geocoding,True
MT,5106224,Nova Mutum,Parque das Águias,parque das aguias,-13.824544,-56.07908,mapbox_geocoding,True
MT,5106224,Nova Mutum,Parque das Andorinhas,parque das andorinhas,-13.81889,-56.089539,mapbox_geocoding,True
MT,5106224,Nova Mutum,Parque do Sol,parque do sol,-13.83516,-56.089674,mapbox_geocoding,True
MT,5106224,Nova Mutum,Parque dos Ingás,parque dos ingas,-13.827359,-56.101181,mapbox_geocoding,True
MT,5106224,Nova Mutum,Parque Nova Mutum,parque nova mutum,-13.824447,-56.076653,mapbox_geocoding,True
MT,5106224,Nova Mutum,Ranchão,ranchao,,,dne,True
MT,5106224,Nova Mutum,Residencial Arara-azul,residencial arara azul,-13.842302,-56.095825,mapbox_geocoding,True
MT,5106224,Nova Mutum,Residencial Beija-flor,residencial beija flor,-13.827359,-56.101181,mapbox_geocoding,True
MT,5106224,Nova Mutum,Residencial Buritis,residencial buritis,-13.842302,-56.095825,mapbox_geocoding,True
MT,5106224,Nova Mutum,Residencial das Acácias,residencial das acacias,-13.827359,-56.101181,mapbox_geocoding,True
MT,5106224,Nova Mutum,Residencial das Palmeiras,residencial das palmeiras,-13.792946,-56.068129,mapbox_geocoding,True
MT,5106224,Nova Mutum,Residencial dos Ipês,residencial dos ipes,-13.82726,-56.094267,mapbox_geocoding,True
MT,5106224,Nova Mutum,Residencial Eldorado,residencial eldorado,-13.827359,-56.101181,mapbox_geocoding,True
MT,5106224,Nova Mutum,Residencial Flamboyant,residencial flamboyant,-13.827359,-56.101181,mapbox_geocoding,True
MT,5106224,Nova Mutum,Residencial Paraíso,residencial paraiso,-13.830776,-56.098566,mapbox_geocoding,True
MT,5106224,Nova Mutum,Residencial Veneza,residencial veneza,-13.828419,-56.106509,mapbox_geocoding,True
MT,5106224,Nova Mutum,Residencial Vitória,residencial vitoria,-13.830776,-56.098566,mapbox_geocoding,True
MT,5106224,Nova Mutum,Santa Terezinha,santa terezinha,-13.842302,-56.095825,mapbox_geocoding,True
MT,5106224,Nova Mutum,Santo Inácio,santo inacio,-13.820641,-56.086471,mapbox_geocoding,True
MT,5106224,Nova Mutum,Topázio Residencial,topazio residencial,-13.842302,-56.095825,mapbox_geocoding,True
MT,5106232,Nova Olímpia,Centro,centro,-14.7817759,-57.2885284,brasil_aberto_first_street,True
MT,5106240,Nova Ubiratã,Água Limpa,agua limpa,,,brasil_aberto,True
MT,5106240,Nova Ubiratã,Centro,centro,-13.0339562,-55.25236650000001,brasil_aberto_first_street,True
MT,5106240,Nova Ubiratã,Entre Rios,entre rios,,,dne,True
MT,5106240,Nova Ubiratã,Novo Mato Grosso,novo mato grosso,,,dne,True
MT,5106240,Nova Ubiratã,Parque Água Limpa,parque agua limpa,,,brasil_aberto,True
MT,5106240,Nova Ubiratã,Piratininga,piratininga,,,brasil_aberto,True
MT,5106240,Nova Ubiratã,Santa Terezinha do Rio Ferro,santa terezinha do rio ferro,,,dne,True
MT,5106240,Nova Ubiratã,Santo Antonio do Rio Bonito,santo antonio do rio bonito,,,dne,True
MT,5106257,Nova Xavantina,Centro,centro,-14.6640609,-52.3572838,brasil_aberto_first_street,True
MT,5106257,Nova Xavantina,Nova Brasília,nova brasilia,,,dne,True
MT,5106265,Novo Mundo,Centro,centro,-9.9756062,-55.1765556,brasil_aberto_first_street,True
MT,5106273,Novo Horizonte do Norte,Centro,centro,-11.3924358,-57.3173733,brasil_aberto_first_street,True
MT,5106281,Novo São Joaquim,Centro,centro,-14.9141719,-53.01943559999999,brasil_aberto_first_street,True
MT,5106299,Paranaíta,Centro,centro,-15.6463035,-56.1294025,brasil_aberto_first_street,True
MT,5106307,Paranatinga,Centro,centro,-14.43198,-54.05079060000001,brasil_aberto_first_street,True
MT,5106307,Paranatinga,Salto da Alegria,salto da alegria,,,dne,True
MT,5106307,Paranatinga,Santiago do Norte,santiago do norte,,,dne,True
MT,5106315,Novo Santo Antônio,Centro,centro,-12.2695218,-50.9674555,brasil_aberto_first_street,True
MT,5106372,Pedra Preta,Centro,centro,-16.6209797,-54.4702512,brasil_aberto_first_street,True
MT,5106372,Pedra Preta,Garça Branca,garca branca,-16.6161211,-54.4654975,brasil_aberto_first_street,True
MT,5106372,Pedra Preta,São José do Planalto,sao jose do planalto,,,dne,True
MT,5106422,Peixoto de Azevedo,Centro,centro,-10.2448583,-54.98997240000001,brasil_aberto_first_street,True
MT,5106422,Peixoto de Azevedo,União do Norte,uniao do norte,,,dne,True
MT,5106455,Planalto da Serra,Centro,centro,-14.6598343,-54.77508419999999,brasil_aberto_first_street,True
MT,5106505,Poconé,Cangas,cangas,,,dne,True
MT,5106505,Poconé,Centro,centro,-16.0849445,-56.5695679,brasil_aberto_first_street,True
MT,5106505,Poconé,Chumbo,chumbo,,,brasil_aberto,True
MT,5106505,Poconé,Fazenda de Cima,fazenda de cima,,,dne,True
MT,5106505,Poconé,Nossa Senhora Aparecida do Chumbo,nossa senhora aparecida do chumbo,,,dne,True
MT,5106653,Pontal do Araguaia,Centro,centro,-15.900049,-52.25703379999999,brasil_aberto_first_street,True
MT,5106703,Ponte Branca,Centro,centro,-16.7636688,-52.8348612,brasil_aberto_first_street,True
MT,5106752,Pontes e Lacerda,Centro,centro,-15.2345363,-59.3362201,brasil_aberto_first_street,True
MT,5106778,Porto Alegre do Norte,Centro,centro,-10.8853599,-51.63889200000001,brasil_aberto_first_street,True
MT,5106802,Porto dos Gaúchos,Centro,centro,-11.5344024,-57.40778830000001,brasil_aberto_first_street,True
MT,5106802,Porto dos Gaúchos,Novo Paraná,novo parana,,,dne,True
MT,5106802,Porto dos Gaúchos,São João,sao joao,,,dne,True
MT,5106828,Porto Esperidião,Bocaiuval,bocaiuval,,,dne,True
MT,5106828,Porto Esperidião,Centro,centro,-15.735026,-58.922904,brasil_aberto_first_street,True
MT,5106828,Porto Esperidião,Parque das Américas,parque das americas,-15.853368,-58.4691944,brasil_aberto_first_street,True
MT,5106828,Porto Esperidião,Pedro Neca,pedro neca,,,dne,True
MT,5106828,Porto Esperidião,Vila Cardoso,vila cardoso,,,dne,True
MT,5106851,Porto Estrela,Centro,centro,-15.3266367,-57.1951979,brasil_aberto_first_street,True
MT,5107008,Poxoréu,Alto Coité,alto coite,,,dne,True
MT,5107008,Poxoréu,Aparecida do Leste,aparecida do leste,,,dne,True
MT,5107008,Poxoréu,Centro,centro,-15.8266009,-54.4021042,brasil_aberto_first_street,True
MT,5107008,Poxoréu,Jarudore,jarudore,,,dne,True
MT,5107008,Poxoréu,Paraíso do Leste,paraiso do leste,,,dne,True
MT,5107040,Primavera do Leste,Centro,centro,-15.560012,-54.297686,brasil_aberto_first_street,True
MT,5107040,Primavera do Leste,Jardim das Américas II,jardim das americas ii,-15.5550667,-54.3078193,brasil_aberto_first_street,True
MT,5107040,Primavera do Leste,Jardim Riva,jardim riva,,,brasil_aberto,True
MT,5107040,Primavera do Leste,Residencial Buritis Primavera,residencial buritis primavera,-15.528681,-54.333571,mapbox_geocoding,True
MT,5107065,Querência,Brasil Novo,brasil novo,-15.03408,-52.237519,mapbox_geocoding,True
MT,5107065,Querência,Centro,centro,-11.959204,-52.494694,mapbox_geocoding,True
MT,5107065,Querência,Coutinho,coutinho,,,brasil_aberto,True
MT,5107065,Querência,Coutinho União,coutinho uniao,,,dne,True
MT,5107107,São José dos Quatro Marcos,Jardim Santa Marta,jardim santa marta,-15.6253803,-58.18010549999999,brasil_aberto_first_street,True
MT,5107107,São José dos Quatro Marcos,Santa Fé,santa fe,,,dne,True
MT,5107156,Reserva do Cabaçal,Centro,centro,-15.1238098,-58.38242140000001,brasil_aberto_first_street,True
MT,5107180,Ribeirão Cascalheira,Centro,centro,-12.9429194,-51.826717,brasil_aberto_first_street,True
MT,5107180,Ribeirão Cascalheira,Novo Paraíso,novo paraiso,,,brasil_aberto,True
MT,5107198,Ribeirãozinho,Centro,centro,-16.4876109,-52.69205760000001,brasil_aberto_first_street,True
MT,5107206,Rio Branco,Boa União,boa uniao,,,dne,True
MT,5107206,Rio Branco,Centro,centro,-15.2403704,-58.11599229999999,brasil_aberto_first_street,True
MT,5107248,Santa Carmem,Centro,centro,-11.9758761,-55.2785524,brasil_aberto_first_street,True
MT,5107263,Santo Afonso,Centro,centro,-14.4945399,-56.9992781,brasil_aberto_first_street,True
MT,5107297,São José do Povo,Centro,centro,-16.4652679,-54.2534886,brasil_aberto_first_street,True
MT,5107305,São José do Rio Claro,Catuai,catuai,,,brasil_aberto,True
MT,5107305,São José do Rio Claro,Centro,centro,-13.4469642,-56.7211485,brasil_aberto_first_street,True
MT,5107354,São José do Xingu,Centro,centro,-10.8065363,-52.7313862,brasil_aberto_first_street,True
MT,5107354,São José do Xingu,Santo Antônio,santo antonio,,,brasil_aberto,True
MT,5107404,São Pedro da Cipa,Centro,centro,-16.0004185,-54.9211793,brasil_aberto_first_street,True
MT,5107578,Rondolândia,Centro,centro,-10.842202,-61.4596389,brasil_aberto_first_street,True
MT,5107578,Rondolândia,Terra Indígena Piripkura,terra indigena piripkura,,,dne,True
MT,5107602,Rondonópolis,Ainhumas,ainhumas,,,dne,True
MT,5107602,Rondonópolis,Área Rural de Rondonópolis,area rural de rondonopolis,-16.4654757,-54.6387229,brasil_aberto_first_street,True
MT,5107602,Rondonópolis,Boa Vista,boa vista,,,dne,True
MT,5107602,Rondonópolis,Centro,centro,-16.4704655,-54.629662,brasil_aberto_first_street,True
MT,5107602,Rondonópolis,Chácara Alegria,chacara alegria,-16.4787435,-54.5862499,brasil_aberto_first_street,True
MT,5107602,Rondonópolis,Chácara Beija-Flor,chacara beija flor,-16.4396725,-54.6656631,brasil_aberto_first_street,True
MT,5107602,Rondonópolis,Chácara Beira Rio,chacara beira rio,-16.4564135,-54.6728451,brasil_aberto_first_street,True
MT,5107602,Rondonópolis,Chácara Globo Recreio,chacara globo recreio,-16.4163285,-54.5951246,brasil_aberto_first_street,True
MT,5107602,Rondonópolis,Chácara Residencial Parque das Nações,chacara residencial parque das nacoes,-16.4932149,-54.6014755,brasil_aberto_first_street,True
MT,5107602,Rondonópolis,Chácaras Adriana Quito,chacaras adriana quito,-16.4759332,-54.6638491,brasil_aberto_first_street,True
MT,5107602,Rondonópolis,Chácaras Estrela D'Alva,chacaras estrela d alva,-16.474877,-54.546927,mapbox_geocoding,True
MT,5107602,Rondonópolis,Chácaras Nossa Senhora da Guia,chacaras nossa senhora da guia,-16.490865,-54.6049971,brasil_aberto_first_street,True
MT,5107602,Rondonópolis,Chácaras Paraíso,chacaras paraiso,-16.4892044,-54.6026752,brasil_aberto_first_street,True
MT,5107602,Rondonópolis,Cidade Natal,cidade natal,-16.4375971,-54.6191328,brasil_aberto_first_street,True
MT,5107602,Rondonópolis,Cidade Salmen,cidade salmen,-16.4731012,-54.65200309999999,brasil_aberto_first_street,True
MT,5107602,Rondonópolis,Cidade Universitária,cidade universitaria,-16.4770471,-54.5973244,brasil_aberto_first_street,True
MT,5107602,Rondonópolis,Colina Verde,colina verde,-16.4835662,-54.6085978,brasil_aberto_first_street,True
MT,5107602,Rondonópolis,Condomínio do Bosque,condominio do bosque,-16.487414,-54.634009,mapbox_geocoding,True
MT,5107602,Rondonópolis,Condomínio do Bosque II,condominio do bosque ii,-16.495348,-54.625168,mapbox_geocoding,True
MT,5107602,Rondonópolis,Condomínio Residencial Melchíades Figueiredo Miranda - I,condominio residencial melchiades figueiredo miranda i,-16.419675,-54.675451,mapbox_geocoding,True
MT,5107602,Rondonópolis,Condomínio Residencial Melchíades Figueiredo Miranda - II,condominio residencial melchiades figueiredo miranda ii,-16.423668,-54.67243,mapbox_geocoding,True
MT,5107602,Rondonópolis,Condomínio Residencial Melchíades Figueiredo Miranda - III,condominio residencial melchiades figueiredo miranda iii,-16.419675,-54.675451,mapbox_geocoding,True
MT,5107602,Rondonópolis,Conjunto Habitacional Cidade de Deus,conjunto habitacional cidade de deus,-16.4765274,-54.5852315,brasil_aberto_first_street,True
MT,5107602,Rondonópolis,Conjunto Habitacional Lúcia Maggi,conjunto habitacional lucia maggi,-16.4498516,-54.6034889,brasil_aberto_first_street,True
MT,5107602,Rondonópolis,Conjunto Residencial Celina Bezerra,conjunto residencial celina bezerra,-15.682421,-48.244709,mapbox_geocoding,True
MT,5107602,Rondonópolis,Coophalis,coophalis,-16.4763657,-54.6139479,brasil_aberto_first_street,True
MT,5107602,Rondonópolis,Coophasem,coophasem,-16.4748413,-54.61048899999999,brasil_aberto_first_street,True
MT,5107602,Rondonópolis,Distrito Industrial,distrito industrial,-16.4716474,-54.6682216,brasil_aberto_first_street,True
MT,5107602,Rondonópolis,Distrito Industrial Augusto Bortoli Razia,distrito industrial augusto bortoli razia,-16.4944122,-54.6476525,brasil_aberto_first_street,True
MT,5107602,Rondonópolis,Jardim América,jardim america,-16.4422737,-54.6373894,brasil_aberto_first_street,True
MT,5107602,Rondonópolis,Jardim Ana Carla,jardim ana carla,-16.4684085,-54.6765497,brasil_aberto_first_street,True
MT,5107602,Rondonópolis,Jardim Arco Íris,jardim arco iris,-16.4705831,-54.540301,brasil_aberto_first_street,True
MT,5107602,Rondonópolis,Jardim Assunção,jardim assuncao,-16.4541404,-54.6239686,brasil_aberto_first_street,True
MT,5107602,Rondonópolis,Jardim Atlântico,jardim atlantico,-16.4694836,-54.579506,brasil_aberto_first_street,True
MT,5107602,Rondonópolis,Jardim Beira Rio,jardim beira rio,-16.4709645,-54.6237701,brasil_aberto_first_street,True
MT,5107602,Rondonópolis,Jardim Bela Vista,jardim bela vista,-16.446643,-54.6248375,brasil_aberto_first_street,True
MT,5107602,Rondonópolis,Jardim Belo Horizonte,jardim belo horizonte,-16.4620427,-54.6533465,brasil_aberto_first_street,True
MT,5107602,Rondonópolis,Jardim Belo Panorama,jardim belo panorama,-16.4559331,-54.6126428,brasil_aberto_first_street,True
MT,5107602,Rondonópolis,Jardim Bispo Pedro Casaldáliga,jardim bispo pedro casaldaliga,-16.4778464,-54.5846947,brasil_aberto_first_street,True
MT,5107602,Rondonópolis,Jardim Brasil,jardim brasil,-16.4335995,-54.6190881,brasil_aberto_first_street,True
MT,5107602,Rondonópolis,Jardim Brasília,jardim brasilia,-16.466214,-54.6187303,brasil_aberto_first_street,True
MT,5107602,Rondonópolis,Jardim Copacabana,jardim copacabana,-16.4378622,-54.6348149,brasil_aberto_first_street,True
MT,5107602,Rondonópolis,Jardim Cuiabá,jardim cuiaba,-16.4682729,-54.6256741,brasil_aberto_first_street,True
MT,5107602,Rondonópolis,Jardim da Mata,jardim da mata,-16.4441618,-54.6594776,brasil_aberto_first_street,True
MT,5107602,Rondonópolis,Jardim da Mata II,jardim da mata ii,-16.4444721,-54.6643849,brasil_aberto_first_street,True
MT,5107602,Rondonópolis,Jardim das Flores,jardim das flores,-16.4269611,-54.6138659,brasil_aberto_first_street,True
MT,5107602,Rondonópolis,Jardim das Paineiras,jardim das paineiras,-16.460383,-54.6648165,brasil_aberto_first_street,True
MT,5107602,Rondonópolis,Jardim Dinalva Muniz,jardim dinalva muniz,-16.4265599,-54.643359,brasil_aberto_first_street,True
MT,5107602,Rondonópolis,Jardim do Parque,jardim do parque,-16.4369263,-54.6652243,brasil_aberto_first_street,True
MT,5107602,Rondonópolis,Jardim do Parque II,jardim do parque ii,-16.5030505,-54.6431721,brasil_aberto_first_street,True
MT,5107602,Rondonópolis,Jardim do Sol,jardim do sol,-16.4401858,-54.6494506,brasil_aberto_first_street,True
MT,5107602,Rondonópolis,Jardim Dom Bosco,jardim dom bosco,-16.4457929,-54.6109128,brasil_aberto_first_street,True
MT,5107602,Rondonópolis,Jardim dos Pioneiros,jardim dos pioneiros,-16.462301,-54.6177395,brasil_aberto_first_street,True
MT,5107602,Rondonópolis,Jardim Du Kita,jardim du kita,-16.493276,-54.589962,mapbox_geocoding,True
MT,5107602,Rondonópolis,Jardim Ebenezer,jardim ebenezer,-16.4503004,-54.6347206,brasil_aberto_first_street,True
MT,5107602,Rondonópolis,Jardim Eldorado,jardim eldorado,-16.4341823,-54.635203,brasil_aberto_first_street,True
MT,5107602,Rondonópolis,Jardim Eldorado II,jardim eldorado ii,-16.4307532,-54.676657,brasil_aberto_first_street,True
MT,5107602,Rondonópolis,Jardim Esmeralda,jardim esmeralda,-16.4561126,-54.649344,brasil_aberto_first_street,True
MT,5107602,Rondonópolis,Jardim Europa,jardim europa,-16.4708585,-54.5738186,brasil_aberto_first_street,True
MT,5107602,Rondonópolis,Jardim Gloria,jardim gloria,-16.4594236,-54.6176718,brasil_aberto_first_street,True
MT,5107602,Rondonópolis,Jardim Gramado I,jardim gramado i,-16.4422737,-54.6373894,brasil_aberto_first_street,True
MT,5107602,Rondonópolis,Jardim Gramado II,jardim gramado ii,-16.4422737,-54.6373894,brasil_aberto_first_street,True
MT,5107602,Rondonópolis,Jardim Guanabara,jardim guanabara,-16.4604011,-54.6410211,brasil_aberto_first_street,True
MT,5107602,Rondonópolis,Jardim Guanabara II,jardim guanabara ii,-16.450246,-54.648162,brasil_aberto_first_street,True
MT,5107602,Rondonópolis,Jardim HD,jardim hd,-16.4345996,-54.6497049,brasil_aberto_first_street,True
MT,5107602,Rondonópolis,Jardim Iguassu,jardim iguassu,-16.4597719,-54.6054765,brasil_aberto_first_street,True
MT,5107602,Rondonópolis,Jardim Iguassu II,jardim iguassu ii,-16.453606,-54.6064231,brasil_aberto_first_street,True
MT,5107602,Rondonópolis,Jardim Ipanema,jardim ipanema,-16.4785246,-54.64489,brasil_aberto_first_street,True
MT,5107602,Rondonópolis,Jardim Ipê,jardim ipe,-16.4452283,-54.631404,brasil_aberto_first_street,True
MT,5107602,Rondonópolis,Jardim Ipiranga III,jardim ipiranga iii,-16.4654757,-54.6387229,brasil_aberto_first_street,True
MT,5107602,Rondonópolis,Jardim Itapuã,jardim itapua,-16.4534962,-54.6238567,brasil_aberto_first_street,True
MT,5107602,Rondonópolis,Jardim Kenia,jardim kenia,-16.4464613,-54.6343442,brasil_aberto_first_street,True
MT,5107602,Rondonópolis,Jardim Liberdade,jardim liberdade,-16.4341616,-54.6481543,brasil_aberto_first_street,True
MT,5107602,Rondonópolis,Jardim Liberdade II,jardim liberdade ii,-16.4351519,-54.6512959,brasil_aberto_first_street,True
MT,5107602,Rondonópolis,Jardim Lourdes,jardim lourdes,-16.4711412,-54.6468413,brasil_aberto_first_street,True
MT,5107602,Rondonópolis,Jardim Luz da Yara,jardim luz da yara,-16.4440316,-54.6238983,brasil_aberto_first_street,True
MT,5107602,Rondonópolis,Jardim Maracanã,jardim maracana,-16.4780387,-54.6597764,brasil_aberto_first_street,True
MT,5107602,Rondonópolis,Jardim Marajó,jardim marajo,-16.4346079,-54.6286951,brasil_aberto_first_street,True
MT,5107602,Rondonópolis,Jardim Maria Tereza,jardim maria tereza,-16.4792958,-54.6684331,brasil_aberto_first_street,True
MT,5107602,Rondonópolis,Jardim Maria Vetorasso,jardim maria vetorasso,-16.5106138,-54.62863,brasil_aberto_first_street,True
MT,5107602,Rondonópolis,Jardim Maria Vetorasso - 2ª Parte,jardim maria vetorasso 2a parte,-16.507403,-54.6276074,brasil_aberto_first_street,True
MT,5107602,Rondonópolis,Jardim Marialva,jardim marialva,-16.4514761,-54.6239328,brasil_aberto_first_street,True
MT,5107602,Rondonópolis,Jardim Mato Grosso,jardim mato grosso,-16.4808861,-54.6139497,brasil_aberto_first_street,True
MT,5107602,Rondonópolis,Jardim Mirassol,jardim mirassol,-16.4352384,-54.6374955,brasil_aberto_first_street,True
MT,5107602,Rondonópolis,Jardim Modelo,jardim modelo,-16.4446347,-54.6204987,brasil_aberto_first_street,True
MT,5107602,Rondonópolis,Jardim Montreal,jardim montreal,-16.45533,-54.548165,mapbox_geocoding,True
MT,5107602,Rondonópolis,Jardim Morada dos Bandeirantes,jardim morada dos bandeirantes,-16.4544288,-54.63601,brasil_aberto_first_street,True
MT,5107602,Rondonópolis,Jardim Morumbi,jardim morumbi,-16.4759716,-54.660684,brasil_aberto_first_street,True
MT,5107602,Rondonópolis,Jardim Nilmara,jardim nilmara,-16.4335357,-54.6317575,brasil_aberto_first_street,True
MT,5107602,Rondonópolis,Jardim Nossa Senhora da Glória,jardim nossa senhora da gloria,-16.442105,-54.6303144,brasil_aberto_first_street,True
MT,5107602,Rondonópolis,Jardim Novo Horizonte,jardim novo horizonte,-16.4489743,-54.6551731,brasil_aberto_first_street,True
MT,5107602,Rondonópolis,Jardim Oliveira,jardim oliveira,-16.4610018,-54.6259544,brasil_aberto_first_street,True
MT,5107602,Rondonópolis,Jardim Padre Rodolfo Lunkenbein,jardim padre rodolfo lunkenbein,-16.4558488,-54.6357285,brasil_aberto_first_street,True
MT,5107602,Rondonópolis,Jardim Paiaguás,jardim paiaguas,-16.4299596,-54.6760944,brasil_aberto_first_street,True
MT,5107602,Rondonópolis,Jardim Paulista,jardim paulista,-16.4675146,-54.62484,brasil_aberto_first_street,True
MT,5107602,Rondonópolis,Jardim Pindorama I,jardim pindorama i,-16.4524317,-54.6410617,brasil_aberto_first_street,True
MT,5107602,Rondonópolis,Jardim Pindorama II,jardim pindorama ii,-16.4523705,-54.6404361,brasil_aberto_first_street,True
MT,5107602,Rondonópolis,Jardim Primavera I,jardim primavera i,-16.4500265,-54.6173371,brasil_aberto_first_street,True
MT,5107602,Rondonópolis,Jardim Primavera II,jardim primavera ii,-16.4493372,-54.613852,brasil_aberto_first_street,True
MT,5107602,Rondonópolis,Jardim Progresso,jardim progresso,-16.4272228,-54.633489,brasil_aberto_first_street,True
MT,5107602,Rondonópolis,Jardim Recanto da Vila Mineira,jardim recanto da vila mineira,-16.388721,-54.408491,mapbox_geocoding,True
MT,5107602,Rondonópolis,Jardim Reis,jardim reis,-16.4342982,-54.6274359,brasil_aberto_first_street,True
MT,5107602,Rondonópolis,Jardim Residencial Carlos Bezerra I,jardim residencial carlos bezerra i,-16.4483303,-54.6317365,brasil_aberto_first_street,True
MT,5107602,Rondonópolis,Jardim Residencial Carlos Bezerra II,jardim residencial carlos bezerra ii,-16.4202554,-54.6355521,brasil_aberto_first_street,True
MT,5107602,Rondonópolis,Jardim Residencial Dona Neuma,jardim residencial dona neuma,-16.456032,-54.654101,mapbox_geocoding,True
MT,5107602,Rondonópolis,Jardim Residencial Francisca Garcete de Almeida,jardim residencial francisca garcete de almeida,-16.4832768,-54.5845811,brasil_aberto_first_street,True
MT,5107602,Rondonópolis,Jardim Residencial João Moraes,jardim residencial joao moraes,-16.4377075,-54.6705923,brasil_aberto_first_street,True
MT,5107602,Rondonópolis,Jardim Residencial Mathias Neves,jardim residencial mathias neves,-16.4275103,-54.6805683,brasil_aberto_first_street,True
MT,5107602,Rondonópolis,Jardim Residencial Porto Ferreira,jardim residencial porto ferreira,-16.460787,-54.641445,mapbox_geocoding,True
MT,5107602,Rondonópolis,Jardim Residencial São José,jardim residencial sao jose,-16.4687102,-54.6151486,brasil_aberto_first_street,True
MT,5107602,Rondonópolis,Jardim Residencial Sunflower,jardim residencial sunflower,-16.4650105,-54.5952598,brasil_aberto_first_street,True
MT,5107602,Rondonópolis,Jardim Rivera,jardim rivera,-16.4385906,-54.6255021,brasil_aberto_first_street,True
MT,5107602,Rondonópolis,Jardim Rondônia,jardim rondonia,-16.4667507,-54.6044399,brasil_aberto_first_street,True
MT,5107602,Rondonópolis,Jardim Royal Boulevard do Cerrado,jardim royal boulevard do cerrado,-16.4641686,-54.5899205,brasil_aberto_first_street,True
MT,5107602,Rondonópolis,Jardim Rui Barbosa,jardim rui barbosa,-16.4557199,-54.6630942,brasil_aberto_first_street,True
MT,5107602,Rondonópolis,Jardim Santa Bárbara,jardim santa barbara,-16.4468206,-54.6284651,brasil_aberto_first_street,True
MT,5107602,Rondonópolis,Jardim Santa Clara I,jardim santa clara i,-16.4549336,-54.6290858,brasil_aberto_first_street,True
MT,5107602,Rondonópolis,Jardim Santa Clara II,jardim santa clara ii,-16.4546409,-54.630479,brasil_aberto_first_street,True
MT,5107602,Rondonópolis,Jardim Santa Fé,jardim santa fe,-16.4368513,-54.6375728,brasil_aberto_first_street,True
MT,5107602,Rondonópolis,Jardim Santa Luzia,jardim santa luzia,-16.4555419,-54.635789,brasil_aberto_first_street,True
MT,5107602,Rondonópolis,Jardim Santa Marta,jardim santa marta,-16.4478113,-54.6471444,brasil_aberto_first_street,True
MT,5107602,Rondonópolis,Jardim Santa Rosa,jardim santa rosa,-16.451233,-54.6349628,brasil_aberto_first_street,True
MT,5107602,Rondonópolis,Jardim São Bento,jardim sao bento,-16.4252396,-54.6379457,brasil_aberto_first_street,True
MT,5107602,Rondonópolis,Jardim São Francisco,jardim sao francisco,-16.4703516,-54.6262843,brasil_aberto_first_street,True
MT,5107602,Rondonópolis,Jardim Serra Dourada I,jardim serra dourada i,-16.4298925,-54.643165,brasil_aberto_first_street,True
MT,5107602,Rondonópolis,Jardim Serra Dourada II,jardim serra dourada ii,-16.4404075,-54.6425056,brasil_aberto_first_street,True
MT,5107602,Rondonópolis,Jardim Sumaré,jardim sumare,-16.4316087,-54.6228841,brasil_aberto_first_street,True
MT,5107602,Rondonópolis,Jardim Taiti,jardim taiti,-16.44074,-54.6138576,brasil_aberto_first_street,True
MT,5107602,Rondonópolis,Jardim Tancredo Neves,jardim tancredo neves,-16.4529502,-54.6713747,brasil_aberto_first_street,True
MT,5107602,Rondonópolis,Jardim Três Poderes,jardim tres poderes,-16.424934,-54.6301435,brasil_aberto_first_street,True
MT,5107602,Rondonópolis,Jardim Tropical,jardim tropical,-16.4379991,-54.6376245,brasil_aberto_first_street,True
MT,5107602,Rondonópolis,Jardim Urupês,jardim urupes,-16.4626156,-54.6358447,brasil_aberto_first_street,True
MT,5107602,Rondonópolis,Jardim Vera Cruz,jardim vera cruz,-16.4549919,-54.6287886,brasil_aberto_first_street,True
MT,5107602,Rondonópolis,Jardim Village do Cerrado,jardim village do cerrado,-16.4674421,-54.5834532,brasil_aberto_first_street,True
MT,5107602,Rondonópolis,Jardim Vitória Régia,jardim vitoria regia,-16.467849,-54.573516,mapbox_geocoding,True
MT,5107602,Rondonópolis,La Salle I,la salle i,-16.4635625,-54.6387015,brasil_aberto_first_street,True
MT,5107602,Rondonópolis,La Salle II,la salle ii,-16.4600617,-54.6406508,brasil_aberto_first_street,True
MT,5107602,Rondonópolis,Loteamento Alves,loteamento alves,-16.4615174,-54.6469933,brasil_aberto_first_street,True
MT,5107602,Rondonópolis,Loteamento Cellos,loteamento cellos,-16.4574484,-54.6301695,brasil_aberto_first_street,True
MT,5107602,Rondonópolis,Loteamento Cellos II,loteamento cellos ii,-16.4609227,-54.6290729,brasil_aberto_first_street,True
MT,5107602,Rondonópolis,Loteamento Chácaras Pica-pau,loteamento chacaras pica pau,-16.4892197,-54.6028556,brasil_aberto_first_street,True
MT,5107602,Rondonópolis,Loteamento Esplanada,loteamento esplanada,-16.4558488,-54.6357285,brasil_aberto_first_street,True
MT,5107602,Rondonópolis,Loteamento Green Valley,loteamento green valley,-16.4830665,-54.588798,brasil_aberto_first_street,True
MT,5107602,Rondonópolis,Loteamento Jacob,loteamento jacob,-16.4714557,-54.6438026,brasil_aberto_first_street,True
MT,5107602,Rondonópolis,Loteamento Jambalaia I,loteamento jambalaia i,-16.4665047,-54.620585,brasil_aberto_first_street,True
MT,5107602,Rondonópolis,Loteamento Jambalaia II,loteamento jambalaia ii,-16.4708747,-54.6284664,brasil_aberto_first_street,True
MT,5107602,Rondonópolis,Loteamento João de Barro,loteamento joao de barro,-16.4410106,-54.6479172,brasil_aberto_first_street,True
MT,5107602,Rondonópolis,Loteamento Kennedy,loteamento kennedy,-16.4701905,-54.6261143,brasil_aberto_first_street,True
MT,5107602,Rondonópolis,Loteamento Melchíades Figueiredo Miranda,loteamento melchiades figueiredo miranda,-16.419675,-54.675451,mapbox_geocoding,True
MT,5107602,Rondonópolis,Loteamento Monte Líbano,loteamento monte libano,-16.449835,-54.64926,brasil_aberto_first_street,True
MT,5107602,Rondonópolis,Loteamento Nossa Senhora Aparecida,loteamento nossa senhora aparecida,-16.4571645,-54.6352539,brasil_aberto_first_street,True
MT,5107602,Rondonópolis,Loteamento Nossa Senhora do Amparo,loteamento nossa senhora do amparo,-16.4643543,-54.6119258,brasil_aberto_first_street,True
MT,5107602,Rondonópolis,Loteamento Olivina,loteamento olivina,-16.4558541,-54.6245405,brasil_aberto_first_street,True
MT,5107602,Rondonópolis,Loteamento Padre Ezequiel Ramim,loteamento padre ezequiel ramim,-16.4272952,-54.6260105,brasil_aberto_first_street,True
MT,5107602,Rondonópolis,Loteamento Padre João Bosco Burnier,loteamento padre joao bosco burnier,-16.4252282,-54.6262533,brasil_aberto_first_street,True
MT,5107602,Rondonópolis,Loteamento Parque das Rosas,loteamento parque das rosas,-16.4858984,-54.5981685,brasil_aberto_first_street,True
MT,5107602,Rondonópolis,Loteamento Parque dos Lírios,loteamento parque dos lirios,-16.4271473,-54.6260203,brasil_aberto_first_street,True
MT,5107602,Rondonópolis,Loteamento Pedra 90,loteamento pedra 90,-16.4556615,-54.6604473,brasil_aberto_first_street,True
MT,5107602,Rondonópolis,Loteamento Quitéria Teruel Lopes,loteamento quiteria teruel lopes,-16.4476124,-54.6421049,brasil_aberto_first_street,True
MT,5107602,Rondonópolis,Loteamento Recanto do Parque,loteamento recanto do parque,-16.4523444,-54.6228703,brasil_aberto_first_street,True
MT,5107602,Rondonópolis,Loteamento Residencial Alfredo de Castro Araújo,loteamento residencial alfredo de castro araujo,-16.4630036,-54.5472809,brasil_aberto_first_street,True
MT,5107602,Rondonópolis,Loteamento Residencial Altamirando,loteamento residencial altamirando,-16.4752292,-54.5488063,brasil_aberto_first_street,True
MT,5107602,Rondonópolis,Loteamento Residencial Antônio Geraldini,loteamento residencial antonio geraldini,-16.4904258,-54.5854484,brasil_aberto_first_street,True
MT,5107602,Rondonópolis,Loteamento Residencial Dom Osório Stoffel,loteamento residencial dom osorio stoffel,-16.4321763,-54.6584361,brasil_aberto_first_street,True
MT,5107602,Rondonópolis,Loteamento Residencial Juscelino Ferreira de Farias,loteamento residencial juscelino ferreira de farias,-16.470283,-54.5611958,brasil_aberto_first_street,True
MT,5107602,Rondonópolis,Loteamento Residencial Maria José Fernandes de Souza,loteamento residencial maria jose fernandes de souza,-16.4612733,-54.6086279,brasil_aberto_first_street,True
MT,5107602,Rondonópolis,Loteamento Residencial Três Américas,loteamento residencial tres americas,-16.4690956,-54.5700805,brasil_aberto_first_street,True
MT,5107602,Rondonópolis,Loteamento Santa Esther,loteamento santa esther,-16.4694354,-54.6105507,brasil_aberto_first_street,True
MT,5107602,Rondonópolis,Loteamento Santa Laura,loteamento santa laura,-16.4656429,-54.6151293,brasil_aberto_first_street,True
MT,5107602,Rondonópolis,Loteamento Santos Dumont,loteamento santos dumont,-16.4592821,-54.6322435,brasil_aberto_first_street,True
MT,5107602,Rondonópolis,Loteamento Sítios de Recreio São Rosalvo,loteamento sitios de recreio sao rosalvo,-16.4949405,-54.5861089,brasil_aberto_first_street,True
MT,5107602,Rondonópolis,Loteamento Valécia Cristina,loteamento valecia cristina,-16.4690179,-54.6378361,brasil_aberto_first_street,True
MT,5107602,Rondonópolis,Loteamento Vila Valéria Cristina,loteamento vila valeria cristina,,,brasil_aberto,True
MT,5107602,Rondonópolis,Loteamento Zé Sobrinho,loteamento ze sobrinho,-16.4396929,-54.6592396,brasil_aberto_first_street,True
MT,5107602,Rondonópolis,Micro Distrito Anézio Pereira de Oliveira,micro distrito anezio pereira de oliveira,-16.4114435,-54.619692,brasil_aberto_first_street,True
MT,5107602,Rondonópolis,Morada do Paraty,morada do paraty,-16.4635039,-54.637266,brasil_aberto_first_street,True
MT,5107602,Rondonópolis,Nova Catanduva,nova catanduva,,,dne,True
MT,5107602,Rondonópolis,Nova Galileia,nova galileia,,,dne,True
MT,5107602,Rondonópolis,Novo Horizonte,novo horizonte,-16.4373648,-54.6478235,brasil_aberto_first_street,True
MT,5107602,Rondonópolis,Núcleo Habitacional Marechal Rondon,nucleo habitacional marechal rondon,-16.4286564,-54.65406050000001,brasil_aberto_first_street,True
MT,5107602,Rondonópolis,Núcleo Habitacional Participação,nucleo habitacional participacao,-16.4643863,-54.6089117,brasil_aberto_first_street,True
MT,5107602,Rondonópolis,Núcleo Habitacional Rio Vermelho,nucleo habitacional rio vermelho,-16.4799205,-54.6179967,brasil_aberto_first_street,True
MT,5107602,Rondonópolis,Nucleo Habitacional São José I,nucleo habitacional sao jose i,-16.4705825,-54.5813101,brasil_aberto_first_street,True
MT,5107602,Rondonópolis,Nucleo Habitacional São José II,nucleo habitacional sao jose ii,-16.4404075,-54.6425056,brasil_aberto_first_street,True
MT,5107602,Rondonópolis,Nucleo Habitacional São José III,nucleo habitacional sao jose iii,-16.4340791,-54.6457994,brasil_aberto_first_street,True
MT,5107602,Rondonópolis,Parque Industrial Fabrício Vetorasso Mendes,parque industrial fabricio vetorasso mendes,-16.5021335,-54.6379529,brasil_aberto_first_street,True
MT,5107602,Rondonópolis,Parque Industrial Intermodal de Rondonópolis,parque industrial intermodal de rondonopolis,-16.489563,-54.586092,mapbox_geocoding,True
MT,5107602,Rondonópolis,Parque Industrial Vetorasso,parque industrial vetorasso,-16.5023017,-54.6396599,brasil_aberto_first_street,True
MT,5107602,Rondonópolis,Parque Real,parque real,-16.4814015,-54.6195715,brasil_aberto_first_street,True
MT,5107602,Rondonópolis,Parque Residencial André Maggi,parque residencial andre maggi,-16.4692151,-54.6284865,brasil_aberto_first_street,True
MT,5107602,Rondonópolis,Parque Residencial Buriti,parque residencial buriti,-16.4405146,-54.6473354,brasil_aberto_first_street,True
MT,5107602,Rondonópolis,Parque Residencial Cidade Alta,parque residencial cidade alta,-16.4674392,-54.6050501,brasil_aberto_first_street,True
MT,5107602,Rondonópolis,Parque Residencial Nova Era,parque residencial nova era,-16.4315663,-54.6474429,brasil_aberto_first_street,True
MT,5107602,Rondonópolis,Parque Residencial Oasis,parque residencial oasis,-16.4583445,-54.6665466,brasil_aberto_first_street,True
MT,5107602,Rondonópolis,Parque Residencial Universitário,parque residencial universitario,-16.4538215,-54.6733461,brasil_aberto_first_street,True
MT,5107602,Rondonópolis,Parque Rosa Bororo,parque rosa bororo,-16.450935,-54.62753,mapbox_geocoding,True
MT,5107602,Rondonópolis,Parque Sagrada Família,parque sagrada familia,-16.4844197,-54.6093171,brasil_aberto_first_street,True
MT,5107602,Rondonópolis,Parque São Jorge,parque sao jorge,-16.4854002,-54.5919041,brasil_aberto_first_street,True
MT,5107602,Rondonópolis,Ponte de Pedra,ponte de pedra,,,dne,True
MT,5107602,Rondonópolis,Prolongamento Jardim Mato Grosso,prolongamento jardim mato grosso,-16.480106,-54.6147296,brasil_aberto_first_street,True
MT,5107602,Rondonópolis,Residencial Acácias,residencial acacias,-16.4802009,-54.661877,brasil_aberto_first_street,True
MT,5107602,Rondonópolis,Residencial Antônio Geraldino,residencial antonio geraldino,,,brasil_aberto,True
MT,5107602,Rondonópolis,Residencial Bela Vista,residencial bela vista,-16.4923197,-54.6276072,brasil_aberto_first_street,True
MT,5107602,Rondonópolis,Residencial das Orquídeas,residencial das orquideas,-16.4612733,-54.6086279,brasil_aberto_first_street,True
MT,5107602,Rondonópolis,Residencial Edelmina Querobin Marchetti,residencial edelmina querobin marchetti,-17.305661,-53.220031,mapbox_geocoding,True
MT,5107602,Rondonópolis,Residencial Jardim das Hortências,residencial jardim das hortencias,-16.4516942,-54.617513,brasil_aberto_first_street,True
MT,5107602,Rondonópolis,Residencial João Antônio Fagundes,residencial joao antonio fagundes,-16.4895276,-54.5855972,brasil_aberto_first_street,True
MT,5107602,Rondonópolis,Residencial João Antônio Fagundes - 2ª Parte,residencial joao antonio fagundes 2a parte,-16.489563,-54.586092,mapbox_geocoding,True
MT,5107602,Rondonópolis,Residencial Lageadinho,residencial lageadinho,-16.4628134,-54.6287322,brasil_aberto_first_street,True
MT,5107602,Rondonópolis,Residencial Magnólia Angélica de Araujo,residencial magnolia angelica de araujo,-16.4779981,-54.59188,brasil_aberto_first_street,True
MT,5107602,Rondonópolis,Residencial Mariela,residencial mariela,-16.4316842,-54.6428053,brasil_aberto_first_street,True
MT,5107602,Rondonópolis,Residencial Padre Lothar,residencial padre lothar,-16.4319879,-54.6674556,brasil_aberto_first_street,True
MT,5107602,Rondonópolis,Residencial Paraíso,residencial paraiso,-16.4835628,-54.5863802,brasil_aberto_first_street,True
MT,5107602,Rondonópolis,Residencial Parque das Laranjeiras,residencial parque das laranjeiras,-16.4367106,-54.5922045,brasil_aberto_first_street,True
MT,5107602,Rondonópolis,Residencial Santa Clara,residencial santa clara,-16.4453166,-54.6138999,brasil_aberto_first_street,True
MT,5107602,Rondonópolis,Residencial Santa Marina,residencial santa marina,-16.4746575,-54.6076848,brasil_aberto_first_street,True
MT,5107602,Rondonópolis,Residencial Sítio Farias,residencial sitio farias,-16.4923111,-54.5923542,brasil_aberto_first_street,True
MT,5107602,Rondonópolis,Residencial Vila Mineira,residencial vila mineira,-16.4203505,-54.6211826,brasil_aberto_first_street,True
MT,5107602,Rondonópolis,Residencial Villa Toscana,residencial villa toscana,-16.4949645,-54.6257398,brasil_aberto_first_street,True
MT,5107602,Rondonópolis,Santa Cruz,santa cruz,-16.4547495,-54.6298793,brasil_aberto_first_street,True
MT,5107602,Rondonópolis,Setor Residencial Granville I,setor residencial granville i,-16.467575,-54.596007,mapbox_geocoding,True
MT,5107602,Rondonópolis,Setor Residencial Granville II,setor residencial granville ii,-16.4602026,-54.5963113,brasil_aberto_first_street,True
MT,5107602,Rondonópolis,Setor Rodoviária,setor rodoviaria,-16.4481836,-54.6655661,brasil_aberto_first_street,True
MT,5107602,Rondonópolis,Sítio de Recreio Boa Vista,sitio de recreio boa vista,-16.214492,-54.7785926,brasil_aberto_first_street,True
MT,5107602,Rondonópolis,Sítios de Recreio Recanto Maria Flávia,sitios de recreio recanto maria flavia,-16.5063836,-54.6358297,brasil_aberto_first_street,True
MT,5107602,Rondonópolis,Três Pontes,tres pontes,,,dne,True
MT,5107602,Rondonópolis,Verde Teto,verde teto,-16.5097255,-54.6225196,brasil_aberto_first_street,True
MT,5107602,Rondonópolis,Vila Adriana,vila adriana,-16.4428756,-54.6614187,brasil_aberto_first_street,True
MT,5107602,Rondonópolis,Vila Andréa,vila andrea,-16.4617164,-54.6526181,brasil_aberto_first_street,True
MT,5107602,Rondonópolis,Vila Andréia,vila andreia,,,brasil_aberto,True
MT,5107602,Rondonópolis,Vila Aurora,vila aurora,-16.487019,-54.6097123,brasil_aberto_first_street,True
MT,5107602,Rondonópolis,Vila Aurora I,vila aurora i,-16.4737715,-54.6210044,brasil_aberto_first_street,True
MT,5107602,Rondonópolis,Vila Aurora II,vila aurora ii,-16.4687076,-54.6151141,brasil_aberto_first_street,True
MT,5107602,Rondonópolis,Vila Aurora III,vila aurora iii,-16.4770471,-54.5973244,brasil_aberto_first_street,True
MT,5107602,Rondonópolis,Vila Baixa,vila baixa,-16.473895,-54.6531903,brasil_aberto_first_street,True
MT,5107602,Rondonópolis,Vila Birigui,vila birigui,-16.4632063,-54.6460712,brasil_aberto_first_street,True
MT,5107602,Rondonópolis,Vila Boa Esperança,vila boa esperanca,-16.4734503,-54.6522052,brasil_aberto_first_street,True
MT,5107602,Rondonópolis,Vila Bom Pastor,vila bom pastor,-16.461587,-54.623282,brasil_aberto_first_street,True
MT,5107602,Rondonópolis,Vila Bueno,vila bueno,,,dne,True
MT,5107602,Rondonópolis,Vila Canaã,vila canaa,-16.4772862,-54.641888,brasil_aberto_first_street,True
MT,5107602,Rondonópolis,Vila Cardoso,vila cardoso,-16.4568826,-54.6170355,brasil_aberto_first_street,True
MT,5107602,Rondonópolis,Vila Carvalho,vila carvalho,-16.4464174,-54.6332854,brasil_aberto_first_street,True
MT,5107602,Rondonópolis,Vila Castelo,vila castelo,-16.4378882,-54.6355364,brasil_aberto_first_street,True
MT,5107602,Rondonópolis,Vila Clarion,vila clarion,-16.4298785,-54.6198864,brasil_aberto_first_street,True
MT,5107602,Rondonópolis,Vila da Amizade,vila da amizade,-16.4784822,-54.6464986,brasil_aberto_first_street,True
MT,5107602,Rondonópolis,Vila Dom Oscar Romero,vila dom oscar romero,-16.4298785,-54.6198864,brasil_aberto_first_street,True
MT,5107602,Rondonópolis,Vila Dom Pedro,vila dom pedro,-16.4531947,-54.6308603,brasil_aberto_first_street,True
MT,5107602,Rondonópolis,Vila Duarte,vila duarte,-16.4549919,-54.6287886,brasil_aberto_first_street,True
MT,5107602,Rondonópolis,Vila Dueti Vilalba,vila dueti vilalba,-16.4557202,-54.6121168,brasil_aberto_first_street,True
MT,5107602,Rondonópolis,Vila Esperança,vila esperanca,-16.4556425,-54.6257064,brasil_aberto_first_street,True
MT,5107602,Rondonópolis,Vila Estrela Dalva,vila estrela dalva,-16.4734653,-54.6577973,brasil_aberto_first_street,True
MT,5107602,Rondonópolis,Vila Florisbela,vila florisbela,-16.4393894,-54.6315956,brasil_aberto_first_street,True
MT,5107602,Rondonópolis,Vila Goulart,vila goulart,-16.4909361,-54.6455134,brasil_aberto_first_street,True
MT,5107602,Rondonópolis,Vila Goulart II,vila goulart ii,-16.4909361,-54.6455134,brasil_aberto_first_street,True
MT,5107602,Rondonópolis,Vila Goulart III,vila goulart iii,-16.4786383,-54.6360752,brasil_aberto_first_street,True
MT,5107602,Rondonópolis,Vila Ipiranga,vila ipiranga,-16.4456905,-54.6124659,brasil_aberto_first_street,True
MT,5107602,Rondonópolis,Vila Iracy,vila iracy,-16.4435017,-54.6164505,brasil_aberto_first_street,True
MT,5107602,Rondonópolis,Vila Itamaraty,vila itamaraty,-16.4351349,-54.6271336,brasil_aberto_first_street,True
MT,5107602,Rondonópolis,Vila José Luiz,vila jose luiz,-16.4657123,-54.6396652,brasil_aberto_first_street,True
MT,5107602,Rondonópolis,Vila Kamal Jumblat,vila kamal jumblat,-16.4496327,-54.6554004,brasil_aberto_first_street,True
MT,5107602,Rondonópolis,Vila Mamed,vila mamed,-16.4802401,-54.6534154,brasil_aberto_first_street,True
MT,5107602,Rondonópolis,Vila Maria,vila maria,-16.4660603,-54.636245,brasil_aberto_first_street,True
MT,5107602,Rondonópolis,Vila Mariana,vila mariana,-16.4388807,-54.6279837,brasil_aberto_first_street,True
MT,5107602,Rondonópolis,Vila Mariley,vila mariley,-16.4716378,-54.6480154,brasil_aberto_first_street,True
MT,5107602,Rondonópolis,Vila Marinópolis,vila marinopolis,-16.4669673,-54.6372265,brasil_aberto_first_street,True
MT,5107602,Rondonópolis,Vila Nova,vila nova,-16.4380616,-54.6373266,brasil_aberto_first_street,True
MT,5107602,Rondonópolis,Vila Olga Maria,vila olga maria,-16.4454166,-54.6206887,brasil_aberto_first_street,True
MT,5107602,Rondonópolis,Vila Olinda,vila olinda,-16.4622011,-54.6755202,brasil_aberto_first_street,True
MT,5107602,Rondonópolis,Vila Operária,vila operaria,-16.4404529,-54.6201819,brasil_aberto_first_street,True
MT,5107602,Rondonópolis,Vila Padre Rodolfo Lunkenbein,vila padre rodolfo lunkenbein,-16.4452218,-54.6243133,brasil_aberto_first_street,True
MT,5107602,Rondonópolis,Vila Paulista,vila paulista,-16.4735165,-54.5411951,brasil_aberto_first_street,True
MT,5107602,Rondonópolis,Vila Planalto,vila planalto,-16.4571645,-54.6352539,brasil_aberto_first_street,True
MT,5107602,Rondonópolis,Vila Poroxo,vila poroxo,-16.4559331,-54.6126428,brasil_aberto_first_street,True
MT,5107602,Rondonópolis,Vila Portal das Águas,vila portal das aguas,-16.4962455,-54.6259023,brasil_aberto_first_street,True
MT,5107602,Rondonópolis,Vila Rica,vila rica,-16.4323251,-54.6727028,brasil_aberto_first_street,True
MT,5107602,Rondonópolis,Vila Rosely,vila rosely,-16.4728082,-54.6562285,brasil_aberto_first_street,True
MT,5107602,Rondonópolis,Vila Salmem,vila salmem,-16.4749099,-54.6537577,brasil_aberto_first_street,True
MT,5107602,Rondonópolis,Vila Salmem II,vila salmem ii,-16.4716378,-54.6480154,brasil_aberto_first_street,True
MT,5107602,Rondonópolis,Vila Santa Catarina,vila santa catarina,-16.4566851,-54.6248894,brasil_aberto_first_street,True
MT,5107602,Rondonópolis,Vila Santa Catarina II Parte,vila santa catarina ii parte,-16.4573243,-54.6242335,brasil_aberto_first_street,True
MT,5107602,Rondonópolis,Vila Santa Maria,vila santa maria,-16.4678709,-54.6113316,brasil_aberto_first_street,True
MT,5107602,Rondonópolis,Vila Santo Antônio,vila santo antonio,-16.4619922,-54.6216481,brasil_aberto_first_street,True
MT,5107602,Rondonópolis,Vila São José,vila sao jose,-16.4551851,-54.6278348,brasil_aberto_first_street,True
MT,5107602,Rondonópolis,Vila São Paulo,vila sao paulo,-16.4247606,-54.6699101,brasil_aberto_first_street,True
MT,5107602,Rondonópolis,Vila São Pedro,vila sao pedro,-16.4559331,-54.6126428,brasil_aberto_first_street,True
MT,5107602,Rondonópolis,Vila São Sebastião I,vila sao sebastiao i,-16.4701275,-54.607654,brasil_aberto_first_street,True
MT,5107602,Rondonópolis,Vila São Sebastião II,vila sao sebastiao ii,-16.4568225,-54.61018079999999,brasil_aberto_first_street,True
MT,5107602,Rondonópolis,Vila União,vila uniao,-16.3537377,-54.6444667,brasil_aberto_first_street,True
MT,5107602,Rondonópolis,Vila Valéria,vila valeria,-16.4561638,-54.6214913,brasil_aberto_first_street,True
MT,5107602,Rondonópolis,Vila Verde,vila verde,-16.4342428,-54.6296949,brasil_aberto_first_street,True
MT,5107701,Rosário Oeste,Arruda,arruda,,,dne,True
MT,5107701,Rosário Oeste,Bauxi,bauxi,,,dne,True
MT,5107701,Rosário Oeste,Centro,centro,-15.2000779,-56.3652719,brasil_aberto_first_street,True
MT,5107701,Rosário Oeste,Marzagão,marzagao,,,dne,True
MT,5107743,Santa Cruz do Xingu,Centro,centro,-10.1557474,-52.3919778,brasil_aberto_first_street,True
MT,5107750,Salto do Céu,Centro,centro,-15.1282581,-58.12939859999999,brasil_aberto_first_street,True
MT,5107750,Salto do Céu,Cristinópolis,cristinopolis,,,dne,True
MT,5107750,Salto do Céu,Vila Progresso,vila progresso,,,dne,True
MT,5107768,Santa Rita do Trivelato,Centro,centro,-13.815655,-55.273422,mapbox_geocoding,True
MT,5107768,Santa Rita do Trivelato,Pacoval,pacoval,,,dne,True
MT,5107776,Santa Terezinha,Centro,centro,-14.0583348,-52.1580553,brasil_aberto_first_street,True
MT,5107792,Santo Antônio do Leste,Centro,centro,-14.8051194,-53.6107194,brasil_aberto_first_street,True
MT,5107800,Santo Antônio de Leverger,Caite,caite,,,dne,True
MT,5107800,Santo Antônio de Leverger,Engenho Velho,engenho velho,,,dne,True
MT,5107800,Santo Antônio de Leverger,Fronteira,fronteira,-15.8476762,-56.0777999,brasil_aberto_first_street,True
MT,5107800,Santo Antônio de Leverger,Mimoso,mimoso,,,dne,True
MT,5107800,Santo Antônio de Leverger,Palmeiras,palmeiras,,,brasil_aberto,True
MT,5107800,Santo Antônio de Leverger,Porto de Fora,porto de fora,,,brasil_aberto,True
MT,5107800,Santo Antônio de Leverger,Varginha,varginha,,,dne,True
MT,5107859,São Félix do Araguaia,Centro,centro,-11.6184345,-50.666549,brasil_aberto_first_street,True
MT,5107859,São Félix do Araguaia,Espigão do Leste,espigao do leste,,,dne,True
MT,5107859,São Félix do Araguaia,Pontinópolis,pontinopolis,,,dne,True
MT,5107859,São Félix do Araguaia,Posto da Mata,posto da mata,,,brasil_aberto,True
MT,5107875,Sapezal,Água Clara,agua clara,-13.53918,-58.822642,mapbox_geocoding,True
MT,5107875,Sapezal,Água Clara I,agua clara i,-13.540067,-58.8259,mapbox_geocoding,True
MT,5107875,Sapezal,Água Clara II,agua clara ii,-13.545979,-58.826313,mapbox_geocoding,True
MT,5107875,Sapezal,Água Clara III,agua clara iii,-13.545979,-58.826313,mapbox_geocoding,True
MT,5107875,Sapezal,Água Clara IV,agua clara iv,-13.544799,-58.820635,mapbox_geocoding,True
MT,5107875,Sapezal,Água Clara V,agua clara v,-13.545979,-58.826313,mapbox_geocoding,True
MT,5107875,Sapezal,Água Clara VII,agua clara vii,-13.54559,-58.814667,mapbox_geocoding,True
MT,5107875,Sapezal,Área Rural de Sapezal,area rural de sapezal,-13.54634,-58.816315,mapbox_geocoding,True
MT,5107875,Sapezal,Bosque,bosque,-13.554658,-58.809366,mapbox_geocoding,True
MT,5107875,Sapezal,Cidezal I,cidezal i,-13.547709,-58.818442,mapbox_geocoding,True
MT,5107875,Sapezal,Cidezal II,cidezal ii,-13.547709,-58.818442,mapbox_geocoding,True
MT,5107875,Sapezal,Cidezal III,cidezal iii,,,brasil_aberto,True
MT,5107875,Sapezal,Cidezal IV,cidezal iv,-13.547709,-58.818442,mapbox_geocoding,True
MT,5107875,Sapezal,Cidezal V,cidezal v,-13.553415,-58.833716,mapbox_geocoding,True
MT,5107875,Sapezal,Cidezal VI,cidezal vi,-13.547709,-58.818442,mapbox_geocoding,True
MT,5107875,Sapezal,Cidezal VII,cidezal vii,-13.545979,-58.826313,mapbox_geocoding,True
MT,5107875,Sapezal,El Shadai,el shadai,-13.540067,-58.8259,mapbox_geocoding,True
MT,5107875,Sapezal,Hilário Dal'Alba Scariote,hilario dal alba scariote,-13.542744,-58.804464,mapbox_geocoding,True
MT,5107875,Sapezal,Jardim Floresta,jardim floresta,-13.559307,-58.810783,mapbox_geocoding,True
MT,5107875,Sapezal,Jardim Irene,jardim irene,-13.548929,-58.827798,mapbox_geocoding,True
MT,5107875,Sapezal,Jardim Paraná I,jardim parana i,-13.559307,-58.810783,mapbox_geocoding,True
MT,5107875,Sapezal,Jardim Paraná II,jardim parana ii,-13.545979,-58.826313,mapbox_geocoding,True
MT,5107875,Sapezal,Jardim Paraná III,jardim parana iii,-13.545979,-58.826313,mapbox_geocoding,True
MT,5107875,Sapezal,Jardim Primavera,jardim primavera,-13.534654,-58.839508,mapbox_geocoding,True
MT,5107875,Sapezal,Jardim Sapezal,jardim sapezal,-13.545979,-58.826313,mapbox_geocoding,True
MT,5107875,Sapezal,Jardim Ypê,jardim ype,-13.547709,-58.818442,mapbox_geocoding,True
MT,5107875,Sapezal,Loteamento Papagaio,loteamento papagaio,-13.534748,-58.841148,mapbox_geocoding,True
MT,5107875,Sapezal,Setor Industrial,setor industrial,-13.545226,-58.798265,mapbox_geocoding,True
MT,5107875,Sapezal,Terra Indígena Enawenê-Nawê,terra indigena enawene nawe,,,dne,True
MT,5107883,Serra Nova Dourada,Centro,centro,-16.4709248,-54.63417459999999,brasil_aberto_first_street,True
MT,5107909,Sinop,Alameda das Cores Residencial,alameda das cores residencial,-11.8296868,-55.5068572,brasil_aberto_first_street,True
MT,5107909,Sinop,Aquarela Brasil Residencial,aquarela brasil residencial,-11.8616788,-55.5160935,brasil_aberto_first_street,True
MT,5107909,Sinop,Aquarela das Artes,aquarela das artes,-11.8317763,-55.5466053,brasil_aberto_first_street,True
MT,5107909,Sinop,Área Rural de Sinop,area rural de sinop,-11.8543783,-55.5102602,brasil_aberto_first_street,True
MT,5107909,Sinop,Bairro de Chácaras Sinop,bairro de chacaras sinop,-17.385704,-54.764702,mapbox_geocoding,True
MT,5107909,Sinop,Belvedere Residencial,belvedere residencial,-11.9109268,-55.5059578,brasil_aberto_first_street,True
MT,5107909,Sinop,Belvedere Residencial II,belvedere residencial ii,-11.861312,-55.4834668,brasil_aberto_first_street,True
MT,5107909,Sinop,Belvedere Residencial III,belvedere residencial iii,-11.8479044,-55.4822267,brasil_aberto_first_street,True
MT,5107909,Sinop,Camping Club,camping club,-11.901299,-55.5020543,brasil_aberto_first_street,True
MT,5107909,Sinop,Chácara de Lazer Boa Esperança,chacara de lazer boa esperanca,-11.8543783,-55.5102602,brasil_aberto_first_street,True
MT,5107909,Sinop,Chácara de Lazer Boa Vista,chacara de lazer boa vista,-11.8543783,-55.5102602,brasil_aberto_first_street,True
MT,5107909,Sinop,Chácara de Lazer Comunidade Vitória,chacara de lazer comunidade vitoria,-11.895329,-55.4718846,brasil_aberto_first_street,True
MT,5107909,Sinop,Chácara de Lazer Maria Carolina I,chacara de lazer maria carolina i,-11.8454299,-55.5223706,brasil_aberto_first_street,True
MT,5107909,Sinop,Chácara de Lazer Maria Carolina II,chacara de lazer maria carolina ii,-11.8454299,-55.5223706,brasil_aberto_first_street,True
MT,5107909,Sinop,Chácara de Lazer Monaliza,chacara de lazer monaliza,-11.9139957,-55.5041739,brasil_aberto_first_street,True
MT,5107909,Sinop,Chácara de Lazer São Cristóvão,chacara de lazer sao cristovao,-11.8947394,-55.5210208,brasil_aberto_first_street,True
MT,5107909,Sinop,Chácara de Lazer São Cristóvão II,chacara de lazer sao cristovao ii,-11.8920575,-55.5226488,brasil_aberto_first_street,True
MT,5107909,Sinop,Chácaras Santa Brígida,chacaras santa brigida,-11.827541,-55.433704,mapbox_geocoding,True
MT,5107909,Sinop,Comunidade Betel,comunidade betel,-11.8258541,-55.5113374,brasil_aberto_first_street,True
MT,5107909,Sinop,Comunidade Campo Verde,comunidade campo verde,-11.8543783,-55.5102602,brasil_aberto_first_street,True
MT,5107909,Sinop,Condomínio Aquarela da Mata,condominio aquarela da mata,-11.869516,-55.513428,mapbox_geocoding,True
MT,5107909,Sinop,Condomínio Aquarela dos Poemas,condominio aquarela dos poemas,-11.829712,-55.506662,mapbox_geocoding,True
MT,5107909,Sinop,Condomínio de Chácaras Nanci,condominio de chacaras nanci,-11.818386,-55.515031,mapbox_geocoding,True
MT,5107909,Sinop,Condomínio Maranville,condominio maranville,-11.872718,-55.471263,mapbox_geocoding,True
MT,5107909,Sinop,Condomínio Residencial Ecoville,condominio residencial ecoville,-11.841859,-55.478733,mapbox_geocoding,True
MT,5107909,Sinop,Condomínio Residencial Platini Urban Park,condominio residencial platini urban park,-15.548301,-55.157622,mapbox_geocoding,True
MT,5107909,Sinop,Condomínio Santorini Residence,condominio santorini residence,-11.852988,-55.534631,mapbox_geocoding,True
MT,5107909,Sinop,Condomínio Tuim Residencial,condominio tuim residencial,-11.889061,-55.48025,mapbox_geocoding,True
MT,5107909,Sinop,Distrito Industrial,distrito industrial,-11.8803808,-55.4977213,brasil_aberto_first_street,True
MT,5107909,Sinop,Eunice,eunice,-11.8457146,-55.5292125,brasil_aberto_first_street,True
MT,5107909,Sinop,Jardim América,jardim america,-11.9415977,-55.5140212,brasil_aberto_first_street,True
MT,5107909,Sinop,Jardim Atenas,jardim atenas,-11.9109268,-55.5059578,brasil_aberto_first_street,True
MT,5107909,Sinop,Jardim Aurora,jardim aurora,-11.87393,-55.5313478,brasil_aberto_first_street,True
MT,5107909,Sinop,Jardim Barcelona,jardim barcelona,-11.8526711,-55.5333129,brasil_aberto_first_street,True
MT,5107909,Sinop,Jardim Barcelona II,jardim barcelona ii,-11.8526711,-55.5333129,brasil_aberto_first_street,True
MT,5107909,Sinop,Jardim Belo Horizonte,jardim belo horizonte,-11.8454299,-55.5223706,brasil_aberto_first_street,True
MT,5107909,Sinop,Jardim Boa Esperança,jardim boa esperanca,-11.8396507,-55.5193278,brasil_aberto_first_street,True
MT,5107909,Sinop,Jardim Botânico,jardim botanico,-11.8675226,-55.509116,brasil_aberto_first_street,True
MT,5107909,Sinop,Jardim Bougainville,jardim bougainville,-11.8839157,-55.5411397,brasil_aberto_first_street,True
MT,5107909,Sinop,Jardim Califórnia,jardim california,-11.8189486,-55.5147131,brasil_aberto_first_street,True
MT,5107909,Sinop,Jardim Caribe,jardim caribe,-11.8080858,-55.506324,brasil_aberto_first_street,True
MT,5107909,Sinop,Jardim Celeste,jardim celeste,-11.8834441,-55.5176344,brasil_aberto_first_street,True
MT,5107909,Sinop,Jardim Conquista,jardim conquista,-17.385704,-54.764702,mapbox_geocoding,True
MT,5107909,Sinop,Jardim Copacabana,jardim copacabana,-11.883766,-55.4898233,brasil_aberto_first_street,True
MT,5107909,Sinop,Jardim Costa Rica,jardim costa rica,-11.889061,-55.48025,mapbox_geocoding,True
MT,5107909,Sinop,Jardim Curitiba,jardim curitiba,-11.8859383,-55.514177,brasil_aberto_first_street,True
MT,5107909,Sinop,Jardim das Azaleias,jardim das azaleias,-11.821005,-55.5082651,brasil_aberto_first_street,True
MT,5107909,Sinop,Jardim das Itaúbas,jardim das itaubas,-11.8454299,-55.5223706,brasil_aberto_first_street,True
MT,5107909,Sinop,Jardim das Nações,jardim das nacoes,-11.8442626,-55.521681,brasil_aberto_first_street,True
MT,5107909,Sinop,Jardim das Oliveiras,jardim das oliveiras,-11.8252944,-55.5110294,brasil_aberto_first_street,True
MT,5107909,Sinop,Jardim das Orquídeas,jardim das orquideas,-11.8251517,-55.4976369,brasil_aberto_first_street,True
MT,5107909,Sinop,Jardim das Paineiras,jardim das paineiras,-11.923436,-55.50957,mapbox_geocoding,True
MT,5107909,Sinop,Jardim das Palmeiras,jardim das palmeiras,-11.8431871,-55.5074795,brasil_aberto_first_street,True
MT,5107909,Sinop,Jardim das Rosas,jardim das rosas,-11.8377547,-55.5179162,brasil_aberto_first_street,True
MT,5107909,Sinop,Jardim das Violetas,jardim das violetas,-11.8312102,-55.5141406,brasil_aberto_first_street,True
MT,5107909,Sinop,Jardim do Ouro,jardim do ouro,-11.855398,-55.50655,mapbox_geocoding,True
MT,5107909,Sinop,Jardim dos Cravos,jardim dos cravos,-11.8188969,-55.50622079999999,brasil_aberto_first_street,True
MT,5107909,Sinop,Jardim dos Ipês,jardim dos ipes,-11.8377547,-55.5179162,brasil_aberto_first_street,True
MT,5107909,Sinop,Jardim dos Jesuítas,jardim dos jesuitas,-11.856125,-55.501852,mapbox_geocoding,True
MT,5107909,Sinop,Jardim dos Tarumãs,jardim dos tarumas,-11.8239726,-55.5121426,brasil_aberto_first_street,True
MT,5107909,Sinop,Jardim Dr. Alberto Sytriski,jardim dr alberto sytriski,-11.856125,-55.501852,mapbox_geocoding,True
MT,5107909,Sinop,Jardim Dubai,jardim dubai,-11.8737319,-55.4673287,brasil_aberto_first_street,True
MT,5107909,Sinop,Jardim Europa,jardim europa,-11.845647,-55.5228058,brasil_aberto_first_street,True
MT,5107909,Sinop,Jardim Gramado,jardim gramado,-11.8234404,-55.4930044,brasil_aberto_first_street,True
MT,5107909,Sinop,Jardim Ibirapuera,jardim ibirapuera,-11.8885301,-55.5102256,brasil_aberto_first_street,True
MT,5107909,Sinop,Jardim Imperial,jardim imperial,-11.8411345,-55.5198629,brasil_aberto_first_street,True
MT,5107909,Sinop,Jardim Iporã,jardim ipora,-11.860514,-55.4852164,brasil_aberto_first_street,True
MT,5107909,Sinop,Jardim Itália,jardim italia,-11.8511929,-55.5282898,brasil_aberto_first_street,True
MT,5107909,Sinop,Jardim Itália II,jardim italia ii,-11.8511929,-55.5282898,brasil_aberto_first_street,True
MT,5107909,Sinop,Jardim Itália III,jardim italia iii,-11.8530368,-55.5053583,brasil_aberto_first_street,True
MT,5107909,Sinop,Jardim Jacarandás,jardim jacarandas,-11.8795933,-55.5079032,brasil_aberto_first_street,True
MT,5107909,Sinop,Jardim Leblon,jardim leblon,-11.843752,-55.480849,mapbox_geocoding,True
MT,5107909,Sinop,Jardim Liberdade,jardim liberdade,-11.911162,-55.479988,mapbox_geocoding,True
MT,5107909,Sinop,Jardim Londrina,jardim londrina,-11.888232,-55.528725,mapbox_geocoding,True
MT,5107909,Sinop,Jardim Maria Carolina,jardim maria carolina,-11.8195993,-55.5075911,brasil_aberto_first_street,True
MT,5107909,Sinop,Jardim Maria Vindilina I,jardim maria vindilina i,-11.8377547,-55.5179162,brasil_aberto_first_street,True
MT,5107909,Sinop,Jardim Maria Vindilina II,jardim maria vindilina ii,-11.8189486,-55.5147131,brasil_aberto_first_street,True
MT,5107909,Sinop,Jardim Maria Vindilina III,jardim maria vindilina iii,-11.8189486,-55.5147131,brasil_aberto_first_street,True
MT,5107909,Sinop,Jardim Maringá,jardim maringa,-11.8640352,-55.5250799,brasil_aberto_first_street,True
MT,5107909,Sinop,Jardim Milão I,jardim milao i,-11.8963089,-55.5333808,brasil_aberto_first_street,True
MT,5107909,Sinop,Jardim Milão II,jardim milao ii,-11.8963089,-55.5333808,brasil_aberto_first_street,True
MT,5107909,Sinop,Jardim Monte Carlo,jardim monte carlo,-11.8905528,-55.5138035,brasil_aberto_first_street,True
MT,5107909,Sinop,Jardim Morumbi,jardim morumbi,-11.895562,-55.5282142,brasil_aberto_first_street,True
MT,5107909,Sinop,Jardim Novo Estado,jardim novo estado,-11.8323966,-55.5151068,brasil_aberto_first_street,True
MT,5107909,Sinop,Jardim Novo Horizonte,jardim novo horizonte,-11.8543783,-55.5102602,brasil_aberto_first_street,True
MT,5107909,Sinop,Jardim Oriente,jardim oriente,-11.855398,-55.50655,mapbox_geocoding,True
MT,5107909,Sinop,Jardim Paraíso,jardim paraiso,-11.8706314,-55.5249562,brasil_aberto_first_street,True
MT,5107909,Sinop,Jardim Paulista,jardim paulista,-11.8849454,-55.518052,brasil_aberto_first_street,True
MT,5107909,Sinop,Jardim Pequena Londres,jardim pequena londres,-11.8905727,-55.5138386,brasil_aberto_first_street,True
MT,5107909,Sinop,Jardim Planalto,jardim planalto,-11.8968165,-55.5018965,brasil_aberto_first_street,True
MT,5107909,Sinop,Jardim Portinari,jardim portinari,-11.8526711,-55.5333129,brasil_aberto_first_street,True
MT,5107909,Sinop,Jardim Porto Rico,jardim porto rico,-11.889061,-55.48025,mapbox_geocoding,True
MT,5107909,Sinop,Jardim Primavera,jardim primavera,-11.8467875,-55.506709,brasil_aberto_first_street,True
MT,5107909,Sinop,Jardim Rio Preto,jardim rio preto,-14.6295637,-57.4888925,brasil_aberto_first_street,True
MT,5107909,Sinop,Jardim Roma,jardim roma,-11.8996358,-55.5026228,brasil_aberto_first_street,True
MT,5107909,Sinop,Jardim Safira,jardim safira,-11.8619183,-55.490528,brasil_aberto_first_street,True
MT,5107909,Sinop,Jardim Santa Mônica,jardim santa monica,-11.8880467,-55.5057639,brasil_aberto_first_street,True
MT,5107909,Sinop,Jardim Santa Rita,jardim santa rita,-11.8333506,-55.5156331,brasil_aberto_first_street,True
MT,5107909,Sinop,Jardim São Paulo,jardim sao paulo,-11.8258541,-55.5113374,brasil_aberto_first_street,True
MT,5107909,Sinop,Jardim Terra Rica,jardim terra rica,-11.8794936,-55.4903967,brasil_aberto_first_street,True
MT,5107909,Sinop,Jardim Toledo,jardim toledo,-11.856125,-55.501852,mapbox_geocoding,True
MT,5107909,Sinop,Jardim Umuarama,jardim umuarama,-11.9090235,-55.511226,brasil_aberto_first_street,True
MT,5107909,Sinop,Jardim Umuarama III,jardim umuarama iii,-11.9242352,-55.5065216,brasil_aberto_first_street,True
MT,5107909,Sinop,Jardim Veneza,jardim veneza,-11.8377547,-55.5179162,brasil_aberto_first_street,True
MT,5107909,Sinop,Jardim Veraneio,jardim veraneio,-11.855398,-55.50655,mapbox_geocoding,True
MT,5107909,Sinop,Jardim Viena,jardim viena,-11.8543783,-55.5102602,brasil_aberto_first_street,True
MT,5107909,Sinop,Jardim Villa Boreal,jardim villa boreal,-11.856125,-55.501852,mapbox_geocoding,True
MT,5107909,Sinop,Jardim Villa Real,jardim villa real,-11.92836,-55.499436,mapbox_geocoding,True
MT,5107909,Sinop,LIC Norte,lic norte,-11.860514,-55.4852164,brasil_aberto_first_street,True
MT,5107909,Sinop,LIC Sul,lic sul,-11.9477328,-55.5120049,brasil_aberto_first_street,True
MT,5107909,Sinop,Loteamento Alto da Glória,loteamento alto da gloria,-11.9877346,-55.5190166,brasil_aberto_first_street,True
MT,5107909,Sinop,Loteamento Ativa Saúde Center,loteamento ativa saude center,-11.8526711,-55.5333129,brasil_aberto_first_street,True
MT,5107909,Sinop,Loteamento Bom Jardim,loteamento bom jardim,-11.895329,-55.4718846,brasil_aberto_first_street,True
MT,5107909,Sinop,Loteamento Bourbon Residencial,loteamento bourbon residencial,-11.8918367,-55.5160916,brasil_aberto_first_street,True
MT,5107909,Sinop,Loteamento Cidade Alta,loteamento cidade alta,-11.8543783,-55.5102602,brasil_aberto_first_street,True
MT,5107909,Sinop,Loteamento Eixo Norte Empresarial,loteamento eixo norte empresarial,-11.855398,-55.50655,mapbox_geocoding,True
MT,5107909,Sinop,Loteamento Empresarial Sul,loteamento empresarial sul,-11.8510224,-55.53095829999999,brasil_aberto_first_street,True
MT,5107909,Sinop,Loteamento Florais da Amazônia,loteamento florais da amazonia,-11.8619183,-55.490528,brasil_aberto_first_street,True
MT,5107909,Sinop,Loteamento Jardim Bella Morada,loteamento jardim bella morada,-11.9062427,-55.5053314,brasil_aberto_first_street,True
MT,5107909,Sinop,Loteamento Jardim de Monet,loteamento jardim de monet,-11.852988,-55.534631,mapbox_geocoding,True
MT,5107909,Sinop,Loteamento Jardim Goiabeiras,loteamento jardim goiabeiras,-11.877549,-55.4837952,brasil_aberto_first_street,True
MT,5107909,Sinop,Loteamento Jardim Itapuã,loteamento jardim itapua,-11.855398,-55.50655,mapbox_geocoding,True
MT,5107909,Sinop,Loteamento Jardim Nápoles,loteamento jardim napoles,-11.888232,-55.528725,mapbox_geocoding,True
MT,5107909,Sinop,Loteamento Jardim Tropical,loteamento jardim tropical,-11.855398,-55.50655,mapbox_geocoding,True
MT,5107909,Sinop,Loteamento Menino Jesus I,loteamento menino jesus i,-11.8996358,-55.5026228,brasil_aberto_first_street,True
MT,5107909,Sinop,Loteamento Menino Jesus II,loteamento menino jesus ii,-11.89525,-55.5004814,brasil_aberto_first_street,True
MT,5107909,Sinop,Loteamento Portal do Sol,loteamento portal do sol,-15.86772,-52.207688,mapbox_geocoding,True
MT,5107909,Sinop,Loteamento Privillege Residencial,loteamento privillege residencial,-11.840344,-55.519491,mapbox_geocoding,True
MT,5107909,Sinop,Loteamento Quatro Estações Boulevard,loteamento quatro estacoes boulevard,-11.890479,-55.524914,mapbox_geocoding,True
MT,5107909,Sinop,Loteamento Residencial Curucaca,loteamento residencial curucaca,-11.840344,-55.519491,mapbox_geocoding,True
MT,5107909,Sinop,Loteamento Residencial Figueiras,loteamento residencial figueiras,-11.840344,-55.519491,mapbox_geocoding,True
MT,5107909,Sinop,Loteamento Residencial Jardim Málaga,loteamento residencial jardim malaga,-11.928503,-55.499297,mapbox_geocoding,True
MT,5107909,Sinop,Loteamento Residencial San Martini,loteamento residencial san martini,-11.8735494,-55.5531726,brasil_aberto_first_street,True
MT,5107909,Sinop,Loteamento Residencial Santa Cecília,loteamento residencial santa cecilia,-11.8530368,-55.5053583,brasil_aberto_first_street,True
MT,5107909,Sinop,Loteamento Residencial Santa Rosa,loteamento residencial santa rosa,-11.888232,-55.528725,mapbox_geocoding,True
MT,5107909,Sinop,Loteamento Umuarama II,loteamento umuarama ii,-11.9242352,-55.5065216,brasil_aberto_first_street,True
MT,5107909,Sinop,Loteamento Villa Torino,loteamento villa torino,-11.928503,-55.499297,mapbox_geocoding,True
MT,5107909,Sinop,Loteamento Village,loteamento village,-11.8491037,-55.5245435,brasil_aberto_first_street,True
MT,5107909,Sinop,Párkia Condomínio Clube,parkia condominio clube,-11.889061,-55.48025,mapbox_geocoding,True
MT,5107909,Sinop,Parque Amazonas,parque amazonas,-11.883859,-55.540709,mapbox_geocoding,True
MT,5107909,Sinop,Parque das Araras,parque das araras,-11.8296094,-55.4950943,brasil_aberto_first_street,True
MT,5107909,Sinop,Parque Tangará,parque tangara,-11.8575279,-55.4979348,brasil_aberto_first_street,True
MT,5107909,Sinop,Recanto da Mata,recanto da mata,-11.8454299,-55.5223706,brasil_aberto_first_street,True
MT,5107909,Sinop,Reserva Celeste,reserva celeste,-11.8543783,-55.5102602,brasil_aberto_first_street,True
MT,5107909,Sinop,Residencial Adalgiza,residencial adalgiza,-11.8243772,-55.4328063,brasil_aberto_first_street,True
MT,5107909,Sinop,Residencial Bella Suíça,residencial bella suica,-11.8630134,-55.5253925,brasil_aberto_first_street,True
MT,5107909,Sinop,Residencial Boa Vista,residencial boa vista,-11.9337144,-55.499212,brasil_aberto_first_street,True
MT,5107909,Sinop,Residencial Bonne Vie,residencial bonne vie,-11.890479,-55.524914,mapbox_geocoding,True
MT,5107909,Sinop,Residencial Buritis,residencial buritis,-11.8543783,-55.5102602,brasil_aberto_first_street,True
MT,5107909,Sinop,Residencial Canadá,residencial canada,-11.8264942,-55.4915047,brasil_aberto_first_street,True
MT,5107909,Sinop,Residencial Canarinho I e II,residencial canarinho i e ii,-15.565927,-56.087882,mapbox_geocoding,True
MT,5107909,Sinop,Residencial Canarinho III,residencial canarinho iii,-11.905487,-55.508597,mapbox_geocoding,True
MT,5107909,Sinop,Residencial Carandá Bosque,residencial caranda bosque,-11.8281226,-55.5127591,brasil_aberto_first_street,True
MT,5107909,Sinop,Residencial Cidade Jardim,residencial cidade jardim,-11.864737,-55.4797319,brasil_aberto_first_street,True
MT,5107909,Sinop,Residencial das Acácias,residencial das acacias,-11.8565635,-55.5025596,brasil_aberto_first_street,True
MT,5107909,Sinop,Residencial Daury Riva,residencial daury riva,-11.8109627,-55.5027733,brasil_aberto_first_street,True
MT,5107909,Sinop,Residencial Delta,residencial delta,-11.8439367,-55.5218432,brasil_aberto_first_street,True
MT,5107909,Sinop,Residencial Deville,residencial deville,-11.852988,-55.534631,mapbox_geocoding,True
MT,5107909,Sinop,Residencial Flamboyants,residencial flamboyants,-11.862762,-55.383267,mapbox_geocoding,True
MT,5107909,Sinop,Residencial Florença,residencial florenca,-11.8520335,-55.5324804,brasil_aberto_first_street,True
MT,5107909,Sinop,Residencial Gente Feliz,residencial gente feliz,-11.8331564,-55.4833226,brasil_aberto_first_street,True
MT,5107909,Sinop,Residencial Gente Feliz 2,residencial gente feliz 2,-11.8577202,-55.4843205,brasil_aberto_first_street,True
MT,5107909,Sinop,Residencial Iguatemi,residencial iguatemi,-11.885509,-55.528138,mapbox_geocoding,True
MT,5107909,Sinop,Residencial Ipanema,residencial ipanema,-11.8528689,-55.5440921,brasil_aberto_first_street,True
MT,5107909,Sinop,Residencial Ipiranga,residencial ipiranga,-11.8878846,-55.5090502,brasil_aberto_first_street,True
MT,5107909,Sinop,Residencial Jaraguá,residencial jaragua,-11.8905528,-55.5138035,brasil_aberto_first_street,True
MT,5107909,Sinop,Residencial Jardim Araguaia,residencial jardim araguaia,-11.8176064,-55.5263613,brasil_aberto_first_street,True
MT,5107909,Sinop,Residencial Jardim Ravena,residencial jardim ravena,-11.890479,-55.524914,mapbox_geocoding,True
MT,5107909,Sinop,Residencial Jequitibás,residencial jequitibas,-11.8375996,-55.5127533,brasil_aberto_first_street,True
MT,5107909,Sinop,Residencial José Adriano Leitão,residencial jose adriano leitao,-11.8840827,-55.5215349,brasil_aberto_first_street,True
MT,5107909,Sinop,Residencial Kaiabi,residencial kaiabi,-11.840344,-55.519491,mapbox_geocoding,True
MT,5107909,Sinop,Residencial Lisboa,residencial lisboa,-11.8337857,-55.5223035,brasil_aberto_first_street,True
MT,5107909,Sinop,Residencial Luxemburgo,residencial luxemburgo,-11.855398,-55.50655,mapbox_geocoding,True
MT,5107909,Sinop,Residencial Maripá,residencial maripa,-11.8904492,-55.5136212,brasil_aberto_first_street,True
MT,5107909,Sinop,Residencial Moinho dos Ventos,residencial moinho dos ventos,-11.8543783,-55.5102602,brasil_aberto_first_street,True
MT,5107909,Sinop,Residencial Montreal Park,residencial montreal park,-11.8905528,-55.5138035,brasil_aberto_first_street,True
MT,5107909,Sinop,Residencial Moriá,residencial moria,-11.895329,-55.4718846,brasil_aberto_first_street,True
MT,5107909,Sinop,Residencial Nico Baracat,residencial nico baracat,-11.92836,-55.499436,mapbox_geocoding,True
MT,5107909,Sinop,Residencial Nossa Senhora Aparecida,residencial nossa senhora aparecida,-11.8377547,-55.5179162,brasil_aberto_first_street,True
MT,5107909,Sinop,Residencial Nossa Senhora de Fátima,residencial nossa senhora de fatima,-11.8543783,-55.5102602,brasil_aberto_first_street,True
MT,5107909,Sinop,Residencial Novo Jardim,residencial novo jardim,-11.9263826,-55.4928843,brasil_aberto_first_street,True
MT,5107909,Sinop,Residencial Panamby,residencial panamby,-11.9062427,-55.5053314,brasil_aberto_first_street,True
MT,5107909,Sinop,Residencial Paris,residencial paris,-11.842077,-55.525609,mapbox_geocoding,True
MT,5107909,Sinop,Residencial Parque do Lago,residencial parque do lago,-11.852988,-55.534631,mapbox_geocoding,True
MT,5107909,Sinop,Residencial Pérola,residencial perola,-11.9014792,-55.5129187,brasil_aberto_first_street,True
MT,5107909,Sinop,Residencial Pienza,residencial pienza,-11.8910975,-55.5259876,brasil_aberto_first_street,True
MT,5107909,Sinop,Residencial Primor das Águias,residencial primor das aguias,-11.816507,-55.513676,mapbox_geocoding,True
MT,5107909,Sinop,Residencial Recanto dos Pássaros,residencial recanto dos passaros,-11.8636051,-55.50890279999999,brasil_aberto_first_street,True
MT,5107909,Sinop,Residencial Recanto Suíço,residencial recanto suico,-11.8526711,-55.5333129,brasil_aberto_first_street,True
MT,5107909,Sinop,Residencial Riviera Suíça I,residencial riviera suica i,-11.841063,-55.525724,mapbox_geocoding,True
MT,5107909,Sinop,Residencial Riviera Suíça II,residencial riviera suica ii,-11.841063,-55.525724,mapbox_geocoding,True
MT,5107909,Sinop,Residencial Sabrina I,residencial sabrina i,-11.9259613,-55.496265,brasil_aberto_first_street,True
MT,5107909,Sinop,Residencial Sabrina II,residencial sabrina ii,-11.9276775,-55.5010376,brasil_aberto_first_street,True
MT,5107909,Sinop,Residencial Sabrina III,residencial sabrina iii,-11.9152943,-55.4989148,brasil_aberto_first_street,True
MT,5107909,Sinop,Residencial Santa Catarina,residencial santa catarina,-11.8543783,-55.5102602,brasil_aberto_first_street,True
MT,5107909,Sinop,Residencial São Francisco,residencial sao francisco,-11.8830753,-55.4801803,brasil_aberto_first_street,True
MT,5107909,Sinop,Residencial São Lourenço,residencial sao lourenco,-11.841859,-55.478733,mapbox_geocoding,True
MT,5107909,Sinop,Residencial Sebastião de Matos,residencial sebastiao de matos,-11.9280826,-55.5075128,brasil_aberto_first_street,True
MT,5107909,Sinop,Residencial Sebastião de Matos II,residencial sebastiao de matos ii,-11.8188082,-55.5062413,brasil_aberto_first_street,True
MT,5107909,Sinop,Residencial Shalon,residencial shalon,-11.8588241,-55.4662425,brasil_aberto_first_street,True
MT,5107909,Sinop,Residencial Tulipas,residencial tulipas,-11.8881964,-55.52488409999999,brasil_aberto_first_street,True
MT,5107909,Sinop,Residencial Uirapuru,residencial uirapuru,-11.899226,-55.514438,mapbox_geocoding,True
MT,5107909,Sinop,Residencial Vila Rica,residencial vila rica,-11.8619183,-55.490528,brasil_aberto_first_street,True
MT,5107909,Sinop,Residencial Villa Toscana,residencial villa toscana,-11.92836,-55.499436,mapbox_geocoding,True
MT,5107909,Sinop,Residencial Villa Toscana II,residencial villa toscana ii,-11.92836,-55.499436,mapbox_geocoding,True
MT,5107909,Sinop,Residencial Villa Verde,residencial villa verde,-11.8332119,-55.48096169999999,brasil_aberto_first_street,True
MT,5107909,Sinop,Residencial Villa Vorata,residencial villa vorata,-11.890479,-55.524914,mapbox_geocoding,True
MT,5107909,Sinop,Residencial Vitória Régia,residencial vitoria regia,-11.8429034,-55.5212189,brasil_aberto_first_street,True
MT,5107909,Sinop,Residencial Vivenda dos Ipês,residencial vivenda dos ipes,-14.453803,-54.035493,mapbox_geocoding,True
MT,5107909,Sinop,São Cristóvão,sao cristovao,-11.8957495,-55.5083518,brasil_aberto_first_street,True
MT,5107909,Sinop,Setor Comercial,setor comercial,-11.8557503,-55.5061651,brasil_aberto_first_street,True
MT,5107909,Sinop,Setor Industrial,setor industrial,-11.8592175,-55.490956,brasil_aberto_first_street,True
MT,5107909,Sinop,Setor Industrial Norte,setor industrial norte,-11.8499914,-55.4938994,brasil_aberto_first_street,True
MT,5107909,Sinop,Setor Industrial Sul,setor industrial sul,-11.8573162,-55.5087256,brasil_aberto_first_street,True
MT,5107909,Sinop,Setor Residencial Norte,setor residencial norte,-11.850201,-55.5047586,brasil_aberto_first_street,True
MT,5107909,Sinop,Setor Residencial Sul,setor residencial sul,-11.8607866,-55.5073875,brasil_aberto_first_street,True
MT,5107909,Sinop,Sonhalto Videira,sonhalto videira,-11.896314,-55.533462,mapbox_geocoding,True
MT,5107909,Sinop,Vida Nova,vida nova,-11.8397548,-55.5233811,brasil_aberto_first_street,True
MT,5107909,Sinop,Vila Itália,vila italia,-11.8961795,-55.5009342,brasil_aberto_first_street,True
MT,5107925,Sorriso,Alphaville,alphaville,-12.5391011,-55.7319211,brasil_aberto_first_street,True
MT,5107925,Sorriso,Área Rural de Sorriso,area rural de sorriso,-12.5461191,-55.7273709,brasil_aberto_first_street,True
MT,5107925,Sorriso,Bela Vista,bela vista,-12.5486861,-55.7279275,brasil_aberto_first_street,True
MT,5107925,Sorriso,Bell Valle,bell valle,-12.5514742,-55.7442801,brasil_aberto_first_street,True
MT,5107925,Sorriso,Benjamim Raiser,benjamim raiser,,,brasil_aberto,True
MT,5107925,Sorriso,Benjamin Raiser,benjamin raiser,-12.541549,-55.710955,brasil_aberto_first_street,True
MT,5107925,Sorriso,Boa Esperança,boa esperanca,-12.5872975,-55.7080423,brasil_aberto_first_street,True
MT,5107925,Sorriso,Boa Esperança II,boa esperanca ii,-12.5495053,-55.7018913,brasil_aberto_first_street,True
MT,5107925,Sorriso,Bom Jesus,bom jesus,-12.5378327,-55.7207337,brasil_aberto_first_street,True
MT,5107925,Sorriso,Brasil Norte,brasil norte,-12.533977,-55.762272,brasil_aberto_first_street,True
MT,5107925,Sorriso,Caravagio,caravagio,,,dne,True
MT,5107925,Sorriso,Centro,centro,-12.9787859,-55.4286307,brasil_aberto_first_street,True
MT,5107925,Sorriso,Centro-Norte,centro norte,-12.5408923,-55.7226575,brasil_aberto_first_street,True
MT,5107925,Sorriso,Centro-Sul,centro sul,-12.542977,-55.7115636,brasil_aberto_first_street,True
MT,5107925,Sorriso,Cidade Nova,cidade nova,-12.580549,-55.724459,mapbox_geocoding,True
MT,5107925,Sorriso,Colinas,colinas,-12.5514742,-55.7442801,brasil_aberto_first_street,True
MT,5107925,Sorriso,Condomínio Atlantis Almaclara,condominio atlantis almaclara,-12.56366,-55.746269,mapbox_geocoding,True
MT,5107925,Sorriso,Condomínio Residencial Arboreto Eco Ville,condominio residencial arboreto eco ville,-12.53925,-55.721856,mapbox_geocoding,True
MT,5107925,Sorriso,Condomínio Residencial Cidade Jardim,condominio residencial cidade jardim,-12.6144422,-55.6360173,brasil_aberto_first_street,True
MT,5107925,Sorriso,Condomínio Residencial Costa Brava,condominio residencial costa brava,-12.6144422,-55.6360173,brasil_aberto_first_street,True
MT,5107925,Sorriso,Condomínio Residencial Ilha Bela,condominio residencial ilha bela,-12.532386,-55.7461489,brasil_aberto_first_street,True
MT,5107925,Sorriso,Condomínio Residencial Porto Seguro,condominio residencial porto seguro,-12.5299403,-55.7208032,brasil_aberto_first_street,True
MT,5107925,Sorriso,Copenhagen,copenhagen,-12.5369963,-55.7277535,brasil_aberto_first_street,True
MT,5107925,Sorriso,Distrito Industrial Teles Pires,distrito industrial teles pires,-12.538633,-55.736979,mapbox_geocoding,True
MT,5107925,Sorriso,Eco Park,eco park,-12.538384,-55.733067,mapbox_geocoding,True
MT,5107925,Sorriso,Eco Ville,eco ville,-12.542502,-55.733164,mapbox_geocoding,True
MT,5107925,Sorriso,Estrela do Sul,estrela do sul,-12.5460602,-55.7046018,brasil_aberto_first_street,True
MT,5107925,Sorriso,Europark,europark,-12.5129718,-55.7516897,brasil_aberto_first_street,True
MT,5107925,Sorriso,Flor do Cerrado,flor do cerrado,-12.5391693,-55.7503165,brasil_aberto_first_street,True
MT,5107925,Sorriso,Florais da Mata,florais da mata,-12.5374454,-55.7280514,brasil_aberto_first_street,True
MT,5107925,Sorriso,Fraternidade,fraternidade,-12.5478643,-55.699987,brasil_aberto_first_street,True
MT,5107925,Sorriso,Golden Park,golden park,-12.548317,-55.744366,mapbox_geocoding,True
MT,5107925,Sorriso,Green Park,green park,-12.5279669,-55.7324821,brasil_aberto_first_street,True
MT,5107925,Sorriso,Ilha das Flores,ilha das flores,-12.540644,-55.760492,mapbox_geocoding,True
MT,5107925,Sorriso,Ilha do Coral,ilha do coral,-12.535232,-55.747911,mapbox_geocoding,True
MT,5107925,Sorriso,Industrial - 1ª Etapa,industrial 1a etapa,-12.5583866,-55.7178491,brasil_aberto_first_street,True
MT,5107925,Sorriso,Industrial - 2ª Etapa,industrial 2a etapa,-12.543573,-55.7082831,brasil_aberto_first_street,True
MT,5107925,Sorriso,Industrial e Comercial Eldorado,industrial e comercial eldorado,-12.599087,-55.73616,mapbox_geocoding,True
MT,5107925,Sorriso,Industrial Leonel Bedin,industrial leonel bedin,-12.5963138,-55.7388632,brasil_aberto_first_street,True
MT,5107925,Sorriso,Jardim Alvorada,jardim alvorada,-12.5486861,-55.7279275,brasil_aberto_first_street,True
MT,5107925,Sorriso,Jardim Amazônia,jardim amazonia,-12.5619104,-55.736281,brasil_aberto_first_street,True
MT,5107925,Sorriso,Jardim Aurora,jardim aurora,-12.5529305,-55.7417267,brasil_aberto_first_street,True
MT,5107925,Sorriso,Jardim Bela Vista,jardim bela vista,-12.5392461,-55.7389155,brasil_aberto_first_street,True
MT,5107925,Sorriso,Jardim Botânico,jardim botanico,-12.538384,-55.733067,mapbox_geocoding,True
MT,5107925,Sorriso,Jardim Califórnia,jardim california,-15.6260315,-56.0737835,brasil_aberto_first_street,True
MT,5107925,Sorriso,Jardim Carolina,jardim carolina,-12.5454732,-55.7537187,brasil_aberto_first_street,True
MT,5107925,Sorriso,Jardim das Acácias,jardim das acacias,-12.5369963,-55.7277535,brasil_aberto_first_street,True
MT,5107925,Sorriso,Jardim das Américas,jardim das americas,-12.5584326,-55.724169,brasil_aberto_first_street,True
MT,5107925,Sorriso,JARDIM DOS GIRASSÓIS,jardim dos girassois,-12.541954,-55.765775,mapbox_geocoding,True
MT,5107925,Sorriso,Jardim dos Imigrantes,jardim dos imigrantes,-12.5369963,-55.7277535,brasil_aberto_first_street,True
MT,5107925,Sorriso,Jardim dos Ipês,jardim dos ipes,-12.518213,-55.71255559999999,brasil_aberto_first_street,True
MT,5107925,Sorriso,Jardim dos Pioneiros,jardim dos pioneiros,-12.545744,-55.72308,mapbox_geocoding,True
MT,5107925,Sorriso,Jardim Europa,jardim europa,-12.5565173,-55.7361996,brasil_aberto_first_street,True
MT,5107925,Sorriso,Jardim Guarujá,jardim guaruja,-12.553541,-55.740761,mapbox_geocoding,True
MT,5107925,Sorriso,Jardim Itália,jardim italia,-12.5514742,-55.7442801,brasil_aberto_first_street,True
MT,5107925,Sorriso,Jardim Liberdade,jardim liberdade,-12.546125,-55.7273732,brasil_aberto_first_street,True
MT,5107925,Sorriso,Jardim Ocidental,jardim ocidental,-12.5436005,-55.7038866,brasil_aberto_first_street,True
MT,5107925,Sorriso,Jardim Ouro Verde,jardim ouro verde,-12.545744,-55.72308,mapbox_geocoding,True
MT,5107925,Sorriso,Jardim Paraíso,jardim paraiso,-12.5671927,-55.7461996,brasil_aberto_first_street,True
MT,5107925,Sorriso,Jardim Primavera,jardim primavera,-12.5426921,-55.7411523,brasil_aberto_first_street,True
MT,5107925,Sorriso,Jardim Primavera II,jardim primavera ii,-12.532386,-55.7461489,brasil_aberto_first_street,True
MT,5107925,Sorriso,Jardim Tropical,jardim tropical,-12.5654591,-55.7231255,brasil_aberto_first_street,True
MT,5107925,Sorriso,Loteamento Comercial E Industrial Eldorado  - 3°  Etapa,loteamento comercial e industrial eldorado 3 etapa,-12.599087,-55.73616,mapbox_geocoding,True
MT,5107925,Sorriso,Loteamento Elias Rovaris,loteamento elias rovaris,-12.575112,-55.712249,mapbox_geocoding,True
MT,5107925,Sorriso,Loteamento Industrial e Comercial Claudino Francio,loteamento industrial e comercial claudino francio,-12.560114,-55.718979,mapbox_geocoding,True
MT,5107925,Sorriso,Loteamento Jardim dos Desbravadores,loteamento jardim dos desbravadores,-12.545744,-55.72308,mapbox_geocoding,True
MT,5107925,Sorriso,Loteamento Juscelino Kubitschek JK,loteamento juscelino kubitschek jk,-12.586878,-55.705787,mapbox_geocoding,True
MT,5107925,Sorriso,Loteamento Monte Líbano I,loteamento monte libano i,-12.5673387,-55.7448539,brasil_aberto_first_street,True
MT,5107925,Sorriso,Loteamento Monte Líbano II,loteamento monte libano ii,-16.449835,-54.64926,brasil_aberto_first_street,True
MT,5107925,Sorriso,Loteamento Monte Sinai,loteamento monte sinai,-12.538858,-55.728949,mapbox_geocoding,True
MT,5107925,Sorriso,Loteamento Morada do Bosque III,loteamento morada do bosque iii,-12.568842,-55.707027,mapbox_geocoding,True
MT,5107925,Sorriso,Loteamento Parque Cerrado,loteamento parque cerrado,-12.545744,-55.72308,mapbox_geocoding,True
MT,5107925,Sorriso,Loteamento Residencial Cristo Rei,loteamento residencial cristo rei,-12.527571,-55.751667,mapbox_geocoding,True
MT,5107925,Sorriso,Loteamento Valo,loteamento valo,-12.5686452,-55.7244525,brasil_aberto_first_street,True
MT,5107925,Sorriso,Loteamento Victória,loteamento victoria,-12.562106,-55.730339,mapbox_geocoding,True
MT,5107925,Sorriso,Loteamento Vitório Baggio,loteamento vitorio baggio,-12.575112,-55.712249,mapbox_geocoding,True
MT,5107925,Sorriso,Mário Raiter,mario raiter,-12.5853524,-55.7047026,brasil_aberto_first_street,True
MT,5107925,Sorriso,Master Ville,master ville,-12.573597,-55.739319,mapbox_geocoding,True
MT,5107925,Sorriso,Mont Serrat,mont serrat,-12.513742,-55.750549,mapbox_geocoding,True
MT,5107925,Sorriso,Morada do Bosque I,morada do bosque i,-12.5812228,-55.68976,brasil_aberto_first_street,True
MT,5107925,Sorriso,Morada do Bosque II,morada do bosque ii,-12.5812228,-55.68976,brasil_aberto_first_street,True
MT,5107925,Sorriso,Morada do Sol,morada do sol,-12.5558634,-55.7325994,brasil_aberto_first_street,True
MT,5107925,Sorriso,Nova Aliança,nova alianca,-12.5695348,-55.7073751,brasil_aberto_first_street,True
MT,5107925,Sorriso,Nova Prata,nova prata,-12.5756385,-55.7112507,brasil_aberto_first_street,True
MT,5107925,Sorriso,Novo Horizonte I,novo horizonte i,-12.5407237,-55.7226752,brasil_aberto_first_street,True
MT,5107925,Sorriso,Novo Horizonte II,novo horizonte ii,-12.5666877,-55.7100029,brasil_aberto_first_street,True
MT,5107925,Sorriso,Novo Horizonte III,novo horizonte iii,-12.5733614,-55.70462329999999,brasil_aberto_first_street,True
MT,5107925,Sorriso,Novos Campos,novos campos,-12.5666877,-55.7100029,brasil_aberto_first_street,True
MT,5107925,Sorriso,Park das Araras,park das araras,-12.534232,-55.713542,mapbox_geocoding,True
MT,5107925,Sorriso,Parque dos Poderes,parque dos poderes,-12.545541,-55.730123,mapbox_geocoding,True
MT,5107925,Sorriso,Parque Universitário,parque universitario,-12.529816,-55.7468323,brasil_aberto_first_street,True
MT,5107925,Sorriso,Pinheiros,pinheiros,-12.5467414,-55.7368695,brasil_aberto_first_street,True
MT,5107925,Sorriso,Pinheiros III,pinheiros iii,-12.5411982,-55.7596593,brasil_aberto_first_street,True
MT,5107925,Sorriso,Portal Kaiabi,portal kaiabi,-12.5228398,-55.701393,brasil_aberto_first_street,True
MT,5107925,Sorriso,Porto Alegre,porto alegre,-12.5514742,-55.7442801,brasil_aberto_first_street,True
MT,5107925,Sorriso,Primavera,primavera,,,dne,True
MT,5107925,Sorriso,Recanto dos Pássaros,recanto dos passaros,-12.532148,-55.7172553,brasil_aberto_first_street,True
MT,5107925,Sorriso,Recanto Seguro,recanto seguro,-12.5289912,-55.7211042,brasil_aberto_first_street,True
MT,5107925,Sorriso,Reserva Jardim,reserva jardim,-12.5129718,-55.7516897,brasil_aberto_first_street,True
MT,5107925,Sorriso,Residencial Topázio,residencial topazio,-12.5514742,-55.7442801,brasil_aberto_first_street,True
MT,5107925,Sorriso,Residencial Veneza,residencial veneza,-12.525571,-55.72119,mapbox_geocoding,True
MT,5107925,Sorriso,Rota do Sol,rota do sol,-12.5707916,-55.7449397,brasil_aberto_first_street,True
MT,5107925,Sorriso,Santa Clara,santa clara,-12.5842855,-55.7461362,brasil_aberto_first_street,True
MT,5107925,Sorriso,Santa Clara II,santa clara ii,-12.5861,-55.747008,mapbox_geocoding,True
MT,5107925,Sorriso,Santa Maria I,santa maria i,-12.5396558,-55.7659364,brasil_aberto_first_street,True
MT,5107925,Sorriso,Santa Maria II,santa maria ii,-12.5396558,-55.7659364,brasil_aberto_first_street,True
MT,5107925,Sorriso,Santa Mônica,santa monica,-12.5467414,-55.7368695,brasil_aberto_first_street,True
MT,5107925,Sorriso,São Conrado,sao conrado,-12.5233979,-55.7185853,brasil_aberto_first_street,True
MT,5107925,Sorriso,São Cristóvão,sao cristovao,-12.5551976,-55.7165922,brasil_aberto_first_street,True
MT,5107925,Sorriso,São Domingos,sao domingos,-12.5542135,-55.7034489,brasil_aberto_first_street,True
MT,5107925,Sorriso,São Francisco,sao francisco,-12.5438924,-55.7051609,brasil_aberto_first_street,True
MT,5107925,Sorriso,São José I,sao jose i,-12.5484333,-55.7490262,brasil_aberto_first_street,True
MT,5107925,Sorriso,São José II,sao jose ii,-12.5477056,-55.750194,brasil_aberto_first_street,True
MT,5107925,Sorriso,São Mateus,sao mateus,-12.5509235,-55.7080212,brasil_aberto_first_street,True
MT,5107925,Sorriso,Serra Dourada,serra dourada,-12.5514742,-55.7442801,brasil_aberto_first_street,True
MT,5107925,Sorriso,Taiamã,taiama,-12.5437998,-55.7534582,brasil_aberto_first_street,True
MT,5107925,Sorriso,Teles Pires,teles pires,,,dne,True
MT,5107925,Sorriso,Terra Brasil,terra brasil,-12.5389424,-55.7637851,brasil_aberto_first_street,True
MT,5107925,Sorriso,Terra Ville,terra ville,-12.523503,-55.72095059999999,brasil_aberto_first_street,True
MT,5107925,Sorriso,União,uniao,-12.9787859,-55.4286307,brasil_aberto_first_street,True
MT,5107925,Sorriso,Verdes Campos,verdes campos,-12.565309,-55.7223734,brasil_aberto_first_street,True
MT,5107925,Sorriso,Vila Bela,vila bela,-12.5710723,-55.7133117,brasil_aberto_first_street,True
MT,5107925,Sorriso,Vila Rica,vila rica,-12.5407237,-55.7226752,brasil_aberto_first_street,True
MT,5107925,Sorriso,Vila Romana,vila romana,-12.5351303,-55.7317942,brasil_aberto_first_street,True
MT,5107925,Sorriso,Village I,village i,-12.5391011,-55.7319211,brasil_aberto_first_street,True
MT,5107925,Sorriso,Village II,village ii,-12.5391011,-55.7319211,brasil_aberto_first_street,True
MT,5107925,Sorriso,Vitória-Régia,vitoria regia,-12.5346648,-55.7475722,brasil_aberto_first_street,True
MT,5107941,Tabaporã,Americana do Norte,americana do norte,-14.968923,-54.86038,mapbox_geocoding,True
MT,5107941,Tabaporã,Centro,centro,-11.3152869,-56.8199501,brasil_aberto_first_street,True
MT,5107941,Tabaporã,Mercedes,mercedes,-11.3059668,-56.2644493,brasil_aberto_first_street,True
MT,5107958,Tangará da Serra,Área Rural de Tangará da Serra,area rural de tangara da serra,-14.620924,-57.489143,mapbox_geocoding,True
MT,5107958,Tangará da Serra,Centro,centro,-15.0747352,-57.179732,brasil_aberto_first_street,True
MT,5107958,Tangará da Serra,Jardim Acácia,jardim acacia,-14.626212,-57.4960882,brasil_aberto_first_street,True
MT,5107958,Tangará da Serra,Jardim Aeroporto,jardim aeroporto,-14.64457,-57.493097,mapbox_geocoding,True
MT,5107958,Tangará da Serra,Jardim Alto da Boa Vista,jardim alto da boa vista,-14.64457,-57.493097,mapbox_geocoding,True
MT,5107958,Tangará da Serra,Jardim Buritis,jardim buritis,-14.620924,-57.489143,mapbox_geocoding,True
MT,5107958,Tangará da Serra,Jardim Cidade Alta,jardim cidade alta,-14.626411,-57.4961268,brasil_aberto_first_street,True
MT,5107958,Tangará da Serra,Jardim Dona Júlia,jardim dona julia,-14.61109,-57.504966,mapbox_geocoding,True
MT,5107958,Tangará da Serra,Jardim dos Ipês,jardim dos ipes,-14.64457,-57.493097,mapbox_geocoding,True
MT,5107958,Tangará da Serra,Jardim Esmeralda,jardim esmeralda,-14.64457,-57.493097,mapbox_geocoding,True
MT,5107958,Tangará da Serra,Jardim Europa,jardim europa,-14.624928,-57.494202,mapbox_geocoding,True
MT,5107958,Tangará da Serra,Jardim Floriza,jardim floriza,-14.620924,-57.489143,mapbox_geocoding,True
MT,5107958,Tangará da Serra,Jardim Goiás,jardim goias,-14.621312,-57.474822,mapbox_geocoding,True
MT,5107958,Tangará da Serra,Jardim Horizonte,jardim horizonte,-14.623299,-57.500339,mapbox_geocoding,True
MT,5107958,Tangará da Serra,Jardim Mituo,jardim mituo,-14.623299,-57.500339,mapbox_geocoding,True
MT,5107958,Tangará da Serra,Jardim Monte Líbano,jardim monte libano,-14.624928,-57.494202,mapbox_geocoding,True
MT,5107958,Tangará da Serra,Jardim Morada do Sol,jardim morada do sol,-14.64457,-57.493097,mapbox_geocoding,True
MT,5107958,Tangará da Serra,Jardim Nazaré,jardim nazare,-14.64457,-57.493097,mapbox_geocoding,True
MT,5107958,Tangará da Serra,Jardim Rio Preto,jardim rio preto,-14.624928,-57.494202,mapbox_geocoding,True
MT,5107958,Tangará da Serra,Jardim Santa Lúcia,jardim santa lucia,-14.623299,-57.500339,mapbox_geocoding,True
MT,5107958,Tangará da Serra,Jardim São Paulo,jardim sao paulo,-14.591346,-57.484774,mapbox_geocoding,True
MT,5107958,Tangará da Serra,Jardim Shangri-lá,jardim shangri la,-14.662981,-57.471192,mapbox_geocoding,True
MT,5107958,Tangará da Serra,Jardim Tanaka,jardim tanaka,-14.623299,-57.500339,mapbox_geocoding,True
MT,5107958,Tangará da Serra,Jardim Tarumã,jardim taruma,-14.604575,-57.4926712,brasil_aberto_first_street,True
MT,5107958,Tangará da Serra,Parque da Serra,parque da serra,-14.64457,-57.493097,mapbox_geocoding,True
MT,5107958,Tangará da Serra,Parque Figueira,parque figueira,-14.64457,-57.493097,mapbox_geocoding,True
MT,5107958,Tangará da Serra,Parque Leblon,parque leblon,,,brasil_aberto,True
MT,5107958,Tangará da Serra,Parque Mansões,parque mansoes,-14.623299,-57.500339,mapbox_geocoding,True
MT,5107958,Tangará da Serra,Parque Tangará,parque tangara,-14.623299,-57.500339,mapbox_geocoding,True
MT,5107958,Tangará da Serra,Parque Universitário,parque universitario,-14.64457,-57.493097,mapbox_geocoding,True
MT,5107958,Tangará da Serra,Progresso,progresso,,,dne,True
MT,5107958,Tangará da Serra,São Joaquim,sao joaquim,,,dne,True
MT,5107958,Tangará da Serra,São Jorge,sao jorge,,,dne,True
MT,5107958,Tangará da Serra,Zona Leste,zona leste,-14.621045,-57.480732,mapbox_geocoding,True
MT,5107958,Tangará da Serra,Zona Oeste,zona oeste,-14.630681,-57.518291,mapbox_geocoding,True
MT,5108006,Tapurah,Centro,centro,-12.7411181,-56.51543299999999,brasil_aberto_first_street,True
MT,5108006,Tapurah,Ipiranga,ipiranga,,,brasil_aberto,True
MT,5108006,Tapurah,Novo Eldorado,novo eldorado,,,dne,True
MT,5108055,Terra Nova do Norte,Centro,centro,-10.5155711,-55.2308321,brasil_aberto_first_street,True
MT,5108055,Terra Nova do Norte,Décima Agrovila,decima agrovila,,,brasil_aberto,True
MT,5108055,Terra Nova do Norte,Miraguai do Norte,miraguai do norte,,,brasil_aberto,True
MT,5108055,Terra Nova do Norte,Nona Agrovila,nona agrovila,,,brasil_aberto,True
MT,5108105,Tesouro,Batovi,batovi,,,dne,True
MT,5108105,Tesouro,Cassununga,cassununga,,,dne,True
MT,5108105,Tesouro,Centro,centro,-16.0774723,-53.5553411,brasil_aberto_first_street,True
MT,5108204,Torixoréu,Centro,centro,-14.720423,-56.3350504,brasil_aberto_first_street,True
MT,5108303,União do Sul,Centro,centro,-11.5330366,-54.3667631,brasil_aberto_first_street,True
MT,5108352,Vale de São Domingos,Centro,centro,-15.2970054,-59.06637680000001,brasil_aberto_first_street,True
MT,5108402,Várzea Grande,23 de Setembro,23 de setembro,-15.6306112,-56.1381399,brasil_aberto_first_street,True
MT,5108402,Várzea Grande,Área Rural de Várzea Grande,area rural de varzea grande,-15.6505125,-56.1354693,brasil_aberto_first_street,True
MT,5108402,Várzea Grande,Bom Sucesso,bom sucesso,,,dne,True
MT,5108402,Várzea Grande,Canelas,canelas,-15.6822057,-56.1519173,brasil_aberto_first_street,True
MT,5108402,Várzea Grande,Capão do Pequi,capao do pequi,-15.7303866,-56.1399067,brasil_aberto_first_street,True
MT,5108402,Várzea Grande,Capão Grande,capao grande,-15.709218,-56.158095,mapbox_geocoding,True
MT,5108402,Várzea Grande,Centro,centro,-15.5738075,-56.14707500000001,brasil_aberto_first_street,True
MT,5108402,Várzea Grande,Centro-Norte,centro norte,-15.6480628,-56.1309178,brasil_aberto_first_street,True
MT,5108402,Várzea Grande,Centro-Sul,centro sul,-15.6595111,-56.1362137,brasil_aberto_first_street,True
MT,5108402,Várzea Grande,Comunidade Parque Boa Vista,comunidade parque boa vista,,,dne,True
MT,5108402,Várzea Grande,Costa Verde,costa verde,-15.6781233,-56.117015,brasil_aberto_first_street,True
MT,5108402,Várzea Grande,Cristo Rei,cristo rei,-15.6406015,-56.0785924,brasil_aberto_first_street,True
MT,5108402,Várzea Grande,Glória,gloria,-15.6343938,-56.1387387,brasil_aberto_first_street,True
MT,5108402,Várzea Grande,Guarita,guarita,,,dne,True
MT,5108402,Várzea Grande,Ikaray,ikaray,-15.6643114,-56.1342305,brasil_aberto_first_street,True
MT,5108402,Várzea Grande,Jardim dos Estados,jardim dos estados,-15.6442985,-56.1480949,brasil_aberto_first_street,True
MT,5108402,Várzea Grande,Loteamento Parque das Águas,loteamento parque das aguas,-15.681342,-56.100485,mapbox_geocoding,True
MT,5108402,Várzea Grande,Mapim,mapim,-15.6197684,-56.1415199,brasil_aberto_first_street,True
MT,5108402,Várzea Grande,Marajoara,marajoara,-15.6494899,-56.1461747,brasil_aberto_first_street,True
MT,5108402,Várzea Grande,Novo Mundo,novo mundo,-15.6444056,-56.1435435,brasil_aberto_first_street,True
MT,5108402,Várzea Grande,Pai André,pai andre,,,dne,True
MT,5108402,Várzea Grande,Paiaguás,paiaguas,-15.6633203,-56.1711649,brasil_aberto_first_street,True
MT,5108402,Várzea Grande,Panamericano,panamericano,,,brasil_aberto,True
MT,5108402,Várzea Grande,Parque do Lago,parque do lago,-15.6406015,-56.0785924,brasil_aberto_first_street,True
MT,5108402,Várzea Grande,Passagem da Conceição,passagem da conceicao,,,dne,True
MT,5108402,Várzea Grande,Petrópolis,petropolis,-15.637353,-56.204406,mapbox_geocoding,True
MT,5108402,Várzea Grande,Ponte Nova,ponte nova,-15.6254301,-56.0959891,brasil_aberto_first_street,True
MT,5108402,Várzea Grande,Primavera,primavera,-15.7034736,-56.1325537,brasil_aberto_first_street,True
MT,5108402,Várzea Grande,Residencial Vida Nova,residencial vida nova,-15.646716,-55.996393,mapbox_geocoding,True
MT,5108402,Várzea Grande,Santa Isabel,santa isabel,-15.6553265,-56.1874539,brasil_aberto_first_street,True
MT,5108402,Várzea Grande,São Matheus,sao matheus,-15.683591,-56.186962,mapbox_geocoding,True
MT,5108402,Várzea Grande,São Simão,sao simao,-15.6926389,-56.1532482,brasil_aberto_first_street,True
MT,5108402,Várzea Grande,Souza Lima,souza lima,-15.720186,-56.135824,mapbox_geocoding,True
MT,5108402,Várzea Grande,Vitória Régia,vitoria regia,-15.649719,-56.096938,mapbox_geocoding,True
MT,5108501,Vera,Centro,centro,-12.2860654,-55.2987698,brasil_aberto_first_street,True
MT,5108600,Vila Rica,Santaninha,santaninha,,,dne,True
MT,5108600,Vila Rica,Setor Norte,setor norte,-10.0153989,-51.1216329,brasil_aberto_first_street,True
MT,5108808,Nova Guarita,Centro,centro,-15.7685485,-58.31109550000001,brasil_aberto_first_street,True
MT,5108857,Nova Marilândia,Centro,centro,-14.3642692,-56.968916,brasil_aberto_first_street,True
MT,5108907,Nova Maringá,Brianorte,brianorte,,,dne,True
MT,5108907,Nova Maringá,Centro,centro,-12.287473,-57.341504,mapbox_geocoding,True
MT,5108956,Nova Monte Verde,Alto Paraíso,alto paraiso,,,dne,True
MT,5108956,Nova Monte Verde,Centro,centro,-9.979068,-57.467422,mapbox_geocoding,True
MT,5108956,Nova Monte Verde,São José do Apuí,sao jose do apui,,,dne,True
