Uf,CityIbgeCode,City,Neighborhood,NormalizedName,Latitude,Longitude,Source,IsActive
GO,5200050,Abadia de Goiás,Área Rural de Abadia de Goiás,area rural de abadia de goias,-16.759356,-49.437607,mapbox_geocoding,True
GO,5200050,Abadia de Goiás,Campos Elysios,campos elysios,-16.759356,-49.437607,mapbox_geocoding,True
GO,5200050,Abadia de Goiás,Centro,centro,-16.809097,-49.325923,mapbox_geocoding,True
GO,5200050,Abadia de Goiás,Chácara Rancho Dourado,chacara rancho dourado,-15.9145,-50.415548,mapbox_geocoding,True
GO,5200050,Abadia de Goiás,Condomínio Residencial Copacabana,condominio residencial copacabana,-16.83639,-49.404813,mapbox_geocoding,True
GO,5200050,Abadia de Goiás,Conjunto Arco Iris,conjunto arco iris,-16.808874,-49.327849,mapbox_geocoding,True
GO,5200050,Abadia de Goiás,Conjunto Habitacional Cid Aguiar Silva,conjunto habitacional cid aguiar silva,-16.805877,-49.321334,mapbox_geocoding,True
GO,5200050,Abadia de Goiás,Conjunto Habitacional Frater Pablo de Oliveira Vasconcelos,conjunto habitacional frater pablo de oliveira vasconcelos,-16.765066,-49.427984,mapbox_geocoding,True
GO,5200050,Abadia de Goiás,Conjunto José Mendonça,conjunto jose mendonca,-16.80916,-49.326811,mapbox_geocoding,True
GO,5200050,Abadia de Goiás,Conjunto Renascer,conjunto renascer,-16.809097,-49.325923,mapbox_geocoding,True
GO,5200050,Abadia de Goiás,Conjunto Salvino Cezário,conjunto salvino cezario,-16.759356,-49.437607,mapbox_geocoding,True
GO,5200050,Abadia de Goiás,Daniella Park,daniella park,-16.758519,-49.43813,mapbox_geocoding,True
GO,5200050,Abadia de Goiás,Fazenda Dourados,fazenda dourados,-16.759356,-49.437607,mapbox_geocoding,True
GO,5200050,Abadia de Goiás,Jardim Bougainville,jardim bougainville,-16.776583,-49.431626,mapbox_geocoding,True
GO,5200050,Abadia de Goiás,Jardim Genuína Batista Borges,jardim genuina batista borges,-16.759356,-49.437607,mapbox_geocoding,True
GO,5200050,Abadia de Goiás,Jardim Itarumã,jardim itaruma,-16.806618,-49.327601,mapbox_geocoding,True
GO,5200050,Abadia de Goiás,Jardim Nova Abadia,jardim nova abadia,-16.758519,-49.43813,mapbox_geocoding,True
GO,5200050,Abadia de Goiás,Jardins Ville,jardins ville,-16.759356,-49.437607,mapbox_geocoding,True
GO,5200050,Abadia de Goiás,Paineiras I,paineiras i,-16.759356,-49.437607,mapbox_geocoding,True
GO,5200050,Abadia de Goiás,Paineiras II,paineiras ii,-16.759356,-49.437607,mapbox_geocoding,True
GO,5200050,Abadia de Goiás,Parque Izabel,parque izabel,-16.758519,-49.43813,mapbox_geocoding,True
GO,5200050,Abadia de Goiás,Quinta da Boa Vista,quinta da boa vista,-16.759356,-49.437607,mapbox_geocoding,True
GO,5200050,Abadia de Goiás,Quinta dos Sonhos,quinta dos sonhos,-16.759356,-49.437607,mapbox_geocoding,True
GO,5200050,Abadia de Goiás,Recanto dos Dourados,recanto dos dourados,-16.815275,-49.401443,mapbox_geocoding,True
GO,5200050,Abadia de Goiás,Recreio Acapulco,recreio acapulco,-16.829827,-49.39942,mapbox_geocoding,True
GO,5200050,Abadia de Goiás,Residencial Dori,residencial dori,-16.76275,-49.413522,mapbox_geocoding,True
GO,5200050,Abadia de Goiás,Residencial Flor do Ipê II,residencial flor do ipe ii,-15.900853,-50.440277,mapbox_geocoding,True
GO,5200050,Abadia de Goiás,Residencial Goiânia Sul I,residencial goiania sul i,-16.72842,-49.331218,mapbox_geocoding,True
GO,5200050,Abadia de Goiás,Residencial Goiânia Sul II,residencial goiania sul ii,-16.806789,-49.401604,mapbox_geocoding,True
GO,5200050,Abadia de Goiás,Residencial Ipanema,residencial ipanema,-16.759356,-49.437607,mapbox_geocoding,True
GO,5200050,Abadia de Goiás,Residencial Itaipú II,residencial itaipu ii,-16.759356,-49.437607,mapbox_geocoding,True
GO,5200050,Abadia de Goiás,Residencial Jair Ferreira,residencial jair ferreira,-16.829396,-49.390048,mapbox_geocoding,True
GO,5200050,Abadia de Goiás,Residencial Jardim do Lago,residencial jardim do lago,-16.759356,-49.437607,mapbox_geocoding,True
GO,5200050,Abadia de Goiás,Residencial Jardim Florita,residencial jardim florita,-16.758519,-49.43813,mapbox_geocoding,True
GO,5200050,Abadia de Goiás,Residencial Jardim Primavera,residencial jardim primavera,-16.759356,-49.437607,mapbox_geocoding,True
GO,5200050,Abadia de Goiás,Residencial Luar Park,residencial luar park,-16.759356,-49.437607,mapbox_geocoding,True
GO,5200050,Abadia de Goiás,Residencial Luiz Amazonas,residencial luiz amazonas,-16.759356,-49.437607,mapbox_geocoding,True
GO,5200050,Abadia de Goiás,Residencial Maria Oliveira,residencial maria oliveira,-16.746567,-49.394196,mapbox_geocoding,True
GO,5200050,Abadia de Goiás,Residencial Ortegal,residencial ortegal,-16.763187,-49.4229,mapbox_geocoding,True
GO,5200050,Abadia de Goiás,Residencial Porto Seguro,residencial porto seguro,-16.723449,-49.44233,mapbox_geocoding,True
GO,5200050,Abadia de Goiás,Residencial Solar Cardoso I,residencial solar cardoso i,-16.758519,-49.43813,mapbox_geocoding,True
GO,5200050,Abadia de Goiás,Residencial Solar Cardoso II,residencial solar cardoso ii,-16.768179,-49.441663,mapbox_geocoding,True
GO,5200050,Abadia de Goiás,Residencial Vila Dourada,residencial vila dourada,-16.759356,-49.437607,mapbox_geocoding,True
GO,5200050,Abadia de Goiás,Residencial Villar Santana,residencial villar santana,-16.759356,-49.437607,mapbox_geocoding,True
GO,5200050,Abadia de Goiás,Setor Central,setor central,,,brasil_aberto,True
GO,5200050,Abadia de Goiás,Setor Don Fellipe,setor don fellipe,-16.759356,-49.437607,mapbox_geocoding,True
GO,5200050,Abadia de Goiás,Setor Santa Bárbara,setor santa barbara,-16.758519,-49.43813,mapbox_geocoding,True
GO,5200050,Abadia de Goiás,Sítios de Lazer Libânio,sitios de lazer libanio,-16.696731,-49.357566,mapbox_geocoding,True
GO,5200050,Abadia de Goiás,Vila Abadia de Goiás,vila abadia de goias,-16.758519,-49.43813,mapbox_geocoding,True
GO,5200050,Abadia de Goiás,Vila Goiany,vila goiany,-16.758519,-49.43813,mapbox_geocoding,True
GO,5200050,Abadia de Goiás,Vila João Custódio,vila joao custodio,-15.929368,-50.150075,mapbox_geocoding,True
GO,5200050,Abadia de Goiás,Vila Nossa Senhora da Guia,vila nossa senhora da guia,-16.758519,-49.43813,mapbox_geocoding,True
GO,5200050,Abadia de Goiás,Vila Nossa Senhora do Perpétuo Socorro,vila nossa senhora do perpetuo socorro,-16.760309,-49.437701,mapbox_geocoding,True
GO,5200050,Abadia de Goiás,Vila São Dimas,vila sao dimas,-16.839141,-49.402418,mapbox_geocoding,True
GO,5200050,Abadia de Goiás,Villar Baviera,villar baviera,-16.815275,-49.401443,mapbox_geocoding,True
GO,5200100,Abadiânia,Área Rural de Abadiânia,area rural de abadiania,-16.192602,-48.707615,mapbox_geocoding,True
GO,5200100,Abadiânia,Centro,centro,-16.193708,-48.708894,mapbox_geocoding,True
GO,5200100,Abadiânia,Chácaras Capivary,chacaras capivary,-16.187289,-48.709336,mapbox_geocoding,True
GO,5200100,Abadiânia,Conjunto Habitacional José Costa,conjunto habitacional jose costa,-22.547555,-43.219319,mapbox_geocoding,True
GO,5200100,Abadiânia,Continuação Lindo Horizonte,continuacao lindo horizonte,-16.189298,-48.711582,mapbox_geocoding,True
GO,5200100,Abadiânia,Fazenda Mariká,fazenda marika,-16.198549,-48.705618,mapbox_geocoding,True
GO,5200100,Abadiânia,Fazenda Varginha,fazenda varginha,-16.198549,-48.705618,mapbox_geocoding,True
GO,5200100,Abadiânia,Flor de Lis,flor de lis,-16.201431,-48.705517,mapbox_geocoding,True
GO,5200100,Abadiânia,Jardim Santa Fé,jardim santa fe,-15.55249,-47.307732,mapbox_geocoding,True
GO,5200100,Abadiânia,Lindo Horizonte,lindo horizonte,-16.189298,-48.711582,mapbox_geocoding,True
GO,5200100,Abadiânia,Madre Teresa,madre teresa,-10.333847,-48.297822,mapbox_geocoding,True
GO,5200100,Abadiânia,Planalmira,planalmira,,,dne,True
GO,5200100,Abadiânia,Posse D'Abadia,posse d abadia,,,dne,True
GO,5200100,Abadiânia,Prefeito Egídio Alves da Silva,prefeito egidio alves da silva,-16.193708,-48.708894,mapbox_geocoding,True
GO,5200100,Abadiânia,Prolongamento I,prolongamento i,-16.208389,-48.705216,mapbox_geocoding,True
GO,5200100,Abadiânia,Residencial Bela Vista,residencial bela vista,-16.192602,-48.707615,mapbox_geocoding,True
GO,5200100,Abadiânia,Residêncial José Divino Lopes,residencial jose divino lopes,-16.19766,-48.704607,mapbox_geocoding,True
GO,5200100,Abadiânia,Residencial Leblon I,residencial leblon i,-16.201431,-48.705517,mapbox_geocoding,True
GO,5200100,Abadiânia,Residencial Leblon II,residencial leblon ii,-14.733425,-49.702447,mapbox_geocoding,True
GO,5200100,Abadiânia,Residencial Vereador Diógenes Gontijo Azevedo,residencial vereador diogenes gontijo azevedo,-16.288239,-48.484796,mapbox_geocoding,True
GO,5200100,Abadiânia,Santa Lúcia,santa lucia,,,dne,True
GO,5200100,Abadiânia,Vila Bastos,vila bastos,-16.186543,-48.709111,mapbox_geocoding,True
GO,5200134,Acreúna,Arantina,arantina,,,dne,True
GO,5200134,Acreúna,Área Rural de Acreúna,area rural de acreuna,-17.396652,-50.38032,mapbox_geocoding,True
GO,5200134,Acreúna,Centro,centro,-17.402451,-50.385877,mapbox_geocoding,True
GO,5200134,Acreúna,Conjunto Ana Karla,conjunto ana karla,-17.402451,-50.385877,mapbox_geocoding,True
GO,5200134,Acreúna,Conjunto Leide das Neves,conjunto leide das neves,-17.382378,-50.375064,mapbox_geocoding,True
GO,5200134,Acreúna,Residencial Ypê,residencial ype,-17.396194,-50.372704,mapbox_geocoding,True
GO,5200134,Acreúna,São Lourenço,sao lourenco,-17.396194,-50.372704,mapbox_geocoding,True
GO,5200134,Acreúna,Serra Dourada,serra dourada,-17.533809,-50.195539,mapbox_geocoding,True
GO,5200134,Acreúna,Setor Buritis,setor buritis,-17.402451,-50.385877,mapbox_geocoding,True
GO,5200134,Acreúna,Setor Campestre,setor campestre,-17.735735,-48.639558,mapbox_geocoding,True
GO,5200134,Acreúna,Setor Canaã,setor canaa,-17.389424,-50.365576,mapbox_geocoding,True
GO,5200134,Acreúna,Setor Canadá,setor canada,-17.405989,-50.370005,mapbox_geocoding,True
GO,5200134,Acreúna,Setor Central,setor central,,,brasil_aberto,True
GO,5200134,Acreúna,Setor Jardim Vila Rica,setor jardim vila rica,-17.39036,-50.391689,mapbox_geocoding,True
GO,5200134,Acreúna,Setor Nova Acreúna,setor nova acreuna,-17.380393,-50.377442,mapbox_geocoding,True
GO,5200134,Acreúna,Setor Novo Horizonte,setor novo horizonte,-17.396652,-50.38032,mapbox_geocoding,True
GO,5200134,Acreúna,Setor Núria,setor nuria,-17.389424,-50.365576,mapbox_geocoding,True
GO,5200134,Acreúna,Setor Paineiras,setor paineiras,-17.396194,-50.372704,mapbox_geocoding,True
GO,5200134,Acreúna,Setor Sol Nascente,setor sol nascente,-17.389424,-50.365576,mapbox_geocoding,True
GO,5200134,Acreúna,Setor Sul,setor sul,-17.399693,-50.37485,mapbox_geocoding,True
GO,5200134,Acreúna,Sudoeste,sudoeste,-17.533809,-50.195539,mapbox_geocoding,True
GO,5200134,Acreúna,Vila Talita,vila talita,-17.396652,-50.38032,mapbox_geocoding,True
GO,5200159,Adelândia,Área Rural de Adelândia,area rural de adelandia,-16.416222,-50.16762,mapbox_geocoding,True
GO,5200159,Adelândia,Centro,centro,-16.415884,-50.164638,mapbox_geocoding,True
GO,5200159,Adelândia,Industrial II,industrial ii,-16.391034,-48.975688,mapbox_geocoding,True
GO,5200159,Adelândia,Jardim Planalto,jardim planalto,-16.423229,-50.172884,mapbox_geocoding,True
GO,5200159,Adelândia,Jardim Planalto II,jardim planalto ii,-15.762665,-48.247192,mapbox_geocoding,True
GO,5200159,Adelândia,Jardim Progresso,jardim progresso,-16.415461,-50.168919,mapbox_geocoding,True
GO,5200159,Adelândia,João Alves,joao alves,-16.417185,-50.171634,mapbox_geocoding,True
GO,5200159,Adelândia,Noroeste,noroeste,-16.414799,-50.165801,mapbox_geocoding,True
GO,5200159,Adelândia,Ouro Preto,ouro preto,-16.414133,-50.16935,mapbox_geocoding,True
GO,5200159,Adelândia,Parque das Paineiras,parque das paineiras,-16.417808,-50.165819,mapbox_geocoding,True
GO,5200159,Adelândia,Residencial Morada Nova,residencial morada nova,-16.414841,-50.168858,mapbox_geocoding,True
GO,5200175,Água Fria de Goiás,Centro,centro,-14.9826793,-47.786203,brasil_aberto_first_street,True
GO,5200209,Água Limpa,Área Rural de Água Limpa,area rural de agua limpa,-18.074535,-48.7633,mapbox_geocoding,True
GO,5200209,Água Limpa,Centro,centro,-18.077368,-48.762813,mapbox_geocoding,True
GO,5200209,Água Limpa,Setor Central,setor central,,,brasil_aberto,True
GO,5200209,Água Limpa,Setor Nova República,setor nova republica,-18.077368,-48.762813,mapbox_geocoding,True
GO,5200209,Água Limpa,Setor Vitória II,setor vitoria ii,-18.071717,-48.761779,mapbox_geocoding,True
GO,5200209,Água Limpa,Vila Bela,vila bela,-18.071717,-48.761779,mapbox_geocoding,True
GO,5200209,Água Limpa,Vila Mutirão,vila mutirao,-18.073569,-48.759401,mapbox_geocoding,True
GO,5200209,Água Limpa,Vila Paraíso,vila paraiso,-18.071717,-48.761779,mapbox_geocoding,True
GO,5200209,Água Limpa,Vila Rabelo,vila rabelo,-18.079703,-48.764255,mapbox_geocoding,True
GO,5200258,Águas Lindas de Goiás,Área Rural de Águas Lindas de Goiás,area rural de aguas lindas de goias,-15.7442065,-48.2794916,brasil_aberto_first_street,True
GO,5200258,Águas Lindas de Goiás,Camping Clube,camping clube,-15.7856167,-48.25677169999999,brasil_aberto_first_street,True
GO,5200258,Águas Lindas de Goiás,Centro,centro,-15.7442065,-48.2794916,brasil_aberto_first_street,True
GO,5200258,Águas Lindas de Goiás,Chácaras Águas Lindas,chacaras aguas lindas,-15.7310419,-48.2477035,brasil_aberto_first_street,True
GO,5200258,Águas Lindas de Goiás,Chácaras Cachoeira da Mata,chacaras cachoeira da mata,-15.7442065,-48.2794916,brasil_aberto_first_street,True
GO,5200258,Águas Lindas de Goiás,Chácaras Coimbra,chacaras coimbra,-15.7277144,-48.2778292,brasil_aberto_first_street,True
GO,5200258,Águas Lindas de Goiás,Chácaras do Entorno,chacaras do entorno,-15.710882,-48.2874387,brasil_aberto_first_street,True
GO,5200258,Águas Lindas de Goiás,Chácaras Quedas do Descoberto,chacaras quedas do descoberto,-15.7725361,-48.2743402,brasil_aberto_first_street,True
GO,5200258,Águas Lindas de Goiás,Cidade Jardim,cidade jardim,-15.739387,-48.2654833,brasil_aberto_first_street,True
GO,5200258,Águas Lindas de Goiás,Condomínio Bela Vista da Barragem I,condominio bela vista da barragem i,-15.7522742,-48.253552,brasil_aberto_first_street,True
GO,5200258,Águas Lindas de Goiás,Condomínio Residencial Embaixador,condominio residencial embaixador,-15.739059,-48.278362,mapbox_geocoding,True
GO,5200258,Águas Lindas de Goiás,Condomínio Solar da Barragem,condominio solar da barragem,-15.739059,-48.278362,mapbox_geocoding,True
GO,5200258,Águas Lindas de Goiás,Expansão do Jardim Barragem 02,expansao do jardim barragem 02,-15.7442065,-48.2794916,brasil_aberto_first_street,True
GO,5200258,Águas Lindas de Goiás,Fazenda Cachoeira,fazenda cachoeira,-15.76329,-48.232533,mapbox_geocoding,True
GO,5200258,Águas Lindas de Goiás,Fazenda Vau,fazenda vau,-15.739059,-48.278362,mapbox_geocoding,True
GO,5200258,Águas Lindas de Goiás,Jardim Águas Lindas,jardim aguas lindas,-15.7925714,-48.2940485,brasil_aberto_first_street,True
GO,5200258,Águas Lindas de Goiás,Jardim Águas Lindas II,jardim aguas lindas ii,-15.7925714,-48.2940485,brasil_aberto_first_street,True
GO,5200258,Águas Lindas de Goiás,Jardim Alterosa,jardim alterosa,-15.7442065,-48.2794916,brasil_aberto_first_street,True
GO,5200258,Águas Lindas de Goiás,Jardim América I,jardim america i,-15.7363986,-48.3146915,brasil_aberto_first_street,True
GO,5200258,Águas Lindas de Goiás,Jardim América II,jardim america ii,-15.7363986,-48.3146915,brasil_aberto_first_street,True
GO,5200258,Águas Lindas de Goiás,Jardim América III,jardim america iii,-15.760233,-48.33210450000001,brasil_aberto_first_street,True
GO,5200258,Águas Lindas de Goiás,Jardim América IV,jardim america iv,-15.7363986,-48.3146915,brasil_aberto_first_street,True
GO,5200258,Águas Lindas de Goiás,Jardim América V,jardim america v,-15.7363986,-48.3146915,brasil_aberto_first_street,True
GO,5200258,Águas Lindas de Goiás,Jardim América VI,jardim america vi,-15.7363986,-48.3146915,brasil_aberto_first_street,True
GO,5200258,Águas Lindas de Goiás,Jardim Bela Vista,jardim bela vista,-15.7315076,-48.2556602,brasil_aberto_first_street,True
GO,5200258,Águas Lindas de Goiás,Jardim Brasília,jardim brasilia,-15.7403143,-48.2512305,brasil_aberto_first_street,True
GO,5200258,Águas Lindas de Goiás,Jardim Brasília II,jardim brasilia ii,-15.7403143,-48.2512305,brasil_aberto_first_street,True
GO,5200258,Águas Lindas de Goiás,Jardim Califórnia,jardim california,-15.7402661,-48.3157394,brasil_aberto_first_street,True
GO,5200258,Águas Lindas de Goiás,Jardim Coimbra,jardim coimbra,-15.673584,-48.203669,mapbox_geocoding,True
GO,5200258,Águas Lindas de Goiás,Jardim da Barragem I,jardim da barragem i,-15.7317429,-48.2877157,brasil_aberto_first_street,True
GO,5200258,Águas Lindas de Goiás,Jardim da Barragem II,jardim da barragem ii,-15.7233324,-48.2846837,brasil_aberto_first_street,True
GO,5200258,Águas Lindas de Goiás,Jardim da Barragem III,jardim da barragem iii,-15.7325238,-48.2916263,brasil_aberto_first_street,True
GO,5200258,Águas Lindas de Goiás,Jardim da Barragem IV,jardim da barragem iv,-15.739059,-48.278362,mapbox_geocoding,True
GO,5200258,Águas Lindas de Goiás,Jardim da Barragem V,jardim da barragem v,-15.7442065,-48.2794916,brasil_aberto_first_street,True
GO,5200258,Águas Lindas de Goiás,Jardim da Barragem VI,jardim da barragem vi,-15.7442065,-48.2794916,brasil_aberto_first_street,True
GO,5200258,Águas Lindas de Goiás,Jardim das Laranjeiras I,jardim das laranjeiras i,-15.7442065,-48.2794916,brasil_aberto_first_street,True
GO,5200258,Águas Lindas de Goiás,Jardim das Oliveiras I,jardim das oliveiras i,-15.758906,-48.2423497,brasil_aberto_first_street,True
GO,5200258,Águas Lindas de Goiás,Jardim das Oliveiras II,jardim das oliveiras ii,-15.758906,-48.2423497,brasil_aberto_first_street,True
GO,5200258,Águas Lindas de Goiás,Jardim do Eden,jardim do eden,-15.7582839,-48.2455732,brasil_aberto_first_street,True
GO,5200258,Águas Lindas de Goiás,Jardim do Entorno I,jardim do entorno i,-15.7034111,-48.2821452,brasil_aberto_first_street,True
GO,5200258,Águas Lindas de Goiás,Jardim dos Pinheiros,jardim dos pinheiros,-15.7193902,-48.2751706,brasil_aberto_first_street,True
GO,5200258,Águas Lindas de Goiás,Jardim Guaíra I,jardim guaira i,-15.768047,-48.2472793,brasil_aberto_first_street,True
GO,5200258,Águas Lindas de Goiás,Jardim Guaíra II,jardim guaira ii,-15.7653453,-48.2455732,brasil_aberto_first_street,True
GO,5200258,Águas Lindas de Goiás,Jardim Maria Madalena,jardim maria madalena,-15.7442065,-48.2794916,brasil_aberto_first_street,True
GO,5200258,Águas Lindas de Goiás,Jardim Pepita,jardim pepita,-15.7277144,-48.2778292,brasil_aberto_first_street,True
GO,5200258,Águas Lindas de Goiás,Jardim Pérola da Barragem I,jardim perola da barragem i,-15.7442774,-48.2610812,brasil_aberto_first_street,True
GO,5200258,Águas Lindas de Goiás,Jardim Pérola da Barragem II,jardim perola da barragem ii,-15.7313044,-48.2728189,brasil_aberto_first_street,True
GO,5200258,Águas Lindas de Goiás,Jardim Planalto,jardim planalto,-15.7442065,-48.2794916,brasil_aberto_first_street,True
GO,5200258,Águas Lindas de Goiás,Jardim Querência,jardim querencia,-15.7510549,-48.25952909999999,brasil_aberto_first_street,True
GO,5200258,Águas Lindas de Goiás,Jardim Recanto,jardim recanto,-15.739059,-48.278362,mapbox_geocoding,True
GO,5200258,Águas Lindas de Goiás,Jardim Recreio,jardim recreio,-15.7442065,-48.2794916,brasil_aberto_first_street,True
GO,5200258,Águas Lindas de Goiás,Jardim Santa Lúcia,jardim santa lucia,-15.7804774,-48.3003434,brasil_aberto_first_street,True
GO,5200258,Águas Lindas de Goiás,Jardim Santana,jardim santana,-15.6725538,-48.2019223,brasil_aberto_first_street,True
GO,5200258,Águas Lindas de Goiás,Jardim Vitória,jardim vitoria,-15.7707713,-48.248144,brasil_aberto_first_street,True
GO,5200258,Águas Lindas de Goiás,Laranjeiras II,laranjeiras ii,-15.7513345,-48.2978708,brasil_aberto_first_street,True
GO,5200258,Águas Lindas de Goiás,Mansões Águas Lindas,mansoes aguas lindas,-15.7302931,-48.2824196,brasil_aberto_first_street,True
GO,5200258,Águas Lindas de Goiás,Mansões Azaléia,mansoes azaleia,-15.7804445,-48.3103075,brasil_aberto_first_street,True
GO,5200258,Águas Lindas de Goiás,Mansões Camargo,mansoes camargo,-15.7713858,-48.2779411,brasil_aberto_first_street,True
GO,5200258,Águas Lindas de Goiás,Mansões Centro Oeste,mansoes centro oeste,-15.7346861,-48.2614275,brasil_aberto_first_street,True
GO,5200258,Águas Lindas de Goiás,Mansões Ilha Bela,mansoes ilha bela,-15.7121958,-48.2605028,brasil_aberto_first_street,True
GO,5200258,Águas Lindas de Goiás,Mansões Imperatriz,mansoes imperatriz,-15.7566091,-48.284581,brasil_aberto_first_street,True
GO,5200258,Águas Lindas de Goiás,Mansões Itamaracá,mansoes itamaraca,-15.739059,-48.278362,mapbox_geocoding,True
GO,5200258,Águas Lindas de Goiás,Mansões Odisséia,mansoes odisseia,-15.7793789,-48.2799343,brasil_aberto_first_street,True
GO,5200258,Águas Lindas de Goiás,Mansões Olinda,mansoes olinda,-15.7294883,-48.274045,brasil_aberto_first_street,True
GO,5200258,Águas Lindas de Goiás,Mansões Pôr do Sol,mansoes por do sol,-15.7252275,-48.275441,brasil_aberto_first_street,True
GO,5200258,Águas Lindas de Goiás,Mansões Samurai,mansoes samurai,-15.7904494,-48.3127988,brasil_aberto_first_street,True
GO,5200258,Águas Lindas de Goiás,Mansões Savana,mansoes savana,-15.7700634,-48.3314873,brasil_aberto_first_street,True
GO,5200258,Águas Lindas de Goiás,Mansões Tijuca,mansoes tijuca,-15.739059,-48.278362,mapbox_geocoding,True
GO,5200258,Águas Lindas de Goiás,Mansões Village,mansoes village,-15.7318534,-48.2574377,brasil_aberto_first_street,True
GO,5200258,Águas Lindas de Goiás,Park das Águas Bonitas II,park das aguas bonitas ii,-15.739059,-48.278362,mapbox_geocoding,True
GO,5200258,Águas Lindas de Goiás,Parque da Barragem Setor 01,parque da barragem setor 01,-15.7497618,-48.2821519,brasil_aberto_first_street,True
GO,5200258,Águas Lindas de Goiás,Parque da Barragem Setor 02,parque da barragem setor 02,-15.7497618,-48.2821519,brasil_aberto_first_street,True
GO,5200258,Águas Lindas de Goiás,Parque da Barragem Setor 03,parque da barragem setor 03,-15.7497618,-48.2821519,brasil_aberto_first_street,True
GO,5200258,Águas Lindas de Goiás,Parque da Barragem Setor 04,parque da barragem setor 04,-15.739059,-48.278362,mapbox_geocoding,True
GO,5200258,Águas Lindas de Goiás,Parque da Barragem Setor 05,parque da barragem setor 05,-15.7497618,-48.2821519,brasil_aberto_first_street,True
GO,5200258,Águas Lindas de Goiás,Parque da Barragem Setor 06,parque da barragem setor 06,-15.7497618,-48.2821519,brasil_aberto_first_street,True
GO,5200258,Águas Lindas de Goiás,Parque da Barragem Setor 07,parque da barragem setor 07,-15.7515827,-48.27150109999999,brasil_aberto_first_street,True
GO,5200258,Águas Lindas de Goiás,Parque da Barragem Setor 08,parque da barragem setor 08,-15.7497618,-48.2821519,brasil_aberto_first_street,True
GO,5200258,Águas Lindas de Goiás,Parque da Barragem Setor 09,parque da barragem setor 09,-15.7497618,-48.2821519,brasil_aberto_first_street,True
GO,5200258,Águas Lindas de Goiás,Parque da Barragem Setor 10,parque da barragem setor 10,-15.7446034,-48.2765886,brasil_aberto_first_street,True
GO,5200258,Águas Lindas de Goiás,Parque da Barragem Setor 11,parque da barragem setor 11,-15.7497618,-48.2821519,brasil_aberto_first_street,True
GO,5200258,Águas Lindas de Goiás,Parque da Barragem Setor 12,parque da barragem setor 12,-15.7604055,-48.2653759,brasil_aberto_first_street,True
GO,5200258,Águas Lindas de Goiás,Parque da Barragem Setor 13,parque da barragem setor 13,-15.7543648,-48.2741962,brasil_aberto_first_street,True
GO,5200258,Águas Lindas de Goiás,Parque da Barragem Setor 14,parque da barragem setor 14,-15.7497618,-48.2821519,brasil_aberto_first_street,True
GO,5200258,Águas Lindas de Goiás,Parque da Barragem Setor 15,parque da barragem setor 15,-15.7562949,-48.2710196,brasil_aberto_first_street,True
GO,5200258,Águas Lindas de Goiás,Parque da Barragem Setor 16,parque da barragem setor 16,-15.7426493,-48.2842773,brasil_aberto_first_street,True
GO,5200258,Águas Lindas de Goiás,Parque das Águas Bonitas I,parque das aguas bonitas i,-15.739059,-48.278362,mapbox_geocoding,True
GO,5200258,Águas Lindas de Goiás,Parque das Águas Bonitas I Etapa B,parque das aguas bonitas i etapa b,-15.7560887,-48.3219511,brasil_aberto_first_street,True
GO,5200258,Águas Lindas de Goiás,Parque do Bosque,parque do bosque,-15.7043781,-48.27578090000001,brasil_aberto_first_street,True
GO,5200258,Águas Lindas de Goiás,Portal da Barragem,portal da barragem,-15.765681,-48.2318893,brasil_aberto_first_street,True
GO,5200258,Águas Lindas de Goiás,Quinta das Águas Bonitas,quinta das aguas bonitas,-15.7580113,-48.32525709999999,brasil_aberto_first_street,True
GO,5200258,Águas Lindas de Goiás,Quintas Paraíso - Etapa A,quintas paraiso etapa a,-15.7315076,-48.2556602,brasil_aberto_first_street,True
GO,5200258,Águas Lindas de Goiás,Quintas Paraíso - Etapa B,quintas paraiso etapa b,-15.7315076,-48.2556602,brasil_aberto_first_street,True
GO,5200258,Águas Lindas de Goiás,Recanto da Barragem,recanto da barragem,-15.7490555,-48.26646059999999,brasil_aberto_first_street,True
GO,5200258,Águas Lindas de Goiás,Recreio da Barragem,recreio da barragem,-15.7377245,-48.3026033,brasil_aberto_first_street,True
GO,5200258,Águas Lindas de Goiás,Recreio das Águas Lindas I,recreio das aguas lindas i,-15.777997,-48.277726,mapbox_geocoding,True
GO,5200258,Águas Lindas de Goiás,Recreio das Águas Lindas II,recreio das aguas lindas ii,-15.781107,-48.2787428,brasil_aberto_first_street,True
GO,5200258,Águas Lindas de Goiás,Recreio das Águas Lindas III,recreio das aguas lindas iii,-15.7883254,-48.2860231,brasil_aberto_first_street,True
GO,5200258,Águas Lindas de Goiás,Residencial Bethel,residencial bethel,-15.7277144,-48.2778292,brasil_aberto_first_street,True
GO,5200258,Águas Lindas de Goiás,Residencial Boa Vista,residencial boa vista,-15.7527077,-48.30645490000001,brasil_aberto_first_street,True
GO,5200258,Águas Lindas de Goiás,Residencial Jardim Paraíso,residencial jardim paraiso,-15.7522132,-48.3003434,brasil_aberto_first_street,True
GO,5200258,Águas Lindas de Goiás,Residencial Portal da Barragem,residencial portal da barragem,-15.765681,-48.2318893,brasil_aberto_first_street,True
GO,5200258,Águas Lindas de Goiás,Residencial Sol Nascente I,residencial sol nascente i,-15.7671384,-48.2495501,brasil_aberto_first_street,True
GO,5200258,Águas Lindas de Goiás,Residencial Sol Nascente II,residencial sol nascente ii,-15.7411899,-48.2577683,brasil_aberto_first_street,True
GO,5200258,Águas Lindas de Goiás,Rod. GO-547 Fazenda Camargo,rod go 547 fazenda camargo,-15.795411,-48.292776,mapbox_geocoding,True
GO,5200258,Águas Lindas de Goiás,Royal Parque,royal parque,-15.7736583,-48.2927245,brasil_aberto_first_street,True
GO,5200258,Águas Lindas de Goiás,Setor 14,setor 14,-15.7497618,-48.2821519,brasil_aberto_first_street,True
GO,5200258,Águas Lindas de Goiás,Setor 15,setor 15,-15.7442065,-48.2794916,brasil_aberto_first_street,True
GO,5200258,Águas Lindas de Goiás,Setor 16,setor 16,-15.7528693,-48.263597,brasil_aberto_first_street,True
GO,5200258,Águas Lindas de Goiás,Setor Mansões Lago do Descoberto,setor mansoes lago do descoberto,-15.739059,-48.278362,mapbox_geocoding,True
GO,5200258,Águas Lindas de Goiás,Vila Esperança,vila esperanca,-15.7497618,-48.2821519,brasil_aberto_first_street,True
GO,5200258,Águas Lindas de Goiás,Vivendas Paraíso,vivendas paraiso,-15.7373644,-48.2846869,brasil_aberto_first_street,True
GO,5200308,Alexânia,Alexânia,alexania,-16.110933,-48.364715,mapbox_geocoding,True
GO,5200308,Alexânia,Centro,centro,-16.0827946,-48.5043856,brasil_aberto_first_street,True
GO,5200308,Alexânia,Olhos D'Água,olhos d agua,,,dne,True
GO,5200506,Aloândia,Área Rural de Aloândia,area rural de aloandia,-17.72735,-49.480885,mapbox_geocoding,True
GO,5200506,Aloândia,Centro,centro,-17.729196,-49.4796,mapbox_geocoding,True
GO,5200506,Aloândia,Conjunto Habitacional Antonio Matias,conjunto habitacional antonio matias,-17.730553,-49.484698,mapbox_geocoding,True
GO,5200506,Aloândia,Conjunto Habitacional Elias Rodrigues,conjunto habitacional elias rodrigues,-17.725434,-49.474444,mapbox_geocoding,True
GO,5200506,Aloândia,Conjunto Habitacional João Panamá,conjunto habitacional joao panama,-17.730553,-49.484698,mapbox_geocoding,True
GO,5200506,Aloândia,Conjunto Residencial Água Branca,conjunto residencial agua branca,-17.730553,-49.484698,mapbox_geocoding,True
GO,5200506,Aloândia,Residencial Agostinho Ivo da Silva,residencial agostinho ivo da silva,-17.727225,-49.47652,mapbox_geocoding,True
GO,5200506,Aloândia,Residencial José Rodrigues Sobrinho,residencial jose rodrigues sobrinho,-17.724986,-49.475666,mapbox_geocoding,True
GO,5200506,Aloândia,Setor Central,setor central,,,brasil_aberto,True
GO,5200506,Aloândia,Setor Nascer do Sol,setor nascer do sol,-17.725434,-49.474444,mapbox_geocoding,True
GO,5200506,Aloândia,Vila Itambé,vila itambe,-17.725434,-49.474444,mapbox_geocoding,True
GO,5200506,Aloândia,Vila Maria Rosa,vila maria rosa,-17.722877,-49.483468,mapbox_geocoding,True
GO,5200555,Alto Horizonte,Setor Central,setor central,-14.1968821,-49.3375748,brasil_aberto_first_street,True
GO,5200605,Alto Paraíso de Goiás,Centro,centro,-14.1358062,-47.5191874,brasil_aberto_first_street,True
GO,5200605,Alto Paraíso de Goiás,São Jorge,sao jorge,,,dne,True
GO,5200803,Alvorada do Norte,Ipiranga,ipiranga,-14.483025,-46.4896556,brasil_aberto_first_street,True
GO,5200829,Amaralina,Setor Central,setor central,-13.9275104,-49.297394,brasil_aberto_first_street,True
GO,5200852,Americano do Brasil,Setor Central,setor central,-16.2588209,-49.9846932,brasil_aberto_first_street,True
GO,5200902,Amorinópolis,Setor Central,setor central,-16.6123754,-51.0963024,brasil_aberto_first_street,True
GO,5201108,Anápolis,Adriana Parque,adriana parque,-16.2827713,-48.9723148,brasil_aberto_first_street,True
GO,5201108,Anápolis,Alto da Bela Vista,alto da bela vista,-16.3504535,-48.9352049,brasil_aberto_first_street,True
GO,5201108,Anápolis,Alvorada,alvorada,-16.2592647,-49.0007024,brasil_aberto_first_street,True
GO,5201108,Anápolis,Anápolis City,anapolis city,-16.3292709,-48.9226671,brasil_aberto_first_street,True
GO,5201108,Anápolis,Andracel Center,andracel center,-16.3251858,-48.9483442,brasil_aberto_first_street,True
GO,5201108,Anápolis,Anexo Antônio Fernandes,anexo antonio fernandes,-16.3013533,-48.9538153,brasil_aberto_first_street,True
GO,5201108,Anápolis,Anexo Bom Sucesso,anexo bom sucesso,-16.308997,-48.965166,brasil_aberto_first_street,True
GO,5201108,Anápolis,Anexo Frei Eustáquio,anexo frei eustaquio,-16.3165527,-48.9682628,brasil_aberto_first_street,True
GO,5201108,Anápolis,Anexo Itamaraty,anexo itamaraty,-16.2911179,-48.9750285,brasil_aberto_first_street,True
GO,5201108,Anápolis,Anexo Maracananzinho,anexo maracananzinho,-16.3214189,-48.9467338,brasil_aberto_first_street,True
GO,5201108,Anápolis,Antônio Fernandes,antonio fernandes,-16.3013533,-48.9538153,brasil_aberto_first_street,True
GO,5201108,Anápolis,Área Rural de Anápolis,area rural de anapolis,-16.226682,-48.926236,mapbox_geocoding,True
GO,5201108,Anápolis,Bandeiras,bandeiras,-16.2783586,-48.966767,brasil_aberto_first_street,True
GO,5201108,Anápolis,Batista,batista,-16.3416388,-48.9572182,brasil_aberto_first_street,True
GO,5201108,Anápolis,Belvedere - 1ª Etapa,belvedere 1a etapa,-16.324571,-48.8978,mapbox_geocoding,True
GO,5201108,Anápolis,Boa Vista,boa vista,-16.3057363,-48.9426018,brasil_aberto_first_street,True
GO,5201108,Anápolis,Bom Sucesso,bom sucesso,-16.3102985,-48.9660385,brasil_aberto_first_street,True
GO,5201108,Anápolis,Calixto,calixto,,,dne,True
GO,5201108,Anápolis,Calixtolândia,calixtolandia,-16.3665349,-48.9635372,brasil_aberto_first_street,True
GO,5201108,Anápolis,Calixtolândia 2ª Etapa,calixtolandia 2a etapa,-16.3698976,-48.9692347,brasil_aberto_first_street,True
GO,5201108,Anápolis,Campos Elísios,campos elisios,-16.3588401,-48.9153743,brasil_aberto_first_street,True
GO,5201108,Anápolis,Cebrasa,cebrasa,,,dne,True
GO,5201108,Anápolis,Centro,centro,-16.3338499,-48.9526918,brasil_aberto_first_street,True
GO,5201108,Anápolis,Chácaras Americanas,chacaras americanas,-16.3347585,-48.9155609,brasil_aberto_first_street,True
GO,5201108,Anápolis,Chácaras Atibaia,chacaras atibaia,-16.338117,-48.8748268,brasil_aberto_first_street,True
GO,5201108,Anápolis,Chácaras Boa Vista,chacaras boa vista,-16.3041587,-48.9364915,brasil_aberto_first_street,True
GO,5201108,Anápolis,Chácaras Colorado,chacaras colorado,-16.272619,-48.950371,mapbox_geocoding,True
GO,5201108,Anápolis,Chácaras de Recreio Mansões do Planalto,chacaras de recreio mansoes do planalto,-16.2609023,-48.9487684,brasil_aberto_first_street,True
GO,5201108,Anápolis,Chácaras Jonas Duarte,chacaras jonas duarte,-16.3631564,-48.9626251,brasil_aberto_first_street,True
GO,5201108,Anápolis,Chácaras Vale das Antas,chacaras vale das antas,-16.2744867,-48.9045033,brasil_aberto_first_street,True
GO,5201108,Anápolis,Cidade Jardim,cidade jardim,-16.3155986,-48.9462966,brasil_aberto_first_street,True
GO,5201108,Anápolis,Cidade Universitária,cidade universitaria,-16.2936133,-48.9426853,brasil_aberto_first_street,True
GO,5201108,Anápolis,Condomínio Alphaville Anápolis,condominio alphaville anapolis,-16.3184058,-48.9246257,brasil_aberto_first_street,True
GO,5201108,Anápolis,Condomínio Residencial Belas Artes,condominio residencial belas artes,-16.2909755,-48.9308739,brasil_aberto_first_street,True
GO,5201108,Anápolis,Condomínio Residencial Gaudi,condominio residencial gaudi,-16.3559223,-48.8902611,brasil_aberto_first_street,True
GO,5201108,Anápolis,Condomínio Residencial Grand Trianon,condominio residencial grand trianon,-16.3042696,-48.9341887,brasil_aberto_first_street,True
GO,5201108,Anápolis,Condomínio Residencial Villa Lobos,condominio residencial villa lobos,-16.2524751,-48.9346189,brasil_aberto_first_street,True
GO,5201108,Anápolis,Condomínio Residencial Vinhas Anápolis,condominio residencial vinhas anapolis,-16.327261,-48.955788,mapbox_geocoding,True
GO,5201108,Anápolis,Condomínio Terras Alpha Anápolis,condominio terras alpha anapolis,-16.3498513,-48.8788652,brasil_aberto_first_street,True
GO,5201108,Anápolis,Condomínio Vale dos Pássaros,condominio vale dos passaros,-16.3671985,-48.9561864,brasil_aberto_first_street,True
GO,5201108,Anápolis,Conjunto Eldorado,conjunto eldorado,-16.3440541,-48.9462194,brasil_aberto_first_street,True
GO,5201108,Anápolis,Conjunto Habitacional Esperança II,conjunto habitacional esperanca ii,-16.3767775,-48.9777712,brasil_aberto_first_street,True
GO,5201108,Anápolis,Conjunto Habitacional Filostro Machado Carneiro,conjunto habitacional filostro machado carneiro,-16.3129171,-48.9013857,brasil_aberto_first_street,True
GO,5201108,Anápolis,Conjunto Habitacional Vila União,conjunto habitacional vila uniao,-16.3736329,-48.9865753,brasil_aberto_first_street,True
GO,5201108,Anápolis,Conjunto IAPC,conjunto iapc,-16.3368956,-48.9677753,brasil_aberto_first_street,True
GO,5201108,Anápolis,Conjunto Raul Balduino,conjunto raul balduino,,,brasil_aberto,True
GO,5201108,Anápolis,Conjunto Residencial Vila Feliz,conjunto residencial vila feliz,-16.3052162,-48.8968153,brasil_aberto_first_street,True
GO,5201108,Anápolis,Conjunto Residencial Vila Feliz - II Etapa,conjunto residencial vila feliz ii etapa,-16.3068796,-48.8967642,brasil_aberto_first_street,True
GO,5201108,Anápolis,Conjunto Villa Verde,conjunto villa verde,-16.3416176,-48.95256,brasil_aberto_first_street,True
GO,5201108,Anápolis,Das Laranjeiras,das laranjeiras,-16.270951,-48.834794,mapbox_geocoding,True
GO,5201108,Anápolis,De Lourdes,de lourdes,-16.3347585,-48.9155609,brasil_aberto_first_street,True
GO,5201108,Anápolis,Distrito Agroindustrial de Anápolis,distrito agroindustrial de anapolis,-16.4068427,-48.9322482,brasil_aberto_first_street,True
GO,5201108,Anápolis,Dom Pedro II,dom pedro ii,-16.3288862,-48.9686689,brasil_aberto_first_street,True
GO,5201108,Anápolis,Eldorado,eldorado,-16.3483014,-48.9442758,brasil_aberto_first_street,True
GO,5201108,Anápolis,Estância Vale das Brisas,estancia vale das brisas,-16.36212,-48.893111,mapbox_geocoding,True
GO,5201108,Anápolis,Fazenda Barreiro do Meio,fazenda barreiro do meio,-16.2656111,-48.9818803,brasil_aberto_first_street,True
GO,5201108,Anápolis,Frei Eustáquio,frei eustaquio,-16.3185097,-48.9671183,brasil_aberto_first_street,True
GO,5201108,Anápolis,Goialândia,goialandia,,,dne,True
GO,5201108,Anápolis,Gran Ville,gran ville,-16.33614,-48.9190544,brasil_aberto_first_street,True
GO,5201108,Anápolis,Granjas Santo Antônio,granjas santo antonio,-16.3444925,-48.9042704,brasil_aberto_first_street,True
GO,5201108,Anápolis,Interlândia,interlandia,,,dne,True
GO,5201108,Anápolis,Itamaraty,itamaraty,-16.3007758,-48.9664521,brasil_aberto_first_street,True
GO,5201108,Anápolis,Itamaraty 2ª Etapa,itamaraty 2a etapa,-16.3037018,-48.9737094,brasil_aberto_first_street,True
GO,5201108,Anápolis,Itamaraty 3ª Etapa,itamaraty 3a etapa,-16.3216766,-48.95481849999999,brasil_aberto_first_street,True
GO,5201108,Anápolis,Itamaraty 4ª Etapa,itamaraty 4a etapa,-16.3064994,-48.971296,brasil_aberto_first_street,True
GO,5201108,Anápolis,Jardim Alexandrina,jardim alexandrina,-16.3036692,-48.960033,brasil_aberto_first_street,True
GO,5201108,Anápolis,Jardim Alvorada,jardim alvorada,-16.3537618,-48.9161719,brasil_aberto_first_street,True
GO,5201108,Anápolis,Jardim América,jardim america,-16.3494185,-48.9438167,brasil_aberto_first_street,True
GO,5201108,Anápolis,Jardim Ana Cláudia,jardim ana claudia,-16.3323001,-48.9583303,brasil_aberto_first_street,True
GO,5201108,Anápolis,Jardim Ana Paula,jardim ana paula,-16.3749692,-48.9674529,brasil_aberto_first_street,True
GO,5201108,Anápolis,Jardim Arco Verde,jardim arco verde,-16.3666828,-48.9428346,brasil_aberto_first_street,True
GO,5201108,Anápolis,Jardim Arco Verde 2ª Etapa,jardim arco verde 2a etapa,-16.3624408,-48.9394733,brasil_aberto_first_street,True
GO,5201108,Anápolis,Jardim Bandeirante,jardim bandeirante,-16.31452,-48.9488293,brasil_aberto_first_street,True
GO,5201108,Anápolis,Jardim Bela Vista,jardim bela vista,-16.3353437,-48.9651557,brasil_aberto_first_street,True
GO,5201108,Anápolis,Jardim Bom Clima,jardim bom clima,-16.359046,-48.9568102,brasil_aberto_first_street,True
GO,5201108,Anápolis,Jardim Calixto,jardim calixto,-16.353167,-48.9763233,brasil_aberto_first_street,True
GO,5201108,Anápolis,Jardim das Américas 1ª Etapa,jardim das americas 1a etapa,-16.2868193,-48.9512152,brasil_aberto_first_street,True
GO,5201108,Anápolis,Jardim das Américas 2ª Etapa,jardim das americas 2a etapa,-16.287258,-48.9483222,brasil_aberto_first_street,True
GO,5201108,Anápolis,Jardim das Américas 3ª Etapa,jardim das americas 3a etapa,-16.2829858,-48.9402941,brasil_aberto_first_street,True
GO,5201108,Anápolis,Jardim das Oliveiras,jardim das oliveiras,-16.326144,-48.9769461,brasil_aberto_first_street,True
GO,5201108,Anápolis,Jardim das Samambaias,jardim das samambaias,-16.3247237,-48.9748975,brasil_aberto_first_street,True
GO,5201108,Anápolis,Jardim Diana,jardim diana,-16.3670017,-48.9451815,brasil_aberto_first_street,True
GO,5201108,Anápolis,Jardim dos Ipês,jardim dos ipes,-16.2761708,-48.9340442,brasil_aberto_first_street,True
GO,5201108,Anápolis,Jardim Eldorado,jardim eldorado,-16.3603535,-48.9285871,brasil_aberto_first_street,True
GO,5201108,Anápolis,Jardim Esperança 1ª Etapa,jardim esperanca 1a etapa,-16.4117607,-48.896637,brasil_aberto_first_street,True
GO,5201108,Anápolis,Jardim Europa,jardim europa,,,brasil_aberto,True
GO,5201108,Anápolis,Jardim Europa I e II,jardim europa i e ii,-16.3419928,-48.9355164,brasil_aberto_first_street,True
GO,5201108,Anápolis,Jardim Flor de Liz,jardim flor de liz,-16.3448,-48.909423,brasil_aberto_first_street,True
GO,5201108,Anápolis,Jardim Goiano,jardim goiano,-16.3366607,-48.9689259,brasil_aberto_first_street,True
GO,5201108,Anápolis,Jardim Gonçalves,jardim goncalves,-16.3503355,-48.9581584,brasil_aberto_first_street,True
GO,5201108,Anápolis,Jardim Ibirapuera,jardim ibirapuera,-16.3400357,-48.9043701,brasil_aberto_first_street,True
GO,5201108,Anápolis,Jardim Itália,jardim italia,,,brasil_aberto,True
GO,5201108,Anápolis,Jardim Luzitano,jardim luzitano,-16.3509085,-48.8862742,brasil_aberto_first_street,True
GO,5201108,Anápolis,Jardim Nações Unidas,jardim nacoes unidas,-16.3400959,-48.9674758,brasil_aberto_first_street,True
GO,5201108,Anápolis,Jardim Palmares,jardim palmares,-16.3479823,-48.9206459,brasil_aberto_first_street,True
GO,5201108,Anápolis,Jardim Petrópolis,jardim petropolis,-16.3262841,-48.9723262,brasil_aberto_first_street,True
GO,5201108,Anápolis,Jardim Planalto,jardim planalto,-16.3390752,-48.9334268,brasil_aberto_first_street,True
GO,5201108,Anápolis,Jardim Primavera 1ª Etapa,jardim primavera 1a etapa,-16.3027771,-48.8941891,brasil_aberto_first_street,True
GO,5201108,Anápolis,Jardim Primavera 2ª Etapa,jardim primavera 2a etapa,-16.3048736,-48.8897937,brasil_aberto_first_street,True
GO,5201108,Anápolis,Jardim Progresso,jardim progresso,-16.2887464,-48.9578257,brasil_aberto_first_street,True
GO,5201108,Anápolis,Jardim Promissão,jardim promissao,-16.2368481,-48.9362767,brasil_aberto_first_street,True
GO,5201108,Anápolis,Jardim Santa Cecília,jardim santa cecilia,-16.3425224,-48.9779235,brasil_aberto_first_street,True
GO,5201108,Anápolis,Jardim Santana,jardim santana,-16.3336573,-48.9743544,brasil_aberto_first_street,True
GO,5201108,Anápolis,Jardim São Jorge,jardim sao jorge,-16.3204637,-48.9664098,brasil_aberto_first_street,True
GO,5201108,Anápolis,Jardim São Paulo,jardim sao paulo,-16.3749623,-48.9498865,brasil_aberto_first_street,True
GO,5201108,Anápolis,Jardim Silveira,jardim silveira,-16.326813,-48.9756673,brasil_aberto_first_street,True
GO,5201108,Anápolis,Jardim Suíço,jardim suico,-16.3335347,-48.9745418,brasil_aberto_first_street,True
GO,5201108,Anápolis,Jardim Tesouro,jardim tesouro,-16.3480726,-48.9083163,brasil_aberto_first_street,True
GO,5201108,Anápolis,Jardim Vera Cruz,jardim vera cruz,-16.3621082,-48.9175192,brasil_aberto_first_street,True
GO,5201108,Anápolis,Jibran El Hadj,jibran el hadj,-16.3735928,-48.9776583,brasil_aberto_first_street,True
GO,5201108,Anápolis,JK Nova Capital,jk nova capital,-16.3392493,-48.9338307,brasil_aberto_first_street,True
GO,5201108,Anápolis,JK Setor Oeste,jk setor oeste,-16.3517377,-48.9444754,brasil_aberto_first_street,True
GO,5201108,Anápolis,Joanápolis,joanapolis,,,dne,True
GO,5201108,Anápolis,Jóquei Club,joquei club,-16.3520675,-48.918662,brasil_aberto_first_street,True
GO,5201108,Anápolis,Jundiaí,jundiai,-16.3408656,-48.9374815,brasil_aberto_first_street,True
GO,5201108,Anápolis,Lapa,lapa,-16.3265209,-49.0132482,brasil_aberto_first_street,True
GO,5201108,Anápolis,Las Palmas,las palmas,-16.276131,-48.9755501,brasil_aberto_first_street,True
GO,5201108,Anápolis,Loteamento Guanabara,loteamento guanabara,-16.2592647,-49.0007024,brasil_aberto_first_street,True
GO,5201108,Anápolis,Loteamento Novo Jundiaí,loteamento novo jundiai,-16.3429256,-48.9260562,brasil_aberto_first_street,True
GO,5201108,Anápolis,Loteamento Residencial América,loteamento residencial america,-16.2750547,-48.9366571,brasil_aberto_first_street,True
GO,5201108,Anápolis,Loteamento Residencial Doutor Neto,loteamento residencial doutor neto,-16.333785,-48.952227,mapbox_geocoding,True
GO,5201108,Anápolis,Loteamento Residencial Verona,loteamento residencial verona,-16.2753772,-48.9644526,brasil_aberto_first_street,True
GO,5201108,Anápolis,Loteamento Residencial Victor Braga,loteamento residencial victor braga,-16.311525,-48.9463466,brasil_aberto_first_street,True
GO,5201108,Anápolis,Lourdes,lourdes,,,brasil_aberto,True
GO,5201108,Anápolis,Manoel Domingos,manoel domingos,-16.3443143,-48.9708023,brasil_aberto_first_street,True
GO,5201108,Anápolis,Maracanã,maracana,-16.3109053,-48.9589657,brasil_aberto_first_street,True
GO,5201108,Anápolis,Maracananzinho,maracananzinho,-16.3425557,-48.9624488,brasil_aberto_first_street,True
GO,5201108,Anápolis,Nossa Senhora Aparecida,nossa senhora aparecida,-16.3186314,-48.9645659,brasil_aberto_first_street,True
GO,5201108,Anápolis,Nova Alexandrina,nova alexandrina,-16.3032994,-48.9590565,brasil_aberto_first_street,True
GO,5201108,Anápolis,Nova Vila Jaiara,nova vila jaiara,-16.2846857,-48.9865681,brasil_aberto_first_street,True
GO,5201108,Anápolis,Novo Paraíso,novo paraiso,-16.3531918,-48.9792431,brasil_aberto_first_street,True
GO,5201108,Anápolis,Olhos D ' Água,olhos d agua,-16.3286545,-48.9534253,brasil_aberto_first_street,True
GO,5201108,Anápolis,Paraíso,paraiso,-16.3571859,-48.9820259,brasil_aberto_first_street,True
GO,5201108,Anápolis,Paraíso SS,paraiso ss,-16.3652614,-48.9852718,brasil_aberto_first_street,True
GO,5201108,Anápolis,Parque Brasília,parque brasilia,-16.3185642,-48.914143,brasil_aberto_first_street,True
GO,5201108,Anápolis,Parque Brasília 2ª Etapa,parque brasilia 2a etapa,-16.303491,-48.9596192,brasil_aberto_first_street,True
GO,5201108,Anápolis,Parque Calixtópolis,parque calixtopolis,-16.3989199,-48.9806607,brasil_aberto_first_street,True
GO,5201108,Anápolis,Parque Calixtópolis II,parque calixtopolis ii,-16.3961318,-48.9840747,brasil_aberto_first_street,True
GO,5201108,Anápolis,Parque das Nações,parque das nacoes,-16.3416717,-48.9709225,brasil_aberto_first_street,True
GO,5201108,Anápolis,Parque das Nações 2ª Etapa,parque das nacoes 2a etapa,-16.305808,-48.946975,mapbox_geocoding,True
GO,5201108,Anápolis,Parque das Primaveras,parque das primaveras,-16.3571928,-48.968996,brasil_aberto_first_street,True
GO,5201108,Anápolis,Parque dos Pirineus,parque dos pirineus,-16.27749,-48.9587582,brasil_aberto_first_street,True
GO,5201108,Anápolis,Parque Iracema,parque iracema,-16.2872612,-48.9539714,brasil_aberto_first_street,True
GO,5201108,Anápolis,Parque Michel,parque michel,-16.3317073,-48.9644297,brasil_aberto_first_street,True
GO,5201108,Anápolis,Parque Residencial Ander,parque residencial ander,-16.3426148,-48.9207126,brasil_aberto_first_street,True
GO,5201108,Anápolis,Parque Residencial Ander - II Etapa,parque residencial ander ii etapa,-16.3426148,-48.9207126,brasil_aberto_first_street,True
GO,5201108,Anápolis,Parque Residencial das Flores,parque residencial das flores,-16.2863446,-48.9215115,brasil_aberto_first_street,True
GO,5201108,Anápolis,Parque São Conrado,parque sao conrado,-16.3536796,-48.9102843,brasil_aberto_first_street,True
GO,5201108,Anápolis,Parque São Jerônimo,parque sao jeronimo,-16.3220253,-48.9191037,brasil_aberto_first_street,True
GO,5201108,Anápolis,Parque São João,parque sao joao,-16.3700574,-48.9632508,brasil_aberto_first_street,True
GO,5201108,Anápolis,Polocentro 1ª Etapa,polocentro 1a etapa,-16.3813022,-48.9625846,brasil_aberto_first_street,True
GO,5201108,Anápolis,Polocentro 2ª Etapa,polocentro 2a etapa,-16.375677,-48.9694198,brasil_aberto_first_street,True
GO,5201108,Anápolis,Privê Lírios do Campo,prive lirios do campo,-16.3085733,-48.9196531,brasil_aberto_first_street,True
GO,5201108,Anápolis,Recanto do Sol,recanto do sol,-16.2821793,-48.9301112,brasil_aberto_first_street,True
GO,5201108,Anápolis,Residencial Aldeia dos Sonhos,residencial aldeia dos sonhos,-16.2618013,-48.9925731,brasil_aberto_first_street,True
GO,5201108,Anápolis,Residencial Alfredo Abrahão,residencial alfredo abrahao,-16.3525534,-48.9039853,brasil_aberto_first_street,True
GO,5201108,Anápolis,Residencial Alphaville,residencial alphaville,-16.3626486,-48.9494691,brasil_aberto_first_street,True
GO,5201108,Anápolis,Residencial Ana Caroline,residencial ana caroline,-16.2713729,-48.9783015,brasil_aberto_first_street,True
GO,5201108,Anápolis,Residencial Anaville,residencial anaville,-16.3498741,-48.8961645,brasil_aberto_first_street,True
GO,5201108,Anápolis,Residencial Araguaia,residencial araguaia,-16.286522,-48.9358536,brasil_aberto_first_street,True
GO,5201108,Anápolis,Residencial Araujoville,residencial araujoville,-16.3051025,-48.9504331,brasil_aberto_first_street,True
GO,5201108,Anápolis,Residencial Arco-Íris,residencial arco iris,-16.3730859,-48.9543038,brasil_aberto_first_street,True
GO,5201108,Anápolis,Residencial Ayrton Senna,residencial ayrton senna,-16.3172118,-48.9158752,brasil_aberto_first_street,True
GO,5201108,Anápolis,Residencial Bela Vista,residencial bela vista,-16.3636196,-48.9564959,brasil_aberto_first_street,True
GO,5201108,Anápolis,Residencial Boa Esperança,residencial boa esperanca,-16.3760847,-48.9069184,brasil_aberto_first_street,True
GO,5201108,Anápolis,Residencial Buritis,residencial buritis,-16.3382688,-48.8979405,brasil_aberto_first_street,True
GO,5201108,Anápolis,Residencial Caminho das Águas,residencial caminho das aguas,-16.3399852,-48.968291,brasil_aberto_first_street,True
GO,5201108,Anápolis,Residencial Campos do Jordão,residencial campos do jordao,-22.772426,-47.347472,mapbox_geocoding,True
GO,5201108,Anápolis,Residencial Centenário,residencial centenario,-16.2705474,-48.9831862,brasil_aberto_first_street,True
GO,5201108,Anápolis,Residencial Cerejeiras,residencial cerejeiras,-16.3168083,-48.9207666,brasil_aberto_first_street,True
GO,5201108,Anápolis,Residencial Cerejeiras II Etapa,residencial cerejeiras ii etapa,-16.311013,-48.919858,mapbox_geocoding,True
GO,5201108,Anápolis,Residencial Cidade Industrial,residencial cidade industrial,-16.397174,-48.8988775,brasil_aberto_first_street,True
GO,5201108,Anápolis,Residencial Copacabana,residencial copacabana,-16.3747206,-48.9875129,brasil_aberto_first_street,True
GO,5201108,Anápolis,Residencial do Cerrado,residencial do cerrado,-16.2799162,-48.9897958,brasil_aberto_first_street,True
GO,5201108,Anápolis,Residencial do Cerrado II Etapa,residencial do cerrado ii etapa,-16.4029897,-48.9001559,brasil_aberto_first_street,True
GO,5201108,Anápolis,Residencial do Trabalhador,residencial do trabalhador,-16.4127419,-48.9773484,brasil_aberto_first_street,True
GO,5201108,Anápolis,Residencial Dom Emanoel,residencial dom emanoel,-16.2809882,-48.9836018,brasil_aberto_first_street,True
GO,5201108,Anápolis,Residencial Dom Felipe,residencial dom felipe,-16.2743443,-48.9967757,brasil_aberto_first_street,True
GO,5201108,Anápolis,Residencial Flamboyant,residencial flamboyant,-16.3336403,-48.9050943,brasil_aberto_first_street,True
GO,5201108,Anápolis,Residencial Flor do Cerrado,residencial flor do cerrado,-16.2936399,-48.9237142,brasil_aberto_first_street,True
GO,5201108,Anápolis,Residencial Florença,residencial florenca,-16.3453756,-48.9795082,brasil_aberto_first_street,True
GO,5201108,Anápolis,Residencial Gabriela,residencial gabriela,-16.3623082,-48.9127178,brasil_aberto_first_street,True
GO,5201108,Anápolis,Residencial Geovanni Braga,residencial geovanni braga,-16.3675377,-48.959189,brasil_aberto_first_street,True
GO,5201108,Anápolis,Residencial Girassol,residencial girassol,-16.4049551,-48.8923735,brasil_aberto_first_street,True
GO,5201108,Anápolis,Residencial Gran Ville - II Etapa,residencial gran ville ii etapa,-16.3095496,-48.9052714,brasil_aberto_first_street,True
GO,5201108,Anápolis,Residencial Ildefonso Limírio,residencial ildefonso limirio,-16.3604848,-48.91084009999999,brasil_aberto_first_street,True
GO,5201108,Anápolis,Residencial Ipanema,residencial ipanema,-16.3269453,-48.8937995,brasil_aberto_first_street,True
GO,5201108,Anápolis,Residencial Itatiaia,residencial itatiaia,-16.3656216,-48.9674021,brasil_aberto_first_street,True
GO,5201108,Anápolis,Residencial Itororó,residencial itororo,-16.358807,-48.9468622,brasil_aberto_first_street,True
GO,5201108,Anápolis,Residencial Jardim Itália I e II Etapa,residencial jardim italia i e ii etapa,-16.3178107,-48.9012304,brasil_aberto_first_street,True
GO,5201108,Anápolis,Residencial Jardins do Lago,residencial jardins do lago,-16.3520311,-48.9318178,brasil_aberto_first_street,True
GO,5201108,Anápolis,Residencial Leblon,residencial leblon,-16.3596523,-48.9062925,brasil_aberto_first_street,True
GO,5201108,Anápolis,Residencial Marla Cristina,residencial marla cristina,-16.3634656,-48.956112,brasil_aberto_first_street,True
GO,5201108,Anápolis,Residencial Mônica Braga,residencial monica braga,-16.2865335,-48.9759443,brasil_aberto_first_street,True
GO,5201108,Anápolis,Residencial Monte Sinai,residencial monte sinai,-16.2504511,-48.9312373,brasil_aberto_first_street,True
GO,5201108,Anápolis,Residencial Morada Nova,residencial morada nova,-16.317584,-48.9038834,brasil_aberto_first_street,True
GO,5201108,Anápolis,Residencial Morumbi,residencial morumbi,-16.3823219,-48.9758636,brasil_aberto_first_street,True
GO,5201108,Anápolis,Residencial Nova Aliança,residencial nova alianca,-16.4052902,-48.8966745,brasil_aberto_first_street,True
GO,5201108,Anápolis,Residencial Novo Mundo,residencial novo mundo,-16.3286545,-48.9534253,brasil_aberto_first_street,True
GO,5201108,Anápolis,Residencial Palmeiras,residencial palmeiras,-16.286854,-48.9858897,brasil_aberto_first_street,True
GO,5201108,Anápolis,Residencial Paris,residencial paris,-16.3117071,-48.9015805,brasil_aberto_first_street,True
GO,5201108,Anápolis,Residencial Portal do Cerrado,residencial portal do cerrado,-16.2861365,-48.9380894,brasil_aberto_first_street,True
GO,5201108,Anápolis,Residencial Reny Cury,residencial reny cury,-16.3767775,-48.9777712,brasil_aberto_first_street,True
GO,5201108,Anápolis,Residencial Rio Jordão,residencial rio jordao,-16.3327236,-48.9759099,brasil_aberto_first_street,True
GO,5201108,Anápolis,Residencial Roma,residencial roma,-16.275451,-48.966515,mapbox_geocoding,True
GO,5201108,Anápolis,Residencial Rose's Garden,residencial rose s garden,-16.369341,-48.9167498,brasil_aberto_first_street,True
GO,5201108,Anápolis,Residencial San Marco,residencial san marco,-16.3179476,-48.9283686,brasil_aberto_first_street,True
GO,5201108,Anápolis,Residencial San Marino,residencial san marino,-16.717961,-49.144984,mapbox_geocoding,True
GO,5201108,Anápolis,Residencial Santa Cruz,residencial santa cruz,-16.2822861,-48.947697,brasil_aberto_first_street,True
GO,5201108,Anápolis,Residencial Santo Antônio,residencial santo antonio,-16.3156717,-48.8979333,brasil_aberto_first_street,True
GO,5201108,Anápolis,Residencial Santo Expedito,residencial santo expedito,-16.3068635,-48.8914139,brasil_aberto_first_street,True
GO,5201108,Anápolis,Residencial São Cristóvão,residencial sao cristovao,-16.3718139,-48.9492963,brasil_aberto_first_street,True
GO,5201108,Anápolis,Residencial São Vicente,residencial sao vicente,-16.4193352,-48.98013479999999,brasil_aberto_first_street,True
GO,5201108,Anápolis,Residencial Shangrilá,residencial shangrila,-16.3590963,-48.9407514,brasil_aberto_first_street,True
GO,5201108,Anápolis,Residencial Sol Nascente,residencial sol nascente,-16.3512726,-48.9081626,brasil_aberto_first_street,True
GO,5201108,Anápolis,Residencial Sun Flower,residencial sun flower,-16.3618199,-48.9597665,brasil_aberto_first_street,True
GO,5201108,Anápolis,Residencial Tangará,residencial tangara,-16.327261,-48.955788,mapbox_geocoding,True
GO,5201108,Anápolis,Residencial Terezinha Braga,residencial terezinha braga,-16.3259578,-48.9716879,brasil_aberto_first_street,True
GO,5201108,Anápolis,Residencial Vale do Sol,residencial vale do sol,-16.2911025,-48.9288343,brasil_aberto_first_street,True
GO,5201108,Anápolis,Residencial Vale dos Pirineus,residencial vale dos pirineus,-16.2764929,-48.9514686,brasil_aberto_first_street,True
GO,5201108,Anápolis,Residencial Valência,residencial valencia,-16.353847,-48.9884952,brasil_aberto_first_street,True
GO,5201108,Anápolis,Residencial Veneza,residencial veneza,-16.2775148,-48.9602346,brasil_aberto_first_street,True
GO,5201108,Anápolis,Residencial Vida Nova,residencial vida nova,-16.323176,-48.895144,mapbox_geocoding,True
GO,5201108,Anápolis,Residencial Villa Bella,residencial villa bella,-16.2918497,-48.9644905,brasil_aberto_first_street,True
GO,5201108,Anápolis,Residencial Virgínia Correa,residencial virginia correa,-16.3447717,-48.9489503,brasil_aberto_first_street,True
GO,5201108,Anápolis,Reverendo Archibald,reverendo archibald,-16.288767,-48.9576603,brasil_aberto_first_street,True
GO,5201108,Anápolis,Santo André,santo andre,-16.3564459,-48.9571961,brasil_aberto_first_street,True
GO,5201108,Anápolis,Santo Antônio,santo antonio,-16.3447386,-48.8982775,brasil_aberto_first_street,True
GO,5201108,Anápolis,Santos Dumont,santos dumont,-16.2525016,-48.9384676,brasil_aberto_first_street,True
GO,5201108,Anápolis,São Carlos,sao carlos,-16.3448796,-48.9190406,brasil_aberto_first_street,True
GO,5201108,Anápolis,São João,sao joao,-16.3794151,-48.9544361,brasil_aberto_first_street,True
GO,5201108,Anápolis,São José,sao jose,-16.3298435,-48.9721037,brasil_aberto_first_street,True
GO,5201108,Anápolis,São Lourenço,sao lourenco,-16.3148875,-48.9671873,brasil_aberto_first_street,True
GO,5201108,Anápolis,São Sebastião,sao sebastiao,-16.3447717,-48.9489503,brasil_aberto_first_street,True
GO,5201108,Anápolis,São Vicente,sao vicente,,,dne,True
GO,5201108,Anápolis,Setor Bougainville,setor bougainville,-16.2985035,-48.9418168,brasil_aberto_first_street,True
GO,5201108,Anápolis,Setor Escala,setor escala,-16.2811818,-48.9926353,brasil_aberto_first_street,True
GO,5201108,Anápolis,Setor Industrial Aeroporto,setor industrial aeroporto,-16.3540906,-48.9248525,brasil_aberto_first_street,True
GO,5201108,Anápolis,Setor Industrial Munir Calixto,setor industrial munir calixto,-16.4045892,-48.9008905,brasil_aberto_first_street,True
GO,5201108,Anápolis,Setor Lago dos Buritis,setor lago dos buritis,-16.2827713,-48.9723148,brasil_aberto_first_street,True
GO,5201108,Anápolis,Setor Residencial das Rosas,setor residencial das rosas,-16.3042083,-48.9272864,brasil_aberto_first_street,True
GO,5201108,Anápolis,Setor Residencial Jandaia,setor residencial jandaia,-16.2801226,-48.9897908,brasil_aberto_first_street,True
GO,5201108,Anápolis,Setor Residencial Jandaia II Etapa,setor residencial jandaia ii etapa,-16.2819849,-48.9910573,brasil_aberto_first_street,True
GO,5201108,Anápolis,Setor Residencial Pedro Ludovico,setor residencial pedro ludovico,-16.3575411,-48.9638771,brasil_aberto_first_street,True
GO,5201108,Anápolis,Setor Santa Clara,setor santa clara,-16.3688165,-48.9437735,brasil_aberto_first_street,True
GO,5201108,Anápolis,Setor Scala II,setor scala ii,-16.2754769,-48.9939656,brasil_aberto_first_street,True
GO,5201108,Anápolis,Setor Sul,setor sul,-16.3689076,-48.9512325,brasil_aberto_first_street,True
GO,5201108,Anápolis,Setor Sul II Etapa,setor sul ii etapa,-16.3662986,-48.9457216,brasil_aberto_first_street,True
GO,5201108,Anápolis,Setor Sul III Etapa,setor sul iii etapa,-16.3588725,-48.9444402,brasil_aberto_first_street,True
GO,5201108,Anápolis,Setor Sul Jamil Miguel,setor sul jamil miguel,-16.3596475,-48.9646934,brasil_aberto_first_street,True
GO,5201108,Anápolis,Setor Summerville,setor summerville,,,brasil_aberto,True
GO,5201108,Anápolis,Setor Summerville 1ª e 2ª Etapa,setor summerville 1a e 2a etapa,-16.3441468,-48.9091867,brasil_aberto_first_street,True
GO,5201108,Anápolis,Setor Tropical,setor tropical,-16.3496416,-48.9207711,brasil_aberto_first_street,True
GO,5201108,Anápolis,Sítio de Recreio Jardim Anápolis,sitio de recreio jardim anapolis,-16.795957,-49.322239,mapbox_geocoding,True
GO,5201108,Anápolis,Sítio de Recreio Jardim Boa Vista,sitio de recreio jardim boa vista,-16.2846106,-48.9127207,brasil_aberto_first_street,True
GO,5201108,Anápolis,Sítio de Recreio Recanto Mansões,sitio de recreio recanto mansoes,-16.3286545,-48.9534253,brasil_aberto_first_street,True
GO,5201108,Anápolis,Sítios de Recreio Americano do Brasil,sitios de recreio americano do brasil,-16.3286545,-48.9534253,brasil_aberto_first_street,True
GO,5201108,Anápolis,Sítios de Recreio Estâncias Vila Rica,sitios de recreio estancias vila rica,-16.2418125,-49.0141236,brasil_aberto_first_street,True
GO,5201108,Anápolis,Sítios de Recreio Vale das Laranjeiras,sitios de recreio vale das laranjeiras,-16.3908116,-48.985171,brasil_aberto_first_street,True
GO,5201108,Anápolis,Sítios Recreio Denise,sitios recreio denise,-16.3286545,-48.9534253,brasil_aberto_first_street,True
GO,5201108,Anápolis,Sousânia,sousania,,,dne,True
GO,5201108,Anápolis,Vila Brasil,vila brasil,-16.3277008,-48.9672507,brasil_aberto_first_street,True
GO,5201108,Anápolis,Vila Calixto Abrão,vila calixto abrao,-16.3271983,-48.9739366,brasil_aberto_first_street,True
GO,5201108,Anápolis,Vila Celina,vila celina,-16.3300758,-48.9351141,brasil_aberto_first_street,True
GO,5201108,Anápolis,Vila Corumbá,vila corumba,-16.412051,-48.89396,mapbox_geocoding,True
GO,5201108,Anápolis,Vila de Lourdes,vila de lourdes,-16.3341538,-48.9574375,brasil_aberto_first_street,True
GO,5201108,Anápolis,Vila Dom Bosco,vila dom bosco,-16.2738542,-48.9416963,brasil_aberto_first_street,True
GO,5201108,Anápolis,Vila Dona Maria,vila dona maria,-16.341668,-48.9571294,brasil_aberto_first_street,True
GO,5201108,Anápolis,Vila dos Oficiais,vila dos oficiais,-16.2974381,-48.9508748,brasil_aberto_first_street,True
GO,5201108,Anápolis,Vila dos Sargentos,vila dos sargentos,-16.3224197,-48.9304801,brasil_aberto_first_street,True
GO,5201108,Anápolis,Vila Esperança,vila esperanca,-16.3890893,-48.9618584,brasil_aberto_first_street,True
GO,5201108,Anápolis,Vila Fabril,vila fabril,-16.3276902,-48.9956919,brasil_aberto_first_street,True
GO,5201108,Anápolis,Vila Formosa,vila formosa,-16.3563909,-48.9396409,brasil_aberto_first_street,True
GO,5201108,Anápolis,Vila Goiás,vila goias,-16.3379664,-48.9515873,brasil_aberto_first_street,True
GO,5201108,Anápolis,Vila Góis,vila gois,-16.3344179,-48.9561592,brasil_aberto_first_street,True
GO,5201108,Anápolis,Vila Gonçalves,vila goncalves,-16.3254262,-48.9865664,brasil_aberto_first_street,True
GO,5201108,Anápolis,Vila Harmonia I e II Etapa,vila harmonia i e ii etapa,-16.288051,-48.9662171,brasil_aberto_first_street,True
GO,5201108,Anápolis,Vila Industrial,vila industrial,-16.3392504,-48.9448546,brasil_aberto_first_street,True
GO,5201108,Anápolis,Vila Jayara,vila jayara,-16.2861446,-48.968349,brasil_aberto_first_street,True
GO,5201108,Anápolis,Vila João Luiz de Oliveira,vila joao luiz de oliveira,-16.3509129,-48.9505981,brasil_aberto_first_street,True
GO,5201108,Anápolis,Vila João XXIII,vila joao xxiii,-16.3323598,-48.9220896,brasil_aberto_first_street,True
GO,5201108,Anápolis,Vila Jussara,vila jussara,-16.338875,-48.9562323,brasil_aberto_first_street,True
GO,5201108,Anápolis,Vila Mariana,vila mariana,-16.3641179,-48.9876602,brasil_aberto_first_street,True
GO,5201108,Anápolis,Vila Miguel Jorge,vila miguel jorge,-16.3446277,-48.9581677,brasil_aberto_first_street,True
GO,5201108,Anápolis,Vila Milmar,vila milmar,-16.341168,-48.9569877,brasil_aberto_first_street,True
GO,5201108,Anápolis,Vila Moreira,vila moreira,-16.3335086,-48.9646081,brasil_aberto_first_street,True
GO,5201108,Anápolis,Vila Norte,vila norte,-16.2810257,-48.9315212,brasil_aberto_first_street,True
GO,5201108,Anápolis,Vila Nossa Senhora D'Abadia,vila nossa senhora d abadia,-16.3450677,-48.9620841,brasil_aberto_first_street,True
GO,5201108,Anápolis,Vila Nova Jayara,vila nova jayara,-16.2826692,-48.9724953,brasil_aberto_first_street,True
GO,5201108,Anápolis,Vila Operária,vila operaria,-16.3543695,-48.9070298,brasil_aberto_first_street,True
GO,5201108,Anápolis,Vila Popular Munir Calixto,vila popular munir calixto,-16.3528535,-48.9599874,brasil_aberto_first_street,True
GO,5201108,Anápolis,Vila Residencial Pedro Ludovico,vila residencial pedro ludovico,-16.3395168,-48.9692598,brasil_aberto_first_street,True
GO,5201108,Anápolis,Vila Rica,vila rica,-16.3536464,-48.905442,brasil_aberto_first_street,True
GO,5201108,Anápolis,Vila Santa Helena,vila santa helena,-16.3106353,-48.9629914,brasil_aberto_first_street,True
GO,5201108,Anápolis,Vila Santa Isabel,vila santa isabel,-16.3101073,-48.9495526,brasil_aberto_first_street,True
GO,5201108,Anápolis,Vila Santa Maria,vila santa maria,-16.3251814,-48.9650083,brasil_aberto_first_street,True
GO,5201108,Anápolis,Vila Santa Maria de Nazareth,vila santa maria de nazareth,-16.3229269,-48.9411205,brasil_aberto_first_street,True
GO,5201108,Anápolis,Vila Santa Rita,vila santa rita,-16.3493079,-48.9597947,brasil_aberto_first_street,True
GO,5201108,Anápolis,Vila Santa Rosa,vila santa rosa,-16.3504266,-48.9540971,brasil_aberto_first_street,True
GO,5201108,Anápolis,Vila Santa Terezinha,vila santa terezinha,-16.3344376,-48.9616175,brasil_aberto_first_street,True
GO,5201108,Anápolis,Vila Santana,vila santana,-16.3338896,-48.9519271,brasil_aberto_first_street,True
GO,5201108,Anápolis,Vila São João,vila sao joao,-16.3177367,-48.963748,brasil_aberto_first_street,True
GO,5201108,Anápolis,Vila São Joaquim,vila sao joaquim,-16.3469644,-48.9743516,brasil_aberto_first_street,True
GO,5201108,Anápolis,Vila São Jorge,vila sao jorge,-16.3201459,-48.9632216,brasil_aberto_first_street,True
GO,5201108,Anápolis,Vila São José,vila sao jose,-16.3467454,-48.9481537,brasil_aberto_first_street,True
GO,5201108,Anápolis,Vila São Vicente,vila sao vicente,-16.4159051,-48.978589,brasil_aberto_first_street,True
GO,5201108,Anápolis,Vila Sul,vila sul,-16.330003,-48.9104992,brasil_aberto_first_street,True
GO,5201108,Anápolis,Vila União,vila uniao,-16.3317073,-48.9644297,brasil_aberto_first_street,True
GO,5201108,Anápolis,Vila Vera Cruz,vila vera cruz,-16.351512,-48.895035,mapbox_geocoding,True
GO,5201108,Anápolis,Víviam Parque,viviam parque,-16.3774968,-48.9773925,brasil_aberto_first_street,True
GO,5201108,Anápolis,Víviam Parque 2ª Etapa,viviam parque 2a etapa,-16.3892918,-48.9719677,brasil_aberto_first_street,True
GO,5201108,Anápolis,Zona Urbana,zona urbana,-16.2656111,-48.9818803,brasil_aberto_first_street,True
GO,5201207,Anhanguera,Setor Central,setor central,-18.3383184,-48.2196005,brasil_aberto_first_street,True
GO,5201306,Anicuns,Capelinha,capelinha,,,dne,True
GO,5201306,Anicuns,Choupana,choupana,,,dne,True
GO,5201306,Anicuns,Setor Central,setor central,-16.4608018,-49.9609318,brasil_aberto_first_street,True
GO,5201405,Aparecida de Goiânia,Águas Claras,aguas claras,-16.8379757,-49.3556458,brasil_aberto_first_street,True
GO,5201405,Aparecida de Goiânia,All Park Polo Empresarial,all park polo empresarial,-16.8239311,-49.2091849,brasil_aberto_first_street,True
GO,5201405,Aparecida de Goiânia,Alto da Boa Vista,alto da boa vista,-16.82288,-49.2453,mapbox_geocoding,True
GO,5201405,Aparecida de Goiânia,Alvorada Oeste,alvorada oeste,-16.830748,-49.2257295,brasil_aberto_first_street,True
GO,5201405,Aparecida de Goiânia,Alvorada Sul,alvorada sul,-16.845875,-49.2219136,brasil_aberto_first_street,True
GO,5201405,Aparecida de Goiânia,American Park,american park,-16.7796799,-49.29143269999999,brasil_aberto_first_street,True
GO,5201405,Aparecida de Goiânia,Aparecida Garden,aparecida garden,-16.825413,-49.236687,mapbox_geocoding,True
GO,5201405,Aparecida de Goiânia,Área Rural de Aparecida de Goiânia,area rural de aparecida de goiania,-16.8226787,-49.2473476,brasil_aberto_first_street,True
GO,5201405,Aparecida de Goiânia,Belo Monte,belo monte,-16.739949,-49.279861,mapbox_geocoding,True
GO,5201405,Aparecida de Goiânia,Cardoso,cardoso,-16.7528278,-49.3117289,brasil_aberto_first_street,True
GO,5201405,Aparecida de Goiânia,Cardoso Continuação,cardoso continuacao,-16.7649544,-49.3055833,brasil_aberto_first_street,True
GO,5201405,Aparecida de Goiânia,Célia Maria,celia maria,-16.8267723,-49.2337785,brasil_aberto_first_street,True
GO,5201405,Aparecida de Goiânia,Chácaras Bela Vista,chacaras bela vista,-16.7367601,-49.225441,brasil_aberto_first_street,True
GO,5201405,Aparecida de Goiânia,Chácaras Condomínio Sonho Verde,chacaras condominio sonho verde,-16.7922026,-49.1978703,brasil_aberto_first_street,True
GO,5201405,Aparecida de Goiânia,Chácaras Marivânia,chacaras marivania,-16.7897037,-49.2377632,brasil_aberto_first_street,True
GO,5201405,Aparecida de Goiânia,Chácaras Marivânia Continuação,chacaras marivania continuacao,-16.7897037,-49.2377632,brasil_aberto_first_street,True
GO,5201405,Aparecida de Goiânia,Chácaras Santa Luzia,chacaras santa luzia,-16.75814,-49.2504263,brasil_aberto_first_street,True
GO,5201405,Aparecida de Goiânia,Chácaras São Pedro,chacaras sao pedro,-16.759977,-49.2334012,brasil_aberto_first_street,True
GO,5201405,Aparecida de Goiânia,Cidade do Amanhã Aparecida,cidade do amanha aparecida,-16.828509,-49.310958,mapbox_geocoding,True
GO,5201405,Aparecida de Goiânia,Cidade Livre,cidade livre,-16.8281699,-49.2789723,brasil_aberto_first_street,True
GO,5201405,Aparecida de Goiânia,Cidade Satélite São Luiz,cidade satelite sao luiz,-16.76483,-49.279786,brasil_aberto_first_street,True
GO,5201405,Aparecida de Goiânia,Cidade Vera Cruz,cidade vera cruz,-16.7659077,-49.2864253,brasil_aberto_first_street,True
GO,5201405,Aparecida de Goiânia,Cidade Vera Cruz - Jardins Mônaco,cidade vera cruz jardins monaco,-16.7577156,-49.30062179999999,brasil_aberto_first_street,True
GO,5201405,Aparecida de Goiânia,Cidade Vera Cruz - Jardins Viena,cidade vera cruz jardins viena,-16.7471991,-49.297399,brasil_aberto_first_street,True
GO,5201405,Aparecida de Goiânia,Cidade Verde Aparecida,cidade verde aparecida,-16.750887,-49.305773,mapbox_geocoding,True
GO,5201405,Aparecida de Goiânia,Colina Azul,colina azul,-16.8255707,-49.29383,brasil_aberto_first_street,True
GO,5201405,Aparecida de Goiânia,Colinas de Homero,colinas de homero,-16.7975569,-49.2894557,brasil_aberto_first_street,True
GO,5201405,Aparecida de Goiânia,Complexo Reunidas Industrial,complexo reunidas industrial,-16.82288,-49.2453,mapbox_geocoding,True
GO,5201405,Aparecida de Goiânia,Conjunto Estrela do Sul,conjunto estrela do sul,-16.7554958,-49.2971769,brasil_aberto_first_street,True
GO,5201405,Aparecida de Goiânia,Conjunto Habitacional Madre Germana - 1ª Etapa,conjunto habitacional madre germana 1a etapa,-16.8305424,-49.3665334,brasil_aberto_first_street,True
GO,5201405,Aparecida de Goiânia,Conjunto Habitacional Madre Germana - 2ª Etapa,conjunto habitacional madre germana 2a etapa,-16.8267194,-49.3720702,brasil_aberto_first_street,True
GO,5201405,Aparecida de Goiânia,Conjunto Mabel,conjunto mabel,-16.7900004,-49.2236738,brasil_aberto_first_street,True
GO,5201405,Aparecida de Goiânia,Conjunto Residencial Storil,conjunto residencial storil,-16.7633501,-49.270625,brasil_aberto_first_street,True
GO,5201405,Aparecida de Goiânia,Conjunto Santa Fé,conjunto santa fe,-16.7466516,-49.3004555,brasil_aberto_first_street,True
GO,5201405,Aparecida de Goiânia,Distrito Agroindustrial de Aparecida de Goiânia,distrito agroindustrial de aparecida de goiania,-16.7248311,-49.127197,brasil_aberto_first_street,True
GO,5201405,Aparecida de Goiânia,Expansul,expansul,-16.8082061,-49.231746,brasil_aberto_first_street,True
GO,5201405,Aparecida de Goiânia,Expansul Complemento,expansul complemento,-16.8082061,-49.231746,brasil_aberto_first_street,True
GO,5201405,Aparecida de Goiânia,Expansul Continuação,expansul continuacao,-16.804793,-49.2041851,brasil_aberto_first_street,True
GO,5201405,Aparecida de Goiânia,Expansul - Continuação I,expansul continuacao i,-16.8082061,-49.231746,brasil_aberto_first_street,True
GO,5201405,Aparecida de Goiânia,Expansul II,expansul ii,-16.7927581,-49.2382043,brasil_aberto_first_street,True
GO,5201405,Aparecida de Goiânia,Fazenda Dourados,fazenda dourados,-16.8590404,-49.3994689,brasil_aberto_first_street,True
GO,5201405,Aparecida de Goiânia,Fazenda Santo Antônio,fazenda santo antonio,-16.7522025,-49.2082329,brasil_aberto_first_street,True
GO,5201405,Aparecida de Goiânia,Fazenda Santo Antônio - Jardim Eldorado,fazenda santo antonio jardim eldorado,-16.8100115,-49.2229383,brasil_aberto_first_street,True
GO,5201405,Aparecida de Goiânia,Garavelo Residencial Park,garavelo residencial park,-16.7658977,-49.3244951,brasil_aberto_first_street,True
GO,5201405,Aparecida de Goiânia,Goiânia Park Sul,goiania park sul,-16.7887189,-49.3364893,brasil_aberto_first_street,True
GO,5201405,Aparecida de Goiânia,Granjas Reunidas Nossa Senhora de Lourdes,granjas reunidas nossa senhora de lourdes,-16.7476578,-49.2466551,brasil_aberto_first_street,True
GO,5201405,Aparecida de Goiânia,Ilda,ilda,-16.7495902,-49.294939,brasil_aberto_first_street,True
GO,5201405,Aparecida de Goiânia,Independência,independencia,-16.8163999,-49.2896302,brasil_aberto_first_street,True
GO,5201405,Aparecida de Goiânia,Independência - 1º Complemento Setor das Mansões,independencia 1o complemento setor das mansoes,-16.8235446,-49.3086208,brasil_aberto_first_street,True
GO,5201405,Aparecida de Goiânia,Independência - 2º Complemento,independencia 2o complemento,-16.8176607,-49.3006675,brasil_aberto_first_street,True
GO,5201405,Aparecida de Goiânia,Independência - 3º Complemento,independencia 3o complemento,-16.813148,-49.29399739999999,brasil_aberto_first_street,True
GO,5201405,Aparecida de Goiânia,Industrial Global Park,industrial global park,-16.8063766,-49.21448950000001,brasil_aberto_first_street,True
GO,5201405,Aparecida de Goiânia,Industrial Santo Antônio,industrial santo antonio,-16.7961557,-49.2646091,brasil_aberto_first_street,True
GO,5201405,Aparecida de Goiânia,Internacional Park,internacional park,-16.827011,-49.2265042,brasil_aberto_first_street,True
GO,5201405,Aparecida de Goiânia,Itapoã,itapoa,-16.7833314,-49.302259,brasil_aberto_first_street,True
GO,5201405,Aparecida de Goiânia,Jardim Alto Paraíso,jardim alto paraiso,-16.8064812,-49.3532483,brasil_aberto_first_street,True
GO,5201405,Aparecida de Goiânia,Jardim Áurea,jardim aurea,-16.803319,-49.2616507,brasil_aberto_first_street,True
GO,5201405,Aparecida de Goiânia,Jardim Bela Morada,jardim bela morada,-16.7668065,-49.2764394,brasil_aberto_first_street,True
GO,5201405,Aparecida de Goiânia,Jardim Bela Vista - Continuação,jardim bela vista continuacao,-16.7383965,-49.2271075,brasil_aberto_first_street,True
GO,5201405,Aparecida de Goiânia,Jardim Belo Horizonte,jardim belo horizonte,-16.8257697,-49.2458671,brasil_aberto_first_street,True
GO,5201405,Aparecida de Goiânia,Jardim Belo Horizonte Acréscimo II,jardim belo horizonte acrescimo ii,-16.8276245,-49.2440898,brasil_aberto_first_street,True
GO,5201405,Aparecida de Goiânia,Jardim Belo Horizonte - Continuação,jardim belo horizonte continuacao,-16.8276245,-49.2440898,brasil_aberto_first_street,True
GO,5201405,Aparecida de Goiânia,Jardim Boa Esperança,jardim boa esperanca,-16.7884327,-49.3302703,brasil_aberto_first_street,True
GO,5201405,Aparecida de Goiânia,Jardim Boa Esperança - Continuação,jardim boa esperanca continuacao,-16.8012434,-49.3287754,brasil_aberto_first_street,True
GO,5201405,Aparecida de Goiânia,Jardim Bonança,jardim bonanca,-16.768303,-49.2518328,brasil_aberto_first_street,True
GO,5201405,Aparecida de Goiânia,Jardim Buriti Sereno,jardim buriti sereno,-16.7948928,-49.3124298,brasil_aberto_first_street,True
GO,5201405,Aparecida de Goiânia,Jardim Canadá,jardim canada,-16.7949623,-49.3047861,brasil_aberto_first_street,True
GO,5201405,Aparecida de Goiânia,Jardim Casa Grande,jardim casa grande,-16.824585,-49.2304426,brasil_aberto_first_street,True
GO,5201405,Aparecida de Goiânia,Jardim Cecília,jardim cecilia,-16.8226787,-49.2473476,brasil_aberto_first_street,True
GO,5201405,Aparecida de Goiânia,Jardim Colorado,jardim colorado,-16.740423,-49.3326185,brasil_aberto_first_street,True
GO,5201405,Aparecida de Goiânia,Jardim Copacabana,jardim copacabana,-16.7907073,-49.24948,brasil_aberto_first_street,True
GO,5201405,Aparecida de Goiânia,Jardim Cristal,jardim cristal,-16.7916422,-49.2389421,brasil_aberto_first_street,True
GO,5201405,Aparecida de Goiânia,Jardim Cristalino,jardim cristalino,-16.823656,-49.2780899,brasil_aberto_first_street,True
GO,5201405,Aparecida de Goiânia,Jardim das Acácias,jardim das acacias,-16.822697,-49.2319928,brasil_aberto_first_street,True
GO,5201405,Aparecida de Goiânia,Jardim das Cascatas,jardim das cascatas,-16.8163336,-49.331186,brasil_aberto_first_street,True
GO,5201405,Aparecida de Goiânia,Jardim das Esmeraldas,jardim das esmeraldas,-16.7324842,-49.2500237,brasil_aberto_first_street,True
GO,5201405,Aparecida de Goiânia,Jardim das Hortências,jardim das hortencias,-16.7747057,-49.3469932,brasil_aberto_first_street,True
GO,5201405,Aparecida de Goiânia,Jardim Dom Bosco,jardim dom bosco,-16.8199026,-49.362009,brasil_aberto_first_street,True
GO,5201405,Aparecida de Goiânia,Jardim Dom Bosco 2ª Etapa,jardim dom bosco 2a etapa,-16.8186792,-49.3317432,brasil_aberto_first_street,True
GO,5201405,Aparecida de Goiânia,Jardim dos Buritis,jardim dos buritis,-16.764387,-49.2337726,brasil_aberto_first_street,True
GO,5201405,Aparecida de Goiânia,Jardim dos Girassóis,jardim dos girassois,-16.82989,-49.27048,brasil_aberto_first_street,True
GO,5201405,Aparecida de Goiânia,Jardim dos Pomares,jardim dos pomares,-16.7736393,-49.2377765,brasil_aberto_first_street,True
GO,5201405,Aparecida de Goiânia,Jardim Eldorado,jardim eldorado,-16.8124996,-49.225332,brasil_aberto_first_street,True
GO,5201405,Aparecida de Goiânia,Jardim Eldorado - Continuação - 2ª Etapa,jardim eldorado continuacao 2a etapa,-16.8145727,-49.2243839,brasil_aberto_first_street,True
GO,5201405,Aparecida de Goiânia,Jardim Esplanada,jardim esplanada,-16.8096687,-49.2492995,brasil_aberto_first_street,True
GO,5201405,Aparecida de Goiânia,Jardim Florença,jardim florenca,-16.8157431,-49.3086057,brasil_aberto_first_street,True
GO,5201405,Aparecida de Goiânia,Jardim Helvécia,jardim helvecia,-16.7542896,-49.3123077,brasil_aberto_first_street,True
GO,5201405,Aparecida de Goiânia,Jardim Helvécia Complemento,jardim helvecia complemento,-16.7649544,-49.3055833,brasil_aberto_first_street,True
GO,5201405,Aparecida de Goiânia,Jardim Himalaia,jardim himalaia,-16.803818,-49.3563721,brasil_aberto_first_street,True
GO,5201405,Aparecida de Goiânia,Jardim Imperial,jardim imperial,-16.7657922,-49.2550543,brasil_aberto_first_street,True
GO,5201405,Aparecida de Goiânia,Jardim Ipanema,jardim ipanema,-16.7385636,-49.2742192,brasil_aberto_first_street,True
GO,5201405,Aparecida de Goiânia,Jardim Ipanema - 1º Complemento,jardim ipanema 1o complemento,-16.7385636,-49.2742192,brasil_aberto_first_street,True
GO,5201405,Aparecida de Goiânia,Jardim Ipê,jardim ipe,-16.8482763,-49.3732485,brasil_aberto_first_street,True
GO,5201405,Aparecida de Goiânia,Jardim Ipiranga,jardim ipiranga,-16.8213454,-49.2626819,brasil_aberto_first_street,True
GO,5201405,Aparecida de Goiânia,Jardim Ipiranga - Continuação,jardim ipiranga continuacao,-16.8232214,-49.2706678,brasil_aberto_first_street,True
GO,5201405,Aparecida de Goiânia,Jardim Iracema,jardim iracema,-16.8347157,-49.2477862,brasil_aberto_first_street,True
GO,5201405,Aparecida de Goiânia,Jardim Isaura,jardim isaura,-16.7908144,-49.3553313,brasil_aberto_first_street,True
GO,5201405,Aparecida de Goiânia,Jardim Luz,jardim luz,-16.7475444,-49.2714539,brasil_aberto_first_street,True
GO,5201405,Aparecida de Goiânia,Jardim Maranata,jardim maranata,-16.8144096,-49.3578147,brasil_aberto_first_street,True
GO,5201405,Aparecida de Goiânia,Jardim Maria Inês,jardim maria ines,-16.7504033,-49.2634806,brasil_aberto_first_street,True
GO,5201405,Aparecida de Goiânia,Jardim Miramar,jardim miramar,-16.8463266,-49.2342245,brasil_aberto_first_street,True
GO,5201405,Aparecida de Goiânia,Jardim Mont Serrat,jardim mont serrat,-16.7556552,-49.2710197,brasil_aberto_first_street,True
GO,5201405,Aparecida de Goiânia,Jardim Mont Serrat Complemento,jardim mont serrat complemento,-16.7504612,-49.2624911,brasil_aberto_first_street,True
GO,5201405,Aparecida de Goiânia,Jardim Monte Cristo,jardim monte cristo,-16.8254358,-49.2807732,brasil_aberto_first_street,True
GO,5201405,Aparecida de Goiânia,Jardim Monte Líbano,jardim monte libano,-16.8262908,-49.2964012,brasil_aberto_first_street,True
GO,5201405,Aparecida de Goiânia,Jardim Monte Sinai,jardim monte sinai,-16.8311722,-49.3151654,brasil_aberto_first_street,True
GO,5201405,Aparecida de Goiânia,Jardim Nova Era,jardim nova era,-16.7495207,-49.2809269,brasil_aberto_first_street,True
GO,5201405,Aparecida de Goiânia,Jardim Nova Era Acréscimo,jardim nova era acrescimo,-16.7481793,-49.2768038,brasil_aberto_first_street,True
GO,5201405,Aparecida de Goiânia,Jardim Olímpico,jardim olimpico,-16.7420634,-49.216835,brasil_aberto_first_street,True
GO,5201405,Aparecida de Goiânia,Jardim Palácios,jardim palacios,-16.7562441,-49.2469127,brasil_aberto_first_street,True
GO,5201405,Aparecida de Goiânia,Jardim Palmares,jardim palmares,-16.8235088,-49.2293392,brasil_aberto_first_street,True
GO,5201405,Aparecida de Goiânia,Jardim Paraíso,jardim paraiso,-16.7824779,-49.2422199,brasil_aberto_first_street,True
GO,5201405,Aparecida de Goiânia,Jardim Paraíso Acréscimo,jardim paraiso acrescimo,-16.7831241,-49.24106680000001,brasil_aberto_first_street,True
GO,5201405,Aparecida de Goiânia,Jardim Paraíso I,jardim paraiso i,-16.7823384,-49.2371793,brasil_aberto_first_street,True
GO,5201405,Aparecida de Goiânia,Jardim Repouso,jardim repouso,-16.8284303,-49.2301623,brasil_aberto_first_street,True
GO,5201405,Aparecida de Goiânia,Jardim Rio Dourado,jardim rio dourado,-16.8267194,-49.3720702,brasil_aberto_first_street,True
GO,5201405,Aparecida de Goiânia,Jardim Rio Grande,jardim rio grande,-16.804257,-49.2418313,brasil_aberto_first_street,True
GO,5201405,Aparecida de Goiânia,Jardim Rio Grande - Continuação,jardim rio grande continuacao,-16.8042882,-49.2391495,brasil_aberto_first_street,True
GO,5201405,Aparecida de Goiânia,Jardim Riviera,jardim riviera,-16.8239996,-49.3010676,brasil_aberto_first_street,True
GO,5201405,Aparecida de Goiânia,Jardim Rosa do Sul,jardim rosa do sul,-16.8362126,-49.2503447,brasil_aberto_first_street,True
GO,5201405,Aparecida de Goiânia,Jardim São Conrado,jardim sao conrado,-16.8289361,-49.3602205,brasil_aberto_first_street,True
GO,5201405,Aparecida de Goiânia,Jardim Tiradentes,jardim tiradentes,-16.8163157,-49.3254907,brasil_aberto_first_street,True
GO,5201405,Aparecida de Goiânia,Jardim Transbrasiliano,jardim transbrasiliano,-16.7641195,-49.2398701,brasil_aberto_first_street,True
GO,5201405,Aparecida de Goiânia,Jardim Tropical,jardim tropical,-16.7815578,-49.3405425,brasil_aberto_first_street,True
GO,5201405,Aparecida de Goiânia,Jardim Veneza,jardim veneza,-16.7948185,-49.3123228,brasil_aberto_first_street,True
GO,5201405,Aparecida de Goiânia,Jardins Bellagio,jardins bellagio,-16.789757,-49.164506,mapbox_geocoding,True
GO,5201405,Aparecida de Goiânia,Jardins Marselha,jardins marselha,-16.814076,-49.244419,mapbox_geocoding,True
GO,5201405,Aparecida de Goiânia,Jardins Sevilha,jardins sevilha,-16.7593741,-49.3133746,brasil_aberto_first_street,True
GO,5201405,Aparecida de Goiânia,Jardins Versalhes,jardins versalhes,-16.814184,-49.24685,mapbox_geocoding,True
GO,5201405,Aparecida de Goiânia,Loteamento Santo Antônio,loteamento santo antonio,-16.735966,-49.242895,mapbox_geocoding,True
GO,5201405,Aparecida de Goiânia,Madre Germana II - Extensão,madre germana ii extensao,-16.791096,-49.166967,mapbox_geocoding,True
GO,5201405,Aparecida de Goiânia,Mansões Paraíso,mansoes paraiso,-16.7809168,-49.2814655,brasil_aberto_first_street,True
GO,5201405,Aparecida de Goiânia,Marilia Mendonça,marilia mendonca,-16.843775,-49.292738,mapbox_geocoding,True
GO,5201405,Aparecida de Goiânia,Morada dos Pássaros,morada dos passaros,-16.7867339,-49.2959446,brasil_aberto_first_street,True
GO,5201405,Aparecida de Goiânia,Norberto Teixeira,norberto teixeira,-16.82288,-49.2453,mapbox_geocoding,True
GO,5201405,Aparecida de Goiânia,Nova Cidade,nova cidade,-16.8136554,-49.3150219,brasil_aberto_first_street,True
GO,5201405,Aparecida de Goiânia,Nova Olinda,nova olinda,-16.832024,-49.2276277,brasil_aberto_first_street,True
GO,5201405,Aparecida de Goiânia,Nova Olinda - 1º Complemento,nova olinda 1o complemento,-16.8345157,-49.2293655,brasil_aberto_first_street,True
GO,5201405,Aparecida de Goiânia,Nova Olinda - 2º Complemento,nova olinda 2o complemento,-16.83765,-49.2207567,brasil_aberto_first_street,True
GO,5201405,Aparecida de Goiânia,Papillon Park,papillon park,-16.7851079,-49.2738511,brasil_aberto_first_street,True
GO,5201405,Aparecida de Goiânia,Papillon Park - Complemento,papillon park complemento,-16.7776678,-49.272367,brasil_aberto_first_street,True
GO,5201405,Aparecida de Goiânia,Papillon Park Continuação,papillon park continuacao,-16.78234,-49.283965,mapbox_geocoding,True
GO,5201405,Aparecida de Goiânia,Parque Amazônia,parque amazonia,-16.7372097,-49.2710781,brasil_aberto_first_street,True
GO,5201405,Aparecida de Goiânia,Parque Atalaia,parque atalaia,-16.8139573,-49.2643889,brasil_aberto_first_street,True
GO,5201405,Aparecida de Goiânia,Parque das Nações,parque das nacoes,-16.804054,-49.3081111,brasil_aberto_first_street,True
GO,5201405,Aparecida de Goiânia,Parque das Pedras,parque das pedras,-16.741509,-49.192032,mapbox_geocoding,True
GO,5201405,Aparecida de Goiânia,Parque Flamboyant,parque flamboyant,-16.7307802,-49.2498922,brasil_aberto_first_street,True
GO,5201405,Aparecida de Goiânia,Parque Floresta,parque floresta,-16.7856878,-49.2914909,brasil_aberto_first_street,True
GO,5201405,Aparecida de Goiânia,Parque Hayala,parque hayala,-16.8132216,-49.3027591,brasil_aberto_first_street,True
GO,5201405,Aparecida de Goiânia,Parque Ibirapuera,parque ibirapuera,-16.8125246,-49.3363738,brasil_aberto_first_street,True
GO,5201405,Aparecida de Goiânia,Parque Industrial Aparecida Vice-Presidente José de Alencar,parque industrial aparecida vice presidente jose de alencar,-16.827451,-49.2172699,brasil_aberto_first_street,True
GO,5201405,Aparecida de Goiânia,Parque Industrial Araguaia,parque industrial araguaia,-16.8200646,-49.2470515,brasil_aberto_first_street,True
GO,5201405,Aparecida de Goiânia,Parque Industrial Vice-Presidente José Alencar,parque industrial vice presidente jose alencar,,,brasil_aberto,True
GO,5201405,Aparecida de Goiânia,Parque Industrial Vice-Presidente José Alencar - Etapa II,parque industrial vice presidente jose alencar etapa ii,-16.7618482,-49.3039139,brasil_aberto_first_street,True
GO,5201405,Aparecida de Goiânia,Parque Itália,parque italia,-16.8434314,-49.2228456,brasil_aberto_first_street,True
GO,5201405,Aparecida de Goiânia,Parque Itamaraty,parque itamaraty,-16.8448982,-49.2224354,brasil_aberto_first_street,True
GO,5201405,Aparecida de Goiânia,Parque Itatiaia,parque itatiaia,-16.8203171,-49.2627487,brasil_aberto_first_street,True
GO,5201405,Aparecida de Goiânia,Parque Karajá,parque karaja,-16.7921341,-49.2893782,brasil_aberto_first_street,True
GO,5201405,Aparecida de Goiânia,Parque Montreal,parque montreal,-16.8362105,-49.2213036,brasil_aberto_first_street,True
GO,5201405,Aparecida de Goiânia,Parque Primavera,parque primavera,-16.722852,-49.314239,mapbox_geocoding,True
GO,5201405,Aparecida de Goiânia,Parque Real de Goiânia,parque real de goiania,-16.7437698,-49.254785,brasil_aberto_first_street,True
GO,5201405,Aparecida de Goiânia,Parque Rio das Pedras,parque rio das pedras,-16.8379752,-49.2478392,brasil_aberto_first_street,True
GO,5201405,Aparecida de Goiânia,Parque Santa Cecília,parque santa cecilia,-16.7684572,-49.2549997,brasil_aberto_first_street,True
GO,5201405,Aparecida de Goiânia,Parque Santa Cecília 2ª Etapa,parque santa cecilia 2a etapa,-16.802928,-49.191579,mapbox_geocoding,True
GO,5201405,Aparecida de Goiânia,Parque Trindade,parque trindade,-16.7483077,-49.2118757,brasil_aberto_first_street,True
GO,5201405,Aparecida de Goiânia,Parque Trindade II,parque trindade ii,-16.7522025,-49.2082329,brasil_aberto_first_street,True
GO,5201405,Aparecida de Goiânia,Parque Trindade III,parque trindade iii,-16.8169371,-49.2656444,brasil_aberto_first_street,True
GO,5201405,Aparecida de Goiânia,Parque Veiga Jardim,parque veiga jardim,-16.7931104,-49.2799191,brasil_aberto_first_street,True
GO,5201405,Aparecida de Goiânia,Parqville Cerejeira,parqville cerejeira,-16.782728,-49.230094,mapbox_geocoding,True
GO,5201405,Aparecida de Goiânia,Parqville Figueira,parqville figueira,-16.75753,-49.276255,mapbox_geocoding,True
GO,5201405,Aparecida de Goiânia,Parqville Pinheiros,parqville pinheiros,-16.7873687,-49.3435269,brasil_aberto_first_street,True
GO,5201405,Aparecida de Goiânia,Polo Empresarial Goiás,polo empresarial goias,-16.82288,-49.2453,mapbox_geocoding,True
GO,5201405,Aparecida de Goiânia,Polo Empresarial Goiás - Etapa I,polo empresarial goias etapa i,-16.8121456,-49.2645328,brasil_aberto_first_street,True
GO,5201405,Aparecida de Goiânia,Polo Empresarial Goiás - Etapa II,polo empresarial goias etapa ii,-16.7975151,-49.2648709,brasil_aberto_first_street,True
GO,5201405,Aparecida de Goiânia,Polo Empresarial Goiás - Etapa III,polo empresarial goias etapa iii,-16.8007843,-49.2588112,brasil_aberto_first_street,True
GO,5201405,Aparecida de Goiânia,Polo Empresarial Goiás - Etapa IV,polo empresarial goias etapa iv,-16.7975151,-49.2648709,brasil_aberto_first_street,True
GO,5201405,Aparecida de Goiânia,Polo Empresarial Goiás - Etapa IX,polo empresarial goias etapa ix,-16.8007843,-49.2588112,brasil_aberto_first_street,True
GO,5201405,Aparecida de Goiânia,Polo Empresarial Goiás - Etapa V,polo empresarial goias etapa v,-16.739469,-49.345801,mapbox_geocoding,True
GO,5201405,Aparecida de Goiânia,Polo Empresarial Goiás - Etapa VI,polo empresarial goias etapa vi,-17.4165023,-50.4173903,brasil_aberto_first_street,True
GO,5201405,Aparecida de Goiânia,Polo Empresarial Goiás - Etapa VII,polo empresarial goias etapa vii,-16.8007843,-49.2588112,brasil_aberto_first_street,True
GO,5201405,Aparecida de Goiânia,Polo Empresarial Goiás - Etapa VIII,polo empresarial goias etapa viii,-16.7956298,-49.250998,brasil_aberto_first_street,True
GO,5201405,Aparecida de Goiânia,Polo Empresarial Goiás - Etapa X,polo empresarial goias etapa x,-16.7975466,-49.2613339,brasil_aberto_first_street,True
GO,5201405,Aparecida de Goiânia,Polo Empresarial Goiás - Etapa XI,polo empresarial goias etapa xi,-16.7975466,-49.2613339,brasil_aberto_first_street,True
GO,5201405,Aparecida de Goiânia,Polo Empresarial Goiás - Etapa XII,polo empresarial goias etapa xii,-16.8121456,-49.2645328,brasil_aberto_first_street,True
GO,5201405,Aparecida de Goiânia,Polo Empresarial Goiás - Etapa XIII,polo empresarial goias etapa xiii,-16.735649,-49.242976,mapbox_geocoding,True
GO,5201405,Aparecida de Goiânia,Polo Empresarial Goiás - Etapa XIV,polo empresarial goias etapa xiv,-16.800469,-49.257519,mapbox_geocoding,True
GO,5201405,Aparecida de Goiânia,Pontal Sul - Acréscimo,pontal sul acrescimo,-16.8069783,-49.2973473,brasil_aberto_first_street,True
GO,5201405,Aparecida de Goiânia,Porto das Pedras,porto das pedras,-16.7975569,-49.2894557,brasil_aberto_first_street,True
GO,5201405,Aparecida de Goiânia,Porto Jatobá,porto jatoba,-16.732254,-49.229188,mapbox_geocoding,True
GO,5201405,Aparecida de Goiânia,Quinta da Boa Vista,quinta da boa vista,-16.8432935,-49.3526243,brasil_aberto_first_street,True
GO,5201405,Aparecida de Goiânia,Quintas Belo Monte,quintas belo monte,-16.739949,-49.279861,mapbox_geocoding,True
GO,5201405,Aparecida de Goiânia,Real Grandeza,real grandeza,-16.827451,-49.2172699,brasil_aberto_first_street,True
GO,5201405,Aparecida de Goiânia,Real Grandeza - 2ª Etapa,real grandeza 2a etapa,-16.8300848,-49.224913,brasil_aberto_first_street,True
GO,5201405,Aparecida de Goiânia,Recanto dos Emboabas,recanto dos emboabas,-16.7437986,-49.2508818,brasil_aberto_first_street,True
GO,5201405,Aparecida de Goiânia,Residencial Agenor Modesto,residencial agenor modesto,-16.750887,-49.305773,mapbox_geocoding,True
GO,5201405,Aparecida de Goiânia,Residencial Aldeia do Parque,residencial aldeia do parque,-16.814076,-49.244419,mapbox_geocoding,True
GO,5201405,Aparecida de Goiânia,Residencial Alvaluz,residencial alvaluz,-16.7792514,-49.2655205,brasil_aberto_first_street,True
GO,5201405,Aparecida de Goiânia,Residencial Andrade Reis,residencial andrade reis,-16.8265752,-49.2755655,brasil_aberto_first_street,True
GO,5201405,Aparecida de Goiânia,Residencial Anhambi,residencial anhambi,-16.8152816,-49.32719,brasil_aberto_first_street,True
GO,5201405,Aparecida de Goiânia,Residencial Aparecida Park,residencial aparecida park,-16.825413,-49.236687,mapbox_geocoding,True
GO,5201405,Aparecida de Goiânia,Residencial Araguaia,residencial araguaia,-16.785514,-49.3485589,brasil_aberto_first_street,True
GO,5201405,Aparecida de Goiânia,Residencial Boa Esperança,residencial boa esperanca,-16.82288,-49.2453,mapbox_geocoding,True
GO,5201405,Aparecida de Goiânia,Residencial Brasicon I,residencial brasicon i,-16.8336644,-49.2474326,brasil_aberto_first_street,True
GO,5201405,Aparecida de Goiânia,Residencial Cândido Queiroz,residencial candido queiroz,-16.7700035,-49.2589139,brasil_aberto_first_street,True
GO,5201405,Aparecida de Goiânia,Residencial Caraíbas,residencial caraibas,-16.7811933,-49.348,brasil_aberto_first_street,True
GO,5201405,Aparecida de Goiânia,Residencial Goiani,residencial goiani,-16.8023651,-49.347111,brasil_aberto_first_street,True
GO,5201405,Aparecida de Goiânia,Residencial Jardins Cannes,residencial jardins cannes,-16.814076,-49.244419,mapbox_geocoding,True
GO,5201405,Aparecida de Goiânia,Residencial Jardins Lyon,residencial jardins lyon,-16.814076,-49.244419,mapbox_geocoding,True
GO,5201405,Aparecida de Goiânia,Residencial Jardins Miami,residencial jardins miami,-16.748454,-49.357948,mapbox_geocoding,True
GO,5201405,Aparecida de Goiânia,Residencial Maria Luiza,residencial maria luiza,-16.8150606,-49.2467662,brasil_aberto_first_street,True
GO,5201405,Aparecida de Goiânia,Residencial Norte Sul,residencial norte sul,-16.7824817,-49.3420432,brasil_aberto_first_street,True
GO,5201405,Aparecida de Goiânia,Residencial Parqville Jacarandá,residencial parqville jacaranda,-16.8054544,-49.2506559,brasil_aberto_first_street,True
GO,5201405,Aparecida de Goiânia,Residencial Patio Andaluz,residencial patio andaluz,-16.759866,-49.230734,mapbox_geocoding,True
GO,5201405,Aparecida de Goiânia,Residencial Por do Sol,residencial por do sol,-16.7793094,-49.3414936,brasil_aberto_first_street,True
GO,5201405,Aparecida de Goiânia,Residencial Recanto do Cerrado,residencial recanto do cerrado,-16.7435069,-49.3024987,brasil_aberto_first_street,True
GO,5201405,Aparecida de Goiânia,Residencial Santa Vitória,residencial santa vitoria,-16.750887,-49.305773,mapbox_geocoding,True
GO,5201405,Aparecida de Goiânia,Residencial Serra das Brisas,residencial serra das brisas,-16.7936526,-49.3446573,brasil_aberto_first_street,True
GO,5201405,Aparecida de Goiânia,Residencial Solar Central Park,residencial solar central park,-16.8129362,-49.2565944,brasil_aberto_first_street,True
GO,5201405,Aparecida de Goiânia,Residencial Solar Garden I,residencial solar garden i,-16.8060644,-49.2555101,brasil_aberto_first_street,True
GO,5201405,Aparecida de Goiânia,Residencial Solar Garden II,residencial solar garden ii,-16.8060644,-49.2555101,brasil_aberto_first_street,True
GO,5201405,Aparecida de Goiânia,Residencial Solar Sul,residencial solar sul,-16.8499186,-49.2284082,brasil_aberto_first_street,True
GO,5201405,Aparecida de Goiânia,Residencial Vale do Sol,residencial vale do sol,-16.78536,-49.215086,mapbox_geocoding,True
GO,5201405,Aparecida de Goiânia,Residencial Village Garavelo,residencial village garavelo,-16.8230409,-49.252387,brasil_aberto_first_street,True
GO,5201405,Aparecida de Goiânia,Residencial Village Garavelo - 2ª Etapa,residencial village garavelo 2a etapa,-16.80797,-49.26605,brasil_aberto_first_street,True
GO,5201405,Aparecida de Goiânia,Residencial Village Garavelo - Continuação,residencial village garavelo continuacao,-16.829635,-49.3108773,brasil_aberto_first_street,True
GO,5201405,Aparecida de Goiânia,Retiro do Bosque,retiro do bosque,-16.829875,-49.2319574,brasil_aberto_first_street,True
GO,5201405,Aparecida de Goiânia,Retiro do Bosque - Acréscimo,retiro do bosque acrescimo,-16.8286672,-49.2425598,brasil_aberto_first_street,True
GO,5201405,Aparecida de Goiânia,Riviera Sul,riviera sul,-16.8021069,-49.3343173,brasil_aberto_first_street,True
GO,5201405,Aparecida de Goiânia,Rosa dos Ventos,rosa dos ventos,-16.8546145,-49.2376682,brasil_aberto_first_street,True
GO,5201405,Aparecida de Goiânia,Setor Aeroporto Sul,setor aeroporto sul,-16.7973986,-49.3410058,brasil_aberto_first_street,True
GO,5201405,Aparecida de Goiânia,Setor Aeroporto Sul - 2ª Etapa,setor aeroporto sul 2a etapa,-16.8031231,-49.3522008,brasil_aberto_first_street,True
GO,5201405,Aparecida de Goiânia,Setor Aeroporto Sul - 3ª Etapa,setor aeroporto sul 3a etapa,-16.7966483,-49.3532544,brasil_aberto_first_street,True
GO,5201405,Aparecida de Goiânia,Setor Ana Rosa,setor ana rosa,-16.8226787,-49.2473476,brasil_aberto_first_street,True
GO,5201405,Aparecida de Goiânia,Setor Araguaia,setor araguaia,-16.8152583,-49.2450104,brasil_aberto_first_street,True
GO,5201405,Aparecida de Goiânia,Setor Araguaia Acréscimo,setor araguaia acrescimo,-16.7605378,-49.233427,brasil_aberto_first_street,True
GO,5201405,Aparecida de Goiânia,Setor Belo Horizonte,setor belo horizonte,-16.7860379,-49.353442,brasil_aberto_first_street,True
GO,5201405,Aparecida de Goiânia,Setor Buenos Aires - 1ª Etapa,setor buenos aires 1a etapa,-16.8021853,-49.1803081,brasil_aberto_first_street,True
GO,5201405,Aparecida de Goiânia,Setor Buenos Aires - 2ª Etapa,setor buenos aires 2a etapa,-16.8021853,-49.1803081,brasil_aberto_first_street,True
GO,5201405,Aparecida de Goiânia,Setor Central,setor central,-16.8293252,-49.2483591,brasil_aberto_first_street,True
GO,5201405,Aparecida de Goiânia,Setor Colonial Sul,setor colonial sul,-16.7960612,-49.3201635,brasil_aberto_first_street,True
GO,5201405,Aparecida de Goiânia,Setor Comendador Walmor,setor comendador walmor,-16.8345041,-49.2997765,brasil_aberto_first_street,True
GO,5201405,Aparecida de Goiânia,Setor Conde dos Arcos,setor conde dos arcos,-16.8127738,-49.2816773,brasil_aberto_first_street,True
GO,5201405,Aparecida de Goiânia,Setor Conde dos Arcos Complemento,setor conde dos arcos complemento,-16.8113782,-49.2762891,brasil_aberto_first_street,True
GO,5201405,Aparecida de Goiânia,Setor Continental,setor continental,-16.7990826,-49.1949097,brasil_aberto_first_street,True
GO,5201405,Aparecida de Goiânia,Setor dos Afonsos,setor dos afonsos,-16.7397914,-49.2689969,brasil_aberto_first_street,True
GO,5201405,Aparecida de Goiânia,Setor dos Bandeirantes,setor dos bandeirantes,-16.7944815,-49.3518685,brasil_aberto_first_street,True
GO,5201405,Aparecida de Goiânia,Setor dos Bandeirantes Acréscimo 01,setor dos bandeirantes acrescimo 01,-16.7932154,-49.3550095,brasil_aberto_first_street,True
GO,5201405,Aparecida de Goiânia,Setor dos Estados,setor dos estados,-16.8466306,-49.288234,brasil_aberto_first_street,True
GO,5201405,Aparecida de Goiânia,Setor Fabrício,setor fabricio,-16.8394782,-49.2967921,brasil_aberto_first_street,True
GO,5201405,Aparecida de Goiânia,Setor Franco,setor franco,-16.7674669,-49.2439458,brasil_aberto_first_street,True
GO,5201405,Aparecida de Goiânia,Setor Garavelo,setor garavelo,-16.7658977,-49.3244951,brasil_aberto_first_street,True
GO,5201405,Aparecida de Goiânia,Setor Marista Sul,setor marista sul,-16.8316099,-49.2759054,brasil_aberto_first_street,True
GO,5201405,Aparecida de Goiânia,Setor Ocidente da Vila Brasília,setor ocidente da vila brasilia,-16.7398242,-49.2614515,brasil_aberto_first_street,True
GO,5201405,Aparecida de Goiânia,Setor Oeste,setor oeste,-16.8207069,-49.2484291,brasil_aberto_first_street,True
GO,5201405,Aparecida de Goiânia,Setor Pampulha,setor pampulha,-16.7385636,-49.2742192,brasil_aberto_first_street,True
GO,5201405,Aparecida de Goiânia,Setor Pampulha II,setor pampulha ii,-16.739469,-49.345801,mapbox_geocoding,True
GO,5201405,Aparecida de Goiânia,Setor Planície,setor planicie,-16.8313387,-49.2223917,brasil_aberto_first_street,True
GO,5201405,Aparecida de Goiânia,Setor Residencial Campos Elísios,setor residencial campos elisios,-16.8021376,-49.3150013,brasil_aberto_first_street,True
GO,5201405,Aparecida de Goiânia,Setor Rio Vermelho,setor rio vermelho,-16.8449071,-49.2907852,brasil_aberto_first_street,True
GO,5201405,Aparecida de Goiânia,Setor Santo André,setor santo andre,-16.7958107,-49.2454599,brasil_aberto_first_street,True
GO,5201405,Aparecida de Goiânia,Setor Santo André Acréscimo,setor santo andre acrescimo,-16.735966,-49.242895,mapbox_geocoding,True
GO,5201405,Aparecida de Goiânia,Setor Serra Dourada - 1ª Etapa,setor serra dourada 1a etapa,-16.8243576,-49.2690675,brasil_aberto_first_street,True
GO,5201405,Aparecida de Goiânia,Setor Serra Dourada - 2ª Etapa,setor serra dourada 2a etapa,-16.8260611,-49.2645191,brasil_aberto_first_street,True
GO,5201405,Aparecida de Goiânia,Setor Serra Dourada - 3ª Etapa,setor serra dourada 3a etapa,-16.8270397,-49.2548277,brasil_aberto_first_street,True
GO,5201405,Aparecida de Goiânia,Setor Serra Dourada - 4ª Etapa,setor serra dourada 4a etapa,-16.822392,-49.2473112,brasil_aberto_first_street,True
GO,5201405,Aparecida de Goiânia,Setor Tocantins,setor tocantins,-16.7545705,-49.2221367,brasil_aberto_first_street,True
GO,5201405,Aparecida de Goiânia,Sítios Santa Luzia,sitios santa luzia,-16.7502786,-49.2322506,brasil_aberto_first_street,True
GO,5201405,Aparecida de Goiânia,Sítios Santa Luzia Residencial,sitios santa luzia residencial,-16.7523593,-49.2387303,brasil_aberto_first_street,True
GO,5201405,Aparecida de Goiânia,Solar das Candeias,solar das candeias,-16.7849503,-49.2545329,brasil_aberto_first_street,True
GO,5201405,Aparecida de Goiânia,Terra do Sol,terra do sol,-16.8016584,-49.1969046,brasil_aberto_first_street,True
GO,5201405,Aparecida de Goiânia,Terra Prometida,terra prometida,-16.7948329,-49.267703,brasil_aberto_first_street,True
GO,5201405,Aparecida de Goiânia,Vale do Sol,vale do sol,-16.7970069,-49.199578,brasil_aberto_first_street,True
GO,5201405,Aparecida de Goiânia,Vale do Sol - Gleba 5,vale do sol gleba 5,-16.7792843,-49.2131382,brasil_aberto_first_street,True
GO,5201405,Aparecida de Goiânia,Veiga Jardim - Acréscimo,veiga jardim acrescimo,-16.78659,-49.24545999999999,brasil_aberto_first_street,True
GO,5201405,Aparecida de Goiânia,Vera Cruz,vera cruz,-16.835949,-49.2464923,brasil_aberto_first_street,True
GO,5201405,Aparecida de Goiânia,Verde Vale,verde vale,-16.7781681,-49.3488522,brasil_aberto_first_street,True
GO,5201405,Aparecida de Goiânia,Vila Adélia,vila adelia,-16.817363,-49.2371194,brasil_aberto_first_street,True
GO,5201405,Aparecida de Goiânia,Vila Adélia - 3ª Etapa,vila adelia 3a etapa,-16.7151475,-49.2346241,brasil_aberto_first_street,True
GO,5201405,Aparecida de Goiânia,Vila Alzira,vila alzira,-16.764828,-49.2570494,brasil_aberto_first_street,True
GO,5201405,Aparecida de Goiânia,Vila Brasília,vila brasilia,-16.7397212,-49.2398219,brasil_aberto_first_street,True
GO,5201405,Aparecida de Goiânia,Vila Brasília Complemento,vila brasilia complemento,-16.7399897,-49.2613339,brasil_aberto_first_street,True
GO,5201405,Aparecida de Goiânia,Vila Brasília-Extensão,vila brasilia extensao,-16.746263,-49.257623,mapbox_geocoding,True
GO,5201405,Aparecida de Goiânia,Vila Brasília Sul,vila brasilia sul,-16.7451103,-49.2657925,brasil_aberto_first_street,True
GO,5201405,Aparecida de Goiânia,Vila Cruzeiro do Sul,vila cruzeiro do sul,-16.7601492,-49.273467,brasil_aberto_first_street,True
GO,5201405,Aparecida de Goiânia,Vila Cruzeiro do Sul - Acréscimo,vila cruzeiro do sul acrescimo,-16.7601492,-49.273467,brasil_aberto_first_street,True
GO,5201405,Aparecida de Goiânia,Vila Irmãos Souza,vila irmaos souza,-16.8080915,-49.3546885,brasil_aberto_first_street,True
GO,5201405,Aparecida de Goiânia,Vila Izaura,vila izaura,-16.8223061,-49.3703655,brasil_aberto_first_street,True
GO,5201405,Aparecida de Goiânia,Vila Maria,vila maria,-16.771586,-49.239115,mapbox_geocoding,True
GO,5201405,Aparecida de Goiânia,Vila Maria - Complemento,vila maria complemento,-16.7725395,-49.2449258,brasil_aberto_first_street,True
GO,5201405,Aparecida de Goiânia,Vila Mariana,vila mariana,-16.7490082,-49.2863042,brasil_aberto_first_street,True
GO,5201405,Aparecida de Goiânia,Vila Nossa Senhora de Lourdes,vila nossa senhora de lourdes,-16.7529098,-49.2369432,brasil_aberto_first_street,True
GO,5201405,Aparecida de Goiânia,Vila Oliveira,vila oliveira,-16.805331,-49.2898517,brasil_aberto_first_street,True
GO,5201405,Aparecida de Goiânia,Vila Real,vila real,-16.7537668,-49.2519164,brasil_aberto_first_street,True
GO,5201405,Aparecida de Goiânia,Vila Rosa,vila rosa,-16.7468516,-49.2948614,brasil_aberto_first_street,True
GO,5201405,Aparecida de Goiânia,Vila Santa,vila santa,-16.7488461,-49.2396768,brasil_aberto_first_street,True
GO,5201405,Aparecida de Goiânia,Vila Santo Antônio,vila santo antonio,-16.7405966,-49.2183731,brasil_aberto_first_street,True
GO,5201405,Aparecida de Goiânia,Vila Santo Antonio - Conjunto Liberdade,vila santo antonio conjunto liberdade,-16.7405966,-49.2183731,brasil_aberto_first_street,True
GO,5201405,Aparecida de Goiânia,Vila Santo Antônio - Segundo Acréscimo,vila santo antonio segundo acrescimo,-16.7369655,-49.2545978,brasil_aberto_first_street,True
GO,5201405,Aparecida de Goiânia,Vila Santos Dumont,vila santos dumont,-16.7487314,-49.2485135,brasil_aberto_first_street,True
GO,5201405,Aparecida de Goiânia,Vila São Joaquim,vila sao joaquim,-16.7511191,-49.2527331,brasil_aberto_first_street,True
GO,5201405,Aparecida de Goiânia,Vila São Jorge,vila sao jorge,-16.8226787,-49.2473476,brasil_aberto_first_street,True
GO,5201405,Aparecida de Goiânia,Vila São Manoel,vila sao manoel,-16.8406542,-49.2487582,brasil_aberto_first_street,True
GO,5201405,Aparecida de Goiânia,Vila São Tomaz,vila sao tomaz,-16.7460257,-49.2748636,brasil_aberto_first_street,True
GO,5201405,Aparecida de Goiânia,Vilares Andorinha,vilares andorinha,-16.802903,-49.191527,mapbox_geocoding,True
GO,5201405,Aparecida de Goiânia,Villa Deifiore,villa deifiore,-16.8185865,-49.3381669,brasil_aberto_first_street,True
GO,5201405,Aparecida de Goiânia,Villa Romana,villa romana,-16.8185865,-49.3381669,brasil_aberto_first_street,True
GO,5201405,Aparecida de Goiânia,Villasul,villasul,-15.6806452,-49.3422373,brasil_aberto_first_street,True
GO,5201405,Aparecida de Goiânia,Villasul V,villasul v,-16.7927581,-49.2382043,brasil_aberto_first_street,True
GO,5201405,Aparecida de Goiânia,Virgínia Parque,virginia parque,-16.8410624,-49.27780629999999,brasil_aberto_first_street,True
GO,5201454,Aparecida do Rio Doce,Setor Central,setor central,-18.2987686,-51.1507904,brasil_aberto_first_street,True
GO,5201504,Aporé,Setor Central,setor central,-16.6762369,-49.25807150000001,brasil_aberto_first_street,True
GO,5201603,Araçu,Setor Central,setor central,-16.3571581,-49.6806275,brasil_aberto_first_street,True
GO,5201702,Aragarças,Alto Horizonte,alto horizonte,-15.908811,-52.238773,mapbox_geocoding,True
GO,5201702,Aragarças,Área Rural de Aragarças,area rural de aragarcas,-15.896723,-52.24115,mapbox_geocoding,True
GO,5201702,Aragarças,Centro Administrativo,centro administrativo,-15.909796,-52.239526,mapbox_geocoding,True
GO,5201702,Aragarças,Condomínio Raio de Sol,condominio raio de sol,-15.90685,-52.225501,mapbox_geocoding,True
GO,5201702,Aragarças,Jardim das Palmeiras,jardim das palmeiras,-16.721962,-49.369341,mapbox_geocoding,True
GO,5201702,Aragarças,Jardim dos Buritis,jardim dos buritis,-15.906911,-52.228893,mapbox_geocoding,True
GO,5201702,Aragarças,Jardim Novo Mundo,jardim novo mundo,-15.902635,-52.236814,mapbox_geocoding,True
GO,5201702,Aragarças,Recanto das Primaveras,recanto das primaveras,-15.894631,-52.230885,mapbox_geocoding,True
GO,5201702,Aragarças,Residencial Lagoa Azul,residencial lagoa azul,-15.896723,-52.24115,mapbox_geocoding,True
GO,5201702,Aragarças,Setor Aeroporto,setor aeroporto,-15.899877,-52.251989,mapbox_geocoding,True
GO,5201702,Aragarças,Setor Araguaia,setor araguaia,-15.894164,-52.250083,mapbox_geocoding,True
GO,5201702,Aragarças,Setor Bela Vista,setor bela vista,-15.900849,-52.237151,mapbox_geocoding,True
GO,5201702,Aragarças,Setor Ceará,setor ceara,-15.908811,-52.238773,mapbox_geocoding,True
GO,5201702,Aragarças,Setor José Divino Bispo,setor jose divino bispo,-15.908367,-52.226774,mapbox_geocoding,True
GO,5201702,Aragarças,Setor Nova Esperança,setor nova esperanca,-15.900849,-52.237151,mapbox_geocoding,True
GO,5201702,Aragarças,Vila Militar,vila militar,-15.911946,-52.237977,mapbox_geocoding,True
GO,5201702,Aragarças,Vila Santa Luzia,vila santa luzia,-15.895005,-52.24386,mapbox_geocoding,True
GO,5201702,Aragarças,Vila União,vila uniao,-15.910569,-52.230384,mapbox_geocoding,True
GO,5201801,Aragoiânia,Setor Central,setor central,-16.9112168,-49.4502164,brasil_aberto_first_street,True
GO,5202155,Araguapaz,Área Rural de Araguapaz,area rural de araguapaz,-15.241304,-50.285413,mapbox_geocoding,True
GO,5202155,Araguapaz,Bela Vista,bela vista,-15.096146,-50.617579,mapbox_geocoding,True
GO,5202155,Araguapaz,Cândida de Morais,candida de morais,-15.090632,-50.636094,mapbox_geocoding,True
GO,5202155,Araguapaz,Centro,centro,-15.093508,-50.630468,mapbox_geocoding,True
GO,5202155,Araguapaz,Jardim Piauí,jardim piaui,-15.093582,-50.629993,mapbox_geocoding,True
GO,5202155,Araguapaz,Marista,marista,-15.096146,-50.617579,mapbox_geocoding,True
GO,5202155,Araguapaz,Morada do Sol,morada do sol,-15.095445,-50.61556,mapbox_geocoding,True
GO,5202155,Araguapaz,Oeste,oeste,-15.093836,-50.634561,mapbox_geocoding,True
GO,5202155,Araguapaz,Residencial Mendanha,residencial mendanha,-15.094124,-50.619096,mapbox_geocoding,True
GO,5202155,Araguapaz,Residencial Serra Dourada,residencial serra dourada,-15.098626,-50.613952,mapbox_geocoding,True
GO,5202155,Araguapaz,São Geraldo,sao geraldo,-15.096146,-50.617579,mapbox_geocoding,True
GO,5202155,Araguapaz,Setor Oeste,setor oeste,,,brasil_aberto,True
GO,5202155,Araguapaz,Setor Sudoeste,setor sudoeste,-15.093836,-50.634561,mapbox_geocoding,True
GO,5202155,Araguapaz,Setor Sul,setor sul,-15.096146,-50.617579,mapbox_geocoding,True
GO,5202155,Araguapaz,Sol Nascente,sol nascente,-15.094124,-50.619096,mapbox_geocoding,True
GO,5202155,Araguapaz,Vila Nova,vila nova,-15.093836,-50.634561,mapbox_geocoding,True
GO,5202155,Araguapaz,Vilas Boas,vilas boas,-15.093061,-50.632549,mapbox_geocoding,True
GO,5202353,Arenópolis,Área Rural de Arenópolis,area rural de arenopolis,-16.38754,-51.560966,mapbox_geocoding,True
GO,5202353,Arenópolis,Centro,centro,-16.38433,-51.56058,mapbox_geocoding,True
GO,5202353,Arenópolis,Jardim Três Marias,jardim tres marias,-16.388624,-51.555326,mapbox_geocoding,True
GO,5202353,Arenópolis,Novo Horizonte,novo horizonte,-16.382385,-51.560292,mapbox_geocoding,True
GO,5202353,Arenópolis,Setor Caminho das Águas,setor caminho das aguas,-16.168469,-49.104865,mapbox_geocoding,True
GO,5202353,Arenópolis,Setor Central,setor central,,,brasil_aberto,True
GO,5202353,Arenópolis,Vila 14 de Maio I,vila 14 de maio i,-16.39027,-51.553072,mapbox_geocoding,True
GO,5202353,Arenópolis,Vila 14 de Maio II,vila 14 de maio ii,-16.39027,-51.553072,mapbox_geocoding,True
GO,5202353,Arenópolis,Vila Benedito Jerônimo Gonçalves,vila benedito jeronimo goncalves,-16.38433,-51.56058,mapbox_geocoding,True
GO,5202502,Aruanã,Setor Central,setor central,-14.0930836,-46.3677438,brasil_aberto_first_street,True
GO,5202601,Aurilândia,Setor Central,setor central,-16.6783193,-50.4651547,brasil_aberto_first_street,True
GO,5202809,Avelinópolis,Setor Irani,setor irani,-16.4677693,-49.7588492,brasil_aberto_first_street,True
GO,5203104,Baliza,Setor Central,setor central,-15.7050424,-49.36531489999999,brasil_aberto_first_street,True
GO,5203203,Barro Alto,Setor Central,setor central,-15.1256243,-48.9340723,brasil_aberto_first_street,True
GO,5203203,Barro Alto,Souzalândia,souzalandia,,,dne,True
GO,5203302,Bela Vista de Goiás,Área Rural de Bela Vista de Goiás,area rural de bela vista de goias,-16.972658,-48.951855,mapbox_geocoding,True
GO,5203302,Bela Vista de Goiás,Bairro Santa Cruz,bairro santa cruz,-16.978435,-48.948502,mapbox_geocoding,True
GO,5203302,Bela Vista de Goiás,Centro,centro,-16.970662,-48.951332,mapbox_geocoding,True
GO,5203302,Bela Vista de Goiás,Chácaras Barreiro Vermelho,chacaras barreiro vermelho,-17.142936,-48.817221,mapbox_geocoding,True
GO,5203302,Bela Vista de Goiás,Chácaras de Recreio Sonho Meu,chacaras de recreio sonho meu,-16.970155,-48.962338,mapbox_geocoding,True
GO,5203302,Bela Vista de Goiás,Condomínio Aldeia das Águas,condominio aldeia das aguas,-16.972658,-48.951855,mapbox_geocoding,True
GO,5203302,Bela Vista de Goiás,Condomínio Casa Uvva,condominio casa uvva,-16.972658,-48.951855,mapbox_geocoding,True
GO,5203302,Bela Vista de Goiás,Condomínio das Palmeiras,condominio das palmeiras,-16.972658,-48.951855,mapbox_geocoding,True
GO,5203302,Bela Vista de Goiás,Condomínio Fazenda Lumiar,condominio fazenda lumiar,-17.142936,-48.817221,mapbox_geocoding,True
GO,5203302,Bela Vista de Goiás,Condomínio Portal do Cerrado,condominio portal do cerrado,-16.972658,-48.951855,mapbox_geocoding,True
GO,5203302,Bela Vista de Goiás,Condomínio Reserva das Aroeiras,condominio reserva das aroeiras,-16.972658,-48.951855,mapbox_geocoding,True
GO,5203302,Bela Vista de Goiás,Condomínio Trilhas do Cerrado,condominio trilhas do cerrado,-16.972658,-48.951855,mapbox_geocoding,True
GO,5203302,Bela Vista de Goiás,Conjunto Dona Clotildes,conjunto dona clotildes,-16.97112,-48.94907,mapbox_geocoding,True
GO,5203302,Bela Vista de Goiás,Conjunto Dona Delfina,conjunto dona delfina,-17.199424,-48.70904,mapbox_geocoding,True
GO,5203302,Bela Vista de Goiás,Conjunto Habitacional Bela Vista,conjunto habitacional bela vista,-17.191664,-48.709051,mapbox_geocoding,True
GO,5203302,Bela Vista de Goiás,Conjunto Pérola do Sul,conjunto perola do sul,-16.972658,-48.951855,mapbox_geocoding,True
GO,5203302,Bela Vista de Goiás,Distrito Agroindustrial,distrito agroindustrial,-16.808851,-49.204833,mapbox_geocoding,True
GO,5203302,Bela Vista de Goiás,Distrito de Roselândia,distrito de roselandia,-16.8631746,-49.0442474,brasil_aberto_first_street,True
GO,5203302,Bela Vista de Goiás,Dona Benedita,dona benedita,-16.972636,-48.958455,mapbox_geocoding,True
GO,5203302,Bela Vista de Goiás,Fazenda Larga,fazenda larga,-17.199424,-48.70904,mapbox_geocoding,True
GO,5203302,Bela Vista de Goiás,Grandes Lagos,grandes lagos,-16.972658,-48.951855,mapbox_geocoding,True
GO,5203302,Bela Vista de Goiás,Jardim Alphaville,jardim alphaville,-17.056835,-48.663126,mapbox_geocoding,True
GO,5203302,Bela Vista de Goiás,Jardim Barcelona,jardim barcelona,-16.972658,-48.951855,mapbox_geocoding,True
GO,5203302,Bela Vista de Goiás,Jardim das Palmeiras,jardim das palmeiras,-17.191664,-48.709051,mapbox_geocoding,True
GO,5203302,Bela Vista de Goiás,Lúcia Alice,lucia alice,-16.968769,-48.957575,mapbox_geocoding,True
GO,5203302,Bela Vista de Goiás,Parque Buritizais,parque buritizais,-16.978768,-48.959819,mapbox_geocoding,True
GO,5203302,Bela Vista de Goiás,Parque dos Buritis,parque dos buritis,-16.970861,-48.958342,mapbox_geocoding,True
GO,5203302,Bela Vista de Goiás,Parque Las Vegas,parque las vegas,-16.965836,-48.957608,mapbox_geocoding,True
GO,5203302,Bela Vista de Goiás,Primavera,primavera,-16.970861,-48.958342,mapbox_geocoding,True
GO,5203302,Bela Vista de Goiás,Recanto das Araras,recanto das araras,-16.916321,-48.964007,mapbox_geocoding,True
GO,5203302,Bela Vista de Goiás,Residencial Armando Antônio,residencial armando antonio,-17.142936,-48.817221,mapbox_geocoding,True
GO,5203302,Bela Vista de Goiás,Residencial Armando Antônio II,residencial armando antonio ii,-16.972658,-48.951855,mapbox_geocoding,True
GO,5203302,Bela Vista de Goiás,Residencial Armando Antônio III,residencial armando antonio iii,-16.972658,-48.951855,mapbox_geocoding,True
GO,5203302,Bela Vista de Goiás,Residencial Maria Nadir,residencial maria nadir,-16.965306,-48.947575,mapbox_geocoding,True
GO,5203302,Bela Vista de Goiás,Residencial Paineiras,residencial paineiras,-16.972658,-48.951855,mapbox_geocoding,True
GO,5203302,Bela Vista de Goiás,Residencial Pérola do Sul,residencial perola do sul,-16.972658,-48.951855,mapbox_geocoding,True
GO,5203302,Bela Vista de Goiás,Residencial Recanto dos Ipês,residencial recanto dos ipes,-16.869154,-49.040785,mapbox_geocoding,True
GO,5203302,Bela Vista de Goiás,Residencial São Paulo,residencial sao paulo,-16.972658,-48.951855,mapbox_geocoding,True
GO,5203302,Bela Vista de Goiás,Residencial Sussuapara,residencial sussuapara,-16.965306,-48.947575,mapbox_geocoding,True
GO,5203302,Bela Vista de Goiás,Residencial Via Flores,residencial via flores,-16.970861,-48.958342,mapbox_geocoding,True
GO,5203302,Bela Vista de Goiás,Residencial Vitória,residencial vitoria,-17.199424,-48.70904,mapbox_geocoding,True
GO,5203302,Bela Vista de Goiás,Santa Emília,santa emilia,-16.970861,-48.958342,mapbox_geocoding,True
GO,5203302,Bela Vista de Goiás,Santo Antônio,santo antonio,-17.142936,-48.817221,mapbox_geocoding,True
GO,5203302,Bela Vista de Goiás,São Geraldo,sao geraldo,-16.979279,-48.952625,mapbox_geocoding,True
GO,5203302,Bela Vista de Goiás,Setor Anália,setor analia,-16.970816,-48.948558,mapbox_geocoding,True
GO,5203302,Bela Vista de Goiás,Setor Central,setor central,,,brasil_aberto,True
GO,5203302,Bela Vista de Goiás,Setor Flamboyant,setor flamboyant,-16.97542,-48.945013,mapbox_geocoding,True
GO,5203302,Bela Vista de Goiás,Setor Oeste,setor oeste,-16.967185,-48.963694,mapbox_geocoding,True
GO,5203302,Bela Vista de Goiás,Setor São Jorge,setor sao jorge,-16.970861,-48.958342,mapbox_geocoding,True
GO,5203302,Bela Vista de Goiás,Setor Ulisses Guimarães,setor ulisses guimaraes,-16.972658,-48.951855,mapbox_geocoding,True
GO,5203302,Bela Vista de Goiás,Vereda dos Buritis,vereda dos buritis,-16.972658,-48.951855,mapbox_geocoding,True
GO,5203302,Bela Vista de Goiás,Vila mutirão,vila mutirao,-17.191664,-48.709051,mapbox_geocoding,True
GO,5203302,Bela Vista de Goiás,Vila São Vicente,vila sao vicente,-16.955107,-48.934265,mapbox_geocoding,True
GO,5203302,Bela Vista de Goiás,Village Recanto da Mata,village recanto da mata,-16.972658,-48.951855,mapbox_geocoding,True
GO,5203401,Bom Jardim de Goiás,Alvorada,alvorada,-16.201774,-52.179449,mapbox_geocoding,True
GO,5203401,Bom Jardim de Goiás,Antonio Abrão Abud,antonio abrao abud,-16.204899,-52.167993,mapbox_geocoding,True
GO,5203401,Bom Jardim de Goiás,Área Rural de Bom Jardim de Goiás,area rural de bom jardim de goias,-16.094213,-52.18813,mapbox_geocoding,True
GO,5203401,Bom Jardim de Goiás,Canaã,canaa,-16.213289,-52.17367,mapbox_geocoding,True
GO,5203401,Bom Jardim de Goiás,Centro,centro,-16.208891,-52.1747,mapbox_geocoding,True
GO,5203401,Bom Jardim de Goiás,Dedé Tropeiro,dede tropeiro,-16.209087,-52.168086,mapbox_geocoding,True
GO,5203401,Bom Jardim de Goiás,Dona Bela,dona bela,-16.208685,-52.169793,mapbox_geocoding,True
GO,5203401,Bom Jardim de Goiás,Industrial,industrial,-16.197611,-52.174713,mapbox_geocoding,True
GO,5203401,Bom Jardim de Goiás,Industrial II,industrial ii,-16.195636,-52.169105,mapbox_geocoding,True
GO,5203401,Bom Jardim de Goiás,Jardim Atlântico,jardim atlantico,-16.198992,-52.173787,mapbox_geocoding,True
GO,5203401,Bom Jardim de Goiás,João José de Farias,joao jose de farias,-16.195636,-52.169105,mapbox_geocoding,True
GO,5203401,Bom Jardim de Goiás,Joaquim Alves de Souza,joaquim alves de souza,-16.2025,-52.173237,mapbox_geocoding,True
GO,5203401,Bom Jardim de Goiás,Loteamento Freitas,loteamento freitas,-16.198992,-52.173787,mapbox_geocoding,True
GO,5203401,Bom Jardim de Goiás,Planalto,planalto,-16.198992,-52.173787,mapbox_geocoding,True
GO,5203401,Bom Jardim de Goiás,Primavera,primavera,-16.208891,-52.1747,mapbox_geocoding,True
GO,5203401,Bom Jardim de Goiás,Residencial Marques,residencial marques,-16.213289,-52.17367,mapbox_geocoding,True
GO,5203401,Bom Jardim de Goiás,São João Batista,sao joao batista,-16.213289,-52.17367,mapbox_geocoding,True
GO,5203401,Bom Jardim de Goiás,Serra Negra,serra negra,-16.195636,-52.169105,mapbox_geocoding,True
GO,5203401,Bom Jardim de Goiás,Setor Central,setor central,,,brasil_aberto,True
GO,5203500,Bom Jesus de Goiás,Setor Central,setor central,-18.2203094,-49.7350341,brasil_aberto_first_street,True
GO,5203559,Bonfinópolis,Área Rural de Bonfinópolis,area rural de bonfinopolis,-16.621664,-48.96725,mapbox_geocoding,True
GO,5203559,Bonfinópolis,Centro,centro,-16.617618,-48.956786,mapbox_geocoding,True
GO,5203559,Bonfinópolis,Conjunto Campo Belo,conjunto campo belo,-16.611118,-48.952782,mapbox_geocoding,True
GO,5203559,Bonfinópolis,Jardim Ana Amélia,jardim ana amelia,-16.619931,-48.967614,mapbox_geocoding,True
GO,5203559,Bonfinópolis,Jardim Augusto,jardim augusto,-16.619066,-48.971494,mapbox_geocoding,True
GO,5203559,Bonfinópolis,Jardim Santana,jardim santana,-16.624316,-48.966141,mapbox_geocoding,True
GO,5203559,Bonfinópolis,Residencial Campo Belo,residencial campo belo,-16.613813,-48.964638,mapbox_geocoding,True
GO,5203559,Bonfinópolis,Residencial Cristal,residencial cristal,-16.614629,-48.959857,mapbox_geocoding,True
GO,5203559,Bonfinópolis,Residencial Cristal Expansão,residencial cristal expansao,-16.6108,-48.954358,mapbox_geocoding,True
GO,5203559,Bonfinópolis,Setor Alto da Boa Vista,setor alto da boa vista,-16.619327,-48.965833,mapbox_geocoding,True
GO,5203559,Bonfinópolis,Setor Campos Dourados,setor campos dourados,-16.61879,-48.951015,mapbox_geocoding,True
GO,5203559,Bonfinópolis,Setor Central,setor central,,,brasil_aberto,True
GO,5203559,Bonfinópolis,Setor Ferroviário,setor ferroviario,-16.618802,-48.951103,mapbox_geocoding,True
GO,5203559,Bonfinópolis,Setor Juliana,setor juliana,-16.674804,-49.245686,mapbox_geocoding,True
GO,5203559,Bonfinópolis,Setor Walter Paulo II,setor walter paulo ii,-16.621006,-48.972392,mapbox_geocoding,True
GO,5203559,Bonfinópolis,Vila São José,vila sao jose,-16.619327,-48.965833,mapbox_geocoding,True
GO,5203575,Bonópolis,Centro,centro,-13.65115,-49.836603,mapbox_geocoding,True
GO,5203575,Bonópolis,Cruzeiro do Norte,cruzeiro do norte,,,dne,True
GO,5203575,Bonópolis,Setor Central,setor central,,,brasil_aberto,True
GO,5203609,Brazabrantes,Setor Central,setor central,-16.6605219,-49.2742466,brasil_aberto_first_street,True
GO,5203807,Britânia,Área Rural de Britânia,area rural de britania,-15.244454,-51.163723,mapbox_geocoding,True
GO,5203807,Britânia,Barreira Branca,barreira branca,-15.012814,-51.304595,mapbox_geocoding,True
GO,5203807,Britânia,Centro,centro,-15.24528,-51.16413,mapbox_geocoding,True
GO,5203807,Britânia,Circelândia,circelandia,,,dne,True
GO,5203807,Britânia,Condomínio Lago dos Tigres,condominio lago dos tigres,-15.244454,-51.163723,mapbox_geocoding,True
GO,5203807,Britânia,Jardim Planalto,jardim planalto,-15.245545,-51.161181,mapbox_geocoding,True
GO,5203807,Britânia,Residencial Morada do Lago,residencial morada do lago,-15.245545,-51.161181,mapbox_geocoding,True
GO,5203807,Britânia,Setor Aeroporto,setor aeroporto,-15.246598,-51.161928,mapbox_geocoding,True
GO,5203807,Britânia,Setor Central,setor central,,,brasil_aberto,True
GO,5203807,Britânia,Vera Cruz,vera cruz,-15.24528,-51.16413,mapbox_geocoding,True
GO,5203807,Britânia,Vila Esperança,vila esperanca,-15.245545,-51.161181,mapbox_geocoding,True
GO,5203807,Britânia,Vila Goiás,vila goias,-15.24528,-51.16413,mapbox_geocoding,True
GO,5203807,Britânia,Vila Luiz Omar Santana,vila luiz omar santana,-15.245545,-51.161181,mapbox_geocoding,True
GO,5203807,Britânia,Vila Mutirão,vila mutirao,-15.246025,-51.166521,mapbox_geocoding,True
GO,5203807,Britânia,Vila Rica,vila rica,-15.24528,-51.16413,mapbox_geocoding,True
GO,5203807,Britânia,Vila Sebastião P Salgado,vila sebastiao p salgado,-15.246583,-51.161954,mapbox_geocoding,True
GO,5203906,Buriti Alegre,Setor Central,setor central,-18.1410938,-49.0466378,brasil_aberto_first_street,True
GO,5203939,Buriti de Goiás,Setor Central,setor central,-16.1818677,-50.4317529,brasil_aberto_first_street,True
GO,5203962,Buritinópolis,Centro,centro,-14.4581987,-46.4302995,brasil_aberto_first_street,True
GO,5204003,Cabeceiras,Área Rural de Cabeceiras,area rural de cabeceiras,-15.804174,-46.92815,mapbox_geocoding,True
GO,5204003,Cabeceiras,Centro,centro,-15.806428,-46.93391,mapbox_geocoding,True
GO,5204003,Cabeceiras,Enis Machado,enis machado,-15.804915,-46.945738,mapbox_geocoding,True
GO,5204003,Cabeceiras,Jardim das Palmeiras,jardim das palmeiras,-15.806001,-46.933955,mapbox_geocoding,True
GO,5204003,Cabeceiras,Mariano Machado,mariano machado,-15.806428,-46.93391,mapbox_geocoding,True
GO,5204003,Cabeceiras,Nova República,nova republica,-15.811818,-46.888093,mapbox_geocoding,True
GO,5204003,Cabeceiras,Parque João Amélia,parque joao amelia,-15.811818,-46.888093,mapbox_geocoding,True
GO,5204003,Cabeceiras,Parque São João,parque sao joao,-15.805705,-46.925472,mapbox_geocoding,True
GO,5204003,Cabeceiras,Progresso,progresso,-15.811312,-46.935157,mapbox_geocoding,True
GO,5204003,Cabeceiras,Redenção,redencao,-15.805705,-46.925472,mapbox_geocoding,True
GO,5204003,Cabeceiras,Rodovia GO - 346,rodovia go 346,-15.802731,-46.924406,mapbox_geocoding,True
GO,5204003,Cabeceiras,Vila Urucuia,vila urucuia,-15.805705,-46.925472,mapbox_geocoding,True
GO,5204102,Cachoeira Alta,Setor Central,setor central,-18.7609889,-50.94206,brasil_aberto_first_street,True
GO,5204201,Cachoeira de Goiás,Setor Central,setor central,-17.7321335,-49.4764826,brasil_aberto_first_street,True
GO,5204250,Cachoeira Dourada,Almerindonópolis,almerindonopolis,,,dne,True
GO,5204250,Cachoeira Dourada,Área Rural de Cachoeira Dourada,area rural de cachoeira dourada,-18.493168,-49.47666,mapbox_geocoding,True
GO,5204250,Cachoeira Dourada,Centro,centro,-18.497385,-49.684611,mapbox_geocoding,True
GO,5204250,Cachoeira Dourada,Conjunto Antônio Venâncio Ferreira,conjunto antonio venancio ferreira,-18.492336,-49.47792,mapbox_geocoding,True
GO,5204250,Cachoeira Dourada,Nilópolis,nilopolis,,,dne,True
GO,5204250,Cachoeira Dourada,Setor Central,setor central,,,brasil_aberto,True
GO,5204250,Cachoeira Dourada,Setor Nordeste,setor nordeste,-18.492429,-49.472281,mapbox_geocoding,True
GO,5204250,Cachoeira Dourada,Setor Noroeste,setor noroeste,-18.493585,-49.474364,mapbox_geocoding,True
GO,5204250,Cachoeira Dourada,Setor Sudoeste,setor sudoeste,-18.501469,-49.468779,mapbox_geocoding,True
GO,5204250,Cachoeira Dourada,Setor Suleste,setor suleste,-18.501469,-49.468779,mapbox_geocoding,True
GO,5204250,Cachoeira Dourada,Vila Gaguinho,vila gaguinho,-18.491001,-49.478549,mapbox_geocoding,True
GO,5204250,Cachoeira Dourada,Vila Operadora,vila operadora,-18.501469,-49.468779,mapbox_geocoding,True
GO,5204250,Cachoeira Dourada,Vila Operária,vila operaria,-18.500462,-49.476781,mapbox_geocoding,True
GO,5204250,Cachoeira Dourada,Vila Santa Luzia,vila santa luzia,-18.492336,-49.47792,mapbox_geocoding,True
GO,5204250,Cachoeira Dourada,Vila União,vila uniao,-18.491001,-49.478549,mapbox_geocoding,True
GO,5204300,Caçu,Setor Central,setor central,-18.5605117,-51.13041330000001,brasil_aberto_first_street,True
GO,5204409,Caiapônia,Setor Central,setor central,-16.9540643,-51.8100394,brasil_aberto_first_street,True
GO,5204508,Caldas Novas,Anhanguera,anhanguera,-17.7355695,-48.6161893,brasil_aberto_first_street,True
GO,5204508,Caldas Novas,Área Rural de Caldas Novas,area rural de caldas novas,-17.7445191,-48.6250248,brasil_aberto_first_street,True
GO,5204508,Caldas Novas,Bandeirante,bandeirante,-17.7443156,-48.6346531,brasil_aberto_first_street,True
GO,5204508,Caldas Novas,Caldas do Oeste,caldas do oeste,-17.7467288,-48.6077073,brasil_aberto_first_street,True
GO,5204508,Caldas Novas,Centro,centro,-17.7459937,-48.6245178,brasil_aberto_first_street,True
GO,5204508,Caldas Novas,Chácara Roma,chacara roma,-17.7266077,-48.6286508,brasil_aberto_first_street,True
GO,5204508,Caldas Novas,Chácaras Aconchego,chacaras aconchego,-17.783124,-48.5912976,brasil_aberto_first_street,True
GO,5204508,Caldas Novas,Chácaras Itapema,chacaras itapema,-17.7242221,-48.6547379,brasil_aberto_first_street,True
GO,5204508,Caldas Novas,Chácaras Pôr do Sol,chacaras por do sol,-17.774181,-48.577219,mapbox_geocoding,True
GO,5204508,Caldas Novas,Chácaras Primavera,chacaras primavera,-17.7004287,-48.6499359,brasil_aberto_first_street,True
GO,5204508,Caldas Novas,Chácaras Recanto do Lago,chacaras recanto do lago,-17.7557,-48.585495,mapbox_geocoding,True
GO,5204508,Caldas Novas,Chácaras Vereda das Lajes,chacaras vereda das lajes,-17.7568248,-48.6194623,brasil_aberto_first_street,True
GO,5204508,Caldas Novas,Chácaras Virada do Sol,chacaras virada do sol,-17.774181,-48.577219,mapbox_geocoding,True
GO,5204508,Caldas Novas,Cidade das Flores,cidade das flores,-17.776214,-48.626359,mapbox_geocoding,True
GO,5204508,Caldas Novas,Condomínio Àgua Viva,condominio agua viva,-17.7445191,-48.6250248,brasil_aberto_first_street,True
GO,5204508,Caldas Novas,Condomínio Aldeia do Lago Flats e Bangalôs,condominio aldeia do lago flats e bangalos,-17.780378,-48.582533,mapbox_geocoding,True
GO,5204508,Caldas Novas,Condomínio Alphaville-6,condominio alphaville 6,-17.7473128,-48.6247627,brasil_aberto_first_street,True
GO,5204508,Caldas Novas,Condomínio Barra do Pirapitinga,condominio barra do pirapitinga,-17.7445016,-48.5744242,brasil_aberto_first_street,True
GO,5204508,Caldas Novas,Condomínio de Lotes Green Park,condominio de lotes green park,-17.548318,-48.721244,mapbox_geocoding,True
GO,5204508,Caldas Novas,Condomínio Del Fiori,condominio del fiori,-17.7172198,-48.6498162,brasil_aberto_first_street,True
GO,5204508,Caldas Novas,Condomínio Mansões Ilha Bela,condominio mansoes ilha bela,-17.7614794,-48.51461889999999,brasil_aberto_first_street,True
GO,5204508,Caldas Novas,Condomínio Marinas di Caldas,condominio marinas di caldas,,,brasil_aberto,True
GO,5204508,Caldas Novas,Condomínio Morada do Lago,condominio morada do lago,-17.7619109,-48.569001,brasil_aberto_first_street,True
GO,5204508,Caldas Novas,Condomínio Náutico Privê das Caldas,condominio nautico prive das caldas,-17.7764186,-48.5925935,brasil_aberto_first_street,True
GO,5204508,Caldas Novas,Condomínio Residence Rohr,condominio residence rohr,-17.7489239,-48.6334869,brasil_aberto_first_street,True
GO,5204508,Caldas Novas,Condomínio Residencial dos Girassóis,condominio residencial dos girassois,-17.6925722,-48.594004,brasil_aberto_first_street,True
GO,5204508,Caldas Novas,Condomínio Residencial Florença,condominio residencial florenca,-17.7136986,-48.6675185,brasil_aberto_first_street,True
GO,5204508,Caldas Novas,Condomínio Residencial Porto Seguro,condominio residencial porto seguro,-17.7445191,-48.6250248,brasil_aberto_first_street,True
GO,5204508,Caldas Novas,Condomínio Saint Germain,condominio saint germain,-17.7582642,-48.615722,brasil_aberto_first_street,True
GO,5204508,Caldas Novas,Condomínio San Francisco,condominio san francisco,-17.7481382,-48.638399,brasil_aberto_first_street,True
GO,5204508,Caldas Novas,Condomínio Sonho Meu,condominio sonho meu,-17.773259,-48.586253,mapbox_geocoding,True
GO,5204508,Caldas Novas,Conjunto Mara Morena,conjunto mara morena,-17.7459044,-48.61486,brasil_aberto_first_street,True
GO,5204508,Caldas Novas,Das Nações,das nacoes,-17.756744,-48.6192382,brasil_aberto_first_street,True
GO,5204508,Caldas Novas,Distrito Agroindustrial de Caldas Novas,distrito agroindustrial de caldas novas,-17.7582642,-48.615722,brasil_aberto_first_street,True
GO,5204508,Caldas Novas,Do Turista,do turista,-17.7410021,-48.631938,brasil_aberto_first_street,True
GO,5204508,Caldas Novas,Do Turista 2ª Etapa,do turista 2a etapa,-17.7255381,-48.63113,brasil_aberto_first_street,True
GO,5204508,Caldas Novas,Don Felipe,don felipe,-17.7042694,-48.6575066,brasil_aberto_first_street,True
GO,5204508,Caldas Novas,Estância Boa Vista,estancia boa vista,-17.77819,-48.617547,mapbox_geocoding,True
GO,5204508,Caldas Novas,Estância dos Buritis,estancia dos buritis,-17.7404476,-48.6145344,brasil_aberto_first_street,True
GO,5204508,Caldas Novas,Estância Itaguaí,estancia itaguai,-17.7582642,-48.615722,brasil_aberto_first_street,True
GO,5204508,Caldas Novas,Estância Itaici,estancia itaici,-17.7675964,-48.6142352,brasil_aberto_first_street,True
GO,5204508,Caldas Novas,Estância Itajá,estancia itaja,-17.7547696,-48.6177231,brasil_aberto_first_street,True
GO,5204508,Caldas Novas,Estância Itanhangá,estancia itanhanga,-17.7512409,-48.6307412,brasil_aberto_first_street,True
GO,5204508,Caldas Novas,Estância Itapuã,estancia itapua,-17.7508657,-48.6501667,brasil_aberto_first_street,True
GO,5204508,Caldas Novas,Estância Jequitimar,estancia jequitimar,-17.7619133,-48.6134321,brasil_aberto_first_street,True
GO,5204508,Caldas Novas,Estância Tamburi,estancia tamburi,-17.7687447,-48.6062082,brasil_aberto_first_street,True
GO,5204508,Caldas Novas,Fazenda Santo Antônio das Lages,fazenda santo antonio das lages,-17.742876,-48.626747,mapbox_geocoding,True
GO,5204508,Caldas Novas,Green Gardens,green gardens,-17.7445191,-48.6250248,brasil_aberto_first_street,True
GO,5204508,Caldas Novas,Jardim Belvedere,jardim belvedere,-17.7339821,-48.6368594,brasil_aberto_first_street,True
GO,5204508,Caldas Novas,Jardim dos Bougainvilles,jardim dos bougainvilles,-17.775159,-48.594664,mapbox_geocoding,True
GO,5204508,Caldas Novas,Jardim dos Buritis,jardim dos buritis,-17.7454247,-48.6129089,brasil_aberto_first_street,True
GO,5204508,Caldas Novas,Jardim dos Ipês,jardim dos ipes,-17.754412,-48.622665,brasil_aberto_first_street,True
GO,5204508,Caldas Novas,Jardim dos Turistas,jardim dos turistas,-17.7498307,-48.6206477,brasil_aberto_first_street,True
GO,5204508,Caldas Novas,Jardim Esmeralda,jardim esmeralda,-17.7467561,-48.59494249999999,brasil_aberto_first_street,True
GO,5204508,Caldas Novas,Jardim França,jardim franca,-17.7265956,-48.6309436,brasil_aberto_first_street,True
GO,5204508,Caldas Novas,Jardim Hanashiro,jardim hanashiro,-17.756407,-48.6312595,brasil_aberto_first_street,True
GO,5204508,Caldas Novas,Jardim Interlago,jardim interlago,-17.7772118,-48.5961403,brasil_aberto_first_street,True
GO,5204508,Caldas Novas,Jardim Jeriquara,jardim jeriquara,-15.793732,-48.288352,mapbox_geocoding,True
GO,5204508,Caldas Novas,Jardim Jussara,jardim jussara,-15.793732,-48.288352,mapbox_geocoding,True
GO,5204508,Caldas Novas,Jardim Metodista,jardim metodista,-17.7733081,-48.6092948,brasil_aberto_first_street,True
GO,5204508,Caldas Novas,Jardim Paraíso,jardim paraiso,-17.7582642,-48.615722,brasil_aberto_first_street,True
GO,5204508,Caldas Novas,Jardim Park Sul,jardim park sul,-17.7671619,-48.6401316,brasil_aberto_first_street,True
GO,5204508,Caldas Novas,Jardim Privê das Caldas,jardim prive das caldas,-17.7283335,-48.59057139999999,brasil_aberto_first_street,True
GO,5204508,Caldas Novas,Jardim Roma,jardim roma,-17.7502005,-48.6187122,brasil_aberto_first_street,True
GO,5204508,Caldas Novas,Jardim Serrano,jardim serrano,-17.76505,-48.623703,mapbox_geocoding,True
GO,5204508,Caldas Novas,Jardim Tangará,jardim tangara,-17.7385694,-48.5884096,brasil_aberto_first_street,True
GO,5204508,Caldas Novas,Jardim Vitória,jardim vitoria,-17.7480239,-48.5877581,brasil_aberto_first_street,True
GO,5204508,Caldas Novas,Jardins do Lago,jardins do lago,-17.7687447,-48.6062082,brasil_aberto_first_street,True
GO,5204508,Caldas Novas,Junquerlândia,junquerlandia,-17.7136986,-48.6675185,brasil_aberto_first_street,True
GO,5204508,Caldas Novas,Mansões Águas Quentes,mansoes aguas quentes,-17.7047743,-48.6338758,brasil_aberto_first_street,True
GO,5204508,Caldas Novas,Mansões Aldeia do Lago,mansoes aldeia do lago,-17.7737899,-48.5750488,brasil_aberto_first_street,True
GO,5204508,Caldas Novas,Mansões Le Village Blanc,mansoes le village blanc,-17.7582642,-48.615722,brasil_aberto_first_street,True
GO,5204508,Caldas Novas,Mansões Privê do Lago,mansoes prive do lago,-17.7445191,-48.6250248,brasil_aberto_first_street,True
GO,5204508,Caldas Novas,Mansões Recanto da Serra,mansoes recanto da serra,-17.7043935,-48.6171691,brasil_aberto_first_street,True
GO,5204508,Caldas Novas,Mansões Solar do Lago,mansoes solar do lago,-17.7649623,-48.5670053,brasil_aberto_first_street,True
GO,5204508,Caldas Novas,Marina Enseada Residence,marina enseada residence,-17.7772118,-48.5961403,brasil_aberto_first_street,True
GO,5204508,Caldas Novas,Náutico Praia Clube Hotel,nautico praia clube hotel,-17.780378,-48.582533,mapbox_geocoding,True
GO,5204508,Caldas Novas,Nossa Senhora de Fátima,nossa senhora de fatima,-17.7935118,-48.6281728,brasil_aberto_first_street,True
GO,5204508,Caldas Novas,Noua Condomínio Náutico,noua condominio nautico,-17.7746525,-48.5690575,brasil_aberto_first_street,True
GO,5204508,Caldas Novas,Nova Vila,nova vila,-17.7473883,-48.61525,brasil_aberto_first_street,True
GO,5204508,Caldas Novas,Parque das Águas Quentes 2,parque das aguas quentes 2,-17.739499,-48.6315262,brasil_aberto_first_street,True
GO,5204508,Caldas Novas,Parque das Brisas I,parque das brisas i,-17.7444786,-48.6249802,brasil_aberto_first_street,True
GO,5204508,Caldas Novas,Parque das Brisas II,parque das brisas ii,-17.758908,-48.634764,mapbox_geocoding,True
GO,5204508,Caldas Novas,Parque das Brisas III,parque das brisas iii,-17.7444786,-48.6249802,brasil_aberto_first_street,True
GO,5204508,Caldas Novas,Parque das Laranjeiras,parque das laranjeiras,-16.7264091,-49.22547160000001,brasil_aberto_first_street,True
GO,5204508,Caldas Novas,Parque dos Pomares,parque dos pomares,-17.7355695,-48.6161893,brasil_aberto_first_street,True
GO,5204508,Caldas Novas,Parque Flamboyant,parque flamboyant,-17.7598669,-48.5802118,brasil_aberto_first_street,True
GO,5204508,Caldas Novas,Parque Jardim Brasil,parque jardim brasil,-17.73883,-48.6394849,brasil_aberto_first_street,True
GO,5204508,Caldas Novas,Parque Real,parque real,-17.7276891,-48.6044368,brasil_aberto_first_street,True
GO,5204508,Caldas Novas,Parque Residencial Holliday,parque residencial holliday,-17.7436304,-48.5887408,brasil_aberto_first_street,True
GO,5204508,Caldas Novas,Parque Thermas Caldas,parque thermas caldas,-17.7421589,-48.5792957,brasil_aberto_first_street,True
GO,5204508,Caldas Novas,Perímetro Urbano,perimetro urbano,-17.761582,-48.593583,mapbox_geocoding,True
GO,5204508,Caldas Novas,Popular,popular,-17.750198,-48.6100746,brasil_aberto_first_street,True
GO,5204508,Caldas Novas,Portal das Águas Quentes,portal das aguas quentes,-17.7391208,-48.6464068,brasil_aberto_first_street,True
GO,5204508,Caldas Novas,Recanto dos Amigos,recanto dos amigos,-17.7421589,-48.5792957,brasil_aberto_first_street,True
GO,5204508,Caldas Novas,Recanto dos Eucaliptos,recanto dos eucaliptos,-17.7414036,-48.6102971,brasil_aberto_first_street,True
GO,5204508,Caldas Novas,Recanto Passagem do Lago,recanto passagem do lago,-17.7421589,-48.5792957,brasil_aberto_first_street,True
GO,5204508,Caldas Novas,Residencial Aldeia das Thermas,residencial aldeia das thermas,-17.7087848,-48.6588849,brasil_aberto_first_street,True
GO,5204508,Caldas Novas,Residencial Alto da Boa Vista,residencial alto da boa vista,-17.7495455,-48.586663,brasil_aberto_first_street,True
GO,5204508,Caldas Novas,Residencial Caminho do Lago,residencial caminho do lago,-17.743581,-48.5872637,brasil_aberto_first_street,True
GO,5204508,Caldas Novas,Residencial Eldorado Park I,residencial eldorado park i,-17.7568248,-48.6194623,brasil_aberto_first_street,True
GO,5204508,Caldas Novas,Residencial Eldorado Park II,residencial eldorado park ii,-17.7568248,-48.6194623,brasil_aberto_first_street,True
GO,5204508,Caldas Novas,Residencial Jardim Brasília,residencial jardim brasilia,-17.77819,-48.617547,mapbox_geocoding,True
GO,5204508,Caldas Novas,Residencial Konesuk,residencial konesuk,-17.6925722,-48.594004,brasil_aberto_first_street,True
GO,5204508,Caldas Novas,Residencial Lafaiete de Godoi,residencial lafaiete de godoi,-17.7582642,-48.615722,brasil_aberto_first_street,True
GO,5204508,Caldas Novas,Residencial Lago das Aroeiras,residencial lago das aroeiras,-17.7431585,-48.5961386,brasil_aberto_first_street,True
GO,5204508,Caldas Novas,Residencial Lago das Brisas,residencial lago das brisas,-17.7777172,-48.6166073,brasil_aberto_first_street,True
GO,5204508,Caldas Novas,Residencial Lago de Cristal,residencial lago de cristal,-17.7343177,-48.56873479999999,brasil_aberto_first_street,True
GO,5204508,Caldas Novas,Residencial Lago dos Ipês,residencial lago dos ipes,-17.8088138,-48.58377609999999,brasil_aberto_first_street,True
GO,5204508,Caldas Novas,Residencial Morada Nobre,residencial morada nobre,-17.7589789,-48.583721,brasil_aberto_first_street,True
GO,5204508,Caldas Novas,Residencial Nova Canaã,residencial nova canaa,-17.7248353,-48.6461397,brasil_aberto_first_street,True
GO,5204508,Caldas Novas,Residencial Ouro Verde,residencial ouro verde,-17.776271,-48.611683,brasil_aberto_first_street,True
GO,5204508,Caldas Novas,Residencial Paraíso,residencial paraiso,-17.72003,-48.617722,mapbox_geocoding,True
GO,5204508,Caldas Novas,Residencial Portal do Lago,residencial portal do lago,-17.7378598,-48.6282196,brasil_aberto_first_street,True
GO,5204508,Caldas Novas,Residencial Portinari,residencial portinari,-17.73517,-48.569233,mapbox_geocoding,True
GO,5204508,Caldas Novas,Residencial Primavera,residencial primavera,-17.7462199,-48.6239287,brasil_aberto_first_street,True
GO,5204508,Caldas Novas,Residencial Recanto das Águas,residencial recanto das aguas,-17.7445191,-48.6250248,brasil_aberto_first_street,True
GO,5204508,Caldas Novas,Residencial Recanto das Garças,residencial recanto das garcas,-16.643001,-49.3862604,brasil_aberto_first_street,True
GO,5204508,Caldas Novas,Residencial Recanto de Caldas,residencial recanto de caldas,-17.7348381,-48.574498,brasil_aberto_first_street,True
GO,5204508,Caldas Novas,Residencial Recanto do Lago,residencial recanto do lago,-17.7582642,-48.615722,brasil_aberto_first_street,True
GO,5204508,Caldas Novas,Residencial Santa Clara,residencial santa clara,-17.775681,-48.61574650000001,brasil_aberto_first_street,True
GO,5204508,Caldas Novas,Residencial Santa Cruz,residencial santa cruz,-17.7582642,-48.615722,brasil_aberto_first_street,True
GO,5204508,Caldas Novas,Residencial Serra Parque,residencial serra parque,-17.7445191,-48.6250248,brasil_aberto_first_street,True
GO,5204508,Caldas Novas,Residencial Sonho Meu,residencial sonho meu,,,brasil_aberto,True
GO,5204508,Caldas Novas,Residencial Vale da Serra,residencial vale da serra,-17.7723849,-48.6295015,brasil_aberto_first_street,True
GO,5204508,Caldas Novas,Residencial Vale do Sol,residencial vale do sol,-16.2899527,-48.92909909999999,brasil_aberto_first_street,True
GO,5204508,Caldas Novas,Residencial Vera Cruz,residencial vera cruz,-17.7582642,-48.615722,brasil_aberto_first_street,True
GO,5204508,Caldas Novas,Residencial Village,residencial village,-17.7180893,-48.6643585,brasil_aberto_first_street,True
GO,5204508,Caldas Novas,Santa Efigênia,santa efigenia,-17.742731,-48.59592809999999,brasil_aberto_first_street,True
GO,5204508,Caldas Novas,Sapé,sape,,,dne,True
GO,5204508,Caldas Novas,Setor Aeroporto,setor aeroporto,-17.7276891,-48.6044368,brasil_aberto_first_street,True
GO,5204508,Caldas Novas,Setor Alto da Boa Vista,setor alto da boa vista,-17.7582642,-48.615722,brasil_aberto_first_street,True
GO,5204508,Caldas Novas,Setor Bela Vista,setor bela vista,-17.7355695,-48.6161893,brasil_aberto_first_street,True
GO,5204508,Caldas Novas,Setor Itaparica,setor itaparica,-17.7398467,-48.63620179999999,brasil_aberto_first_street,True
GO,5204508,Caldas Novas,Setor Lago Sul,setor lago sul,-17.7548504,-48.5852072,brasil_aberto_first_street,True
GO,5204508,Caldas Novas,Setor Lago Sul II,setor lago sul ii,-17.7557,-48.585495,mapbox_geocoding,True
GO,5204508,Caldas Novas,Setor Lagoa Quente,setor lagoa quente,-17.6946938,-48.6049059,brasil_aberto_first_street,True
GO,5204508,Caldas Novas,Setor Mansões Pirapitinga,setor mansoes pirapitinga,-17.6643131,-48.5836169,brasil_aberto_first_street,True
GO,5204508,Caldas Novas,Setor Oeste,setor oeste,-17.745493,-48.6281571,brasil_aberto_first_street,True
GO,5204508,Caldas Novas,Setor Planalto,setor planalto,-17.7462199,-48.6239287,brasil_aberto_first_street,True
GO,5204508,Caldas Novas,Setor Santo André,setor santo andre,-17.7467471,-48.595648,brasil_aberto_first_street,True
GO,5204508,Caldas Novas,Setor Serrinha,setor serrinha,-17.7582642,-48.615722,brasil_aberto_first_street,True
GO,5204508,Caldas Novas,Setor Universitário,setor universitario,-17.7859297,-48.6108308,brasil_aberto_first_street,True
GO,5204508,Caldas Novas,Sítio de Recreio Pirapitinga,sitio de recreio pirapitinga,-17.7548504,-48.5852072,brasil_aberto_first_street,True
GO,5204508,Caldas Novas,Solar de Caldas Novas,solar de caldas novas,-17.7267057,-48.6291025,brasil_aberto_first_street,True
GO,5204508,Caldas Novas,Termal,termal,-17.7443156,-48.6346531,brasil_aberto_first_street,True
GO,5204508,Caldas Novas,Thermas Veraneio,thermas veraneio,-17.7568248,-48.6194623,brasil_aberto_first_street,True
GO,5204508,Caldas Novas,Vale das Fontes Quentes,vale das fontes quentes,-17.7918589,-48.6309502,brasil_aberto_first_street,True
GO,5204508,Caldas Novas,Vale do Buriti Mirim,vale do buriti mirim,-17.7463663,-48.6194892,brasil_aberto_first_street,True
GO,5204508,Caldas Novas,Vila Matheus,vila matheus,-17.7282116,-48.6516449,brasil_aberto_first_street,True
GO,5204508,Caldas Novas,Vila Morais,vila morais,-17.7400673,-48.6206906,brasil_aberto_first_street,True
GO,5204508,Caldas Novas,Vila Mutirão,vila mutirao,-16.6167948,-49.35389319999999,brasil_aberto_first_street,True
GO,5204508,Caldas Novas,Vila Olegário Pinto,vila olegario pinto,-17.7383469,-48.6208202,brasil_aberto_first_street,True
GO,5204508,Caldas Novas,Vila São José,vila sao jose,-17.7541321,-48.6245961,brasil_aberto_first_street,True
GO,5204508,Caldas Novas,Zeis-2 Jardim Privê das Caldas,zeis 2 jardim prive das caldas,-17.732183,-48.581836,mapbox_geocoding,True
GO,5204557,Caldazinha,Área Rural de Caldazinha,area rural de caldazinha,-16.714357,-49.000694,mapbox_geocoding,True
GO,5204557,Caldazinha,Centro,centro,-16.714145,-49.001162,mapbox_geocoding,True
GO,5204557,Caldazinha,Condomínio Sítios da Sinhá,condominio sitios da sinha,-16.790566,-48.793643,mapbox_geocoding,True
GO,5204557,Caldazinha,Desmembramento Milho Inteiro,desmembramento milho inteiro,-16.717068,-49.000312,mapbox_geocoding,True
GO,5204557,Caldazinha,Desmembramento Milho Inteiro II,desmembramento milho inteiro ii,-16.302666,-48.88727,mapbox_geocoding,True
GO,5204557,Caldazinha,Jardim Boa Vista,jardim boa vista,-17.634147,-47.775806,mapbox_geocoding,True
GO,5204557,Caldazinha,Jardim Primavera,jardim primavera,-16.302666,-48.88727,mapbox_geocoding,True
GO,5204557,Caldazinha,Residencial Araguaia,residencial araguaia,-13.410337,-46.307255,mapbox_geocoding,True
GO,5204557,Caldazinha,Residencial Bom Jardim,residencial bom jardim,-16.717094,-49.000325,mapbox_geocoding,True
GO,5204557,Caldazinha,Residencial Jardins Caldas,residencial jardins caldas,-16.712145,-49.000552,mapbox_geocoding,True
GO,5204557,Caldazinha,Setor Central,setor central,,,brasil_aberto,True
GO,5204557,Caldazinha,Sítios de Recreio Caldazinha,sitios de recreio caldazinha,-16.711255,-49.047121,mapbox_geocoding,True
GO,5204557,Caldazinha,Sítios Recanto do Lago,sitios recanto do lago,-16.711255,-49.047121,mapbox_geocoding,True
GO,5204607,Campestre de Goiás,Setor Central,setor central,-16.7633027,-49.6937529,brasil_aberto_first_street,True
GO,5204656,Campinaçu,Centro,centro,-13.7890883,-48.569785,brasil_aberto_first_street,True
GO,5204656,Campinaçu,Setor Central,setor central,,,brasil_aberto,True
GO,5204706,Campinorte,Área Rural de Campinorte,area rural de campinorte,-14.312963,-49.153652,mapbox_geocoding,True
GO,5204706,Campinorte,Centro,centro,-14.318483,-49.154622,mapbox_geocoding,True
GO,5204706,Campinorte,Colinaçu,colinacu,,,dne,True
GO,5204706,Campinorte,Floripes Martins da Costa,floripes martins da costa,-16.168469,-49.104865,mapbox_geocoding,True
GO,5204706,Campinorte,Loteamento Pinguim,loteamento pinguim,-14.309223,-49.160546,mapbox_geocoding,True
GO,5204706,Campinorte,Nova Campinorte,nova campinorte,-14.312963,-49.153652,mapbox_geocoding,True
GO,5204706,Campinorte,Novo Horizonte,novo horizonte,-14.318483,-49.154622,mapbox_geocoding,True
GO,5204706,Campinorte,Novo Horizonte II,novo horizonte ii,-14.341135,-49.16399,mapbox_geocoding,True
GO,5204706,Campinorte,Parque das Nações,parque das nacoes,-14.318483,-49.154622,mapbox_geocoding,True
GO,5204706,Campinorte,Pereira Campos,pereira campos,-14.318483,-49.154622,mapbox_geocoding,True
GO,5204706,Campinorte,Residencial Dona Nilda,residencial dona nilda,-14.318483,-49.154622,mapbox_geocoding,True
GO,5204706,Campinorte,Residencial Green Park,residencial green park,-14.318483,-49.154622,mapbox_geocoding,True
GO,5204706,Campinorte,Residencial Jardim dos Ipês,residencial jardim dos ipes,-14.312956,-49.149143,mapbox_geocoding,True
GO,5204706,Campinorte,Residencial Mansões,residencial mansoes,-14.318483,-49.154622,mapbox_geocoding,True
GO,5204706,Campinorte,Residencial Novo Horizonte,residencial novo horizonte,-14.312963,-49.153652,mapbox_geocoding,True
GO,5204706,Campinorte,Residencial Pereira,residencial pereira,-14.160164,-49.120724,mapbox_geocoding,True
GO,5204706,Campinorte,Residencial Solaris,residencial solaris,-14.308777,-49.153567,mapbox_geocoding,True
GO,5204706,Campinorte,Rogério Bailona,rogerio bailona,-14.312186,-49.14987,mapbox_geocoding,True
GO,5204706,Campinorte,São Sebastião,sao sebastiao,-14.318483,-49.154622,mapbox_geocoding,True
GO,5204706,Campinorte,Sê Tu Uma Bênção,se tu uma bencao,-14.318483,-49.154622,mapbox_geocoding,True
GO,5204706,Campinorte,Setor Batista,setor batista,-14.308347,-49.156489,mapbox_geocoding,True
GO,5204706,Campinorte,Setor Bonsucesso,setor bonsucesso,-14.318483,-49.154622,mapbox_geocoding,True
GO,5204706,Campinorte,Setor Central,setor central,-14.0781042,-48.970708,brasil_aberto_first_street,True
GO,5204706,Campinorte,Setor Industrial,setor industrial,-14.312956,-49.149143,mapbox_geocoding,True
GO,5204706,Campinorte,Setor Joviano Pinheiro,setor joviano pinheiro,-14.313732,-49.152395,mapbox_geocoding,True
GO,5204706,Campinorte,Setor Maria das Dores de Jesus,setor maria das dores de jesus,-14.299109,-49.151286,mapbox_geocoding,True
GO,5204706,Campinorte,Setor Sul - Vila Esperança,setor sul vila esperanca,-14.318483,-49.154622,mapbox_geocoding,True
GO,5204706,Campinorte,Setor Sul - Vila Nossa Senhora da Guia,setor sul vila nossa senhora da guia,-14.318483,-49.154622,mapbox_geocoding,True
GO,5204706,Campinorte,Terras do Vale,terras do vale,-16.560154,-49.409643,mapbox_geocoding,True
GO,5204706,Campinorte,Vale das Palmeiras,vale das palmeiras,-14.308777,-49.153567,mapbox_geocoding,True
GO,5204706,Campinorte,Vila Benedito Rocha,vila benedito rocha,-14.318483,-49.154622,mapbox_geocoding,True
GO,5204706,Campinorte,Vila Ferrão,vila ferrao,-14.318167,-49.152027,mapbox_geocoding,True
GO,5204706,Campinorte,Vila Januária,vila januaria,-14.31414,-49.152883,mapbox_geocoding,True
GO,5204706,Campinorte,Vila Jordânia,vila jordania,-14.318483,-49.154622,mapbox_geocoding,True
GO,5204706,Campinorte,Vila Marcelândia,vila marcelandia,-14.312186,-49.14987,mapbox_geocoding,True
GO,5204706,Campinorte,Vila Nossa Senhora Aparecida,vila nossa senhora aparecida,-14.318483,-49.154622,mapbox_geocoding,True
GO,5204706,Campinorte,Vila Nova,vila nova,-14.076359,-48.9685,mapbox_geocoding,True
GO,5204706,Campinorte,Vila Santos,vila santos,-14.318483,-49.154622,mapbox_geocoding,True
GO,5204706,Campinorte,Vila São José,vila sao jose,-14.308347,-49.156489,mapbox_geocoding,True
GO,5204706,Campinorte,Vila Silva,vila silva,-14.31228,-49.158456,mapbox_geocoding,True
GO,5204706,Campinorte,Vila Veiga,vila veiga,-14.313732,-49.152395,mapbox_geocoding,True
GO,5204805,Campo Alegre de Goiás,Setor Central,setor central,-17.6356633,-47.780201,brasil_aberto_first_street,True
GO,5204854,Campo Limpo de Goiás,Setor Central,setor central,-16.2977708,-49.0880741,brasil_aberto_first_street,True
GO,5204904,Campos Belos,Setor Aeroporto,setor aeroporto,-13.0405019,-46.7739754,brasil_aberto_first_street,True
GO,5204953,Campos Verdes,Setor Central,setor central,-14.268176,-49.657323,brasil_aberto_first_street,True
GO,5205000,Carmo do Rio Verde,Setor Central,setor central,-15.3527972,-49.70689040000001,brasil_aberto_first_street,True
GO,5205059,Castelândia,Setor Central,setor central,-18.088356,-50.2279231,brasil_aberto_first_street,True
GO,5205109,Catalão,Alto da Boa Vista,alto da boa vista,-18.1750584,-47.9580953,brasil_aberto_first_street,True
GO,5205109,Catalão,Alto da Boa Vista II,alto da boa vista ii,-18.1790684,-47.9654615,brasil_aberto_first_street,True
GO,5205109,Catalão,Área Rural de Catalão,area rural de catalao,-18.1660958,-47.9444845,brasil_aberto_first_street,True
GO,5205109,Catalão,Bairro das Américas,bairro das americas,-18.1565856,-47.9396983,brasil_aberto_first_street,True
GO,5205109,Catalão,Bairro Planejado Parque Cidade,bairro planejado parque cidade,-18.16869,-47.944065,mapbox_geocoding,True
GO,5205109,Catalão,Campo Belo,campo belo,-18.1352225,-47.9131627,brasil_aberto_first_street,True
GO,5205109,Catalão,Castelo Branco,castelo branco,,,brasil_aberto,True
GO,5205109,Catalão,Chácaras do Alvim Netto,chacaras do alvim netto,-18.154597,-47.939646,mapbox_geocoding,True
GO,5205109,Catalão,Chácaras Santa Helena,chacaras santa helena,-18.100183,-47.938517,mapbox_geocoding,True
GO,5205109,Catalão,Condomínio dos Buritis,condominio dos buritis,-18.1451658,-47.9221333,brasil_aberto_first_street,True
GO,5205109,Catalão,Condomínio Paquetá,condominio paqueta,-18.1478701,-47.9223935,brasil_aberto_first_street,True
GO,5205109,Catalão,Condomínio Saudade,condominio saudade,-18.1462008,-47.9444196,brasil_aberto_first_street,True
GO,5205109,Catalão,Distrito Minero Industrial de Catalão,distrito minero industrial de catalao,-18.1751228,-47.9455923,brasil_aberto_first_street,True
GO,5205109,Catalão,Evelina Nour II,evelina nour ii,-18.1420606,-47.9468459,brasil_aberto_first_street,True
GO,5205109,Catalão,Evelina Nour III,evelina nour iii,-18.169771,-47.927702,mapbox_geocoding,True
GO,5205109,Catalão,Fazenda Olaria,fazenda olaria,-18.191279,-47.938832,mapbox_geocoding,True
GO,5205109,Catalão,Goianiense,goianiense,-18.1660958,-47.9444845,brasil_aberto_first_street,True
GO,5205109,Catalão,Harmonia,harmonia,-18.1660958,-47.9444845,brasil_aberto_first_street,True
GO,5205109,Catalão,Humberto de Alencar Castelo Branco,humberto de alencar castelo branco,-18.1886534,-47.9395003,brasil_aberto_first_street,True
GO,5205109,Catalão,Ipanema,ipanema,-18.1494031,-47.9265478,brasil_aberto_first_street,True
GO,5205109,Catalão,Jardim Colonial,jardim colonial,-18.1792322,-47.9356581,brasil_aberto_first_street,True
GO,5205109,Catalão,Jardim Europa,jardim europa,-18.1598898,-47.9675485,brasil_aberto_first_street,True
GO,5205109,Catalão,Jardim Goiás,jardim goias,-18.169771,-47.927702,mapbox_geocoding,True
GO,5205109,Catalão,Jardim Paraíso,jardim paraiso,-18.1672335,-47.9793805,brasil_aberto_first_street,True
GO,5205109,Catalão,Loteamento Ayrton Senna,loteamento ayrton senna,-18.1421352,-47.9607516,brasil_aberto_first_street,True
GO,5205109,Catalão,Loteamento Bela Vista,loteamento bela vista,-18.1933591,-47.9383311,brasil_aberto_first_street,True
GO,5205109,Catalão,Loteamento Boa Sorte,loteamento boa sorte,-18.1632762,-47.95429379999999,brasil_aberto_first_street,True
GO,5205109,Catalão,Loteamento Brasiliense,loteamento brasiliense,-18.1687845,-47.9646361,brasil_aberto_first_street,True
GO,5205109,Catalão,Loteamento Copacabana,loteamento copacabana,-18.1461661,-47.923741,brasil_aberto_first_street,True
GO,5205109,Catalão,Loteamento de Interesse Social Jardim das Acácias,loteamento de interesse social jardim das acacias,-18.1660958,-47.9444845,brasil_aberto_first_street,True
GO,5205109,Catalão,Loteamento de Interesse Social Jardim dos Ipês,loteamento de interesse social jardim dos ipes,-18.1606728,-47.9658252,brasil_aberto_first_street,True
GO,5205109,Catalão,Loteamento Estrela,loteamento estrela,-18.1750781,-47.9426117,brasil_aberto_first_street,True
GO,5205109,Catalão,Loteamento Ipanema,loteamento ipanema,,,brasil_aberto,True
GO,5205109,Catalão,Loteamento Jardim Catalão,loteamento jardim catalao,-18.1849129,-47.9360444,brasil_aberto_first_street,True
GO,5205109,Catalão,Loteamento Jardim Europa,loteamento jardim europa,,,brasil_aberto,True
GO,5205109,Catalão,Loteamento Jardim Evelina Nour,loteamento jardim evelina nour,-18.145673,-47.947853,brasil_aberto_first_street,True
GO,5205109,Catalão,Loteamento Jardim Paraíso,loteamento jardim paraiso,,,brasil_aberto,True
GO,5205109,Catalão,Loteamento Jardim Paulista,loteamento jardim paulista,-18.1660958,-47.9444845,brasil_aberto_first_street,True
GO,5205109,Catalão,Loteamento Jardins Florença,loteamento jardins florenca,-18.1500625,-47.912598,brasil_aberto_first_street,True
GO,5205109,Catalão,Loteamento JK,loteamento jk,-18.1813899,-47.9452454,brasil_aberto_first_street,True
GO,5205109,Catalão,Loteamento Lago das Mansões Silva Leão,loteamento lago das mansoes silva leao,-18.1740313,-47.9335044,brasil_aberto_first_street,True
GO,5205109,Catalão,Loteamento Leão,loteamento leao,-18.168464,-47.931662,brasil_aberto_first_street,True
GO,5205109,Catalão,Loteamento Marcone,loteamento marcone,-18.1982843,-47.92367549999999,brasil_aberto_first_street,True
GO,5205109,Catalão,Loteamento Parque das Mangueiras,loteamento parque das mangueiras,-18.1660429,-47.9633129,brasil_aberto_first_street,True
GO,5205109,Catalão,Loteamento Pontal Norte,loteamento pontal norte,-18.1724285,-47.9206624,brasil_aberto_first_street,True
GO,5205109,Catalão,Loteamento Residencial Alvino Albino,loteamento residencial alvino albino,-18.2156387,-47.9531026,brasil_aberto_first_street,True
GO,5205109,Catalão,Loteamento Residencial Bolanger Bento Rodrigues,loteamento residencial bolanger bento rodrigues,-18.1895674,-47.9445223,brasil_aberto_first_street,True
GO,5205109,Catalão,Loteamento Residencial Cidade Jardim,loteamento residencial cidade jardim,-18.1849129,-47.9360444,brasil_aberto_first_street,True
GO,5205109,Catalão,Loteamento Residencial e Comercial Jardim Athenas,loteamento residencial e comercial jardim athenas,-18.1730187,-47.9585678,brasil_aberto_first_street,True
GO,5205109,Catalão,Loteamento Residencial Jardim Laranjeiras,loteamento residencial jardim laranjeiras,-18.1807727,-47.9515354,brasil_aberto_first_street,True
GO,5205109,Catalão,Loteamento Residencial Maria Amélia,loteamento residencial maria amelia,-18.1933591,-47.9383311,brasil_aberto_first_street,True
GO,5205109,Catalão,Loteamento Residencial Maria Amélia II,loteamento residencial maria amelia ii,-18.2048681,-47.9428768,brasil_aberto_first_street,True
GO,5205109,Catalão,Loteamento Residencial Parque Imperial,loteamento residencial parque imperial,-18.1527834,-47.9528522,brasil_aberto_first_street,True
GO,5205109,Catalão,Loteamento Santa Cruz,loteamento santa cruz,-18.1630604,-47.9293731,brasil_aberto_first_street,True
GO,5205109,Catalão,Loteamento Santa Helena II,loteamento santa helena ii,-18.1650439,-47.9350747,brasil_aberto_first_street,True
GO,5205109,Catalão,Loteamento Santa Terezinha,loteamento santa terezinha,-18.1858229,-47.950117,brasil_aberto_first_street,True
GO,5205109,Catalão,Loteamento São Nicolau,loteamento sao nicolau,-18.1761537,-47.9449515,brasil_aberto_first_street,True
GO,5205109,Catalão,Loteamento Três Cruzes,loteamento tres cruzes,-18.1767592,-47.9505373,brasil_aberto_first_street,True
GO,5205109,Catalão,Loteamento Vale do Sol,loteamento vale do sol,-18.1561098,-47.9600692,brasil_aberto_first_street,True
GO,5205109,Catalão,Loteamento Vila Chaud,loteamento vila chaud,-18.1572931,-47.9345372,brasil_aberto_first_street,True
GO,5205109,Catalão,Loteamento Vila Cruzeiro I,loteamento vila cruzeiro i,-18.1516247,-47.947119,brasil_aberto_first_street,True
GO,5205109,Catalão,Loteamento Vila Cruzeiro II,loteamento vila cruzeiro ii,-18.1551795,-47.9445932,brasil_aberto_first_street,True
GO,5205109,Catalão,Loteamento Vila Planalto,loteamento vila planalto,-18.1724285,-47.9206624,brasil_aberto_first_street,True
GO,5205109,Catalão,Mãe de Deus,mae de deus,-18.1664039,-47.9471914,brasil_aberto_first_street,True
GO,5205109,Catalão,Margon II,margon ii,-18.173287,-47.9611503,brasil_aberto_first_street,True
GO,5205109,Catalão,Margon III,margon iii,-18.173287,-47.9611503,brasil_aberto_first_street,True
GO,5205109,Catalão,Monsenhor Souza,monsenhor souza,-18.1624935,-47.958448,brasil_aberto_first_street,True
GO,5205109,Catalão,Nossa Senhora de Fátima,nossa senhora de fatima,-18.1761409,-47.9362019,brasil_aberto_first_street,True
GO,5205109,Catalão,Novo Horizonte,novo horizonte,-18.1452425,-47.9166176,brasil_aberto_first_street,True
GO,5205109,Catalão,Olhos D'Água,olhos d agua,,,dne,True
GO,5205109,Catalão,Paquetá,paqueta,-18.1461661,-47.923741,brasil_aberto_first_street,True
GO,5205109,Catalão,Pedra Branca,pedra branca,,,dne,True
GO,5205109,Catalão,Pio Gomes,pio gomes,-18.1672857,-47.9543812,brasil_aberto_first_street,True
GO,5205109,Catalão,Pires Belo,pires belo,,,dne,True
GO,5205109,Catalão,Progresso,progresso,-18.1616501,-47.9334169,brasil_aberto_first_street,True
GO,5205109,Catalão,Reserva Campo Belo,reserva campo belo,-18.1565516,-47.9172789,brasil_aberto_first_street,True
GO,5205109,Catalão,Residencial Aliança I,residencial alianca i,-18.1492513,-47.9624839,brasil_aberto_first_street,True
GO,5205109,Catalão,Residencial Barka I,residencial barka i,-18.1565516,-47.9172789,brasil_aberto_first_street,True
GO,5205109,Catalão,Residencial Barka II,residencial barka ii,-18.1565516,-47.9172789,brasil_aberto_first_street,True
GO,5205109,Catalão,Residencial Cidade Jardim,residencial cidade jardim,-18.1660958,-47.9444845,brasil_aberto_first_street,True
GO,5205109,Catalão,Residencial Conquista,residencial conquista,-18.1421352,-47.9607516,brasil_aberto_first_street,True
GO,5205109,Catalão,Residencial Copacabana II,residencial copacabana ii,-18.1352225,-47.9131627,brasil_aberto_first_street,True
GO,5205109,Catalão,Residencial Dona Almerinda,residencial dona almerinda,-18.1660958,-47.9444845,brasil_aberto_first_street,True
GO,5205109,Catalão,Residencial dos Lucas,residencial dos lucas,-18.1539303,-47.9561442,brasil_aberto_first_street,True
GO,5205109,Catalão,Residencial Eldorado,residencial eldorado,-18.1956741,-47.9377932,brasil_aberto_first_street,True
GO,5205109,Catalão,Residencial Geraldo Evangelista da Rocha,residencial geraldo evangelista da rocha,-18.1679983,-47.9478916,brasil_aberto_first_street,True
GO,5205109,Catalão,Residencial Goianiense I,residencial goianiense i,-18.1431238,-47.9180717,brasil_aberto_first_street,True
GO,5205109,Catalão,Residencial Jardim Itália,residencial jardim italia,-18.1565934,-47.9717816,brasil_aberto_first_street,True
GO,5205109,Catalão,Residencial Jardim Paraiso,residencial jardim paraiso,-18.1660958,-47.9444845,brasil_aberto_first_street,True
GO,5205109,Catalão,Residencial Leblon,residencial leblon,-18.1526271,-47.9393711,brasil_aberto_first_street,True
GO,5205109,Catalão,Residencial Liz,residencial liz,-18.1956173,-47.9424312,brasil_aberto_first_street,True
GO,5205109,Catalão,Residencial Morada do Sol,residencial morada do sol,-16.6228978,-49.3239554,brasil_aberto_first_street,True
GO,5205109,Catalão,Residencial Parati,residencial parati,-18.1556594,-47.9550997,brasil_aberto_first_street,True
GO,5205109,Catalão,Residencial Parque dos Buritis,residencial parque dos buritis,-17.8123018,-50.9328316,brasil_aberto_first_street,True
GO,5205109,Catalão,Residencial Pôr do Sol,residencial por do sol,-16.7774033,-49.3456456,brasil_aberto_first_street,True
GO,5205109,Catalão,Residencial Portal do Lago I,residencial portal do lago i,-18.2014068,-47.921277,brasil_aberto_first_street,True
GO,5205109,Catalão,Residencial Portal do Lago II,residencial portal do lago ii,-18.1995406,-47.9320373,brasil_aberto_first_street,True
GO,5205109,Catalão,Residencial Terras de São Marcos,residencial terras de sao marcos,-18.191279,-47.938832,mapbox_geocoding,True
GO,5205109,Catalão,Residencial Vale do Pirapitinga,residencial vale do pirapitinga,-18.1679983,-47.9478916,brasil_aberto_first_street,True
GO,5205109,Catalão,Residencial Vereda dos Buritis,residencial vereda dos buritis,-16.7199506,-49.3437425,brasil_aberto_first_street,True
GO,5205109,Catalão,Residencial Villa Rica,residencial villa rica,-17.931688,-47.763315,mapbox_geocoding,True
GO,5205109,Catalão,Residencial Village,residencial village,-18.1343381,-47.909595,brasil_aberto_first_street,True
GO,5205109,Catalão,Residencial VIllage II,residencial village ii,-18.1660958,-47.9444845,brasil_aberto_first_street,True
GO,5205109,Catalão,Safatle,safatle,-18.1846056,-47.9378476,brasil_aberto_first_street,True
GO,5205109,Catalão,Santa Helena I,santa helena i,-18.164421,-47.9356927,brasil_aberto_first_street,True
GO,5205109,Catalão,Santa Mônica,santa monica,-18.1534101,-47.9218956,brasil_aberto_first_street,True
GO,5205109,Catalão,Santo Antônio,santo antonio,-18.177986,-47.9549836,brasil_aberto_first_street,True
GO,5205109,Catalão,Santo Antônio do Rio Verde,santo antonio do rio verde,,,dne,True
GO,5205109,Catalão,São Francisco,sao francisco,-18.1691373,-47.9404225,brasil_aberto_first_street,True
GO,5205109,Catalão,São João,sao joao,-18.1608866,-47.941476,brasil_aberto_first_street,True
GO,5205109,Catalão,São José,sao jose,-18.1556594,-47.9550997,brasil_aberto_first_street,True
GO,5205109,Catalão,São Lucas,sao lucas,-18.1534101,-47.9218956,brasil_aberto_first_street,True
GO,5205109,Catalão,Setor Aeroporto,setor aeroporto,-18.1440425,-47.917018,brasil_aberto_first_street,True
GO,5205109,Catalão,Setor Central,setor central,-18.1716846,-47.9530653,brasil_aberto_first_street,True
GO,5205109,Catalão,Setor Dona Matilde,setor dona matilde,-18.1647009,-47.915823,brasil_aberto_first_street,True
GO,5205109,Catalão,Setor Dona Sofia,setor dona sofia,-18.1365468,-47.9119695,brasil_aberto_first_street,True
GO,5205109,Catalão,Setor Elias Safatle,setor elias safatle,-18.1589899,-47.952747,brasil_aberto_first_street,True
GO,5205109,Catalão,Setor Flamboyant,setor flamboyant,-18.2009741,-47.9420898,brasil_aberto_first_street,True
GO,5205109,Catalão,Setor Paineiras,setor paineiras,-18.154388,-47.9678107,brasil_aberto_first_street,True
GO,5205109,Catalão,Setor Santa Rita,setor santa rita,-18.1461661,-47.923741,brasil_aberto_first_street,True
GO,5205109,Catalão,Setor Universitário,setor universitario,-18.1567181,-47.9264328,brasil_aberto_first_street,True
GO,5205109,Catalão,Vila Dona Erondina,vila dona erondina,-18.1702638,-47.9766649,brasil_aberto_first_street,True
GO,5205109,Catalão,Vila Liberdade,vila liberdade,-18.1739835,-47.9620285,brasil_aberto_first_street,True
GO,5205109,Catalão,Vila Margon,vila margon,-18.1738136,-47.9603218,brasil_aberto_first_street,True
GO,5205109,Catalão,Vila Maria,vila maria,-18.1662753,-47.9146626,brasil_aberto_first_street,True
GO,5205109,Catalão,Vila Santa Luzia,vila santa luzia,-18.1534101,-47.9218956,brasil_aberto_first_street,True
GO,5205109,Catalão,Vila Teotônio Vilela,vila teotonio vilela,-18.1532863,-47.9536845,brasil_aberto_first_street,True
GO,5205109,Catalão,Vila União,vila uniao,-18.1610354,-47.9571542,brasil_aberto_first_street,True
GO,5205109,Catalão,Vila Wilson Guimarães,vila wilson guimaraes,-18.1534226,-47.9504699,brasil_aberto_first_street,True
GO,5205208,Caturaí,Área Rural de Caturaí,area rural de caturai,-16.44766,-49.492542,mapbox_geocoding,True
GO,5205208,Caturaí,Centro,centro,-16.447728,-49.493295,mapbox_geocoding,True
GO,5205208,Caturaí,Jardim Noroeste,jardim noroeste,-16.448204,-49.494034,mapbox_geocoding,True
GO,5205208,Caturaí,Residencial Interlagos,residencial interlagos,-16.446335,-49.488889,mapbox_geocoding,True
GO,5205208,Caturaí,Residencial Luiz Moreira de Melo,residencial luiz moreira de melo,-16.448056,-49.492041,mapbox_geocoding,True
GO,5205208,Caturaí,Residencial Recanto do Lago,residencial recanto do lago,-16.445688,-49.492871,mapbox_geocoding,True
GO,5205208,Caturaí,Setor Central,setor central,,,brasil_aberto,True
GO,5205208,Caturaí,Setor Dianópolis,setor dianopolis,-16.447847,-49.492544,mapbox_geocoding,True
GO,5205208,Caturaí,Setor Novo Horizonte,setor novo horizonte,-13.027177,-46.755046,mapbox_geocoding,True
GO,5205208,Caturaí,Setor Parque Industrial,setor parque industrial,-16.456771,-49.492924,mapbox_geocoding,True
GO,5205208,Caturaí,Setor Santa Cecília,setor santa cecilia,-16.445879,-49.489386,mapbox_geocoding,True
GO,5205208,Caturaí,Vila Dona Firmina,vila dona firmina,-16.620832,-49.190126,mapbox_geocoding,True
GO,5205208,Caturaí,Vila José Mendonça,vila jose mendonca,-16.448056,-49.492041,mapbox_geocoding,True
GO,5205208,Caturaí,Vila Morato,vila morato,-16.447847,-49.492544,mapbox_geocoding,True
GO,5205307,Cavalcante,Centro,centro,-13.7970136,-47.4564933,brasil_aberto_first_street,True
GO,5205406,Ceres,Área Rural de Ceres,area rural de ceres,-15.306077,-49.59824,mapbox_geocoding,True
GO,5205406,Ceres,Centro,centro,-15.305606,-49.603473,mapbox_geocoding,True
GO,5205406,Ceres,Conjunto Bernardo Sayão,conjunto bernardo sayao,-15.316411,-49.596835,mapbox_geocoding,True
GO,5205406,Ceres,Conjunto Morada Verde,conjunto morada verde,-15.309664,-49.600832,mapbox_geocoding,True
GO,5205406,Ceres,Desdobro Universitário,desdobro universitario,-15.316411,-49.596835,mapbox_geocoding,True
GO,5205406,Ceres,Jardim Bela Vista,jardim bela vista,-15.297352,-49.596368,mapbox_geocoding,True
GO,5205406,Ceres,Jardim Petrópolis,jardim petropolis,-15.299892,-49.596052,mapbox_geocoding,True
GO,5205406,Ceres,Jardim Petrópolis II,jardim petropolis ii,-15.297352,-49.596368,mapbox_geocoding,True
GO,5205406,Ceres,Jardim Sara Ribeiro,jardim sara ribeiro,-15.316411,-49.596835,mapbox_geocoding,True
GO,5205406,Ceres,Jardim Sorriso I,jardim sorriso i,-15.309664,-49.600832,mapbox_geocoding,True
GO,5205406,Ceres,Jardim Sorriso II,jardim sorriso ii,-15.307133,-49.592417,mapbox_geocoding,True
GO,5205406,Ceres,Jardim Suiço I,jardim suico i,-15.30758,-49.590619,mapbox_geocoding,True
GO,5205406,Ceres,Jardim Suiço II,jardim suico ii,-15.30747,-49.590004,mapbox_geocoding,True
GO,5205406,Ceres,Park Bouganville,park bouganville,-15.316411,-49.596835,mapbox_geocoding,True
GO,5205406,Ceres,Recanto das Andorinhas,recanto das andorinhas,-15.309664,-49.600832,mapbox_geocoding,True
GO,5205406,Ceres,Residencial Águas do Vale,residencial aguas do vale,-15.309664,-49.600832,mapbox_geocoding,True
GO,5205406,Ceres,Residencial Aldeia do Vale,residencial aldeia do vale,-16.702003,-49.364305,mapbox_geocoding,True
GO,5205406,Ceres,Residencial Antônio Rabelo,residencial antonio rabelo,-15.155907,-49.495658,mapbox_geocoding,True
GO,5205406,Ceres,Residencial Comercial Tropical,residencial comercial tropical,-15.29907,-49.615116,mapbox_geocoding,True
GO,5205406,Ceres,Residencial Comercial Tropical II,residencial comercial tropical ii,-15.29907,-49.615116,mapbox_geocoding,True
GO,5205406,Ceres,Residencial Green Park,residencial green park,-15.216689,-49.531007,mapbox_geocoding,True
GO,5205406,Ceres,Residencial Machado Correia,residencial machado correia,-15.216689,-49.531007,mapbox_geocoding,True
GO,5205406,Ceres,Residencial Milton Ferreira,residencial milton ferreira,-15.352518,-49.509296,mapbox_geocoding,True
GO,5205406,Ceres,Residencial Pôr do Sol,residencial por do sol,-15.310461,-49.625047,mapbox_geocoding,True
GO,5205406,Ceres,Residencial Primavera,residencial primavera,-15.176225,-49.547352,mapbox_geocoding,True
GO,5205406,Ceres,Residencial Recanto Verde,residencial recanto verde,-15.310461,-49.625047,mapbox_geocoding,True
GO,5205406,Ceres,Setor Ana Terra,setor ana terra,-15.176225,-49.547352,mapbox_geocoding,True
GO,5205406,Ceres,Setor Bela Vista,setor bela vista,-15.316411,-49.596835,mapbox_geocoding,True
GO,5205406,Ceres,Setor Boa Vista,setor boa vista,-15.316411,-49.596835,mapbox_geocoding,True
GO,5205406,Ceres,Setor Bouganville,setor bouganville,-15.116868,-49.501286,mapbox_geocoding,True
GO,5205406,Ceres,Setor Central,setor central,,,brasil_aberto,True
GO,5205406,Ceres,Setor Curumim,setor curumim,-15.316411,-49.596835,mapbox_geocoding,True
GO,5205406,Ceres,Setor Industrial,setor industrial,-15.307133,-49.592417,mapbox_geocoding,True
GO,5205406,Ceres,Setor Nova Vila,setor nova vila,-15.316411,-49.596835,mapbox_geocoding,True
GO,5205406,Ceres,Setor São Francisco,setor sao francisco,-15.313593,-49.595325,mapbox_geocoding,True
GO,5205406,Ceres,Setor Vila Nova,setor vila nova,-15.305606,-49.603473,mapbox_geocoding,True
GO,5205406,Ceres,Vila Cruzeiro,vila cruzeiro,-15.316411,-49.596835,mapbox_geocoding,True
GO,5205406,Ceres,Vila Lions,vila lions,-15.344829,-49.614452,mapbox_geocoding,True
GO,5205406,Ceres,Vila Mutirão,vila mutirao,-15.176225,-49.547352,mapbox_geocoding,True
GO,5205406,Ceres,Vila Nova Esperança,vila nova esperanca,-15.297352,-49.596368,mapbox_geocoding,True
GO,5205406,Ceres,Vila Pedrosa,vila pedrosa,-15.30758,-49.590619,mapbox_geocoding,True
GO,5205406,Ceres,Vila São Patrício,vila sao patricio,-15.316411,-49.596835,mapbox_geocoding,True
GO,5205406,Ceres,Vila Verde,vila verde,-15.316411,-49.596835,mapbox_geocoding,True
GO,5205455,Cezarina,Setor Central,setor central,-16.3289154,-48.9580767,brasil_aberto_first_street,True
GO,5205471,Chapadão do Céu,Campo Verde,campo verde,-18.382748,-52.67669,mapbox_geocoding,True
GO,5205471,Chapadão do Céu,Cantinho do Céu,cantinho do ceu,-18.394072,-52.680401,mapbox_geocoding,True
GO,5205471,Chapadão do Céu,Centro,centro,-18.398559,-52.670926,mapbox_geocoding,True
GO,5205471,Chapadão do Céu,Cidade Jardim,cidade jardim,-18.390332,-52.656879,mapbox_geocoding,True
GO,5205471,Chapadão do Céu,Distrito Comercial,distrito comercial,-18.386317,-52.677024,mapbox_geocoding,True
GO,5205471,Chapadão do Céu,Eldorado,eldorado,-18.382748,-52.67669,mapbox_geocoding,True
GO,5205471,Chapadão do Céu,Expansão,expansao,-18.398559,-52.670926,mapbox_geocoding,True
GO,5205471,Chapadão do Céu,Flor da Terra,flor da terra,-18.391762,-52.658232,mapbox_geocoding,True
GO,5205471,Chapadão do Céu,Jardim Acalanto,jardim acalanto,-18.383029,-52.671817,mapbox_geocoding,True
GO,5205471,Chapadão do Céu,Morada do Sol,morada do sol,-18.398559,-52.670926,mapbox_geocoding,True
GO,5205471,Chapadão do Céu,Morada Nova,morada nova,-18.387468,-52.677261,mapbox_geocoding,True
GO,5205471,Chapadão do Céu,Nova Esperança,nova esperanca,-18.389136,-52.676479,mapbox_geocoding,True
GO,5205471,Chapadão do Céu,Novo Horizonte,novo horizonte,-18.398559,-52.670926,mapbox_geocoding,True
GO,5205471,Chapadão do Céu,Portal do Parque,portal do parque,-18.394587,-52.667458,mapbox_geocoding,True
GO,5205471,Chapadão do Céu,Quincas,quincas,-18.389136,-52.676479,mapbox_geocoding,True
GO,5205471,Chapadão do Céu,Ragagnin,ragagnin,-18.389136,-52.676479,mapbox_geocoding,True
GO,5205471,Chapadão do Céu,Setor Central,setor central,,,brasil_aberto,True
GO,5205471,Chapadão do Céu,Setor Industrial,setor industrial,-18.359671,-52.736408,mapbox_geocoding,True
GO,5205471,Chapadão do Céu,Sol Nascente,sol nascente,-18.389638,-52.663146,mapbox_geocoding,True
GO,5205471,Chapadão do Céu,Terra Nova,terra nova,-18.394587,-52.667458,mapbox_geocoding,True
GO,5205471,Chapadão do Céu,Vale dos Ipês,vale dos ipes,-18.389136,-52.676479,mapbox_geocoding,True
GO,5205471,Chapadão do Céu,Zona Rural,zona rural,-18.394587,-52.667458,mapbox_geocoding,True
GO,5205497,Cidade Ocidental,Alphaville Brasília,alphaville brasilia,-16.1028119,-47.9481204,brasil_aberto_first_street,True
GO,5205497,Cidade Ocidental,Área Rural de Cidade Ocidental,area rural de cidade ocidental,-16.102852,-47.9481186,brasil_aberto_first_street,True
GO,5205497,Cidade Ocidental,Bela Vitá,bela vita,-16.073962,-47.9895899,brasil_aberto_first_street,True
GO,5205497,Cidade Ocidental,Centro,centro,-16.102852,-47.9481186,brasil_aberto_first_street,True
GO,5205497,Cidade Ocidental,Centro Comercial Remanso,centro comercial remanso,-16.0939349,-47.9490259,brasil_aberto_first_street,True
GO,5205497,Cidade Ocidental,Colina Verde,colina verde,-16.073962,-47.9895899,brasil_aberto_first_street,True
GO,5205497,Cidade Ocidental,Dom Bosco,dom bosco,-16.0785728,-47.9183838,brasil_aberto_first_street,True
GO,5205497,Cidade Ocidental,Jardim ABC,jardim abc,-16.051092,-47.911775,mapbox_geocoding,True
GO,5205497,Cidade Ocidental,Jardim ABC de Goiás,jardim abc de goias,,,dne,True
GO,5205497,Cidade Ocidental,Jardim das Oliveiras,jardim das oliveiras,-16.0818463,-47.9202156,brasil_aberto_first_street,True
GO,5205497,Cidade Ocidental,Jardim Edite,jardim edite,-16.0818463,-47.9202156,brasil_aberto_first_street,True
GO,5205497,Cidade Ocidental,Jardim Ouro Verde,jardim ouro verde,-16.0622043,-47.8242149,brasil_aberto_first_street,True
GO,5205497,Cidade Ocidental,Jardim Satélite,jardim satelite,-16.0818463,-47.9202156,brasil_aberto_first_street,True
GO,5205497,Cidade Ocidental,Mansões Recreio Estrela D'Alva I,mansoes recreio estrela d alva i,-16.0904048,-47.9480065,brasil_aberto_first_street,True
GO,5205497,Cidade Ocidental,Mansões Recreio Estrela D'Alva III,mansoes recreio estrela d alva iii,-16.0884625,-47.9385185,brasil_aberto_first_street,True
GO,5205497,Cidade Ocidental,Mansões Recreio Mossoró,mansoes recreio mossoro,-16.073962,-47.9895899,brasil_aberto_first_street,True
GO,5205497,Cidade Ocidental,Mansões Suleste,mansoes suleste,-16.0997671,-47.9341889,brasil_aberto_first_street,True
GO,5205497,Cidade Ocidental,Mansões Suleste I,mansoes suleste i,-16.073962,-47.9895899,brasil_aberto_first_street,True
GO,5205497,Cidade Ocidental,Morada das Garças,morada das garcas,-16.1112189,-47.9253539,brasil_aberto_first_street,True
GO,5205497,Cidade Ocidental,Ocidental Parque,ocidental parque,-16.119496,-47.93778349999999,brasil_aberto_first_street,True
GO,5205497,Cidade Ocidental,Parque Araguari,parque araguari,-16.07175,-47.9815054,brasil_aberto_first_street,True
GO,5205497,Cidade Ocidental,Parque das Américas,parque das americas,-16.0555537,-47.8144862,brasil_aberto_first_street,True
GO,5205497,Cidade Ocidental,Parque Nápolis A,parque napolis a,-16.073962,-47.9895899,brasil_aberto_first_street,True
GO,5205497,Cidade Ocidental,Parque Nápolis B,parque napolis b,-16.0718555,-47.9713778,brasil_aberto_first_street,True
GO,5205497,Cidade Ocidental,Parque Nova Friburgo A,parque nova friburgo a,-16.073962,-47.9895899,brasil_aberto_first_street,True
GO,5205497,Cidade Ocidental,Parque Nova Friburgo B,parque nova friburgo b,-16.073962,-47.9895899,brasil_aberto_first_street,True
GO,5205497,Cidade Ocidental,Quintas Itapuã,quintas itapua,-16.102852,-47.9481186,brasil_aberto_first_street,True
GO,5205497,Cidade Ocidental,Residencial e Comercial Damha,residencial e comercial damha,-16.0759788,-47.8197607,brasil_aberto_first_street,True
GO,5205497,Cidade Ocidental,Residencial Villa Suiça,residencial villa suica,-16.05083,-47.92054,brasil_aberto_first_street,True
GO,5205497,Cidade Ocidental,São Mateus,sao mateus,-16.0796507,-47.9362883,brasil_aberto_first_street,True
GO,5205513,Cocalzinho de Goiás,Cidade dos Pirineus,cidade dos pirineus,-15.7785454,-48.7673311,brasil_aberto_first_street,True
GO,5205513,Cocalzinho de Goiás,Edilândia,edilandia,-15.7776801,-48.5383217,brasil_aberto_first_street,True
GO,5205513,Cocalzinho de Goiás,Girassol,girassol,-15.7352054,-48.4066777,brasil_aberto_first_street,True
GO,5205521,Colinas do Sul,Centro,centro,-14.1485273,-48.0766771,brasil_aberto_first_street,True
GO,5205521,Colinas do Sul,Terra Indígena Avá-Canoeiro,terra indigena ava canoeiro,,,dne,True
GO,5205521,Colinas do Sul,Vila Borba,vila borba,,,dne,True
GO,5205703,Córrego do Ouro,Área Rural de Córrego do Ouro,area rural de corrego do ouro,-16.334242,-50.59307,mapbox_geocoding,True
GO,5205703,Córrego do Ouro,Centro,centro,-16.296357,-50.554283,mapbox_geocoding,True
GO,5205703,Córrego do Ouro,Luiz Humberto,luiz humberto,-16.295486,-50.53532,mapbox_geocoding,True
GO,5205703,Córrego do Ouro,Luiz Humberto III,luiz humberto iii,-16.295904,-50.551385,mapbox_geocoding,True
GO,5205703,Córrego do Ouro,Luiz Humberto IV,luiz humberto iv,-16.295486,-50.53532,mapbox_geocoding,True
GO,5205703,Córrego do Ouro,Setor Bela Vista,setor bela vista,-16.299262,-50.550296,mapbox_geocoding,True
GO,5205703,Córrego do Ouro,Setor Central,setor central,,,brasil_aberto,True
GO,5205703,Córrego do Ouro,Vila Maria Angélica,vila maria angelica,-16.299262,-50.550296,mapbox_geocoding,True
GO,5205802,Corumbá de Goiás,Centro,centro,-15.9250112,-48.8070909,brasil_aberto_first_street,True
GO,5205901,Corumbaíba,Setor Central,setor central,-18.1418696,-48.56326180000001,brasil_aberto_first_street,True
GO,5206206,Cristalina,Campos Lindos,campos lindos,,,dne,True
GO,5206206,Cristalina,Centro,centro,-16.7629034,-47.6093096,brasil_aberto_first_street,True
GO,5206206,Cristalina,Mansões Marajó Gleba D,mansoes marajo gleba d,-16.7631855,-47.6083681,brasil_aberto_first_street,True
GO,5206305,Cristianópolis,Área Rural de Cristianópolis,area rural de cristianopolis,-17.197586,-48.70554,mapbox_geocoding,True
GO,5206305,Cristianópolis,Centro,centro,-17.198013,-48.707057,mapbox_geocoding,True
GO,5206305,Cristianópolis,Conjunto Adolfo Pereira de Castro,conjunto adolfo pereira de castro,-14.498304,-46.114689,mapbox_geocoding,True
GO,5206305,Cristianópolis,Conjunto Habitacional Olival Alves Ribeiro,conjunto habitacional olival alves ribeiro,-17.202491,-48.707653,mapbox_geocoding,True
GO,5206305,Cristianópolis,Conjunto Morada do Sul,conjunto morada do sul,-17.213845,-48.708874,mapbox_geocoding,True
GO,5206305,Cristianópolis,Loteamento Morada do Sul,loteamento morada do sul,-17.198013,-48.707057,mapbox_geocoding,True
GO,5206305,Cristianópolis,Palestina,palestina,-17.200756,-48.704067,mapbox_geocoding,True
GO,5206305,Cristianópolis,Residencial Portal do Valle,residencial portal do valle,-17.197586,-48.70554,mapbox_geocoding,True
GO,5206305,Cristianópolis,Setor Aeroporto,setor aeroporto,-18.145451,-47.920974,mapbox_geocoding,True
GO,5206305,Cristianópolis,Setor Arco Iris,setor arco iris,-17.202491,-48.707653,mapbox_geocoding,True
GO,5206305,Cristianópolis,Setor Central,setor central,,,brasil_aberto,True
GO,5206305,Cristianópolis,Setor da Mata,setor da mata,-15.80724,-46.921221,mapbox_geocoding,True
GO,5206305,Cristianópolis,Setor dos Lagos,setor dos lagos,-17.204118,-48.707611,mapbox_geocoding,True
GO,5206305,Cristianópolis,Setor Floresta,setor floresta,-17.198013,-48.707057,mapbox_geocoding,True
GO,5206305,Cristianópolis,Setor José Bento da Cunha Neto,setor jose bento da cunha neto,-17.195371,-48.710141,mapbox_geocoding,True
GO,5206305,Cristianópolis,Vila Brasinópolis,vila brasinopolis,-17.195142,-48.710966,mapbox_geocoding,True
GO,5206305,Cristianópolis,Vila Mutirão,vila mutirao,-17.195791,-48.712306,mapbox_geocoding,True
GO,5206404,Crixás,Auriverde,auriverde,,,dne,True
GO,5206404,Crixás,Setor Central,setor central,-14.5347046,-49.9605779,brasil_aberto_first_street,True
GO,5206503,Cromínia,Área Rural de Cromínia,area rural de crominia,-17.28736,-49.381268,mapbox_geocoding,True
GO,5206503,Cromínia,Bairro Feliz,bairro feliz,-17.28701,-49.380011,mapbox_geocoding,True
GO,5206503,Cromínia,Castelo Branco,castelo branco,-17.28701,-49.380011,mapbox_geocoding,True
GO,5206503,Cromínia,Centro,centro,-17.28701,-49.380011,mapbox_geocoding,True
GO,5206503,Cromínia,Jardim Ipê,jardim ipe,-17.283908,-49.387943,mapbox_geocoding,True
GO,5206503,Cromínia,Morada Nova,morada nova,-17.288231,-49.37896,mapbox_geocoding,True
GO,5206503,Cromínia,Planura Verde,planura verde,-17.288879,-49.369318,mapbox_geocoding,True
GO,5206503,Cromínia,Ronelândia,ronelandia,,,dne,True
GO,5206503,Cromínia,Setor Central,setor central,,,brasil_aberto,True
GO,5206503,Cromínia,Setor JK,setor jk,-17.28701,-49.380011,mapbox_geocoding,True
GO,5206503,Cromínia,Setor Oeste,setor oeste,-17.28701,-49.380011,mapbox_geocoding,True
GO,5206503,Cromínia,Setor Sul,setor sul,-17.288331,-49.380732,mapbox_geocoding,True
GO,5206503,Cromínia,Vila Jatobá,vila jatoba,-17.288331,-49.380732,mapbox_geocoding,True
GO,5206503,Cromínia,Vila Mutirão,vila mutirao,-17.288231,-49.37896,mapbox_geocoding,True
GO,5206602,Cumari,Área Rural de Cumari,area rural de cumari,-18.265316,-48.150383,mapbox_geocoding,True
GO,5206602,Cumari,Bela Vista,bela vista,-18.268267,-48.148786,mapbox_geocoding,True
GO,5206602,Cumari,Centro,centro,-18.260512,-48.151477,mapbox_geocoding,True
GO,5206602,Cumari,Jardim Agapito,jardim agapito,-18.265316,-48.150383,mapbox_geocoding,True
GO,5206602,Cumari,Jardim das Rosas,jardim das rosas,-18.264726,-48.152523,mapbox_geocoding,True
GO,5206602,Cumari,Nova Era I,nova era i,-18.266111,-48.147996,mapbox_geocoding,True
GO,5206602,Cumari,Nova Era II,nova era ii,-18.263287,-48.156546,mapbox_geocoding,True
GO,5206602,Cumari,Setor Aeroporto,setor aeroporto,-18.266111,-48.147996,mapbox_geocoding,True
GO,5206602,Cumari,Setor Central,setor central,,,brasil_aberto,True
GO,5206602,Cumari,Vila Mutirão,vila mutirao,-17.333227,-49.926226,mapbox_geocoding,True
GO,5206701,Damianópolis,Centro,centro,-14.5648065,-46.1780736,brasil_aberto_first_street,True
GO,5206800,Damolândia,Área Rural de Damolândia,area rural de damolandia,-16.254805,-49.370323,mapbox_geocoding,True
GO,5206800,Damolândia,Centro,centro,-16.254211,-49.362779,mapbox_geocoding,True
GO,5206800,Damolândia,Jardim Esperança,jardim esperanca,-16.254775,-49.362514,mapbox_geocoding,True
GO,5206800,Damolândia,Jardim Esperança II,jardim esperanca ii,-16.255956,-49.361932,mapbox_geocoding,True
GO,5206800,Damolândia,Jardim Esperança III,jardim esperanca iii,-16.254775,-49.362514,mapbox_geocoding,True
GO,5206800,Damolândia,Residencial Nova Lima,residencial nova lima,-16.254805,-49.370323,mapbox_geocoding,True
GO,5206800,Damolândia,Setor Central,setor central,,,brasil_aberto,True
GO,5206800,Damolândia,Setor Sol Nascente,setor sol nascente,-14.545191,-49.974617,mapbox_geocoding,True
GO,5206800,Damolândia,Vila Antonio Dâmaso,vila antonio damaso,-16.251583,-49.365275,mapbox_geocoding,True
GO,5206800,Damolândia,Vila Mineira,vila mineira,-16.254805,-49.370323,mapbox_geocoding,True
GO,5206800,Damolândia,Vila São Sebastião,vila sao sebastiao,-16.254211,-49.362779,mapbox_geocoding,True
GO,5206909,Davinópolis,Setor Central,setor central,-18.1509545,-47.5630345,brasil_aberto_first_street,True
GO,5207105,Diorama,Área Rural de Diorama,area rural de diorama,-16.234613,-51.258606,mapbox_geocoding,True
GO,5207105,Diorama,Beira Rio,beira rio,,,dne,True
GO,5207105,Diorama,Caiapó,caiapo,,,dne,True
GO,5207105,Diorama,Centro,centro,-16.235364,-51.258523,mapbox_geocoding,True
GO,5207105,Diorama,Expansão José Cândido de Queiroz,expansao jose candido de queiroz,-16.235364,-51.258523,mapbox_geocoding,True
GO,5207105,Diorama,José Cândido de Queiroz,jose candido de queiroz,-16.235364,-51.258523,mapbox_geocoding,True
GO,5207105,Diorama,Papira,papira,,,dne,True
GO,5207105,Diorama,Setor Central,setor central,,,brasil_aberto,True
GO,5207105,Diorama,Vila Geraldo Vaz,vila geraldo vaz,-16.230846,-51.259773,mapbox_geocoding,True
GO,5207105,Diorama,Vila Morar Melhor,vila morar melhor,-16.235364,-51.258523,mapbox_geocoding,True
GO,5207253,Doverlândia,Setor Central,setor central,-16.7212084,-52.31608860000001,brasil_aberto_first_street,True
GO,5207352,Edealina,Setor Central,setor central,-16.6716683,-49.2562665,brasil_aberto_first_street,True
GO,5207402,Edéia,Área Rural de Edéia,area rural de edeia,-17.340559,-49.927235,mapbox_geocoding,True
GO,5207402,Edéia,Centro,centro,-17.339781,-49.928173,mapbox_geocoding,True
GO,5207402,Edéia,Jardim Eldorado,jardim eldorado,-17.337756,-49.916744,mapbox_geocoding,True
GO,5207402,Edéia,Loteamento Sandoval,loteamento sandoval,-17.349968,-49.916398,mapbox_geocoding,True
GO,5207402,Edéia,Residencial Bougainville,residencial bougainville,-17.3352,-49.904355,mapbox_geocoding,True
GO,5207402,Edéia,Residencial Samambaia,residencial samambaia,-17.340158,-49.93123,mapbox_geocoding,True
GO,5207402,Edéia,Residencial São Lourenço,residencial sao lourenco,-17.144985,-50.003481,mapbox_geocoding,True
GO,5207402,Edéia,Setor Aeroporto,setor aeroporto,-17.336037,-49.9181,mapbox_geocoding,True
GO,5207402,Edéia,Setor Alegrete,setor alegrete,-17.339393,-49.924288,mapbox_geocoding,True
GO,5207402,Edéia,Setor Alto da Boa Vista,setor alto da boa vista,-17.41952,-49.665232,mapbox_geocoding,True
GO,5207402,Edéia,Setor Central,setor central,,,brasil_aberto,True
GO,5207402,Edéia,Setor Cibrazém,setor cibrazem,-17.340559,-49.927235,mapbox_geocoding,True
GO,5207402,Edéia,Setor Elite,setor elite,-17.42147,-49.663575,mapbox_geocoding,True
GO,5207402,Edéia,Setor Estrela Dalva,setor estrela dalva,-19.969071,-44.205613,mapbox_geocoding,True
GO,5207402,Edéia,Setor Fênix,setor fenix,-17.332105,-49.929206,mapbox_geocoding,True
GO,5207402,Edéia,Setor Fênix II,setor fenix ii,-17.332105,-49.929206,mapbox_geocoding,True
GO,5207402,Edéia,Setor JK,setor jk,-17.339781,-49.928173,mapbox_geocoding,True
GO,5207402,Edéia,Setor Recanto dos Pássaros,setor recanto dos passaros,-17.337978,-49.92288,mapbox_geocoding,True
GO,5207402,Edéia,Setor Vale do Sol,setor vale do sol,-17.422385,-49.66458,mapbox_geocoding,True
GO,5207402,Edéia,Setor Vale do Sol II,setor vale do sol ii,-17.339781,-49.928173,mapbox_geocoding,True
GO,5207402,Edéia,Solar Park Ipanema,solar park ipanema,-17.329049,-49.91852,mapbox_geocoding,True
GO,5207402,Edéia,Vila Almeida,vila almeida,-17.341509,-49.925686,mapbox_geocoding,True
GO,5207402,Edéia,Vila Santana,vila santana,-17.338892,-49.923863,mapbox_geocoding,True
GO,5207501,Estrela do Norte,Setor Central,setor central,-13.8679377,-49.071057,brasil_aberto_first_street,True
GO,5207535,Faina,Caiçara,caicara,,,dne,True
GO,5207535,Faina,Jeroaquara,jeroaquara,,,dne,True
GO,5207535,Faina,Setor Central,setor central,-15.4462979,-50.3626413,brasil_aberto_first_street,True
GO,5207600,Fazenda Nova,Bacilândia,bacilandia,,,dne,True
GO,5207600,Fazenda Nova,Serra Dourada,serra dourada,,,dne,True
GO,5207600,Fazenda Nova,Setor Central,setor central,-16.187139,-50.7786412,brasil_aberto_first_street,True
GO,5207808,Firminópolis,Setor Central,setor central,-16.5827161,-50.3072873,brasil_aberto_first_street,True
GO,5207907,Flores de Goiás,Centro,centro,-14.4574434,-47.0388527,brasil_aberto_first_street,True
GO,5207907,Flores de Goiás,Nova Flores,nova flores,-14.4608904,-47.0374571,brasil_aberto_first_street,True
GO,5207907,Flores de Goiás,Santa Maria,santa maria,,,dne,True
GO,5207907,Flores de Goiás,São Vicente,sao vicente,,,brasil_aberto,True
GO,5207907,Flores de Goiás,Setor Centro,setor centro,,,brasil_aberto,True
GO,5208004,Formosa,3º Setor Industrial,3o setor industrial,-15.531685,-47.34912070000001,brasil_aberto_first_street,True
GO,5208004,Formosa,Abreu,abreu,-15.5480171,-47.3448082,brasil_aberto_first_street,True
GO,5208004,Formosa,Área Rural de Formosa,area rural de formosa,-15.540641,-47.33571,brasil_aberto_first_street,True
GO,5208004,Formosa,Bezerra,bezerra,-15.4905119,-47.104581,brasil_aberto_first_street,True
GO,5208004,Formosa,Centro,centro,-15.5524247,-47.3378784,brasil_aberto_first_street,True
GO,5208004,Formosa,Chácaras do Abreu,chacaras do abreu,,,brasil_aberto,True
GO,5208004,Formosa,Chácaras Setor Abreu,chacaras setor abreu,-15.555388,-47.3519343,brasil_aberto_first_street,True
GO,5208004,Formosa,Conjunto Padre José,conjunto padre jose,-15.5554815,-47.3388396,brasil_aberto_first_street,True
GO,5208004,Formosa,Distrito Agroindustrial de Formosa,distrito agroindustrial de formosa,-14.821668,-46.578649,mapbox_geocoding,True
GO,5208004,Formosa,Formosinha,formosinha,-15.5480085,-47.3155431,brasil_aberto_first_street,True
GO,5208004,Formosa,Iris Village,iris village,-15.5427397,-47.3440447,brasil_aberto_first_street,True
GO,5208004,Formosa,Jardim Califórnia,jardim california,-15.5459815,-47.3239695,brasil_aberto_first_street,True
GO,5208004,Formosa,Jardim das Américas,jardim das americas,-15.5456772,-47.3503489,brasil_aberto_first_street,True
GO,5208004,Formosa,Jardim Ipê,jardim ipe,-15.535984,-47.3223237,brasil_aberto_first_street,True
GO,5208004,Formosa,Jardim Oliveira,jardim oliveira,-15.5336015,-47.3098817,brasil_aberto_first_street,True
GO,5208004,Formosa,Jardim Triângulo,jardim triangulo,-15.5444756,-47.3156741,brasil_aberto_first_street,True
GO,5208004,Formosa,JK,jk,-14.805188,-46.25262,mapbox_geocoding,True
GO,5208004,Formosa,Lagoa dos Santos,lagoa dos santos,-6.177992,-36.577552,mapbox_geocoding,True
GO,5208004,Formosa,Loteamento Vale do Paranã,loteamento vale do parana,-15.538762,-47.303065,mapbox_geocoding,True
GO,5208004,Formosa,Loteamento Zona Livre,loteamento zona livre,-15.545401,-47.325546,mapbox_geocoding,True
GO,5208004,Formosa,Nova Formosa,nova formosa,-15.5279943,-47.3086034,brasil_aberto_first_street,True
GO,5208004,Formosa,Núcleo Habitacional Santa Rosa,nucleo habitacional santa rosa,-15.5261139,-47.3350014,brasil_aberto_first_street,True
GO,5208004,Formosa,Parque da Colina I,parque da colina i,-15.5275292,-47.3137598,brasil_aberto_first_street,True
GO,5208004,Formosa,Parque da Colina II,parque da colina ii,-15.5396485,-47.2992583,brasil_aberto_first_street,True
GO,5208004,Formosa,Parque das Laranjeiras,parque das laranjeiras,-15.5286524,-47.3444959,brasil_aberto_first_street,True
GO,5208004,Formosa,Parque Dom Bosco,parque dom bosco,-15.5261139,-47.3350014,brasil_aberto_first_street,True
GO,5208004,Formosa,Parque Esmeralda,parque esmeralda,-15.5476224,-47.32815,brasil_aberto_first_street,True
GO,5208004,Formosa,Parque Formosense,parque formosense,-16.298003,-48.968044,mapbox_geocoding,True
GO,5208004,Formosa,Parque Lago,parque lago,-15.5714861,-47.3342436,brasil_aberto_first_street,True
GO,5208004,Formosa,Parque Laguna,parque laguna,-16.089564,-47.98519,mapbox_geocoding,True
GO,5208004,Formosa,Parque Laguna II,parque laguna ii,-15.5541393,-47.3109171,brasil_aberto_first_street,True
GO,5208004,Formosa,Parque São Francisco,parque sao francisco,,,brasil_aberto,True
GO,5208004,Formosa,Parque São Francisco de Assis,parque sao francisco de assis,-15.5736586,-47.3119813,brasil_aberto_first_street,True
GO,5208004,Formosa,Parque Serrano,parque serrano,-15.5525299,-47.3640896,brasil_aberto_first_street,True
GO,5208004,Formosa,Parque União,parque uniao,-15.5598055,-47.3431037,brasil_aberto_first_street,True
GO,5208004,Formosa,Parque Vila Verde,parque vila verde,-15.5390032,-47.3009293,brasil_aberto_first_street,True
GO,5208004,Formosa,Residencial Jardim Planalto,residencial jardim planalto,-15.540641,-47.33571,brasil_aberto_first_street,True
GO,5208004,Formosa,Residencial Santa Rosa,residencial santa rosa,-15.5513741,-47.3490091,brasil_aberto_first_street,True
GO,5208004,Formosa,Rosa Maria,rosa maria,-15.5268309,-47.311807,brasil_aberto_first_street,True
GO,5208004,Formosa,Santa Rosa,santa rosa,-15.091426,-47.187772,mapbox_geocoding,True
GO,5208004,Formosa,São Benedito,sao benedito,-15.5671839,-47.3335653,brasil_aberto_first_street,True
GO,5208004,Formosa,São Nicolau,sao nicolau,-15.534231,-47.329119,mapbox_geocoding,True
GO,5208004,Formosa,São Vicente,sao vicente,-15.5403419,-47.327877,brasil_aberto_first_street,True
GO,5208004,Formosa,Setor Bela Vista,setor bela vista,-15.5368487,-47.2981463,brasil_aberto_first_street,True
GO,5208004,Formosa,Setor Bosque,setor bosque,-15.5553655,-47.3404219,brasil_aberto_first_street,True
GO,5208004,Formosa,Setor Bosque II,setor bosque ii,-15.5553991,-47.3404462,brasil_aberto_first_street,True
GO,5208004,Formosa,Setor de Chácaras Sul,setor de chacaras sul,-15.5403419,-47.327877,brasil_aberto_first_street,True
GO,5208004,Formosa,Setor Ferroviário,setor ferroviario,-15.5331049,-47.3410201,brasil_aberto_first_street,True
GO,5208004,Formosa,Setor Imperatriz,setor imperatriz,-15.5325252,-47.3467396,brasil_aberto_first_street,True
GO,5208004,Formosa,Setor Industrial,setor industrial,-15.5524754,-47.3252526,brasil_aberto_first_street,True
GO,5208004,Formosa,Setor Industrial II,setor industrial ii,-15.5448231,-47.3460445,brasil_aberto_first_street,True
GO,5208004,Formosa,Setor Nordeste,setor nordeste,-15.5267792,-47.3382695,brasil_aberto_first_street,True
GO,5208004,Formosa,Setor Norte Nordeste,setor norte nordeste,-15.5488511,-47.2800855,brasil_aberto_first_street,True
GO,5208004,Formosa,Setor Pampulha,setor pampulha,-15.5326866,-47.34155,brasil_aberto_first_street,True
GO,5208004,Formosa,Setor Primavera,setor primavera,-15.5371448,-47.3474435,brasil_aberto_first_street,True
GO,5208004,Formosa,Setor Sul,setor sul,,,brasil_aberto,True
GO,5208004,Formosa,Sul América,sul america,-15.5497653,-47.3481823,brasil_aberto_first_street,True
GO,5208004,Formosa,Vila Aurora,vila aurora,-15.5334495,-47.3296365,brasil_aberto_first_street,True
GO,5208004,Formosa,Vila Bela,vila bela,-15.5404524,-47.3316628,brasil_aberto_first_street,True
GO,5208004,Formosa,Vila Carolina,vila carolina,-15.5403419,-47.327877,brasil_aberto_first_street,True
GO,5208004,Formosa,Vila Iara,vila iara,-15.5448231,-47.3460445,brasil_aberto_first_street,True
GO,5208004,Formosa,Vila Pantanal,vila pantanal,-15.540641,-47.33571,brasil_aberto_first_street,True
GO,5208004,Formosa,Vila Santos,vila santos,,,brasil_aberto,True
GO,5208004,Formosa,Village,village,-15.540641,-47.33571,brasil_aberto_first_street,True
GO,5208004,Formosa,Vista Alegre,vista alegre,-15.5336015,-47.3098817,brasil_aberto_first_street,True
GO,5208103,Formoso,Juscelino Kubitschek,juscelino kubitschek,,,dne,True
GO,5208103,Formoso,Setor Central,setor central,-13.6531636,-48.8766332,brasil_aberto_first_street,True
GO,5208152,Gameleira de Goiás,Área Rural de Gameleira de Goiás,area rural de gameleira de goias,-16.48742,-48.64563,mapbox_geocoding,True
GO,5208152,Gameleira de Goiás,Centro,centro,-16.394924,-48.67972,mapbox_geocoding,True
GO,5208152,Gameleira de Goiás,Daiana II,daiana ii,-16.396035,-48.865911,mapbox_geocoding,True
GO,5208152,Gameleira de Goiás,Loteamento Samambaia 1ª e 2ª Etapa,loteamento samambaia 1a e 2a etapa,-15.956046,-50.143502,mapbox_geocoding,True
GO,5208152,Gameleira de Goiás,Mocambinho,mocambinho,,,dne,True
GO,5208152,Gameleira de Goiás,Residencial Cerrado,residencial cerrado,-16.395785,-48.678581,mapbox_geocoding,True
GO,5208152,Gameleira de Goiás,Residencial Manoel Pinho,residencial manoel pinho,-16.488951,-48.647829,mapbox_geocoding,True
GO,5208152,Gameleira de Goiás,Residencial Vinhedo,residencial vinhedo,-16.394924,-48.67972,mapbox_geocoding,True
GO,5208152,Gameleira de Goiás,Setor Central,setor central,,,brasil_aberto,True
GO,5208152,Gameleira de Goiás,Setor Tempo Novo,setor tempo novo,-16.489221,-48.64737,mapbox_geocoding,True
GO,5208301,Divinópolis de Goiás,Setor Alvorada,setor alvorada,-13.2899961,-46.4019722,brasil_aberto_first_street,True
GO,5208301,Divinópolis de Goiás,Vazante,vazante,,,dne,True
GO,5208400,Goianápolis,Setor Central,setor central,-16.5117388,-49.0208676,brasil_aberto_first_street,True
GO,5208509,Goiandira,Setor Central,setor central,-18.1376002,-48.0875824,brasil_aberto_first_street,True
GO,5208608,Goianésia,Aldeia do Morro,aldeia do morro,-15.3153247,-49.1227607,brasil_aberto_first_street,True
GO,5208608,Goianésia,Amigo,amigo,-15.3223134,-49.1282723,brasil_aberto_first_street,True
GO,5208608,Goianésia,Área Rural de Goianésia,area rural de goianesia,-15.3263988,-49.1173239,brasil_aberto_first_street,True
GO,5208608,Goianésia,Barreiro (Limoeiro),barreiro limoeiro,,,dne,True
GO,5208608,Goianésia,Barsanulfo,barsanulfo,,,brasil_aberto,True
GO,5208608,Goianésia,Boa Vista,boa vista,-15.3263674,-49.1215454,brasil_aberto_first_street,True
GO,5208608,Goianésia,Cafelândia,cafelandia,,,dne,True
GO,5208608,Goianésia,Campo Alegre,campo alegre,,,dne,True
GO,5208608,Goianésia,Carrilho,carrilho,-15.3152736,-49.1126883,brasil_aberto_first_street,True
GO,5208608,Goianésia,Centro,centro,-15.326341,-49.1161259,brasil_aberto_first_street,True
GO,5208608,Goianésia,Colina Park Residencial,colina park residencial,-15.3376457,-49.1043271,brasil_aberto_first_street,True
GO,5208608,Goianésia,Condomínio Meridian,condominio meridian,-15.3014043,-49.1104065,brasil_aberto_first_street,True
GO,5208608,Goianésia,Conjunto Meridian,conjunto meridian,,,brasil_aberto,True
GO,5208608,Goianésia,Covoa,covoa,-15.3263674,-49.1215454,brasil_aberto_first_street,True
GO,5208608,Goianésia,Covoa II,covoa ii,-15.3263674,-49.1215454,brasil_aberto_first_street,True
GO,5208608,Goianésia,Distrito Agroindustrial Manoel Braollos Martins,distrito agroindustrial manoel braollos martins,-15.32679,-49.141275,brasil_aberto_first_street,True
GO,5208608,Goianésia,Distrito Agroindustrial Municipal de Goianésia,distrito agroindustrial municipal de goianesia,-15.3467201,-49.1251609,brasil_aberto_first_street,True
GO,5208608,Goianésia,Dona Fiica,dona fiica,-15.3222223,-49.1283429,brasil_aberto_first_street,True
GO,5208608,Goianésia,Dona Fiica II,dona fiica ii,-15.3223134,-49.1282723,brasil_aberto_first_street,True
GO,5208608,Goianésia,Eurípedes Barsanulfo,euripedes barsanulfo,-15.3446842,-49.1218061,brasil_aberto_first_street,True
GO,5208608,Goianésia,Itapuã,itapua,-15.334059,-49.1066656,brasil_aberto_first_street,True
GO,5208608,Goianésia,Jardim Esperança,jardim esperanca,-15.3222223,-49.1283429,brasil_aberto_first_street,True
GO,5208608,Goianésia,Jardim Por do Sol,jardim por do sol,-15.3264571,-49.1252021,brasil_aberto_first_street,True
GO,5208608,Goianésia,Juscelândia,juscelandia,,,dne,True
GO,5208608,Goianésia,Laranjeiras,laranjeiras,,,brasil_aberto,True
GO,5208608,Goianésia,Morro Branco,morro branco,,,dne,True
GO,5208608,Goianésia,Morro da Ema,morro da ema,-15.3193829,-49.1228127,brasil_aberto_first_street,True
GO,5208608,Goianésia,Muniz Falcão,muniz falcao,-15.3262946,-49.1060655,brasil_aberto_first_street,True
GO,5208608,Goianésia,Natinópolis,natinopolis,-15.2257379,-49.32361969999999,brasil_aberto_first_street,True
GO,5208608,Goianésia,Negrinho Carrilho,negrinho carrilho,,,brasil_aberto,True
GO,5208608,Goianésia,Nossa Senhora Aparecida,nossa senhora aparecida,-15.3084377,-49.1247317,brasil_aberto_first_street,True
GO,5208608,Goianésia,Nossa Senhora da Penha,nossa senhora da penha,-15.3121473,-49.1262059,brasil_aberto_first_street,True
GO,5208608,Goianésia,Nova Fiica,nova fiica,-15.3137199,-49.1221534,brasil_aberto_first_street,True
GO,5208608,Goianésia,Parque Araguaia,parque araguaia,,,brasil_aberto,True
GO,5208608,Goianésia,Parque Araguaia II,parque araguaia ii,,,brasil_aberto,True
GO,5208608,Goianésia,Parque Bandeirantes,parque bandeirantes,-15.3283246,-49.1082737,brasil_aberto_first_street,True
GO,5208608,Goianésia,Primavera,primavera,-15.334633,-49.108442,mapbox_geocoding,True
GO,5208608,Goianésia,Residencial Bougainville,residencial bougainville,-15.3332455,-49.1184115,brasil_aberto_first_street,True
GO,5208608,Goianésia,Residencial Flamboyant,residencial flamboyant,-15.3319679,-49.1369708,brasil_aberto_first_street,True
GO,5208608,Goianésia,Residencial Granville,residencial granville,-15.347553,-49.1215422,brasil_aberto_first_street,True
GO,5208608,Goianésia,Residencial Hermínio Lopes,residencial herminio lopes,-15.310246,-49.143064,mapbox_geocoding,True
GO,5208608,Goianésia,Residencial Ipês,residencial ipes,-15.2907818,-49.1258882,brasil_aberto_first_street,True
GO,5208608,Goianésia,Residencial Jardim do Cerrado,residencial jardim do cerrado,-15.3127307,-49.14345669999999,brasil_aberto_first_street,True
GO,5208608,Goianésia,Residencial Laurentino Martins,residencial laurentino martins,-15.326405,-49.1173385,brasil_aberto_first_street,True
GO,5208608,Goianésia,Residencial Mariana Park,residencial mariana park,-15.3401601,-49.1046765,brasil_aberto_first_street,True
GO,5208608,Goianésia,Residencial Morada Nova,residencial morada nova,-15.3263988,-49.1173239,brasil_aberto_first_street,True
GO,5208608,Goianésia,Residencial Nestor Ville,residencial nestor ville,-15.3263626,-49.1329279,brasil_aberto_first_street,True
GO,5208608,Goianésia,Residencial Parque Araguaia,residencial parque araguaia,-15.3110102,-49.134298,brasil_aberto_first_street,True
GO,5208608,Goianésia,Residencial Parque Araguaia II,residencial parque araguaia ii,-15.3090208,-49.1387022,brasil_aberto_first_street,True
GO,5208608,Goianésia,Residencial Parque das Palmeiras,residencial parque das palmeiras,-16.326956,-48.976538,mapbox_geocoding,True
GO,5208608,Goianésia,Residencial Parque das Palmeiras II,residencial parque das palmeiras ii,-15.3297015,-49.1442876,brasil_aberto_first_street,True
GO,5208608,Goianésia,Residencial Parque das Palmeiras III,residencial parque das palmeiras iii,-15.3287703,-49.1457033,brasil_aberto_first_street,True
GO,5208608,Goianésia,Residencial Parque Paraíso,residencial parque paraiso,-15.124848,-48.935035,mapbox_geocoding,True
GO,5208608,Goianésia,Residencial Paulo Dias,residencial paulo dias,-15.3015403,-49.1293198,brasil_aberto_first_street,True
GO,5208608,Goianésia,Residencial Portal do Sol,residencial portal do sol,-15.46005,-48.884829,mapbox_geocoding,True
GO,5208608,Goianésia,Residencial Portal Ville,residencial portal ville,-16.258519,-47.929721,mapbox_geocoding,True
GO,5208608,Goianésia,Residencial Santa Clara,residencial santa clara,-15.3301981,-49.108409,brasil_aberto_first_street,True
GO,5208608,Goianésia,Residencial Vereda dos Buritis,residencial vereda dos buritis,-16.7197427,-49.3450663,brasil_aberto_first_street,True
GO,5208608,Goianésia,Residencial Vivalle Goianésia,residencial vivalle goianesia,-15.3422089,-49.1648044,brasil_aberto_first_street,True
GO,5208608,Goianésia,Santa Cecília,santa cecilia,-15.3266737,-49.1323133,brasil_aberto_first_street,True
GO,5208608,Goianésia,Santa Luzia,santa luzia,-15.3263598,-49.1128226,brasil_aberto_first_street,True
GO,5208608,Goianésia,Santa Tereza,santa tereza,-15.3222223,-49.1283429,brasil_aberto_first_street,True
GO,5208608,Goianésia,São Cristóvão,sao cristovao,-15.3122705,-49.109664,brasil_aberto_first_street,True
GO,5208608,Goianésia,Setor Bela Vista,setor bela vista,-16.7145149,-49.260067,brasil_aberto_first_street,True
GO,5208608,Goianésia,Setor das Laranjeiras,setor das laranjeiras,-15.3222223,-49.1283429,brasil_aberto_first_street,True
GO,5208608,Goianésia,Setor dos Buritis,setor dos buritis,-15.3263988,-49.1173239,brasil_aberto_first_street,True
GO,5208608,Goianésia,Setor Negrinho Carrilho,setor negrinho carrilho,-15.3221814,-49.1334161,brasil_aberto_first_street,True
GO,5208608,Goianésia,Setor Oeste,setor oeste,-15.3222223,-49.1283429,brasil_aberto_first_street,True
GO,5208608,Goianésia,Setor Sul,setor sul,-15.3222223,-49.1283429,brasil_aberto_first_street,True
GO,5208608,Goianésia,Setor Universitário,setor universitario,-15.3264556,-49.1263017,brasil_aberto_first_street,True
GO,5208608,Goianésia,Vila Nova Aurora,vila nova aurora,-15.3222223,-49.1283429,brasil_aberto_first_street,True
GO,5208608,Goianésia,Vila Nova Aurora II,vila nova aurora ii,-15.3110232,-49.1282684,brasil_aberto_first_street,True
GO,5208608,Goianésia,Vila Nova Aurora III,vila nova aurora iii,-15.3214509,-49.1341608,brasil_aberto_first_street,True
GO,5208608,Goianésia,Vila São Caetano,vila sao caetano,-15.3223134,-49.1282723,brasil_aberto_first_street,True
GO,5208608,Goianésia,Vila Vera Cruz,vila vera cruz,-15.3347366,-49.1084235,brasil_aberto_first_street,True
GO,5208608,Goianésia,Vivalle Goianésia,vivalle goianesia,,,brasil_aberto,True
GO,5208707,Goiânia,Aeroporto Internacional Santa Genoveva,aeroporto internacional santa genoveva,-16.6298415,-49.214384,brasil_aberto_first_street,True
GO,5208707,Goiânia,Aeroviário,aeroviario,-16.6657271,-49.3043951,brasil_aberto_first_street,True
GO,5208707,Goiânia,Água Branca,agua branca,-16.6958795,-49.2414146,brasil_aberto_first_street,True
GO,5208707,Goiânia,Alphaville Flamboyant Residencial Araguaia,alphaville flamboyant residencial araguaia,-16.7007941,-49.2180506,brasil_aberto_first_street,True
GO,5208707,Goiânia,Alto da Glória,alto da gloria,-16.7119819,-49.2404102,brasil_aberto_first_street,True
GO,5208707,Goiânia,Anhanguera,anhanguera,-16.7125598,-49.2970394,brasil_aberto_first_street,True
GO,5208707,Goiânia,Anhanguera Acréscimo,anhanguera acrescimo,-16.722672,-49.30018,mapbox_geocoding,True
GO,5208707,Goiânia,Araguaia Park,araguaia park,-16.6970586,-49.3530829,brasil_aberto_first_street,True
GO,5208707,Goiânia,Área Rural de Goiânia,area rural de goiania,-16.6868491,-49.2707899,brasil_aberto_first_street,True
GO,5208707,Goiânia,Bairro Santa Rita,bairro santa rita,-16.7355471,-49.3398948,brasil_aberto_first_street,True
GO,5208707,Goiânia,Balneário Gran Viena,balneario gran viena,-16.6171721,-49.2843483,brasil_aberto_first_street,True
GO,5208707,Goiânia,Boa Vista,boa vista,-16.6222028,-49.3398795,brasil_aberto_first_street,True
GO,5208707,Goiânia,Campus Samambaia - UFG,campus samambaia ufg,-16.6062069,-49.2614624,brasil_aberto_first_street,True
GO,5208707,Goiânia,Capuava,capuava,-16.6590738,-49.3214704,brasil_aberto_first_street,True
GO,5208707,Goiânia,Capuava Residencial Privê,capuava residencial prive,-16.6809086,-49.3954583,brasil_aberto_first_street,True
GO,5208707,Goiânia,Carolina Parque,carolina parque,-16.6933876,-49.3709077,brasil_aberto_first_street,True
GO,5208707,Goiânia,Carolina Parque Complemento,carolina parque complemento,-16.6942095,-49.3802507,brasil_aberto_first_street,True
GO,5208707,Goiânia,Carolina Parque Extensão,carolina parque extensao,-16.6933876,-49.3709077,brasil_aberto_first_street,True
GO,5208707,Goiânia,Chácara do Governador,chacara do governador,-16.7330234,-49.227152,brasil_aberto_first_street,True
GO,5208707,Goiânia,Chácara São José - PUC Campus II,chacara sao jose puc campus ii,-16.7343585,-49.2141124,brasil_aberto_first_street,True
GO,5208707,Goiânia,Chácaras Alto da Glória,chacaras alto da gloria,-16.7221675,-49.2243716,brasil_aberto_first_street,True
GO,5208707,Goiânia,Chácaras Anhanguera,chacaras anhanguera,-16.6868491,-49.2707899,brasil_aberto_first_street,True
GO,5208707,Goiânia,Chácaras Boa Sorte,chacaras boa sorte,-16.567422,-49.360913,mapbox_geocoding,True
GO,5208707,Goiânia,Chácaras Bom Retiro,chacaras bom retiro,-16.6664523,-49.2040863,brasil_aberto_first_street,True
GO,5208707,Goiânia,Chácaras Botafogo,chacaras botafogo,-16.667098,-49.2115181,brasil_aberto_first_street,True
GO,5208707,Goiânia,Chácaras Bougainville,chacaras bougainville,-16.732031,-49.353717,mapbox_geocoding,True
GO,5208707,Goiânia,Chácaras Buritis,chacaras buritis,-16.7144782,-49.3726132,brasil_aberto_first_street,True
GO,5208707,Goiânia,Chácaras Califórnia,chacaras california,-16.6028006,-49.2801876,brasil_aberto_first_street,True
GO,5208707,Goiânia,Chácaras Cidade Pompeu,chacaras cidade pompeu,-16.567422,-49.360913,mapbox_geocoding,True
GO,5208707,Goiânia,Chacaras Coimbra,chacaras coimbra,-16.6666102,-49.2038971,brasil_aberto_first_street,True
GO,5208707,Goiânia,Chácaras de Recreio Samambaia,chacaras de recreio samambaia,-16.5878872,-49.2850347,brasil_aberto_first_street,True
GO,5208707,Goiânia,Chácaras de Recreio São Joaquim,chacaras de recreio sao joaquim,-16.6371676,-49.3497922,brasil_aberto_first_street,True
GO,5208707,Goiânia,Chácaras Dona Gê,chacaras dona ge,-16.7062732,-49.3218007,brasil_aberto_first_street,True
GO,5208707,Goiânia,Chácaras Helou,chacaras helou,-16.6312772,-49.3525278,brasil_aberto_first_street,True
GO,5208707,Goiânia,Chácaras Ipanema,chacaras ipanema,-16.6505236,-49.1746153,brasil_aberto_first_street,True
GO,5208707,Goiânia,Chácaras Mansões Rosas de Ouro,chacaras mansoes rosas de ouro,-16.635013,-49.3351082,brasil_aberto_first_street,True
GO,5208707,Goiânia,Chácaras Maringá,chacaras maringa,-16.65938,-49.357875,brasil_aberto_first_street,True
GO,5208707,Goiânia,Chácaras Nossa Senhora da Piedade,chacaras nossa senhora da piedade,-16.5953628,-49.2588531,brasil_aberto_first_street,True
GO,5208707,Goiânia,Chácaras Retiro,chacaras retiro,-16.6624214,-49.2256319,brasil_aberto_first_street,True
GO,5208707,Goiânia,Chácaras Rio Branco,chacaras rio branco,-16.6236947,-49.2868167,brasil_aberto_first_street,True
GO,5208707,Goiânia,Chácaras Salinos,chacaras salinos,-16.73699,-49.38768,mapbox_geocoding,True
GO,5208707,Goiânia,Chácaras Santa Bárbara,chacaras santa barbara,-16.6186614,-49.2205915,brasil_aberto_first_street,True
GO,5208707,Goiânia,Chácaras Santa Rita,chacaras santa rita,-16.714582,-49.254527,mapbox_geocoding,True
GO,5208707,Goiânia,Chácaras São José,chacaras sao jose,-16.6478595,-49.2573319,brasil_aberto_first_street,True
GO,5208707,Goiânia,Chácaras São Silvestre,chacaras sao silvestre,-16.6581502,-49.1827604,brasil_aberto_first_street,True
GO,5208707,Goiânia,Chacaras Village Santa Rita,chacaras village santa rita,-16.7249559,-49.3641917,brasil_aberto_first_street,True
GO,5208707,Goiânia,Cidade Jardim,cidade jardim,-16.6809731,-49.3029384,brasil_aberto_first_street,True
GO,5208707,Goiânia,Colônia Santa Marta,colonia santa marta,-16.6849197,-49.1930963,brasil_aberto_first_street,True
GO,5208707,Goiânia,Condomínio Aeródromo Zezé Alves Ferreira,condominio aerodromo zeze alves ferreira,-15.90719,-50.2349628,brasil_aberto_first_street,True
GO,5208707,Goiânia,Condomínio Alto da Boa Vista,condominio alto da boa vista,-16.6437849,-49.30516979999999,brasil_aberto_first_street,True
GO,5208707,Goiânia,Condomínio Amin Camargo,condominio amin camargo,,,brasil_aberto,True
GO,5208707,Goiânia,Condomínio Anhanguera,condominio anhanguera,-16.671689,-49.3057377,brasil_aberto_first_street,True
GO,5208707,Goiânia,Condomínio Cidade Universitária,condominio cidade universitaria,-16.7497725,-49.3050592,brasil_aberto_first_street,True
GO,5208707,Goiânia,Condomínio das Esmeraldas,condominio das esmeraldas,-16.7899175,-49.3564215,brasil_aberto_first_street,True
GO,5208707,Goiânia,Condomínio do Lago,condominio do lago,,,brasil_aberto,True
GO,5208707,Goiânia,Condomínio do Lago 1ª Etapa,condominio do lago 1a etapa,-16.6597331,-49.3663871,brasil_aberto_first_street,True
GO,5208707,Goiânia,Condomínio do Lago 2ª Etapa,condominio do lago 2a etapa,-16.6645912,-49.3713973,brasil_aberto_first_street,True
GO,5208707,Goiânia,Condomínio do Lago 3ª Etapa,condominio do lago 3a etapa,-16.650498,-49.32053,mapbox_geocoding,True
GO,5208707,Goiânia,Condomínio dos Dourados,condominio dos dourados,-16.816236,-49.3992218,brasil_aberto_first_street,True
GO,5208707,Goiânia,Condomínio Eldorado,condominio eldorado,-16.7090963,-49.3247585,brasil_aberto_first_street,True
GO,5208707,Goiânia,Condomínio Ipanema,condominio ipanema,-16.7011802,-49.2041507,brasil_aberto_first_street,True
GO,5208707,Goiânia,Condomínio Jardim das Oliveiras,condominio jardim das oliveiras,-16.674925,-49.25794,mapbox_geocoding,True
GO,5208707,Goiânia,Condomínio Marlene,condominio marlene,-16.7772764,-49.3780083,brasil_aberto_first_street,True
GO,5208707,Goiânia,Condomínio Parque dos Cisnes,condominio parque dos cisnes,-16.5760005,-49.2399283,brasil_aberto_first_street,True
GO,5208707,Goiânia,Condomínio Privê das Oliveiras,condominio prive das oliveiras,-16.7071114,-49.29292640000001,brasil_aberto_first_street,True
GO,5208707,Goiânia,Condomínio Privê dos Girassóis,condominio prive dos girassois,-16.7142118,-49.2222023,brasil_aberto_first_street,True
GO,5208707,Goiânia,Condomínio Residencial Parque Oeste,condominio residencial parque oeste,-16.6786097,-49.3284129,brasil_aberto_first_street,True
GO,5208707,Goiânia,Condomínio Residencial Santa Maria I,condominio residencial santa maria i,-16.6773615,-49.3289562,brasil_aberto_first_street,True
GO,5208707,Goiânia,Condomínio Residencial Santa Rita,condominio residencial santa rita,-16.6784849,-49.3284381,brasil_aberto_first_street,True
GO,5208707,Goiânia,Condomínio Rio Branco,condominio rio branco,-16.7186043,-49.3762847,brasil_aberto_first_street,True
GO,5208707,Goiânia,Condomínio Samambaia,condominio samambaia,-16.5874895,-49.2808795,brasil_aberto_first_street,True
GO,5208707,Goiânia,Condomínio Santa Rita,condominio santa rita,-16.6781822,-49.3331921,brasil_aberto_first_street,True
GO,5208707,Goiânia,Condomínio Santa Rita - 2ª Etapa,condominio santa rita 2a etapa,-16.7366078,-49.3405712,brasil_aberto_first_street,True
GO,5208707,Goiânia,Condomínio Santa Rita 3ª Etapa,condominio santa rita 3a etapa,-16.733187,-49.338567,mapbox_geocoding,True
GO,5208707,Goiânia,Condomínio Santa Rita - 4ª Etapa,condominio santa rita 4a etapa,-16.7379314,-49.3414122,brasil_aberto_first_street,True
GO,5208707,Goiânia,Condomínio Santa Rita - 6ª Etapa,condominio santa rita 6a etapa,-16.7286362,-49.3358521,brasil_aberto_first_street,True
GO,5208707,Goiânia,Condomínio Santa Rita - 7ª Etapa,condominio santa rita 7a etapa,-16.7355993,-49.3373138,brasil_aberto_first_street,True
GO,5208707,Goiânia,Condomínio Santa Rita - 8ª Etapa,condominio santa rita 8a etapa,-16.7286525,-49.3358605,brasil_aberto_first_street,True
GO,5208707,Goiânia,Condomínio Santa Rita - 9ª Etapa,condominio santa rita 9a etapa,-16.7289268,-49.3353196,brasil_aberto_first_street,True
GO,5208707,Goiânia,Condomínio União,condominio uniao,-16.7036023,-49.38244539999999,brasil_aberto_first_street,True
GO,5208707,Goiânia,Condomínio Veneza,condominio veneza,-16.667899,-49.194211,mapbox_geocoding,True
GO,5208707,Goiânia,Conjunto Anhanguera,conjunto anhanguera,-16.7291562,-49.2394306,brasil_aberto_first_street,True
GO,5208707,Goiânia,Conjunto Cachoeira Dourada,conjunto cachoeira dourada,-16.7266388,-49.3232872,brasil_aberto_first_street,True
GO,5208707,Goiânia,Conjunto Fabiana,conjunto fabiana,-16.7285692,-49.2146914,brasil_aberto_first_street,True
GO,5208707,Goiânia,Conjunto Guadalajara,conjunto guadalajara,-16.681912,-49.3126725,brasil_aberto_first_street,True
GO,5208707,Goiânia,Conjunto Habitacional Baliza,conjunto habitacional baliza,-16.7251638,-49.2778556,brasil_aberto_first_street,True
GO,5208707,Goiânia,Conjunto Habitacional Madre Germana II,conjunto habitacional madre germana ii,-16.8174982,-49.3742446,brasil_aberto_first_street,True
GO,5208707,Goiânia,Conjunto Morada Nova,conjunto morada nova,-16.6868929,-49.3145807,brasil_aberto_first_street,True
GO,5208707,Goiânia,Conjunto Palmares,conjunto palmares,-16.6492995,-49.2067183,brasil_aberto_first_street,True
GO,5208707,Goiânia,Conjunto Parque dos Eucaliptos,conjunto parque dos eucaliptos,-16.6094583,-49.20973009999999,brasil_aberto_first_street,True
GO,5208707,Goiânia,Conjunto Primavera,conjunto primavera,-16.5939055,-49.3520367,brasil_aberto_first_street,True
GO,5208707,Goiânia,Conjunto Residencial Aruanã I,conjunto residencial aruana i,-16.6885535,-49.2055142,brasil_aberto_first_street,True
GO,5208707,Goiânia,Conjunto Residencial Aruanã II,conjunto residencial aruana ii,-16.6931312,-49.2014549,brasil_aberto_first_street,True
GO,5208707,Goiânia,Conjunto Residencial Aruanã III,conjunto residencial aruana iii,-16.6816543,-49.2020688,brasil_aberto_first_street,True
GO,5208707,Goiânia,Conjunto Residencial Costa Verde,conjunto residencial costa verde,-16.693326,-49.3603994,brasil_aberto_first_street,True
GO,5208707,Goiânia,Conjunto Residencial Irisville,conjunto residencial irisville,-16.6390397,-49.1595981,brasil_aberto_first_street,True
GO,5208707,Goiânia,Conjunto Residencial Irisville - 2ª Etapa,conjunto residencial irisville 2a etapa,-16.6390397,-49.1595981,brasil_aberto_first_street,True
GO,5208707,Goiânia,Conjunto Residencial Paulo Pacheco,conjunto residencial paulo pacheco,-16.601475,-49.318645,mapbox_geocoding,True
GO,5208707,Goiânia,Conjunto Residencial Rodoviário,conjunto residencial rodoviario,-16.6659489,-49.2871668,brasil_aberto_first_street,True
GO,5208707,Goiânia,Conjunto Residencial Yara,conjunto residencial yara,-16.6471193,-49.2649083,brasil_aberto_first_street,True
GO,5208707,Goiânia,Conjunto Riviera,conjunto riviera,-16.6911493,-49.2114047,brasil_aberto_first_street,True
GO,5208707,Goiânia,Conjunto Romildo Ferreira do Amaral,conjunto romildo ferreira do amaral,-16.6850237,-49.2985465,brasil_aberto_first_street,True
GO,5208707,Goiânia,Conjunto Vera Cruz,conjunto vera cruz,-16.6572161,-49.3906254,brasil_aberto_first_street,True
GO,5208707,Goiânia,Conjunto Vila Isabel,conjunto vila isabel,-16.7158352,-49.2539236,brasil_aberto_first_street,True
GO,5208707,Goiânia,Da Vitória,da vitoria,-16.6006459,-49.3475322,brasil_aberto_first_street,True
GO,5208707,Goiânia,Distrito Vila Rica,distrito vila rica,-16.8001483,-49.3656852,brasil_aberto_first_street,True
GO,5208707,Goiânia,Elísio Campos,elisio campos,-16.6630151,-49.2326145,brasil_aberto_first_street,True
GO,5208707,Goiânia,Esplanada do Anicuns,esplanada do anicuns,-16.6529653,-49.2839479,brasil_aberto_first_street,True
GO,5208707,Goiânia,Fazenda Arrozal,fazenda arrozal,-16.6433747,-49.3254046,brasil_aberto_first_street,True
GO,5208707,Goiânia,Fazenda Baliza,fazenda baliza,-16.7405209,-49.3305235,brasil_aberto_first_street,True
GO,5208707,Goiânia,Fazenda Botafogo,fazenda botafogo,-16.6590699,-49.2092519,brasil_aberto_first_street,True
GO,5208707,Goiânia,Fazenda Caraíbas,fazenda caraibas,-16.567422,-49.360913,mapbox_geocoding,True
GO,5208707,Goiânia,Fazenda Catingueiro,fazenda catingueiro,-16.621071,-49.283889,mapbox_geocoding,True
GO,5208707,Goiânia,Fazenda Caveiras,fazenda caveiras,-16.6570674,-49.3610142,brasil_aberto_first_street,True
GO,5208707,Goiânia,Fazenda Caveiras - Aeródromo,fazenda caveiras aerodromo,,,brasil_aberto,True
GO,5208707,Goiânia,Fazenda Caveiras - Residencial Bosque dos Buritis,fazenda caveiras residencial bosque dos buritis,-16.6265159,-49.3562921,brasil_aberto_first_street,True
GO,5208707,Goiânia,Fazenda Colina,fazenda colina,-16.6376989,-49.2841708,brasil_aberto_first_street,True
GO,5208707,Goiânia,Fazenda Criméia,fazenda crimeia,-16.662592,-49.277356,mapbox_geocoding,True
GO,5208707,Goiânia,Fazenda Criméia Caveiras,fazenda crimeia caveiras,-16.6330207,-49.273972,brasil_aberto_first_street,True
GO,5208707,Goiânia,Fazenda Dourados,fazenda dourados,-16.795628,-49.363426,mapbox_geocoding,True
GO,5208707,Goiânia,Fazenda Dourados - Condomínio Sonho Dourado I,fazenda dourados condominio sonho dourado i,-16.795628,-49.363426,mapbox_geocoding,True
GO,5208707,Goiânia,Fazenda Dourados - Condomínio Sonho Dourado II,fazenda dourados condominio sonho dourado ii,-16.795628,-49.363426,mapbox_geocoding,True
GO,5208707,Goiânia,Fazenda Dourados - Residencial Atibaia,fazenda dourados residencial atibaia,-16.7679235,-49.3677542,brasil_aberto_first_street,True
GO,5208707,Goiânia,Fazenda Embira,fazenda embira,-16.6195305,-49.2440872,brasil_aberto_first_street,True
GO,5208707,Goiânia,Fazenda Far-West,fazenda far west,-16.467282,-49.181529,mapbox_geocoding,True
GO,5208707,Goiânia,Fazenda Gameleira,fazenda gameleira,-16.7046038,-49.207053,brasil_aberto_first_street,True
GO,5208707,Goiânia,Fazenda Guanabara - Condomínio Parque Aroeira,fazenda guanabara condominio parque aroeira,-16.6076092,-49.2140193,brasil_aberto_first_street,True
GO,5208707,Goiânia,Fazenda Guanabara - Condomínio Parque Ipê,fazenda guanabara condominio parque ipe,-16.6110996,-49.2130332,brasil_aberto_first_street,True
GO,5208707,Goiânia,Fazenda João Vaz,fazenda joao vaz,-16.6446233,-49.299751,brasil_aberto_first_street,True
GO,5208707,Goiânia,Fazenda Ladeira,fazenda ladeira,-16.6526519,-49.2044417,brasil_aberto_first_street,True
GO,5208707,Goiânia,Fazenda Petrópolis,fazenda petropolis,-16.654014,-49.1758,mapbox_geocoding,True
GO,5208707,Goiânia,Fazenda Petrópolis - Residencial Monte Verde,fazenda petropolis residencial monte verde,-16.6868491,-49.2707899,brasil_aberto_first_street,True
GO,5208707,Goiânia,Fazenda Planície,fazenda planicie,-16.599135,-49.254406,mapbox_geocoding,True
GO,5208707,Goiânia,Fazenda Planície Petrópolis,fazenda planicie petropolis,-16.6581502,-49.1827604,brasil_aberto_first_street,True
GO,5208707,Goiânia,Fazenda Quebra Anzol - Residencial Portal dos Ipês I,fazenda quebra anzol residencial portal dos ipes i,-16.6977372,-49.4128758,brasil_aberto_first_street,True
GO,5208707,Goiânia,Fazenda Quebra Anzol - Residencial Portal dos Ipês II,fazenda quebra anzol residencial portal dos ipes ii,-16.6977372,-49.4128758,brasil_aberto_first_street,True
GO,5208707,Goiânia,Fazenda Quebra Anzol - Residencial Portal dos Ipês III,fazenda quebra anzol residencial portal dos ipes iii,-16.6977372,-49.4128758,brasil_aberto_first_street,True
GO,5208707,Goiânia,Fazenda Retiro,fazenda retiro,-16.6270793,-49.1888122,brasil_aberto_first_street,True
GO,5208707,Goiânia,Fazenda Retiro - Condomínio Parque Aroeira,fazenda retiro condominio parque aroeira,,,brasil_aberto,True
GO,5208707,Goiânia,Fazenda Retiro - Golden Shopping,fazenda retiro golden shopping,-16.6270793,-49.1888122,brasil_aberto_first_street,True
GO,5208707,Goiânia,Fazenda Salinos,fazenda salinos,-16.726419,-49.3997195,brasil_aberto_first_street,True
GO,5208707,Goiânia,Fazenda Samambaia,fazenda samambaia,-16.675262,-49.398232,mapbox_geocoding,True
GO,5208707,Goiânia,Fazenda Santa Maria,fazenda santa maria,-16.739944,-49.150917,mapbox_geocoding,True
GO,5208707,Goiânia,Fazenda Santa Rita,fazenda santa rita,-16.754218,-49.3686177,brasil_aberto_first_street,True
GO,5208707,Goiânia,Fazenda Santa Rita - Conjunto Residencial Alto Oriente,fazenda santa rita conjunto residencial alto oriente,-16.7470166,-49.3686115,brasil_aberto_first_street,True
GO,5208707,Goiânia,Fazenda Santa Rita - Glebas B e B1,fazenda santa rita glebas b e b1,-16.7155001,-49.3620185,brasil_aberto_first_street,True
GO,5208707,Goiânia,Fazenda Santa Rita - Goiânia Viva,fazenda santa rita goiania viva,-16.6989067,-49.3504484,brasil_aberto_first_street,True
GO,5208707,Goiânia,Fazenda Santa Rita - Jardim Botânico,fazenda santa rita jardim botanico,-16.7262616,-49.3766356,brasil_aberto_first_street,True
GO,5208707,Goiânia,Fazenda Santa Rita - Quadra 01,fazenda santa rita quadra 01,-16.6868491,-49.2707899,brasil_aberto_first_street,True
GO,5208707,Goiânia,Fazenda Santa Rita - Residencial Invent Total Club,fazenda santa rita residencial invent total club,-16.7124478,-49.3238906,brasil_aberto_first_street,True
GO,5208707,Goiânia,Fazenda Santa Rita - Residencial Issa Costa VI,fazenda santa rita residencial issa costa vi,-16.7417665,-49.37403020000001,brasil_aberto_first_street,True
GO,5208707,Goiânia,Fazenda Santa Rita - São Francisco,fazenda santa rita sao francisco,-16.7245186,-49.3017766,brasil_aberto_first_street,True
GO,5208707,Goiânia,Fazenda São Domingos,fazenda sao domingos,-16.674925,-49.25794,mapbox_geocoding,True
GO,5208707,Goiânia,Fazenda São Domingos - Conjunto Residencial Campo Belo,fazenda sao domingos conjunto residencial campo belo,-16.5922144,-49.3545253,brasil_aberto_first_street,True
GO,5208707,Goiânia,Fazenda São Domingos - Conjunto Residencial Terra Nova,fazenda sao domingos conjunto residencial terra nova,-16.6103545,-49.349452,brasil_aberto_first_street,True
GO,5208707,Goiânia,Fazenda São José,fazenda sao jose,-16.651417,-49.283018,mapbox_geocoding,True
GO,5208707,Goiânia,Fazenda São José - Condomínio Residencial Jardim das Oliveiras,fazenda sao jose condominio residencial jardim das oliveiras,-16.665716,-49.204963,mapbox_geocoding,True
GO,5208707,Goiânia,Fazenda São José - Residencial Celeste,fazenda sao jose residencial celeste,-16.6854775,-49.36252589999999,brasil_aberto_first_street,True
GO,5208707,Goiânia,Fazenda Serra,fazenda serra,-16.634482,-49.282389,mapbox_geocoding,True
GO,5208707,Goiânia,Fazenda Vau das Pombas,fazenda vau das pombas,-16.7840863,-49.1763663,brasil_aberto_first_street,True
GO,5208707,Goiânia,Feliz,feliz,-16.6597505,-49.2238252,brasil_aberto_first_street,True
GO,5208707,Goiânia,Floresta,floresta,-16.5872078,-49.3324578,brasil_aberto_first_street,True
GO,5208707,Goiânia,Garavelo Residencial Norte,garavelo residencial norte,-16.7490517,-49.3500865,brasil_aberto_first_street,True
GO,5208707,Goiânia,Goiá,goia,-16.6891408,-49.3319152,brasil_aberto_first_street,True
GO,5208707,Goiânia,Goiá 2,goia 2,-16.6849716,-49.3324283,brasil_aberto_first_street,True
GO,5208707,Goiânia,Goiá 2 Complemento,goia 2 complemento,-16.6838708,-49.3260334,brasil_aberto_first_street,True
GO,5208707,Goiânia,Goiá IV,goia iv,-16.6885995,-49.3390078,brasil_aberto_first_street,True
GO,5208707,Goiânia,Goiá Setor Veloso,goia setor veloso,-16.6850986,-49.328225,brasil_aberto_first_street,True
GO,5208707,Goiânia,Goiânia 2,goiania 2,-16.6441642,-49.3037248,brasil_aberto_first_street,True
GO,5208707,Goiânia,Granja Agrícola Jacirema,granja agricola jacirema,-16.6470989,-49.2417802,brasil_aberto_first_street,True
GO,5208707,Goiânia,Granja Cruzeiro do Sul,granja cruzeiro do sul,-16.6387211,-49.2809485,brasil_aberto_first_street,True
GO,5208707,Goiânia,Granja Santos Dumont,granja santos dumont,-16.6699206,-49.2992718,brasil_aberto_first_street,True
GO,5208707,Goiânia,Industrial Mooca,industrial mooca,-16.6771431,-49.3178215,brasil_aberto_first_street,True
GO,5208707,Goiânia,Ipiranga,ipiranga,-16.6603071,-49.3252825,brasil_aberto_first_street,True
GO,5208707,Goiânia,Jardim Abaporu,jardim abaporu,-16.650723,-49.1852784,brasil_aberto_first_street,True
GO,5208707,Goiânia,Jardim Alphaville,jardim alphaville,-16.7313927,-49.3753881,brasil_aberto_first_street,True
GO,5208707,Goiânia,Jardim América,jardim america,-16.7205047,-49.28454499999999,brasil_aberto_first_street,True
GO,5208707,Goiânia,Jardim Ana Lúcia,jardim ana lucia,-16.6968023,-49.3115885,brasil_aberto_first_street,True
GO,5208707,Goiânia,Jardim Aritana,jardim aritana,-16.7203161,-49.3752052,brasil_aberto_first_street,True
GO,5208707,Goiânia,Jardim Atlântico,jardim atlantico,-16.7207876,-49.2413099,brasil_aberto_first_street,True
GO,5208707,Goiânia,Jardim Balneário Meia Ponte,jardim balneario meia ponte,-16.6240431,-49.2870481,brasil_aberto_first_street,True
GO,5208707,Goiânia,Jardim Bela Vista,jardim bela vista,-16.7277189,-49.2456246,brasil_aberto_first_street,True
GO,5208707,Goiânia,Jardim Bella Vitta,jardim bella vitta,-16.706306,-49.320742,mapbox_geocoding,True
GO,5208707,Goiânia,Jardim Belvedere,jardim belvedere,-16.6351221,-49.3062762,brasil_aberto_first_street,True
GO,5208707,Goiânia,Jardim Bom Jesus,jardim bom jesus,-16.6153457,-49.2686592,brasil_aberto_first_street,True
GO,5208707,Goiânia,Jardim Bonanza,jardim bonanza,-16.6564166,-49.3539391,brasil_aberto_first_street,True
GO,5208707,Goiânia,Jardim Botânico,jardim botanico,-16.7254769,-49.381811,brasil_aberto_first_street,True
GO,5208707,Goiânia,Jardim Brasil,jardim brasil,-16.6946396,-49.2011845,brasil_aberto_first_street,True
GO,5208707,Goiânia,Jardim Califórnia,jardim california,-16.6817031,-49.2093814,brasil_aberto_first_street,True
GO,5208707,Goiânia,Jardim Califórnia Parque Industrial,jardim california parque industrial,-16.669188,-49.2083185,brasil_aberto_first_street,True
GO,5208707,Goiânia,Jardim Caravelas,jardim caravelas,,,brasil_aberto,True
GO,5208707,Goiânia,Jardim Caravelas 1ª Etapa,jardim caravelas 1a etapa,-16.7559545,-49.35389319999999,brasil_aberto_first_street,True
GO,5208707,Goiânia,Jardim Clarissa,jardim clarissa,-16.6582766,-49.346346,brasil_aberto_first_street,True
GO,5208707,Goiânia,Jardim Colorado,jardim colorado,-16.6435646,-49.2938522,brasil_aberto_first_street,True
GO,5208707,Goiânia,Jardim Colorado Extensão,jardim colorado extensao,-16.6435646,-49.2938522,brasil_aberto_first_street,True
GO,5208707,Goiânia,Jardim Colorado I,jardim colorado i,-16.630008,-49.3350999,brasil_aberto_first_street,True
GO,5208707,Goiânia,Jardim Colorado II,jardim colorado ii,-16.6288445,-49.3376826,brasil_aberto_first_street,True
GO,5208707,Goiânia,Jardim Colorado Sul,jardim colorado sul,-16.6315181,-49.3301196,brasil_aberto_first_street,True
GO,5208707,Goiânia,Jardim Conquista,jardim conquista,-16.6657431,-49.194136,brasil_aberto_first_street,True
GO,5208707,Goiânia,Jardim Corte Real,jardim corte real,-16.645033,-49.326305,mapbox_geocoding,True
GO,5208707,Goiânia,Jardim Curitiba,jardim curitiba,-16.6437897,-49.3260107,brasil_aberto_first_street,True
GO,5208707,Goiânia,Jardim da Luz,jardim da luz,-16.7296744,-49.2360129,brasil_aberto_first_street,True
GO,5208707,Goiânia,Jardim das Aroeiras,jardim das aroeiras,-16.6576237,-49.2006898,brasil_aberto_first_street,True
GO,5208707,Goiânia,Jardim das Bromélias,jardim das bromelias,-16.747721,-49.367292,mapbox_geocoding,True
GO,5208707,Goiânia,Jardim das Esmeraldas,jardim das esmeraldas,-16.7308166,-49.2563816,brasil_aberto_first_street,True
GO,5208707,Goiânia,Jardim das Hortências,jardim das hortencias,-16.6262189,-49.333634,brasil_aberto_first_street,True
GO,5208707,Goiânia,Jardim das Rosas,jardim das rosas,-16.7055757,-49.3719456,brasil_aberto_first_street,True
GO,5208707,Goiânia,Jardim Diamantina,jardim diamantina,-16.6143554,-49.2415706,brasil_aberto_first_street,True
GO,5208707,Goiânia,Jardim Dom Fernando I,jardim dom fernando i,-16.6633487,-49.190303,brasil_aberto_first_street,True
GO,5208707,Goiânia,Jardim Dom Fernando II,jardim dom fernando ii,-16.674925,-49.25794,mapbox_geocoding,True
GO,5208707,Goiânia,Jardim dos Flamboyants,jardim dos flamboyants,-16.699565,-49.364587,mapbox_geocoding,True
GO,5208707,Goiânia,Jardim Eli Forte,jardim eli forte,-16.729114,-49.360757,brasil_aberto_first_street,True
GO,5208707,Goiânia,Jardim Eli Fortes Complemento,jardim eli fortes complemento,-16.729114,-49.360757,brasil_aberto_first_street,True
GO,5208707,Goiânia,Jardim Europa,jardim europa,-16.7175849,-49.3126194,brasil_aberto_first_street,True
GO,5208707,Goiânia,Jardim Florença,jardim florenca,-16.723238,-49.3128824,brasil_aberto_first_street,True
GO,5208707,Goiânia,Jardim Fonte Nova,jardim fonte nova,-16.6385356,-49.2960232,brasil_aberto_first_street,True
GO,5208707,Goiânia,Jardim Fonte Nova I,jardim fonte nova i,-16.6283095,-49.3159613,brasil_aberto_first_street,True
GO,5208707,Goiânia,Jardim Gardênia,jardim gardenia,-16.7434069,-49.3797196,brasil_aberto_first_street,True
GO,5208707,Goiânia,Jardim Goiás,jardim goias,-16.6134924,-49.1970302,brasil_aberto_first_street,True
GO,5208707,Goiânia,Jardim Goiás - Área I,jardim goias area i,-16.6958795,-49.2414146,brasil_aberto_first_street,True
GO,5208707,Goiânia,Jardim Gramado,jardim gramado,-16.6396407,-49.2997094,brasil_aberto_first_street,True
GO,5208707,Goiânia,Jardim Gramado I,jardim gramado i,-16.6334335,-49.3018046,brasil_aberto_first_street,True
GO,5208707,Goiânia,Jardim Guanabara,jardim guanabara,-16.6242302,-49.2184249,brasil_aberto_first_street,True
GO,5208707,Goiânia,Jardim Guanabara II,jardim guanabara ii,-16.6098362,-49.2152662,brasil_aberto_first_street,True
GO,5208707,Goiânia,Jardim Guanabara III,jardim guanabara iii,-16.6130934,-49.2203579,brasil_aberto_first_street,True
GO,5208707,Goiânia,Jardim Guanabara IV,jardim guanabara iv,-16.6153972,-49.2090797,brasil_aberto_first_street,True
GO,5208707,Goiânia,Jardim Imperial,jardim imperial,-16.6844027,-49.3659675,brasil_aberto_first_street,True
GO,5208707,Goiânia,Jardim Ipanema,jardim ipanema,-16.7640356,-49.3609289,brasil_aberto_first_street,True
GO,5208707,Goiânia,Jardim Ipê,jardim ipe,-16.6240489,-49.2803821,brasil_aberto_first_street,True
GO,5208707,Goiânia,Jardim Itaipu,jardim itaipu,-16.7788779,-49.362943,brasil_aberto_first_street,True
GO,5208707,Goiânia,Jardim Lageado,jardim lageado,-16.6458383,-49.1890221,brasil_aberto_first_street,True
GO,5208707,Goiânia,Jardim Lago Azul,jardim lago azul,-16.100095,-48.0729113,brasil_aberto_first_street,True
GO,5208707,Goiânia,Jardim Leblon,jardim leblon,-16.6721054,-49.3262587,brasil_aberto_first_street,True
GO,5208707,Goiânia,Jardim Leblon II,jardim leblon ii,-16.6762679,-49.3246834,brasil_aberto_first_street,True
GO,5208707,Goiânia,Jardim Liberdade,jardim liberdade,-16.6153308,-49.343937,brasil_aberto_first_street,True
GO,5208707,Goiânia,Jardim Luz,jardim luz,-16.7467676,-49.2724008,brasil_aberto_first_street,True
GO,5208707,Goiânia,Jardim Maria Helena,jardim maria helena,-16.6581502,-49.1827604,brasil_aberto_first_street,True
GO,5208707,Goiânia,Jardim Mariliza,jardim mariliza,-16.7357458,-49.2014027,brasil_aberto_first_street,True
GO,5208707,Goiânia,Jardim Marques de Abreu,jardim marques de abreu,-16.7126662,-49.3660884,brasil_aberto_first_street,True
GO,5208707,Goiânia,Jardim Mirabel,jardim mirabel,-16.6892426,-49.3386177,brasil_aberto_first_street,True
GO,5208707,Goiânia,Jardim Nova Esperança,jardim nova esperanca,-16.6455386,-49.3191859,brasil_aberto_first_street,True
GO,5208707,Goiânia,Jardim Novo Mundo,jardim novo mundo,-16.6690749,-49.2188247,brasil_aberto_first_street,True
GO,5208707,Goiânia,Jardim Novo Mundo Extensão,jardim novo mundo extensao,-16.674925,-49.25794,mapbox_geocoding,True
GO,5208707,Goiânia,Jardim Novo Mundo II,jardim novo mundo ii,-16.6794382,-49.2182748,brasil_aberto_first_street,True
GO,5208707,Goiânia,Jardim Novo Petrópolis,jardim novo petropolis,-16.6582766,-49.346346,brasil_aberto_first_street,True
GO,5208707,Goiânia,Jardim Pampulha,jardim pampulha,-16.6744798,-49.3328335,brasil_aberto_first_street,True
GO,5208707,Goiânia,Jardim Petrópolis,jardim petropolis,-16.6628198,-49.3392154,brasil_aberto_first_street,True
GO,5208707,Goiânia,Jardim Planalto,jardim planalto,-16.714377,-49.297051,brasil_aberto_first_street,True
GO,5208707,Goiânia,Jardim Presidente,jardim presidente,-16.7327007,-49.3241365,brasil_aberto_first_street,True
GO,5208707,Goiânia,Jardim Presidente Extensão III,jardim presidente extensao iii,-16.7405209,-49.3305235,brasil_aberto_first_street,True
GO,5208707,Goiânia,Jardim Real,jardim real,-16.6528231,-49.3792109,brasil_aberto_first_street,True
GO,5208707,Goiânia,Jardim Santa Cecília,jardim santa cecilia,-16.719752,-49.2798913,brasil_aberto_first_street,True
GO,5208707,Goiânia,Jardim Santo Antônio,jardim santo antonio,-16.7259299,-49.2503076,brasil_aberto_first_street,True
GO,5208707,Goiânia,Jardim São José,jardim sao jose,-16.6922783,-49.4004386,brasil_aberto_first_street,True
GO,5208707,Goiânia,Jardim São José I,jardim sao jose i,-16.6908827,-49.3955452,brasil_aberto_first_street,True
GO,5208707,Goiânia,Jardim Sônia Maria,jardim sonia maria,-16.7299827,-49.332133,brasil_aberto_first_street,True
GO,5208707,Goiânia,Jardim Vila Boa,jardim vila boa,-16.7336311,-49.3194461,brasil_aberto_first_street,True
GO,5208707,Goiânia,Jardim Vista Bela,jardim vista bela,-16.6222028,-49.3398795,brasil_aberto_first_street,True
GO,5208707,Goiânia,Jardim Vitória,jardim vitoria,-16.7861549,-49.2934704,brasil_aberto_first_street,True
GO,5208707,Goiânia,Jardins Amsterdã,jardins amsterda,-16.677555,-49.265346,mapbox_geocoding,True
GO,5208707,Goiânia,Jardins Atenas,jardins atenas,-16.5947685,-49.3450414,brasil_aberto_first_street,True
GO,5208707,Goiânia,Jardins França,jardins franca,-16.7347335,-49.1822636,brasil_aberto_first_street,True
GO,5208707,Goiânia,Jardins Itália,jardins italia,-16.7194275,-49.2163417,brasil_aberto_first_street,True
GO,5208707,Goiânia,Jardins Lisboa,jardins lisboa,-16.7714284,-49.3545938,brasil_aberto_first_street,True
GO,5208707,Goiânia,Jardins Madri,jardins madri,-16.748523,-49.3434301,brasil_aberto_first_street,True
GO,5208707,Goiânia,Jardins Madri Complemento,jardins madri complemento,-16.748523,-49.3434301,brasil_aberto_first_street,True
GO,5208707,Goiânia,Jardins Milão,jardins milao,-16.7288945,-49.1978922,brasil_aberto_first_street,True
GO,5208707,Goiânia,Jardins Munique,jardins munique,-16.7203824,-49.20291950000001,brasil_aberto_first_street,True
GO,5208707,Goiânia,Jardins Paris,jardins paris,-16.7285197,-49.2066422,brasil_aberto_first_street,True
GO,5208707,Goiânia,Jardins Valência,jardins valencia,-16.7253085,-49.205932,brasil_aberto_first_street,True
GO,5208707,Goiânia,Jardins Verona,jardins verona,-16.7199757,-49.2132885,brasil_aberto_first_street,True
GO,5208707,Goiânia,Jardins Zurique,jardins zurique,-16.674925,-49.25794,mapbox_geocoding,True
GO,5208707,Goiânia,Lorena Parque,lorena parque,-16.6952764,-49.3573593,brasil_aberto_first_street,True
GO,5208707,Goiânia,Loteamento Água Azul,loteamento agua azul,-16.644162,-49.384041,mapbox_geocoding,True
GO,5208707,Goiânia,Loteamento Alphaville Residencial,loteamento alphaville residencial,-16.7277984,-49.3746063,brasil_aberto_first_street,True
GO,5208707,Goiânia,Loteamento Areião I,loteamento areiao i,-16.7008717,-49.2454996,brasil_aberto_first_street,True
GO,5208707,Goiânia,Loteamento Aruanã Park,loteamento aruana park,-16.6928967,-49.200188,brasil_aberto_first_street,True
GO,5208707,Goiânia,Loteamento Celina Park,loteamento celina park,-16.710607,-49.3175903,brasil_aberto_first_street,True
GO,5208707,Goiânia,Loteamento Estâncias Vista Alegre,loteamento estancias vista alegre,-16.5876406,-49.1952089,brasil_aberto_first_street,True
GO,5208707,Goiânia,Loteamento Grande Retiro,loteamento grande retiro,-16.6649416,-49.1825402,brasil_aberto_first_street,True
GO,5208707,Goiânia,Loteamento Granjas Brasil,loteamento granjas brasil,-16.6113782,-49.2831268,brasil_aberto_first_street,True
GO,5208707,Goiânia,Loteamento Mansões Goianas,loteamento mansoes goianas,-16.6256457,-49.2842247,brasil_aberto_first_street,True
GO,5208707,Goiânia,Loteamento Mansões Pereira,loteamento mansoes pereira,-16.6545433,-49.2507233,brasil_aberto_first_street,True
GO,5208707,Goiânia,Loteamento Morada dos Sonhos,loteamento morada dos sonhos,-16.6005469,-49.2532733,brasil_aberto_first_street,True
GO,5208707,Goiânia,Loteamento Portal do Sol I,loteamento portal do sol i,-16.711735,-49.1905197,brasil_aberto_first_street,True
GO,5208707,Goiânia,Loteamento Portal do Sol II,loteamento portal do sol ii,-16.7277189,-49.2456246,brasil_aberto_first_street,True
GO,5208707,Goiânia,Loteamento Quinta do Rio Dourados,loteamento quinta do rio dourados,-16.6980653,-49.3222439,brasil_aberto_first_street,True
GO,5208707,Goiânia,Loteamento Shangry-Lá,loteamento shangry la,-16.5881724,-49.2637192,brasil_aberto_first_street,True
GO,5208707,Goiânia,Loteamento Tropical Verde,loteamento tropical verde,-16.6870264,-49.3451468,brasil_aberto_first_street,True
GO,5208707,Goiânia,Loteamento Tropical Ville,loteamento tropical ville,-16.65321,-49.3823162,brasil_aberto_first_street,True
GO,5208707,Goiânia,Loteamento Tupinambá dos Reis,loteamento tupinamba dos reis,,,brasil_aberto,True
GO,5208707,Goiânia,Loteamento Tupynambá dos Reis,loteamento tupynamba dos reis,-16.6581502,-49.1827604,brasil_aberto_first_street,True
GO,5208707,Goiânia,Loteamento Vale Verde,loteamento vale verde,-16.59609,-49.367483,mapbox_geocoding,True
GO,5208707,Goiânia,Madre Germana II - Extensão,madre germana ii extensao,-16.814875,-49.374759,mapbox_geocoding,True
GO,5208707,Goiânia,Moinho dos Ventos,moinho dos ventos,-16.7237325,-49.3520205,brasil_aberto_first_street,True
GO,5208707,Goiânia,Nossa Senhora de Fátima,nossa senhora de fatima,-16.6872709,-49.3203113,brasil_aberto_first_street,True
GO,5208707,Goiânia,Nova Suiça,nova suica,-16.719752,-49.2798913,brasil_aberto_first_street,True
GO,5208707,Goiânia,Opus Altana,opus altana,-16.674925,-49.25794,mapbox_geocoding,True
GO,5208707,Goiânia,Panorama Parque,panorama parque,-16.6402157,-49.2794703,brasil_aberto_first_street,True
GO,5208707,Goiânia,Park Lozandes,park lozandes,-16.6981112,-49.2238358,brasil_aberto_first_street,True
GO,5208707,Goiânia,Parque Acalanto,parque acalanto,-16.7330234,-49.227152,brasil_aberto_first_street,True
GO,5208707,Goiânia,Parque Aeródromo Antônio Sebba Filho,parque aerodromo antonio sebba filho,-16.6868491,-49.2707899,brasil_aberto_first_street,True
GO,5208707,Goiânia,Parque Amazônia,parque amazonia,-16.7275911,-49.2737308,brasil_aberto_first_street,True
GO,5208707,Goiânia,Parque Anhanguera,parque anhanguera,-16.7257437,-49.3005932,brasil_aberto_first_street,True
GO,5208707,Goiânia,Parque Anhanguera II,parque anhanguera ii,-16.7227303,-49.3080199,brasil_aberto_first_street,True
GO,5208707,Goiânia,Parque Atheneu,parque atheneu,-16.7476058,-49.1956813,brasil_aberto_first_street,True
GO,5208707,Goiânia,Parque Balneário,parque balneario,-16.6155177,-49.2834463,brasil_aberto_first_street,True
GO,5208707,Goiânia,Parque Bom Jesus,parque bom jesus,-16.7027695,-49.40181579999999,brasil_aberto_first_street,True
GO,5208707,Goiânia,Parque Buriti,parque buriti,-16.6433637,-49.3907484,brasil_aberto_first_street,True
GO,5208707,Goiânia,Parque Cidade,parque cidade,-16.7121632,-49.1846322,brasil_aberto_first_street,True
GO,5208707,Goiânia,Parque das Amendoeiras,parque das amendoeiras,-16.6531675,-49.1928144,brasil_aberto_first_street,True
GO,5208707,Goiânia,Parque das Amendoeiras I,parque das amendoeiras i,-16.626512,-49.233398,mapbox_geocoding,True
GO,5208707,Goiânia,Parque das Flores,parque das flores,-16.6253788,-49.2924818,brasil_aberto_first_street,True
GO,5208707,Goiânia,Parque das Flores Complemento,parque das flores complemento,-16.6284989,-49.2849504,brasil_aberto_first_street,True
GO,5208707,Goiânia,Parque das Laranjeiras,parque das laranjeiras,-16.7264091,-49.22547160000001,brasil_aberto_first_street,True
GO,5208707,Goiânia,Parque das Laranjeiras Acréscimo,parque das laranjeiras acrescimo,-16.7250456,-49.2197095,brasil_aberto_first_street,True
GO,5208707,Goiânia,Parque das Nações,parque das nacoes,-16.623295,-49.2840156,brasil_aberto_first_street,True
GO,5208707,Goiânia,"Parque das Paineiras (1,2,3 e 4 Etapa)",parque das paineiras 1 2 3 e 4 etapa,-16.7412581,-49.3427312,brasil_aberto_first_street,True
GO,5208707,Goiânia,Parque Eldorado Oeste,parque eldorado oeste,-16.68877,-49.4042182,brasil_aberto_first_street,True
GO,5208707,Goiânia,Parque Eldorado Oeste Extensão,parque eldorado oeste extensao,-16.6842861,-49.4088019,brasil_aberto_first_street,True
GO,5208707,Goiânia,Parque Flamboyant,parque flamboyant,-16.6790864,-49.2683755,brasil_aberto_first_street,True
GO,5208707,Goiânia,Parque Goiá Condomínio Clube,parque goia condominio clube,-16.6787273,-49.3292969,brasil_aberto_first_street,True
GO,5208707,Goiânia,Parque Industrial de Goiânia,parque industrial de goiania,-16.6605013,-49.2351878,brasil_aberto_first_street,True
GO,5208707,Goiânia,Parque Industrial João Bras 2,parque industrial joao bras 2,-16.6825335,-49.35301579999999,brasil_aberto_first_street,True
GO,5208707,Goiânia,Parque Industrial Paulista,parque industrial paulista,-16.6535451,-49.3320651,brasil_aberto_first_street,True
GO,5208707,Goiânia,Parque João Braz - Cidade Industrial,parque joao braz cidade industrial,-16.6824908,-49.3565789,brasil_aberto_first_street,True
GO,5208707,Goiânia,Parque Maracanã,parque maracana,-16.6030424,-49.3574696,brasil_aberto_first_street,True
GO,5208707,Goiânia,Parque Oeste Industrial,parque oeste industrial,-16.6952109,-49.3298477,brasil_aberto_first_street,True
GO,5208707,Goiânia,Parque Oeste Industrial Extensão,parque oeste industrial extensao,-16.6975985,-49.3294444,brasil_aberto_first_street,True
GO,5208707,Goiânia,Parque Oeste Industrial Prolongamento,parque oeste industrial prolongamento,-16.698929,-49.327513,mapbox_geocoding,True
GO,5208707,Goiânia,Parque Paraíso,parque paraiso,-16.7024718,-49.3561581,brasil_aberto_first_street,True
GO,5208707,Goiânia,Parque Santa Cruz,parque santa cruz,-16.7318566,-49.2220728,brasil_aberto_first_street,True
GO,5208707,Goiânia,Parque Santa Maria,parque santa maria,-16.6946396,-49.2011845,brasil_aberto_first_street,True
GO,5208707,Goiânia,Parque Santa Rita,parque santa rita,-16.7337337,-49.3698831,brasil_aberto_first_street,True
GO,5208707,Goiânia,Privê Residencial Elza Fronza,prive residencial elza fronza,-16.6060959,-49.3238219,brasil_aberto_first_street,True
GO,5208707,Goiânia,Privê Residencial Itanhangá,prive residencial itanhanga,-16.5736757,-49.2781268,brasil_aberto_first_street,True
GO,5208707,Goiânia,Recanto Barravento,recanto barravento,-16.6242285,-49.3051048,brasil_aberto_first_street,True
GO,5208707,Goiânia,Recreio do Funcionário Público,recreio do funcionario publico,-16.622333,-49.2355633,brasil_aberto_first_street,True
GO,5208707,Goiânia,Recreio Panorama,recreio panorama,-16.6312669,-49.3070086,brasil_aberto_first_street,True
GO,5208707,Goiânia,Reserva do Oriente,reserva do oriente,-16.747721,-49.367292,mapbox_geocoding,True
GO,5208707,Goiânia,Residencial 14 Bis,residencial 14 bis,-16.6523874,-49.3514537,brasil_aberto_first_street,True
GO,5208707,Goiânia,Residencial 14 Bis Extensão,residencial 14 bis extensao,-16.6523874,-49.3514537,brasil_aberto_first_street,True
GO,5208707,Goiânia,Residencial Acrópole II,residencial acropole ii,-16.7402959,-49.3572418,brasil_aberto_first_street,True
GO,5208707,Goiânia,Residencial Aldeia do Vale,residencial aldeia do vale,-16.6116837,-49.1855809,brasil_aberto_first_street,True
GO,5208707,Goiânia,Residencial Alfa,residencial alfa,-16.719752,-49.2798913,brasil_aberto_first_street,True
GO,5208707,Goiânia,Residencial Alice Barbosa,residencial alice barbosa,-16.5918917,-49.267862,brasil_aberto_first_street,True
GO,5208707,Goiânia,Residencial Alice Barbosa Extensão,residencial alice barbosa extensao,-16.6086435,-49.2559921,brasil_aberto_first_street,True
GO,5208707,Goiânia,Residencial Alice Barbosa I,residencial alice barbosa i,-16.5918917,-49.267862,brasil_aberto_first_street,True
GO,5208707,Goiânia,Residencial Alphaville Flamboyant,residencial alphaville flamboyant,-16.7135072,-49.2014528,brasil_aberto_first_street,True
GO,5208707,Goiânia,Residencial Ana Clara,residencial ana clara,-16.7824277,-49.3659101,brasil_aberto_first_street,True
GO,5208707,Goiânia,Residencial Ana Moraes,residencial ana moraes,-16.7401454,-49.3226165,brasil_aberto_first_street,True
GO,5208707,Goiânia,Residencial Anglo,residencial anglo,-16.6219305,-49.3209617,brasil_aberto_first_street,True
GO,5208707,Goiânia,Residencial Anicuns,residencial anicuns,-16.6766935,-49.3297408,brasil_aberto_first_street,True
GO,5208707,Goiânia,Residencial Antônio Barbosa,residencial antonio barbosa,-16.5917247,-49.268428,brasil_aberto_first_street,True
GO,5208707,Goiânia,Residencial Antônio Carlos Pires,residencial antonio carlos pires,-16.5472179,-49.271872,brasil_aberto_first_street,True
GO,5208707,Goiânia,Residencial Aquários,residencial aquarios,-16.7280219,-49.3310572,brasil_aberto_first_street,True
GO,5208707,Goiânia,Residencial Aquários II,residencial aquarios ii,-16.727066,-49.3277987,brasil_aberto_first_street,True
GO,5208707,Goiânia,Residencial Arco Verde,residencial arco verde,-16.6868491,-49.2707899,brasil_aberto_first_street,True
GO,5208707,Goiânia,Residencial Aruanã,residencial aruana,-16.6973296,-49.1946786,brasil_aberto_first_street,True
GO,5208707,Goiânia,Residencial Atalaia,residencial atalaia,-16.5991905,-49.2543952,brasil_aberto_first_street,True
GO,5208707,Goiânia,Residencial Balneário,residencial balneario,-16.6059546,-49.2944509,brasil_aberto_first_street,True
GO,5208707,Goiânia,Residencial Barcelona,residencial barcelona,-16.7474999,-49.3376024,brasil_aberto_first_street,True
GO,5208707,Goiânia,Residencial Barravento,residencial barravento,-16.6205405,-49.305361,brasil_aberto_first_street,True
GO,5208707,Goiânia,Residencial Beatriz Nascimento,residencial beatriz nascimento,-16.6992683,-49.3777487,brasil_aberto_first_street,True
GO,5208707,Goiânia,Residencial Bela Goiânia,residencial bela goiania,-16.5871503,-49.2118346,brasil_aberto_first_street,True
GO,5208707,Goiânia,Residencial Belo Horizonte,residencial belo horizonte,-16.6409526,-49.1847363,brasil_aberto_first_street,True
GO,5208707,Goiânia,Residencial Belo Horizonte Complemento,residencial belo horizonte complemento,-16.6400802,-49.1858649,brasil_aberto_first_street,True
GO,5208707,Goiânia,Residencial Bertim Belchior 1ª etapa,residencial bertim belchior 1a etapa,-16.6953233,-49.4084526,brasil_aberto_first_street,True
GO,5208707,Goiânia,Residencial Bertim Belchior 2ª etapa,residencial bertim belchior 2a etapa,-16.6953233,-49.4084526,brasil_aberto_first_street,True
GO,5208707,Goiânia,Residencial Bethel,residencial bethel,-16.6531477,-49.2731161,brasil_aberto_first_street,True
GO,5208707,Goiânia,Residencial Brasil Central,residencial brasil central,-16.7243742,-49.3523481,brasil_aberto_first_street,True
GO,5208707,Goiânia,Residencial Brisas da Mata,residencial brisas da mata,-16.6021662,-49.3105567,brasil_aberto_first_street,True
GO,5208707,Goiânia,Residencial Brisas do Cerrado,residencial brisas do cerrado,-16.7578142,-49.1923065,brasil_aberto_first_street,True
GO,5208707,Goiânia,Residencial Buena Vista I,residencial buena vista i,-16.7302196,-49.4107543,brasil_aberto_first_street,True
GO,5208707,Goiânia,Residencial Buena Vista II,residencial buena vista ii,-16.7286955,-49.4026815,brasil_aberto_first_street,True
GO,5208707,Goiânia,Residencial Buena Vista III,residencial buena vista iii,-16.7205907,-49.392699,brasil_aberto_first_street,True
GO,5208707,Goiânia,Residencial Buena Vista IV,residencial buena vista iv,-16.7186499,-49.391438,brasil_aberto_first_street,True
GO,5208707,Goiânia,Residencial Campos Dourados,residencial campos dourados,-16.8001483,-49.3656852,brasil_aberto_first_street,True
GO,5208707,Goiânia,Residencial Campus,residencial campus,-16.5936096,-49.2611277,brasil_aberto_first_street,True
GO,5208707,Goiânia,Residencial Canadá,residencial canada,-16.72614,-49.33873999999999,brasil_aberto_first_street,True
GO,5208707,Goiânia,Residencial Caribe,residencial caribe,-16.728855,-49.27509,mapbox_geocoding,True
GO,5208707,Goiânia,Residencial Carla Cristina,residencial carla cristina,-16.63091,-49.36096,brasil_aberto_first_street,True
GO,5208707,Goiânia,Residencial Carlos de Freitas,residencial carlos de freitas,-16.649991,-49.206865,mapbox_geocoding,True
GO,5208707,Goiânia,Residencial Center Ville,residencial center ville,-16.7474999,-49.3376024,brasil_aberto_first_street,True
GO,5208707,Goiânia,Residencial Cidade Verde,residencial cidade verde,-16.6736025,-49.3326355,brasil_aberto_first_street,True
GO,5208707,Goiânia,Residencial Cidade Viva,residencial cidade viva,-16.674925,-49.25794,mapbox_geocoding,True
GO,5208707,Goiânia,Residencial Cléa Borges,residencial clea borges,-16.6947358,-49.202573,brasil_aberto_first_street,True
GO,5208707,Goiânia,Residencial Costa Paranhos,residencial costa paranhos,-16.6514572,-49.1692317,brasil_aberto_first_street,True
GO,5208707,Goiânia,Residencial das Acácias,residencial das acacias,-16.6219646,-49.2988047,brasil_aberto_first_street,True
GO,5208707,Goiânia,Residencial Della Penna,residencial della penna,-16.7151917,-49.3815242,brasil_aberto_first_street,True
GO,5208707,Goiânia,Residencial Della Penna Extensão,residencial della penna extensao,-16.7136142,-49.3803555,brasil_aberto_first_street,True
GO,5208707,Goiânia,Residencial Dezopi,residencial dezopi,-16.6586476,-49.3680206,brasil_aberto_first_street,True
GO,5208707,Goiânia,Residencial Dom Rafael,residencial dom rafael,-16.6971602,-49.3414053,brasil_aberto_first_street,True
GO,5208707,Goiânia,Residencial dos Ipês,residencial dos ipes,-16.5974762,-49.2556395,brasil_aberto_first_street,True
GO,5208707,Goiânia,Residencial dos Ipês Extensão,residencial dos ipes extensao,-16.5950454,-49.254139,brasil_aberto_first_street,True
GO,5208707,Goiânia,Residencial Edilberto Nascimento,residencial edilberto nascimento,-16.697117,-49.380072,mapbox_geocoding,True
GO,5208707,Goiânia,Residencial Eldorado,residencial eldorado,-16.7090963,-49.3247585,brasil_aberto_first_street,True
GO,5208707,Goiânia,Residencial Eldorado Expansão,residencial eldorado expansao,-16.7047722,-49.3259698,brasil_aberto_first_street,True
GO,5208707,Goiânia,Residencial Eli Forte,residencial eli forte,-16.731689,-49.3526539,brasil_aberto_first_street,True
GO,5208707,Goiânia,Residencial Eli Forte Extensão,residencial eli forte extensao,-16.731689,-49.3526539,brasil_aberto_first_street,True
GO,5208707,Goiânia,Residencial Elizene Santana,residencial elizene santana,-16.5967955,-49.2188366,brasil_aberto_first_street,True
GO,5208707,Goiânia,Residencial Estrela Dalva,residencial estrela dalva,-16.5959502,-49.319401,brasil_aberto_first_street,True
GO,5208707,Goiânia,Residencial Felicidade,residencial felicidade,-16.6108182,-49.22296679999999,brasil_aberto_first_street,True
GO,5208707,Goiânia,Residencial Fidelis,residencial fidelis,-16.7431096,-49.3672718,brasil_aberto_first_street,True
GO,5208707,Goiânia,Residencial Flamingo,residencial flamingo,-16.740423,-49.3326185,brasil_aberto_first_street,True
GO,5208707,Goiânia,Residencial Flores do Cerrado,residencial flores do cerrado,-16.605717,-49.383707,mapbox_geocoding,True
GO,5208707,Goiânia,Residencial Flórida,residencial florida,-16.726434,-49.354344,mapbox_geocoding,True
GO,5208707,Goiânia,Residencial Fonte das Águas,residencial fonte das aguas,-16.6005296,-49.3804046,brasil_aberto_first_street,True
GO,5208707,Goiânia,Residencial Fortaleza,residencial fortaleza,-16.6093549,-49.3481311,brasil_aberto_first_street,True
GO,5208707,Goiânia,Residencial Forteville,residencial forteville,-16.7390946,-49.3700137,brasil_aberto_first_street,True
GO,5208707,Goiânia,Residencial Forteville Extensão,residencial forteville extensao,-16.7473866,-49.3724218,brasil_aberto_first_street,True
GO,5208707,Goiânia,Residencial Frei Galvão,residencial frei galvao,-13.721134,-47.455442,mapbox_geocoding,True
GO,5208707,Goiânia,Residencial Goiânia Golfe Clube,residencial goiania golfe clube,-16.74677,-49.1678638,brasil_aberto_first_street,True
GO,5208707,Goiânia,Residencial Goiânia Viva,residencial goiania viva,-16.6987468,-49.3445744,brasil_aberto_first_street,True
GO,5208707,Goiânia,Residencial Goyaz Park,residencial goyaz park,-16.7055894,-49.3773312,brasil_aberto_first_street,True
GO,5208707,Goiânia,Residencial Granville,residencial granville,-16.7125165,-49.3277291,brasil_aberto_first_street,True
GO,5208707,Goiânia,Residencial Green Park,residencial green park,-16.6165702,-49.3566267,brasil_aberto_first_street,True
GO,5208707,Goiânia,Residencial Guanabara,residencial guanabara,-16.6082738,-49.2290503,brasil_aberto_first_street,True
GO,5208707,Goiânia,Residencial Guarema,residencial guarema,-16.6382854,-49.2845857,brasil_aberto_first_street,True
GO,5208707,Goiânia,Residencial Havaí,residencial havai,,,brasil_aberto,True
GO,5208707,Goiânia,Residencial Havaí Extensão,residencial havai extensao,-16.6797737,-49.2505564,brasil_aberto_first_street,True
GO,5208707,Goiânia,Residencial Hawai,residencial hawai,-16.656663,-49.201839,mapbox_geocoding,True
GO,5208707,Goiânia,Residencial Hugo de Moraes,residencial hugo de moraes,-16.6396407,-49.2997094,brasil_aberto_first_street,True
GO,5208707,Goiânia,Residencial Humaitá,residencial humaita,-16.622154,-49.2761581,brasil_aberto_first_street,True
GO,5208707,Goiânia,Residencial Itaipu,residencial itaipu,-16.7881436,-49.3718331,brasil_aberto_first_street,True
GO,5208707,Goiânia,Residencial Itaipu I,residencial itaipu i,-16.8036745,-49.36293089999999,brasil_aberto_first_street,True
GO,5208707,Goiânia,Residencial Itália,residencial italia,-16.6248426,-49.2930432,brasil_aberto_first_street,True
GO,5208707,Goiânia,Residencial Itamaracá,residencial itamaraca,-16.6462739,-49.3004728,brasil_aberto_first_street,True
GO,5208707,Goiânia,Residencial Itamaracá I,residencial itamaraca i,-16.649708,-49.302046,mapbox_geocoding,True
GO,5208707,Goiânia,Residencial Jardim Belvedere Expansão,residencial jardim belvedere expansao,-16.6271993,-49.3117526,brasil_aberto_first_street,True
GO,5208707,Goiânia,Residencial Jardim Camargo,residencial jardim camargo,-16.6311056,-49.3427309,brasil_aberto_first_street,True
GO,5208707,Goiânia,Residencial Jardim Helou,residencial jardim helou,-16.6313124,-49.3398017,brasil_aberto_first_street,True
GO,5208707,Goiânia,Residencial Jardim Leblon,residencial jardim leblon,-16.674403,-49.3225324,brasil_aberto_first_street,True
GO,5208707,Goiânia,Residencial Jardins do Cerrado 1,residencial jardins do cerrado 1,-16.6674166,-49.418209,brasil_aberto_first_street,True
GO,5208707,Goiânia,Residencial Jardins do Cerrado 10,residencial jardins do cerrado 10,-16.6777479,-49.4371787,brasil_aberto_first_street,True
GO,5208707,Goiânia,Residencial Jardins do Cerrado 11,residencial jardins do cerrado 11,-16.6853903,-49.4419814,brasil_aberto_first_street,True
GO,5208707,Goiânia,Residencial Jardins do Cerrado 2,residencial jardins do cerrado 2,-16.6727726,-49.4128543,brasil_aberto_first_street,True
GO,5208707,Goiânia,Residencial Jardins do Cerrado 3,residencial jardins do cerrado 3,-16.6675725,-49.420903,brasil_aberto_first_street,True
GO,5208707,Goiânia,Residencial Jardins do Cerrado 4,residencial jardins do cerrado 4,-16.6635549,-49.4268429,brasil_aberto_first_street,True
GO,5208707,Goiânia,Residencial Jardins do Cerrado 5,residencial jardins do cerrado 5,-16.6661651,-49.4251251,brasil_aberto_first_street,True
GO,5208707,Goiânia,Residencial Jardins do Cerrado 6,residencial jardins do cerrado 6,-16.6661651,-49.4251251,brasil_aberto_first_street,True
GO,5208707,Goiânia,Residencial Jardins do Cerrado 7,residencial jardins do cerrado 7,-16.6786185,-49.4365209,brasil_aberto_first_street,True
GO,5208707,Goiânia,Residencial Jardins do Cerrado 8,residencial jardins do cerrado 8,-16.6777354,-49.42292250000001,brasil_aberto_first_street,True
GO,5208707,Goiânia,Residencial Jardins do Cerrado 9,residencial jardins do cerrado 9,-16.6661651,-49.4251251,brasil_aberto_first_street,True
GO,5208707,Goiânia,Residencial Jardins Londres,residencial jardins londres,-16.714979,-49.217922,mapbox_geocoding,True
GO,5208707,Goiânia,Residencial João Paulo II,residencial joao paulo ii,-16.6037967,-49.21438389999999,brasil_aberto_first_street,True
GO,5208707,Goiânia,Residencial José Viandeli,residencial jose viandeli,-16.6204741,-49.2820969,brasil_aberto_first_street,True
GO,5208707,Goiânia,Residencial Junqueira,residencial junqueira,-16.65953,-49.3788868,brasil_aberto_first_street,True
GO,5208707,Goiânia,Residencial Juscelino Kubitschek,residencial juscelino kubitschek,-16.6335009,-49.323183,brasil_aberto_first_street,True
GO,5208707,Goiânia,Residencial Kátia,residencial katia,-16.7351323,-49.3590865,brasil_aberto_first_street,True
GO,5208707,Goiânia,Residencial Licardino Ney,residencial licardino ney,-16.6151949,-49.2882432,brasil_aberto_first_street,True
GO,5208707,Goiânia,Residencial Linda Vista,residencial linda vista,-16.8212052,-49.3697969,brasil_aberto_first_street,True
GO,5208707,Goiânia,Residencial Lírios do Campo,residencial lirios do campo,-16.6919277,-49.4063545,brasil_aberto_first_street,True
GO,5208707,Goiânia,Residencial London Park,residencial london park,-16.6484212,-49.3583347,brasil_aberto_first_street,True
GO,5208707,Goiânia,Residencial Luana Park,residencial luana park,-16.6985555,-49.3626088,brasil_aberto_first_street,True
GO,5208707,Goiânia,Residencial Luana Park Continuação,residencial luana park continuacao,-16.6962138,-49.3618205,brasil_aberto_first_street,True
GO,5208707,Goiânia,Residencial Lucy Pinheiro,residencial lucy pinheiro,-16.6548608,-49.1739524,brasil_aberto_first_street,True
GO,5208707,Goiânia,Residencial Manhattan,residencial manhattan,-16.7063662,-49.2971195,brasil_aberto_first_street,True
GO,5208707,Goiânia,Residencial Mansões Paraíso,residencial mansoes paraiso,-16.6210413,-49.3451422,brasil_aberto_first_street,True
GO,5208707,Goiânia,Residencial Mar Del Plata,residencial mar del plata,-16.6637409,-49.1807302,brasil_aberto_first_street,True
GO,5208707,Goiânia,Residencial Maria Lourença,residencial maria lourenca,-16.6226043,-49.3018931,brasil_aberto_first_street,True
GO,5208707,Goiânia,Residencial Maringá,residencial maringa,-16.6435646,-49.2938522,brasil_aberto_first_street,True
GO,5208707,Goiânia,Residencial Mendanha,residencial mendanha,-16.6835657,-49.3716855,brasil_aberto_first_street,True
GO,5208707,Goiânia,Residencial Mirante,residencial mirante,-16.5878791,-49.3370335,brasil_aberto_first_street,True
GO,5208707,Goiânia,Residencial Monte Carlo,residencial monte carlo,-16.72614,-49.33873999999999,brasil_aberto_first_street,True
GO,5208707,Goiânia,Residencial Monte Pascoal,residencial monte pascoal,-16.6929981,-49.4027778,brasil_aberto_first_street,True
GO,5208707,Goiânia,Residencial Monte Pascoal II,residencial monte pascoal ii,-16.6929981,-49.4027778,brasil_aberto_first_street,True
GO,5208707,Goiânia,Residencial Montes Claros,residencial montes claros,-16.6868491,-49.2707899,brasil_aberto_first_street,True
GO,5208707,Goiânia,Residencial Morada do Bosque,residencial morada do bosque,-16.5955619,-49.2579361,brasil_aberto_first_street,True
GO,5208707,Goiânia,Residencial Morada do Ipê,residencial morada do ipe,-16.5911179,-49.2640752,brasil_aberto_first_street,True
GO,5208707,Goiânia,Residencial Morumbi,residencial morumbi,-16.6473493,-49.2760846,brasil_aberto_first_street,True
GO,5208707,Goiânia,Residencial Mundo Novo 1,residencial mundo novo 1,-16.6691522,-49.41127849999999,brasil_aberto_first_street,True
GO,5208707,Goiânia,Residencial Mundo Novo 2,residencial mundo novo 2,-16.6586002,-49.4198269,brasil_aberto_first_street,True
GO,5208707,Goiânia,Residencial Mundo Novo 3,residencial mundo novo 3,-16.6633157,-49.4226487,brasil_aberto_first_street,True
GO,5208707,Goiânia,Residencial Noroeste,residencial noroeste,-16.6371676,-49.3497922,brasil_aberto_first_street,True
GO,5208707,Goiânia,Residencial Nossa Morada,residencial nossa morada,-16.5852044,-49.2571993,brasil_aberto_first_street,True
GO,5208707,Goiânia,Residencial Nossa Senhora Auxiliadora,residencial nossa senhora auxiliadora,-16.7004623,-49.4160342,brasil_aberto_first_street,True
GO,5208707,Goiânia,Residencial Nova Aurora,residencial nova aurora,-16.6885288,-49.3721254,brasil_aberto_first_street,True
GO,5208707,Goiânia,Residencial Nunes de Morais 1ª Etapa,residencial nunes de morais 1a etapa,-16.6866433,-49.3453027,brasil_aberto_first_street,True
GO,5208707,Goiânia,Residencial Nunes de Morais 2ª Etapa,residencial nunes de morais 2a etapa,-16.6989303,-49.3423047,brasil_aberto_first_street,True
GO,5208707,Goiânia,Residencial Nunes de Morais 3ª Etapa,residencial nunes de morais 3a etapa,-16.6989303,-49.3423047,brasil_aberto_first_street,True
GO,5208707,Goiânia,Residencial Olinda,residencial olinda,-16.6859155,-49.2003903,brasil_aberto_first_street,True
GO,5208707,Goiânia,Residencial Orlando Morais,residencial orlando morais,-16.5475887,-49.2707795,brasil_aberto_first_street,True
GO,5208707,Goiânia,Residencial Ouro Preto,residencial ouro preto,-16.6351398,-49.1919759,brasil_aberto_first_street,True
GO,5208707,Goiânia,Residencial Paraíso,residencial paraiso,-16.674925,-49.25794,mapbox_geocoding,True
GO,5208707,Goiânia,Residencial Park Solar,residencial park solar,-16.6252017,-49.3574155,brasil_aberto_first_street,True
GO,5208707,Goiânia,Residencial Parque Imperial,residencial parque imperial,-16.554838,-49.271161,mapbox_geocoding,True
GO,5208707,Goiânia,Residencial Parque Mendanha,residencial parque mendanha,-16.6660025,-49.3257041,brasil_aberto_first_street,True
GO,5208707,Goiânia,Residencial Parque Oeste,residencial parque oeste,-16.6971474,-49.3375678,brasil_aberto_first_street,True
GO,5208707,Goiânia,Residencial Paulo Estrela,residencial paulo estrela,-16.6411661,-49.1785216,brasil_aberto_first_street,True
GO,5208707,Goiânia,Residencial Perim,residencial perim,-16.6488667,-49.3016963,brasil_aberto_first_street,True
GO,5208707,Goiânia,Residencial Petrópolis,residencial petropolis,-16.6638734,-49.3541777,brasil_aberto_first_street,True
GO,5208707,Goiânia,Residencial Pilar dos Sonhos,residencial pilar dos sonhos,-16.6566978,-49.3705124,brasil_aberto_first_street,True
GO,5208707,Goiânia,Residencial Ponta Negra,residencial ponta negra,-16.7122817,-49.363399,brasil_aberto_first_street,True
GO,5208707,Goiânia,Residencial Portal da Mata,residencial portal da mata,-16.6010087,-49.3126605,brasil_aberto_first_street,True
GO,5208707,Goiânia,Residencial Portal do Oriente,residencial portal do oriente,-16.7604629,-49.3678533,brasil_aberto_first_street,True
GO,5208707,Goiânia,Residencial Portal Santa Rita,residencial portal santa rita,-16.7320594,-49.3587337,brasil_aberto_first_street,True
GO,5208707,Goiânia,Residencial Portinari,residencial portinari,-16.6767637,-49.3708097,brasil_aberto_first_street,True
GO,5208707,Goiânia,Residencial Porto Dourado,residencial porto dourado,-16.7963672,-49.3603026,brasil_aberto_first_street,True
GO,5208707,Goiânia,Residencial Porto Maranata - Fazenda Dourados,residencial porto maranata fazenda dourados,-16.731284,-49.320903,mapbox_geocoding,True
GO,5208707,Goiânia,Residencial Porto Seguro,residencial porto seguro,-16.7125545,-49.3334389,brasil_aberto_first_street,True
GO,5208707,Goiânia,Residencial Português,residencial portugues,-16.647337,-49.15101079999999,brasil_aberto_first_street,True
GO,5208707,Goiânia,Residencial Primavera,residencial primavera,-16.681774,-49.3933276,brasil_aberto_first_street,True
GO,5208707,Goiânia,Residencial Privê Ilhas do Caribe,residencial prive ilhas do caribe,-16.674925,-49.25794,mapbox_geocoding,True
GO,5208707,Goiânia,Residencial Privê Norte,residencial prive norte,-16.6185609,-49.3360573,brasil_aberto_first_street,True
GO,5208707,Goiânia,Residencial Real,residencial real,-16.6223742,-49.300253,brasil_aberto_first_street,True
GO,5208707,Goiânia,Residencial Real Conquista,residencial real conquista,-16.7813114,-49.3848908,brasil_aberto_first_street,True
GO,5208707,Goiânia,Residencial Recanto das Emas,residencial recanto das emas,-16.7417347,-49.3767263,brasil_aberto_first_street,True
GO,5208707,Goiânia,Residencial Recanto das Garças,residencial recanto das garcas,-16.6452107,-49.3866068,brasil_aberto_first_street,True
GO,5208707,Goiânia,Residencial Recanto do Bosque,residencial recanto do bosque,-16.6010087,-49.3126605,brasil_aberto_first_street,True
GO,5208707,Goiânia,Residencial Recanto dos Buritis,residencial recanto dos buritis,-16.7143758,-49.1825947,brasil_aberto_first_street,True
GO,5208707,Goiânia,Residencial Recreio Panorama,residencial recreio panorama,-16.6312669,-49.3070086,brasil_aberto_first_street,True
GO,5208707,Goiânia,Residencial Recreio Panorama Extensão,residencial recreio panorama extensao,-16.6297507,-49.3050034,brasil_aberto_first_street,True
GO,5208707,Goiânia,Residencial Rio Jordão,residencial rio jordao,-16.6418711,-49.1827914,brasil_aberto_first_street,True
GO,5208707,Goiânia,Residencial Rio Verde,residencial rio verde,-16.7367481,-49.371362,brasil_aberto_first_street,True
GO,5208707,Goiânia,Residencial San Marino,residencial san marino,-16.6854121,-49.3717523,brasil_aberto_first_street,True
GO,5208707,Goiânia,Residencial Santa Efigênia,residencial santa efigenia,-16.695307,-49.4179045,brasil_aberto_first_street,True
GO,5208707,Goiânia,Residencial Santa Fé,residencial santa fe,-16.754218,-49.3686177,brasil_aberto_first_street,True
GO,5208707,Goiânia,Residencial Santa Fé I,residencial santa fe i,-16.7529447,-49.3721821,brasil_aberto_first_street,True
GO,5208707,Goiânia,Residencial Santa Rita - 4ª Etapa,residencial santa rita 4a etapa,-16.6773236,-49.3284816,brasil_aberto_first_street,True
GO,5208707,Goiânia,Residencial São Bernardo,residencial sao bernardo,-16.6523852,-49.3764352,brasil_aberto_first_street,True
GO,5208707,Goiânia,Residencial São Geraldo,residencial sao geraldo,-16.6034366,-49.2574162,brasil_aberto_first_street,True
GO,5208707,Goiânia,Residencial São Leopoldo,residencial sao leopoldo,-16.6545961,-49.1769981,brasil_aberto_first_street,True
GO,5208707,Goiânia,Residencial São Leopoldo Complemento,residencial sao leopoldo complemento,-16.6581502,-49.1827604,brasil_aberto_first_street,True
GO,5208707,Goiânia,Residencial São Marcos,residencial sao marcos,-16.7047215,-49.3724705,brasil_aberto_first_street,True
GO,5208707,Goiânia,Residencial São Marcos I,residencial sao marcos i,-16.716444,-49.369995,mapbox_geocoding,True
GO,5208707,Goiânia,Residencial Senador Albino Boaventura,residencial senador albino boaventura,-16.6894831,-49.3479253,brasil_aberto_first_street,True
GO,5208707,Goiânia,Residencial Senador Paranhos,residencial senador paranhos,-16.6597519,-49.1860027,brasil_aberto_first_street,True
GO,5208707,Goiânia,Residencial Serra Azul Etapa I,residencial serra azul etapa i,-16.6777782,-49.3450562,brasil_aberto_first_street,True
GO,5208707,Goiânia,Residencial Serra Azul II,residencial serra azul ii,-16.6819891,-49.3432546,brasil_aberto_first_street,True
GO,5208707,Goiânia,Residencial Sevilha,residencial sevilha,-16.7439761,-49.3426928,brasil_aberto_first_street,True
GO,5208707,Goiânia,Residencial Shangri-lá I,residencial shangri la i,-16.5837818,-49.2657525,brasil_aberto_first_street,True
GO,5208707,Goiânia,Residencial Shangri-lá II,residencial shangri la ii,-16.607551,-49.327834,mapbox_geocoding,True
GO,5208707,Goiânia,Residencial Solar Bougainville,residencial solar bougainville,-16.7332396,-49.3624309,brasil_aberto_first_street,True
GO,5208707,Goiânia,Residencial Solar Ville,residencial solar ville,-16.6307394,-49.3600846,brasil_aberto_first_street,True
GO,5208707,Goiânia,Residencial Sonho Dourado,residencial sonho dourado,-16.653028,-49.196065,mapbox_geocoding,True
GO,5208707,Goiânia,Residencial Sonho Verde,residencial sonho verde,-16.6853556,-49.2118842,brasil_aberto_first_street,True
GO,5208707,Goiânia,Residencial Talismã,residencial talisma,-16.7405246,-49.353692,brasil_aberto_first_street,True
GO,5208707,Goiânia,Residencial Talismã I,residencial talisma i,-16.7440491,-49.3529225,brasil_aberto_first_street,True
GO,5208707,Goiânia,Residencial Tatyane,residencial tatyane,-16.4581354,-49.1570149,brasil_aberto_first_street,True
GO,5208707,Goiânia,Residencial Tempo Novo,residencial tempo novo,-16.6509585,-49.3829389,brasil_aberto_first_street,True
GO,5208707,Goiânia,Residencial Tuzimoto,residencial tuzimoto,-16.6778088,-49.3698332,brasil_aberto_first_street,True
GO,5208707,Goiânia,Residencial Vale da Serra,residencial vale da serra,-16.6073893,-49.2073684,brasil_aberto_first_street,True
GO,5208707,Goiânia,Residencial Vale das Brisas,residencial vale das brisas,-16.7378191,-49.177851,brasil_aberto_first_street,True
GO,5208707,Goiânia,Residencial Vale do Araguaia,residencial vale do araguaia,-16.6806317,-49.2023534,brasil_aberto_first_street,True
GO,5208707,Goiânia,Residencial Vale dos Sonhos I,residencial vale dos sonhos i,-16.5935885,-49.2093758,brasil_aberto_first_street,True
GO,5208707,Goiânia,Residencial Vale dos Sonhos II,residencial vale dos sonhos ii,-16.6066104,-49.2092343,brasil_aberto_first_street,True
GO,5208707,Goiânia,Residencial Vereda dos Buritis,residencial vereda dos buritis,-16.72614,-49.33873999999999,brasil_aberto_first_street,True
GO,5208707,Goiânia,Residencial Village Campos Verdes,residencial village campos verdes,-16.6868491,-49.2707899,brasil_aberto_first_street,True
GO,5208707,Goiânia,Residencial Village Santa Rita I,residencial village santa rita i,-16.7219792,-49.3594016,brasil_aberto_first_street,True
GO,5208707,Goiânia,Residencial Village Santa Rita II,residencial village santa rita ii,-16.7219792,-49.3594016,brasil_aberto_first_street,True
GO,5208707,Goiânia,Residencial Village Santa Rita III,residencial village santa rita iii,-16.7253991,-49.3581696,brasil_aberto_first_street,True
GO,5208707,Goiânia,Residencial Village Santa Rita IV,residencial village santa rita iv,-16.7360267,-49.3495625,brasil_aberto_first_street,True
GO,5208707,Goiânia,Residencial Villagio Toscana,residencial villagio toscana,-16.6015455,-49.2450932,brasil_aberto_first_street,True
GO,5208707,Goiânia,Residencial Ville de France,residencial ville de france,-16.7429684,-49.1881803,brasil_aberto_first_street,True
GO,5208707,Goiânia,Residencial Ytapuã,residencial ytapua,-16.6842151,-49.3940782,brasil_aberto_first_street,True
GO,5208707,Goiânia,Rodoviário,rodoviario,-16.675312,-49.2796278,brasil_aberto_first_street,True
GO,5208707,Goiânia,Santa Genoveva,santa genoveva,-16.632931,-49.2350371,brasil_aberto_first_street,True
GO,5208707,Goiânia,Santa Genoveva 2,santa genoveva 2,-16.6515591,-49.3163285,brasil_aberto_first_street,True
GO,5208707,Goiânia,Santo Hilário,santo hilario,-16.6481642,-49.1917575,brasil_aberto_first_street,True
GO,5208707,Goiânia,Santo Hilário Expansão,santo hilario expansao,-16.6967021,-49.2188417,brasil_aberto_first_street,True
GO,5208707,Goiânia,Santo Hilário II,santo hilario ii,-16.6514027,-49.1966604,brasil_aberto_first_street,True
GO,5208707,Goiânia,São Carlos,sao carlos,-16.5959537,-49.3511419,brasil_aberto_first_street,True
GO,5208707,Goiânia,São Domingos,sao domingos,-16.5876009,-49.3375478,brasil_aberto_first_street,True
GO,5208707,Goiânia,São Francisco,sao francisco,-16.6684217,-49.3269732,brasil_aberto_first_street,True
GO,5208707,Goiânia,Serrinha,serrinha,-16.7245876,-49.2670256,brasil_aberto_first_street,True
GO,5208707,Goiânia,Setor Aeroporto,setor aeroporto,-16.6778384,-49.268516,brasil_aberto_first_street,True
GO,5208707,Goiânia,Setor Alto do Vale,setor alto do vale,-16.618221,-49.3089445,brasil_aberto_first_street,True
GO,5208707,Goiânia,Setor Amim Camargo,setor amim camargo,-16.7663964,-49.3644431,brasil_aberto_first_street,True
GO,5208707,Goiânia,Setor Andréia,setor andreia,-16.7676706,-49.3530014,brasil_aberto_first_street,True
GO,5208707,Goiânia,Setor Areião II,setor areiao ii,-16.7047872,-49.2526615,brasil_aberto_first_street,True
GO,5208707,Goiânia,Setor Asa Branca,setor asa branca,-16.6082915,-49.2069864,brasil_aberto_first_street,True
GO,5208707,Goiânia,Setor Barra da Tijuca,setor barra da tijuca,-16.6570674,-49.3610142,brasil_aberto_first_street,True
GO,5208707,Goiânia,Setor Bela Vista,setor bela vista,-16.7150002,-49.2585651,brasil_aberto_first_street,True
GO,5208707,Goiânia,Setor Bueno,setor bueno,-16.7072186,-49.2640925,brasil_aberto_first_street,True
GO,5208707,Goiânia,Setor Campinas,setor campinas,-16.6677209,-49.2950203,brasil_aberto_first_street,True
GO,5208707,Goiânia,Setor Cândida de Morais,setor candida de morais,-16.6512335,-49.3204541,brasil_aberto_first_street,True
GO,5208707,Goiânia,Setor Castelo Branco,setor castelo branco,-16.6852299,-49.2975676,brasil_aberto_first_street,True
GO,5208707,Goiânia,Setor Central,setor central,-16.6755234,-49.2505136,brasil_aberto_first_street,True
GO,5208707,Goiânia,Setor Centro Oeste,setor centro oeste,-16.6790864,-49.2683755,brasil_aberto_first_street,True
GO,5208707,Goiânia,Setor Coimbra,setor coimbra,-16.675312,-49.2796278,brasil_aberto_first_street,True
GO,5208707,Goiânia,Setor Criméia Leste,setor crimeia leste,-16.6542288,-49.2571097,brasil_aberto_first_street,True
GO,5208707,Goiânia,Setor Criméia Oeste,setor crimeia oeste,-16.6503465,-49.270517,brasil_aberto_first_street,True
GO,5208707,Goiânia,Setor Cristina,setor cristina,-16.7641592,-49.3683319,brasil_aberto_first_street,True
GO,5208707,Goiânia,Setor das Nações,setor das nacoes,-16.684662,-49.3764953,brasil_aberto_first_street,True
GO,5208707,Goiânia,Setor das Nações Extensão,setor das nacoes extensao,-16.6845455,-49.3792028,brasil_aberto_first_street,True
GO,5208707,Goiânia,Setor Delta Village,setor delta village,-16.6666102,-49.2038971,brasil_aberto_first_street,True
GO,5208707,Goiânia,Setor dos Afonsos,setor dos afonsos,-16.7380488,-49.2694069,brasil_aberto_first_street,True
GO,5208707,Goiânia,Setor dos Dourados,setor dos dourados,-16.7679383,-49.3523498,brasil_aberto_first_street,True
GO,5208707,Goiânia,Setor dos Dourados Extensão,setor dos dourados extensao,-16.7674954,-49.3506222,brasil_aberto_first_street,True
GO,5208707,Goiânia,Setor dos Funcionários,setor dos funcionarios,-16.662892,-49.2695348,brasil_aberto_first_street,True
GO,5208707,Goiânia,Setor Empresarial,setor empresarial,-16.6434529,-49.3102463,brasil_aberto_first_street,True
GO,5208707,Goiânia,Setor Estrela Dalva,setor estrela dalva,-16.5959502,-49.319401,brasil_aberto_first_street,True
GO,5208707,Goiânia,Setor Expansão Grande Retiro,setor expansao grande retiro,-16.6948877,-49.3323505,brasil_aberto_first_street,True
GO,5208707,Goiânia,Setor Faiçalville,setor faicalville,-16.7442203,-49.3173154,brasil_aberto_first_street,True
GO,5208707,Goiânia,Setor Garavelo,setor garavelo,-16.7539463,-49.3392618,brasil_aberto_first_street,True
GO,5208707,Goiânia,Setor Gentil Meireles,setor gentil meireles,-16.6475407,-49.2886699,brasil_aberto_first_street,True
GO,5208707,Goiânia,Setor Grajaú,setor grajau,-16.7633045,-49.3658344,brasil_aberto_first_street,True
GO,5208707,Goiânia,Setor Jaó,setor jao,-16.6429532,-49.22934830000001,brasil_aberto_first_street,True
GO,5208707,Goiânia,Setor Jardim Ana Flávia,setor jardim ana flavia,-16.6630149,-49.2541909,brasil_aberto_first_street,True
GO,5208707,Goiânia,Setor Leste Universitário,setor leste universitario,-16.677156,-49.2494874,brasil_aberto_first_street,True
GO,5208707,Goiânia,Setor Leste Vila Nova,setor leste vila nova,-16.6678451,-49.2508346,brasil_aberto_first_street,True
GO,5208707,Goiânia,Setor Marabá,setor maraba,-16.645961,-49.3126926,brasil_aberto_first_street,True
GO,5208707,Goiânia,Setor Marabá Extensão,setor maraba extensao,-16.645961,-49.3126926,brasil_aberto_first_street,True
GO,5208707,Goiânia,Setor Marechal Rondon,setor marechal rondon,-16.6671274,-49.2744751,brasil_aberto_first_street,True
GO,5208707,Goiânia,Setor Maria Celeste,setor maria celeste,-16.7664172,-49.3513782,brasil_aberto_first_street,True
GO,5208707,Goiânia,Setor Maria Rosa,setor maria rosa,-16.6145482,-49.2487267,brasil_aberto_first_street,True
GO,5208707,Goiânia,Setor Marista,setor marista,-16.7072553,-49.2607039,brasil_aberto_first_street,True
GO,5208707,Goiânia,Setor Maysa Extensão,setor maysa extensao,-16.6354672,-49.384217,brasil_aberto_first_street,True
GO,5208707,Goiânia,Setor Morada do Sol,setor morada do sol,-16.6264868,-49.3265578,brasil_aberto_first_street,True
GO,5208707,Goiânia,Setor Morais,setor morais,-16.6758561,-49.2617457,brasil_aberto_first_street,True
GO,5208707,Goiânia,Setor Negrão de Lima,setor negrao de lima,-16.657386,-49.2456531,brasil_aberto_first_street,True
GO,5208707,Goiânia,Setor Noroeste,setor noroeste,-16.6403621,-49.3161172,brasil_aberto_first_street,True
GO,5208707,Goiânia,Setor Norte Ferroviário,setor norte ferroviario,-16.6758251,-49.2504826,brasil_aberto_first_street,True
GO,5208707,Goiânia,Setor Norte Ferroviário II,setor norte ferroviario ii,-16.6547873,-49.2631374,brasil_aberto_first_street,True
GO,5208707,Goiânia,Setor Nova Vila,setor nova vila,-16.6568225,-49.2525355,brasil_aberto_first_street,True
GO,5208707,Goiânia,Setor Novo Horizonte,setor novo horizonte,-16.7242015,-49.381577,brasil_aberto_first_street,True
GO,5208707,Goiânia,Setor Novo Planalto,setor novo planalto,-16.6216087,-49.3462542,brasil_aberto_first_street,True
GO,5208707,Goiânia,Setor Oeste,setor oeste,-16.6810948,-49.2719192,brasil_aberto_first_street,True
GO,5208707,Goiânia,Setor Orientville,setor orientville,-16.7474999,-49.3376024,brasil_aberto_first_street,True
GO,5208707,Goiânia,Setor Parque Tremendão,setor parque tremendao,-16.6059501,-49.3289054,brasil_aberto_first_street,True
GO,5208707,Goiânia,Setor Pedro Ludovico,setor pedro ludovico,-16.714949,-49.2509391,brasil_aberto_first_street,True
GO,5208707,Goiânia,Setor Perim,setor perim,-16.648301,-49.2967995,brasil_aberto_first_street,True
GO,5208707,Goiânia,Setor Perim Continuação,setor perim continuacao,-16.6469728,-49.2983536,brasil_aberto_first_street,True
GO,5208707,Goiânia,Setor Progresso,setor progresso,-16.6504256,-49.2913306,brasil_aberto_first_street,True
GO,5208707,Goiânia,Setor Rasmussem,setor rasmussem,-16.6585007,-49.2401299,brasil_aberto_first_street,True
GO,5208707,Goiânia,Setor Recanto das Minas Gerais,setor recanto das minas gerais,-16.6413596,-49.188992,brasil_aberto_first_street,True
GO,5208707,Goiânia,Setor Rio Formoso,setor rio formoso,-16.7215781,-49.3287218,brasil_aberto_first_street,True
GO,5208707,Goiânia,Setor Santa Rita,setor santa rita,-16.675081,-49.2591128,brasil_aberto_first_street,True
GO,5208707,Goiânia,Setor Santa Rita II,setor santa rita ii,-16.7029761,-49.3284277,brasil_aberto_first_street,True
GO,5208707,Goiânia,Setor Santa Rita VII,setor santa rita vii,-16.7360219,-49.3401524,brasil_aberto_first_street,True
GO,5208707,Goiânia,Setor Santos Dumont,setor santos dumont,-16.6505336,-49.3437571,brasil_aberto_first_street,True
GO,5208707,Goiânia,Setor São José,setor sao jose,-16.6562167,-49.3062957,brasil_aberto_first_street,True
GO,5208707,Goiânia,Setor Sevene,setor sevene,-16.6376086,-49.2914703,brasil_aberto_first_street,True
GO,5208707,Goiânia,Setor Sol Nascente,setor sol nascente,-16.6865274,-49.2914351,brasil_aberto_first_street,True
GO,5208707,Goiânia,Setor Solar Santa Rita,setor solar santa rita,-16.7320594,-49.3587337,brasil_aberto_first_street,True
GO,5208707,Goiânia,Setor Sudoeste,setor sudoeste,-16.6892027,-49.2968646,brasil_aberto_first_street,True
GO,5208707,Goiânia,Setor Sul,setor sul,-16.6820224,-49.2601491,brasil_aberto_first_street,True
GO,5208707,Goiânia,Setor Tancredo Neves,setor tancredo neves,-16.7282227,-49.3315409,brasil_aberto_first_street,True
GO,5208707,Goiânia,Setor Três Marias,setor tres marias,-16.7443208,-49.3376886,brasil_aberto_first_street,True
GO,5208707,Goiânia,Setor Três Marias I,setor tres marias i,-16.7443208,-49.3376886,brasil_aberto_first_street,True
GO,5208707,Goiânia,Setor Ulisses Guimarães,setor ulisses guimaraes,-16.7301786,-49.3323794,brasil_aberto_first_street,True
GO,5208707,Goiânia,Setor União,setor uniao,-16.7073622,-49.3051996,brasil_aberto_first_street,True
GO,5208707,Goiânia,Setor Urias Magalhães,setor urias magalhaes,-16.6335182,-49.2718561,brasil_aberto_first_street,True
GO,5208707,Goiânia,Setor Urias Magalhães II,setor urias magalhaes ii,-16.637807,-49.2683562,brasil_aberto_first_street,True
GO,5208707,Goiânia,Sítio de Recreio Garavelo - Residencial Maratá,sitio de recreio garavelo residencial marata,-16.6993787,-49.35448960000001,brasil_aberto_first_street,True
GO,5208707,Goiânia,Sítio de Recreio Ipê,sitio de recreio ipe,-16.6270635,-49.1966908,brasil_aberto_first_street,True
GO,5208707,Goiânia,Sítio de Recreio Mansões Bernardo Sayão,sitio de recreio mansoes bernardo sayao,-16.6181299,-49.1891611,brasil_aberto_first_street,True
GO,5208707,Goiânia,Sítio de Recreio Panorama,sitio de recreio panorama,-16.6638486,-49.2369691,brasil_aberto_first_street,True
GO,5208707,Goiânia,Sítio de Recreio Paraíso Tropical,sitio de recreio paraiso tropical,-16.518372,-49.2562665,brasil_aberto_first_street,True
GO,5208707,Goiânia,Sítio de Recreio Pindorama,sitio de recreio pindorama,-16.674804,-49.245686,mapbox_geocoding,True
GO,5208707,Goiânia,Sítios de Recreio Caraíbas,sitios de recreio caraibas,-16.5626204,-49.2799082,brasil_aberto_first_street,True
GO,5208707,Goiânia,Sítios de Recreio dos Bandeirantes,sitios de recreio dos bandeirantes,-16.613216,-49.3756144,brasil_aberto_first_street,True
GO,5208707,Goiânia,Sítios de Recreio Mansões do Campus,sitios de recreio mansoes do campus,-16.5651762,-49.2853868,brasil_aberto_first_street,True
GO,5208707,Goiânia,Sítios de Recreio São Geraldo,sitios de recreio sao geraldo,-16.587177,-49.258429,mapbox_geocoding,True
GO,5208707,Goiânia,Solange Park II,solange park ii,-16.7040293,-49.3513251,brasil_aberto_first_street,True
GO,5208707,Goiânia,Solange Park III,solange park iii,-16.7053545,-49.3568145,brasil_aberto_first_street,True
GO,5208707,Goiânia,Solange Parque Complemento,solange parque complemento,-16.7040293,-49.3513251,brasil_aberto_first_street,True
GO,5208707,Goiânia,Solange Parque Extensão,solange parque extensao,-16.7004452,-49.356369,brasil_aberto_first_street,True
GO,5208707,Goiânia,Solange Parque I,solange parque i,-16.7040293,-49.3513251,brasil_aberto_first_street,True
GO,5208707,Goiânia,Vila Abajá,vila abaja,-16.6656805,-49.291748,brasil_aberto_first_street,True
GO,5208707,Goiânia,Vila Adélia,vila adelia,-16.692295,-49.3201984,brasil_aberto_first_street,True
GO,5208707,Goiânia,Vila Adélia I e III,vila adelia i e iii,-16.6879057,-49.3202639,brasil_aberto_first_street,True
GO,5208707,Goiânia,Vila Aguiar,vila aguiar,-16.6848585,-49.2916067,brasil_aberto_first_street,True
GO,5208707,Goiânia,Vila Alpes,vila alpes,-16.7083349,-49.29833199999999,brasil_aberto_first_street,True
GO,5208707,Goiânia,Vila Alto da Glória,vila alto da gloria,-16.7182776,-49.2334882,brasil_aberto_first_street,True
GO,5208707,Goiânia,Vila Alvorada,vila alvorada,-16.7091193,-49.3086891,brasil_aberto_first_street,True
GO,5208707,Goiânia,Vila Americano do Brasil,vila americano do brasil,-16.6877033,-49.2846517,brasil_aberto_first_street,True
GO,5208707,Goiânia,Vila Anchieta,vila anchieta,-16.6934867,-49.3136247,brasil_aberto_first_street,True
GO,5208707,Goiânia,Vila Aurora Oeste,vila aurora oeste,-16.6808102,-49.308116,brasil_aberto_first_street,True
GO,5208707,Goiânia,Vila Bandeirantes,vila bandeirantes,-16.6708701,-49.2256517,brasil_aberto_first_street,True
GO,5208707,Goiânia,Vila Bela,vila bela,-16.7083141,-49.2975622,brasil_aberto_first_street,True
GO,5208707,Goiânia,Vila Boa Sorte,vila boa sorte,-16.6875696,-49.2913149,brasil_aberto_first_street,True
GO,5208707,Goiânia,Vila Canaã,vila canaa,-16.6895511,-49.315448,brasil_aberto_first_street,True
GO,5208707,Goiânia,Vila Clemente,vila clemente,-16.6504256,-49.2913306,brasil_aberto_first_street,True
GO,5208707,Goiânia,Vila Colemar Natal e Silva,vila colemar natal e silva,-16.6708387,-49.2329311,brasil_aberto_first_street,True
GO,5208707,Goiânia,Vila Concórdia,vila concordia,-16.6594742,-49.1881913,brasil_aberto_first_street,True
GO,5208707,Goiânia,Vila Cristina,vila cristina,-16.6409496,-49.2932748,brasil_aberto_first_street,True
GO,5208707,Goiânia,Vila Cristina Continuação,vila cristina continuacao,-16.638392,-49.2946366,brasil_aberto_first_street,True
GO,5208707,Goiânia,Vila Cristina Extensão,vila cristina extensao,-16.6396026,-49.2944022,brasil_aberto_first_street,True
GO,5208707,Goiânia,Vila Divino Pai Eterno,vila divino pai eterno,-16.7294101,-49.271724,brasil_aberto_first_street,True
GO,5208707,Goiânia,Vila dos Oficiais,vila dos oficiais,-16.6172097,-49.2302896,brasil_aberto_first_street,True
GO,5208707,Goiânia,Vila dos Subtenentes e Sargentos,vila dos subtenentes e sargentos,-16.6248432,-49.2279888,brasil_aberto_first_street,True
GO,5208707,Goiânia,Vila Felicidade,vila felicidade,-16.6088959,-49.2201494,brasil_aberto_first_street,True
GO,5208707,Goiânia,Vila Fernandes,vila fernandes,-16.6531477,-49.2731161,brasil_aberto_first_street,True
GO,5208707,Goiânia,Vila Finsocial,vila finsocial,-16.6255597,-49.3228578,brasil_aberto_first_street,True
GO,5208707,Goiânia,Vila Fróes,vila froes,-16.6549357,-49.2560201,brasil_aberto_first_street,True
GO,5208707,Goiânia,Vila Irany,vila irany,-16.6575896,-49.2930156,brasil_aberto_first_street,True
GO,5208707,Goiânia,Vila Isaura,vila isaura,-16.6622745,-49.2822729,brasil_aberto_first_street,True
GO,5208707,Goiânia,Vila Itatiaia,vila itatiaia,-16.5955619,-49.2579361,brasil_aberto_first_street,True
GO,5208707,Goiânia,Vila Jacaré,vila jacare,-16.7467623,-49.203882,brasil_aberto_first_street,True
GO,5208707,Goiânia,Vila Jaraguá,vila jaragua,-16.6537223,-49.2555035,brasil_aberto_first_street,True
GO,5208707,Goiânia,Vila Jardim Pompéia,vila jardim pompeia,-16.6103726,-49.2401125,brasil_aberto_first_street,True
GO,5208707,Goiânia,Vila Jardim São Judas Tadeu,vila jardim sao judas tadeu,-16.6195354,-49.2531654,brasil_aberto_first_street,True
GO,5208707,Goiânia,Vila João Vaz,vila joao vaz,-16.6542737,-49.3147569,brasil_aberto_first_street,True
GO,5208707,Goiânia,Vila Legionárias,vila legionarias,-16.7277189,-49.2456246,brasil_aberto_first_street,True
GO,5208707,Goiânia,Vila Luciana,vila luciana,-16.7053924,-49.321721,brasil_aberto_first_street,True
GO,5208707,Goiânia,Vila Lucy,vila lucy,-16.6951735,-49.3109763,brasil_aberto_first_street,True
GO,5208707,Goiânia,Vila Maria Dilce,vila maria dilce,-16.6275139,-49.331768,brasil_aberto_first_street,True
GO,5208707,Goiânia,Vila Maria José,vila maria jose,-16.7102946,-49.2410839,brasil_aberto_first_street,True
GO,5208707,Goiânia,Vila Maria Luiza,vila maria luiza,-16.6874975,-49.2176313,brasil_aberto_first_street,True
GO,5208707,Goiânia,Vila Martins,vila martins,-16.669188,-49.2083185,brasil_aberto_first_street,True
GO,5208707,Goiânia,Vila Martins Extensão,vila martins extensao,-16.6729055,-49.2076356,brasil_aberto_first_street,True
GO,5208707,Goiânia,Vila Matilde,vila matilde,-16.6576588,-49.1819429,brasil_aberto_first_street,True
GO,5208707,Goiânia,Vila Mauá,vila maua,-16.6941431,-49.3169134,brasil_aberto_first_street,True
GO,5208707,Goiânia,Vila Megale,vila megale,-16.6484184,-49.2606958,brasil_aberto_first_street,True
GO,5208707,Goiânia,Vila Monticelli,vila monticelli,-16.6545433,-49.2507233,brasil_aberto_first_street,True
GO,5208707,Goiânia,Vila Mooca,vila mooca,-16.6781748,-49.3181186,brasil_aberto_first_street,True
GO,5208707,Goiânia,Vila Mooca Complemento,vila mooca complemento,-16.66387,-49.264082,mapbox_geocoding,True
GO,5208707,Goiânia,Vila Morais,vila morais,-16.6692743,-49.2243163,brasil_aberto_first_street,True
GO,5208707,Goiânia,Vila Mutirão I,vila mutirao i,-16.6089193,-49.3407525,brasil_aberto_first_street,True
GO,5208707,Goiânia,Vila Mutirão II,vila mutirao ii,-16.6089193,-49.3407525,brasil_aberto_first_street,True
GO,5208707,Goiânia,Vila Nossa Senhora Aparecida,vila nossa senhora aparecida,-16.6480988,-49.2755184,brasil_aberto_first_street,True
GO,5208707,Goiânia,Vila Nova Canaã,vila nova canaa,-16.6895511,-49.315448,brasil_aberto_first_street,True
GO,5208707,Goiânia,Vila Ofugi,vila ofugi,-16.6529653,-49.2839479,brasil_aberto_first_street,True
GO,5208707,Goiânia,Vila Oswaldo Rosa,vila oswaldo rosa,-16.6668779,-49.2324106,brasil_aberto_first_street,True
GO,5208707,Goiânia,Vila Paraíso,vila paraiso,-16.6562201,-49.2763622,brasil_aberto_first_street,True
GO,5208707,Goiânia,Vila Pedroso,vila pedroso,-16.6649416,-49.1825402,brasil_aberto_first_street,True
GO,5208707,Goiânia,Vila Pedroso - Expansão,vila pedroso expansao,-16.6580924,-49.1773565,brasil_aberto_first_street,True
GO,5208707,Goiânia,Vila Perdiz,vila perdiz,-16.6522282,-49.2799398,brasil_aberto_first_street,True
GO,5208707,Goiânia,Vila Redenção,vila redencao,-16.7171785,-49.2416928,brasil_aberto_first_street,True
GO,5208707,Goiânia,Vila Regina,vila regina,-16.654268,-49.3310626,brasil_aberto_first_street,True
GO,5208707,Goiânia,Vila Rezende,vila rezende,-16.6792563,-49.2566467,brasil_aberto_first_street,True
GO,5208707,Goiânia,Vila Rizzo,vila rizzo,-16.7193221,-49.3783193,brasil_aberto_first_street,True
GO,5208707,Goiânia,Vila Romana,vila romana,-16.678926,-49.226385,mapbox_geocoding,True
GO,5208707,Goiânia,Vila Rosa,vila rosa,-16.7428635,-49.2902214,brasil_aberto_first_street,True
GO,5208707,Goiânia,Vila Santa Cruz,vila santa cruz,-16.6127186,-49.21041,brasil_aberto_first_street,True
GO,5208707,Goiânia,Vila Santa Efigênia,vila santa efigenia,-16.6895447,-49.2905473,brasil_aberto_first_street,True
GO,5208707,Goiânia,Vila Santa Helena,vila santa helena,-16.6532529,-49.2842392,brasil_aberto_first_street,True
GO,5208707,Goiânia,Vila Santa Isabel,vila santa isabel,-16.6702268,-49.228558,brasil_aberto_first_street,True
GO,5208707,Goiânia,Vila Santa Maria - Conjunto Caiçara,vila santa maria conjunto caicara,-16.6565223,-49.2125289,brasil_aberto_first_street,True
GO,5208707,Goiânia,Vila Santa Maria Extensão,vila santa maria extensao,-16.656164,-49.2133707,brasil_aberto_first_street,True
GO,5208707,Goiânia,Vila Santa Rita,vila santa rita,-16.6793875,-49.3188542,brasil_aberto_first_street,True
GO,5208707,Goiânia,Vila Santa Rita - 5ª Etapa,vila santa rita 5a etapa,-16.7310089,-49.3395259,brasil_aberto_first_street,True
GO,5208707,Goiânia,Vila Santa Rita Acréscimo,vila santa rita acrescimo,-16.6793875,-49.3188542,brasil_aberto_first_street,True
GO,5208707,Goiânia,Vila Santana,vila santana,-16.659839,-49.2883408,brasil_aberto_first_street,True
GO,5208707,Goiânia,Vila Santo Afonso,vila santo afonso,-16.7123364,-49.2394061,brasil_aberto_first_street,True
GO,5208707,Goiânia,Vila São Francisco,vila sao francisco,-16.6790864,-49.2683755,brasil_aberto_first_street,True
GO,5208707,Goiânia,Vila São João,vila sao joao,-16.710256,-49.2425578,brasil_aberto_first_street,True
GO,5208707,Goiânia,Vila São José Complemento,vila sao jose complemento,-16.6630149,-49.2541909,brasil_aberto_first_street,True
GO,5208707,Goiânia,Vila São José Extensão,vila sao jose extensao,-16.6630149,-49.2541909,brasil_aberto_first_street,True
GO,5208707,Goiânia,Vila São Luiz,vila sao luiz,-16.6529653,-49.2839479,brasil_aberto_first_street,True
GO,5208707,Goiânia,Vila São Paulo,vila sao paulo,-16.723604,-49.2294441,brasil_aberto_first_street,True
GO,5208707,Goiânia,Vila São Tomaz,vila sao tomaz,-16.7446562,-49.2769133,brasil_aberto_first_street,True
GO,5208707,Goiânia,Vila Teófilo Neto,vila teofilo neto,-16.6864369,-49.289249,brasil_aberto_first_street,True
GO,5208707,Goiânia,Vila Vera Cruz,vila vera cruz,-16.6755109,-49.2728165,brasil_aberto_first_street,True
GO,5208707,Goiânia,Vila Viana,vila viana,-16.66387,-49.264082,mapbox_geocoding,True
GO,5208707,Goiânia,Vila Viandeli,vila viandeli,-16.6811971,-49.2921614,brasil_aberto_first_street,True
GO,5208707,Goiânia,Vila Xavier,vila xavier,-16.6622826,-49.2822579,brasil_aberto_first_street,True
GO,5208707,Goiânia,Vila Yate,vila yate,-16.6658929,-49.2280869,brasil_aberto_first_street,True
GO,5208707,Goiânia,Village Atalaia,village atalaia,-16.5926827,-49.2591301,brasil_aberto_first_street,True
GO,5208707,Goiânia,Village Casa Grande,village casa grande,-16.6131856,-49.2677062,brasil_aberto_first_street,True
GO,5208707,Goiânia,Village Maringá,village maringa,-23.4209995,-51.9330558,brasil_aberto_first_street,True
GO,5208707,Goiânia,Village Santa Rita,village santa rita,-16.7249447,-49.3662788,brasil_aberto_first_street,True
GO,5208707,Goiânia,Village Veneza,village veneza,-16.7203463,-49.3260933,brasil_aberto_first_street,True
GO,5208707,Goiânia,Villagio Veneto,villagio veneto,-16.674925,-49.25794,mapbox_geocoding,True
GO,5208707,Goiânia,Villar Baviera,villar baviera,-16.8203571,-49.3942908,brasil_aberto_first_street,True
GO,5208707,Goiânia,Zona Industrial Pedro Abrão,zona industrial pedro abrao,-16.6396407,-49.2997094,brasil_aberto_first_street,True
GO,5208806,Goianira,Área Rural,area rural,-16.5063728,-49.4223375,brasil_aberto_first_street,True
GO,5208806,Goianira,Centro,centro,-16.4960309,-49.4246395,brasil_aberto_first_street,True
GO,5208806,Goianira,Cidade das Flores,cidade das flores,-16.4891183,-49.4286457,brasil_aberto_first_street,True
GO,5208806,Goianira,Condomínio Villágio Baiocchi,condominio villagio baiocchi,-16.5590583,-49.40557020000001,brasil_aberto_first_street,True
GO,5208806,Goianira,Distrito Agroindustrial de Goianira,distrito agroindustrial de goianira,-16.5215253,-49.4141522,brasil_aberto_first_street,True
GO,5208806,Goianira,Fonte das Águas,fonte das aguas,-16.6005797,-49.3767388,brasil_aberto_first_street,True
GO,5208806,Goianira,Fonte das Águas II,fonte das aguas ii,,,brasil_aberto,True
GO,5208806,Goianira,Jardim D'Assis,jardim d assis,-16.607451,-49.323224,mapbox_geocoding,True
GO,5208806,Goianira,Jardim D'Assis II,jardim d assis ii,-16.4956661,-49.4114329,brasil_aberto_first_street,True
GO,5208806,Goianira,Jardim das Margaridas,jardim das margaridas,-16.5916361,-49.3846626,brasil_aberto_first_street,True
GO,5208806,Goianira,Jardim Goyazes,jardim goyazes,-16.5878533,-49.3864653,brasil_aberto_first_street,True
GO,5208806,Goianira,Jardim Imperial,jardim imperial,-16.4952395,-49.4134692,brasil_aberto_first_street,True
GO,5208806,Goianira,Jardim Imperial II,jardim imperial ii,,,brasil_aberto,True
GO,5208806,Goianira,Jardim Itália I,jardim italia i,-16.3213649,-48.9058372,brasil_aberto_first_street,True
GO,5208806,Goianira,Jardim Itália II,jardim italia ii,-16.3213649,-48.9058372,brasil_aberto_first_street,True
GO,5208806,Goianira,Jardim Itália III,jardim italia iii,-16.7892204,-49.3710474,brasil_aberto_first_street,True
GO,5208806,Goianira,Jardim Regina,jardim regina,-16.4969582,-49.4158757,brasil_aberto_first_street,True
GO,5208806,Goianira,Jardim Vila Rica,jardim vila rica,-22.5439981,-44.0663127,brasil_aberto_first_street,True
GO,5208806,Goianira,Linda Vista,linda vista,-16.4999173,-49.4389516,brasil_aberto_first_street,True
GO,5208806,Goianira,Loteamento Clube dos 200,loteamento clube dos 200,-16.482541,-49.431754,mapbox_geocoding,True
GO,5208806,Goianira,Loteamento Parque Solimões 2ª Etapa,loteamento parque solimoes 2a etapa,-16.507772,-49.4376095,brasil_aberto_first_street,True
GO,5208806,Goianira,Mansões Serra Dourada,mansoes serra dourada,-16.5279376,-49.4295599,brasil_aberto_first_street,True
GO,5208806,Goianira,Nova Goianira,nova goianira,-16.5281268,-49.4075781,brasil_aberto_first_street,True
GO,5208806,Goianira,Parque Boa Vista,parque boa vista,-16.4983219,-49.4454396,brasil_aberto_first_street,True
GO,5208806,Goianira,Parque das Camélias,parque das camelias,-16.4979905,-49.4113706,brasil_aberto_first_street,True
GO,5208806,Goianira,Parque Los Angeles 1ª Etapa,parque los angeles 1a etapa,-16.5258275,-49.4114455,brasil_aberto_first_street,True
GO,5208806,Goianira,Parque Los Angeles 2ª Etapa,parque los angeles 2a etapa,-16.5146709,-49.402431,brasil_aberto_first_street,True
GO,5208806,Goianira,Parque Mansões Regina,parque mansoes regina,-16.6754326,-49.2453763,brasil_aberto_first_street,True
GO,5208806,Goianira,Parque Solimões,parque solimoes,-16.504953,-49.4347114,brasil_aberto_first_street,True
GO,5208806,Goianira,Parque Solimões II,parque solimoes ii,,,brasil_aberto,True
GO,5208806,Goianira,Recanto das Águas,recanto das aguas,-16.489643,-49.4371139,brasil_aberto_first_street,True
GO,5208806,Goianira,Residencial Ana Maria Borges I,residencial ana maria borges i,-16.54795,-49.402031,mapbox_geocoding,True
GO,5208806,Goianira,Residencial Ana Maria Borges II,residencial ana maria borges ii,-16.70596,-49.240868,mapbox_geocoding,True
GO,5208806,Goianira,Residencial Araguaia,residencial araguaia,-16.5493589,-49.4137426,brasil_aberto_first_street,True
GO,5208806,Goianira,Residencial Arco do Triunfo I,residencial arco do triunfo i,-16.5730655,-49.3722492,brasil_aberto_first_street,True
GO,5208806,Goianira,Residencial Arco do Triunfo II,residencial arco do triunfo ii,-16.5719769,-49.373206,brasil_aberto_first_street,True
GO,5208806,Goianira,Residencial Arco do Triunfo III,residencial arco do triunfo iii,-16.5719769,-49.373206,brasil_aberto_first_street,True
GO,5208806,Goianira,Residencial Canto dos Pássaros,residencial canto dos passaros,-16.6071754,-49.2433231,brasil_aberto_first_street,True
GO,5208806,Goianira,Residencial Centro-Oeste I,residencial centro oeste i,-16.5044525,-49.4315186,brasil_aberto_first_street,True
GO,5208806,Goianira,Residencial Centro-Oeste II,residencial centro oeste ii,-16.4956661,-49.4114329,brasil_aberto_first_street,True
GO,5208806,Goianira,Residencial Centro-Oeste III,residencial centro oeste iii,-16.5063749,-49.4223436,brasil_aberto_first_street,True
GO,5208806,Goianira,Residencial do Parque,residencial do parque,-17.80705,-50.971521,mapbox_geocoding,True
GO,5208806,Goianira,Residencial Dom Bosco,residencial dom bosco,-15.90719,-50.2349628,brasil_aberto_first_street,True
GO,5208806,Goianira,Residencial Florença,residencial florenca,-16.5630429,-49.3902621,brasil_aberto_first_street,True
GO,5208806,Goianira,Residencial Florença I,residencial florenca i,-16.5630429,-49.3902621,brasil_aberto_first_street,True
GO,5208806,Goianira,Residencial Florença II,residencial florenca ii,-16.5540978,-49.3886668,brasil_aberto_first_street,True
GO,5208806,Goianira,Residencial Fonte das Águas Cristalinas,residencial fonte das aguas cristalinas,-16.5971932,-49.3716293,brasil_aberto_first_street,True
GO,5208806,Goianira,Residencial Fonte das Águas II,residencial fonte das aguas ii,-16.5929741,-49.386634,brasil_aberto_first_street,True
GO,5208806,Goianira,Residencial Francielly Ribeiro,residencial francielly ribeiro,-16.5073699,-49.4424429,brasil_aberto_first_street,True
GO,5208806,Goianira,Residencial Gabriel Fernandes,residencial gabriel fernandes,-16.5063728,-49.4223375,brasil_aberto_first_street,True
GO,5208806,Goianira,Residencial Lago Azul,residencial lago azul,-16.5012287,-49.4271312,brasil_aberto_first_street,True
GO,5208806,Goianira,Residencial Lago Azul II,residencial lago azul ii,-16.5085899,-49.4292949,brasil_aberto_first_street,True
GO,5208806,Goianira,Residencial Laurita,residencial laurita,-16.5063728,-49.4223375,brasil_aberto_first_street,True
GO,5208806,Goianira,Residencial Limoeiro,residencial limoeiro,,,brasil_aberto,True
GO,5208806,Goianira,Residencial Loyola,residencial loyola,-16.5180632,-49.4296707,brasil_aberto_first_street,True
GO,5208806,Goianira,Residencial Montagno,residencial montagno,-16.5210331,-49.4269246,brasil_aberto_first_street,True
GO,5208806,Goianira,Residencial Montreal,residencial montreal,-16.5012317,-49.4397845,brasil_aberto_first_street,True
GO,5208806,Goianira,Residencial Morumbi,residencial morumbi,,,brasil_aberto,True
GO,5208806,Goianira,Residencial Noroeste Park,residencial noroeste park,-16.606118,-49.3102,mapbox_geocoding,True
GO,5208806,Goianira,Residencial Nova Vista,residencial nova vista,-16.5063728,-49.4223375,brasil_aberto_first_street,True
GO,5208806,Goianira,Residencial Paineiras I,residencial paineiras i,-16.5215253,-49.4141522,brasil_aberto_first_street,True
GO,5208806,Goianira,Residencial Paranaíba,residencial paranaiba,-16.5476767,-49.4179037,brasil_aberto_first_street,True
GO,5208806,Goianira,Residencial Parque dos Girassóis,residencial parque dos girassois,-16.5159509,-49.4169526,brasil_aberto_first_street,True
GO,5208806,Goianira,Residencial Planalto,residencial planalto,-16.5562283,-49.4166952,brasil_aberto_first_street,True
GO,5208806,Goianira,Residencial Porto Seguro,residencial porto seguro,-16.5063728,-49.4223375,brasil_aberto_first_street,True
GO,5208806,Goianira,Residencial Progresso,residencial progresso,-16.5063728,-49.4223375,brasil_aberto_first_street,True
GO,5208806,Goianira,Residencial Recanto Sonhado,residencial recanto sonhado,-16.5927054,-49.3916963,brasil_aberto_first_street,True
GO,5208806,Goianira,Residencial Santo André,residencial santo andre,-16.592785,-49.369974,mapbox_geocoding,True
GO,5208806,Goianira,Residencial São Bernardo,residencial sao bernardo,-16.5778318,-49.3991204,brasil_aberto_first_street,True
GO,5208806,Goianira,Residencial São Pedro,residencial sao pedro,-16.4971984,-49.4322124,brasil_aberto_first_street,True
GO,5208806,Goianira,Residencial Solar das Paineiras,residencial solar das paineiras,-16.5839385,-49.3879682,brasil_aberto_first_street,True
GO,5208806,Goianira,Residencial Solar das Paineiras II,residencial solar das paineiras ii,-16.5843711,-49.3894347,brasil_aberto_first_street,True
GO,5208806,Goianira,Residencial Tocantins,residencial tocantins,-16.5480181,-49.4110642,brasil_aberto_first_street,True
GO,5208806,Goianira,Residencial Triunfo,residencial triunfo,-16.5758931,-49.3857922,brasil_aberto_first_street,True
GO,5208806,Goianira,Residencial Triunfo II,residencial triunfo ii,-16.5670394,-49.394962,brasil_aberto_first_street,True
GO,5208806,Goianira,Residencial Triunfo II Etapa,residencial triunfo ii etapa,-16.570696,-49.378515,mapbox_geocoding,True
GO,5208806,Goianira,Residencial Triunfo III,residencial triunfo iii,-16.570017,-49.374748,brasil_aberto_first_street,True
GO,5208806,Goianira,Residencial Triunfo IV,residencial triunfo iv,-16.5758931,-49.3857922,brasil_aberto_first_street,True
GO,5208806,Goianira,Residencial Triunfo V,residencial triunfo v,-16.5664653,-49.3753615,brasil_aberto_first_street,True
GO,5208806,Goianira,Residencial Triunfo VI,residencial triunfo vi,-16.5664653,-49.3753615,brasil_aberto_first_street,True
GO,5208806,Goianira,Rosa de Leiria Condomínio Horizontal,rosa de leiria condominio horizontal,-16.5634149,-49.399384,brasil_aberto_first_street,True
GO,5208806,Goianira,São Judas Tadeu,sao judas tadeu,-16.5063728,-49.4223375,brasil_aberto_first_street,True
GO,5208806,Goianira,Setor Boa Vista,setor boa vista,-16.4979905,-49.4113706,brasil_aberto_first_street,True
GO,5208806,Goianira,Setor Cora Coralina,setor cora coralina,-16.5215253,-49.4141522,brasil_aberto_first_street,True
GO,5208806,Goianira,Setor Delta,setor delta,-16.5042985,-49.431473,brasil_aberto_first_street,True
GO,5208806,Goianira,Setor Léo Lince,setor leo lince,-16.5002005,-49.4233005,brasil_aberto_first_street,True
GO,5208806,Goianira,Setor Léo Lince II,setor leo lince ii,-16.5215253,-49.4141522,brasil_aberto_first_street,True
GO,5208806,Goianira,Setor Oeste,setor oeste,-16.6782618,-49.2678782,brasil_aberto_first_street,True
GO,5208806,Goianira,Setor San Diego,setor san diego,-16.515913,-49.4075694,brasil_aberto_first_street,True
GO,5208806,Goianira,Setor Santa Luzia,setor santa luzia,-16.4952395,-49.4134692,brasil_aberto_first_street,True
GO,5208806,Goianira,Setor Serra Dourada,setor serra dourada,-16.5044525,-49.4315186,brasil_aberto_first_street,True
GO,5208806,Goianira,Setor Soares Ville,setor soares ville,-16.6329246,-49.4122942,brasil_aberto_first_street,True
GO,5208806,Goianira,Setor Sobradinho,setor sobradinho,-16.4972067,-49.4332839,brasil_aberto_first_street,True
GO,5208806,Goianira,Setor Sul,setor sul,-16.4952395,-49.4134692,brasil_aberto_first_street,True
GO,5208806,Goianira,Setor Uirapuru,setor uirapuru,-16.5077605,-49.4279542,brasil_aberto_first_street,True
GO,5208806,Goianira,Solar das Orquídeas,solar das orquideas,-16.5180854,-49.4214842,brasil_aberto_first_street,True
GO,5208806,Goianira,Veredas di Itália I,veredas di italia i,-16.5063728,-49.4223375,brasil_aberto_first_street,True
GO,5208806,Goianira,Vila Adilair,vila adilair,-16.5425455,-49.39260909999999,brasil_aberto_first_street,True
GO,5208806,Goianira,Vila Adilair II,vila adilair ii,-16.5425455,-49.39260909999999,brasil_aberto_first_street,True
GO,5208806,Goianira,Vila Adilair II - Expansão,vila adilair ii expansao,-16.5396104,-49.3915686,brasil_aberto_first_street,True
GO,5208806,Goianira,Vila Adilair III,vila adilair iii,-16.5425455,-49.39260909999999,brasil_aberto_first_street,True
GO,5208806,Goianira,Vila Altino,vila altino,-16.4964784,-49.4159659,brasil_aberto_first_street,True
GO,5208806,Goianira,Vila Castilho,vila castilho,-16.5002005,-49.4233005,brasil_aberto_first_street,True
GO,5208806,Goianira,Vila D'Assis,vila d assis,,,brasil_aberto,True
GO,5208806,Goianira,Vila D'Assis II,vila d assis ii,,,brasil_aberto,True
GO,5208806,Goianira,Vila Isabel,vila isabel,-16.5536913,-49.4036193,brasil_aberto_first_street,True
GO,5208806,Goianira,Vila Izabel,vila izabel,-16.5587005,-49.3998025,brasil_aberto_first_street,True
GO,5208806,Goianira,Vila Klérea,vila klerea,-16.5034652,-49.4237492,brasil_aberto_first_street,True
GO,5208806,Goianira,Vila Padre Pelágio,vila padre pelagio,-16.5012287,-49.4271312,brasil_aberto_first_street,True
GO,5208806,Goianira,Vila São Domingos,vila sao domingos,-16.5630697,-49.3879142,brasil_aberto_first_street,True
GO,5208806,Goianira,Vila Verdes Mares,vila verdes mares,-16.5053529,-49.4264379,brasil_aberto_first_street,True
GO,5208806,Goianira,Vila Verdes Mares - 2ª Etapa,vila verdes mares 2a etapa,-16.5067257,-49.4267121,brasil_aberto_first_street,True
GO,5208905,Goiás,Buenolândia,buenolandia,,,dne,True
GO,5208905,Goiás,Calcilândia,calcilandia,,,dne,True
GO,5208905,Goiás,Davidópolis,davidopolis,,,dne,True
GO,5208905,Goiás,São João,sao joao,,,dne,True
GO,5208905,Goiás,Setor Central,setor central,-16.6812775,-49.2532328,brasil_aberto_first_street,True
GO,5208905,Goiás,Uvá,uva,,,dne,True
GO,5209101,Goiatuba,Área Rural de Goiatuba,area rural de goiatuba,-18.012306,-49.3586,mapbox_geocoding,True
GO,5209101,Goiatuba,Bela Vista,bela vista,-18.007764,-49.358321,mapbox_geocoding,True
GO,5209101,Goiatuba,Bem-te-vi,bem te vi,-18.013098,-49.367906,mapbox_geocoding,True
GO,5209101,Goiatuba,Centro,centro,-18.009412,-49.360038,mapbox_geocoding,True
GO,5209101,Goiatuba,Jardim América,jardim america,-18.030868,-49.379965,mapbox_geocoding,True
GO,5209101,Goiatuba,Jardim Iguaçu,jardim iguacu,-18.015311,-49.371496,mapbox_geocoding,True
GO,5209101,Goiatuba,Jerônimo de Barros,jeronimo de barros,-18.013132,-49.358942,mapbox_geocoding,True
GO,5209101,Goiatuba,João Vicente,joao vicente,-18.013098,-49.367906,mapbox_geocoding,True
GO,5209101,Goiatuba,Maranatha,maranatha,-18.029403,-49.375651,mapbox_geocoding,True
GO,5209101,Goiatuba,Marcianópolis,marcianopolis,,,dne,True
GO,5209101,Goiatuba,Morada Nova,morada nova,-18.029403,-49.375651,mapbox_geocoding,True
GO,5209101,Goiatuba,Parque das Cachoeiras,parque das cachoeiras,-18.018584,-49.364631,mapbox_geocoding,True
GO,5209101,Goiatuba,Parque das Primaveras,parque das primaveras,-18.040896,-49.372719,mapbox_geocoding,True
GO,5209101,Goiatuba,Parque dos Buritis,parque dos buritis,-18.029446,-49.373572,mapbox_geocoding,True
GO,5209101,Goiatuba,Parque Industrial Setor Aeroporto,parque industrial setor aeroporto,-18.012306,-49.3586,mapbox_geocoding,True
GO,5209101,Goiatuba,Recreio dos Bandeirantes,recreio dos bandeirantes,-18.011166,-49.333739,mapbox_geocoding,True
GO,5209101,Goiatuba,Residencial Boa Esperança,residencial boa esperanca,-17.927198,-49.56745,mapbox_geocoding,True
GO,5209101,Goiatuba,Residencial Bougainville,residencial bougainville,-16.667484,-49.243112,mapbox_geocoding,True
GO,5209101,Goiatuba,Residencial Campo Bello Goiatuba,residencial campo bello goiatuba,-18.146684,-47.921169,mapbox_geocoding,True
GO,5209101,Goiatuba,Residencial Dom Dom Ville,residencial dom dom ville,-18.019927,-49.365082,mapbox_geocoding,True
GO,5209101,Goiatuba,Residencial Europa,residencial europa,-14.101959,-46.644312,mapbox_geocoding,True
GO,5209101,Goiatuba,Residencial Gobato,residencial gobato,-18.015311,-49.371496,mapbox_geocoding,True
GO,5209101,Goiatuba,Residencial Juca da Luiza,residencial juca da luiza,-17.635288,-47.773691,mapbox_geocoding,True
GO,5209101,Goiatuba,Residencial Village,residencial village,-16.768943,-49.09631,mapbox_geocoding,True
GO,5209101,Goiatuba,São Francisco,sao francisco,-18.015311,-49.371496,mapbox_geocoding,True
GO,5209101,Goiatuba,Sebastião Melia,sebastiao melia,-18.007764,-49.358321,mapbox_geocoding,True
GO,5209101,Goiatuba,Serra Dourada,serra dourada,-18.007764,-49.358321,mapbox_geocoding,True
GO,5209101,Goiatuba,Setor Bananeiras,setor bananeiras,-18.03321,-49.369927,mapbox_geocoding,True
GO,5209101,Goiatuba,Setor Carola,setor carola,-18.007764,-49.358321,mapbox_geocoding,True
GO,5209101,Goiatuba,Setor Casego,setor casego,-18.029403,-49.375651,mapbox_geocoding,True
GO,5209101,Goiatuba,Setor Central,setor central,-17.96443,-50.006736,mapbox_geocoding,True
GO,5209101,Goiatuba,Setor Dergo,setor dergo,-18.007764,-49.358321,mapbox_geocoding,True
GO,5209101,Goiatuba,Setor Imperial,setor imperial,-18.010198,-49.342698,mapbox_geocoding,True
GO,5209101,Goiatuba,Setor Imperial II,setor imperial ii,-18.012377,-49.340004,mapbox_geocoding,True
GO,5209101,Goiatuba,Setor Juca da Luiza,setor juca da luiza,-18.029403,-49.375651,mapbox_geocoding,True
GO,5209101,Goiatuba,Setor Novo Horizonte,setor novo horizonte,-18.040896,-49.372719,mapbox_geocoding,True
GO,5209101,Goiatuba,Setor Oeste,setor oeste,-18.021895,-49.379674,mapbox_geocoding,True
GO,5209101,Goiatuba,Vila Betânia,vila betania,-18.015311,-49.371496,mapbox_geocoding,True
GO,5209101,Goiatuba,Vila Esperança,vila esperanca,-18.029403,-49.375651,mapbox_geocoding,True
GO,5209101,Goiatuba,Vila Esplanada I,vila esplanada i,-18.029403,-49.375651,mapbox_geocoding,True
GO,5209101,Goiatuba,Vila Esplanada II,vila esplanada ii,-18.029403,-49.375651,mapbox_geocoding,True
GO,5209101,Goiatuba,Vila Garcia,vila garcia,-18.004746,-49.366631,mapbox_geocoding,True
GO,5209101,Goiatuba,Vila Mutirão,vila mutirao,-18.024582,-49.377593,mapbox_geocoding,True
GO,5209101,Goiatuba,Vila Rocha,vila rocha,-18.029403,-49.375651,mapbox_geocoding,True
GO,5209150,Gouvelândia,Setor Central,setor central,-18.4351793,-50.1368112,brasil_aberto_first_street,True
GO,5209200,Guapó,Posselândia,posselandia,,,dne,True
GO,5209200,Guapó,Setor Central,setor central,-16.8759425,-49.6138789,brasil_aberto_first_street,True
GO,5209291,Guaraíta,Setor Central,setor central,-15.6303324,-50.0296621,brasil_aberto_first_street,True
GO,5209408,Guarani de Goiás,Área Rural de Guarani de Goiás,area rural de guarani de goias,-13.939852,-46.481113,mapbox_geocoding,True
GO,5209408,Guarani de Goiás,Bela Vista,bela vista,-13.940005,-46.480361,mapbox_geocoding,True
GO,5209408,Guarani de Goiás,Centro,centro,-13.939369,-46.479945,mapbox_geocoding,True
GO,5209408,Guarani de Goiás,Panorama I,panorama i,-13.943296,-46.478574,mapbox_geocoding,True
GO,5209408,Guarani de Goiás,Panorama II,panorama ii,-13.93768,-46.477554,mapbox_geocoding,True
GO,5209408,Guarani de Goiás,Panorama III,panorama iii,-13.934335,-46.482727,mapbox_geocoding,True
GO,5209408,Guarani de Goiás,Santo Antônio,santo antonio,,,dne,True
GO,5209457,Guarinos,Setor Central,setor central,-14.7349326,-49.7004134,brasil_aberto_first_street,True
GO,5209606,Heitoraí,Setor Central,setor central,-15.7232917,-49.82624819999999,brasil_aberto_first_street,True
GO,5209705,Hidrolândia,Aldeia dos Sonhos,aldeia dos sonhos,-16.866767,-49.28262,mapbox_geocoding,True
GO,5209705,Hidrolândia,Alto da Boa Vista,alto da boa vista,-16.902152,-49.325045,mapbox_geocoding,True
GO,5209705,Hidrolândia,Área Rural de Hidrolândia,area rural de hidrolandia,-16.964607,-49.229034,mapbox_geocoding,True
GO,5209705,Hidrolândia,Bairro Nazaré,bairro nazare,-16.96375,-49.228292,mapbox_geocoding,True
GO,5209705,Hidrolândia,Bela Vista,bela vista,-16.956417,-49.217194,mapbox_geocoding,True
GO,5209705,Hidrolândia,Botafogo,botafogo,-16.956125,-49.221841,mapbox_geocoding,True
GO,5209705,Hidrolândia,Condomínio Águas da Serra,condominio aguas da serra,-16.965928,-49.312788,mapbox_geocoding,True
GO,5209705,Hidrolândia,Condomínio Cidade das Águas,condominio cidade das aguas,-16.965726,-49.231417,mapbox_geocoding,True
GO,5209705,Hidrolândia,Condomínio Country Ville,condominio country ville,-16.811019,-49.241465,mapbox_geocoding,True
GO,5209705,Hidrolândia,Condomínio Country Ville II,condominio country ville ii,-17.87719,-51.73547,mapbox_geocoding,True
GO,5209705,Hidrolândia,Condomínio Estância das Águas,condominio estancia das aguas,-16.954644,-49.2319,mapbox_geocoding,True
GO,5209705,Hidrolândia,Condomínio Vale dos Lírios,condominio vale dos lirios,-16.991171,-49.23242,mapbox_geocoding,True
GO,5209705,Hidrolândia,Copacabana,copacabana,-16.860468,-49.249355,mapbox_geocoding,True
GO,5209705,Hidrolândia,Distrito Comercial,distrito comercial,-16.949019,-49.229915,mapbox_geocoding,True
GO,5209705,Hidrolândia,Estrela do Sul,estrela do sul,-16.999929,-49.219069,mapbox_geocoding,True
GO,5209705,Hidrolândia,Garavelo Sul I,garavelo sul i,-16.871248,-49.255716,mapbox_geocoding,True
GO,5209705,Hidrolândia,Garavelo Sul II,garavelo sul ii,-16.871248,-49.255716,mapbox_geocoding,True
GO,5209705,Hidrolândia,Grande Goiânia,grande goiania,-16.871248,-49.255716,mapbox_geocoding,True
GO,5209705,Hidrolândia,Jardim Adelaide,jardim adelaide,-16.974373,-49.229451,mapbox_geocoding,True
GO,5209705,Hidrolândia,Jardim Esmeralda,jardim esmeralda,-16.959706,-49.230835,mapbox_geocoding,True
GO,5209705,Hidrolândia,Jardim Frei Leopoldo,jardim frei leopoldo,-16.965726,-49.231417,mapbox_geocoding,True
GO,5209705,Hidrolândia,Jardim Paris,jardim paris,-16.889308,-49.258551,mapbox_geocoding,True
GO,5209705,Hidrolândia,Jardim Primavera,jardim primavera,-16.972869,-49.228642,mapbox_geocoding,True
GO,5209705,Hidrolândia,Jardim Veneza,jardim veneza,-16.820482,-49.247332,mapbox_geocoding,True
GO,5209705,Hidrolândia,Mansões Riviera Parque,mansoes riviera parque,-16.971139,-49.230561,mapbox_geocoding,True
GO,5209705,Hidrolândia,Mira-flores,mira flores,-16.901374,-49.257542,mapbox_geocoding,True
GO,5209705,Hidrolândia,Morada do Sol,morada do sol,-16.960427,-49.219795,mapbox_geocoding,True
GO,5209705,Hidrolândia,Nova Fátima,nova fatima,,,dne,True
GO,5209705,Hidrolândia,Oloana,oloana,,,dne,True
GO,5209705,Hidrolândia,Parque Benjamin,parque benjamin,-16.979213,-49.21867,mapbox_geocoding,True
GO,5209705,Hidrolândia,Parque da Mata,parque da mata,-16.979213,-49.21867,mapbox_geocoding,True
GO,5209705,Hidrolândia,Parque das Jabuticabeiras,parque das jabuticabeiras,-16.982945,-49.211126,mapbox_geocoding,True
GO,5209705,Hidrolândia,Parque Flamboyant,parque flamboyant,-16.953409,-49.227506,mapbox_geocoding,True
GO,5209705,Hidrolândia,Portal das Águas,portal das aguas,-16.983407,-49.217761,mapbox_geocoding,True
GO,5209705,Hidrolândia,Portal dos Sonhos,portal dos sonhos,-16.953596,-49.211221,mapbox_geocoding,True
GO,5209705,Hidrolândia,Recreio Ypacaraí,recreio ypacarai,-16.888463,-49.244298,mapbox_geocoding,True
GO,5209705,Hidrolândia,Residencial Dolce Vita,residencial dolce vita,-16.964607,-49.229034,mapbox_geocoding,True
GO,5209705,Hidrolândia,Residencial Vitta,residencial vitta,-16.955219,-49.214418,mapbox_geocoding,True
GO,5209705,Hidrolândia,Santa Bárbara,santa barbara,-16.953409,-49.227506,mapbox_geocoding,True
GO,5209705,Hidrolândia,São Francisco,sao francisco,-16.949019,-49.229915,mapbox_geocoding,True
GO,5209705,Hidrolândia,Setor Central,setor central,-16.868161,-49.255469,mapbox_geocoding,True
GO,5209705,Hidrolândia,Setor Garavelo Sul II,setor garavelo sul ii,,,brasil_aberto,True
GO,5209705,Hidrolândia,Setor Industrial,setor industrial,-16.986552,-49.229684,mapbox_geocoding,True
GO,5209705,Hidrolândia,Sítios de Recreio Encontro das Águas,sitios de recreio encontro das aguas,-16.951341,-49.227335,mapbox_geocoding,True
GO,5209705,Hidrolândia,Sítios de Recreio Savannah,sitios de recreio savannah,-17.004376,-49.216512,mapbox_geocoding,True
GO,5209705,Hidrolândia,Terra do Boi I,terra do boi i,-16.892733,-49.245748,mapbox_geocoding,True
GO,5209705,Hidrolândia,Terra do Boi II,terra do boi ii,-16.896766,-49.250995,mapbox_geocoding,True
GO,5209705,Hidrolândia,Vale Azul,vale azul,-16.868654,-49.257416,mapbox_geocoding,True
GO,5209705,Hidrolândia,Vila Grimpas,vila grimpas,-16.959706,-49.230835,mapbox_geocoding,True
GO,5209705,Hidrolândia,Vila Mutirão,vila mutirao,-16.973734,-49.22817,mapbox_geocoding,True
GO,5209705,Hidrolândia,Village dos Ipês,village dos ipes,-16.981991,-49.225957,mapbox_geocoding,True
GO,5209804,Hidrolina,Setor Central,setor central,-14.7234233,-49.4654089,brasil_aberto_first_street,True
GO,5209903,Iaciara,Água Quente,agua quente,,,dne,True
GO,5209903,Iaciara,Centro,centro,-14.1011462,-46.6353164,brasil_aberto_first_street,True
GO,5209937,Inaciolândia,Setor Central,setor central,-18.1726296,-47.9502722,brasil_aberto_first_street,True
GO,5209952,Indiara,Setor Central,setor central,-17.1419857,-49.9897176,brasil_aberto_first_street,True
GO,5210000,Inhumas,Anhanguera,anhanguera,-16.3666076,-49.4906791,brasil_aberto_first_street,True
GO,5210000,Inhumas,Anhanguera 2ª Etapa,anhanguera 2a etapa,-16.3665837,-49.4855,brasil_aberto_first_street,True
GO,5210000,Inhumas,Anhanguera 3ª Etapa,anhanguera 3a etapa,-16.3756082,-49.4921785,brasil_aberto_first_street,True
GO,5210000,Inhumas,Anhanguera 4ª Etapa,anhanguera 4a etapa,-16.3665837,-49.4855,brasil_aberto_first_street,True
GO,5210000,Inhumas,Área Rural de Inhumas,area rural de inhumas,-16.373129,-49.4916776,brasil_aberto_first_street,True
GO,5210000,Inhumas,Centro,centro,-16.3711135,-49.4932334,brasil_aberto_first_street,True
GO,5210000,Inhumas,Distrito Agroindustrial de Inhumas,distrito agroindustrial de inhumas,-16.3714628,-49.5036194,brasil_aberto_first_street,True
GO,5210000,Inhumas,Fazenda Goiabeiras,fazenda goiabeiras,-16.373129,-49.4916776,brasil_aberto_first_street,True
GO,5210000,Inhumas,Jandira,jandira,-16.3756082,-49.4921785,brasil_aberto_first_street,True
GO,5210000,Inhumas,Jardim Raio de Sol,jardim raio de sol,-16.3793119,-49.4822534,brasil_aberto_first_street,True
GO,5210000,Inhumas,Jardim Raio de Sol 2ª Etapa,jardim raio de sol 2a etapa,-16.3793119,-49.4822534,brasil_aberto_first_street,True
GO,5210000,Inhumas,Jardim Raio de Sol 3ª Etapa,jardim raio de sol 3a etapa,-16.3793119,-49.4822534,brasil_aberto_first_street,True
GO,5210000,Inhumas,Jardim Santa Cássia,jardim santa cassia,-16.3756082,-49.4921785,brasil_aberto_first_street,True
GO,5210000,Inhumas,Jardim Suiço,jardim suico,-16.373129,-49.4916776,brasil_aberto_first_street,True
GO,5210000,Inhumas,JK Jardim,jk jardim,-16.3756082,-49.4921785,brasil_aberto_first_street,True
GO,5210000,Inhumas,Jussara,jussara,-16.366012,-49.4938851,brasil_aberto_first_street,True
GO,5210000,Inhumas,Jussara 2ª Etapa,jussara 2a etapa,-15.8688603,-50.86774519999999,brasil_aberto_first_street,True
GO,5210000,Inhumas,Jussara 3ª Etapa,jussara 3a etapa,-16.373129,-49.4916776,brasil_aberto_first_street,True
GO,5210000,Inhumas,Parque da Saudade,parque da saudade,-16.3585083,-49.4937593,brasil_aberto_first_street,True
GO,5210000,Inhumas,Parque Jesualda,parque jesualda,-16.3711135,-49.4932334,brasil_aberto_first_street,True
GO,5210000,Inhumas,Parque Santa Marta,parque santa marta,-16.3803647,-49.4932321,brasil_aberto_first_street,True
GO,5210000,Inhumas,Parque Santa Rita,parque santa rita,-16.3576631,-49.4907836,brasil_aberto_first_street,True
GO,5210000,Inhumas,Parque Santa Rita II,parque santa rita ii,-16.3576631,-49.4907836,brasil_aberto_first_street,True
GO,5210000,Inhumas,Parque Santa Rita III,parque santa rita iii,,,brasil_aberto,True
GO,5210000,Inhumas,Parque São Jorge,parque sao jorge,-16.3808047,-49.488999,brasil_aberto_first_street,True
GO,5210000,Inhumas,Polo de Vestuário de Inhumas,polo de vestuario de inhumas,,,brasil_aberto,True
GO,5210000,Inhumas,Polo de Vestuário Ivone Heitor de Paula,polo de vestuario ivone heitor de paula,-16.3711135,-49.4932334,brasil_aberto_first_street,True
GO,5210000,Inhumas,Polo do Alumínio,polo do aluminio,,,brasil_aberto,True
GO,5210000,Inhumas,"Polo do Alumínio, Gesso e Moveleiro Ozias Teles da Cruz",polo do aluminio gesso e moveleiro ozias teles da cruz,-16.373129,-49.4916776,brasil_aberto_first_street,True
GO,5210000,Inhumas,Polo Empresarial do Sabor,polo empresarial do sabor,-16.3711135,-49.4932334,brasil_aberto_first_street,True
GO,5210000,Inhumas,Raio de Sol,raio de sol,-16.379308,-49.482225,mapbox_geocoding,True
GO,5210000,Inhumas,Residencial Alvorada,residencial alvorada,-15.953365,-48.283988,mapbox_geocoding,True
GO,5210000,Inhumas,Residencial Ana Brandão,residencial ana brandao,-16.3544403,-49.5067455,brasil_aberto_first_street,True
GO,5210000,Inhumas,Residencial Ana Luiza,residencial ana luiza,-16.3607456,-49.5001332,brasil_aberto_first_street,True
GO,5210000,Inhumas,Residencial Atlântico Norte,residencial atlantico norte,-16.3781596,-49.4775438,brasil_aberto_first_street,True
GO,5210000,Inhumas,Residencial Atlântico Sul,residencial atlantico sul,-16.373129,-49.4916776,brasil_aberto_first_street,True
GO,5210000,Inhumas,Residencial Atlântida,residencial atlantida,-16.3662728,-49.4947417,brasil_aberto_first_street,True
GO,5210000,Inhumas,Residencial Bosque das Águas,residencial bosque das aguas,-16.0753,-47.905155,mapbox_geocoding,True
GO,5210000,Inhumas,Residencial Clotildes Essado,residencial clotildes essado,-16.3838125,-49.48131249999999,brasil_aberto_first_street,True
GO,5210000,Inhumas,Residencial Izabel Cristina,residencial izabel cristina,-16.3736175,-49.502206,brasil_aberto_first_street,True
GO,5210000,Inhumas,Residencial João do Couto,residencial joao do couto,-16.369838,-49.479389,brasil_aberto_first_street,True
GO,5210000,Inhumas,Residencial Maurivan Pucci,residencial maurivan pucci,-16.360919,-49.5104046,brasil_aberto_first_street,True
GO,5210000,Inhumas,Residencial Monte Alegre,residencial monte alegre,-16.3446823,-49.50067,brasil_aberto_first_street,True
GO,5210000,Inhumas,Residencial Morada do Sol,residencial morada do sol,-16.3516043,-49.5111134,brasil_aberto_first_street,True
GO,5210000,Inhumas,Residencial Nosso Teto,residencial nosso teto,-16.3753353,-49.4783632,brasil_aberto_first_street,True
GO,5210000,Inhumas,Residencial Nova Morada,residencial nova morada,-16.3421767,-49.4984932,brasil_aberto_first_street,True
GO,5210000,Inhumas,Residencial Nova Morada II,residencial nova morada ii,-16.3421767,-49.4984932,brasil_aberto_first_street,True
GO,5210000,Inhumas,Residencial Nova Morada III,residencial nova morada iii,-16.3421767,-49.4984932,brasil_aberto_first_street,True
GO,5210000,Inhumas,Residencial Palmeira,residencial palmeira,-16.3767667,-49.478705,brasil_aberto_first_street,True
GO,5210000,Inhumas,Residencial Portal de Inhumas I,residencial portal de inhumas i,-16.387499,-49.4879502,brasil_aberto_first_street,True
GO,5210000,Inhumas,Residencial Portal de Inhumas II,residencial portal de inhumas ii,-16.3637971,-49.491479,brasil_aberto_first_street,True
GO,5210000,Inhumas,Residencial Portal de Inhumas III,residencial portal de inhumas iii,-16.387499,-49.4879502,brasil_aberto_first_street,True
GO,5210000,Inhumas,Residencial Portal de Inhumas IV,residencial portal de inhumas iv,-16.387499,-49.4879502,brasil_aberto_first_street,True
GO,5210000,Inhumas,Residencial Porto Seguro,residencial porto seguro,-16.3546678,-49.4999879,brasil_aberto_first_street,True
GO,5210000,Inhumas,Residencial Raíza,residencial raiza,-16.3876583,-49.4803284,brasil_aberto_first_street,True
GO,5210000,Inhumas,Residencial Recanto Sonhado,residencial recanto sonhado,-16.3711135,-49.4932334,brasil_aberto_first_street,True
GO,5210000,Inhumas,Residencial Santa Bárbara,residencial santa barbara,-16.3851551,-49.4871784,brasil_aberto_first_street,True
GO,5210000,Inhumas,Residencial Santa Bárbara - 2ª Etapa,residencial santa barbara 2a etapa,-16.3851551,-49.4871784,brasil_aberto_first_street,True
GO,5210000,Inhumas,Residencial Santa Bárbara - 3ª Etapa,residencial santa barbara 3a etapa,,,brasil_aberto,True
GO,5210000,Inhumas,Residencial Santa Bárbara III,residencial santa barbara iii,-16.3851551,-49.4871784,brasil_aberto_first_street,True
GO,5210000,Inhumas,Residencial Santa Tereza,residencial santa tereza,-16.3741519,-49.4865535,brasil_aberto_first_street,True
GO,5210000,Inhumas,Residencial Solar Park Boa Vista,residencial solar park boa vista,-16.3607706,-49.4944959,brasil_aberto_first_street,True
GO,5210000,Inhumas,Residencial Solar Park Maria de Lourdes,residencial solar park maria de lourdes,-16.4078468,-49.4726029,brasil_aberto_first_street,True
GO,5210000,Inhumas,Residencial Solar Park Monte Carlo,residencial solar park monte carlo,-16.4078468,-49.4726029,brasil_aberto_first_street,True
GO,5210000,Inhumas,Residencial Tereza Lima,residencial tereza lima,-16.3711135,-49.4932334,brasil_aberto_first_street,True
GO,5210000,Inhumas,Residencial Vale Azul,residencial vale azul,-16.3721149,-49.4734364,brasil_aberto_first_street,True
GO,5210000,Inhumas,Residencial Vale Azul II,residencial vale azul ii,-16.3721149,-49.4734364,brasil_aberto_first_street,True
GO,5210000,Inhumas,Residencial Vale Azul III,residencial vale azul iii,-16.377087,-49.488932,mapbox_geocoding,True
GO,5210000,Inhumas,Residencial Vitória,residencial vitoria,-16.3711135,-49.4932334,brasil_aberto_first_street,True
GO,5210000,Inhumas,Residencial Vivendas San Marino,residencial vivendas san marino,-16.3711135,-49.4932334,brasil_aberto_first_street,True
GO,5210000,Inhumas,Residencial Watanabe,residencial watanabe,-16.3666076,-49.4906791,brasil_aberto_first_street,True
GO,5210000,Inhumas,Santa Rita,santa rita,-16.3711135,-49.4932334,brasil_aberto_first_street,True
GO,5210000,Inhumas,Setor Alegrino Lelis,setor alegrino lelis,-16.3419622,-49.5030402,brasil_aberto_first_street,True
GO,5210000,Inhumas,Setor Alfa Ville,setor alfa ville,-16.374421,-49.316448,mapbox_geocoding,True
GO,5210000,Inhumas,Setor Amélio Alves,setor amelio alves,-16.371643,-49.4795671,brasil_aberto_first_street,True
GO,5210000,Inhumas,Setor Bela Vista,setor bela vista,-16.373129,-49.4916776,brasil_aberto_first_street,True
GO,5210000,Inhumas,Setor Bueno Norte,setor bueno norte,-16.373129,-49.4916776,brasil_aberto_first_street,True
GO,5210000,Inhumas,Setor Bueno Sul,setor bueno sul,-16.3756082,-49.4921785,brasil_aberto_first_street,True
GO,5210000,Inhumas,Setor dos Bancários,setor dos bancarios,-16.373129,-49.4916776,brasil_aberto_first_street,True
GO,5210000,Inhumas,Setor Eldorado,setor eldorado,-16.3852671,-49.4958329,brasil_aberto_first_street,True
GO,5210000,Inhumas,Setor Euradarque,setor euradarque,-16.3711135,-49.4932334,brasil_aberto_first_street,True
GO,5210000,Inhumas,Setor Euradarque II,setor euradarque ii,-16.3736175,-49.502206,brasil_aberto_first_street,True
GO,5210000,Inhumas,Setor Fernandes,setor fernandes,-16.3756082,-49.4921785,brasil_aberto_first_street,True
GO,5210000,Inhumas,Setor Goiabeiras,setor goiabeiras,-16.3746601,-49.4962134,brasil_aberto_first_street,True
GO,5210000,Inhumas,Setor José Antônio Ferreira,setor jose antonio ferreira,-16.3852137,-49.4899347,brasil_aberto_first_street,True
GO,5210000,Inhumas,Setor José Antônio Ferreira II,setor jose antonio ferreira ii,-16.3696846,-49.4930237,brasil_aberto_first_street,True
GO,5210000,Inhumas,Setor Meia Ponte,setor meia ponte,-16.3756082,-49.4921785,brasil_aberto_first_street,True
GO,5210000,Inhumas,Setor Nipo Brasileiro,setor nipo brasileiro,-16.3756082,-49.4921785,brasil_aberto_first_street,True
GO,5210000,Inhumas,Setor Nipo Brasileiro 2ª Etapa,setor nipo brasileiro 2a etapa,-16.3756082,-49.4921785,brasil_aberto_first_street,True
GO,5210000,Inhumas,Setor Nipo Brasileiro 3ª Etapa,setor nipo brasileiro 3a etapa,-16.3697875,-49.4896286,brasil_aberto_first_street,True
GO,5210000,Inhumas,Setor Panorama Parque,setor panorama parque,-16.3793009,-49.4975352,brasil_aberto_first_street,True
GO,5210000,Inhumas,Setor Panorama Parque II,setor panorama parque ii,-16.3803757,-49.4990651,brasil_aberto_first_street,True
GO,5210000,Inhumas,Setor Paraíso,setor paraiso,-16.3523281,-49.5026716,brasil_aberto_first_street,True
GO,5210000,Inhumas,Setor Paraíso 2ª Etapa,setor paraiso 2a etapa,-16.3665711,-48.983917,brasil_aberto_first_street,True
GO,5210000,Inhumas,Setor Paraíso 3ª Etapa,setor paraiso 3a etapa,-16.3523281,-49.5026716,brasil_aberto_first_street,True
GO,5210000,Inhumas,Setor Pedrinhas,setor pedrinhas,-16.3406877,-49.5152724,brasil_aberto_first_street,True
GO,5210000,Inhumas,Setor Polo do Sabor,setor polo do sabor,,,brasil_aberto,True
GO,5210000,Inhumas,Setor Pôr do Sol,setor por do sol,-16.3666076,-49.4906791,brasil_aberto_first_street,True
GO,5210000,Inhumas,Setor Saleiro,setor saleiro,-16.3711135,-49.4932334,brasil_aberto_first_street,True
GO,5210000,Inhumas,Setor Saleiro II,setor saleiro ii,-16.3789828,-49.4767674,brasil_aberto_first_street,True
GO,5210000,Inhumas,Setor Santana,setor santana,-16.369838,-49.479389,brasil_aberto_first_street,True
GO,5210000,Inhumas,Setor Santana Park,setor santana park,-16.3808047,-49.488999,brasil_aberto_first_street,True
GO,5210000,Inhumas,Setor Santana Park 2ª Etapa,setor santana park 2a etapa,-16.3808047,-49.488999,brasil_aberto_first_street,True
GO,5210000,Inhumas,Setor Sol Nascente,setor sol nascente,-16.373129,-49.4916776,brasil_aberto_first_street,True
GO,5210000,Inhumas,Setor Sol Nascente II,setor sol nascente ii,-16.373129,-49.4916776,brasil_aberto_first_street,True
GO,5210000,Inhumas,Setor Sol Nascente III,setor sol nascente iii,-16.373129,-49.4916776,brasil_aberto_first_street,True
GO,5210000,Inhumas,Setor Solar Park,setor solar park,-16.3789828,-49.4767674,brasil_aberto_first_street,True
GO,5210000,Inhumas,Setor Solar Park 1,setor solar park 1,-16.3759693,-49.4790527,brasil_aberto_first_street,True
GO,5210000,Inhumas,Setor Solar Park 2,setor solar park 2,-16.3759693,-49.4790527,brasil_aberto_first_street,True
GO,5210000,Inhumas,Setor Tarumã,setor taruma,-16.3666076,-49.4906791,brasil_aberto_first_street,True
GO,5210000,Inhumas,Setor Teodoro Alves Rezende,setor teodoro alves rezende,-16.3852137,-49.4899347,brasil_aberto_first_street,True
GO,5210000,Inhumas,Setor Vale Azul,setor vale azul,-16.3737,-49.321148,mapbox_geocoding,True
GO,5210000,Inhumas,Setor Vale das Goiabeiras,setor vale das goiabeiras,-16.3711135,-49.4932334,brasil_aberto_first_street,True
GO,5210000,Inhumas,Setor Vale das Goiabeiras II,setor vale das goiabeiras ii,-16.373129,-49.4916776,brasil_aberto_first_street,True
GO,5210000,Inhumas,Vila 31 de Março,vila 31 de marco,-16.3766373,-49.48617429999999,brasil_aberto_first_street,True
GO,5210000,Inhumas,Vila América,vila america,-16.373129,-49.4916776,brasil_aberto_first_street,True
GO,5210000,Inhumas,Vila Ana Nery,vila ana nery,-16.3781862,-49.48600030000001,brasil_aberto_first_street,True
GO,5210000,Inhumas,Vila Caiçara,vila caicara,-16.3666076,-49.4906791,brasil_aberto_first_street,True
GO,5210000,Inhumas,Vila Floresta,vila floresta,-16.3756082,-49.4921785,brasil_aberto_first_street,True
GO,5210000,Inhumas,Vila Floresta 2ª Etapa,vila floresta 2a etapa,-16.373677,-49.4920754,brasil_aberto_first_street,True
GO,5210000,Inhumas,Vila Heitor de Paula,vila heitor de paula,-16.3607456,-49.5001332,brasil_aberto_first_street,True
GO,5210000,Inhumas,Vila Heitor de Paula 2ª Etapa,vila heitor de paula 2a etapa,-16.3607456,-49.5001332,brasil_aberto_first_street,True
GO,5210000,Inhumas,Vila Heitor de Paula 3ª Etapa,vila heitor de paula 3a etapa,-16.3607456,-49.5001332,brasil_aberto_first_street,True
GO,5210000,Inhumas,Vila Ivana,vila ivana,-16.3711135,-49.4932334,brasil_aberto_first_street,True
GO,5210000,Inhumas,Vila Jandira,vila jandira,,,brasil_aberto,True
GO,5210000,Inhumas,Vila Lobo,vila lobo,-16.3662728,-49.4947417,brasil_aberto_first_street,True
GO,5210000,Inhumas,Vila Lucimar,vila lucimar,-16.362009,-49.5061213,brasil_aberto_first_street,True
GO,5210000,Inhumas,Vila Lucimar II Etapa,vila lucimar ii etapa,-16.3614116,-49.5078245,brasil_aberto_first_street,True
GO,5210000,Inhumas,Vila Mariana,vila mariana,-16.3666076,-49.4906791,brasil_aberto_first_street,True
GO,5210000,Inhumas,Vila Marise,vila marise,-16.3536589,-49.50167339999999,brasil_aberto_first_street,True
GO,5210000,Inhumas,Vila Marise 2ª Etapa,vila marise 2a etapa,-16.3536589,-49.50167339999999,brasil_aberto_first_street,True
GO,5210000,Inhumas,Vila Marise 3ª Etapa,vila marise 3a etapa,-16.3500365,-49.5029361,brasil_aberto_first_street,True
GO,5210000,Inhumas,Vila Marise II,vila marise ii,,,brasil_aberto,True
GO,5210000,Inhumas,Vila Marise III,vila marise iii,,,brasil_aberto,True
GO,5210000,Inhumas,Vila Mutirão,vila mutirao,-16.373129,-49.4916776,brasil_aberto_first_street,True
GO,5210000,Inhumas,Vila Oliveira,vila oliveira,-16.3746642,-49.4936096,brasil_aberto_first_street,True
GO,5210000,Inhumas,Vila Operária,vila operaria,-16.3746601,-49.4962134,brasil_aberto_first_street,True
GO,5210000,Inhumas,Vila Operária 2ª Etapa,vila operaria 2a etapa,-16.3746601,-49.4962134,brasil_aberto_first_street,True
GO,5210000,Inhumas,Vila Quilombo,vila quilombo,-16.3736175,-49.502206,brasil_aberto_first_street,True
GO,5210000,Inhumas,Vila Reis,vila reis,-16.3939224,-49.4742789,brasil_aberto_first_street,True
GO,5210000,Inhumas,Vila Rosa Heitor,vila rosa heitor,-16.3711135,-49.4932334,brasil_aberto_first_street,True
GO,5210000,Inhumas,Vila Santa Maria,vila santa maria,-16.373129,-49.4916776,brasil_aberto_first_street,True
GO,5210000,Inhumas,Vila Santa Terezinha,vila santa terezinha,-16.373129,-49.4916776,brasil_aberto_first_street,True
GO,5210000,Inhumas,Vila São José,vila sao jose,-16.373129,-49.4916776,brasil_aberto_first_street,True
GO,5210000,Inhumas,Vila São Sebastião,vila sao sebastiao,-16.3711135,-49.4932334,brasil_aberto_first_street,True
GO,5210000,Inhumas,Vila Vera Cruz,vila vera cruz,-16.373129,-49.4916776,brasil_aberto_first_street,True
GO,5210109,Ipameri,Cavalheiro,cavalheiro,,,dne,True
GO,5210109,Ipameri,Domiciano Ribeiro,domiciano ribeiro,,,dne,True
GO,5210109,Ipameri,Setor Central,setor central,-16.9260648,-47.7061822,brasil_aberto_first_street,True
GO,5210158,Ipiranga de Goiás,Área Rural de Ipiranga de Goiás,area rural de ipiranga de goias,-15.171874,-49.670223,mapbox_geocoding,True
GO,5210158,Ipiranga de Goiás,Centro,centro,-15.168823,-49.670646,mapbox_geocoding,True
GO,5210158,Ipiranga de Goiás,Jardim Progresso,jardim progresso,-15.171874,-49.670223,mapbox_geocoding,True
GO,5210158,Ipiranga de Goiás,Jardim Sorriso,jardim sorriso,-15.173414,-49.671118,mapbox_geocoding,True
GO,5210158,Ipiranga de Goiás,Setor Central,setor central,,,brasil_aberto,True
GO,5210158,Ipiranga de Goiás,Setor Independência,setor independencia,-15.171874,-49.670223,mapbox_geocoding,True
GO,5210158,Ipiranga de Goiás,Setor Industrial,setor industrial,-15.170312,-49.673432,mapbox_geocoding,True
GO,5210158,Ipiranga de Goiás,Setor Liberdade,setor liberdade,-15.173414,-49.671118,mapbox_geocoding,True
GO,5210158,Ipiranga de Goiás,Setor Morada do Sol Nascente,setor morada do sol nascente,-18.142089,-47.918044,mapbox_geocoding,True
GO,5210158,Ipiranga de Goiás,Setor Residencial Granville,setor residencial granville,-15.171874,-49.670223,mapbox_geocoding,True
GO,5210208,Iporá,Aeroporto,aeroporto,-16.447273,-51.114098,mapbox_geocoding,True
GO,5210208,Iporá,Área Rural de Iporá,area rural de ipora,-16.406683,-51.108844,mapbox_geocoding,True
GO,5210208,Iporá,Ariston Gomes,ariston gomes,-16.438733,-51.123193,mapbox_geocoding,True
GO,5210208,Iporá,Ary Ribeiro Valadão Filho,ary ribeiro valadao filho,-16.455106,-51.115414,mapbox_geocoding,True
GO,5210208,Iporá,Bela Vista,bela vista,-16.435745,-51.123257,mapbox_geocoding,True
GO,5210208,Iporá,Boaventura,boaventura,-16.455106,-51.115414,mapbox_geocoding,True
GO,5210208,Iporá,Cacique,cacique,-16.453324,-51.114056,mapbox_geocoding,True
GO,5210208,Iporá,Castanheira,castanheira,-18.18178,-47.954028,mapbox_geocoding,True
GO,5210208,Iporá,Centro,centro,-16.442539,-51.125354,mapbox_geocoding,True
GO,5210208,Iporá,Chiquinho Urias,chiquinho urias,-16.444177,-51.109982,mapbox_geocoding,True
GO,5210208,Iporá,Conjunto Águas Claras,conjunto aguas claras,-16.410911,-51.11063,mapbox_geocoding,True
GO,5210208,Iporá,Conjunto Rosa dos Ventos,conjunto rosa dos ventos,-15.529894,-47.304567,mapbox_geocoding,True
GO,5210208,Iporá,Desmembramento Adonai,desmembramento adonai,-16.455369,-51.113477,mapbox_geocoding,True
GO,5210208,Iporá,Estrela do Norte,estrela do norte,-16.433186,-51.109249,mapbox_geocoding,True
GO,5210208,Iporá,Expansão do Jardim Monte Alto,expansao do jardim monte alto,-16.433186,-51.109249,mapbox_geocoding,True
GO,5210208,Iporá,Expansão do Loteamento Moreira,expansao do loteamento moreira,-16.433629,-51.125809,mapbox_geocoding,True
GO,5210208,Iporá,Expansão do Parque das Estrelas,expansao do parque das estrelas,-16.374717,-51.03487,mapbox_geocoding,True
GO,5210208,Iporá,Expansão do Setor Leste,expansao do setor leste,-16.342105,-48.971197,mapbox_geocoding,True
GO,5210208,Iporá,Expansão do Setor Leste II,expansao do setor leste ii,-16.447119,-51.120814,mapbox_geocoding,True
GO,5210208,Iporá,Expansão I do Loteamento Castanheira,expansao i do loteamento castanheira,-16.453812,-51.116759,mapbox_geocoding,True
GO,5210208,Iporá,Expansão II do Loteamento Castanheira,expansao ii do loteamento castanheira,-16.454245,-51.117915,mapbox_geocoding,True
GO,5210208,Iporá,Expansão Jardim Novo Horizonte IV,expansao jardim novo horizonte iv,-16.433186,-51.109249,mapbox_geocoding,True
GO,5210208,Iporá,Expansão Residencial Brisa da Mata,expansao residencial brisa da mata,-15.491796,-47.103271,mapbox_geocoding,True
GO,5210208,Iporá,Expansão Vila Nova,expansao vila nova,-15.151832,-48.275023,mapbox_geocoding,True
GO,5210208,Iporá,Extensão do Parque das Estrelas,extensao do parque das estrelas,-16.433186,-51.109249,mapbox_geocoding,True
GO,5210208,Iporá,Goiás I,goias i,-16.442003,-51.114349,mapbox_geocoding,True
GO,5210208,Iporá,Goiás II,goias ii,-16.431487,-51.09058,mapbox_geocoding,True
GO,5210208,Iporá,Goiasil,goiasil,-16.433186,-51.109249,mapbox_geocoding,True
GO,5210208,Iporá,Ipiranga,ipiranga,-16.435745,-51.123257,mapbox_geocoding,True
GO,5210208,Iporá,Iporazinho,iporazinho,-16.442003,-51.114349,mapbox_geocoding,True
GO,5210208,Iporá,Jardim Arco Íris,jardim arco iris,-16.42321,-51.119385,mapbox_geocoding,True
GO,5210208,Iporá,Jardim das Oliveiras,jardim das oliveiras,-16.443189,-51.112788,mapbox_geocoding,True
GO,5210208,Iporá,Jardim dos Passarinhos,jardim dos passarinhos,-16.726165,-49.225331,mapbox_geocoding,True
GO,5210208,Iporá,Jardim Monte Alto,jardim monte alto,-16.420746,-51.101568,mapbox_geocoding,True
GO,5210208,Iporá,Jardim Novo Horizonte I,jardim novo horizonte i,-16.423509,-51.110703,mapbox_geocoding,True
GO,5210208,Iporá,Jardim Novo Horizonte II,jardim novo horizonte ii,-16.423509,-51.110703,mapbox_geocoding,True
GO,5210208,Iporá,Jardim Novo Horizonte III,jardim novo horizonte iii,-16.410911,-51.11063,mapbox_geocoding,True
GO,5210208,Iporá,Jardim Novo Horizonte IV,jardim novo horizonte iv,-16.420746,-51.101568,mapbox_geocoding,True
GO,5210208,Iporá,Jardim Urânio,jardim uranio,-16.445378,-51.108682,mapbox_geocoding,True
GO,5210208,Iporá,Jardins Ferreira,jardins ferreira,-14.498304,-46.114689,mapbox_geocoding,True
GO,5210208,Iporá,Joaquim Berto,joaquim berto,-16.446019,-51.125655,mapbox_geocoding,True
GO,5210208,Iporá,Loteamento Califórnia,loteamento california,-18.396813,-47.763666,mapbox_geocoding,True
GO,5210208,Iporá,Loteamento Capelinha,loteamento capelinha,-16.453324,-51.114056,mapbox_geocoding,True
GO,5210208,Iporá,Loteamento Expansão do Umuarama,loteamento expansao do umuarama,-18.18178,-47.954028,mapbox_geocoding,True
GO,5210208,Iporá,Loteamento São Vicente,loteamento sao vicente,-16.435745,-51.123257,mapbox_geocoding,True
GO,5210208,Iporá,Maracanã,maracana,-16.435745,-51.123257,mapbox_geocoding,True
GO,5210208,Iporá,Mato Grosso,mato grosso,-16.435745,-51.123257,mapbox_geocoding,True
GO,5210208,Iporá,Moreira,moreira,-16.443189,-51.112788,mapbox_geocoding,True
GO,5210208,Iporá,Padre Cícero,padre cicero,-16.428327,-51.123521,mapbox_geocoding,True
GO,5210208,Iporá,Parque das Estrelas,parque das estrelas,-16.942779,-51.817232,mapbox_geocoding,True
GO,5210208,Iporá,Parque Santana,parque santana,-16.442003,-51.114349,mapbox_geocoding,True
GO,5210208,Iporá,Parque São Jorge,parque sao jorge,-16.438733,-51.123193,mapbox_geocoding,True
GO,5210208,Iporá,Parque União,parque uniao,-16.430011,-51.130147,mapbox_geocoding,True
GO,5210208,Iporá,Paula e Souza,paula e souza,-16.438733,-51.123193,mapbox_geocoding,True
GO,5210208,Iporá,Pedro Gonçalves Filho,pedro goncalves filho,-18.404512,-49.244598,mapbox_geocoding,True
GO,5210208,Iporá,Perné,perne,-16.433186,-51.109249,mapbox_geocoding,True
GO,5210208,Iporá,Planalto,planalto,-16.442003,-51.114349,mapbox_geocoding,True
GO,5210208,Iporá,Por do Sol,por do sol,-10.653308,-39.018278,mapbox_geocoding,True
GO,5210208,Iporá,Residencial Andorinhas,residencial andorinhas,-16.455106,-51.115414,mapbox_geocoding,True
GO,5210208,Iporá,Residencial Brisa da Mata,residencial brisa da mata,-16.439155,-51.10253,mapbox_geocoding,True
GO,5210208,Iporá,Residencial Gran Sossego,residencial gran sossego,-16.442539,-51.125354,mapbox_geocoding,True
GO,5210208,Iporá,Residencial Jardim dos Ipês,residencial jardim dos ipes,-16.260133,-49.001916,mapbox_geocoding,True
GO,5210208,Iporá,Residencial Nova Iporá,residencial nova ipora,-16.44392,-51.120564,mapbox_geocoding,True
GO,5210208,Iporá,Residencial Priscilla Park,residencial priscilla park,-16.454779,-50.512116,mapbox_geocoding,True
GO,5210208,Iporá,Residencial Villa Lobo,residencial villa lobo,-16.439155,-51.10253,mapbox_geocoding,True
GO,5210208,Iporá,Santa Catarina,santa catarina,-16.433209,-51.12827,mapbox_geocoding,True
GO,5210208,Iporá,Santa Marta,santa marta,-16.726165,-49.225331,mapbox_geocoding,True
GO,5210208,Iporá,Santo Antônio,santo antonio,-18.404512,-49.244598,mapbox_geocoding,True
GO,5210208,Iporá,São Francisco,sao francisco,-16.447273,-51.114098,mapbox_geocoding,True
GO,5210208,Iporá,São José,sao jose,-16.438733,-51.123193,mapbox_geocoding,True
GO,5210208,Iporá,São Paulo da Cruz,sao paulo da cruz,-16.42683,-51.123359,mapbox_geocoding,True
GO,5210208,Iporá,São Vicente de Paulo,sao vicente de paulo,-16.443189,-51.112788,mapbox_geocoding,True
GO,5210208,Iporá,Setor Aeroporto Sul,setor aeroporto sul,-16.447273,-51.114098,mapbox_geocoding,True
GO,5210208,Iporá,Setor Carajás,setor carajas,-16.456306,-51.111891,mapbox_geocoding,True
GO,5210208,Iporá,Setor Central,setor central,,,brasil_aberto,True
GO,5210208,Iporá,Setor dos Funcionários,setor dos funcionarios,-10.653308,-39.018278,mapbox_geocoding,True
GO,5210208,Iporá,Setor Leste,setor leste,-16.447119,-51.120814,mapbox_geocoding,True
GO,5210208,Iporá,Setor Serrinha,setor serrinha,-16.410911,-51.11063,mapbox_geocoding,True
GO,5210208,Iporá,Umuarama,umuarama,-16.455106,-51.115414,mapbox_geocoding,True
GO,5210208,Iporá,Vau do Passarinho,vau do passarinho,-16.434294,-51.123306,mapbox_geocoding,True
GO,5210208,Iporá,Vila Brasília,vila brasilia,-16.447119,-51.120814,mapbox_geocoding,True
GO,5210208,Iporá,Vila Cascalheira,vila cascalheira,-16.455106,-51.115414,mapbox_geocoding,True
GO,5210208,Iporá,Vila Ferreira,vila ferreira,-16.4561,-51.116579,mapbox_geocoding,True
GO,5210208,Iporá,Vila Itajubá,vila itajuba,-16.446019,-51.125655,mapbox_geocoding,True
GO,5210208,Iporá,Vila Itajubá I,vila itajuba i,-16.447119,-51.120814,mapbox_geocoding,True
GO,5210208,Iporá,Vila Itajubá II,vila itajuba ii,-16.447119,-51.120814,mapbox_geocoding,True
GO,5210208,Iporá,Vila Nova,vila nova,-16.42683,-51.123359,mapbox_geocoding,True
GO,5210208,Iporá,Vila Redentora,vila redentora,-16.447119,-51.120814,mapbox_geocoding,True
GO,5210208,Iporá,Vila Rica,vila rica,-16.433186,-51.109249,mapbox_geocoding,True
GO,5210208,Iporá,Vila Umuarama,vila umuarama,-16.441741,-51.106922,mapbox_geocoding,True
GO,5210307,Israelândia,Piloândia,piloandia,,,dne,True
GO,5210307,Israelândia,Setor Central,setor central,-16.315901,-50.903867,mapbox_geocoding,True
GO,5210406,Itaberaí,Antonio Severino Coelho,antonio severino coelho,-16.050629,-49.788523,mapbox_geocoding,True
GO,5210406,Itaberaí,Área Rural de Itaberaí,area rural de itaberai,-16.021412,-49.805668,mapbox_geocoding,True
GO,5210406,Itaberaí,Bairro Del Rey,bairro del rey,-16.011796,-49.804692,mapbox_geocoding,True
GO,5210406,Itaberaí,Bairro Feliz,bairro feliz,-16.020057,-49.804062,mapbox_geocoding,True
GO,5210406,Itaberaí,Bairro São João,bairro sao joao,-16.033614,-49.795417,mapbox_geocoding,True
GO,5210406,Itaberaí,Centro,centro,-16.020057,-49.804062,mapbox_geocoding,True
GO,5210406,Itaberaí,Fernanda Park,fernanda park,-16.011739,-49.798806,mapbox_geocoding,True
GO,5210406,Itaberaí,Fernanda Park I,fernanda park i,-16.019151,-49.786039,mapbox_geocoding,True
GO,5210406,Itaberaí,Gongomé,gongome,,,dne,True
GO,5210406,Itaberaí,Jardim Barbosa,jardim barbosa,-16.029312,-49.802792,mapbox_geocoding,True
GO,5210406,Itaberaí,Jardim Bela Vista,jardim bela vista,-16.054733,-49.599296,mapbox_geocoding,True
GO,5210406,Itaberaí,Jardim Cabral,jardim cabral,-16.029705,-49.780649,mapbox_geocoding,True
GO,5210406,Itaberaí,Jardim Cabral II,jardim cabral ii,-16.35487,-49.682043,mapbox_geocoding,True
GO,5210406,Itaberaí,Jardim Cristina,jardim cristina,-16.011739,-49.798806,mapbox_geocoding,True
GO,5210406,Itaberaí,Jardim Esmeralda,jardim esmeralda,-16.042002,-49.783865,mapbox_geocoding,True
GO,5210406,Itaberaí,Jardim Neco de faria,jardim neco de faria,-16.023144,-49.799525,mapbox_geocoding,True
GO,5210406,Itaberaí,Loteamento Alto da Bela Vista,loteamento alto da bela vista,-16.357537,-49.68385,mapbox_geocoding,True
GO,5210406,Itaberaí,Loteamento Melissa Park,loteamento melissa park,-16.019733,-49.78494,mapbox_geocoding,True
GO,5210406,Itaberaí,Regina Coeli,regina coeli,-16.018227,-49.805176,mapbox_geocoding,True
GO,5210406,Itaberaí,Remanescente da Vila Leonor,remanescente da vila leonor,-16.060935,-49.604966,mapbox_geocoding,True
GO,5210406,Itaberaí,Residencia Vó Diolinda,residencia vo diolinda,-16.011739,-49.798806,mapbox_geocoding,True
GO,5210406,Itaberaí,Residencial Alto da Boa Vista,residencial alto da boa vista,-16.353594,-49.683755,mapbox_geocoding,True
GO,5210406,Itaberaí,Residencial Ana Marcela,residencial ana marcela,-16.009987,-49.790277,mapbox_geocoding,True
GO,5210406,Itaberaí,Residencial Itatiaia,residencial itatiaia,-14.56586,-46.166989,mapbox_geocoding,True
GO,5210406,Itaberaí,Residencial Itavilly,residencial itavilly,-16.354347,-49.682872,mapbox_geocoding,True
GO,5210406,Itaberaí,Residencial Paraíso,residencial paraiso,-16.35487,-49.682043,mapbox_geocoding,True
GO,5210406,Itaberaí,Residencial Primavera,residencial primavera,-16.027773,-49.788414,mapbox_geocoding,True
GO,5210406,Itaberaí,Residencial Recanto das Rosas,residencial recanto das rosas,-16.009987,-49.790277,mapbox_geocoding,True
GO,5210406,Itaberaí,Residencial Recanto das Rosas II,residencial recanto das rosas ii,-16.357537,-49.68385,mapbox_geocoding,True
GO,5210406,Itaberaí,Residencial Recanto do Bosque,residencial recanto do bosque,-16.659537,-49.230622,mapbox_geocoding,True
GO,5210406,Itaberaí,Residencial Virgilio Araújo,residencial virgilio araujo,-16.035444,-49.804854,mapbox_geocoding,True
GO,5210406,Itaberaí,Residencial Vitória,residencial vitoria,-16.376232,-49.480351,mapbox_geocoding,True
GO,5210406,Itaberaí,Santa Rita,santa rita,,,dne,True
GO,5210406,Itaberaí,São Benedito,sao benedito,,,dne,True
GO,5210406,Itaberaí,São José do Retiro,sao jose do retiro,,,dne,True
GO,5210406,Itaberaí,Sebastião Barbosa,sebastiao barbosa,-16.014676,-49.807685,mapbox_geocoding,True
GO,5210406,Itaberaí,Setor Beira Rio,setor beira rio,-16.033614,-49.795417,mapbox_geocoding,True
GO,5210406,Itaberaí,Setor Bueno II,setor bueno ii,-16.033614,-49.795417,mapbox_geocoding,True
GO,5210406,Itaberaí,Setor Central,setor central,,,brasil_aberto,True
GO,5210406,Itaberaí,Setor Sul,setor sul,-16.027773,-49.788414,mapbox_geocoding,True
GO,5210406,Itaberaí,Vila Boa Esperança,vila boa esperanca,-16.054665,-49.600241,mapbox_geocoding,True
GO,5210406,Itaberaí,Vila Camargo,vila camargo,-16.011739,-49.798806,mapbox_geocoding,True
GO,5210406,Itaberaí,Vila Comunitária,vila comunitaria,-16.009987,-49.790277,mapbox_geocoding,True
GO,5210406,Itaberaí,Vila Conquista,vila conquista,-16.054665,-49.600241,mapbox_geocoding,True
GO,5210406,Itaberaí,Vila Dom Cândido Penso,vila dom candido penso,-16.014676,-49.807685,mapbox_geocoding,True
GO,5210406,Itaberaí,Vila Goiânia,vila goiania,-16.033614,-49.795417,mapbox_geocoding,True
GO,5210406,Itaberaí,Vila Honorina,vila honorina,-16.009987,-49.790277,mapbox_geocoding,True
GO,5210406,Itaberaí,Vila Iracema,vila iracema,-16.009987,-49.790277,mapbox_geocoding,True
GO,5210406,Itaberaí,Vila Izabel,vila izabel,-16.03029,-49.805441,mapbox_geocoding,True
GO,5210406,Itaberaí,Vila Joaquim Lúcio,vila joaquim lucio,-16.033614,-49.795417,mapbox_geocoding,True
GO,5210406,Itaberaí,Vila Leonor,vila leonor,-16.3543,-49.682992,mapbox_geocoding,True
GO,5210406,Itaberaí,Vila Leonor II,vila leonor ii,-16.029312,-49.802792,mapbox_geocoding,True
GO,5210406,Itaberaí,Vila Leonor III,vila leonor iii,-16.357537,-49.68385,mapbox_geocoding,True
GO,5210406,Itaberaí,Vila Maia,vila maia,-16.023144,-49.799525,mapbox_geocoding,True
GO,5210406,Itaberaí,Vila Mutirão,vila mutirao,-16.028564,-49.789351,mapbox_geocoding,True
GO,5210406,Itaberaí,Vila Presidente Roosevelt,vila presidente roosevelt,-16.009987,-49.790277,mapbox_geocoding,True
GO,5210406,Itaberaí,Vila Progresso,vila progresso,-16.029657,-49.803787,mapbox_geocoding,True
GO,5210406,Itaberaí,Vila Progresso II,vila progresso ii,-16.033614,-49.795417,mapbox_geocoding,True
GO,5210406,Itaberaí,Vila Santo Antonio,vila santo antonio,-16.033614,-49.795417,mapbox_geocoding,True
GO,5210562,Itaguari,Setor Central,setor central,-15.9193499,-49.6033803,brasil_aberto_first_street,True
GO,5210604,Itaguaru,Setor Central,setor central,-15.7617741,-49.63275849999999,brasil_aberto_first_street,True
GO,5210802,Itajá,Área Rural,area rural,-19.067818,-51.54709,mapbox_geocoding,True
GO,5210802,Itajá,Centro,centro,-19.069905,-51.548159,mapbox_geocoding,True
GO,5210802,Itajá,Getúlio Sampaio Negrão,getulio sampaio negrao,-19.064226,-51.554235,mapbox_geocoding,True
GO,5210802,Itajá,Jardim Planalto,jardim planalto,-19.067916,-51.554196,mapbox_geocoding,True
GO,5210802,Itajá,Parque dos Ipês,parque dos ipes,-19.067818,-51.54709,mapbox_geocoding,True
GO,5210802,Itajá,Setor Central,setor central,,,brasil_aberto,True
GO,5210802,Itajá,Vila Ione,vila ione,-19.062535,-51.546205,mapbox_geocoding,True
GO,5210802,Itajá,Vila Morgado,vila morgado,-19.067916,-51.554196,mapbox_geocoding,True
GO,5210802,Itajá,Vila Nossa Senhora Aparecida,vila nossa senhora aparecida,-19.06349,-51.549465,mapbox_geocoding,True
GO,5210802,Itajá,Vila Nova,vila nova,-19.066177,-51.545759,mapbox_geocoding,True
GO,5210901,Itapaci,Aparecida de Goiás,aparecida de goias,,,dne,True
GO,5210901,Itapaci,Setor Central,setor central,-14.9528509,-49.5469762,brasil_aberto_first_street,True
GO,5211008,Itapirapuã,Área Rural de Itapirapuã,area rural de itapirapua,-15.820908,-50.60899,mapbox_geocoding,True
GO,5211008,Itapirapuã,Bairro Popular,bairro popular,-15.819465,-50.600438,mapbox_geocoding,True
GO,5211008,Itapirapuã,Centro,centro,-15.819465,-50.600438,mapbox_geocoding,True
GO,5211008,Itapirapuã,Cidade Livre,cidade livre,-15.825,-50.615792,mapbox_geocoding,True
GO,5211008,Itapirapuã,Edla Pachedo Saad,edla pachedo saad,-15.815258,-50.616132,mapbox_geocoding,True
GO,5211008,Itapirapuã,Jacilândia,jacilandia,,,dne,True
GO,5211008,Itapirapuã,São Domingos,sao domingos,-15.819465,-50.600438,mapbox_geocoding,True
GO,5211008,Itapirapuã,Setor Central,setor central,-15.608467,-50.9343021,brasil_aberto_first_street,True
GO,5211206,Itapuranga,Área Rural de Itapuranga,area rural de itapuranga,-15.56145,-49.946682,mapbox_geocoding,True
GO,5211206,Itapuranga,Bela Vista,bela vista,-15.555685,-49.953714,mapbox_geocoding,True
GO,5211206,Itapuranga,Boa Vista,boa vista,-15.562678,-49.938495,mapbox_geocoding,True
GO,5211206,Itapuranga,Cibele,cibele,,,dne,True
GO,5211206,Itapuranga,Conjunto Fraternidade,conjunto fraternidade,-15.555616,-49.945212,mapbox_geocoding,True
GO,5211206,Itapuranga,Conjunto Sandra Vilela,conjunto sandra vilela,-15.569258,-49.960727,mapbox_geocoding,True
GO,5211206,Itapuranga,Conjunto Valéria Perillo,conjunto valeria perillo,-15.03468,-47.05316,mapbox_geocoding,True
GO,5211206,Itapuranga,Cruzeiro Dourado,cruzeiro dourado,,,dne,True
GO,5211206,Itapuranga,Diolândia,diolandia,,,dne,True
GO,5211206,Itapuranga,Jardim Conde dos Arcos,jardim conde dos arcos,-15.562678,-49.938495,mapbox_geocoding,True
GO,5211206,Itapuranga,Jardim das Oliveiras,jardim das oliveiras,-16.805804,-49.129302,mapbox_geocoding,True
GO,5211206,Itapuranga,Jardim Imperial,jardim imperial,-15.555616,-49.945212,mapbox_geocoding,True
GO,5211206,Itapuranga,Jardim Monte Cristo,jardim monte cristo,-16.961521,-49.214671,mapbox_geocoding,True
GO,5211206,Itapuranga,João Nunes Perdigão,joao nunes perdigao,-15.55441,-49.949516,mapbox_geocoding,True
GO,5211206,Itapuranga,Joaquim Cardoso,joaquim cardoso,-15.564638,-49.948926,mapbox_geocoding,True
GO,5211206,Itapuranga,Joaquim da Silva Moreira,joaquim da silva moreira,-15.566583,-49.944327,mapbox_geocoding,True
GO,5211206,Itapuranga,Kenia Park,kenia park,-18.412642,-49.218021,mapbox_geocoding,True
GO,5211206,Itapuranga,Kenia Park II,kenia park ii,-15.566583,-49.944327,mapbox_geocoding,True
GO,5211206,Itapuranga,Lages,lages,,,dne,True
GO,5211206,Itapuranga,Lara Park,lara park,-15.554813,-49.939832,mapbox_geocoding,True
GO,5211206,Itapuranga,Margareth Soares,margareth soares,-15.553855,-49.941505,mapbox_geocoding,True
GO,5211206,Itapuranga,Milton Camilo de Faria,milton camilo de faria,-15.562678,-49.938495,mapbox_geocoding,True
GO,5211206,Itapuranga,Milton Camilo de Faria II,milton camilo de faria ii,-15.561301,-49.933956,mapbox_geocoding,True
GO,5211206,Itapuranga,Núcleo Brandão,nucleo brandao,-15.554813,-49.939832,mapbox_geocoding,True
GO,5211206,Itapuranga,Parque Alvorada,parque alvorada,-15.562678,-49.938495,mapbox_geocoding,True
GO,5211206,Itapuranga,Residencial Araújo,residencial araujo,-16.227529,-47.93982,mapbox_geocoding,True
GO,5211206,Itapuranga,Residencial Arruda,residencial arruda,-1.294779,-48.473302,mapbox_geocoding,True
GO,5211206,Itapuranga,Residencial Cristo Redentor,residencial cristo redentor,-23.48947,-51.804198,mapbox_geocoding,True
GO,5211206,Itapuranga,Residencial Eldorado,residencial eldorado,-16.227529,-47.93982,mapbox_geocoding,True
GO,5211206,Itapuranga,Residencial Flamboyant I,residencial flamboyant i,-15.423456,-50.1167,mapbox_geocoding,True
GO,5211206,Itapuranga,Residencial Flamboyant II,residencial flamboyant ii,-15.553743,-49.942066,mapbox_geocoding,True
GO,5211206,Itapuranga,Residencial Green Ville,residencial green ville,-15.556666,-49.934784,mapbox_geocoding,True
GO,5211206,Itapuranga,Residencial Jardim Pacífico,residencial jardim pacifico,-17.966526,-50.006805,mapbox_geocoding,True
GO,5211206,Itapuranga,Residencial Leonídio Martins Cardoso,residencial leonidio martins cardoso,-15.566583,-49.944327,mapbox_geocoding,True
GO,5211206,Itapuranga,Residencial Lorena,residencial lorena,-15.52068,-49.673182,mapbox_geocoding,True
GO,5211206,Itapuranga,Residencial Menezes,residencial menezes,-15.519283,-49.672633,mapbox_geocoding,True
GO,5211206,Itapuranga,Residencial Oscar Raimundo de Borba,residencial oscar raimundo de borba,-15.561614,-49.929437,mapbox_geocoding,True
GO,5211206,Itapuranga,Residencial Porto Seguro,residencial porto seguro,-16.331119,-48.966122,mapbox_geocoding,True
GO,5211206,Itapuranga,Residencial Terezinha Glória,residencial terezinha gloria,-15.556666,-49.934784,mapbox_geocoding,True
GO,5211206,Itapuranga,Residencial Terezinha Glória 2,residencial terezinha gloria 2,-15.520902,-49.672269,mapbox_geocoding,True
GO,5211206,Itapuranga,São Sebastião do Xixá,sao sebastiao do xixa,-15.564638,-49.948926,mapbox_geocoding,True
GO,5211206,Itapuranga,Serra Dourada,serra dourada,-15.566583,-49.944327,mapbox_geocoding,True
GO,5211206,Itapuranga,Setor Canastra,setor canastra,-15.562955,-49.938689,mapbox_geocoding,True
GO,5211206,Itapuranga,Setor Central,setor central,,,brasil_aberto,True
GO,5211206,Itapuranga,Setor Comercial,setor comercial,-15.554813,-49.939832,mapbox_geocoding,True
GO,5211206,Itapuranga,Setor José Pereira de Faria,setor jose pereira de faria,-15.518945,-49.673156,mapbox_geocoding,True
GO,5211206,Itapuranga,Setor Marista,setor marista,-15.556678,-49.950014,mapbox_geocoding,True
GO,5211206,Itapuranga,Setor Novo Horizonte,setor novo horizonte,-15.521591,-49.671589,mapbox_geocoding,True
GO,5211206,Itapuranga,Setor Oeste,setor oeste,-15.519283,-49.672633,mapbox_geocoding,True
GO,5211206,Itapuranga,Setor Olaria,setor olaria,-15.562678,-49.938495,mapbox_geocoding,True
GO,5211206,Itapuranga,Setor Progresso,setor progresso,-15.55441,-49.949516,mapbox_geocoding,True
GO,5211206,Itapuranga,Vera Cruz,vera cruz,-15.560057,-49.944058,mapbox_geocoding,True
GO,5211206,Itapuranga,Veredas de Itapuranga,veredas de itapuranga,-15.563852,-49.936161,mapbox_geocoding,True
GO,5211206,Itapuranga,Vila Barrinha,vila barrinha,-15.521281,-49.673503,mapbox_geocoding,True
GO,5211206,Itapuranga,Vila Canaã,vila canaa,-15.425114,-50.116078,mapbox_geocoding,True
GO,5211206,Itapuranga,Vila Marilda,vila marilda,-15.51981,-49.671658,mapbox_geocoding,True
GO,5211206,Itapuranga,Vila Mendes,vila mendes,-15.562678,-49.938495,mapbox_geocoding,True
GO,5211206,Itapuranga,Vila Moreira,vila moreira,-15.56145,-49.946682,mapbox_geocoding,True
GO,5211206,Itapuranga,Vila Mutirão da Moradia,vila mutirao da moradia,-15.422226,-50.115304,mapbox_geocoding,True
GO,5211206,Itapuranga,Vila Nova,vila nova,-15.518945,-49.673156,mapbox_geocoding,True
GO,5211206,Itapuranga,Vila Odete,vila odete,-15.520318,-49.671552,mapbox_geocoding,True
GO,5211206,Itapuranga,Vila Renata,vila renata,-15.562678,-49.938495,mapbox_geocoding,True
GO,5211206,Itapuranga,Vila Rica,vila rica,-15.521281,-49.673503,mapbox_geocoding,True
GO,5211206,Itapuranga,Vila Santana,vila santana,-15.521281,-49.673503,mapbox_geocoding,True
GO,5211206,Itapuranga,Vila São José,vila sao jose,-15.521848,-49.67236,mapbox_geocoding,True
GO,5211305,Itarumã,Olaria do Angico,olaria do angico,,,dne,True
GO,5211305,Itarumã,Setor Central,setor central,-18.7662496,-51.3476997,brasil_aberto_first_street,True
GO,5211404,Itauçu,Ordália,ordalia,,,dne,True
GO,5211404,Itauçu,Setor Central,setor central,-16.2026433,-49.604494,brasil_aberto_first_street,True
GO,5211503,Itumbiara,Afonso Pena,afonso pena,-18.4081121,-49.2120906,brasil_aberto_first_street,True
GO,5211503,Itumbiara,Alto da Boa Vista,alto da boa vista,-18.4075134,-49.2115612,brasil_aberto_first_street,True
GO,5211503,Itumbiara,Alvorada,alvorada,-18.4075134,-49.2115612,brasil_aberto_first_street,True
GO,5211503,Itumbiara,Área Rural de Itumbiara,area rural de itumbiara,-18.4166854,-49.2170785,brasil_aberto_first_street,True
GO,5211503,Itumbiara,Beatriz,beatriz,-18.4095669,-49.2341671,brasil_aberto_first_street,True
GO,5211503,Itumbiara,Brasília,brasilia,-18.4289014,-49.2231095,brasil_aberto_first_street,True
GO,5211503,Itumbiara,Campo Limpo,campo limpo,,,dne,True
GO,5211503,Itumbiara,Centro,centro,-18.4171608,-49.2399377,brasil_aberto_first_street,True
GO,5211503,Itumbiara,Cidade Jardim,cidade jardim,-18.4176283,-49.2449859,brasil_aberto_first_street,True
GO,5211503,Itumbiara,Cidade Jardim (Prolongamento),cidade jardim prolongamento,-18.4173037,-49.2591169,brasil_aberto_first_street,True
GO,5211503,Itumbiara,Condomínio Horizontal Paraíso,condominio horizontal paraiso,-18.4392223,-49.211002,brasil_aberto_first_street,True
GO,5211503,Itumbiara,Conjunto Habitacional Alcides Rodrigues,conjunto habitacional alcides rodrigues,-18.4008437,-49.2421998,brasil_aberto_first_street,True
GO,5211503,Itumbiara,Conjunto Habitacional Dionária Rocha,conjunto habitacional dionaria rocha,-18.4026603,-49.2699967,brasil_aberto_first_street,True
GO,5211503,Itumbiara,Conjunto Habitacional Jardim Celma D' Ângelis,conjunto habitacional jardim celma d angelis,-18.4056698,-49.2306254,brasil_aberto_first_street,True
GO,5211503,Itumbiara,Conjunto Habitacional Juca Arantes,conjunto habitacional juca arantes,-18.4000918,-49.2458756,brasil_aberto_first_street,True
GO,5211503,Itumbiara,Conjunto Habitacional Morada dos Sonhos,conjunto habitacional morada dos sonhos,-18.4067048,-49.2319457,brasil_aberto_first_street,True
GO,5211503,Itumbiara,Conjunto Habitacional Santa Helena,conjunto habitacional santa helena,-18.4119675,-49.2670249,brasil_aberto_first_street,True
GO,5211503,Itumbiara,Conjunto Habitacional Santa Maria,conjunto habitacional santa maria,-18.3979484,-49.1970808,brasil_aberto_first_street,True
GO,5211503,Itumbiara,Conjunto Habitacional Wilsina Barbosa de Araújo - Dona Sinica,conjunto habitacional wilsina barbosa de araujo dona sinica,-18.3882876,-49.1999808,brasil_aberto_first_street,True
GO,5211503,Itumbiara,Distrito Agroindustrial de Itumbiara - DIAGRI,distrito agroindustrial de itumbiara diagri,-18.3965946,-49.28699080000001,brasil_aberto_first_street,True
GO,5211503,Itumbiara,Distrito Agroindustrial II,distrito agroindustrial ii,-15.6806452,-49.3422373,brasil_aberto_first_street,True
GO,5211503,Itumbiara,Dom Bosco,dom bosco,-18.4026357,-49.2370153,brasil_aberto_first_street,True
GO,5211503,Itumbiara,Dom Veloso,dom veloso,-18.4112228,-49.2567259,brasil_aberto_first_street,True
GO,5211503,Itumbiara,Dona Marolina,dona marolina,-18.4072425,-49.2727358,brasil_aberto_first_street,True
GO,5211503,Itumbiara,Dona Marolina (Prolongamento),dona marolina prolongamento,-18.4166854,-49.2170785,brasil_aberto_first_street,True
GO,5211503,Itumbiara,Ernestina Borges de Andrade,ernestina borges de andrade,-18.4166854,-49.2170785,brasil_aberto_first_street,True
GO,5211503,Itumbiara,Estâncias Vale do Paraíso,estancias vale do paraiso,-17.4000384,-49.2194009,brasil_aberto_first_street,True
GO,5211503,Itumbiara,Ferreira da Costa,ferreira da costa,-18.4282678,-49.2255679,brasil_aberto_first_street,True
GO,5211503,Itumbiara,Jardim Adelaide,jardim adelaide,-18.4124392,-49.2519549,brasil_aberto_first_street,True
GO,5211503,Itumbiara,Jardim América,jardim america,-18.4044051,-49.2089664,brasil_aberto_first_street,True
GO,5211503,Itumbiara,Jardim Bandeirantes,jardim bandeirantes,-18.4105979,-49.2432582,brasil_aberto_first_street,True
GO,5211503,Itumbiara,Jardim Beira Rio,jardim beira rio,-18.4166854,-49.2170785,brasil_aberto_first_street,True
GO,5211503,Itumbiara,Jardim Europa,jardim europa,-16.7160533,-49.3067696,brasil_aberto_first_street,True
GO,5211503,Itumbiara,Jardim Flamboyant,jardim flamboyant,-18.3961618,-49.2075994,brasil_aberto_first_street,True
GO,5211503,Itumbiara,Jardim Leonora,jardim leonora,-18.4196559,-49.2432591,brasil_aberto_first_street,True
GO,5211503,Itumbiara,Jardim Leonora II,jardim leonora ii,-18.4204577,-49.2448868,brasil_aberto_first_street,True
GO,5211503,Itumbiara,Jardim Liberdade,jardim liberdade,-18.3810888,-49.2183652,brasil_aberto_first_street,True
GO,5211503,Itumbiara,Jardim Morumbi,jardim morumbi,-18.4317926,-49.2190065,brasil_aberto_first_street,True
GO,5211503,Itumbiara,Jardim Nova Itumbiara,jardim nova itumbiara,-18.4196559,-49.2432591,brasil_aberto_first_street,True
GO,5211503,Itumbiara,Karfan,karfan,-18.3996624,-49.2064594,brasil_aberto_first_street,True
GO,5211503,Itumbiara,Ladário Cardoso de Paula,ladario cardoso de paula,-18.4124392,-49.2519549,brasil_aberto_first_street,True
GO,5211503,Itumbiara,Meia Ponte,meia ponte,,,dne,True
GO,5211503,Itumbiara,Messias Luiza de Faria,messias luiza de faria,-16.804015,-49.214084,mapbox_geocoding,True
GO,5211503,Itumbiara,Norma Gibaldi,norma gibaldi,-18.4144953,-49.2726992,brasil_aberto_first_street,True
GO,5211503,Itumbiara,Nossa Senhora da Saúde,nossa senhora da saude,-18.3898314,-49.2002204,brasil_aberto_first_street,True
GO,5211503,Itumbiara,Nossa Senhora da Saúde (Prolongamento),nossa senhora da saude prolongamento,-18.4166854,-49.2170785,brasil_aberto_first_street,True
GO,5211503,Itumbiara,Nova Aurora,nova aurora,-18.4272036,-49.2081563,brasil_aberto_first_street,True
GO,5211503,Itumbiara,Nova Veneza,nova veneza,-18.4127044,-49.2213749,brasil_aberto_first_street,True
GO,5211503,Itumbiara,Novo Horizonte,novo horizonte,-18.4139119,-49.2364641,brasil_aberto_first_street,True
GO,5211503,Itumbiara,Olinta Soares Guimarães,olinta soares guimaraes,-18.4008437,-49.2421998,brasil_aberto_first_street,True
GO,5211503,Itumbiara,Paranaíba,paranaiba,-18.4190026,-49.2143612,brasil_aberto_first_street,True
GO,5211503,Itumbiara,Parque Imperial,parque imperial,-18.4331803,-49.203739,brasil_aberto_first_street,True
GO,5211503,Itumbiara,Parque Vale dos Buritys I,parque vale dos buritys i,-18.3948408,-49.2095127,brasil_aberto_first_street,True
GO,5211503,Itumbiara,Parque Vale dos Buritys II,parque vale dos buritys ii,-18.4028984,-49.2048251,brasil_aberto_first_street,True
GO,5211503,Itumbiara,Parque Vale dos Buritys III,parque vale dos buritys iii,-18.380345,-49.2184919,brasil_aberto_first_street,True
GO,5211503,Itumbiara,Perímetro Urbano,perimetro urbano,-18.383364,-49.226305,mapbox_geocoding,True
GO,5211503,Itumbiara,Portal dos Ipês,portal dos ipes,-18.3872876,-49.2235133,brasil_aberto_first_street,True
GO,5211503,Itumbiara,Prefeito José Moisés,prefeito jose moises,-18.4186204,-49.2737885,brasil_aberto_first_street,True
GO,5211503,Itumbiara,Remy Martins Ferreira,remy martins ferreira,-18.4186204,-49.2737885,brasil_aberto_first_street,True
GO,5211503,Itumbiara,Residencial Alto do Trindade,residencial alto do trindade,-18.3970137,-49.24115579999999,brasil_aberto_first_street,True
GO,5211503,Itumbiara,Residencial Ana Cardoso,residencial ana cardoso,-18.4167106,-49.2170958,brasil_aberto_first_street,True
GO,5211503,Itumbiara,Residencial Beira Rio I,residencial beira rio i,-18.4312091,-49.2025775,brasil_aberto_first_street,True
GO,5211503,Itumbiara,Residencial Beira Rio II,residencial beira rio ii,-18.4312091,-49.2025775,brasil_aberto_first_street,True
GO,5211503,Itumbiara,Residencial Dona Guri Rodrigues,residencial dona guri rodrigues,-18.4008437,-49.2421998,brasil_aberto_first_street,True
GO,5211503,Itumbiara,Residencial Jardim Primavera,residencial jardim primavera,-18.4317926,-49.2190065,brasil_aberto_first_street,True
GO,5211503,Itumbiara,Residencial Maria Luiza Machado,residencial maria luiza machado,-18.3832765,-49.2241983,brasil_aberto_first_street,True
GO,5211503,Itumbiara,Residencial Morada do Sol,residencial morada do sol,-18.4050369,-49.2207226,brasil_aberto_first_street,True
GO,5211503,Itumbiara,Residencial Shimohira,residencial shimohira,-14.098773,-46.638853,mapbox_geocoding,True
GO,5211503,Itumbiara,Residencial Sonho Verde,residencial sonho verde,-18.4189149,-49.2531865,brasil_aberto_first_street,True
GO,5211503,Itumbiara,Santa Inês,santa ines,-18.4289014,-49.2231095,brasil_aberto_first_street,True
GO,5211503,Itumbiara,Santa Rita,santa rita,-18.380345,-49.2184919,brasil_aberto_first_street,True
GO,5211503,Itumbiara,Santos Dumont,santos dumont,-18.4188826,-49.2222032,brasil_aberto_first_street,True
GO,5211503,Itumbiara,São João,sao joao,-18.3979484,-49.1970808,brasil_aberto_first_street,True
GO,5211503,Itumbiara,São Judas Tadeu,sao judas tadeu,-18.4056698,-49.2306254,brasil_aberto_first_street,True
GO,5211503,Itumbiara,Sarandi,sarandi,,,dne,True
GO,5211503,Itumbiara,Setor Industrial,setor industrial,-18.3929909,-49.2080244,brasil_aberto_first_street,True
GO,5211503,Itumbiara,Setor Oeste,setor oeste,-18.4209412,-49.228068,brasil_aberto_first_street,True
GO,5211503,Itumbiara,Setor Planalto,setor planalto,-18.4026357,-49.2370153,brasil_aberto_first_street,True
GO,5211503,Itumbiara,Setor Senador Pedro Ludovico Teixeira,setor senador pedro ludovico teixeira,-18.4272036,-49.2081563,brasil_aberto_first_street,True
GO,5211503,Itumbiara,Social,social,-18.4095669,-49.2341671,brasil_aberto_first_street,True
GO,5211503,Itumbiara,Social (Setor Karfan II),social setor karfan ii,-18.4056698,-49.2306254,brasil_aberto_first_street,True
GO,5211503,Itumbiara,Vila Mutirão,vila mutirao,-18.4139538,-49.2553254,brasil_aberto_first_street,True
GO,5211503,Itumbiara,Vila Residencial de Furnas,vila residencial de furnas,-18.4272036,-49.2081563,brasil_aberto_first_street,True
GO,5211503,Itumbiara,Vila São Sebastião,vila sao sebastiao,-18.3984992,-49.2154981,brasil_aberto_first_street,True
GO,5211503,Itumbiara,Vila Vitória I,vila vitoria i,-18.4144159,-49.238464,brasil_aberto_first_street,True
GO,5211503,Itumbiara,Vila Vitória II,vila vitoria ii,-18.4165015,-49.2396176,brasil_aberto_first_street,True
GO,5211503,Itumbiara,Vilage Beira Rio,vilage beira rio,-18.4322572,-49.2111683,brasil_aberto_first_street,True
GO,5211503,Itumbiara,Zenon Borges Guimarães,zenon borges guimaraes,-18.4039895,-49.2473971,brasil_aberto_first_street,True
GO,5211602,Ivolândia,Campolândia,campolandia,,,dne,True
GO,5211602,Ivolândia,Centro,centro,-16.560738,-51.27435,mapbox_geocoding,True
GO,5211602,Ivolândia,Setor Central,setor central,-16.6046468,-50.7919578,brasil_aberto_first_street,True
GO,5211701,Jandaia,Setor Central,setor central,-14.0930836,-46.3677438,brasil_aberto_first_street,True
GO,5211701,Jandaia,Setor Linda Vista,setor linda vista,-16.4976721,-49.4391377,brasil_aberto_first_street,True
GO,5211800,Jaraguá,Alto do Rosário,alto do rosario,-15.741651,-49.329835,mapbox_geocoding,True
GO,5211800,Jaraguá,Arco Iris Park,arco iris park,-15.749966,-49.335492,mapbox_geocoding,True
GO,5211800,Jaraguá,Área Rural de Jaraguá,area rural de jaragua,-15.753525,-49.332336,mapbox_geocoding,True
GO,5211800,Jaraguá,Centro,centro,-15.760963,-49.336501,mapbox_geocoding,True
GO,5211800,Jaraguá,Chácara Tanque,chacara tanque,-15.752719,-49.330572,mapbox_geocoding,True
GO,5211800,Jaraguá,Conjunto Ana Edith II,conjunto ana edith ii,-15.739768,-49.342653,mapbox_geocoding,True
GO,5211800,Jaraguá,Conjunto Cesário da Mata,conjunto cesario da mata,-15.739768,-49.342653,mapbox_geocoding,True
GO,5211800,Jaraguá,Conjunto Morada Nova I,conjunto morada nova i,-15.726776,-49.331376,mapbox_geocoding,True
GO,5211800,Jaraguá,Conjunto Morada Nova II,conjunto morada nova ii,-15.726776,-49.331376,mapbox_geocoding,True
GO,5211800,Jaraguá,Conjunto Morada Nova III,conjunto morada nova iii,-15.724001,-49.331145,mapbox_geocoding,True
GO,5211800,Jaraguá,Jardim Aeroporto,jardim aeroporto,-15.740961,-49.326373,mapbox_geocoding,True
GO,5211800,Jaraguá,Jardim Aeroporto II,jardim aeroporto ii,-15.755645,-49.330442,mapbox_geocoding,True
GO,5211800,Jaraguá,Jardim Aeroporto III,jardim aeroporto iii,-15.740961,-49.326373,mapbox_geocoding,True
GO,5211800,Jaraguá,Jardim Ana Edith,jardim ana edith,-15.764257,-49.318608,mapbox_geocoding,True
GO,5211800,Jaraguá,Jardim Atenas,jardim atenas,-15.740961,-49.326373,mapbox_geocoding,True
GO,5211800,Jaraguá,Jardim Atlântico,jardim atlantico,-15.764257,-49.318608,mapbox_geocoding,True
GO,5211800,Jaraguá,Jardim Florena,jardim florena,-15.697182,-49.157522,mapbox_geocoding,True
GO,5211800,Jaraguá,Jardim Objetivo,jardim objetivo,-15.69914,-49.160208,mapbox_geocoding,True
GO,5211800,Jaraguá,Jardim Santa Rosa,jardim santa rosa,-15.750687,-49.325991,mapbox_geocoding,True
GO,5211800,Jaraguá,Jardim Vera Cruz,jardim vera cruz,-15.749966,-49.335492,mapbox_geocoding,True
GO,5211800,Jaraguá,Jardim Vila Verde,jardim vila verde,-15.740961,-49.326373,mapbox_geocoding,True
GO,5211800,Jaraguá,Jardim Vivendas,jardim vivendas,-15.697182,-49.157522,mapbox_geocoding,True
GO,5211800,Jaraguá,João Rosa Park,joao rosa park,-15.740961,-49.326373,mapbox_geocoding,True
GO,5211800,Jaraguá,Leonor Lino da Luz,leonor lino da luz,-15.752719,-49.330572,mapbox_geocoding,True
GO,5211800,Jaraguá,Loteamento Esperança,loteamento esperanca,-15.749966,-49.335492,mapbox_geocoding,True
GO,5211800,Jaraguá,Portal do Lago,portal do lago,-15.697182,-49.157522,mapbox_geocoding,True
GO,5211800,Jaraguá,Regina Park,regina park,-15.725145,-49.332573,mapbox_geocoding,True
GO,5211800,Jaraguá,Regina Park II,regina park ii,-15.741598,-49.337732,mapbox_geocoding,True
GO,5211800,Jaraguá,Residencial Bougainville,residencial bougainville,-15.734236,-49.331318,mapbox_geocoding,True
GO,5211800,Jaraguá,Residencial Dhema da Matta,residencial dhema da matta,-15.739768,-49.342653,mapbox_geocoding,True
GO,5211800,Jaraguá,Residencial Genoveva Park,residencial genoveva park,-15.741598,-49.337732,mapbox_geocoding,True
GO,5211800,Jaraguá,Residencial Jardim do Éden,residencial jardim do eden,-15.698738,-49.159527,mapbox_geocoding,True
GO,5211800,Jaraguá,Residencial Olinda,residencial olinda,-15.725145,-49.332573,mapbox_geocoding,True
GO,5211800,Jaraguá,Residencial Olinda II,residencial olinda ii,-15.730327,-49.347863,mapbox_geocoding,True
GO,5211800,Jaraguá,Residencial Primavera,residencial primavera,-15.749966,-49.335492,mapbox_geocoding,True
GO,5211800,Jaraguá,Residencial Primavera II,residencial primavera ii,-16.13068,-47.955701,mapbox_geocoding,True
GO,5211800,Jaraguá,Residencial Primavera III,residencial primavera iii,-15.749966,-49.335492,mapbox_geocoding,True
GO,5211800,Jaraguá,Residencial Primavera IV,residencial primavera iv,-15.746665,-49.341073,mapbox_geocoding,True
GO,5211800,Jaraguá,Residencial Quinta dos Rian,residencial quinta dos rian,-16.288679,-48.97008,mapbox_geocoding,True
GO,5211800,Jaraguá,Residencial Regina Fayad,residencial regina fayad,-15.741598,-49.337732,mapbox_geocoding,True
GO,5211800,Jaraguá,Residencial Sonho Verde,residencial sonho verde,-15.749966,-49.335492,mapbox_geocoding,True
GO,5211800,Jaraguá,Residencial Tocantins,residencial tocantins,-15.750687,-49.325991,mapbox_geocoding,True
GO,5211800,Jaraguá,Santa Fé,santa fe,-15.764257,-49.318608,mapbox_geocoding,True
GO,5211800,Jaraguá,São Sebastião,sao sebastiao,-15.749966,-49.335492,mapbox_geocoding,True
GO,5211800,Jaraguá,Setor Central,setor central,,,brasil_aberto,True
GO,5211800,Jaraguá,Setor Oeste,setor oeste,-15.753525,-49.332336,mapbox_geocoding,True
GO,5211800,Jaraguá,Setor Oriente,setor oriente,-15.749966,-49.335492,mapbox_geocoding,True
GO,5211800,Jaraguá,Vila Bandeira,vila bandeira,-15.69889,-49.159307,mapbox_geocoding,True
GO,5211800,Jaraguá,Vila Brasilinha,vila brasilinha,-15.75494,-49.328277,mapbox_geocoding,True
GO,5211800,Jaraguá,Vila Colombo,vila colombo,-15.755645,-49.330442,mapbox_geocoding,True
GO,5211800,Jaraguá,Vila do Sol,vila do sol,-15.523775,-49.230659,mapbox_geocoding,True
GO,5211800,Jaraguá,Vila Dona Izabel,vila dona izabel,-15.76973,-49.327052,mapbox_geocoding,True
GO,5211800,Jaraguá,Vila Goiás Rural,vila goias rural,-15.747557,-49.333108,mapbox_geocoding,True
GO,5211800,Jaraguá,Vila Isaura,vila isaura,-15.760963,-49.336501,mapbox_geocoding,True
GO,5211800,Jaraguá,Vila Joscelina,vila joscelina,-15.749966,-49.335492,mapbox_geocoding,True
GO,5211800,Jaraguá,Vila Natalina,vila natalina,-15.749966,-49.335492,mapbox_geocoding,True
GO,5211800,Jaraguá,Vila Rio Vermelho,vila rio vermelho,-15.756895,-49.322152,mapbox_geocoding,True
GO,5211800,Jaraguá,Vila Santa Maria,vila santa maria,-15.69914,-49.160208,mapbox_geocoding,True
GO,5211800,Jaraguá,Vila São José,vila sao jose,-15.749966,-49.335492,mapbox_geocoding,True
GO,5211800,Jaraguá,Vila Solidariedade,vila solidariedade,-15.756895,-49.322152,mapbox_geocoding,True
GO,5211800,Jaraguá,Vista Alegre,vista alegre,-15.749966,-49.335492,mapbox_geocoding,True
GO,5211909,Jataí,Aimbiré,aimbire,-17.9104101,-51.7383197,brasil_aberto_first_street,True
GO,5211909,Jataí,Área Rural de Jataí,area rural de jatai,-17.8881027,-51.7263895,brasil_aberto_first_street,True
GO,5211909,Jataí,Bela Vista,bela vista,-17.879291,-51.741024,brasil_aberto_first_street,True
GO,5211909,Jataí,Bela Vista II,bela vista ii,-17.8782579,-51.7349487,brasil_aberto_first_street,True
GO,5211909,Jataí,Centro,centro,-17.8830682,-51.715747,brasil_aberto_first_street,True
GO,5211909,Jataí,Cohacol,cohacol,-17.8559628,-51.7297239,brasil_aberto_first_street,True
GO,5211909,Jataí,Colméia Park,colmeia park,-17.8552761,-51.7210389,brasil_aberto_first_street,True
GO,5211909,Jataí,Conjunto Cidade Jardim II,conjunto cidade jardim ii,-17.8767166,-51.6762729,brasil_aberto_first_street,True
GO,5211909,Jataí,Conjunto Dorival de Carvalho,conjunto dorival de carvalho,-17.8874877,-51.7168477,brasil_aberto_first_street,True
GO,5211909,Jataí,Conjunto Filostro Machado,conjunto filostro machado,-16.3136396,-48.9037959,brasil_aberto_first_street,True
GO,5211909,Jataí,Conjunto Residencial Cidade Jardim,conjunto residencial cidade jardim,-17.8714155,-51.6955682,brasil_aberto_first_street,True
GO,5211909,Jataí,Conjunto Residencial Mauro Antônio Bento,conjunto residencial mauro antonio bento,-17.8543226,-51.7222998,brasil_aberto_first_street,True
GO,5211909,Jataí,Conjunto Residencial Nossa Senhora de Fátima,conjunto residencial nossa senhora de fatima,-17.8554053,-51.71585109999999,brasil_aberto_first_street,True
GO,5211909,Jataí,Conjunto Rio Claro I,conjunto rio claro i,-17.8761185,-51.7381078,brasil_aberto_first_street,True
GO,5211909,Jataí,Conjunto Rio Claro II,conjunto rio claro ii,-17.8761185,-51.7381078,brasil_aberto_first_street,True
GO,5211909,Jataí,Conjunto Rio Claro III,conjunto rio claro iii,-17.8761185,-51.7381078,brasil_aberto_first_street,True
GO,5211909,Jataí,Conjunto Sebastião Herculano de Souza,conjunto sebastiao herculano de souza,-17.9147734,-51.7665866,brasil_aberto_first_street,True
GO,5211909,Jataí,Distrito Agroindustrial,distrito agroindustrial,-17.8881027,-51.7263895,brasil_aberto_first_street,True
GO,5211909,Jataí,Divino Espírito Santo,divino espirito santo,-17.8859817,-51.7297274,brasil_aberto_first_street,True
GO,5211909,Jataí,Dom Abel,dom abel,-17.8649541,-51.7087452,brasil_aberto_first_street,True
GO,5211909,Jataí,Dom Benedito D. Coscia,dom benedito d coscia,-17.8979042,-51.7112463,brasil_aberto_first_street,True
GO,5211909,Jataí,Fernandes,fernandes,-17.8972216,-51.7284008,brasil_aberto_first_street,True
GO,5211909,Jataí,Hamilton Nunes,hamilton nunes,-17.9116501,-51.7324747,brasil_aberto_first_street,True
GO,5211909,Jataí,Jardim da Liberdade,jardim da liberdade,-17.8728026,-51.7075141,brasil_aberto_first_street,True
GO,5211909,Jataí,Jardim Floresta,jardim floresta,-17.9131039,-51.7394416,brasil_aberto_first_street,True
GO,5211909,Jataí,Jardim Paraíso,jardim paraiso,-17.8486246,-51.729854,brasil_aberto_first_street,True
GO,5211909,Jataí,Jardim Primavera,jardim primavera,-17.8881027,-51.7263895,brasil_aberto_first_street,True
GO,5211909,Jataí,José Estevam,jose estevam,-17.9002449,-51.7152101,brasil_aberto_first_street,True
GO,5211909,Jataí,José Ferreira,jose ferreira,-17.8827301,-51.7335616,brasil_aberto_first_street,True
GO,5211909,Jataí,Loteamento Carvalho,loteamento carvalho,-17.5756865,-52.5502878,brasil_aberto_first_street,True
GO,5211909,Jataí,Loteamento João Rodrigues da Cunha,loteamento joao rodrigues da cunha,-17.8923874,-51.7124075,brasil_aberto_first_street,True
GO,5211909,Jataí,Loteamento Santa Rosa,loteamento santa rosa,-17.9109557,-51.7187557,brasil_aberto_first_street,True
GO,5211909,Jataí,Naveslândia,naveslandia,-18.0945588,-51.4973069,brasil_aberto_first_street,True
GO,5211909,Jataí,Popular,popular,-17.8999135,-51.7430712,brasil_aberto_first_street,True
GO,5211909,Jataí,Primavera II,primavera ii,-17.8782713,-51.7445899,brasil_aberto_first_street,True
GO,5211909,Jataí,Recanto Alvorada - Sítios de Recreio,recanto alvorada sitios de recreio,-17.8881027,-51.7263895,brasil_aberto_first_street,True
GO,5211909,Jataí,Residencial Bandeirantes,residencial bandeirantes,-17.8674438,-51.7245292,brasil_aberto_first_street,True
GO,5211909,Jataí,Residencial Barcelona,residencial barcelona,-17.8880751,-51.7264116,brasil_aberto_first_street,True
GO,5211909,Jataí,Residencial Cohacol 5,residencial cohacol 5,-17.9123817,-51.7443846,brasil_aberto_first_street,True
GO,5211909,Jataí,Residencial Cylleneo França,residencial cylleneo franca,-17.8814889,-51.74301939999999,brasil_aberto_first_street,True
GO,5211909,Jataí,Residencial das Abelhas,residencial das abelhas,-17.901117,-51.7445343,brasil_aberto_first_street,True
GO,5211909,Jataí,Residencial das Brisas,residencial das brisas,-17.901117,-51.7445343,brasil_aberto_first_street,True
GO,5211909,Jataí,Residencial das Brisas II,residencial das brisas ii,-17.8837801,-51.7074621,brasil_aberto_first_street,True
GO,5211909,Jataí,Residencial Eldorado,residencial eldorado,-17.880644,-51.7354495,brasil_aberto_first_street,True
GO,5211909,Jataí,Residencial Flamboyant,residencial flamboyant,-17.8712004,-51.7401069,brasil_aberto_first_street,True
GO,5211909,Jataí,Residencial Imperial,residencial imperial,-3.054011,-59.973932,mapbox_geocoding,True
GO,5211909,Jataí,Residencial Jardim dos Ipês,residencial jardim dos ipes,-17.8894095,-51.7536011,brasil_aberto_first_street,True
GO,5211909,Jataí,Residencial Jardim Jataí,residencial jardim jatai,-17.8757232,-51.6908504,brasil_aberto_first_street,True
GO,5211909,Jataí,Residencial Morada do Sol,residencial morada do sol,-17.8904497,-51.7412282,brasil_aberto_first_street,True
GO,5211909,Jataí,Residencial Parque dos Ventos,residencial parque dos ventos,-17.8562661,-51.7072605,brasil_aberto_first_street,True
GO,5211909,Jataí,Residencial Portal do Sol - 1ª Etapa,residencial portal do sol 1a etapa,-17.8448804,-51.7385484,brasil_aberto_first_street,True
GO,5211909,Jataí,Residencial Portal do Sol - 2ª Etapa,residencial portal do sol 2a etapa,-17.8448804,-51.7385484,brasil_aberto_first_street,True
GO,5211909,Jataí,Residencial Recanto da Mata,residencial recanto da mata,-17.860041,-51.7211215,brasil_aberto_first_street,True
GO,5211909,Jataí,Residencial Setor Sul,residencial setor sul,-17.9123817,-51.7443846,brasil_aberto_first_street,True
GO,5211909,Jataí,Residencial Terras de Toscana,residencial terras de toscana,-17.8880751,-51.7264116,brasil_aberto_first_street,True
GO,5211909,Jataí,Samuel Grahan,samuel grahan,-17.885246,-51.7310645,brasil_aberto_first_street,True
GO,5211909,Jataí,Santa Lúcia,santa lucia,-17.8716254,-51.7196244,brasil_aberto_first_street,True
GO,5211909,Jataí,Santa Lúcia II,santa lucia ii,-17.8679829,-51.7173132,brasil_aberto_first_street,True
GO,5211909,Jataí,Santa Terezinha,santa terezinha,-17.868678,-51.713287,mapbox_geocoding,True
GO,5211909,Jataí,Santo Antônio,santo antonio,-17.8664124,-51.7241796,brasil_aberto_first_street,True
GO,5211909,Jataí,Serra Azul,serra azul,-17.9064932,-51.7386825,brasil_aberto_first_street,True
GO,5211909,Jataí,Setor Aeroporto,setor aeroporto,-17.8766926,-51.7044152,brasil_aberto_first_street,True
GO,5211909,Jataí,Setor Alto das Rosas,setor alto das rosas,-17.8804754,-51.6996158,brasil_aberto_first_street,True
GO,5211909,Jataí,Setor Antena,setor antena,-17.8773543,-51.7257696,brasil_aberto_first_street,True
GO,5211909,Jataí,Setor Brasília,setor brasilia,-17.8765349,-51.6954973,brasil_aberto_first_street,True
GO,5211909,Jataí,Setor Central - Parte Baixa,setor central parte baixa,-17.892106,-51.7123512,brasil_aberto_first_street,True
GO,5211909,Jataí,Setor Colinas,setor colinas,-17.877238,-51.7041751,brasil_aberto_first_street,True
GO,5211909,Jataí,Setor Cordeiro,setor cordeiro,-17.9023314,-51.73285,brasil_aberto_first_street,True
GO,5211909,Jataí,Setor das Mansões,setor das mansoes,-17.8840511,-51.7340993,brasil_aberto_first_street,True
GO,5211909,Jataí,Setor Epaminondas I,setor epaminondas i,-17.8656394,-51.7321908,brasil_aberto_first_street,True
GO,5211909,Jataí,Setor Epaminondas II,setor epaminondas ii,-17.8782713,-51.7445899,brasil_aberto_first_street,True
GO,5211909,Jataí,Setor Estrela Dalva,setor estrela dalva,-17.92052,-51.723997,brasil_aberto_first_street,True
GO,5211909,Jataí,Setor Fabriny,setor fabriny,-17.9101397,-51.7399053,brasil_aberto_first_street,True
GO,5211909,Jataí,Setor Francisco Antônio,setor francisco antonio,-17.9209347,-51.7275765,brasil_aberto_first_street,True
GO,5211909,Jataí,Setor Geda,setor geda,-17.90286,-51.7136578,brasil_aberto_first_street,True
GO,5211909,Jataí,Setor Granjeiro,setor granjeiro,-17.8817178,-51.7374646,brasil_aberto_first_street,True
GO,5211909,Jataí,Setor Hermosa,setor hermosa,-17.8891247,-51.7380757,brasil_aberto_first_street,True
GO,5211909,Jataí,Setor Industrial,setor industrial,-17.9112683,-51.732717,brasil_aberto_first_street,True
GO,5211909,Jataí,Setor Iracema,setor iracema,-17.8878771,-51.7187032,brasil_aberto_first_street,True
GO,5211909,Jataí,Setor Jacutinga,setor jacutinga,-17.8732383,-51.6985787,brasil_aberto_first_street,True
GO,5211909,Jataí,Setor Jardim Goiás,setor jardim goias,-16.6938273,-49.23853390000001,brasil_aberto_first_street,True
GO,5211909,Jataí,Setor Jardim Goiás II,setor jardim goias ii,-17.8567354,-51.7307104,brasil_aberto_first_street,True
GO,5211909,Jataí,Setor José Bento,setor jose bento,-17.8782713,-51.7445899,brasil_aberto_first_street,True
GO,5211909,Jataí,Setor Oeste,setor oeste,-17.8816155,-51.7295801,brasil_aberto_first_street,True
GO,5211909,Jataí,Setor Parque Brito,setor parque brito,-17.854896,-51.724631,mapbox_geocoding,True
GO,5211909,Jataí,Setor Planalto,setor planalto,-17.881289,-51.7331017,brasil_aberto_first_street,True
GO,5211909,Jataí,Sítios de Recreio Alvorada,sitios de recreio alvorada,-17.8626491,-51.7084637,brasil_aberto_first_street,True
GO,5211909,Jataí,Sodré,sodre,-17.906089,-51.7425094,brasil_aberto_first_street,True
GO,5211909,Jataí,Vila Campo Neutro,vila campo neutro,-17.8800457,-51.7085024,brasil_aberto_first_street,True
GO,5211909,Jataí,Vila Carla,vila carla,-17.8715029,-51.7227425,brasil_aberto_first_street,True
GO,5211909,Jataí,Vila das Palmeiras,vila das palmeiras,-17.8752603,-51.7045539,brasil_aberto_first_street,True
GO,5211909,Jataí,Vila Fátima,vila fatima,-17.8963131,-51.7325934,brasil_aberto_first_street,True
GO,5211909,Jataí,Vila Frei Domingos,vila frei domingos,-17.8733694,-51.7079064,brasil_aberto_first_street,True
GO,5211909,Jataí,Vila Jardim América,vila jardim america,-17.9079382,-51.7249399,brasil_aberto_first_street,True
GO,5211909,Jataí,Vila Jardim Maximiano Peres,vila jardim maximiano peres,-17.894324,-51.7299616,brasil_aberto_first_street,True
GO,5211909,Jataí,Vila Jardim Rio Claro,vila jardim rio claro,-17.8997924,-51.7285078,brasil_aberto_first_street,True
GO,5211909,Jataí,Vila Luíza,vila luiza,-17.8990329,-51.7421612,brasil_aberto_first_street,True
GO,5211909,Jataí,Vila Mutirão,vila mutirao,-17.8881027,-51.7263895,brasil_aberto_first_street,True
GO,5211909,Jataí,Vila Nossa Senhora do Carmo,vila nossa senhora do carmo,-17.8880751,-51.7264116,brasil_aberto_first_street,True
GO,5211909,Jataí,Vila Olavo,vila olavo,-17.8928902,-51.7076527,brasil_aberto_first_street,True
GO,5211909,Jataí,Vila Paraíso I,vila paraiso i,-17.9052461,-51.7192391,brasil_aberto_first_street,True
GO,5211909,Jataí,Vila Paraíso II,vila paraiso ii,-17.8997924,-51.7285078,brasil_aberto_first_street,True
GO,5211909,Jataí,Vila Progresso,vila progresso,-17.8932651,-51.7128958,brasil_aberto_first_street,True
GO,5211909,Jataí,Vila Santa Maria,vila santa maria,-17.8921296,-51.7199361,brasil_aberto_first_street,True
GO,5211909,Jataí,Vila São Pedro,vila sao pedro,-17.8810526,-51.7028422,brasil_aberto_first_street,True
GO,5211909,Jataí,Vila Sofia,vila sofia,-17.9052461,-51.7192391,brasil_aberto_first_street,True
GO,5211909,Jataí,Vila Três Marias,vila tres marias,-17.8939466,-51.7081146,brasil_aberto_first_street,True
GO,5212006,Jaupaci,Setor Central,setor central,-16.182899,-50.953362,mapbox_geocoding,True
GO,5212055,Jesúpolis,Água da Vida,agua da vida,-15.956993,-49.374025,mapbox_geocoding,True
GO,5212055,Jesúpolis,Área Rural de Jesúpolis,area rural de jesupolis,-15.953643,-49.37569,mapbox_geocoding,True
GO,5212055,Jesúpolis,Centro,centro,-15.958093,-49.378884,mapbox_geocoding,True
GO,5212055,Jesúpolis,José Batista Sales,jose batista sales,-15.958145,-49.378195,mapbox_geocoding,True
GO,5212055,Jesúpolis,Setor Central,setor central,,,brasil_aberto,True
GO,5212055,Jesúpolis,Vista Bela,vista bela,-15.954916,-49.376907,mapbox_geocoding,True
GO,5212055,Jesúpolis,Vista Bela II,vista bela ii,-15.957002,-49.37193,mapbox_geocoding,True
GO,5212105,Joviânia,Setor Central,setor central,-17.8053116,-49.6273,brasil_aberto_first_street,True
GO,5212204,Jussara,Canadá,canada,,,dne,True
GO,5212204,Jussara,Distrito de Betânia,distrito de betania,-15.9198098,-51.3225158,brasil_aberto_first_street,True
GO,5212204,Jussara,Distrito de São Sebastião do Rio Claro,distrito de sao sebastiao do rio claro,-15.6983401,-51.4852449,brasil_aberto_first_street,True
GO,5212204,Jussara,São Sebastião do Rio Claro,sao sebastiao do rio claro,,,dne,True
GO,5212204,Jussara,Setor Central,setor central,-15.8688603,-50.86774519999999,brasil_aberto_first_street,True
GO,5212253,Lagoa Santa,Setor Central,setor central,-19.1853751,-51.4002441,brasil_aberto_first_street,True
GO,5212303,Leopoldo de Bulhões,Setor Central,setor central,-16.6199465,-48.7456243,brasil_aberto_first_street,True
GO,5212303,Leopoldo de Bulhões,Trevo do José Rosário,trevo do jose rosario,,,dne,True
GO,5212501,Luziânia,Aldeia da Serra,aldeia da serra,-16.055168,-47.917436,mapbox_geocoding,True
GO,5212501,Luziânia,Área Rural de Luziânia,area rural de luziania,-16.2506453,-47.9261172,brasil_aberto_first_street,True
GO,5212501,Luziânia,Centro,centro,-16.2603953,-47.9528879,brasil_aberto_first_street,True
GO,5212501,Luziânia,Chácaras Almeida,chacaras almeida,-16.2007196,-47.9212829,brasil_aberto_first_street,True
GO,5212501,Luziânia,Chácaras Aloé,chacaras aloe,-16.051092,-47.911775,mapbox_geocoding,True
GO,5212501,Luziânia,Chácaras Betânia,chacaras betania,-16.055168,-47.917436,mapbox_geocoding,True
GO,5212501,Luziânia,Chácaras Brito,chacaras brito,-16.1113682,-47.9651219,brasil_aberto_first_street,True
GO,5212501,Luziânia,Chácaras dos Meninos,chacaras dos meninos,-16.055168,-47.917436,mapbox_geocoding,True
GO,5212501,Luziânia,Chácaras Marajoara,chacaras marajoara,-16.1314409,-47.9613102,brasil_aberto_first_street,True
GO,5212501,Luziânia,Chácaras Vale da Canção,chacaras vale da cancao,-16.2289392,-47.8486887,brasil_aberto_first_street,True
GO,5212501,Luziânia,Cidade da Esperança,cidade da esperanca,-16.07175,-47.9815054,brasil_aberto_first_street,True
GO,5212501,Luziânia,Cidade Industrial Fracaroli,cidade industrial fracaroli,-16.1792597,-47.9289716,brasil_aberto_first_street,True
GO,5212501,Luziânia,Cidade Jardim Marília,cidade jardim marilia,-16.1448918,-47.9363959,brasil_aberto_first_street,True
GO,5212501,Luziânia,Cidade Osfaya,cidade osfaya,-16.1717149,-47.924456,brasil_aberto_first_street,True
GO,5212501,Luziânia,Cidade Presidente Kubitschek,cidade presidente kubitschek,-16.055168,-47.917436,mapbox_geocoding,True
GO,5212501,Luziânia,DICAL,dical,-16.2506453,-47.9261172,brasil_aberto_first_street,True
GO,5212501,Luziânia,Diogo Machado de Araújo,diogo machado de araujo,-16.2565189,-47.9630213,brasil_aberto_first_street,True
GO,5212501,Luziânia,Distrito Industrial de Luziânia (Dial),distrito industrial de luziania dial,-16.2506453,-47.9261172,brasil_aberto_first_street,True
GO,5212501,Luziânia,Engenheiro Jofre Parada,engenheiro jofre parada,-16.2451814,-47.9663355,brasil_aberto_first_street,True
GO,5212501,Luziânia,Fazenda Buracão/Jordão,fazenda buracao jordao,-16.2514833,-47.91777380000001,brasil_aberto_first_street,True
GO,5212501,Luziânia,Fazenda Saia Velha,fazenda saia velha,-16.254847,-47.95532,mapbox_geocoding,True
GO,5212501,Luziânia,Gadiopolis II,gadiopolis ii,-16.051092,-47.911775,mapbox_geocoding,True
GO,5212501,Luziânia,Jardim América,jardim america,-16.2506453,-47.9261172,brasil_aberto_first_street,True
GO,5212501,Luziânia,Jardim Bandeirante,jardim bandeirante,-16.2506453,-47.9261172,brasil_aberto_first_street,True
GO,5212501,Luziânia,Jardim Brasília Sul,jardim brasilia sul,-16.2506453,-47.9261172,brasil_aberto_first_street,True
GO,5212501,Luziânia,Jardim Central,jardim central,-16.254847,-47.95532,mapbox_geocoding,True
GO,5212501,Luziânia,Jardim do Ingá,jardim do inga,-16.1434446,-47.9482937,brasil_aberto_first_street,True
GO,5212501,Luziânia,Jardim do Ingá Gleba B,jardim do inga gleba b,-16.1351626,-47.9540019,brasil_aberto_first_street,True
GO,5212501,Luziânia,Jardim Dom Bosco,jardim dom bosco,-16.055168,-47.917436,mapbox_geocoding,True
GO,5212501,Luziânia,Jardim Europa,jardim europa,-16.1887483,-47.9360206,brasil_aberto_first_street,True
GO,5212501,Luziânia,Jardim Flamboyant,jardim flamboyant,-16.3222899,-47.8400377,brasil_aberto_first_street,True
GO,5212501,Luziânia,Jardim Jóckei Clube,jardim jockei clube,-16.1270931,-47.961163,brasil_aberto_first_street,True
GO,5212501,Luziânia,Jardim Luzília,jardim luzilia,-16.2244141,-47.9242939,brasil_aberto_first_street,True
GO,5212501,Luziânia,Jardim Paraíso Anexo Zona Norte,jardim paraiso anexo zona norte,-16.31927,-47.83944,mapbox_geocoding,True
GO,5212501,Luziânia,Jardim Planalto,jardim planalto,-16.1306849,-47.9502722,brasil_aberto_first_street,True
GO,5212501,Luziânia,Jardim São Paulo de Brasília,jardim sao paulo de brasilia,-16.051092,-47.911775,mapbox_geocoding,True
GO,5212501,Luziânia,Jardim Sion,jardim sion,-16.2396632,-47.9032316,brasil_aberto_first_street,True
GO,5212501,Luziânia,Jardim Umuarama Setor 1,jardim umuarama setor 1,-16.254847,-47.95532,mapbox_geocoding,True
GO,5212501,Luziânia,Jardim Umuarama Setor 2,jardim umuarama setor 2,-16.1884763,-47.8787432,brasil_aberto_first_street,True
GO,5212501,Luziânia,Jardim Umuarama Setor 3,jardim umuarama setor 3,-16.2506453,-47.9261172,brasil_aberto_first_street,True
GO,5212501,Luziânia,Jardim Umuarama Setor 4,jardim umuarama setor 4,-16.2506453,-47.9261172,brasil_aberto_first_street,True
GO,5212501,Luziânia,Jardim Umuarama Setor 5,jardim umuarama setor 5,-16.2506453,-47.9261172,brasil_aberto_first_street,True
GO,5212501,Luziânia,Jardim Umuarama Setor 6,jardim umuarama setor 6,-16.2506453,-47.9261172,brasil_aberto_first_street,True
GO,5212501,Luziânia,Jardim Umuarama Setor 7,jardim umuarama setor 7,-16.2506453,-47.9261172,brasil_aberto_first_street,True
GO,5212501,Luziânia,Jardim Zuleika,jardim zuleika,-16.666039,-49.243777,mapbox_geocoding,True
GO,5212501,Luziânia,Loteamento Fechado Le Parc,loteamento fechado le parc,-16.0838339,-47.9732198,brasil_aberto_first_street,True
GO,5212501,Luziânia,Loteamento Raquel Pimentel,loteamento raquel pimentel,-16.2533249,-47.9554715,brasil_aberto_first_street,True
GO,5212501,Luziânia,Luzília Parque,luzilia parque,-16.2254441,-47.916669,brasil_aberto_first_street,True
GO,5212501,Luziânia,Mansões Campinas,mansoes campinas,-16.1216829,-47.9623088,brasil_aberto_first_street,True
GO,5212501,Luziânia,Mansões de Recreio Casa de Telha,mansoes de recreio casa de telha,-16.2335505,-47.9280043,brasil_aberto_first_street,True
GO,5212501,Luziânia,Mansões de Recreio Estrela D'alva VII,mansoes de recreio estrela d alva vii,-16.195277,-47.99855119999999,brasil_aberto_first_street,True
GO,5212501,Luziânia,Mansões de Recreio Estrela Dalva II,mansoes de recreio estrela dalva ii,-16.2335505,-47.9280043,brasil_aberto_first_street,True
GO,5212501,Luziânia,Mansões de Recreio Estrela Dalva IV,mansoes de recreio estrela dalva iv,-16.2335505,-47.9280043,brasil_aberto_first_street,True
GO,5212501,Luziânia,Mansões de Recreio Estrela Dalva V,mansoes de recreio estrela dalva v,-16.1935432,-47.9280043,brasil_aberto_first_street,True
GO,5212501,Luziânia,Mansões de Recreio Estrela Dalva VI,mansoes de recreio estrela dalva vi,-16.2335505,-47.9280043,brasil_aberto_first_street,True
GO,5212501,Luziânia,Mansões de Recreio Estrela Dalva VIII,mansoes de recreio estrela dalva viii,-16.2335505,-47.9280043,brasil_aberto_first_street,True
GO,5212501,Luziânia,Mansões Novo Paraiso,mansoes novo paraiso,-16.055168,-47.917436,mapbox_geocoding,True
GO,5212501,Luziânia,Maravilha,maravilha,-16.2473126,-47.9496134,brasil_aberto_first_street,True
GO,5212501,Luziânia,Parque Alvorada I,parque alvorada i,-16.2132833,-47.9295457,brasil_aberto_first_street,True
GO,5212501,Luziânia,Parque Alvorada II,parque alvorada ii,-16.2041189,-47.9345648,brasil_aberto_first_street,True
GO,5212501,Luziânia,Parque Alvorada III,parque alvorada iii,-16.2263492,-47.9412295,brasil_aberto_first_street,True
GO,5212501,Luziânia,Parque Belo Horizonte,parque belo horizonte,-16.1640209,-47.946737,brasil_aberto_first_street,True
GO,5212501,Luziânia,Parque Cardoso,parque cardoso,-16.055168,-47.917436,mapbox_geocoding,True
GO,5212501,Luziânia,Parque Cruzeiro do Sul,parque cruzeiro do sul,-16.1374317,-47.9370618,brasil_aberto_first_street,True
GO,5212501,Luziânia,Parque da Saudade,parque da saudade,-16.2581126,-47.9402433,brasil_aberto_first_street,True
GO,5212501,Luziânia,Parque das Esmeraldas,parque das esmeraldas,-16.051092,-47.911775,mapbox_geocoding,True
GO,5212501,Luziânia,Parque Desportivo Brasília (Roosevelt),parque desportivo brasilia roosevelt,-16.2506453,-47.9261172,brasil_aberto_first_street,True
GO,5212501,Luziânia,Parque do Cerrado,parque do cerrado,-16.2728797,-47.96883589999999,brasil_aberto_first_street,True
GO,5212501,Luziânia,Parque Esperança,parque esperanca,-16.055168,-47.917436,mapbox_geocoding,True
GO,5212501,Luziânia,Parque Estrela Dalva,parque estrela dalva,-16.055168,-47.917436,mapbox_geocoding,True
GO,5212501,Luziânia,Parque Estrela Dalva I,parque estrela dalva i,-16.2484986,-47.9184223,brasil_aberto_first_street,True
GO,5212501,Luziânia,Parque Estrela Dalva II,parque estrela dalva ii,-16.2466502,-47.9125272,brasil_aberto_first_street,True
GO,5212501,Luziânia,Parque Estrela Dalva III,parque estrela dalva iii,-16.2387491,-47.9083437,brasil_aberto_first_street,True
GO,5212501,Luziânia,Parque Estrela Dalva IV,parque estrela dalva iv,-16.2599498,-47.9106912,brasil_aberto_first_street,True
GO,5212501,Luziânia,Parque Estrela Dalva IX,parque estrela dalva ix,-16.169157,-47.951745,brasil_aberto_first_street,True
GO,5212501,Luziânia,Parque Estrela Dalva V,parque estrela dalva v,-16.2602204,-47.9258853,brasil_aberto_first_street,True
GO,5212501,Luziânia,Parque Estrela Dalva VII,parque estrela dalva vii,-16.2670111,-47.9106912,brasil_aberto_first_street,True
GO,5212501,Luziânia,Parque Estrela Dalva VIII,parque estrela dalva viii,-16.2695029,-47.9088365,brasil_aberto_first_street,True
GO,5212501,Luziânia,Parque Estrela Dalva X,parque estrela dalva x,-16.166986,-47.9683397,brasil_aberto_first_street,True
GO,5212501,Luziânia,Parque Industrial Mingone,parque industrial mingone,-16.1562159,-47.9341889,brasil_aberto_first_street,True
GO,5212501,Luziânia,Parque Industrial São José,parque industrial sao jose,-16.1572687,-47.9409928,brasil_aberto_first_street,True
GO,5212501,Luziânia,Parque Inspiração,parque inspiracao,-16.2443993,-47.9471436,brasil_aberto_first_street,True
GO,5212501,Luziânia,Parque Jardim São Paulo,parque jardim sao paulo,-16.2835285,-47.863761,brasil_aberto_first_street,True
GO,5212501,Luziânia,Parque JK,parque jk,-16.2403429,-47.9422117,brasil_aberto_first_street,True
GO,5212501,Luziânia,Parque Nova Iguaçu,parque nova iguacu,-16.1350765,-47.9440857,brasil_aberto_first_street,True
GO,5212501,Luziânia,Parque Paulistano Gleba A,parque paulistano gleba a,-16.2509264,-47.90018240000001,brasil_aberto_first_street,True
GO,5212501,Luziânia,Parque Paulistano Gleba B,parque paulistano gleba b,-16.2509264,-47.90018240000001,brasil_aberto_first_street,True
GO,5212501,Luziânia,Parque Residencial Faro,parque residencial faro,-16.254847,-47.95532,mapbox_geocoding,True
GO,5212501,Luziânia,Parque Santa Fé,parque santa fe,-16.2171259,-47.9391982,brasil_aberto_first_street,True
GO,5212501,Luziânia,Parque São Judas Tadeu,parque sao judas tadeu,-16.21256,-47.918935,brasil_aberto_first_street,True
GO,5212501,Luziânia,Parque São Sebastião,parque sao sebastiao,-16.1421199,-47.9365427,brasil_aberto_first_street,True
GO,5212501,Luziânia,Parque Sol Nascente,parque sol nascente,-16.1868902,-47.9396829,brasil_aberto_first_street,True
GO,5212501,Luziânia,Parque Três Poderes,parque tres poderes,-16.1429621,-47.9291602,brasil_aberto_first_street,True
GO,5212501,Luziânia,Pasto Denominado Praia,pasto denominado praia,-15.870372,-47.964247,mapbox_geocoding,True
GO,5212501,Luziânia,Portal das Águas,portal das aguas,-16.051092,-47.911775,mapbox_geocoding,True
GO,5212501,Luziânia,Residência Vila Rica,residencia vila rica,-16.569533,-47.789764,mapbox_geocoding,True
GO,5212501,Luziânia,Residencial Alto das Caraíbas,residencial alto das caraibas,-16.2412185,-47.94872549999999,brasil_aberto_first_street,True
GO,5212501,Luziânia,Residencial Copaíbas,residencial copaibas,-16.2085854,-47.9320669,brasil_aberto_first_street,True
GO,5212501,Luziânia,Residencial Monte Sião,residencial monte siao,-16.055168,-47.917436,mapbox_geocoding,True
GO,5212501,Luziânia,Residencial Villa Bela,residencial villa bela,-16.055168,-47.917436,mapbox_geocoding,True
GO,5212501,Luziânia,Rosário,rosario,-16.2522333,-47.9465851,brasil_aberto_first_street,True
GO,5212501,Luziânia,Santa Edwirges,santa edwirges,-16.137402,-47.9405921,brasil_aberto_first_street,True
GO,5212501,Luziânia,Santa Luzia,santa luzia,-16.2565812,-47.94532299999999,brasil_aberto_first_street,True
GO,5212501,Luziânia,Santa Luzia II,santa luzia ii,-16.251895,-47.963477,brasil_aberto_first_street,True
GO,5212501,Luziânia,São Caetano,sao caetano,-16.261791,-47.9430682,brasil_aberto_first_street,True
GO,5212501,Luziânia,Setor Aeroporto,setor aeroporto,-16.2578257,-47.960172,brasil_aberto_first_street,True
GO,5212501,Luziânia,Setor Fumal,setor fumal,-16.267477,-47.9566416,brasil_aberto_first_street,True
GO,5212501,Luziânia,Setor Leste,setor leste,-16.2653985,-47.9176565,brasil_aberto_first_street,True
GO,5212501,Luziânia,Setor Mandu,setor mandu,-16.2423052,-47.9397342,brasil_aberto_first_street,True
GO,5212501,Luziânia,Setor Mandu II,setor mandu ii,-16.2519259,-47.9316704,brasil_aberto_first_street,True
GO,5212501,Luziânia,Setor Norte,setor norte,-16.2325993,-47.9096451,brasil_aberto_first_street,True
GO,5212501,Luziânia,Setor Norte Maravilha,setor norte maravilha,-16.2443957,-47.9581048,brasil_aberto_first_street,True
GO,5212501,Luziânia,Setor Presidente Kennedy,setor presidente kennedy,-16.2469894,-47.9572585,brasil_aberto_first_street,True
GO,5212501,Luziânia,Setor Sul II,setor sul ii,-16.2506453,-47.9261172,brasil_aberto_first_street,True
GO,5212501,Luziânia,SHIS,shis,-16.2464402,-47.9530299,brasil_aberto_first_street,True
GO,5212501,Luziânia,Terra Park Club Residence,terra park club residence,-16.051092,-47.911775,mapbox_geocoding,True
GO,5212501,Luziânia,Terra Park Praia Sul,terra park praia sul,-16.055168,-47.917436,mapbox_geocoding,True
GO,5212501,Luziânia,Vale do Ouro,vale do ouro,-16.0755918,-48.0133612,brasil_aberto_first_street,True
GO,5212501,Luziânia,Vera Cruz,vera cruz,-16.073962,-47.9895899,brasil_aberto_first_street,True
GO,5212501,Luziânia,Vila Águas Claras,vila aguas claras,-16.055168,-47.917436,mapbox_geocoding,True
GO,5212501,Luziânia,Vila Esperança,vila esperanca,-16.2426855,-47.9629128,brasil_aberto_first_street,True
GO,5212501,Luziânia,Vila Guará,vila guara,-16.2221567,-47.9125459,brasil_aberto_first_street,True
GO,5212501,Luziânia,Vila Isabel,vila isabel,-16.2506453,-47.9261172,brasil_aberto_first_street,True
GO,5212501,Luziânia,Vila Juracy,vila juracy,-16.2524314,-47.9343793,brasil_aberto_first_street,True
GO,5212501,Luziânia,Vila Marília,vila marilia,-16.2506453,-47.9261172,brasil_aberto_first_street,True
GO,5212501,Luziânia,Vila Mary,vila mary,-16.1113682,-47.9651219,brasil_aberto_first_street,True
GO,5212501,Luziânia,Vila Portuguesa,vila portuguesa,-16.2419814,-47.9464037,brasil_aberto_first_street,True
GO,5212501,Luziânia,Vila Roriz,vila roriz,-16.2401515,-47.9458961,brasil_aberto_first_street,True
GO,5212501,Luziânia,Vila Santa Luzia,vila santa luzia,-16.2490679,-47.90680769999999,brasil_aberto_first_street,True
GO,5212501,Luziânia,Vila Santa Marta,vila santa marta,-16.2506453,-47.9261172,brasil_aberto_first_street,True
GO,5212501,Luziânia,Vila São João,vila sao joao,-16.049894,-47.979294,mapbox_geocoding,True
GO,5212501,Luziânia,Vila São José,vila sao jose,-16.2506453,-47.9261172,brasil_aberto_first_street,True
GO,5212501,Luziânia,Vila Zeina,vila zeina,-16.055168,-47.917436,mapbox_geocoding,True
GO,5212600,Mairipotaba,Área Rural de Mairipotaba,area rural de mairipotaba,-17.29762,-49.4951,mapbox_geocoding,True
GO,5212600,Mairipotaba,Centro,centro,-17.297848,-49.497473,mapbox_geocoding,True
GO,5212600,Mairipotaba,Dois Irmãos,dois irmaos,,,dne,True
GO,5212600,Mairipotaba,Filadélfia,filadelfia,,,dne,True
GO,5212600,Mairipotaba,Jardim Independência,jardim independencia,-17.294315,-49.490285,mapbox_geocoding,True
GO,5212600,Mairipotaba,Jardim Tropical,jardim tropical,-17.297184,-49.497981,mapbox_geocoding,True
GO,5212600,Mairipotaba,Municipal,municipal,-17.297184,-49.497981,mapbox_geocoding,True
GO,5212600,Mairipotaba,Paraíso,paraiso,,,dne,True
GO,5212600,Mairipotaba,Residencial Mairy,residencial mairy,-17.294315,-49.490285,mapbox_geocoding,True
GO,5212600,Mairipotaba,Setor Central,setor central,,,brasil_aberto,True
GO,5212600,Mairipotaba,Setor Cristina Augusta Lopes,setor cristina augusta lopes,-17.299148,-49.500374,mapbox_geocoding,True
GO,5212709,Mambaí,Área Rural de Mambaí,area rural de mambai,-14.422915,-46.17946,mapbox_geocoding,True
GO,5212709,Mambaí,Baixa do Vale,baixa do vale,,,dne,True
GO,5212709,Mambaí,Baixa São Francisco,baixa sao francisco,,,dne,True
GO,5212709,Mambaí,Baru,baru,,,dne,True
GO,5212709,Mambaí,Centro,centro,-14.498191,-46.112061,mapbox_geocoding,True
GO,5212709,Mambaí,Machado,machado,,,dne,True
GO,5212709,Mambaí,Morada Nova 1,morada nova 1,-14.498304,-46.114689,mapbox_geocoding,True
GO,5212709,Mambaí,Morada Nova 2,morada nova 2,-14.498949,-46.108688,mapbox_geocoding,True
GO,5212709,Mambaí,Novo Mambaí,novo mambai,-14.500195,-46.108971,mapbox_geocoding,True
GO,5212709,Mambaí,Picada,picada,,,dne,True
GO,5212709,Mambaí,Setor Recanto Bela Vista,setor recanto bela vista,-14.497022,-46.105361,mapbox_geocoding,True
GO,5212709,Mambaí,Vila Nova,vila nova,,,dne,True
GO,5212709,Mambaí,Vila Rica,vila rica,-14.497022,-46.105361,mapbox_geocoding,True
GO,5212808,Mara Rosa,Setor Central,setor central,-14.018951,-49.1791231,brasil_aberto_first_street,True
GO,5212907,Marzagão,Área Rural de Marzagão,area rural de marzagao,-17.981941,-48.64283,mapbox_geocoding,True
GO,5212907,Marzagão,Centro,centro,-17.980527,-48.644203,mapbox_geocoding,True
GO,5212907,Marzagão,Jardim Bela Vista,jardim bela vista,-17.98261,-48.640574,mapbox_geocoding,True
GO,5212907,Marzagão,Jardim Eldorado,jardim eldorado,-17.98261,-48.640574,mapbox_geocoding,True
GO,5212907,Marzagão,Perímetro Urbano,perimetro urbano,-17.979098,-48.640414,mapbox_geocoding,True
GO,5212907,Marzagão,Setor Antonio Bueno,setor antonio bueno,-17.980803,-48.638153,mapbox_geocoding,True
GO,5212907,Marzagão,Setor Bom Jardim,setor bom jardim,-17.981236,-48.644713,mapbox_geocoding,True
GO,5212907,Marzagão,Setor Central,setor central,,,brasil_aberto,True
GO,5212907,Marzagão,Setor Chico Elias,setor chico elias,-23.78824,-53.334006,mapbox_geocoding,True
GO,5212907,Marzagão,Setor Industrial,setor industrial,-17.979476,-48.63634,mapbox_geocoding,True
GO,5212907,Marzagão,Setor Joaquim de Lima,setor joaquim de lima,-17.979075,-48.650068,mapbox_geocoding,True
GO,5212907,Marzagão,Vila Júlia Monteiro,vila julia monteiro,-17.980527,-48.644203,mapbox_geocoding,True
GO,5212907,Marzagão,Vila São José,vila sao jose,-17.979098,-48.640414,mapbox_geocoding,True
GO,5212956,Matrinchã,Área Rural de Matrinchã,area rural de matrincha,-15.435918,-50.744427,mapbox_geocoding,True
GO,5212956,Matrinchã,Centro,centro,-15.437923,-50.74474,mapbox_geocoding,True
GO,5212956,Matrinchã,Conjunto Habitacional Odilon Roriz,conjunto habitacional odilon roriz,-15.436483,-50.746326,mapbox_geocoding,True
GO,5212956,Matrinchã,Conjunto Habitacional Odilon Roriz II,conjunto habitacional odilon roriz ii,-12.932103,-46.943963,mapbox_geocoding,True
GO,5212956,Matrinchã,Conjunto Solon Amaral,conjunto solon amaral,-16.133082,-47.957133,mapbox_geocoding,True
GO,5212956,Matrinchã,Lua Nova,lua nova,-15.537768,-50.529529,mapbox_geocoding,True
GO,5212956,Matrinchã,Quadra 21 A,quadra 21 a,-12.932103,-46.943963,mapbox_geocoding,True
GO,5212956,Matrinchã,Setor Alto Paraiso,setor alto paraiso,-15.441959,-50.7502,mapbox_geocoding,True
GO,5212956,Matrinchã,Setor Bela Vista,setor bela vista,-12.933631,-46.943538,mapbox_geocoding,True
GO,5212956,Matrinchã,Setor Central,setor central,,,brasil_aberto,True
GO,5212956,Matrinchã,Setor Nativa,setor nativa,-16.133082,-47.957133,mapbox_geocoding,True
GO,5212956,Matrinchã,Setor Nova Esperança,setor nova esperanca,-15.436483,-50.746326,mapbox_geocoding,True
GO,5212956,Matrinchã,Terezinha R de Souza,terezinha r de souza,-15.434351,-50.742191,mapbox_geocoding,True
GO,5212956,Matrinchã,Vila Horizonte José Lucas,vila horizonte jose lucas,-12.932103,-46.943963,mapbox_geocoding,True
GO,5213004,Maurilândia,Setor Central,setor central,-17.9727065,-50.3376512,brasil_aberto_first_street,True
GO,5213053,Mimoso de Goiás,Centro,centro,-15.0586359,-48.1621915,brasil_aberto_first_street,True
GO,5213087,Minaçu,Cana Brava,cana brava,,,dne,True
GO,5213087,Minaçu,Setor Central,setor central,-13.5327871,-48.2195541,brasil_aberto_first_street,True
GO,5213087,Minaçu,Terra Indígena Avá-Canoeiro,terra indigena ava canoeiro,,,dne,True
GO,5213103,Mineiros,31 de Outubro,31 de outubro,,,brasil_aberto,True
GO,5213103,Mineiros,Araújo Neto,araujo neto,-17.5734003,-52.5660088,brasil_aberto_first_street,True
GO,5213103,Mineiros,Área Rural de Mineiros,area rural de mineiros,-17.5635333,-52.552764,brasil_aberto_first_street,True
GO,5213103,Mineiros,Buena Vista,buena vista,-17.5323364,-52.5299048,brasil_aberto_first_street,True
GO,5213103,Mineiros,Centro,centro,-17.5660613,-52.549537,brasil_aberto_first_street,True
GO,5213103,Mineiros,Chácara 22,chacara 22,-17.58103,-52.525531,mapbox_geocoding,True
GO,5213103,Mineiros,Conjunto Nova República,conjunto nova republica,-17.5724927,-52.5404739,brasil_aberto_first_street,True
GO,5213103,Mineiros,DAIM - Distrito Agro Industrial de Mineiros,daim distrito agro industrial de mineiros,-17.9081013,-51.8135998,brasil_aberto_first_street,True
GO,5213103,Mineiros,Divino Espírito Santo,divino espirito santo,-17.5735484,-52.5681234,brasil_aberto_first_street,True
GO,5213103,Mineiros,Jardim das Oliveiras,jardim das oliveiras,-17.560186,-52.5405806,brasil_aberto_first_street,True
GO,5213103,Mineiros,Jardim das Perobeiras,jardim das perobeiras,-17.5884084,-52.556911,brasil_aberto_first_street,True
GO,5213103,Mineiros,Loteamento Almerinda Rezende,loteamento almerinda rezende,-17.5399394,-52.5323372,brasil_aberto_first_street,True
GO,5213103,Mineiros,Loteamento Alves,loteamento alves,-17.5612881,-52.5530007,brasil_aberto_first_street,True
GO,5213103,Mineiros,Loteamento Cambaúva,loteamento cambauva,-17.5676165,-52.5632122,brasil_aberto_first_street,True
GO,5213103,Mineiros,Loteamento Cardoso,loteamento cardoso,-17.5618097,-52.5466876,brasil_aberto_first_street,True
GO,5213103,Mineiros,Loteamento Jardim dos Ipês,loteamento jardim dos ipes,-17.5354796,-52.5394854,brasil_aberto_first_street,True
GO,5213103,Mineiros,Loteamento Jardim Florença,loteamento jardim florenca,-17.5635333,-52.552764,brasil_aberto_first_street,True
GO,5213103,Mineiros,Loteamento Maria José,loteamento maria jose,-17.5506386,-52.5606053,brasil_aberto_first_street,True
GO,5213103,Mineiros,Loteamento Martins II,loteamento martins ii,-17.5547957,-52.5601685,brasil_aberto_first_street,True
GO,5213103,Mineiros,Loteamento Naves Martins,loteamento naves martins,-17.5594605,-52.5470337,brasil_aberto_first_street,True
GO,5213103,Mineiros,Loteamento Perdizes,loteamento perdizes,-17.586978,-52.5552959,brasil_aberto_first_street,True
GO,5213103,Mineiros,Loteamento Residencial Araguaia,loteamento residencial araguaia,,,brasil_aberto,True
GO,5213103,Mineiros,Loteamento Residencial Bosque dos Buritis,loteamento residencial bosque dos buritis,,,brasil_aberto,True
GO,5213103,Mineiros,Loteamento Santa Isabel,loteamento santa isabel,-17.5467948,-52.5437451,brasil_aberto_first_street,True
GO,5213103,Mineiros,Loteamento Santana,loteamento santana,-17.5660613,-52.549537,brasil_aberto_first_street,True
GO,5213103,Mineiros,Loteamento São Pedro,loteamento sao pedro,,,brasil_aberto,True
GO,5213103,Mineiros,Loteamento São Rafael,loteamento sao rafael,,,brasil_aberto,True
GO,5213103,Mineiros,Loteamento Solar Betel,loteamento solar betel,-17.5506559,-52.5508691,brasil_aberto_first_street,True
GO,5213103,Mineiros,Loteamento Souza,loteamento souza,-17.5467948,-52.5437451,brasil_aberto_first_street,True
GO,5213103,Mineiros,Loteamento Vilela,loteamento vilela,-17.5606913,-52.5420326,brasil_aberto_first_street,True
GO,5213103,Mineiros,Mineirinho,mineirinho,-17.5660613,-52.549537,brasil_aberto_first_street,True
GO,5213103,Mineiros,Morada do Sol,morada do sol,-17.5467948,-52.5437451,brasil_aberto_first_street,True
GO,5213103,Mineiros,Mundinho,mundinho,-17.5618097,-52.5466876,brasil_aberto_first_street,True
GO,5213103,Mineiros,Parque Ambiental de Mineiros,parque ambiental de mineiros,-17.5859912,-52.5608837,brasil_aberto_first_street,True
GO,5213103,Mineiros,Parque do Cedro,parque do cedro,-17.5591127,-52.5821516,brasil_aberto_first_street,True
GO,5213103,Mineiros,Parque dos Jatobás,parque dos jatobas,-17.5635333,-52.552764,brasil_aberto_first_street,True
GO,5213103,Mineiros,Parque Municipal Canto do Serrado,parque municipal canto do serrado,-17.5611959,-52.5358459,brasil_aberto_first_street,True
GO,5213103,Mineiros,Popular,popular,-17.5783352,-52.5403826,brasil_aberto_first_street,True
GO,5213103,Mineiros,Portal das Emas,portal das emas,-17.5813081,-52.5439674,brasil_aberto_first_street,True
GO,5213103,Mineiros,Primavera,primavera,-17.5735484,-52.5681234,brasil_aberto_first_street,True
GO,5213103,Mineiros,Residencial Alvina Paniago,residencial alvina paniago,-17.5746773,-52.57203999999999,brasil_aberto_first_street,True
GO,5213103,Mineiros,Residencial Araguaia,residencial araguaia,-17.5643754,-52.56667179999999,brasil_aberto_first_street,True
GO,5213103,Mineiros,Residencial Bosque dos Buritis,residencial bosque dos buritis,-17.5549434,-52.5408051,brasil_aberto_first_street,True
GO,5213103,Mineiros,Residencial Bosque dos Buritis II,residencial bosque dos buritis ii,-17.631917,-52.485249,mapbox_geocoding,True
GO,5213103,Mineiros,Residencial Canto do Serrado,residencial canto do serrado,-17.5611959,-52.5358459,brasil_aberto_first_street,True
GO,5213103,Mineiros,Residencial Coqueiros,residencial coqueiros,-17.5468208,-52.5654523,brasil_aberto_first_street,True
GO,5213103,Mineiros,Residencial Dona Alcira de Rezende,residencial dona alcira de rezende,-17.5370883,-52.5392559,brasil_aberto_first_street,True
GO,5213103,Mineiros,Residencial Dona Letice,residencial dona letice,-17.564319,-52.5450629,brasil_aberto_first_street,True
GO,5213103,Mineiros,Residencial Flores da Mata,residencial flores da mata,-17.563185,-52.564715,mapbox_geocoding,True
GO,5213103,Mineiros,Residencial Jardim das Paineiras,residencial jardim das paineiras,-17.562054,-52.547532,mapbox_geocoding,True
GO,5213103,Mineiros,Residencial Jardim Floresta,residencial jardim floresta,-17.5734003,-52.5660088,brasil_aberto_first_street,True
GO,5213103,Mineiros,Residencial Michelângelo,residencial michelangelo,-17.5494927,-52.5443765,brasil_aberto_first_street,True
GO,5213103,Mineiros,Residencial Oswaldo José de Souza (TOTE),residencial oswaldo jose de souza tote,-17.580064,-52.561412,mapbox_geocoding,True
GO,5213103,Mineiros,Residencial Parque das Laranjeiras,residencial parque das laranjeiras,-17.575171,-52.54792,mapbox_geocoding,True
GO,5213103,Mineiros,Residencial Parque Flamboyant,residencial parque flamboyant,-17.5635333,-52.552764,brasil_aberto_first_street,True
GO,5213103,Mineiros,Residencial Portal do Cerrado,residencial portal do cerrado,-16.2855523,-48.9344526,brasil_aberto_first_street,True
GO,5213103,Mineiros,Residencial Santa Maria,residencial santa maria,-17.5618097,-52.5466876,brasil_aberto_first_street,True
GO,5213103,Mineiros,Residencial São Rafael,residencial sao rafael,-17.5811659,-52.5623311,brasil_aberto_first_street,True
GO,5213103,Mineiros,Residencial Versailles,residencial versailles,-17.5744618,-52.544839,brasil_aberto_first_street,True
GO,5213103,Mineiros,Residencial Vilhena,residencial vilhena,-17.5506559,-52.5508691,brasil_aberto_first_street,True
GO,5213103,Mineiros,São João,sao joao,-17.5649076,-52.5421431,brasil_aberto_first_street,True
GO,5213103,Mineiros,Setor Aeroporto,setor aeroporto,-17.5524275,-52.5504852,brasil_aberto_first_street,True
GO,5213103,Mineiros,Setor Antônio Carrijo Machado,setor antonio carrijo machado,-17.5388403,-52.5458455,brasil_aberto_first_street,True
GO,5213103,Mineiros,Setor Aurélio,setor aurelio,-17.5692204,-52.5627118,brasil_aberto_first_street,True
GO,5213103,Mineiros,Setor Boa Vista,setor boa vista,-17.5801242,-52.5550229,brasil_aberto_first_street,True
GO,5213103,Mineiros,Setor Carvalho,setor carvalho,-17.5732683,-52.5511735,brasil_aberto_first_street,True
GO,5213103,Mineiros,Setor Cidade Nova,setor cidade nova,-17.5506559,-52.5508691,brasil_aberto_first_street,True
GO,5213103,Mineiros,Setor Cohacol 3,setor cohacol 3,-17.5594605,-52.5470337,brasil_aberto_first_street,True
GO,5213103,Mineiros,Setor Cruvinel,setor cruvinel,-17.5484323,-52.5411978,brasil_aberto_first_street,True
GO,5213103,Mineiros,Setor Ioris,setor ioris,-17.549806,-52.5510337,brasil_aberto_first_street,True
GO,5213103,Mineiros,Setor Jardim Goiás,setor jardim goias,-17.5634606,-52.5646087,brasil_aberto_first_street,True
GO,5213103,Mineiros,Setor Jardim Goiás II,setor jardim goias ii,-17.5635333,-52.552764,brasil_aberto_first_street,True
GO,5213103,Mineiros,Setor José Antônio da Costa Nery,setor jose antonio da costa nery,-17.5618097,-52.5466876,brasil_aberto_first_street,True
GO,5213103,Mineiros,Setor José de Oliveira Martins,setor jose de oliveira martins,-17.5789559,-52.5525295,brasil_aberto_first_street,True
GO,5213103,Mineiros,Setor Leontino,setor leontino,-17.546078,-52.5493232,brasil_aberto_first_street,True
GO,5213103,Mineiros,Setor Machado,setor machado,-17.5364622,-52.5380929,brasil_aberto_first_street,True
GO,5213103,Mineiros,Setor Marcelino Teodoro Gomes,setor marcelino teodoro gomes,-17.564319,-52.5450629,brasil_aberto_first_street,True
GO,5213103,Mineiros,Setor Martins,setor martins,-17.5618097,-52.5466876,brasil_aberto_first_street,True
GO,5213103,Mineiros,Setor Nossa Senhora Aparecida,setor nossa senhora aparecida,-17.5693392,-52.534538,brasil_aberto_first_street,True
GO,5213103,Mineiros,Setor Nossa Senhora de Fátima,setor nossa senhora de fatima,-17.5635333,-52.552764,brasil_aberto_first_street,True
GO,5213103,Mineiros,Setor Novo Horizonte,setor novo horizonte,-17.5686886,-52.5392851,brasil_aberto_first_street,True
GO,5213103,Mineiros,Setor Oeste,setor oeste,-17.5660613,-52.549537,brasil_aberto_first_street,True
GO,5213103,Mineiros,Setor Parque São José,setor parque sao jose,-17.5735484,-52.5681234,brasil_aberto_first_street,True
GO,5213103,Mineiros,Setor Pecuária,setor pecuaria,-17.5660613,-52.549537,brasil_aberto_first_street,True
GO,5213103,Mineiros,Setor Polivalente,setor polivalente,-17.5635227,-52.5572279,brasil_aberto_first_street,True
GO,5213103,Mineiros,Setor Rodrigues,setor rodrigues,-17.5591836,-52.5645466,brasil_aberto_first_street,True
GO,5213103,Mineiros,Setor Santista,setor santista,-17.5765061,-52.5419232,brasil_aberto_first_street,True
GO,5213103,Mineiros,Setor São Bento,setor sao bento,-17.5633069,-52.5608331,brasil_aberto_first_street,True
GO,5213103,Mineiros,Setor São Pedro,setor sao pedro,-17.573115,-52.5828091,brasil_aberto_first_street,True
GO,5213103,Mineiros,Setor Taninho,setor taninho,-17.5664405,-52.5402034,brasil_aberto_first_street,True
GO,5213103,Mineiros,Teodoro de Souza,teodoro de souza,-17.5724927,-52.5404739,brasil_aberto_first_street,True
GO,5213103,Mineiros,Vila 31 de Outubro,vila 31 de outubro,-17.5648512,-52.558868,brasil_aberto_first_street,True
GO,5213103,Mineiros,Vila Cipriano,vila cipriano,-17.5630618,-52.5398568,brasil_aberto_first_street,True
GO,5213103,Mineiros,Vila da Paz,vila da paz,-17.5618097,-52.5466876,brasil_aberto_first_street,True
GO,5213103,Mineiros,Vila Manoel Abrão,vila manoel abrao,-17.5654227,-52.5467098,brasil_aberto_first_street,True
GO,5213103,Mineiros,Vila São Sebastião,vila sao sebastiao,-17.5675344,-52.5508997,brasil_aberto_first_street,True
GO,5213400,Moiporá,Messianópolis,messianopolis,,,dne,True
GO,5213400,Moiporá,Setor Central,setor central,-16.4893417,-50.6923282,brasil_aberto_first_street,True
GO,5213509,Monte Alegre de Goiás,Centro,centro,-13.2582844,-46.89521879999999,brasil_aberto_first_street,True
GO,5213509,Monte Alegre de Goiás,Prata,prata,-13.2343433,-47.14844470000001,brasil_aberto_first_street,True
GO,5213707,Montes Claros de Goiás,Água Branca,agua branca,-16.010883,-51.398807,mapbox_geocoding,True
GO,5213707,Montes Claros de Goiás,Água Branca II,agua branca ii,-16.006705,-51.396968,mapbox_geocoding,True
GO,5213707,Montes Claros de Goiás,Aparecida do Rio Claro,aparecida do rio claro,,,dne,True
GO,5213707,Montes Claros de Goiás,Área Rural de Montes Claros de Goiás,area rural de montes claros de goias,-16.005995,-51.398846,mapbox_geocoding,True
GO,5213707,Montes Claros de Goiás,Distrito de Aparecida do Rio Claro,distrito de aparecida do rio claro,,,brasil_aberto,True
GO,5213707,Montes Claros de Goiás,Distrito de Lucilândia,distrito de lucilandia,,,brasil_aberto,True
GO,5213707,Montes Claros de Goiás,Distrito de Ponte Alta do Araguaia,distrito de ponte alta do araguaia,,,brasil_aberto,True
GO,5213707,Montes Claros de Goiás,Distrito de Registro do Araguaia,distrito de registro do araguaia,,,brasil_aberto,True
GO,5213707,Montes Claros de Goiás,Expansão do Residencial Aliança,expansao do residencial alianca,-16.008602,-51.393202,mapbox_geocoding,True
GO,5213707,Montes Claros de Goiás,Expansão II do Setor Central,expansao ii do setor central,-16.008602,-51.393202,mapbox_geocoding,True
GO,5213707,Montes Claros de Goiás,Expansão Setor Água Branca II,expansao setor agua branca ii,-16.0113,-51.400812,mapbox_geocoding,True
GO,5213707,Montes Claros de Goiás,Jardim das Palmeiras,jardim das palmeiras,-16.005558,-51.394807,mapbox_geocoding,True
GO,5213707,Montes Claros de Goiás,Loteamento Cidade de Deus,loteamento cidade de deus,-15.999566,-51.391051,mapbox_geocoding,True
GO,5213707,Montes Claros de Goiás,Loteamento Portal da Serra,loteamento portal da serra,-16.116494,-51.376409,mapbox_geocoding,True
GO,5213707,Montes Claros de Goiás,Lucilândia,lucilandia,,,dne,True
GO,5213707,Montes Claros de Goiás,Ponte Alta do Araguaia,ponte alta do araguaia,,,dne,True
GO,5213707,Montes Claros de Goiás,Registro do Araguaia,registro do araguaia,,,dne,True
GO,5213707,Montes Claros de Goiás,Residencial Aliança,residencial alianca,-16.010883,-51.398807,mapbox_geocoding,True
GO,5213707,Montes Claros de Goiás,Residencial Aurora,residencial aurora,-16.010224,-51.39612,mapbox_geocoding,True
GO,5213707,Montes Claros de Goiás,Residencial Jardins dos Ipês,residencial jardins dos ipes,-16.010883,-51.398807,mapbox_geocoding,True
GO,5213707,Montes Claros de Goiás,Residencial Vale da Serra,residencial vale da serra,-16.010224,-51.39612,mapbox_geocoding,True
GO,5213707,Montes Claros de Goiás,Residencial Vale do Níquel,residencial vale do niquel,-16.006859,-51.393713,mapbox_geocoding,True
GO,5213707,Montes Claros de Goiás,Residencial Vale Verde,residencial vale verde,-16.005558,-51.394807,mapbox_geocoding,True
GO,5213707,Montes Claros de Goiás,Setor Bela Vista,setor bela vista,-15.999566,-51.391051,mapbox_geocoding,True
GO,5213707,Montes Claros de Goiás,Setor Boa Esperança,setor boa esperanca,-16.003307,-51.396161,mapbox_geocoding,True
GO,5213707,Montes Claros de Goiás,Setor Central,setor central,-16.007797,-51.396109,mapbox_geocoding,True
GO,5213707,Montes Claros de Goiás,Setor Leste,setor leste,-16.006859,-51.393713,mapbox_geocoding,True
GO,5213707,Montes Claros de Goiás,Setor São Francisco,setor sao francisco,-15.944036,-51.357011,mapbox_geocoding,True
GO,5213707,Montes Claros de Goiás,Setor Sul,setor sul,-16.007797,-51.396109,mapbox_geocoding,True
GO,5213707,Montes Claros de Goiás,Setor Sul II,setor sul ii,-16.007797,-51.396109,mapbox_geocoding,True
GO,5213756,Montividiu,Setor Central,setor central,-17.4486322,-51.1765431,brasil_aberto_first_street,True
GO,5213772,Montividiu do Norte,Área Rural de Montividiu do Norte,area rural de montividiu do norte,-13.349188,-48.687984,mapbox_geocoding,True
GO,5213772,Montividiu do Norte,Bela Vista,bela vista,-13.351667,-48.688458,mapbox_geocoding,True
GO,5213772,Montividiu do Norte,Centro,centro,-13.349539,-48.688083,mapbox_geocoding,True
GO,5213772,Montividiu do Norte,Conjunto Elshaday,conjunto elshaday,-13.35281,-48.691942,mapbox_geocoding,True
GO,5213772,Montividiu do Norte,Mata Azul,mata azul,,,dne,True
GO,5213772,Montividiu do Norte,Nova Esperança,nova esperanca,-13.349188,-48.687984,mapbox_geocoding,True
GO,5213772,Montividiu do Norte,Residencial dos Ipês,residencial dos ipes,-13.349188,-48.687984,mapbox_geocoding,True
GO,5213772,Montividiu do Norte,São Pedro,sao pedro,,,dne,True
GO,5213772,Montividiu do Norte,Setor Central,setor central,,,brasil_aberto,True
GO,5213806,Morrinhos,Aldeia dos Pomares,aldeia dos pomares,-17.720914,-49.111131,mapbox_geocoding,True
GO,5213806,Morrinhos,Área Rural de Morrinhos,area rural de morrinhos,-17.733343,-49.106297,mapbox_geocoding,True
GO,5213806,Morrinhos,Barra do Cordeiro,barra do cordeiro,-17.729492,-49.093159,mapbox_geocoding,True
GO,5213806,Morrinhos,Centro,centro,-17.728894,-49.107767,mapbox_geocoding,True
GO,5213806,Morrinhos,Condomínio Recanto das Araras,condominio recanto das araras,-14.471844,-48.451214,mapbox_geocoding,True
GO,5213806,Morrinhos,Conjunto Residencial Monte Verde,conjunto residencial monte verde,-17.733343,-49.106297,mapbox_geocoding,True
GO,5213806,Morrinhos,Cristina Park,cristina park,-17.727868,-49.127359,mapbox_geocoding,True
GO,5213806,Morrinhos,Cristina Park 2,cristina park 2,-17.746582,-49.123526,mapbox_geocoding,True
GO,5213806,Morrinhos,Desmembramento Fernando Azzi Teixeira,desmembramento fernando azzi teixeira,-17.717719,-49.107778,mapbox_geocoding,True
GO,5213806,Morrinhos,Distrito Agroindustrial de Morrinhos,distrito agroindustrial de morrinhos,-16.616514,-49.318151,mapbox_geocoding,True
GO,5213806,Morrinhos,Distrito de Pequenas Indústrias de Morrinhos,distrito de pequenas industrias de morrinhos,-16.72949,-49.270862,mapbox_geocoding,True
GO,5213806,Morrinhos,Estância da Saudade - Bairro Morro da Saudade,estancia da saudade bairro morro da saudade,-17.729521,-49.084021,mapbox_geocoding,True
GO,5213806,Morrinhos,Genoveva Alves,genoveva alves,-17.804513,-50.582901,mapbox_geocoding,True
GO,5213806,Morrinhos,Jardim América,jardim america,-17.742977,-49.100046,mapbox_geocoding,True
GO,5213806,Morrinhos,Jardim Bela Vista,jardim bela vista,-17.741027,-49.134296,mapbox_geocoding,True
GO,5213806,Morrinhos,Jardim Bela Vista II,jardim bela vista ii,-17.737752,-49.137314,mapbox_geocoding,True
GO,5213806,Morrinhos,Jardim Bela Vista III,jardim bela vista iii,-17.737752,-49.137314,mapbox_geocoding,True
GO,5213806,Morrinhos,Jardim Bela Vista IV,jardim bela vista iv,-17.737752,-49.137314,mapbox_geocoding,True
GO,5213806,Morrinhos,Jardim Cerrado,jardim cerrado,-17.720914,-49.111131,mapbox_geocoding,True
GO,5213806,Morrinhos,Jardim Colibri,jardim colibri,-17.733343,-49.106297,mapbox_geocoding,True
GO,5213806,Morrinhos,Jardim Goiás,jardim goias,-17.723889,-49.107485,mapbox_geocoding,True
GO,5213806,Morrinhos,Jardim Hadassa,jardim hadassa,-16.319652,-48.897817,mapbox_geocoding,True
GO,5213806,Morrinhos,Jardim Helena,jardim helena,-16.616514,-49.318151,mapbox_geocoding,True
GO,5213806,Morrinhos,Jardim Maria Estela,jardim maria estela,-17.728025,-49.102287,mapbox_geocoding,True
GO,5213806,Morrinhos,Jardim Maria Ferreira de Souza,jardim maria ferreira de souza,-17.741268,-49.116081,mapbox_geocoding,True
GO,5213806,Morrinhos,Jardim Moisés Inocêncio,jardim moises inocencio,-17.725087,-49.049703,mapbox_geocoding,True
GO,5213806,Morrinhos,Jardim Portugal,jardim portugal,-17.738038,-49.13482,mapbox_geocoding,True
GO,5213806,Morrinhos,Jardim Primavera,jardim primavera,-17.737752,-49.137314,mapbox_geocoding,True
GO,5213806,Morrinhos,Jardim Renascer,jardim renascer,-16.616514,-49.318151,mapbox_geocoding,True
GO,5213806,Morrinhos,Jardim Romano,jardim romano,-17.72764,-49.102716,mapbox_geocoding,True
GO,5213806,Morrinhos,Jardim Romano II,jardim romano ii,-17.735476,-49.097161,mapbox_geocoding,True
GO,5213806,Morrinhos,Jardim Santa Fé,jardim santa fe,-17.740488,-49.116202,mapbox_geocoding,True
GO,5213806,Morrinhos,Jardim Santa Terezinha I,jardim santa terezinha i,-17.7399,-49.10504,mapbox_geocoding,True
GO,5213806,Morrinhos,Jardim Santa Terezinha II,jardim santa terezinha ii,-17.7399,-49.10504,mapbox_geocoding,True
GO,5213806,Morrinhos,Jardim Santa Terezinha III,jardim santa terezinha iii,-17.734403,-49.136201,mapbox_geocoding,True
GO,5213806,Morrinhos,Jardim Venezuela,jardim venezuela,-17.730925,-49.099095,mapbox_geocoding,True
GO,5213806,Morrinhos,Jardim Vera Cruz,jardim vera cruz,-17.710777,-49.11166,mapbox_geocoding,True
GO,5213806,Morrinhos,JK,jk,-17.73267,-49.087099,mapbox_geocoding,True
GO,5213806,Morrinhos,Loteamento Vinícius Cândido,loteamento vinicius candido,-17.729521,-49.084021,mapbox_geocoding,True
GO,5213806,Morrinhos,Morro da Saudade,morro da saudade,-17.725087,-49.049703,mapbox_geocoding,True
GO,5213806,Morrinhos,Morro da Saudade II,morro da saudade ii,-17.73267,-49.087099,mapbox_geocoding,True
GO,5213806,Morrinhos,Parque das Laranjeiras,parque das laranjeiras,-17.734403,-49.136201,mapbox_geocoding,True
GO,5213806,Morrinhos,Rancho Alegre,rancho alegre,,,dne,True
GO,5213806,Morrinhos,Reserva Atenas,reserva atenas,-17.734403,-49.136201,mapbox_geocoding,True
GO,5213806,Morrinhos,Residencial Aldeia,residencial aldeia,-17.731582,-49.139803,mapbox_geocoding,True
GO,5213806,Morrinhos,Residencial Antônio Correia Bueno,residencial antonio correia bueno,-17.737752,-49.137314,mapbox_geocoding,True
GO,5213806,Morrinhos,Residencial Califórnia,residencial california,-17.737752,-49.137314,mapbox_geocoding,True
GO,5213806,Morrinhos,Residencial Darcy Chaves,residencial darcy chaves,-17.710777,-49.11166,mapbox_geocoding,True
GO,5213806,Morrinhos,Residencial Dona Ondina,residencial dona ondina,-17.742341,-49.120855,mapbox_geocoding,True
GO,5213806,Morrinhos,Residencial dos Buritis,residencial dos buritis,-17.737752,-49.137314,mapbox_geocoding,True
GO,5213806,Morrinhos,Residencial dos Ipês,residencial dos ipes,-16.616514,-49.318151,mapbox_geocoding,True
GO,5213806,Morrinhos,Residencial Hercílio Gomes de Melo,residencial hercilio gomes de melo,-9.412619,-36.075157,mapbox_geocoding,True
GO,5213806,Morrinhos,Residencial Jarina Park,residencial jarina park,-17.729492,-49.093159,mapbox_geocoding,True
GO,5213806,Morrinhos,Residencial Mirante do Bosque,residencial mirante do bosque,-15.535156,-47.323772,mapbox_geocoding,True
GO,5213806,Morrinhos,Residencial Portal do Lago,residencial portal do lago,-17.733343,-49.106297,mapbox_geocoding,True
GO,5213806,Morrinhos,Residencial Santa Terezinha,residencial santa terezinha,-17.734403,-49.136201,mapbox_geocoding,True
GO,5213806,Morrinhos,Residencial Valéria Reis,residencial valeria reis,-17.717541,-49.1191,mapbox_geocoding,True
GO,5213806,Morrinhos,São Francisco de Assis,sao francisco de assis,-17.739197,-49.109904,mapbox_geocoding,True
GO,5213806,Morrinhos,Setor Aeroporto,setor aeroporto,-17.729071,-49.084046,mapbox_geocoding,True
GO,5213806,Morrinhos,Setor Aeroporto II,setor aeroporto ii,-17.727868,-49.127359,mapbox_geocoding,True
GO,5213806,Morrinhos,Setor Aeroporto III,setor aeroporto iii,-17.729071,-49.084046,mapbox_geocoding,True
GO,5213806,Morrinhos,Setor Arca de Noé,setor arca de noe,-16.616514,-49.318151,mapbox_geocoding,True
GO,5213806,Morrinhos,Setor Central,setor central,,,brasil_aberto,True
GO,5213806,Morrinhos,Setor Cordeiro,setor cordeiro,-17.734403,-49.136201,mapbox_geocoding,True
GO,5213806,Morrinhos,Setor Cordeiro II,setor cordeiro ii,-17.746413,-49.127682,mapbox_geocoding,True
GO,5213806,Morrinhos,Setor Cristo Redentor,setor cristo redentor,-17.740488,-49.116202,mapbox_geocoding,True
GO,5213806,Morrinhos,Setor Cristo Redentor - II Etapa,setor cristo redentor ii etapa,-17.740488,-49.116202,mapbox_geocoding,True
GO,5213806,Morrinhos,Setor Felício Chaves,setor felicio chaves,-17.727868,-49.127359,mapbox_geocoding,True
GO,5213806,Morrinhos,Setor Irinéia de Freitas,setor irineia de freitas,-17.734403,-49.136201,mapbox_geocoding,True
GO,5213806,Morrinhos,Setor José Jesuíno Filho,setor jose jesuino filho,-17.737811,-49.10502,mapbox_geocoding,True
GO,5213806,Morrinhos,Setor Leste Universitário,setor leste universitario,-17.742977,-49.100046,mapbox_geocoding,True
GO,5213806,Morrinhos,Setor Noroeste,setor noroeste,-17.728894,-49.107767,mapbox_geocoding,True
GO,5213806,Morrinhos,Setor Oeste,setor oeste,-17.728936,-49.11469,mapbox_geocoding,True
GO,5213806,Morrinhos,Setor Professor Olyntho Cândido,setor professor olyntho candido,-17.737811,-49.10502,mapbox_geocoding,True
GO,5213806,Morrinhos,Setor São Pedro,setor sao pedro,-17.733343,-49.106297,mapbox_geocoding,True
GO,5213806,Morrinhos,Setor Solar do Bosque,setor solar do bosque,-16.616514,-49.318151,mapbox_geocoding,True
GO,5213806,Morrinhos,Setor Sul dos Pomares,setor sul dos pomares,-17.732815,-49.136677,mapbox_geocoding,True
GO,5213806,Morrinhos,Sol Nascente,sol nascente,-17.729521,-49.084021,mapbox_geocoding,True
GO,5213806,Morrinhos,Sol Nascente 2ª Etapa,sol nascente 2a etapa,-17.729521,-49.084021,mapbox_geocoding,True
GO,5213806,Morrinhos,Vila Bela,vila bela,-17.7304,-49.117955,mapbox_geocoding,True
GO,5213806,Morrinhos,Vila Mutirão,vila mutirao,-17.729071,-49.084046,mapbox_geocoding,True
GO,5213806,Morrinhos,Vila Nossa Senhora do Carmo,vila nossa senhora do carmo,-17.728936,-49.11469,mapbox_geocoding,True
GO,5213806,Morrinhos,Vila Nova I,vila nova i,-17.73267,-49.087099,mapbox_geocoding,True
GO,5213806,Morrinhos,Vila Nova II,vila nova ii,-17.736209,-49.097442,mapbox_geocoding,True
GO,5213806,Morrinhos,Vila Nova III,vila nova iii,-17.73267,-49.087099,mapbox_geocoding,True
GO,5213806,Morrinhos,Vila Nunes,vila nunes,-17.7419,-49.10259,mapbox_geocoding,True
GO,5213806,Morrinhos,Vila Santa Rosa,vila santa rosa,-17.721822,-49.1157,mapbox_geocoding,True
GO,5213806,Morrinhos,Vila Santos Dumont,vila santos dumont,-17.726824,-49.126451,mapbox_geocoding,True
GO,5213806,Morrinhos,Vila Santos Dumont II,vila santos dumont ii,-17.729071,-49.084046,mapbox_geocoding,True
GO,5213855,Morro Agudo de Goiás,Área Rural de Morro Agudo de Goiás,area rural de morro agudo de goias,-15.318458,-50.057014,mapbox_geocoding,True
GO,5213855,Morro Agudo de Goiás,Conjunto Marlene Inacio,conjunto marlene inacio,-15.318458,-50.057014,mapbox_geocoding,True
GO,5213855,Morro Agudo de Goiás,Jóias do Cerrado,joias do cerrado,-15.312862,-50.057426,mapbox_geocoding,True
GO,5213855,Morro Agudo de Goiás,Setor Central,setor central,-15.315276,-50.057535,mapbox_geocoding,True
GO,5213855,Morro Agudo de Goiás,Setor Cristo Rey,setor cristo rey,-15.315276,-50.057535,mapbox_geocoding,True
GO,5213855,Morro Agudo de Goiás,Setor Divino Pai Eterno,setor divino pai eterno,-15.317451,-50.056142,mapbox_geocoding,True
GO,5213855,Morro Agudo de Goiás,Setor Vicente de Paula Pereira,setor vicente de paula pereira,-15.312373,-50.058786,mapbox_geocoding,True
GO,5213905,Mossâmedes,Setor Central,setor central,-16.1244732,-50.2140904,brasil_aberto_first_street,True
GO,5214002,Mozarlândia,Área Rural,area rural,-14.747114,-50.57188,mapbox_geocoding,True
GO,5214002,Mozarlândia,Centro,centro,-14.747642,-50.57207,mapbox_geocoding,True
GO,5214002,Mozarlândia,"Lot São João - parte dos lts 1, 2 e 3 e lt 36 e 37 Lot Barreirinho",lot sao joao parte dos lts 1 2 e 3 e lt 36 e 37 lot barreirinho,-14.757222,-50.568965,mapbox_geocoding,True
GO,5214002,Mozarlândia,Residencial Nobre,residencial nobre,-14.742676,-50.573475,mapbox_geocoding,True
GO,5214002,Mozarlândia,Setor Abdala Abrão,setor abdala abrao,-14.7555,-50.552504,mapbox_geocoding,True
GO,5214002,Mozarlândia,Setor Amaury Torres,setor amaury torres,-14.742676,-50.573475,mapbox_geocoding,True
GO,5214002,Mozarlândia,Setor Barcus,setor barcus,-14.747642,-50.57207,mapbox_geocoding,True
GO,5214002,Mozarlândia,Setor Camões,setor camoes,-14.757222,-50.568965,mapbox_geocoding,True
GO,5214002,Mozarlândia,Setor Central,setor central,,,brasil_aberto,True
GO,5214002,Mozarlândia,Setor dos Lagos,setor dos lagos,-14.744926,-50.585436,mapbox_geocoding,True
GO,5214002,Mozarlândia,Setor Jaçanã,setor jacana,-14.7555,-50.552504,mapbox_geocoding,True
GO,5214002,Mozarlândia,Setor Nova Mozarlândia I,setor nova mozarlandia i,-14.753411,-50.546128,mapbox_geocoding,True
GO,5214002,Mozarlândia,Setor Nova Mozarlândia II,setor nova mozarlandia ii,-14.745566,-50.571546,mapbox_geocoding,True
GO,5214002,Mozarlândia,Setor Paranoá,setor paranoa,-14.746905,-50.583153,mapbox_geocoding,True
GO,5214002,Mozarlândia,Setor Santa Mônica,setor santa monica,-14.745566,-50.571546,mapbox_geocoding,True
GO,5214002,Mozarlândia,Setor Sol Nascente,setor sol nascente,-14.7555,-50.552504,mapbox_geocoding,True
GO,5214002,Mozarlândia,Setor Vale do Sol,setor vale do sol,-14.747642,-50.57207,mapbox_geocoding,True
GO,5214002,Mozarlândia,Vila Brasil,vila brasil,-14.753889,-50.56652,mapbox_geocoding,True
GO,5214002,Mozarlândia,Vila Mutirão,vila mutirao,-14.756021,-50.56816,mapbox_geocoding,True
GO,5214002,Mozarlândia,Vila Paz,vila paz,-14.756021,-50.56816,mapbox_geocoding,True
GO,5214051,Mundo Novo,Setor Central,setor central,-17.7960281,-50.9315292,brasil_aberto_first_street,True
GO,5214101,Mutunópolis,Área Rural de Mutunópolis,area rural de mutunopolis,-13.731145,-49.27499,mapbox_geocoding,True
GO,5214101,Mutunópolis,Centro,centro,-13.728531,-49.273988,mapbox_geocoding,True
GO,5214101,Mutunópolis,Conjunto Frei Cristovão,conjunto frei cristovao,-13.728531,-49.273988,mapbox_geocoding,True
GO,5214101,Mutunópolis,Jardim Maria José,jardim maria jose,-13.731306,-49.273858,mapbox_geocoding,True
GO,5214101,Mutunópolis,Jardim Nova Esperança,jardim nova esperanca,-13.730771,-49.273577,mapbox_geocoding,True
GO,5214101,Mutunópolis,Mariana Marques Vaz,mariana marques vaz,-13.729829,-49.272084,mapbox_geocoding,True
GO,5214101,Mutunópolis,Residencial Padre Alaor Aguiar,residencial padre alaor aguiar,-14.455819,-46.156361,mapbox_geocoding,True
GO,5214101,Mutunópolis,Setor Anhanguera,setor anhanguera,-13.731306,-49.273858,mapbox_geocoding,True
GO,5214101,Mutunópolis,Setor Bom Jesus,setor bom jesus,-13.730971,-49.269557,mapbox_geocoding,True
GO,5214101,Mutunópolis,Setor Central,setor central,,,brasil_aberto,True
GO,5214101,Mutunópolis,Setor São Vicente,setor sao vicente,-13.727451,-49.277231,mapbox_geocoding,True
GO,5214101,Mutunópolis,Vila São José,vila sao jose,-13.731695,-49.270734,mapbox_geocoding,True
GO,5214101,Mutunópolis,Vila União,vila uniao,-13.724859,-49.279146,mapbox_geocoding,True
GO,5214101,Mutunópolis,Vila União II,vila uniao ii,-13.719211,-49.278446,mapbox_geocoding,True
GO,5214408,Nazário,Claudinápolis,claudinapolis,,,dne,True
GO,5214408,Nazário,Setor Central,setor central,-16.5641185,-49.77092220000001,brasil_aberto_first_street,True
GO,5214507,Nerópolis,Alfaville Parque,alfaville parque,-16.752206,-49.289284,mapbox_geocoding,True
GO,5214507,Nerópolis,Área Rural de Nerópolis,area rural de neropolis,-16.440648,-49.202086,mapbox_geocoding,True
GO,5214507,Nerópolis,Bairro Botafogo I,bairro botafogo i,-16.402896,-49.219808,mapbox_geocoding,True
GO,5214507,Nerópolis,Bairro Botafogo II,bairro botafogo ii,-16.398654,-49.225985,mapbox_geocoding,True
GO,5214507,Nerópolis,Bairro Morumbi,bairro morumbi,-16.403592,-49.223548,mapbox_geocoding,True
GO,5214507,Nerópolis,Bairro Morumbi II,bairro morumbi ii,-16.398654,-49.225985,mapbox_geocoding,True
GO,5214507,Nerópolis,Centro,centro,-16.402896,-49.219808,mapbox_geocoding,True
GO,5214507,Nerópolis,Conjunto Habitacional Santana,conjunto habitacional santana,-16.397248,-49.230917,mapbox_geocoding,True
GO,5214507,Nerópolis,Dom Felipe I,dom felipe i,-16.105474,-49.337926,mapbox_geocoding,True
GO,5214507,Nerópolis,Dom Felipe II,dom felipe ii,-16.460927,-49.065591,mapbox_geocoding,True
GO,5214507,Nerópolis,Dom Felipe III,dom felipe iii,-16.105474,-49.337926,mapbox_geocoding,True
GO,5214507,Nerópolis,Dom Felipe IV,dom felipe iv,-16.406388,-49.217847,mapbox_geocoding,True
GO,5214507,Nerópolis,Dom Felipe V,dom felipe v,-18.212807,-47.930895,mapbox_geocoding,True
GO,5214507,Nerópolis,Jardim Amélia,jardim amelia,-16.406229,-49.223748,mapbox_geocoding,True
GO,5214507,Nerópolis,Jardim das Oliveiras,jardim das oliveiras,-16.459639,-49.061626,mapbox_geocoding,True
GO,5214507,Nerópolis,Jardim Indaiá,jardim indaia,-16.402746,-49.225428,mapbox_geocoding,True
GO,5214507,Nerópolis,Jardim Marista,jardim marista,-16.396215,-49.232306,mapbox_geocoding,True
GO,5214507,Nerópolis,Jardim Paraiso,jardim paraiso,-16.402896,-49.219808,mapbox_geocoding,True
GO,5214507,Nerópolis,Jardim Progresso,jardim progresso,-16.402896,-49.219808,mapbox_geocoding,True
GO,5214507,Nerópolis,Parque das Américas,parque das americas,-15.762665,-48.247192,mapbox_geocoding,True
GO,5214507,Nerópolis,Parque Dom Bosco,parque dom bosco,-16.397248,-49.230917,mapbox_geocoding,True
GO,5214507,Nerópolis,Parque Real,parque real,-16.460636,-49.06536,mapbox_geocoding,True
GO,5214507,Nerópolis,Perímetro Urbano,perimetro urbano,-16.420685,-49.2206,mapbox_geocoding,True
GO,5214507,Nerópolis,Polo Industrial de Nerópolis,polo industrial de neropolis,-18.567469,-51.146972,mapbox_geocoding,True
GO,5214507,Nerópolis,Portal do Lago 1,portal do lago 1,-16.420685,-49.2206,mapbox_geocoding,True
GO,5214507,Nerópolis,Recanto do Bosque,recanto do bosque,-16.402896,-49.219808,mapbox_geocoding,True
GO,5214507,Nerópolis,Recanto do Paraíso,recanto do paraiso,-16.402896,-49.219808,mapbox_geocoding,True
GO,5214507,Nerópolis,Recanto Mirim,recanto mirim,-16.402896,-49.219808,mapbox_geocoding,True
GO,5214507,Nerópolis,Residencial Araguaia,residencial araguaia,-16.399875,-49.232423,mapbox_geocoding,True
GO,5214507,Nerópolis,Residencial Brisas do Lago,residencial brisas do lago,-16.420685,-49.2206,mapbox_geocoding,True
GO,5214507,Nerópolis,Residencial Dona Alda de Araújo Tavares,residencial dona alda de araujo tavares,-16.425998,-49.218113,mapbox_geocoding,True
GO,5214507,Nerópolis,Residencial José Honorato,residencial jose honorato,-16.461419,-49.064188,mapbox_geocoding,True
GO,5214507,Nerópolis,Residencial Martes Ville I,residencial martes ville i,-16.987951,-49.221833,mapbox_geocoding,True
GO,5214507,Nerópolis,Residencial Nascimento,residencial nascimento,-16.459639,-49.061626,mapbox_geocoding,True
GO,5214507,Nerópolis,Residencial Nova Cidade,residencial nova cidade,-16.402896,-49.219808,mapbox_geocoding,True
GO,5214507,Nerópolis,Residencial Perdizes,residencial perdizes,-16.397248,-49.230917,mapbox_geocoding,True
GO,5214507,Nerópolis,Residencial Portal do Lago 2,residencial portal do lago 2,-16.402746,-49.225428,mapbox_geocoding,True
GO,5214507,Nerópolis,Residencial Recanto dos Ipês,residencial recanto dos ipes,-16.406322,-49.21964,mapbox_geocoding,True
GO,5214507,Nerópolis,Residencial São Bernardo,residencial sao bernardo,-16.397248,-49.230917,mapbox_geocoding,True
GO,5214507,Nerópolis,Residencial Serra,residencial serra,-16.408035,-49.227945,mapbox_geocoding,True
GO,5214507,Nerópolis,Residencial Vale dos Sonhos,residencial vale dos sonhos,-16.402896,-49.219808,mapbox_geocoding,True
GO,5214507,Nerópolis,Setor Alto da Boa Vista,setor alto da boa vista,-16.402896,-49.219808,mapbox_geocoding,True
GO,5214507,Nerópolis,Setor Andrea Munique,setor andrea munique,-16.408035,-49.227945,mapbox_geocoding,True
GO,5214507,Nerópolis,Setor Bela Vista,setor bela vista,-16.403296,-49.225529,mapbox_geocoding,True
GO,5214507,Nerópolis,Setor Campo Alegre,setor campo alegre,-16.459639,-49.061626,mapbox_geocoding,True
GO,5214507,Nerópolis,Setor Central,setor central,,,brasil_aberto,True
GO,5214507,Nerópolis,Setor Santo Antonio,setor santo antonio,-16.459639,-49.061626,mapbox_geocoding,True
GO,5214507,Nerópolis,Setor São Jerônimo,setor sao jeronimo,-16.395851,-49.233017,mapbox_geocoding,True
GO,5214507,Nerópolis,Setor São José,setor sao jose,-16.651332,-49.289717,mapbox_geocoding,True
GO,5214507,Nerópolis,Setor São Paulo,setor sao paulo,-16.432911,-49.220762,mapbox_geocoding,True
GO,5214507,Nerópolis,Setor São Pedro,setor sao pedro,-16.397248,-49.230917,mapbox_geocoding,True
GO,5214507,Nerópolis,Setor Sul,setor sul,-16.402896,-49.219808,mapbox_geocoding,True
GO,5214507,Nerópolis,Vila Mutirão,vila mutirao,-15.557019,-47.33218,mapbox_geocoding,True
GO,5214507,Nerópolis,Vila São João Batista,vila sao joao batista,-14.475427,-46.483066,mapbox_geocoding,True
GO,5214606,Niquelândia,Centro,centro,,,brasil_aberto,True
GO,5214606,Niquelândia,São Luiz do Tocantins,sao luiz do tocantins,,,dne,True
GO,5214606,Niquelândia,Setor Central,setor central,-14.4696488,-48.4559107,brasil_aberto_first_street,True
GO,5214606,Niquelândia,Taveira,taveira,,,dne,True
GO,5214606,Niquelândia,Tupiracaba,tupiracaba,,,dne,True
GO,5214705,Nova América,Área Rural de Nova América,area rural de nova america,-15.022803,-49.894306,mapbox_geocoding,True
GO,5214705,Nova América,Embiara,embiara,,,dne,True
GO,5214705,Nova América,Jardim Baunilha,jardim baunilha,-15.027094,-49.883532,mapbox_geocoding,True
GO,5214705,Nova América,Jardim Baunilha II,jardim baunilha ii,-15.027094,-49.883532,mapbox_geocoding,True
GO,5214705,Nova América,Jardim dos Alpes,jardim dos alpes,-15.027129,-49.885802,mapbox_geocoding,True
GO,5214705,Nova América,Residencial Maranata,residencial maranata,-15.020891,-49.900778,mapbox_geocoding,True
GO,5214705,Nova América,Setor Central,setor central,-15.021428,-49.894719,mapbox_geocoding,True
GO,5214705,Nova América,Vila Alves de Paula,vila alves de paula,-15.020765,-49.898072,mapbox_geocoding,True
GO,5214804,Nova Aurora,Área Rural,area rural,-18.058672,-48.255947,mapbox_geocoding,True
GO,5214804,Nova Aurora,Catulino Cândido Pimenta,catulino candido pimenta,-13.03229,-46.772076,mapbox_geocoding,True
GO,5214804,Nova Aurora,Centro,centro,-18.059652,-48.255172,mapbox_geocoding,True
GO,5214804,Nova Aurora,Parque das Palmeiras,parque das palmeiras,-18.059652,-48.255172,mapbox_geocoding,True
GO,5214804,Nova Aurora,Setor Carmelinda Durval Guimarães,setor carmelinda durval guimaraes,-18.059241,-48.252006,mapbox_geocoding,True
GO,5214804,Nova Aurora,Setor Central,setor central,,,brasil_aberto,True
GO,5214804,Nova Aurora,Setor Valmira Carneiro da Silva Pádua,setor valmira carneiro da silva padua,-18.059652,-48.255172,mapbox_geocoding,True
GO,5214838,Nova Crixás,Bandeirantes,bandeirantes,,,brasil_aberto,True
GO,5214838,Nova Crixás,Centro,centro,-14.094513,-50.333857,mapbox_geocoding,True
GO,5214838,Nova Crixás,São José dos Bandeirantes,sao jose dos bandeirantes,,,dne,True
GO,5214838,Nova Crixás,Setor Santo Antônio,setor santo antonio,-16.7954578,-49.2676689,brasil_aberto_first_street,True
GO,5214861,Nova Glória,Área Rural de Nova Glória,area rural de nova gloria,-15.148918,-49.574924,mapbox_geocoding,True
GO,5214861,Nova Glória,Centro,centro,-15.060422,-49.421551,mapbox_geocoding,True
GO,5214861,Nova Glória,Cereaçu,cereacu,,,dne,True
GO,5214861,Nova Glória,Ceresópolis,ceresopolis,,,dne,True
GO,5214861,Nova Glória,Espírito Santo,espirito santo,,,dne,True
GO,5214861,Nova Glória,Glória dos Marinhos,gloria dos marinhos,-15.176225,-49.547352,mapbox_geocoding,True
GO,5214861,Nova Glória,Glória dos Marinhos 2,gloria dos marinhos 2,-15.059037,-49.423323,mapbox_geocoding,True
GO,5214861,Nova Glória,Glória dos Marinhos 3,gloria dos marinhos 3,-15.032829,-49.434778,mapbox_geocoding,True
GO,5214861,Nova Glória,Iris Rezende Machado,iris rezende machado,-15.040332,-49.439629,mapbox_geocoding,True
GO,5214861,Nova Glória,Jardim Maia,jardim maia,-15.174001,-49.551966,mapbox_geocoding,True
GO,5214861,Nova Glória,Jardim Paulista,jardim paulista,-15.174001,-49.551966,mapbox_geocoding,True
GO,5214861,Nova Glória,Jardim Reinaldo,jardim reinaldo,-15.154073,-49.573938,mapbox_geocoding,True
GO,5214861,Nova Glória,Maria Madalena,maria madalena,-15.060422,-49.421551,mapbox_geocoding,True
GO,5214861,Nova Glória,Novo Horizonte,novo horizonte,-15.155371,-49.572011,mapbox_geocoding,True
GO,5214861,Nova Glória,Oriente,oriente,,,dne,True
GO,5214861,Nova Glória,Parque Alvorada,parque alvorada,-15.143291,-49.575472,mapbox_geocoding,True
GO,5214861,Nova Glória,Parque Estrela Dalva,parque estrela dalva,-15.143291,-49.575472,mapbox_geocoding,True
GO,5214861,Nova Glória,Plaina,plaina,,,dne,True
GO,5214861,Nova Glória,Primavera 1,primavera 1,-15.150848,-49.581936,mapbox_geocoding,True
GO,5214861,Nova Glória,Santa Rosa,santa rosa,-15.145397,-49.578944,mapbox_geocoding,True
GO,5214861,Nova Glória,Setor Batista,setor batista,-15.144511,-49.580806,mapbox_geocoding,True
GO,5214861,Nova Glória,Setor Bela Vista,setor bela vista,-15.148918,-49.574924,mapbox_geocoding,True
GO,5214861,Nova Glória,Setor Central,setor central,,,brasil_aberto,True
GO,5214861,Nova Glória,Setor Oeste,setor oeste,-15.150848,-49.581936,mapbox_geocoding,True
GO,5214861,Nova Glória,Setor Planalto,setor planalto,-15.060775,-49.424115,mapbox_geocoding,True
GO,5214861,Nova Glória,Setor Progresso,setor progresso,-15.032829,-49.434778,mapbox_geocoding,True
GO,5214861,Nova Glória,Setor Rodoviário,setor rodoviario,-15.040109,-49.439979,mapbox_geocoding,True
GO,5214861,Nova Glória,Setor Santo Antônio da Barra,setor santo antonio da barra,-15.175161,-49.555392,mapbox_geocoding,True
GO,5214861,Nova Glória,Setor Urupiano,setor urupiano,-15.060422,-49.421551,mapbox_geocoding,True
GO,5214861,Nova Glória,Sonho Meu,sonho meu,-15.040332,-49.439629,mapbox_geocoding,True
GO,5214861,Nova Glória,Vila Bolsão,vila bolsao,,,dne,True
GO,5214861,Nova Glória,Vila Rocha,vila rocha,-15.11637,-49.50171,mapbox_geocoding,True
GO,5214879,Nova Iguaçu de Goiás,Setor Central,setor central,-16.6694357,-49.228007,brasil_aberto_first_street,True
GO,5214903,Nova Roma,Centro,centro,-13.7418516,-46.8796498,brasil_aberto_first_street,True
GO,5215009,Nova Veneza,Setor Central,setor central,-16.3758219,-49.31231469999999,brasil_aberto_first_street,True
GO,5215207,Novo Brasil,Novo Goiás,novo goias,,,dne,True
GO,5215207,Novo Brasil,Setor Central,setor central,-16.0344073,-50.7133111,brasil_aberto_first_street,True
GO,5215231,Novo Gama,Alphavile Paiva,alphavile paiva,-16.0708018,-48.0606224,brasil_aberto_first_street,True
GO,5215231,Novo Gama,Área Rural de Novo Gama,area rural de novo gama,-16.1032371,-48.0724609,brasil_aberto_first_street,True
GO,5215231,Novo Gama,Boa Vista,boa vista,-16.080253,-48.038819,mapbox_geocoding,True
GO,5215231,Novo Gama,Chácaras Araguaia,chacaras araguaia,-16.051637,-48.037703,mapbox_geocoding,True
GO,5215231,Novo Gama,Chácaras Minas Gerais B,chacaras minas gerais b,-16.054993,-48.030643,mapbox_geocoding,True
GO,5215231,Novo Gama,Chácaras Paulista,chacaras paulista,-16.0557866,-48.03525279999999,brasil_aberto_first_street,True
GO,5215231,Novo Gama,Chácaras Vale das Andorinhas,chacaras vale das andorinhas,-16.1359768,-48.0555514,brasil_aberto_first_street,True
GO,5215231,Novo Gama,Estância Esperança,estancia esperanca,-16.049882,-47.978113,mapbox_geocoding,True
GO,5215231,Novo Gama,Fazenda Paiva,fazenda paiva,-16.1113842,-48.0600636,brasil_aberto_first_street,True
GO,5215231,Novo Gama,Fazenda São Sebastião,fazenda sao sebastiao,-16.1032371,-48.0724609,brasil_aberto_first_street,True
GO,5215231,Novo Gama,Jardim Lago Azul,jardim lago azul,-16.054993,-48.030643,mapbox_geocoding,True
GO,5215231,Novo Gama,Jardim Paiva,jardim paiva,-16.073962,-47.9895899,brasil_aberto_first_street,True
GO,5215231,Novo Gama,Jardim Tropical,jardim tropical,-16.0557866,-48.03525279999999,brasil_aberto_first_street,True
GO,5215231,Novo Gama,Loteamento Grande Vale,loteamento grande vale,-16.054993,-48.030643,mapbox_geocoding,True
GO,5215231,Novo Gama,Loteamento Lunabel 3,loteamento lunabel 3,-16.0888761,-48.0555514,brasil_aberto_first_street,True
GO,5215231,Novo Gama,Loteamento Lunabel 3A,loteamento lunabel 3a,-16.0888761,-48.0555514,brasil_aberto_first_street,True
GO,5215231,Novo Gama,Loteamento Lunabel 3B,loteamento lunabel 3b,-16.0888761,-48.0555514,brasil_aberto_first_street,True
GO,5215231,Novo Gama,Loteamento Lunabel 3C,loteamento lunabel 3c,-16.0888761,-48.0555514,brasil_aberto_first_street,True
GO,5215231,Novo Gama,Loteamento Lunabel 3H,loteamento lunabel 3h,-16.0888761,-48.0555514,brasil_aberto_first_street,True
GO,5215231,Novo Gama,Loteamento Santa Cecília,loteamento santa cecilia,-16.073962,-47.9895899,brasil_aberto_first_street,True
GO,5215231,Novo Gama,Mansões das Andorinhas,mansoes das andorinhas,-16.0557866,-48.03525279999999,brasil_aberto_first_street,True
GO,5215231,Novo Gama,Mansões de Recreio Estrela Dalva VII-A,mansoes de recreio estrela dalva vii a,-16.195277,-47.99855119999999,brasil_aberto_first_street,True
GO,5215231,Novo Gama,Mansões de Recreio Estrela Dalva VII-B,mansoes de recreio estrela dalva vii b,-16.195277,-47.99855119999999,brasil_aberto_first_street,True
GO,5215231,Novo Gama,Mansões Eldorado,mansoes eldorado,-16.073962,-47.9895899,brasil_aberto_first_street,True
GO,5215231,Novo Gama,Mont Serrat Paiva,mont serrat paiva,-16.059627,-48.055882,mapbox_geocoding,True
GO,5215231,Novo Gama,Núcleo Habitacional Novo Gama,nucleo habitacional novo gama,-16.0626571,-48.0394365,brasil_aberto_first_street,True
GO,5215231,Novo Gama,Núcleo Residencial Brasília,nucleo residencial brasilia,-16.1092674,-48.0964801,brasil_aberto_first_street,True
GO,5215231,Novo Gama,Parque Estrela Dalva VI (Pedregal),parque estrela dalva vi pedregal,-16.076103,-48.060396,mapbox_geocoding,True
GO,5215231,Novo Gama,Parque Nova Brasília,parque nova brasilia,-16.0557866,-48.03525279999999,brasil_aberto_first_street,True
GO,5215231,Novo Gama,Residencial Alvorada,residencial alvorada,-16.0714808,-48.0796397,brasil_aberto_first_street,True
GO,5215231,Novo Gama,Residencial América do Sul,residencial america do sul,-16.0270651,-48.0669583,brasil_aberto_first_street,True
GO,5215231,Novo Gama,Residencial Brasília,residencial brasilia,-16.0557866,-48.03525279999999,brasil_aberto_first_street,True
GO,5215231,Novo Gama,Residencial Cidade Nova,residencial cidade nova,-16.0557866,-48.03525279999999,brasil_aberto_first_street,True
GO,5215231,Novo Gama,Residencial Greenville I,residencial greenville i,-16.1026603,-48.0436803,brasil_aberto_first_street,True
GO,5215231,Novo Gama,Residencial Greenville II,residencial greenville ii,-16.077265,-48.007423,mapbox_geocoding,True
GO,5215231,Novo Gama,Residencial Negreiros,residencial negreiros,-16.054993,-48.030643,mapbox_geocoding,True
GO,5215231,Novo Gama,Residencial Paiva I,residencial paiva i,-16.073962,-47.9895899,brasil_aberto_first_street,True
GO,5215231,Novo Gama,Residencial Paraíso,residencial paraiso,-16.073962,-47.9895899,brasil_aberto_first_street,True
GO,5215231,Novo Gama,Residencial Santa Luzia,residencial santa luzia,-16.1082892,-48.0825853,brasil_aberto_first_street,True
GO,5215231,Novo Gama,Setor de Chácaras Riacho Doce,setor de chacaras riacho doce,-16.0585067,-48.0325237,brasil_aberto_first_street,True
GO,5215231,Novo Gama,Setor de Mansões Santa Barbara,setor de mansoes santa barbara,-16.073962,-47.9895899,brasil_aberto_first_street,True
GO,5215231,Novo Gama,Sítio Santa Maria,sitio santa maria,-16.0518758,-48.0279003,brasil_aberto_first_street,True
GO,5215231,Novo Gama,Vale do Pedregal,vale do pedregal,-16.076103,-48.060396,mapbox_geocoding,True
GO,5215231,Novo Gama,Vila Lolli,vila lolli,-16.073962,-47.9895899,brasil_aberto_first_street,True
GO,5215231,Novo Gama,Vila União,vila uniao,-16.0756122,-48.04439439999999,brasil_aberto_first_street,True
GO,5215256,Novo Planalto,Setor Central,setor central,-13.2429073,-49.5076942,brasil_aberto_first_street,True
GO,5215306,Orizona,Alto Alvorada,alto alvorada,,,dne,True
GO,5215306,Orizona,Área Rural de Orizona,area rural de orizona,-17.033213,-48.29864,mapbox_geocoding,True
GO,5215306,Orizona,Boa Vista,boa vista,-17.033424,-48.304609,mapbox_geocoding,True
GO,5215306,Orizona,Buritizinho,buritizinho,,,dne,True
GO,5215306,Orizona,Cachoeira,cachoeira,,,dne,True
GO,5215306,Orizona,Campo Formoso,campo formoso,-17.033424,-48.304609,mapbox_geocoding,True
GO,5215306,Orizona,Centro,centro,-17.033424,-48.304609,mapbox_geocoding,True
GO,5215306,Orizona,Cinelândia,cinelandia,-17.031588,-48.304449,mapbox_geocoding,True
GO,5215306,Orizona,Corumbajuba,corumbajuba,,,dne,True
GO,5215306,Orizona,Distrito Agroindustrial de Orizona,distrito agroindustrial de orizona,-17.039478,-48.31082,mapbox_geocoding,True
GO,5215306,Orizona,Egirineu Teixeira,egirineu teixeira,,,dne,True
GO,5215306,Orizona,Nossa Senhora de Fátima,nossa senhora de fatima,-17.0315904,-48.3050647,brasil_aberto_first_street,True
GO,5215306,Orizona,Residencial Florença,residencial florenca,-16.955873,-48.008143,mapbox_geocoding,True
GO,5215306,Orizona,Residencial Palládium,residencial palladium,-17.027812,-48.31061,mapbox_geocoding,True
GO,5215306,Orizona,Santa Maria I,santa maria i,-17.041126,-48.301586,mapbox_geocoding,True
GO,5215306,Orizona,Santa Maria II,santa maria ii,-17.041126,-48.301586,mapbox_geocoding,True
GO,5215306,Orizona,São Domingos,sao domingos,-14.428161,-49.705388,mapbox_geocoding,True
GO,5215306,Orizona,Setor Aeroporto,setor aeroporto,-12.612019,-47.875681,mapbox_geocoding,True
GO,5215306,Orizona,Setor Bela Vista,setor bela vista,-17.045537,-48.294826,mapbox_geocoding,True
GO,5215306,Orizona,Setor Central,setor central,,,brasil_aberto,True
GO,5215306,Orizona,Setor Sol Nascente,setor sol nascente,-17.045537,-48.294826,mapbox_geocoding,True
GO,5215306,Orizona,Taquaral,taquaral,,,dne,True
GO,5215306,Orizona,Vila Santa Luzia,vila santa luzia,-17.036013,-48.311839,mapbox_geocoding,True
GO,5215405,Ouro Verde de Goiás,Setor Central,setor central,-16.2188154,-49.1972075,brasil_aberto_first_street,True
GO,5215504,Ouvidor,Área Rural,area rural,-18.231298,-47.83669,mapbox_geocoding,True
GO,5215504,Ouvidor,Centro,centro,-18.232157,-47.836342,mapbox_geocoding,True
GO,5215504,Ouvidor,Conjunto Antonio Domingos,conjunto antonio domingos,-18.226879,-47.829657,mapbox_geocoding,True
GO,5215504,Ouvidor,Jardim América,jardim america,-14.530772,-49.950345,mapbox_geocoding,True
GO,5215504,Ouvidor,Jardim JK,jardim jk,-18.233802,-47.834285,mapbox_geocoding,True
GO,5215504,Ouvidor,Jardim Paraíso,jardim paraiso,-18.231423,-47.839089,mapbox_geocoding,True
GO,5215504,Ouvidor,Jerônimo Gomes Pacheco,jeronimo gomes pacheco,-18.151357,-47.563735,mapbox_geocoding,True
GO,5215504,Ouvidor,Nova Ouvidor,nova ouvidor,-18.151953,-47.559927,mapbox_geocoding,True
GO,5215504,Ouvidor,Residencial Cecília,residencial cecilia,-18.229018,-47.835456,mapbox_geocoding,True
GO,5215504,Ouvidor,Residencial Jardim Solaris,residencial jardim solaris,-18.151953,-47.559927,mapbox_geocoding,True
GO,5215504,Ouvidor,Rodoviário,rodoviario,-18.234591,-47.836208,mapbox_geocoding,True
GO,5215504,Ouvidor,Setor Aeroporto,setor aeroporto,-18.235718,-47.83267,mapbox_geocoding,True
GO,5215504,Ouvidor,Setor Central,setor central,,,brasil_aberto,True
GO,5215504,Ouvidor,Vigilato Evangelista Pereira,vigilato evangelista pereira,-18.234591,-47.836208,mapbox_geocoding,True
GO,5215504,Ouvidor,Vila Nova,vila nova,-18.151953,-47.559927,mapbox_geocoding,True
GO,5215603,Padre Bernardo,Centro,centro,-15.163264,-48.2829105,brasil_aberto_first_street,True
GO,5215603,Padre Bernardo,Mariápolis e Taboquinha,mariapolis e taboquinha,,,dne,True
GO,5215603,Padre Bernardo,Monte Alto,monte alto,,,dne,True
GO,5215603,Padre Bernardo,Setor Leste,setor leste,,,brasil_aberto,True
GO,5215603,Padre Bernardo,Trajanópolis,trajanopolis,,,dne,True
GO,5215603,Padre Bernardo,Vale  Das  Macieiras,vale das macieiras,-15.1719703,-48.2701956,brasil_aberto_first_street,True
GO,5215603,Padre Bernardo,Vila Divineia,vila divineia,-15.2543876,-48.2672233,brasil_aberto_first_street,True
GO,5215652,Palestina de Goiás,Área Rural de Palestina de Goiás,area rural de palestina de goias,-16.668772,-51.319417,mapbox_geocoding,True
GO,5215652,Palestina de Goiás,Centro,centro,-16.748176,-51.529262,mapbox_geocoding,True
GO,5215652,Palestina de Goiás,Setor Bela Vista,setor bela vista,-16.748176,-51.529262,mapbox_geocoding,True
GO,5215652,Palestina de Goiás,Setor Central,setor central,,,brasil_aberto,True
GO,5215652,Palestina de Goiás,Setor Floripa,setor floripa,-16.743408,-51.529923,mapbox_geocoding,True
GO,5215652,Palestina de Goiás,Setor Justiniano,setor justiniano,-16.746506,-51.530647,mapbox_geocoding,True
GO,5215652,Palestina de Goiás,Setor Palmeiras,setor palmeiras,-16.74172,-51.530547,mapbox_geocoding,True
GO,5215702,Palmeiras de Goiás,Área Rural de Palmeiras de Goiás,area rural de palmeiras de goias,-16.805853,-49.923416,mapbox_geocoding,True
GO,5215702,Palmeiras de Goiás,Bairro Goianinha,bairro goianinha,-16.802445,-49.917208,mapbox_geocoding,True
GO,5215702,Palmeiras de Goiás,Bairro Goianinha Expansão,bairro goianinha expansao,-16.802736,-49.915775,mapbox_geocoding,True
GO,5215702,Palmeiras de Goiás,Centro,centro,-16.808374,-49.923719,mapbox_geocoding,True
GO,5215702,Palmeiras de Goiás,Chácaras Nossa Senhora da Guia,chacaras nossa senhora da guia,-16.808392,-49.918866,mapbox_geocoding,True
GO,5215702,Palmeiras de Goiás,Condomínio Aldeia do Lago,condominio aldeia do lago,-16.805853,-49.923416,mapbox_geocoding,True
GO,5215702,Palmeiras de Goiás,Condomínio Cristóvão Rodrigues de Souza,condominio cristovao rodrigues de souza,-16.805853,-49.923416,mapbox_geocoding,True
GO,5215702,Palmeiras de Goiás,Conjunto Castelo Branco,conjunto castelo branco,-16.811777,-49.934534,mapbox_geocoding,True
GO,5215702,Palmeiras de Goiás,Jardim Alvorada,jardim alvorada,-16.822426,-49.895343,mapbox_geocoding,True
GO,5215702,Palmeiras de Goiás,Jardim Amazonas,jardim amazonas,-16.808392,-49.918866,mapbox_geocoding,True
GO,5215702,Palmeiras de Goiás,Jardim Atlântico,jardim atlantico,-16.801098,-49.91929,mapbox_geocoding,True
GO,5215702,Palmeiras de Goiás,Jardim das Oliveiras,jardim das oliveiras,-16.811658,-49.922083,mapbox_geocoding,True
GO,5215702,Palmeiras de Goiás,Jardim Piatã,jardim piata,-16.807796,-49.924255,mapbox_geocoding,True
GO,5215702,Palmeiras de Goiás,Jardim Planalto,jardim planalto,-16.805853,-49.923416,mapbox_geocoding,True
GO,5215702,Palmeiras de Goiás,Parque Industrial,parque industrial,-17.109416,-49.886453,mapbox_geocoding,True
GO,5215702,Palmeiras de Goiás,Residencial Ebenezer,residencial ebenezer,-17.109416,-49.886453,mapbox_geocoding,True
GO,5215702,Palmeiras de Goiás,Residencial Flórida,residencial florida,-16.819216,-49.908261,mapbox_geocoding,True
GO,5215702,Palmeiras de Goiás,Residencial Jardim das Acácias,residencial jardim das acacias,-16.805853,-49.923416,mapbox_geocoding,True
GO,5215702,Palmeiras de Goiás,Residencial Maria José,residencial maria jose,-16.818786,-49.925649,mapbox_geocoding,True
GO,5215702,Palmeiras de Goiás,Residencial Maria Pires Perillo,residencial maria pires perillo,-16.805853,-49.923416,mapbox_geocoding,True
GO,5215702,Palmeiras de Goiás,Residencial Morada dos Pássaros,residencial morada dos passaros,-16.805853,-49.923416,mapbox_geocoding,True
GO,5215702,Palmeiras de Goiás,Residencial Nelson Mariotto,residencial nelson mariotto,-16.805853,-49.923416,mapbox_geocoding,True
GO,5215702,Palmeiras de Goiás,Residencial Orlando Peró,residencial orlando pero,-16.805853,-49.923416,mapbox_geocoding,True
GO,5215702,Palmeiras de Goiás,Residencial Samara,residencial samara,-16.851316,-49.559403,mapbox_geocoding,True
GO,5215702,Palmeiras de Goiás,Setor Aeroporto,setor aeroporto,-16.810239,-49.923417,mapbox_geocoding,True
GO,5215702,Palmeiras de Goiás,Setor Antônio Bueno,setor antonio bueno,-16.799801,-49.932463,mapbox_geocoding,True
GO,5215702,Palmeiras de Goiás,Setor Bariloche,setor bariloche,-16.808056,-49.933519,mapbox_geocoding,True
GO,5215702,Palmeiras de Goiás,Setor Bela Vista,setor bela vista,-16.913794,-49.657426,mapbox_geocoding,True
GO,5215702,Palmeiras de Goiás,Setor Belo Horizonte,setor belo horizonte,-16.808392,-49.918866,mapbox_geocoding,True
GO,5215702,Palmeiras de Goiás,Setor Boa Vista,setor boa vista,-16.813604,-49.930123,mapbox_geocoding,True
GO,5215702,Palmeiras de Goiás,Setor Central,setor central,,,brasil_aberto,True
GO,5215702,Palmeiras de Goiás,Setor Centro Operacional,setor centro operacional,-16.805455,-49.934296,mapbox_geocoding,True
GO,5215702,Palmeiras de Goiás,Setor Jaçanã,setor jacana,-16.808374,-49.923719,mapbox_geocoding,True
GO,5215702,Palmeiras de Goiás,Setor José Cândido Guimarães,setor jose candido guimaraes,-16.811777,-49.934534,mapbox_geocoding,True
GO,5215702,Palmeiras de Goiás,Setor Major Sinfrônio,setor major sinfronio,-16.820868,-49.916671,mapbox_geocoding,True
GO,5215702,Palmeiras de Goiás,Setor Martinho,setor martinho,-16.813604,-49.930123,mapbox_geocoding,True
GO,5215702,Palmeiras de Goiás,Setor Morais,setor morais,-16.805853,-49.923416,mapbox_geocoding,True
GO,5215702,Palmeiras de Goiás,Setor Oeste,setor oeste,-16.813604,-49.930123,mapbox_geocoding,True
GO,5215702,Palmeiras de Goiás,Setor Real,setor real,-16.813604,-49.930123,mapbox_geocoding,True
GO,5215702,Palmeiras de Goiás,Setor São João,setor sao joao,-16.799801,-49.932463,mapbox_geocoding,True
GO,5215702,Palmeiras de Goiás,Setor São José,setor sao jose,-16.808392,-49.918866,mapbox_geocoding,True
GO,5215702,Palmeiras de Goiás,Setor Sul,setor sul,-16.811658,-49.922083,mapbox_geocoding,True
GO,5215702,Palmeiras de Goiás,Setor Universitário,setor universitario,-16.805853,-49.923416,mapbox_geocoding,True
GO,5215702,Palmeiras de Goiás,Vila Aurora,vila aurora,-16.808392,-49.918866,mapbox_geocoding,True
GO,5215702,Palmeiras de Goiás,Vila Boa Esperança,vila boa esperanca,-16.808374,-49.923719,mapbox_geocoding,True
GO,5215702,Palmeiras de Goiás,Vila Résio,vila resio,-16.802445,-49.917208,mapbox_geocoding,True
GO,5215801,Palmelo,Área Rural de Palmelo,area rural de palmelo,-17.326841,-48.427334,mapbox_geocoding,True
GO,5215801,Palmelo,Bairro Boa Vista,bairro boa vista,-17.321348,-48.426361,mapbox_geocoding,True
GO,5215801,Palmelo,Bairro José Guanabara de Lima,bairro jose guanabara de lima,-17.331958,-48.426286,mapbox_geocoding,True
GO,5215801,Palmelo,Centro,centro,-17.327107,-48.428692,mapbox_geocoding,True
GO,5215801,Palmelo,Jardim Nova Era,jardim nova era,-17.331958,-48.426286,mapbox_geocoding,True
GO,5215801,Palmelo,Setor Central,setor central,,,brasil_aberto,True
GO,5215801,Palmelo,Vila Dionízio Lopes da Silva,vila dionizio lopes da silva,-17.32846,-48.423789,mapbox_geocoding,True
GO,5215801,Palmelo,Vila Gonçalves,vila goncalves,-17.327107,-48.428692,mapbox_geocoding,True
GO,5215900,Palminópolis,Setor Central,setor central,-16.796153,-50.164316,mapbox_geocoding,True
GO,5216007,Panamá,Setor Central,setor central,-18.1766647,-49.3541482,brasil_aberto_first_street,True
GO,5216304,Paranaiguara,Setor Central,setor central,-16.789214,-50.16798,mapbox_geocoding,True
GO,5216403,Paraúna,Área Rural de Paraúna,area rural de parauna,-24.824506,-53.648379,mapbox_geocoding,True
GO,5216403,Paraúna,Centro,centro,-16.941533,-50.44668,mapbox_geocoding,True
GO,5216403,Paraúna,Dona Concordia,dona concordia,-16.971352,-50.426862,mapbox_geocoding,True
GO,5216403,Paraúna,Dona Mulata,dona mulata,-16.942937,-50.442989,mapbox_geocoding,True
GO,5216403,Paraúna,Dona Mulata II,dona mulata ii,-16.947952,-50.446796,mapbox_geocoding,True
GO,5216403,Paraúna,Floriano Gomes,floriano gomes,-16.941533,-50.44668,mapbox_geocoding,True
GO,5216403,Paraúna,Padre Venâncio,padre venancio,-13.027177,-46.755046,mapbox_geocoding,True
GO,5216403,Paraúna,Parque dos Buritis,parque dos buritis,-16.959992,-50.434815,mapbox_geocoding,True
GO,5216403,Paraúna,Paulo Farias,paulo farias,-15.861997,-48.955473,mapbox_geocoding,True
GO,5216403,Paraúna,Ponte de Pedra,ponte de pedra,-16.959992,-50.434815,mapbox_geocoding,True
GO,5216403,Paraúna,Portal das Serras,portal das serras,-16.948368,-50.453203,mapbox_geocoding,True
GO,5216403,Paraúna,Rogério Gomes,rogerio gomes,-12.620098,-47.865513,mapbox_geocoding,True
GO,5216403,Paraúna,São José,sao jose,-16.942937,-50.442989,mapbox_geocoding,True
GO,5216403,Paraúna,São Sebastião,sao sebastiao,-16.943034,-50.445266,mapbox_geocoding,True
GO,5216403,Paraúna,Serra das Galés,serra das gales,-16.96822,-50.424665,mapbox_geocoding,True
GO,5216403,Paraúna,Setor Central,setor central,,,brasil_aberto,True
GO,5216403,Paraúna,Vila Buritizinho,vila buritizinho,-16.95382,-50.440056,mapbox_geocoding,True
GO,5216452,Perolândia,Aeroporto,aeroporto,-17.529487,-52.062594,mapbox_geocoding,True
GO,5216452,Perolândia,Área Rural de Perolândia,area rural de perolandia,-17.528664,-52.06552,mapbox_geocoding,True
GO,5216452,Perolândia,Centro,centro,-17.526107,-52.063453,mapbox_geocoding,True
GO,5216452,Perolândia,Conjunto Paulo Silveira,conjunto paulo silveira,-17.529487,-52.062594,mapbox_geocoding,True
GO,5216452,Perolândia,Loteamento Cidade Nova,loteamento cidade nova,-17.528678,-52.064426,mapbox_geocoding,True
GO,5216452,Perolândia,Loteamento Perolândia,loteamento perolandia,-17.528926,-52.065405,mapbox_geocoding,True
GO,5216452,Perolândia,Planalto,planalto,-17.528926,-52.065405,mapbox_geocoding,True
GO,5216452,Perolândia,Renovação I,renovacao i,-14.720989,-49.468364,mapbox_geocoding,True
GO,5216452,Perolândia,Renovação II,renovacao ii,-17.529241,-52.061156,mapbox_geocoding,True
GO,5216452,Perolândia,Residencial Simião Alves de Lima,residencial simiao alves de lima,-23.603978,-46.703083,mapbox_geocoding,True
GO,5216809,Petrolina de Goiás,Alphaville,alphaville,-16.105453,-49.334015,mapbox_geocoding,True
GO,5216809,Petrolina de Goiás,Área Rural de Petrolina de Goiás,area rural de petrolina de goias,-16.105453,-49.334015,mapbox_geocoding,True
GO,5216809,Petrolina de Goiás,Central City,central city,-16.105453,-49.334015,mapbox_geocoding,True
GO,5216809,Petrolina de Goiás,Centro,centro,-16.105453,-49.334015,mapbox_geocoding,True
GO,5216809,Petrolina de Goiás,Condomínio das Orquídeas,condominio das orquideas,-16.105453,-49.334015,mapbox_geocoding,True
GO,5216809,Petrolina de Goiás,Dom Felipe,dom felipe,-16.104566,-49.341261,mapbox_geocoding,True
GO,5216809,Petrolina de Goiás,Jardim Santa Paula,jardim santa paula,-16.10756,-49.332421,mapbox_geocoding,True
GO,5216809,Petrolina de Goiás,Residencial Jardim Ipê,residencial jardim ipe,-16.105453,-49.334015,mapbox_geocoding,True
GO,5216809,Petrolina de Goiás,Residencial Portal do Sol,residencial portal do sol,-16.105453,-49.334015,mapbox_geocoding,True
GO,5216809,Petrolina de Goiás,Setor Central,setor central,,,brasil_aberto,True
GO,5216809,Petrolina de Goiás,Setor Gonçalves,setor goncalves,-16.100983,-49.335844,mapbox_geocoding,True
GO,5216809,Petrolina de Goiás,Setor Oeste,setor oeste,-16.100983,-49.335844,mapbox_geocoding,True
GO,5216809,Petrolina de Goiás,Setor Sol Poente,setor sol poente,-16.110217,-49.334991,mapbox_geocoding,True
GO,5216809,Petrolina de Goiás,Veniápolis,veniapolis,,,dne,True
GO,5216809,Petrolina de Goiás,Vila Matias,vila matias,-16.105453,-49.334015,mapbox_geocoding,True
GO,5216809,Petrolina de Goiás,Vila Mutirão,vila mutirao,-16.111664,-49.332845,mapbox_geocoding,True
GO,5216908,Pilar de Goiás,Setor Central,setor central,-14.7650312,-49.578861,brasil_aberto_first_street,True
GO,5217104,Piracanjuba,Área Rural de Piracanjuba,area rural de piracanjuba,-17.305206,-49.020626,mapbox_geocoding,True
GO,5217104,Piracanjuba,Centro,centro,-17.298374,-49.022018,mapbox_geocoding,True
GO,5217104,Piracanjuba,Conjunto Cláudia,conjunto claudia,-17.319156,-48.935952,mapbox_geocoding,True
GO,5217104,Piracanjuba,Conjunto Habitacional Prefeito Sebastião Francisco de Oliveira,conjunto habitacional prefeito sebastiao francisco de oliveira,-17.299879,-49.036339,mapbox_geocoding,True
GO,5217104,Piracanjuba,Conjunto Pouso Alto,conjunto pouso alto,-17.319156,-48.935952,mapbox_geocoding,True
GO,5217104,Piracanjuba,Jardim Country Clube,jardim country clube,-17.08048,-48.897894,mapbox_geocoding,True
GO,5217104,Piracanjuba,Jardim dos Buritis,jardim dos buritis,-17.31175,-49.039608,mapbox_geocoding,True
GO,5217104,Piracanjuba,Jardim dos Buritis II,jardim dos buritis ii,-17.305206,-49.020626,mapbox_geocoding,True
GO,5217104,Piracanjuba,Jardim Europa,jardim europa,-17.305206,-49.020626,mapbox_geocoding,True
GO,5217104,Piracanjuba,Jardim Goiás,jardim goias,-17.390697,-48.804951,mapbox_geocoding,True
GO,5217104,Piracanjuba,Jardim Goiás 2,jardim goias 2,-17.300361,-49.040498,mapbox_geocoding,True
GO,5217104,Piracanjuba,Jardim Primavera,jardim primavera,-17.3026591,-49.0266171,brasil_aberto_first_street,True
GO,5217104,Piracanjuba,Loteamento Doutor Ruy Brasil Cavalcante,loteamento doutor ruy brasil cavalcante,-17.173395,-49.208476,mapbox_geocoding,True
GO,5217104,Piracanjuba,Parque Industrial,parque industrial,-17.080018,-48.898393,mapbox_geocoding,True
GO,5217104,Piracanjuba,Parque Machado,parque machado,-17.298572,-49.028902,mapbox_geocoding,True
GO,5217104,Piracanjuba,Recanto do Bosque,recanto do bosque,-17.732842,-48.652711,mapbox_geocoding,True
GO,5217104,Piracanjuba,Residencial das Orquídeas,residencial das orquideas,-17.31175,-49.039608,mapbox_geocoding,True
GO,5217104,Piracanjuba,Residencial Piracanjuba,residencial piracanjuba,-17.28752,-49.025572,mapbox_geocoding,True
GO,5217104,Piracanjuba,Residencial Prefeito Ely Rocha,residencial prefeito ely rocha,-17.286484,-49.018765,mapbox_geocoding,True
GO,5217104,Piracanjuba,São Francisco de Assis,sao francisco de assis,-17.299879,-49.036339,mapbox_geocoding,True
GO,5217104,Piracanjuba,Setor Aeroporto,setor aeroporto,-17.31175,-49.039608,mapbox_geocoding,True
GO,5217104,Piracanjuba,Setor Aeroporto Sul,setor aeroporto sul,-17.315964,-49.037213,mapbox_geocoding,True
GO,5217104,Piracanjuba,Setor Boa Vista,setor boa vista,-17.298572,-49.028902,mapbox_geocoding,True
GO,5217104,Piracanjuba,Setor Bueno,setor bueno,-17.298572,-49.028902,mapbox_geocoding,True
GO,5217104,Piracanjuba,Setor Cascalho,setor cascalho,-17.31175,-49.039608,mapbox_geocoding,True
GO,5217104,Piracanjuba,Setor Central,setor central,,,brasil_aberto,True
GO,5217104,Piracanjuba,Setor Estiva,setor estiva,-17.298374,-49.022018,mapbox_geocoding,True
GO,5217104,Piracanjuba,Setor Fernandes,setor fernandes,-17.298548,-49.025168,mapbox_geocoding,True
GO,5217104,Piracanjuba,Setor Lima,setor lima,-17.308828,-49.014238,mapbox_geocoding,True
GO,5217104,Piracanjuba,Setor Magalhães,setor magalhaes,-17.305206,-49.020626,mapbox_geocoding,True
GO,5217104,Piracanjuba,Setor Norte,setor norte,-17.298374,-49.022018,mapbox_geocoding,True
GO,5217104,Piracanjuba,Setor Norte - 2ª Etapa,setor norte 2a etapa,-17.298374,-49.022018,mapbox_geocoding,True
GO,5217104,Piracanjuba,Setor Oeste,setor oeste,-17.307549,-49.032092,mapbox_geocoding,True
GO,5217104,Piracanjuba,Setor Planalto,setor planalto,-17.301923,-49.017177,mapbox_geocoding,True
GO,5217104,Piracanjuba,Setor Pouso Alto,setor pouso alto,-17.307549,-49.032092,mapbox_geocoding,True
GO,5217104,Piracanjuba,Setor Pouso Alto - 2ª Etapa,setor pouso alto 2a etapa,-17.307549,-49.032092,mapbox_geocoding,True
GO,5217104,Piracanjuba,Setor Pouso Alto - 3ª Etapa,setor pouso alto 3a etapa,-17.307549,-49.032092,mapbox_geocoding,True
GO,5217104,Piracanjuba,Setor Primavera Norte,setor primavera norte,-17.284998,-49.018925,mapbox_geocoding,True
GO,5217104,Piracanjuba,Setor Roberto,setor roberto,-17.31175,-49.039608,mapbox_geocoding,True
GO,5217104,Piracanjuba,Setor Rosana,setor rosana,-17.296058,-49.017359,mapbox_geocoding,True
GO,5217104,Piracanjuba,Setor São Vicente de Paula,setor sao vicente de paula,-17.379452,-48.810371,mapbox_geocoding,True
GO,5217104,Piracanjuba,Trevo Floresta,trevo floresta,,,dne,True
GO,5217104,Piracanjuba,Usina Rochedo,usina rochedo,,,dne,True
GO,5217104,Piracanjuba,Vila União,vila uniao,-17.308828,-49.014238,mapbox_geocoding,True
GO,5217104,Piracanjuba,Zona X,zona x,-17.299019,-49.038859,mapbox_geocoding,True
GO,5217203,Piranhas,Aeroporto,aeroporto,-16.42424,-51.819304,mapbox_geocoding,True
GO,5217203,Piranhas,Área Rural de Piranhas,area rural de piranhas,-16.427242,-51.8213,mapbox_geocoding,True
GO,5217203,Piranhas,Beira Rio,beira rio,-16.432048,-51.818144,mapbox_geocoding,True
GO,5217203,Piranhas,Casego,casego,-16.443125,-51.8109,mapbox_geocoding,True
GO,5217203,Piranhas,Centro,centro,-16.432048,-51.818144,mapbox_geocoding,True
GO,5217203,Piranhas,Eldorado,eldorado,-16.44049,-51.811354,mapbox_geocoding,True
GO,5217203,Piranhas,Jardim Primavera,jardim primavera,-16.42424,-51.819304,mapbox_geocoding,True
GO,5217203,Piranhas,Morada Nova,morada nova,-16.428954,-51.826172,mapbox_geocoding,True
GO,5217203,Piranhas,Novo Horizonte,novo horizonte,-21.61425,-45.567002,mapbox_geocoding,True
GO,5217203,Piranhas,Palmares,palmares,-16.435689,-51.812564,mapbox_geocoding,True
GO,5217203,Piranhas,Palmares II,palmares ii,-14.454967,-46.431325,mapbox_geocoding,True
GO,5217203,Piranhas,Planalto,planalto,-16.428954,-51.826172,mapbox_geocoding,True
GO,5217203,Piranhas,Portal do Cerrado,portal do cerrado,-17.730556,-49.798503,mapbox_geocoding,True
GO,5217203,Piranhas,Recanto da Serra,recanto da serra,-16.443125,-51.8109,mapbox_geocoding,True
GO,5217203,Piranhas,Residencial Marques,residencial marques,-16.447585,-51.810596,mapbox_geocoding,True
GO,5217203,Piranhas,Santa Luzia,santa luzia,-16.429417,-51.826765,mapbox_geocoding,True
GO,5217203,Piranhas,Santo Antonio,santo antonio,-16.443125,-51.8109,mapbox_geocoding,True
GO,5217203,Piranhas,Serra Azul,serra azul,-16.428954,-51.826172,mapbox_geocoding,True
GO,5217203,Piranhas,Setor Central,setor central,,,brasil_aberto,True
GO,5217203,Piranhas,Sudoeste,sudoeste,-16.429495,-51.825825,mapbox_geocoding,True
GO,5217203,Piranhas,Sul,sul,-16.432048,-51.818144,mapbox_geocoding,True
GO,5217203,Piranhas,Vila Operária,vila operaria,-16.429495,-51.825825,mapbox_geocoding,True
GO,5217302,Pirenópolis,Alto da Lapa,alto da lapa,-15.855311,-48.96646,mapbox_geocoding,True
GO,5217302,Pirenópolis,Alto do Bonfim,alto do bonfim,-15.853425,-48.947758,mapbox_geocoding,True
GO,5217302,Pirenópolis,Araujo Residencial Soft,araujo residencial soft,-15.858539,-48.968382,mapbox_geocoding,True
GO,5217302,Pirenópolis,Área Rural de Pirenópolis,area rural de pirenopolis,-16.070201,-49.11792,mapbox_geocoding,True
GO,5217302,Pirenópolis,Bom Jesus,bom jesus,,,dne,True
GO,5217302,Pirenópolis,Capela do Rio do Peixe,capela do rio do peixe,,,dne,True
GO,5217302,Pirenópolis,Caxambu,caxambu,,,dne,True
GO,5217302,Pirenópolis,Centro,centro,-15.861997,-48.955473,mapbox_geocoding,True
GO,5217302,Pirenópolis,Centro Histórico,centro historico,,,brasil_aberto,True
GO,5217302,Pirenópolis,Chácara José Leite,chacara jose leite,-15.809581,-48.890079,mapbox_geocoding,True
GO,5217302,Pirenópolis,Chácaras Kairós,chacaras kairos,-15.858447,-48.955177,mapbox_geocoding,True
GO,5217302,Pirenópolis,Condomínio Paço da Estalagem,condominio paco da estalagem,-15.848519,-48.971731,mapbox_geocoding,True
GO,5217302,Pirenópolis,Condomínio Reserva 1727,condominio reserva 1727,-15.783276,-48.788776,mapbox_geocoding,True
GO,5217302,Pirenópolis,Condomínio Residencial Quinta do Abade,condominio residencial quinta do abade,-15.851752,-48.947016,mapbox_geocoding,True
GO,5217302,Pirenópolis,Condomínio Residencial Quinta do Rosário,condominio residencial quinta do rosario,-15.851752,-48.947016,mapbox_geocoding,True
GO,5217302,Pirenópolis,Condomínio Santa Bárbara,condominio santa barbara,-15.854361,-48.956217,mapbox_geocoding,True
GO,5217302,Pirenópolis,Condomínio Vaga Fogo,condominio vaga fogo,-15.79206,-49.009856,mapbox_geocoding,True
GO,5217302,Pirenópolis,Cruz das Almas,cruz das almas,-15.86501,-48.952888,mapbox_geocoding,True
GO,5217302,Pirenópolis,Do Carmo,do carmo,-17.347362,-48.154408,mapbox_geocoding,True
GO,5217302,Pirenópolis,Estrela Dalva I,estrela dalva i,-15.784353,-48.784957,mapbox_geocoding,True
GO,5217302,Pirenópolis,Estrela Dalva II,estrela dalva ii,-15.861997,-48.955473,mapbox_geocoding,True
GO,5217302,Pirenópolis,Goianópolis,goianopolis,,,dne,True
GO,5217302,Pirenópolis,Jaranápolis,jaranapolis,,,dne,True
GO,5217302,Pirenópolis,Jardim Alto da Boa Vista,jardim alto da boa vista,-16.456058,-49.960955,mapbox_geocoding,True
GO,5217302,Pirenópolis,Jardim Babilônia,jardim babilonia,-15.857774,-48.969148,mapbox_geocoding,True
GO,5217302,Pirenópolis,Jardim Bandeirantes,jardim bandeirantes,-15.7496,-49.044635,mapbox_geocoding,True
GO,5217302,Pirenópolis,Jardim Brasília II,jardim brasilia ii,-15.856039,-48.969674,mapbox_geocoding,True
GO,5217302,Pirenópolis,Jardim Esmeralda,jardim esmeralda,-15.853659,-48.960976,mapbox_geocoding,True
GO,5217302,Pirenópolis,Jardim Kubitschek I,jardim kubitschek i,-15.858562,-48.958085,mapbox_geocoding,True
GO,5217302,Pirenópolis,Jardim Kubitschek II,jardim kubitschek ii,-15.858562,-48.958085,mapbox_geocoding,True
GO,5217302,Pirenópolis,Jardim Pireneus,jardim pireneus,-13.607581,-50.058389,mapbox_geocoding,True
GO,5217302,Pirenópolis,Jardim Santa Bárbara,jardim santa barbara,-15.863911,-48.954533,mapbox_geocoding,True
GO,5217302,Pirenópolis,Jardim Taquaral,jardim taquaral,-15.851164,-48.976186,mapbox_geocoding,True
GO,5217302,Pirenópolis,Jardim Ulácia de Morais,jardim ulacia de morais,-15.783276,-48.788776,mapbox_geocoding,True
GO,5217302,Pirenópolis,Lagolândia,lagolandia,,,dne,True
GO,5217302,Pirenópolis,Loteamento Luciano Peixoto,loteamento luciano peixoto,-15.870742,-48.973088,mapbox_geocoding,True
GO,5217302,Pirenópolis,Loteamento Moreira,loteamento moreira,-15.856808,-48.969531,mapbox_geocoding,True
GO,5217302,Pirenópolis,Loteamento Olimpio Ferreira,loteamento olimpio ferreira,-15.863911,-48.954533,mapbox_geocoding,True
GO,5217302,Pirenópolis,Loteamento São Francisco,loteamento sao francisco,-15.783276,-48.788776,mapbox_geocoding,True
GO,5217302,Pirenópolis,Mansões Mata do Sobrado,mansoes mata do sobrado,-16.482127,-49.08903,mapbox_geocoding,True
GO,5217302,Pirenópolis,Mata Velha 3,mata velha 3,-15.783276,-48.788776,mapbox_geocoding,True
GO,5217302,Pirenópolis,Park Jardim Brasília,park jardim brasilia,-16.664183,-49.283847,mapbox_geocoding,True
GO,5217302,Pirenópolis,Parque da Estalagem,parque da estalagem,-15.848092,-48.975113,mapbox_geocoding,True
GO,5217302,Pirenópolis,Passagem Funda,passagem funda,-15.84807,-48.947271,mapbox_geocoding,True
GO,5217302,Pirenópolis,Pastinho Alto da Lapa,pastinho alto da lapa,-15.860512,-48.955119,mapbox_geocoding,True
GO,5217302,Pirenópolis,Placa,placa,,,dne,True
GO,5217302,Pirenópolis,Povoado do Índio,povoado do indio,,,dne,True
GO,5217302,Pirenópolis,Radiolândia,radiolandia,,,dne,True
GO,5217302,Pirenópolis,Residencial Bom Jesus III,residencial bom jesus iii,-15.854859,-48.942396,mapbox_geocoding,True
GO,5217302,Pirenópolis,Residencial Morro de Santa Bárbara,residencial morro de santa barbara,-15.451994,-48.883355,mapbox_geocoding,True
GO,5217302,Pirenópolis,Residencial Piteiras,residencial piteiras,-15.862795,-48.974497,mapbox_geocoding,True
GO,5217302,Pirenópolis,Residencial Quinta do Sol,residencial quinta do sol,-15.851423,-48.972593,mapbox_geocoding,True
GO,5217302,Pirenópolis,Residencial Santa Luzia,residencial santa luzia,-15.863911,-48.954533,mapbox_geocoding,True
GO,5217302,Pirenópolis,Residencial Vila da Luz,residencial vila da luz,-15.847207,-48.960781,mapbox_geocoding,True
GO,5217302,Pirenópolis,Santo Antônio,santo antonio,,,dne,True
GO,5217302,Pirenópolis,Setor Aeroporto,setor aeroporto,-15.853847,-48.950508,mapbox_geocoding,True
GO,5217302,Pirenópolis,Setor Meia Ponte,setor meia ponte,-15.848525,-48.944441,mapbox_geocoding,True
GO,5217302,Pirenópolis,Vila Anduzeiro,vila anduzeiro,-15.784353,-48.784957,mapbox_geocoding,True
GO,5217302,Pirenópolis,Vila Boa,vila boa,-15.864646,-48.970136,mapbox_geocoding,True
GO,5217302,Pirenópolis,Vila Cintra,vila cintra,-15.861997,-48.955473,mapbox_geocoding,True
GO,5217302,Pirenópolis,Vila Couro,vila couro,-15.851528,-48.961795,mapbox_geocoding,True
GO,5217302,Pirenópolis,Vila Francisco de Oliveira,vila francisco de oliveira,-15.862046,-48.956945,mapbox_geocoding,True
GO,5217302,Pirenópolis,Vila Godinho,vila godinho,-15.851005,-48.973172,mapbox_geocoding,True
GO,5217302,Pirenópolis,Vila João Figueiredo,vila joao figueiredo,-15.783276,-48.788776,mapbox_geocoding,True
GO,5217302,Pirenópolis,Vila José Aires,vila jose aires,-15.853425,-48.947758,mapbox_geocoding,True
GO,5217302,Pirenópolis,Vila Marília,vila marilia,-15.859937,-48.961507,mapbox_geocoding,True
GO,5217302,Pirenópolis,Vila Matutina,vila matutina,-15.853659,-48.960976,mapbox_geocoding,True
GO,5217302,Pirenópolis,Vila Nenem Jaime,vila nenem jaime,-15.854337,-48.949069,mapbox_geocoding,True
GO,5217302,Pirenópolis,Vila Nhonho Godinho,vila nhonho godinho,-15.855705,-48.94465,mapbox_geocoding,True
GO,5217302,Pirenópolis,Vila Peia,vila peia,-15.848092,-48.975113,mapbox_geocoding,True
GO,5217302,Pirenópolis,Vila Pequizeiro,vila pequizeiro,-15.854084,-48.960747,mapbox_geocoding,True
GO,5217302,Pirenópolis,Vila Pirineus,vila pirineus,-15.854084,-48.960747,mapbox_geocoding,True
GO,5217302,Pirenópolis,Vila Pompeu,vila pompeu,-15.84324,-48.964155,mapbox_geocoding,True
GO,5217302,Pirenópolis,Vila Pratinha,vila pratinha,-15.863458,-48.970609,mapbox_geocoding,True
GO,5217302,Pirenópolis,Vila Santa Bárbara,vila santa barbara,-15.855705,-48.94465,mapbox_geocoding,True
GO,5217302,Pirenópolis,Vila São Pedro,vila sao pedro,-15.851052,-48.96843,mapbox_geocoding,True
GO,5217302,Pirenópolis,Vila Teodoro de Oliveira,vila teodoro de oliveira,-15.861674,-48.959209,mapbox_geocoding,True
GO,5217302,Pirenópolis,Vila Vulpina Rosa Godinho,vila vulpina rosa godinho,-15.7496,-49.044635,mapbox_geocoding,True
GO,5217302,Pirenópolis,Vila Zizito Pompeo,vila zizito pompeo,-15.855717,-48.963539,mapbox_geocoding,True
GO,5217401,Pires do Rio,Setor Central,setor central,-17.3014015,-48.2776611,brasil_aberto_first_street,True
GO,5217609,Planaltina,Área Rural de Planaltina,area rural de planaltina,-15.4536994,-47.608917,brasil_aberto_first_street,True
GO,5217609,Planaltina,Brasilinha 16 (Panorama),brasilinha 16 panorama,-15.4889424,-47.6129245,brasil_aberto_first_street,True
GO,5217609,Planaltina,Brasilinha 17,brasilinha 17,-15.4536994,-47.608917,brasil_aberto_first_street,True
GO,5217609,Planaltina,Córrego Rico,corrego rico,,,dne,True
GO,5217609,Planaltina,Itapuã I,itapua i,-15.4474277,-47.58624589999999,brasil_aberto_first_street,True
GO,5217609,Planaltina,Itapuã II,itapua ii,-15.4573466,-47.6170247,brasil_aberto_first_street,True
GO,5217609,Planaltina,Jardim das Paineiras,jardim das paineiras,-15.4573466,-47.6170247,brasil_aberto_first_street,True
GO,5217609,Planaltina,Jardim das Palmeiras,jardim das palmeiras,-15.4573466,-47.6170247,brasil_aberto_first_street,True
GO,5217609,Planaltina,Jardim Paquetá I,jardim paqueta i,-15.4573466,-47.6170247,brasil_aberto_first_street,True
GO,5217609,Planaltina,Jardim Paquetá II,jardim paqueta ii,-15.4765806,-47.6024746,brasil_aberto_first_street,True
GO,5217609,Planaltina,Parque Asa Branca,parque asa branca,-15.414606,-47.522849,mapbox_geocoding,True
GO,5217609,Planaltina,Parque da Gávea,parque da gavea,-15.4898398,-47.6018599,brasil_aberto_first_street,True
GO,5217609,Planaltina,Parque do Sol Nascente I,parque do sol nascente i,-15.4536994,-47.608917,brasil_aberto_first_street,True
GO,5217609,Planaltina,Parque do Sol Nascente II,parque do sol nascente ii,-15.4536994,-47.608917,brasil_aberto_first_street,True
GO,5217609,Planaltina,Residencial São Francisco,residencial sao francisco,-15.4525229,-47.58480369999999,brasil_aberto_first_street,True
GO,5217609,Planaltina,Residencial Via Leste,residencial via leste,-15.497206,-47.60849,mapbox_geocoding,True
GO,5217609,Planaltina,Santa Rita,santa rita,-15.4536994,-47.608917,brasil_aberto_first_street,True
GO,5217609,Planaltina,São Gabriel de Goiás,sao gabriel de goias,,,dne,True
GO,5217609,Planaltina,São José,sao jose,-15.449491,-47.581648,mapbox_geocoding,True
GO,5217609,Planaltina,Setor Aeroporto (Barrolândia),setor aeroporto barrolandia,-15.455371,-47.612907,mapbox_geocoding,True
GO,5217609,Planaltina,Setor Aeroporto (Mutirão),setor aeroporto mutirao,-15.4573466,-47.6170247,brasil_aberto_first_street,True
GO,5217609,Planaltina,Setor Aeroporto (residencial Esperança),setor aeroporto residencial esperanca,-15.4147823,-47.617228,brasil_aberto_first_street,True
GO,5217609,Planaltina,Setor Central,setor central,-15.232125,-47.5744768,brasil_aberto_first_street,True
GO,5217609,Planaltina,Setor dos Imigrantes,setor dos imigrantes,-15.4573466,-47.6170247,brasil_aberto_first_street,True
GO,5217609,Planaltina,Setor Leste,setor leste,-15.455371,-47.612907,mapbox_geocoding,True
GO,5217609,Planaltina,Setor Norte,setor norte,-15.455371,-47.612907,mapbox_geocoding,True
GO,5217609,Planaltina,Setor Oeste,setor oeste,-15.445212,-47.621825,mapbox_geocoding,True
GO,5217609,Planaltina,Setor Sul,setor sul,-15.455371,-47.612907,mapbox_geocoding,True
GO,5217708,Pontalina,Setor Central,setor central,-17.5185011,-49.4494742,brasil_aberto_first_street,True
GO,5218003,Porangatu,Aldeia do Vale,aldeia do vale,-13.44498,-49.156646,mapbox_geocoding,True
GO,5218003,Porangatu,Área Rural de Porangatu,area rural de porangatu,-13.536595,-49.075266,mapbox_geocoding,True
GO,5218003,Porangatu,Bela Vista,bela vista,-13.407048,-49.042514,mapbox_geocoding,True
GO,5218003,Porangatu,Centro,centro,-13.472076,-49.143723,mapbox_geocoding,True
GO,5218003,Porangatu,Chácara X,chacara x,-13.536595,-49.075266,mapbox_geocoding,True
GO,5218003,Porangatu,Conjunto Eldorado,conjunto eldorado,-13.458988,-49.153108,mapbox_geocoding,True
GO,5218003,Porangatu,Conjunto Galiléia,conjunto galileia,-13.472076,-49.143723,mapbox_geocoding,True
GO,5218003,Porangatu,Cruzeiro do Norte,cruzeiro do norte,,,brasil_aberto,True
GO,5218003,Porangatu,Das Palmeiras,das palmeiras,-13.441137,-49.136682,mapbox_geocoding,True
GO,5218003,Porangatu,Distrito Agroindustrial,distrito agroindustrial,-13.536595,-49.075266,mapbox_geocoding,True
GO,5218003,Porangatu,Distrito Industrial,distrito industrial,-13.421604,-49.171298,mapbox_geocoding,True
GO,5218003,Porangatu,Jardim Brasília,jardim brasilia,-13.445128,-49.148635,mapbox_geocoding,True
GO,5218003,Porangatu,Jardim Esmeralda,jardim esmeralda,-13.444594,-49.143617,mapbox_geocoding,True
GO,5218003,Porangatu,Jardim Goiás,jardim goias,-13.42645,-49.135111,mapbox_geocoding,True
GO,5218003,Porangatu,Jardim Nogueira,jardim nogueira,-13.414433,-49.053675,mapbox_geocoding,True
GO,5218003,Porangatu,Jardim Sol Nascente,jardim sol nascente,-13.472076,-49.143723,mapbox_geocoding,True
GO,5218003,Porangatu,Lady Laura,lady laura,-13.439801,-49.129424,mapbox_geocoding,True
GO,5218003,Porangatu,Morada Nova,morada nova,-13.453347,-49.156304,mapbox_geocoding,True
GO,5218003,Porangatu,Otoniel Santos,otoniel santos,-13.436807,-49.143092,mapbox_geocoding,True
GO,5218003,Porangatu,Paranaíba,paranaiba,-16.178467,-47.945575,mapbox_geocoding,True
GO,5218003,Porangatu,Pilão de Pedra,pilao de pedra,-12.617282,-47.869967,mapbox_geocoding,True
GO,5218003,Porangatu,Planalto,planalto,-13.441137,-49.136682,mapbox_geocoding,True
GO,5218003,Porangatu,Residencial Amazonas,residencial amazonas,-13.45718,-49.166289,mapbox_geocoding,True
GO,5218003,Porangatu,Residencial Araguaia,residencial araguaia,-13.45718,-49.166289,mapbox_geocoding,True
GO,5218003,Porangatu,Residencial Bom Sucesso - 1ª Etapa,residencial bom sucesso 1a etapa,-13.427159,-49.156438,mapbox_geocoding,True
GO,5218003,Porangatu,Residencial Bom Sucesso - 2ª Etapa,residencial bom sucesso 2a etapa,-13.427159,-49.156438,mapbox_geocoding,True
GO,5218003,Porangatu,Residencial Bom Sucesso - 3ª Etapa,residencial bom sucesso 3a etapa,-13.427159,-49.156438,mapbox_geocoding,True
GO,5218003,Porangatu,Residencial Canaã,residencial canaa,-13.117323,-49.034921,mapbox_geocoding,True
GO,5218003,Porangatu,Residencial Cidade Jardim,residencial cidade jardim,-13.472076,-49.143723,mapbox_geocoding,True
GO,5218003,Porangatu,Residencial Eliton Tavares,residencial eliton tavares,-13.407048,-49.042514,mapbox_geocoding,True
GO,5218003,Porangatu,Residencial Jardim Europa,residencial jardim europa,-13.459674,-49.167734,mapbox_geocoding,True
GO,5218003,Porangatu,Residencial Marlene Vaz,residencial marlene vaz,-13.45542,-49.140738,mapbox_geocoding,True
GO,5218003,Porangatu,Residencial Tocantins,residencial tocantins,-13.45718,-49.166289,mapbox_geocoding,True
GO,5218003,Porangatu,São João,sao joao,-13.441137,-49.136682,mapbox_geocoding,True
GO,5218003,Porangatu,Setor Aeroporto - 1ª Etapa,setor aeroporto 1a etapa,-13.433714,-49.14019,mapbox_geocoding,True
GO,5218003,Porangatu,Setor Aeroporto - 2ª Etapa,setor aeroporto 2a etapa,-13.436807,-49.143092,mapbox_geocoding,True
GO,5218003,Porangatu,Setor Aeroporto - 3ª Etapa,setor aeroporto 3a etapa,-13.433714,-49.14019,mapbox_geocoding,True
GO,5218003,Porangatu,Setor Aeroporto - 4ª Etapa,setor aeroporto 4a etapa,-13.433714,-49.14019,mapbox_geocoding,True
GO,5218003,Porangatu,Setor Alphaville,setor alphaville,-13.454544,-49.145628,mapbox_geocoding,True
GO,5218003,Porangatu,Setor Alto da Glória,setor alto da gloria,-13.117595,-49.034523,mapbox_geocoding,True
GO,5218003,Porangatu,Setor Boa Esperança,setor boa esperanca,-13.42645,-49.135111,mapbox_geocoding,True
GO,5218003,Porangatu,Setor Bom Jesus,setor bom jesus,-13.436807,-49.143092,mapbox_geocoding,True
GO,5218003,Porangatu,Setor Central,setor central,,,brasil_aberto,True
GO,5218003,Porangatu,Setor Cristal Ville,setor cristal ville,-13.316919,-49.117338,mapbox_geocoding,True
GO,5218003,Porangatu,Setor do Lago,setor do lago,-13.444594,-49.143617,mapbox_geocoding,True
GO,5218003,Porangatu,Setor Dom Bosco,setor dom bosco,-13.299615,-49.021701,mapbox_geocoding,True
GO,5218003,Porangatu,Setor Flamboyant,setor flamboyant,-13.441006,-49.146446,mapbox_geocoding,True
GO,5218003,Porangatu,Setor Garavel,setor garavel,-13.416143,-49.052602,mapbox_geocoding,True
GO,5218003,Porangatu,Setor Grupiara,setor grupiara,-13.439801,-49.129424,mapbox_geocoding,True
GO,5218003,Porangatu,Setor Itamaraty,setor itamaraty,-13.441137,-49.136682,mapbox_geocoding,True
GO,5218003,Porangatu,Setor José Bueno de Morais,setor jose bueno de morais,-13.442723,-49.140402,mapbox_geocoding,True
GO,5218003,Porangatu,Setor Lago Azul,setor lago azul,-13.444594,-49.143617,mapbox_geocoding,True
GO,5218003,Porangatu,Setor Leste,setor leste,-13.472076,-49.143723,mapbox_geocoding,True
GO,5218003,Porangatu,Setor Morar Melhor,setor morar melhor,-13.117629,-49.034473,mapbox_geocoding,True
GO,5218003,Porangatu,Setor Nossa Senhora Aparecida,setor nossa senhora aparecida,-13.42942,-49.154271,mapbox_geocoding,True
GO,5218003,Porangatu,Setor Nossa Senhora da Piedade,setor nossa senhora da piedade,-13.445874,-49.155494,mapbox_geocoding,True
GO,5218003,Porangatu,Setor Nova Jerusalém,setor nova jerusalem,-13.40662,-49.038036,mapbox_geocoding,True
GO,5218003,Porangatu,Setor Oeste,setor oeste,-13.42942,-49.154271,mapbox_geocoding,True
GO,5218003,Porangatu,Setor Raizama - 1ª Etapa,setor raizama 1a etapa,-13.42942,-49.154271,mapbox_geocoding,True
GO,5218003,Porangatu,Setor Raizama - 2ª Etapa,setor raizama 2a etapa,-13.439801,-49.129424,mapbox_geocoding,True
GO,5218003,Porangatu,Setor Rodoviário,setor rodoviario,-13.472076,-49.143723,mapbox_geocoding,True
GO,5218003,Porangatu,Setor Santa Izabel,setor santa izabel,-13.445128,-49.148635,mapbox_geocoding,True
GO,5218003,Porangatu,Setor Santa Luzia,setor santa luzia,-13.441137,-49.136682,mapbox_geocoding,True
GO,5218003,Porangatu,Setor Santa Paula - I Etapa,setor santa paula i etapa,-13.426315,-49.141109,mapbox_geocoding,True
GO,5218003,Porangatu,Setor Santa Paula - II Etapa,setor santa paula ii etapa,-13.439801,-49.129424,mapbox_geocoding,True
GO,5218003,Porangatu,Setor Santa Rita,setor santa rita,-13.453347,-49.156304,mapbox_geocoding,True
GO,5218003,Porangatu,Setor São Francisco,setor sao francisco,-13.420755,-49.145441,mapbox_geocoding,True
GO,5218003,Porangatu,Setor Sete Ranchos,setor sete ranchos,-13.407048,-49.042514,mapbox_geocoding,True
GO,5218003,Porangatu,Setor Sul,setor sul,-13.445128,-49.148635,mapbox_geocoding,True
GO,5218003,Porangatu,Setor Tupaciguara,setor tupaciguara,-13.536595,-49.075266,mapbox_geocoding,True
GO,5218003,Porangatu,Setor Universitário,setor universitario,-13.439801,-49.129424,mapbox_geocoding,True
GO,5218003,Porangatu,Setor Vereda Tropical,setor vereda tropical,-13.472076,-49.143723,mapbox_geocoding,True
GO,5218003,Porangatu,Vila Barros,vila barros,-13.472076,-49.143723,mapbox_geocoding,True
GO,5218003,Porangatu,Vila Cavalcante,vila cavalcante,-13.432769,-49.140839,mapbox_geocoding,True
GO,5218003,Porangatu,Vila Dias,vila dias,-13.117433,-49.034122,mapbox_geocoding,True
GO,5218003,Porangatu,Vila Dornil,vila dornil,-13.536595,-49.075266,mapbox_geocoding,True
GO,5218003,Porangatu,Vila Gomes,vila gomes,-13.439801,-49.129424,mapbox_geocoding,True
GO,5218003,Porangatu,Vila Lobos,vila lobos,-13.420755,-49.145441,mapbox_geocoding,True
GO,5218003,Porangatu,Vila Marques,vila marques,-16.631057,-49.512448,mapbox_geocoding,True
GO,5218003,Porangatu,Vila Mércia,vila mercia,-13.456872,-49.152557,mapbox_geocoding,True
GO,5218003,Porangatu,Vila Nunes,vila nunes,-13.441137,-49.136682,mapbox_geocoding,True
GO,5218003,Porangatu,Vila Operária,vila operaria,-13.456872,-49.152557,mapbox_geocoding,True
GO,5218003,Porangatu,Vila Primavera,vila primavera,-13.436807,-49.143092,mapbox_geocoding,True
GO,5218003,Porangatu,Vila Record,vila record,-13.472076,-49.143723,mapbox_geocoding,True
GO,5218003,Porangatu,Vila Rica,vila rica,-13.420755,-49.145441,mapbox_geocoding,True
GO,5218003,Porangatu,Vila Rosa - 1ª Etapa,vila rosa 1a etapa,-13.442723,-49.140402,mapbox_geocoding,True
GO,5218003,Porangatu,Vila Rosa - 2ª Etapa,vila rosa 2a etapa,-13.441137,-49.136682,mapbox_geocoding,True
GO,5218003,Porangatu,Vila São José,vila sao jose,-13.428098,-49.141248,mapbox_geocoding,True
GO,5218003,Porangatu,Vila Soares,vila soares,-13.439801,-49.129424,mapbox_geocoding,True
GO,5218003,Porangatu,Vila União,vila uniao,-13.441137,-49.136682,mapbox_geocoding,True
GO,5218003,Porangatu,Vila Vera Lúcia,vila vera lucia,-13.414433,-49.053675,mapbox_geocoding,True
GO,5218003,Porangatu,Walter Machado,walter machado,-13.453347,-49.156304,mapbox_geocoding,True
GO,5218052,Porteirão,Área Rural de Porteirão,area rural de porteirao,-17.814108,-50.162975,mapbox_geocoding,True
GO,5218052,Porteirão,Centro,centro,-17.81389,-50.162998,mapbox_geocoding,True
GO,5218052,Porteirão,Comendador Manoel Antonio Dias,comendador manoel antonio dias,-17.81389,-50.162998,mapbox_geocoding,True
GO,5218052,Porteirão,Morada do Sol,morada do sol,-17.809844,-50.168293,mapbox_geocoding,True
GO,5218052,Porteirão,Setor Bela Vista,setor bela vista,-17.81389,-50.162998,mapbox_geocoding,True
GO,5218052,Porteirão,Setor Central,setor central,,,brasil_aberto,True
GO,5218052,Porteirão,Via Empresarial,via empresarial,-14.733574,-49.699794,mapbox_geocoding,True
GO,5218102,Portelândia,Setor Central,setor central,-17.3569965,-52.6782084,brasil_aberto_first_street,True
GO,5218300,Posse,Área Rural de Posse,area rural de posse,-14.317473,-46.503752,mapbox_geocoding,True
GO,5218300,Posse,Augusto José Valente,augusto jose valente,-4.085717,-38.487622,mapbox_geocoding,True
GO,5218300,Posse,Augusto José Valente II,augusto jose valente ii,-14.078814,-46.341222,mapbox_geocoding,True
GO,5218300,Posse,Barbosilândia,barbosilandia,,,dne,True
GO,5218300,Posse,Bela Vista,bela vista,-14.073291,-46.350838,mapbox_geocoding,True
GO,5218300,Posse,Bela Vista I,bela vista i,-14.067497,-46.345456,mapbox_geocoding,True
GO,5218300,Posse,Bela Vista II,bela vista ii,-14.080005,-46.36148,mapbox_geocoding,True
GO,5218300,Posse,Bela Vista III,bela vista iii,-14.802134,-46.256728,mapbox_geocoding,True
GO,5218300,Posse,Buenos Aires,buenos aires,-14.071189,-46.342823,mapbox_geocoding,True
GO,5218300,Posse,Cafelândios,cafelandios,-14.084069,-46.373115,mapbox_geocoding,True
GO,5218300,Posse,Centro,centro,,,brasil_aberto,True
GO,5218300,Posse,Chácara Vila Bonita,chacara vila bonita,-14.097098,-46.379506,mapbox_geocoding,True
GO,5218300,Posse,Condomínio Unique Park Residence,condominio unique park residence,-16.177822,-47.93283,mapbox_geocoding,True
GO,5218300,Posse,Dom Prudêncio,dom prudencio,-14.091944,-46.359242,mapbox_geocoding,True
GO,5218300,Posse,Expansão Buenos Aires,expansao buenos aires,-14.071189,-46.342823,mapbox_geocoding,True
GO,5218300,Posse,Funcionários,funcionarios,-4.085717,-38.487622,mapbox_geocoding,True
GO,5218300,Posse,Guarani,guarani,-14.078814,-46.341222,mapbox_geocoding,True
GO,5218300,Posse,Mãe Bela,mae bela,-14.071189,-46.342823,mapbox_geocoding,True
GO,5218300,Posse,Morada do Sol,morada do sol,-14.078814,-46.341222,mapbox_geocoding,True
GO,5218300,Posse,Nova Vista,nova vista,,,dne,True
GO,5218300,Posse,Residencial Brisas da Serra,residencial brisas da serra,-14.100778,-46.337375,mapbox_geocoding,True
GO,5218300,Posse,Residencial Estrela Dalva,residencial estrela dalva,-14.087295,-46.369618,mapbox_geocoding,True
GO,5218300,Posse,Residencial Morada Nova,residencial morada nova,-14.080027,-46.341351,mapbox_geocoding,True
GO,5218300,Posse,Residencial Valente,residencial valente,-14.080005,-46.36148,mapbox_geocoding,True
GO,5218300,Posse,Residencial Valente II,residencial valente ii,-15.928498,-50.149866,mapbox_geocoding,True
GO,5218300,Posse,Santa Luzia,santa luzia,-14.078814,-46.341222,mapbox_geocoding,True
GO,5218300,Posse,Santo Antônio,santo antonio,,,dne,True
GO,5218300,Posse,Setor Agroindustrial,setor agroindustrial,-18.175179,-47.939268,mapbox_geocoding,True
GO,5218300,Posse,Setor Central,setor central,-14.089744,-46.362856,mapbox_geocoding,True
GO,5218300,Posse,Setor Industrial,setor industrial,-14.097098,-46.379506,mapbox_geocoding,True
GO,5218300,Posse,Setor Jesus Amaral,setor jesus amaral,-14.085105,-46.376511,mapbox_geocoding,True
GO,5218300,Posse,Setor Serra Dourada,setor serra dourada,-14.071189,-46.342823,mapbox_geocoding,True
GO,5218300,Posse,Setor Stela Maris,setor stela maris,-14.240692,-46.350846,mapbox_geocoding,True
GO,5218300,Posse,Setor Vale do Amanhecer,setor vale do amanhecer,-14.085105,-46.376511,mapbox_geocoding,True
GO,5218300,Posse,Vila Morena,vila morena,-14.283098,-46.27521,mapbox_geocoding,True
GO,5218300,Posse,Vila São José,vila sao jose,-14.084069,-46.373115,mapbox_geocoding,True
GO,5218391,Professor Jamil,Área Rural de Professor Jamil,area rural de professor jamil,-17.253645,-49.244003,mapbox_geocoding,True
GO,5218391,Professor Jamil,Centro,centro,-17.248462,-49.243533,mapbox_geocoding,True
GO,5218391,Professor Jamil,Setor Abel,setor abel,-17.24875,-49.238149,mapbox_geocoding,True
GO,5218391,Professor Jamil,Setor Boa Nova,setor boa nova,-17.260168,-49.246878,mapbox_geocoding,True
GO,5218391,Professor Jamil,Setor Bueno,setor bueno,-16.347689,-48.9598,mapbox_geocoding,True
GO,5218391,Professor Jamil,Setor Central,setor central,,,brasil_aberto,True
GO,5218391,Professor Jamil,Setor Rezende,setor rezende,-17.248266,-49.238854,mapbox_geocoding,True
GO,5218508,Quirinópolis,Alexandrina,alexandrina,-18.452686,-50.442357,mapbox_geocoding,True
GO,5218508,Quirinópolis,Alphaville,alphaville,-18.469902,-50.451969,mapbox_geocoding,True
GO,5218508,Quirinópolis,Alvorada,alvorada,-18.44894,-50.44382,mapbox_geocoding,True
GO,5218508,Quirinópolis,Área Rural de Quirinópolis,area rural de quirinopolis,-18.449549,-50.451088,mapbox_geocoding,True
GO,5218508,Quirinópolis,Bom Jesus,bom jesus,-18.474656,-50.427809,mapbox_geocoding,True
GO,5218508,Quirinópolis,Bom Pastor,bom pastor,-18.44084,-50.443106,mapbox_geocoding,True
GO,5218508,Quirinópolis,Centro,centro,-18.444819,-50.446321,mapbox_geocoding,True
GO,5218508,Quirinópolis,Chácaras/Perímetro Urbano,chacaras perimetro urbano,-18.474656,-50.427809,mapbox_geocoding,True
GO,5218508,Quirinópolis,Chico Junqueira,chico junqueira,-18.44894,-50.44382,mapbox_geocoding,True
GO,5218508,Quirinópolis,Colina da Serra,colina da serra,-18.351858,-50.31678,mapbox_geocoding,True
GO,5218508,Quirinópolis,Conjunto Capelinha,conjunto capelinha,-18.443383,-50.460638,mapbox_geocoding,True
GO,5218508,Quirinópolis,Conjunto Rio Preto,conjunto rio preto,-18.44084,-50.443106,mapbox_geocoding,True
GO,5218508,Quirinópolis,Denislópolis,denislopolis,,,dne,True
GO,5218508,Quirinópolis,Distrito Agroindustrial,distrito agroindustrial,-18.453301,-50.435891,mapbox_geocoding,True
GO,5218508,Quirinópolis,Esmeralda,esmeralda,-18.459053,-50.464106,mapbox_geocoding,True
GO,5218508,Quirinópolis,Governador Santillo,governador santillo,-18.441499,-50.451367,mapbox_geocoding,True
GO,5218508,Quirinópolis,Hélio Leão,helio leao,-5.146033,-37.356288,mapbox_geocoding,True
GO,5218508,Quirinópolis,Jardim Mello,jardim mello,-18.087865,-50.210459,mapbox_geocoding,True
GO,5218508,Quirinópolis,Jardim Paraíso,jardim paraiso,-18.472784,-50.455116,mapbox_geocoding,True
GO,5218508,Quirinópolis,Jardim Planalto,jardim planalto,-14.142857,-48.077761,mapbox_geocoding,True
GO,5218508,Quirinópolis,Jardim Progresso,jardim progresso,-14.142857,-48.077761,mapbox_geocoding,True
GO,5218508,Quirinópolis,Jardim Santo Antônio,jardim santo antonio,-18.461185,-50.459769,mapbox_geocoding,True
GO,5218508,Quirinópolis,Jardim Vitória,jardim vitoria,-18.441499,-50.451367,mapbox_geocoding,True
GO,5218508,Quirinópolis,Mata do Ipê,mata do ipe,-18.458123,-50.431616,mapbox_geocoding,True
GO,5218508,Quirinópolis,Morada do Sol,morada do sol,-18.444819,-50.446321,mapbox_geocoding,True
GO,5218508,Quirinópolis,Morada Nova,morada nova,-18.495084,-50.278127,mapbox_geocoding,True
GO,5218508,Quirinópolis,Morumbi,morumbi,-18.436918,-50.436295,mapbox_geocoding,True
GO,5218508,Quirinópolis,Municipal,municipal,-5.146033,-37.356288,mapbox_geocoding,True
GO,5218508,Quirinópolis,Onício Resende,onicio resende,-18.44987,-50.434519,mapbox_geocoding,True
GO,5218508,Quirinópolis,Parque Empresarial,parque empresarial,-18.478498,-50.423262,mapbox_geocoding,True
GO,5218508,Quirinópolis,Parque Flamboyant,parque flamboyant,-18.453301,-50.435891,mapbox_geocoding,True
GO,5218508,Quirinópolis,Pecuária,pecuaria,-18.461185,-50.459769,mapbox_geocoding,True
GO,5218508,Quirinópolis,Pedro Cardoso,pedro cardoso,-5.146033,-37.356288,mapbox_geocoding,True
GO,5218508,Quirinópolis,Portal do Lago,portal do lago,-18.443278,-50.468973,mapbox_geocoding,True
GO,5218508,Quirinópolis,Primavera,primavera,-18.446359,-50.4422,mapbox_geocoding,True
GO,5218508,Quirinópolis,Promissão,promissao,-18.461185,-50.459769,mapbox_geocoding,True
GO,5218508,Quirinópolis,Residencial Atenas,residencial atenas,-18.452686,-50.442357,mapbox_geocoding,True
GO,5218508,Quirinópolis,Residencial Avangarden Quirinópolis,residencial avangarden quirinopolis,-18.452686,-50.442357,mapbox_geocoding,True
GO,5218508,Quirinópolis,Residencial Granville,residencial granville,-18.449549,-50.451088,mapbox_geocoding,True
GO,5218508,Quirinópolis,Residencial Sodino,residencial sodino,-18.469902,-50.451969,mapbox_geocoding,True
GO,5218508,Quirinópolis,Residencial Viena,residencial viena,-14.142857,-48.077761,mapbox_geocoding,True
GO,5218508,Quirinópolis,Rio das Pedras,rio das pedras,-18.461185,-50.459769,mapbox_geocoding,True
GO,5218508,Quirinópolis,Santa Clara,santa clara,-5.146033,-37.356288,mapbox_geocoding,True
GO,5218508,Quirinópolis,Santana,santana,-18.457343,-50.461089,mapbox_geocoding,True
GO,5218508,Quirinópolis,São Francisco,sao francisco,-5.146033,-37.356288,mapbox_geocoding,True
GO,5218508,Quirinópolis,São Lourenço,sao lourenco,-14.498304,-46.114689,mapbox_geocoding,True
GO,5218508,Quirinópolis,Setor Central,setor central,,,brasil_aberto,True
GO,5218508,Quirinópolis,Setor Joaquim Quirino,setor joaquim quirino,-18.457343,-50.461089,mapbox_geocoding,True
GO,5218508,Quirinópolis,Sol Nascente,sol nascente,-18.446359,-50.4422,mapbox_geocoding,True
GO,5218508,Quirinópolis,Talismã,talisma,-18.433189,-50.450331,mapbox_geocoding,True
GO,5218508,Quirinópolis,Tonico Bento,tonico bento,-18.443278,-50.468973,mapbox_geocoding,True
GO,5218508,Quirinópolis,Vila Parreira,vila parreira,-16.680548,-49.319257,mapbox_geocoding,True
GO,5218607,Rialma,Castrinópolis,castrinopolis,,,dne,True
GO,5218607,Rialma,Setor Central,setor central,-15.3190633,-49.58380640000001,brasil_aberto_first_street,True
GO,5218706,Rianápolis,Castrinópolis,castrinopolis,,,brasil_aberto,True
GO,5218706,Rianápolis,Setor Central,setor central,-15.4475599,-49.5093378,brasil_aberto_first_street,True
GO,5218789,Rio Quente,Área Rural de Rio Quente,area rural de rio quente,-17.807083,-48.764294,mapbox_geocoding,True
GO,5218789,Rio Quente,Centro,centro,-17.806898,-48.767843,mapbox_geocoding,True
GO,5218789,Rio Quente,Conjunto Habitacional Fauna I,conjunto habitacional fauna i,-17.80611,-48.772271,mapbox_geocoding,True
GO,5218789,Rio Quente,Conjunto Habitacional Fauna II,conjunto habitacional fauna ii,-17.809249,-48.752452,mapbox_geocoding,True
GO,5218789,Rio Quente,Conjunto Habitacional Fauna II Continuação,conjunto habitacional fauna ii continuacao,-17.806073,-48.770071,mapbox_geocoding,True
GO,5218789,Rio Quente,Esplanada,esplanada,-17.772057,-48.760834,mapbox_geocoding,True
GO,5218789,Rio Quente,Estâncias Rio Quente,estancias rio quente,-17.795968,-48.759079,mapbox_geocoding,True
GO,5218789,Rio Quente,Mansões do Rio Quente I,mansoes do rio quente i,-15.757456,-48.244424,mapbox_geocoding,True
GO,5218789,Rio Quente,Mansões do Rio Quente II,mansoes do rio quente ii,-17.78334,-48.762559,mapbox_geocoding,True
GO,5218789,Rio Quente,Morada da Serra,morada da serra,-17.804804,-48.768005,mapbox_geocoding,True
GO,5218789,Rio Quente,Portal do Rio Quente,portal do rio quente,-17.809337,-48.760884,mapbox_geocoding,True
GO,5218789,Rio Quente,Quinta das Águas I Etapa,quinta das aguas i etapa,-17.834251,-50.969795,mapbox_geocoding,True
GO,5218789,Rio Quente,Quinta das Águas II Etapa,quinta das aguas ii etapa,-17.763107,-48.771183,mapbox_geocoding,True
GO,5218789,Rio Quente,Sítios de Recreio Floresta dos Sabiás,sitios de recreio floresta dos sabias,-17.807083,-48.764294,mapbox_geocoding,True
GO,5218789,Rio Quente,Solar Água Quente,solar agua quente,-17.808871,-48.752936,mapbox_geocoding,True
GO,5218789,Rio Quente,Veredas do Rio Quente,veredas do rio quente,-8.034536,-34.883819,mapbox_geocoding,True
GO,5218805,Rio Verde,Anhanguera,anhanguera,-17.7705569,-50.9245556,brasil_aberto_first_street,True
GO,5218805,Rio Verde,Área Rural de Rio Verde,area rural de rio verde,-17.7896277,-50.9204571,brasil_aberto_first_street,True
GO,5218805,Rio Verde,César Bastos,cesar bastos,-17.794371,-50.887445,mapbox_geocoding,True
GO,5218805,Rio Verde,Céu Azul,ceu azul,-17.7541482,-50.9049358,brasil_aberto_first_street,True
GO,5218805,Rio Verde,Cidade Empresarial Nova Aliança,cidade empresarial nova alianca,-17.8250788,-50.9621213,brasil_aberto_first_street,True
GO,5218805,Rio Verde,Cidade Empresarial Nova Aliança 2,cidade empresarial nova alianca 2,-17.7927647,-50.9195819,brasil_aberto_first_street,True
GO,5218805,Rio Verde,Cidade Jardim I e II,cidade jardim i e ii,-17.843981,-50.944449,mapbox_geocoding,True
GO,5218805,Rio Verde,Complexo Araguaia,complexo araguaia,-17.771259,-50.942369,mapbox_geocoding,True
GO,5218805,Rio Verde,Condomínio Nova Aliança Premium,condominio nova alianca premium,-17.8297679,-50.9663851,brasil_aberto_first_street,True
GO,5218805,Rio Verde,Condomínio Parque do Cerrado,condominio parque do cerrado,-17.802436,-50.959119,mapbox_geocoding,True
GO,5218805,Rio Verde,Condomínio Residencial Saint Martin,condominio residencial saint martin,-17.775897,-50.9095204,brasil_aberto_first_street,True
GO,5218805,Rio Verde,Condomínio Residencial Vale dos Buritis,condominio residencial vale dos buritis,-17.756494,-50.902481,mapbox_geocoding,True
GO,5218805,Rio Verde,Condomínio Residencial Villa Capri,condominio residencial villa capri,-17.818114,-50.913535,mapbox_geocoding,True
GO,5218805,Rio Verde,Condomínio Solar do Bosque,condominio solar do bosque,-17.770174,-50.927193,mapbox_geocoding,True
GO,5218805,Rio Verde,Condomínio Vale das Araras,condominio vale das araras,-17.8238172,-50.9425561,brasil_aberto_first_street,True
GO,5218805,Rio Verde,Condomínio Yes Garden,condominio yes garden,-17.7985099,-50.9531368,brasil_aberto_first_street,True
GO,5218805,Rio Verde,Conjunto Maurício Arantes,conjunto mauricio arantes,-17.7583274,-50.9257008,brasil_aberto_first_street,True
GO,5218805,Rio Verde,Conjunto Morada do Sol,conjunto morada do sol,-17.7939022,-50.9517139,brasil_aberto_first_street,True
GO,5218805,Rio Verde,Conjunto Residencial de Casas Flamboyant II,conjunto residencial de casas flamboyant ii,-17.838699,-50.927621,mapbox_geocoding,True
GO,5218805,Rio Verde,Conjunto Residencial Ecovilla Rio Verde,conjunto residencial ecovilla rio verde,-17.824872,-50.943909,mapbox_geocoding,True
GO,5218805,Rio Verde,Conjunto Residencial Fechado Portal dos Ipês III,conjunto residencial fechado portal dos ipes iii,-17.838699,-50.927621,mapbox_geocoding,True
GO,5218805,Rio Verde,Conjunto Residencial Rocha Jaime I,conjunto residencial rocha jaime i,-17.811221,-50.924222,mapbox_geocoding,True
GO,5218805,Rio Verde,Conjunto Residencial Rocha Jaime II,conjunto residencial rocha jaime ii,-17.811221,-50.924222,mapbox_geocoding,True
GO,5218805,Rio Verde,Conjunto Valdeci Pires,conjunto valdeci pires,-17.7580983,-50.9225666,brasil_aberto_first_street,True
GO,5218805,Rio Verde,Conjunto Vila Verde,conjunto vila verde,-17.7894228,-50.9477354,brasil_aberto_first_street,True
GO,5218805,Rio Verde,De Lourdes,de lourdes,-17.8043262,-50.9527425,brasil_aberto_first_street,True
GO,5218805,Rio Verde,Distrito Agroindustrial de Rio Verde I - DARV I,distrito agroindustrial de rio verde i darv i,-17.7896277,-50.9204571,brasil_aberto_first_street,True
GO,5218805,Rio Verde,Distrito Agroindustrial de Rio Verde II - DARV II,distrito agroindustrial de rio verde ii darv ii,-17.8168413,-50.92689499999999,brasil_aberto_first_street,True
GO,5218805,Rio Verde,Distrito Municipal de Pequenas Empresas,distrito municipal de pequenas empresas,-17.7535491,-50.9231544,brasil_aberto_first_street,True
GO,5218805,Rio Verde,Eldorado,eldorado,-17.7752855,-50.9232797,brasil_aberto_first_street,True
GO,5218805,Rio Verde,Eldorado Prolongamento,eldorado prolongamento,-17.769368,-50.9195746,brasil_aberto_first_street,True
GO,5218805,Rio Verde,Fazenda São Tomaz,fazenda sao tomaz,-17.7848628,-50.9434353,brasil_aberto_first_street,True
GO,5218805,Rio Verde,Green Life Residence,green life residence,-17.807308,-50.940126,mapbox_geocoding,True
GO,5218805,Rio Verde,Hamoa Resort Residencial,hamoa resort residencial,-17.815742,-50.931786,mapbox_geocoding,True
GO,5218805,Rio Verde,Jardim Adriana,jardim adriana,-17.8042389,-50.9319838,brasil_aberto_first_street,True
GO,5218805,Rio Verde,Jardim América,jardim america,-17.7988532,-50.9177656,brasil_aberto_first_street,True
GO,5218805,Rio Verde,Jardim América Prolongamento A,jardim america prolongamento a,-17.7838739,-50.9305937,brasil_aberto_first_street,True
GO,5218805,Rio Verde,Jardim Bela Vista,jardim bela vista,-17.8026383,-50.9297258,brasil_aberto_first_street,True
GO,5218805,Rio Verde,Jardim Brasília,jardim brasilia,-17.7958338,-50.9187724,brasil_aberto_first_street,True
GO,5218805,Rio Verde,Jardim Cruvinel,jardim cruvinel,-17.784513,-50.9293411,brasil_aberto_first_street,True
GO,5218805,Rio Verde,Jardim das Margaridas,jardim das margaridas,-17.796235,-50.9107247,brasil_aberto_first_street,True
GO,5218805,Rio Verde,Jardim das Orquídeas,jardim das orquideas,-18.072568,-50.503834,mapbox_geocoding,True
GO,5218805,Rio Verde,Jardim Diniz,jardim diniz,-17.7844761,-50.9284831,brasil_aberto_first_street,True
GO,5218805,Rio Verde,Jardim Eleonora,jardim eleonora,-17.8068812,-50.9416877,brasil_aberto_first_street,True
GO,5218805,Rio Verde,Jardim Esperanza,jardim esperanza,-17.816365,-50.958149,mapbox_geocoding,True
GO,5218805,Rio Verde,Jardim Europa,jardim europa,-17.7927647,-50.9195819,brasil_aberto_first_street,True
GO,5218805,Rio Verde,Jardim Floresta,jardim floresta,-17.8265407,-50.9562332,brasil_aberto_first_street,True
GO,5218805,Rio Verde,Jardim Goiás,jardim goias,-17.793573,-50.9212946,brasil_aberto_first_street,True
GO,5218805,Rio Verde,Jardim Marconal,jardim marconal,-17.796648,-50.938112,mapbox_geocoding,True
GO,5218805,Rio Verde,Jardim Mondale,jardim mondale,-17.7800294,-50.9410177,brasil_aberto_first_street,True
GO,5218805,Rio Verde,Jardim Neves,jardim neves,-17.7919621,-50.9381838,brasil_aberto_first_street,True
GO,5218805,Rio Verde,Jardim Presidente,jardim presidente,-17.8003121,-50.9427981,brasil_aberto_first_street,True
GO,5218805,Rio Verde,Jardim São Tomaz,jardim sao tomaz,-17.8207881,-50.9300593,brasil_aberto_first_street,True
GO,5218805,Rio Verde,Jardim São Tomaz II,jardim sao tomaz ii,-17.82493,-50.9304979,brasil_aberto_first_street,True
GO,5218805,Rio Verde,Lagoa do Bauzinho,lagoa do bauzinho,,,dne,True
GO,5218805,Rio Verde,Liberdade,liberdade,-17.7601977,-50.9236248,brasil_aberto_first_street,True
GO,5218805,Rio Verde,Lindolfina,lindolfina,-17.7796434,-50.9336343,brasil_aberto_first_street,True
GO,5218805,Rio Verde,Loteamento Gameleira,loteamento gameleira,-17.8062697,-50.9113075,brasil_aberto_first_street,True
GO,5218805,Rio Verde,Loteamento Garden,loteamento garden,-17.815742,-50.931786,mapbox_geocoding,True
GO,5218805,Rio Verde,Loteamento Reserva do Parque,loteamento reserva do parque,-17.7897801,-50.878575,brasil_aberto_first_street,True
GO,5218805,Rio Verde,Maria Rocha Village,maria rocha village,-17.8125425,-50.9275381,brasil_aberto_first_street,True
GO,5218805,Rio Verde,Maristela,maristela,-17.8009689,-50.922212,brasil_aberto_first_street,True
GO,5218805,Rio Verde,Martins,martins,-17.7737482,-50.9129827,brasil_aberto_first_street,True
GO,5218805,Rio Verde,Martins Prolongamento,martins prolongamento,-17.7753775,-50.9121654,brasil_aberto_first_street,True
GO,5218805,Rio Verde,Medeiros,medeiros,-17.7883177,-50.9334713,brasil_aberto_first_street,True
GO,5218805,Rio Verde,Monte Sinai,monte sinai,-17.759545,-50.920782,mapbox_geocoding,True
GO,5218805,Rio Verde,Nova Vila Maria,nova vila maria,-17.7880754,-50.9062947,brasil_aberto_first_street,True
GO,5218805,Rio Verde,Odília,odilia,-17.7991576,-50.9403282,brasil_aberto_first_street,True
GO,5218805,Rio Verde,Ouroana,ouroana,,,dne,True
GO,5218805,Rio Verde,Paraguaçu,paraguacu,,,brasil_aberto,True
GO,5218805,Rio Verde,Paraguassu,paraguassu,-17.7921708,-50.9146983,brasil_aberto_first_street,True
GO,5218805,Rio Verde,Parque Bandeirante,parque bandeirante,-17.7956048,-50.9199716,brasil_aberto_first_street,True
GO,5218805,Rio Verde,Parque Bandeirante Prolongamento,parque bandeirante prolongamento,-17.7957311,-50.9195621,brasil_aberto_first_street,True
GO,5218805,Rio Verde,Parque Betel,parque betel,-17.7834681,-50.9382043,brasil_aberto_first_street,True
GO,5218805,Rio Verde,Parque das Acácias,parque das acacias,-17.7922899,-50.9373706,brasil_aberto_first_street,True
GO,5218805,Rio Verde,Parque das Esmeraldas,parque das esmeraldas,-17.77518,-50.897551,mapbox_geocoding,True
GO,5218805,Rio Verde,Parque das Laranjeiras Prolongamento,parque das laranjeiras prolongamento,-17.810601,-50.9548443,brasil_aberto_first_street,True
GO,5218805,Rio Verde,Parque das Paineiras,parque das paineiras,-17.8283162,-50.9356449,brasil_aberto_first_street,True
GO,5218805,Rio Verde,Parque do Diamante,parque do diamante,-17.77518,-50.897551,mapbox_geocoding,True
GO,5218805,Rio Verde,Parque Dom Miguel,parque dom miguel,-17.7580914,-50.9224829,brasil_aberto_first_street,True
GO,5218805,Rio Verde,Parque dos Buritis,parque dos buritis,-17.796648,-50.938112,mapbox_geocoding,True
GO,5218805,Rio Verde,Parque dos Buritis II,parque dos buritis ii,-17.967178,-50.488138,mapbox_geocoding,True
GO,5218805,Rio Verde,Parque dos Girassóis,parque dos girassois,-17.75368,-50.9049981,brasil_aberto_first_street,True
GO,5218805,Rio Verde,Parque dos Jatobás,parque dos jatobas,-17.7890373,-50.9381334,brasil_aberto_first_street,True
GO,5218805,Rio Verde,Parque Laranjeiras,parque laranjeiras,-17.8110658,-50.9518449,brasil_aberto_first_street,True
GO,5218805,Rio Verde,Parque Solar do Agreste A,parque solar do agreste a,-17.8141461,-50.9351146,brasil_aberto_first_street,True
GO,5218805,Rio Verde,Parque Solar do Agreste B,parque solar do agreste b,-17.8143014,-50.9386926,brasil_aberto_first_street,True
GO,5218805,Rio Verde,Perímetro Urbano,perimetro urbano,-17.792068,-50.925495,mapbox_geocoding,True
GO,5218805,Rio Verde,Popular,popular,-17.7775982,-50.91673,brasil_aberto_first_street,True
GO,5218805,Rio Verde,Portal do Sol,portal do sol,-17.747587,-50.896099,mapbox_geocoding,True
GO,5218805,Rio Verde,Presidente Nasser,presidente nasser,-17.802249,-50.91963,brasil_aberto_first_street,True
GO,5218805,Rio Verde,Primavera,primavera,-17.7657803,-50.9231144,brasil_aberto_first_street,True
GO,5218805,Rio Verde,Residencial Água Santa,residencial agua santa,-17.7950864,-50.9607617,brasil_aberto_first_street,True
GO,5218805,Rio Verde,Residencial Araguaia,residencial araguaia,-17.7900629,-50.9461513,brasil_aberto_first_street,True
GO,5218805,Rio Verde,Residencial Arco Iris,residencial arco iris,-17.7637987,-50.9045878,brasil_aberto_first_street,True
GO,5218805,Rio Verde,Residencial Atalaia,residencial atalaia,-17.820811,-50.9216772,brasil_aberto_first_street,True
GO,5218805,Rio Verde,Residencial Bela Vista,residencial bela vista,-17.7776111,-50.9402109,brasil_aberto_first_street,True
GO,5218805,Rio Verde,Residencial Campos Elíseos,residencial campos eliseos,-17.7927647,-50.9195819,brasil_aberto_first_street,True
GO,5218805,Rio Verde,Residencial Canaã,residencial canaa,-17.7729886,-50.9404299,brasil_aberto_first_street,True
GO,5218805,Rio Verde,Residencial Canaã II,residencial canaa ii,-17.825064,-50.921259,mapbox_geocoding,True
GO,5218805,Rio Verde,Residencial Dona IIza,residencial dona iiza,-17.7961657,-50.9215917,brasil_aberto_first_street,True
GO,5218805,Rio Verde,Residencial dos Buritis,residencial dos buritis,-17.7824414,-50.9018257,brasil_aberto_first_street,True
GO,5218805,Rio Verde,Residencial Engracia Vaz,residencial engracia vaz,-17.7973784,-50.9349215,brasil_aberto_first_street,True
GO,5218805,Rio Verde,Residencial Gameleira,residencial gameleira,-17.8096017,-50.914865,brasil_aberto_first_street,True
GO,5218805,Rio Verde,Residencial Green Park,residencial green park,-17.7896277,-50.9204571,brasil_aberto_first_street,True
GO,5218805,Rio Verde,Residencial Interlagos,residencial interlagos,-17.7810447,-50.9473162,brasil_aberto_first_street,True
GO,5218805,Rio Verde,Residencial Jardim Bougainville,residencial jardim bougainville,-17.8194673,-50.9372612,brasil_aberto_first_street,True
GO,5218805,Rio Verde,Residencial Jardim Campestre,residencial jardim campestre,-17.816313,-50.9420152,brasil_aberto_first_street,True
GO,5218805,Rio Verde,Residencial Jardim Helena,residencial jardim helena,-17.8318321,-50.9305546,brasil_aberto_first_street,True
GO,5218805,Rio Verde,Residencial Laussane,residencial laussane,-17.812817,-50.933909,mapbox_geocoding,True
GO,5218805,Rio Verde,Residencial Lázaro Pimenta,residencial lazaro pimenta,-17.7927647,-50.9195819,brasil_aberto_first_street,True
GO,5218805,Rio Verde,Residencial Maranata,residencial maranata,-17.7722342,-50.8971533,brasil_aberto_first_street,True
GO,5218805,Rio Verde,Residencial Nilson Veloso,residencial nilson veloso,-17.7542045,-50.8974362,brasil_aberto_first_street,True
GO,5218805,Rio Verde,Residencial Parque dos Ipês,residencial parque dos ipes,-17.7927647,-50.9195819,brasil_aberto_first_street,True
GO,5218805,Rio Verde,Residencial Pizolato,residencial pizolato,-17.838374,-50.925841,mapbox_geocoding,True
GO,5218805,Rio Verde,Residencial Portal dos Ipês,residencial portal dos ipes,-17.7604965,-50.9196075,brasil_aberto_first_street,True
GO,5218805,Rio Verde,Residencial Portal dos Ipês II,residencial portal dos ipes ii,-17.838374,-50.925841,mapbox_geocoding,True
GO,5218805,Rio Verde,Residencial Porto Seguro,residencial porto seguro,-17.7780692,-50.8987956,brasil_aberto_first_street,True
GO,5218805,Rio Verde,Residencial Recanto das Emas,residencial recanto das emas,-17.788224,-50.873751,mapbox_geocoding,True
GO,5218805,Rio Verde,Residencial Recanto do Bosque,residencial recanto do bosque,-17.8186231,-50.9346102,brasil_aberto_first_street,True
GO,5218805,Rio Verde,Residencial Recanto dos Ipês,residencial recanto dos ipes,-17.834112,-50.934564,mapbox_geocoding,True
GO,5218805,Rio Verde,Residencial Santa Clara,residencial santa clara,-17.789828,-50.86492,mapbox_geocoding,True
GO,5218805,Rio Verde,Residencial Solar dos Ataídes 1ª Etapa,residencial solar dos ataides 1a etapa,-17.7732747,-50.9476478,brasil_aberto_first_street,True
GO,5218805,Rio Verde,Residencial Solar dos Ataídes 2ª Etapa,residencial solar dos ataides 2a etapa,-17.7711418,-50.9457682,brasil_aberto_first_street,True
GO,5218805,Rio Verde,Residencial Tocantins,residencial tocantins,-17.7940518,-50.9555356,brasil_aberto_first_street,True
GO,5218805,Rio Verde,Residencial Veneza,residencial veneza,-17.7687446,-50.9069886,brasil_aberto_first_street,True
GO,5218805,Rio Verde,Residencial Villa Romana,residencial villa romana,-17.803254,-50.966916,mapbox_geocoding,True
GO,5218805,Rio Verde,Residencial Villagio Terra Cota,residencial villagio terra cota,-17.7927647,-50.9195819,brasil_aberto_first_street,True
GO,5218805,Rio Verde,Riverlândia,riverlandia,,,dne,True
GO,5218805,Rio Verde,Santo Agostinho,santo agostinho,-17.7812449,-50.9052221,brasil_aberto_first_street,True
GO,5218805,Rio Verde,Santo Antônio de Lisboa,santo antonio de lisboa,-17.7858312,-50.9015768,brasil_aberto_first_street,True
GO,5218805,Rio Verde,São Felipe,sao felipe,-17.7820738,-50.9146747,brasil_aberto_first_street,True
GO,5218805,Rio Verde,São João,sao joao,-17.7775982,-50.91673,brasil_aberto_first_street,True
GO,5218805,Rio Verde,São Joaquim,sao joaquim,-17.7715324,-50.9107414,brasil_aberto_first_street,True
GO,5218805,Rio Verde,Serra Dourada,serra dourada,-17.7968123,-50.9139911,brasil_aberto_first_street,True
GO,5218805,Rio Verde,Setor Alvorada,setor alvorada,-17.7975761,-50.9245164,brasil_aberto_first_street,True
GO,5218805,Rio Verde,Setor Alvorada Prolongamento,setor alvorada prolongamento,-17.7975761,-50.9245164,brasil_aberto_first_street,True
GO,5218805,Rio Verde,Setor Central,setor central,-17.796648,-50.938112,mapbox_geocoding,True
GO,5218805,Rio Verde,Setor Dona Gercina,setor dona gercina,-17.7752673,-50.9022502,brasil_aberto_first_street,True
GO,5218805,Rio Verde,Setor dos Funcionários,setor dos funcionarios,-17.832049,-50.929751,mapbox_geocoding,True
GO,5218805,Rio Verde,Setor Empresarial,setor empresarial,-17.7865815,-50.9155452,brasil_aberto_first_street,True
GO,5218805,Rio Verde,Setor Industrial,setor industrial,-17.786407,-50.8924864,brasil_aberto_first_street,True
GO,5218805,Rio Verde,Setor Industrial II,setor industrial ii,-17.7871192,-50.9004999,brasil_aberto_first_street,True
GO,5218805,Rio Verde,Setor Manhattan,setor manhattan,-17.77518,-50.897551,mapbox_geocoding,True
GO,5218805,Rio Verde,Setor Morada do Sol,setor morada do sol,-17.7896063,-50.9434796,brasil_aberto_first_street,True
GO,5218805,Rio Verde,Setor Municipal de Pequenas Empresas,setor municipal de pequenas empresas,,,brasil_aberto,True
GO,5218805,Rio Verde,Setor Oeste,setor oeste,-17.7972782,-50.9367144,brasil_aberto_first_street,True
GO,5218805,Rio Verde,Setor Pauzanes,setor pauzanes,-17.7725471,-50.925174,brasil_aberto_first_street,True
GO,5218805,Rio Verde,Setor Santa Luzia,setor santa luzia,-17.7832906,-50.9426002,brasil_aberto_first_street,True
GO,5218805,Rio Verde,Setor Universitário,setor universitario,-17.7985331,-50.9625862,brasil_aberto_first_street,True
GO,5218805,Rio Verde,Solar Campestre,solar campestre,-17.8080859,-50.9408751,brasil_aberto_first_street,True
GO,5218805,Rio Verde,Solar Monte Castello,solar monte castello,-17.792068,-50.925495,mapbox_geocoding,True
GO,5218805,Rio Verde,Solar Monte Sião,solar monte siao,-17.760045,-50.9262546,brasil_aberto_first_street,True
GO,5218805,Rio Verde,Via Felice,via felice,-17.81477,-50.94756,mapbox_geocoding,True
GO,5218805,Rio Verde,Vila Amália,vila amalia,-17.7958338,-50.9187724,brasil_aberto_first_street,True
GO,5218805,Rio Verde,Vila André Luiz,vila andre luiz,-17.7770525,-50.9258283,brasil_aberto_first_street,True
GO,5218805,Rio Verde,Vila Baylão,vila baylao,-17.801501,-50.9286835,brasil_aberto_first_street,True
GO,5218805,Rio Verde,Vila Baylão Prolongamento,vila baylao prolongamento,-17.8036721,-50.9215839,brasil_aberto_first_street,True
GO,5218805,Rio Verde,Vila Bella,vila bella,-17.82468,-50.934763,mapbox_geocoding,True
GO,5218805,Rio Verde,Vila Borges,vila borges,-17.7811508,-50.9252311,brasil_aberto_first_street,True
GO,5218805,Rio Verde,Vila Borges Prolongamento,vila borges prolongamento,-17.7811508,-50.9252311,brasil_aberto_first_street,True
GO,5218805,Rio Verde,Vila Borges Prolongamento A,vila borges prolongamento a,-17.7788159,-50.928142,brasil_aberto_first_street,True
GO,5218805,Rio Verde,Vila Carolina,vila carolina,-17.8008491,-50.9281067,brasil_aberto_first_street,True
GO,5218805,Rio Verde,Vila Dinara,vila dinara,-17.7984485,-50.9265018,brasil_aberto_first_street,True
GO,5218805,Rio Verde,Vila Dona Auta,vila dona auta,-17.7838739,-50.9305937,brasil_aberto_first_street,True
GO,5218805,Rio Verde,Vila Gomes,vila gomes,-17.7838755,-50.9226343,brasil_aberto_first_street,True
GO,5218805,Rio Verde,Vila Maria,vila maria,-17.7880754,-50.9062947,brasil_aberto_first_street,True
GO,5218805,Rio Verde,Vila Mariana,vila mariana,-17.770542,-51.033733,mapbox_geocoding,True
GO,5218805,Rio Verde,Vila Mariana Prolongamento,vila mariana prolongamento,-17.8136006,-50.9252195,brasil_aberto_first_street,True
GO,5218805,Rio Verde,Vila Mariana Prolongamento II,vila mariana prolongamento ii,-17.8168413,-50.92689499999999,brasil_aberto_first_street,True
GO,5218805,Rio Verde,Vila Meneses,vila meneses,-17.7879897,-50.9372008,brasil_aberto_first_street,True
GO,5218805,Rio Verde,Vila Miafiori,vila miafiori,-17.8163012,-50.9461529,brasil_aberto_first_street,True
GO,5218805,Rio Verde,Vila Modelo,vila modelo,-17.7984485,-50.9265018,brasil_aberto_first_street,True
GO,5218805,Rio Verde,Vila Morais,vila morais,-17.8011918,-50.9393273,brasil_aberto_first_street,True
GO,5218805,Rio Verde,Vila Moreira Ataídes,vila moreira ataides,-17.7927647,-50.9195819,brasil_aberto_first_street,True
GO,5218805,Rio Verde,Vila Mutirão,vila mutirao,-17.8183625,-50.9340858,brasil_aberto_first_street,True
GO,5218805,Rio Verde,Vila Olinda,vila olinda,-17.7874921,-50.9299503,brasil_aberto_first_street,True
GO,5218805,Rio Verde,Vila Promissão,vila promissao,-17.792068,-50.925495,mapbox_geocoding,True
GO,5218805,Rio Verde,Vila Renovação,vila renovacao,-17.7984087,-50.9112782,brasil_aberto_first_street,True
GO,5218805,Rio Verde,Vila Rocha,vila rocha,-17.7984485,-50.9265018,brasil_aberto_first_street,True
GO,5218805,Rio Verde,Vila Rosalina,vila rosalina,-17.7814583,-50.9260656,brasil_aberto_first_street,True
GO,5218805,Rio Verde,Vila Santa Bárbara,vila santa barbara,-17.7900795,-50.9343957,brasil_aberto_first_street,True
GO,5218805,Rio Verde,Vila Santa Cruz,vila santa cruz,-17.8155961,-50.9330809,brasil_aberto_first_street,True
GO,5218805,Rio Verde,Vila Santa Cruz II,vila santa cruz ii,-17.792068,-50.925495,mapbox_geocoding,True
GO,5218805,Rio Verde,Vila Santo André,vila santo andre,-17.7894041,-50.9324657,brasil_aberto_first_street,True
GO,5218805,Rio Verde,Vila Santo Antônio,vila santo antonio,-17.7991936,-50.9270132,brasil_aberto_first_street,True
GO,5218805,Rio Verde,Vila Serpro,vila serpro,-17.7774112,-50.941734,brasil_aberto_first_street,True
GO,5218805,Rio Verde,Vitória Regia,vitoria regia,-17.7975365,-50.9389104,brasil_aberto_first_street,True
GO,5218805,Rio Verde,Zona Industrial e de Serviço III,zona industrial e de servico iii,-17.8142515,-51.0811831,brasil_aberto_first_street,True
GO,5218805,Rio Verde,Zona Industrial e de Serviços IV,zona industrial e de servicos iv,-17.792068,-50.925495,mapbox_geocoding,True
GO,5218805,Rio Verde,Zona Urbana Específica,zona urbana especifica,-17.767302,-50.932729,mapbox_geocoding,True
GO,5218904,Rubiataba,Área Rural de Rubiataba,area rural de rubiataba,-15.160619,-49.80016,mapbox_geocoding,True
GO,5218904,Rubiataba,Centro,centro,-15.161728,-49.796957,mapbox_geocoding,True
GO,5218904,Rubiataba,Jardim Botânico,jardim botanico,-15.169041,-49.809571,mapbox_geocoding,True
GO,5218904,Rubiataba,Morada do Ipê,morada do ipe,-15.166027,-49.805738,mapbox_geocoding,True
GO,5218904,Rubiataba,Nova Rubiataba,nova rubiataba,-17.911051,-51.737205,mapbox_geocoding,True
GO,5218904,Rubiataba,Odon Biangulo,odon biangulo,-15.161657,-49.800985,mapbox_geocoding,True
GO,5218904,Rubiataba,Residencial Ben-ti-vi,residencial ben ti vi,-15.178691,-49.807161,mapbox_geocoding,True
GO,5218904,Rubiataba,Residencial Canaã,residencial canaa,-15.162979,-49.80051,mapbox_geocoding,True
GO,5218904,Rubiataba,Residencial das Palmeiras,residencial das palmeiras,-15.176305,-49.800742,mapbox_geocoding,True
GO,5218904,Rubiataba,Residencial Eldorado,residencial eldorado,-15.172412,-49.814389,mapbox_geocoding,True
GO,5218904,Rubiataba,Residencial Flamboyant,residencial flamboyant,-15.180898,-49.807007,mapbox_geocoding,True
GO,5218904,Rubiataba,Residencial Jardim das Acácias,residencial jardim das acacias,-15.177989,-49.799193,mapbox_geocoding,True
GO,5218904,Rubiataba,Setor Aeroporto,setor aeroporto,-15.161728,-49.796957,mapbox_geocoding,True
GO,5218904,Rubiataba,Setor Agroindustrial,setor agroindustrial,-15.163475,-49.781676,mapbox_geocoding,True
GO,5218904,Rubiataba,Setor Alpha Ville,setor alpha ville,-15.167302,-49.817238,mapbox_geocoding,True
GO,5218904,Rubiataba,Setor Belas Vista,setor belas vista,-15.166815,-49.806914,mapbox_geocoding,True
GO,5218904,Rubiataba,Setor Bougainville,setor bougainville,-15.167272,-49.815349,mapbox_geocoding,True
GO,5218904,Rubiataba,Setor Bougainville II,setor bougainville ii,-15.172412,-49.814389,mapbox_geocoding,True
GO,5218904,Rubiataba,Setor Central,setor central,,,brasil_aberto,True
GO,5218904,Rubiataba,Setor Jardins,setor jardins,-15.178691,-49.807161,mapbox_geocoding,True
GO,5218904,Rubiataba,Setor Parque das Flores,setor parque das flores,-15.17361,-49.802432,mapbox_geocoding,True
GO,5218904,Rubiataba,Setor Rubiatabinha,setor rubiatabinha,-15.153756,-49.802146,mapbox_geocoding,True
GO,5218904,Rubiataba,Setor Serrinha,setor serrinha,-15.153756,-49.802146,mapbox_geocoding,True
GO,5218904,Rubiataba,Valdelândia,valdelandia,,,dne,True
GO,5218904,Rubiataba,Vila Arco Iris,vila arco iris,-15.160448,-49.801525,mapbox_geocoding,True
GO,5218904,Rubiataba,Vila Esperança,vila esperanca,-15.166372,-49.797846,mapbox_geocoding,True
GO,5218904,Rubiataba,Vila Operária,vila operaria,-15.161728,-49.796957,mapbox_geocoding,True
GO,5218904,Rubiataba,Vila Santa Fé,vila santa fe,-15.166027,-49.805738,mapbox_geocoding,True
GO,5219001,Sanclerlândia,Aparecida,aparecida,,,dne,True
GO,5219001,Sanclerlândia,Área Rural de Sanclerlândia,area rural de sanclerlandia,-16.198484,-50.311684,mapbox_geocoding,True
GO,5219001,Sanclerlândia,Parque Agropecuário,parque agropecuario,-16.202918,-50.306796,mapbox_geocoding,True
GO,5219001,Sanclerlândia,Residencial Asseobom,residencial asseobom,-16.202268,-50.308338,mapbox_geocoding,True
GO,5219001,Sanclerlândia,Setor AABB,setor aabb,-16.202918,-50.306796,mapbox_geocoding,True
GO,5219001,Sanclerlândia,Setor Alto da Boa Vista,setor alto da boa vista,-14.500195,-46.108971,mapbox_geocoding,True
GO,5219001,Sanclerlândia,Setor ARM,setor arm,-16.20166,-50.313075,mapbox_geocoding,True
GO,5219001,Sanclerlândia,Setor Barreirinho,setor barreirinho,-16.204758,-50.308268,mapbox_geocoding,True
GO,5219001,Sanclerlândia,Setor Bela Vista,setor bela vista,-16.200937,-50.312297,mapbox_geocoding,True
GO,5219001,Sanclerlândia,Setor Bela Vista II,setor bela vista ii,-16.27482,-48.98496,mapbox_geocoding,True
GO,5219001,Sanclerlândia,Setor Borba,setor borba,-16.202918,-50.306796,mapbox_geocoding,True
GO,5219001,Sanclerlândia,Setor Central,setor central,,,brasil_aberto,True
GO,5219001,Sanclerlândia,Setor Cerrado Alegre,setor cerrado alegre,-16.202268,-50.308338,mapbox_geocoding,True
GO,5219001,Sanclerlândia,Setor Cerrado Alegre II,setor cerrado alegre ii,-16.204437,-50.307501,mapbox_geocoding,True
GO,5219001,Sanclerlândia,Setor Cerrado Alegre III,setor cerrado alegre iii,-16.204758,-50.308268,mapbox_geocoding,True
GO,5219001,Sanclerlândia,Setor Chiqueirão,setor chiqueirao,-16.199967,-50.31146,mapbox_geocoding,True
GO,5219001,Sanclerlândia,Setor Cidade Velha,setor cidade velha,-16.202918,-50.306796,mapbox_geocoding,True
GO,5219001,Sanclerlândia,Setor Cruzeiro,setor cruzeiro,-16.202918,-50.306796,mapbox_geocoding,True
GO,5219001,Sanclerlândia,Setor Diniz,setor diniz,-16.203525,-50.308382,mapbox_geocoding,True
GO,5219001,Sanclerlândia,Setor Dona Fia,setor dona fia,-16.201932,-50.311864,mapbox_geocoding,True
GO,5219001,Sanclerlândia,Setor Granville,setor granville,-16.201932,-50.311864,mapbox_geocoding,True
GO,5219001,Sanclerlândia,Setor Horto Florestal,setor horto florestal,-16.204656,-50.311672,mapbox_geocoding,True
GO,5219001,Sanclerlândia,Setor Industrial Planalto,setor industrial planalto,-16.535754,-50.535405,mapbox_geocoding,True
GO,5219001,Sanclerlândia,Setor J Mendonça,setor j mendonca,-16.135358,-50.217581,mapbox_geocoding,True
GO,5219001,Sanclerlândia,Setor JRS,setor jrs,-16.199967,-50.31146,mapbox_geocoding,True
GO,5219001,Sanclerlândia,Setor Lima,setor lima,-16.202918,-50.306796,mapbox_geocoding,True
GO,5219001,Sanclerlândia,Setor Lima II,setor lima ii,-16.202164,-50.308158,mapbox_geocoding,True
GO,5219001,Sanclerlândia,Setor Lucas,setor lucas,-16.202164,-50.308158,mapbox_geocoding,True
GO,5219001,Sanclerlândia,Setor Martins,setor martins,-16.202918,-50.306796,mapbox_geocoding,True
GO,5219001,Sanclerlândia,Setor Martins II,setor martins ii,-16.202268,-50.308338,mapbox_geocoding,True
GO,5219001,Sanclerlândia,Setor Martins III,setor martins iii,-16.214663,-50.303542,mapbox_geocoding,True
GO,5219001,Sanclerlândia,Setor Martins IV,setor martins iv,-16.202268,-50.308338,mapbox_geocoding,True
GO,5219001,Sanclerlândia,Setor Melo,setor melo,-16.199952,-50.320784,mapbox_geocoding,True
GO,5219001,Sanclerlândia,Setor ORS,setor ors,-16.202918,-50.306796,mapbox_geocoding,True
GO,5219001,Sanclerlândia,Setor ORS II,setor ors ii,-16.202918,-50.306796,mapbox_geocoding,True
GO,5219001,Sanclerlândia,Setor ORS III,setor ors iii,-16.202918,-50.306796,mapbox_geocoding,True
GO,5219001,Sanclerlândia,Setor ORS IV,setor ors iv,-15.879336,-46.815541,mapbox_geocoding,True
GO,5219001,Sanclerlândia,Setor ORS V,setor ors v,-15.879336,-46.815541,mapbox_geocoding,True
GO,5219001,Sanclerlândia,Setor Planalto,setor planalto,-16.202918,-50.306796,mapbox_geocoding,True
GO,5219001,Sanclerlândia,Setor Planalto I,setor planalto i,-16.135358,-50.217581,mapbox_geocoding,True
GO,5219001,Sanclerlândia,Setor Rodoviário,setor rodoviario,-16.202918,-50.306796,mapbox_geocoding,True
GO,5219001,Sanclerlândia,Setor Rodoviário III,setor rodoviario iii,-16.202918,-50.306796,mapbox_geocoding,True
GO,5219001,Sanclerlândia,Setor Rodoviário IV,setor rodoviario iv,-16.209427,-50.302616,mapbox_geocoding,True
GO,5219001,Sanclerlândia,Setor São João,setor sao joao,-16.199967,-50.31146,mapbox_geocoding,True
GO,5219001,Sanclerlândia,Setor São José,setor sao jose,-16.202918,-50.306796,mapbox_geocoding,True
GO,5219001,Sanclerlândia,Setor Sol Nascente,setor sol nascente,-16.202164,-50.308158,mapbox_geocoding,True
GO,5219001,Sanclerlândia,Setor Sul,setor sul,-16.201932,-50.311864,mapbox_geocoding,True
GO,5219001,Sanclerlândia,Setor Sul II,setor sul ii,-16.135097,-50.217087,mapbox_geocoding,True
GO,5219001,Sanclerlândia,Setor Sul III,setor sul iii,-16.201932,-50.311864,mapbox_geocoding,True
GO,5219001,Sanclerlândia,Setor Universitário,setor universitario,-16.202918,-50.306796,mapbox_geocoding,True
GO,5219001,Sanclerlândia,Setor Universitário II,setor universitario ii,-16.202918,-50.306796,mapbox_geocoding,True
GO,5219001,Sanclerlândia,Setor Universitário III,setor universitario iii,-16.202164,-50.308158,mapbox_geocoding,True
GO,5219001,Sanclerlândia,Setor Vieira,setor vieira,-16.202918,-50.306796,mapbox_geocoding,True
GO,5219100,Santa Bárbara de Goiás,Setor Central,setor central,-16.574966,-49.6953357,brasil_aberto_first_street,True
GO,5219209,Santa Cruz de Goiás,Área Rural de Santa Cruz de Goiás,area rural de santa cruz de goias,-17.317886,-48.483047,mapbox_geocoding,True
GO,5219209,Santa Cruz de Goiás,Centro,centro,-17.315075,-48.488143,mapbox_geocoding,True
GO,5219209,Santa Cruz de Goiás,Residencial Alexandre Rodrigues,residencial alexandre rodrigues,-17.333573,-48.425847,mapbox_geocoding,True
GO,5219209,Santa Cruz de Goiás,Residencial Morumbi,residencial morumbi,-17.317886,-48.483047,mapbox_geocoding,True
GO,5219209,Santa Cruz de Goiás,Santo Antônio da Esperança,santo antonio da esperanca,,,dne,True
GO,5219209,Santa Cruz de Goiás,Setor Central,setor central,,,brasil_aberto,True
GO,5219209,Santa Cruz de Goiás,Vila Mutirão,vila mutirao,-17.333573,-48.425847,mapbox_geocoding,True
GO,5219209,Santa Cruz de Goiás,Vila Pedro Cedro Serradourada,vila pedro cedro serradourada,-17.267051,-48.57307,mapbox_geocoding,True
GO,5219258,Santa Fé de Goiás,Setor Central,setor central,-15.768344,-51.1046758,brasil_aberto_first_street,True
GO,5219308,Santa Helena de Goiás,Alvorada,alvorada,-17.826275,-50.588122,mapbox_geocoding,True
GO,5219308,Santa Helena de Goiás,Anésio Martins de Faria,anesio martins de faria,-17.81395,-50.598885,mapbox_geocoding,True
GO,5219308,Santa Helena de Goiás,Arantes,arantes,-17.813657,-50.614848,mapbox_geocoding,True
GO,5219308,Santa Helena de Goiás,Área Rural de Santa Helena de Goiás,area rural de santa helena de goias,-17.81395,-50.598885,mapbox_geocoding,True
GO,5219308,Santa Helena de Goiás,Bela Vista,bela vista,-17.797453,-50.58761,mapbox_geocoding,True
GO,5219308,Santa Helena de Goiás,Blandina,blandina,-17.826275,-50.588122,mapbox_geocoding,True
GO,5219308,Santa Helena de Goiás,Brasil,brasil,-17.826275,-50.588122,mapbox_geocoding,True
GO,5219308,Santa Helena de Goiás,Campo Alegre,campo alegre,-17.811983,-50.586308,mapbox_geocoding,True
GO,5219308,Santa Helena de Goiás,Centro,centro,-17.809992,-50.598612,mapbox_geocoding,True
GO,5219308,Santa Helena de Goiás,Garcia,garcia,-17.81395,-50.598885,mapbox_geocoding,True
GO,5219308,Santa Helena de Goiás,Ipeguary,ipeguary,-17.81088,-50.586856,mapbox_geocoding,True
GO,5219308,Santa Helena de Goiás,Jardim das Acácias,jardim das acacias,-17.826275,-50.588122,mapbox_geocoding,True
GO,5219308,Santa Helena de Goiás,Jardim das Mangueiras,jardim das mangueiras,-17.81395,-50.598885,mapbox_geocoding,True
GO,5219308,Santa Helena de Goiás,Jardim Europa,jardim europa,-17.805812,-50.597528,mapbox_geocoding,True
GO,5219308,Santa Helena de Goiás,Jardim Oeste,jardim oeste,-17.813657,-50.614848,mapbox_geocoding,True
GO,5219308,Santa Helena de Goiás,Jardim Santa Helena,jardim santa helena,-17.81395,-50.598885,mapbox_geocoding,True
GO,5219308,Santa Helena de Goiás,João Martins Assunção,joao martins assuncao,-17.989065,-50.339247,mapbox_geocoding,True
GO,5219308,Santa Helena de Goiás,José Rodrigues,jose rodrigues,-17.812809,-50.582564,mapbox_geocoding,True
GO,5219308,Santa Helena de Goiás,Lucia Vânia,lucia vania,-17.81286,-50.587388,mapbox_geocoding,True
GO,5219308,Santa Helena de Goiás,Lucilene,lucilene,-17.81395,-50.598885,mapbox_geocoding,True
GO,5219308,Santa Helena de Goiás,Lucilene II,lucilene ii,-17.988219,-50.339066,mapbox_geocoding,True
GO,5219308,Santa Helena de Goiás,Martins,martins,-17.988219,-50.339066,mapbox_geocoding,True
GO,5219308,Santa Helena de Goiás,Mutirão,mutirao,-17.824736,-50.59633,mapbox_geocoding,True
GO,5219308,Santa Helena de Goiás,Nossa Senhora Aparecida I,nossa senhora aparecida i,-17.807819,-50.61006,mapbox_geocoding,True
GO,5219308,Santa Helena de Goiás,Nova Santa Helena,nova santa helena,-17.822145,-50.604933,mapbox_geocoding,True
GO,5219308,Santa Helena de Goiás,Nova Suíça,nova suica,-17.805812,-50.597528,mapbox_geocoding,True
GO,5219308,Santa Helena de Goiás,Ouro Branco,ouro branco,-17.81395,-50.598885,mapbox_geocoding,True
GO,5219308,Santa Helena de Goiás,Ouro Branco II,ouro branco ii,-17.81395,-50.598885,mapbox_geocoding,True
GO,5219308,Santa Helena de Goiás,Paraiso,paraiso,-17.820145,-50.599804,mapbox_geocoding,True
GO,5219308,Santa Helena de Goiás,Parque Industrial Ipeguary,parque industrial ipeguary,-17.821151,-50.580018,mapbox_geocoding,True
GO,5219308,Santa Helena de Goiás,Parque Residencial Isaura,parque residencial isaura,-17.803481,-50.586811,mapbox_geocoding,True
GO,5219308,Santa Helena de Goiás,Parreira,parreira,-17.798116,-50.581438,mapbox_geocoding,True
GO,5219308,Santa Helena de Goiás,Paulilândia,paulilandia,-17.988219,-50.339066,mapbox_geocoding,True
GO,5219308,Santa Helena de Goiás,Pedrolina,pedrolina,-17.81395,-50.598885,mapbox_geocoding,True
GO,5219308,Santa Helena de Goiás,Planalto,planalto,-17.826275,-50.588122,mapbox_geocoding,True
GO,5219308,Santa Helena de Goiás,Primavera,primavera,-17.81874,-50.61242,mapbox_geocoding,True
GO,5219308,Santa Helena de Goiás,Progresso,progresso,-17.81395,-50.598885,mapbox_geocoding,True
GO,5219308,Santa Helena de Goiás,Residencial Boulevard,residencial boulevard,-17.822145,-50.604933,mapbox_geocoding,True
GO,5219308,Santa Helena de Goiás,Residencial Sol Nascente,residencial sol nascente,-17.826275,-50.588122,mapbox_geocoding,True
GO,5219308,Santa Helena de Goiás,Rodrigues,rodrigues,-17.81395,-50.598885,mapbox_geocoding,True
GO,5219308,Santa Helena de Goiás,São Miguel,sao miguel,-17.81395,-50.598885,mapbox_geocoding,True
GO,5219308,Santa Helena de Goiás,São Paulo,sao paulo,-17.81395,-50.598885,mapbox_geocoding,True
GO,5219308,Santa Helena de Goiás,Setor Central,setor central,,,brasil_aberto,True
GO,5219308,Santa Helena de Goiás,Setor Industrial Antonio Garcia,setor industrial antonio garcia,-17.599204,-50.563871,mapbox_geocoding,True
GO,5219308,Santa Helena de Goiás,Solar Planalto,solar planalto,-17.813657,-50.614848,mapbox_geocoding,True
GO,5219357,Santa Isabel,Área Rural de Santa Isabel,area rural de santa isabel,-15.304198,-49.425064,mapbox_geocoding,True
GO,5219357,Santa Isabel,Centro,centro,-15.300604,-49.424694,mapbox_geocoding,True
GO,5219357,Santa Isabel,Cirilândia,cirilandia,,,dne,True
GO,5219357,Santa Isabel,São Francisco,sao francisco,-15.95904,-50.127017,mapbox_geocoding,True
GO,5219357,Santa Isabel,São Francisco II,sao francisco ii,-15.307534,-49.425166,mapbox_geocoding,True
GO,5219357,Santa Isabel,Setor Central,setor central,-15.355743,-49.372188,mapbox_geocoding,True
GO,5219357,Santa Isabel,Setor Lafaiete Joaquim de Carvalho,setor lafaiete joaquim de carvalho,-15.304198,-49.425064,mapbox_geocoding,True
GO,5219357,Santa Isabel,Setor Sul,setor sul,-15.304198,-49.425064,mapbox_geocoding,True
GO,5219357,Santa Isabel,Vila Vaz,vila vaz,-15.308067,-49.425493,mapbox_geocoding,True
GO,5219407,Santa Rita do Araguaia,Setor Central,setor central,-17.3289602,-53.2038966,brasil_aberto_first_street,True
GO,5219456,Santa Rita do Novo Destino,Setor Central,setor central,-15.1352203,-49.1180534,brasil_aberto_first_street,True
GO,5219506,Santa Rosa de Goiás,Setor Central,setor central,-16.0861184,-49.4933218,brasil_aberto_first_street,True
GO,5219605,Santa Tereza de Goiás,Setor Central,setor central,-13.7149858,-49.016609,brasil_aberto_first_street,True
GO,5219704,Santa Terezinha de Goiás,Setor Central,setor central,-14.4365366,-49.7077924,brasil_aberto_first_street,True
GO,5219712,Santo Antônio da Barra,Santa Cruz das Lajes,santa cruz das lajes,,,dne,True
GO,5219712,Santo Antônio da Barra,Setor Central,setor central,-17.5602105,-50.636492,brasil_aberto_first_street,True
GO,5219738,Santo Antônio de Goiás,Setor Central,setor central,-16.4865336,-49.3111853,brasil_aberto_first_street,True
GO,5219753,Santo Antônio do Descoberto,Aldeia da Paz,aldeia da paz,-15.9472021,-48.2702618,brasil_aberto_first_street,True
GO,5219753,Santo Antônio do Descoberto,Área Rural de Santo Antônio do Descoberto,area rural de santo antonio do descoberto,-15.9514827,-48.2796016,brasil_aberto_first_street,True
GO,5219753,Santo Antônio do Descoberto,Beira Rio,beira rio,-15.9514827,-48.2796016,brasil_aberto_first_street,True
GO,5219753,Santo Antônio do Descoberto,Beira Rio II,beira rio ii,-15.944691,-48.2622,mapbox_geocoding,True
GO,5219753,Santo Antônio do Descoberto,Centro,centro,-15.9469986,-48.26174959999999,brasil_aberto_first_street,True
GO,5219753,Santo Antônio do Descoberto,Cidade Eclética,cidade ecletica,,,dne,True
GO,5219753,Santo Antônio do Descoberto,Conjunto Habitacional Conceição Gomes Rabelo,conjunto habitacional conceicao gomes rabelo,-15.9477103,-48.25526680000001,brasil_aberto_first_street,True
GO,5219753,Santo Antônio do Descoberto,Eldorado Mansões Campestre,eldorado mansoes campestre,-15.944691,-48.2622,mapbox_geocoding,True
GO,5219753,Santo Antônio do Descoberto,Fazenda Capoeirinha,fazenda capoeirinha,-15.9807805,-48.2806644,brasil_aberto_first_street,True
GO,5219753,Santo Antônio do Descoberto,Jardim Ana Beatriz I,jardim ana beatriz i,-15.9514827,-48.2796016,brasil_aberto_first_street,True
GO,5219753,Santo Antônio do Descoberto,Jardim Ana Beatriz II,jardim ana beatriz ii,-15.9514827,-48.2796016,brasil_aberto_first_street,True
GO,5219753,Santo Antônio do Descoberto,Jardim de Alá,jardim de ala,-15.944691,-48.2622,mapbox_geocoding,True
GO,5219753,Santo Antônio do Descoberto,Jardim Serra Dourada,jardim serra dourada,-15.945628,-48.25553,mapbox_geocoding,True
GO,5219753,Santo Antônio do Descoberto,Mansões Bittencourt,mansoes bittencourt,-15.9537506,-48.2854006,brasil_aberto_first_street,True
GO,5219753,Santo Antônio do Descoberto,Meu Lote Minha Casa,meu lote minha casa,-15.9324359,-48.2928213,brasil_aberto_first_street,True
GO,5219753,Santo Antônio do Descoberto,Parque das Rosas,parque das rosas,-15.9514827,-48.2796016,brasil_aberto_first_street,True
GO,5219753,Santo Antônio do Descoberto,Parque Estrela Dalva XI,parque estrela dalva xi,-15.9599511,-48.2766859,brasil_aberto_first_street,True
GO,5219753,Santo Antônio do Descoberto,Parque Estrela Dalva XI-A,parque estrela dalva xi a,-15.9472745,-48.2779307,brasil_aberto_first_street,True
GO,5219753,Santo Antônio do Descoberto,Parque Estrela Dalva XII,parque estrela dalva xii,-15.9531519,-48.2928715,brasil_aberto_first_street,True
GO,5219753,Santo Antônio do Descoberto,Parque Estrela Dalva XIII,parque estrela dalva xiii,-15.9289672,-48.3003434,brasil_aberto_first_street,True
GO,5219753,Santo Antônio do Descoberto,Parque Estrela Dalva XIV,parque estrela dalva xiv,-15.9514827,-48.2796016,brasil_aberto_first_street,True
GO,5219753,Santo Antônio do Descoberto,Parque Estrela Dalva XV,parque estrela dalva xv,-15.9339691,-48.30657069999999,brasil_aberto_first_street,True
GO,5219753,Santo Antônio do Descoberto,Parque Estrela Dalva XVI,parque estrela dalva xvi,-15.9514827,-48.2796016,brasil_aberto_first_street,True
GO,5219753,Santo Antônio do Descoberto,Parque Estrela Dalva XVII,parque estrela dalva xvii,-15.9389718,-48.3127988,brasil_aberto_first_street,True
GO,5219753,Santo Antônio do Descoberto,Parque Santo Antônio,parque santo antonio,-15.9422589,-48.2816655,brasil_aberto_first_street,True
GO,5219753,Santo Antônio do Descoberto,Residencial Mangueiras,residencial mangueiras,-15.9471135,-48.2663431,brasil_aberto_first_street,True
GO,5219753,Santo Antônio do Descoberto,Setor de Indústria,setor de industria,-15.9514827,-48.2796016,brasil_aberto_first_street,True
GO,5219753,Santo Antônio do Descoberto,Vila Betel,vila betel,-15.938758,-48.260086,brasil_aberto_first_street,True
GO,5219753,Santo Antônio do Descoberto,Vila Cortes,vila cortes,-15.9514827,-48.2796016,brasil_aberto_first_street,True
GO,5219753,Santo Antônio do Descoberto,Vila Esperança,vila esperanca,-15.9447472,-48.2947394,brasil_aberto_first_street,True
GO,5219753,Santo Antônio do Descoberto,Vila Maria Auxiliadora,vila maria auxiliadora,-15.9484595,-48.2729514,brasil_aberto_first_street,True
GO,5219753,Santo Antônio do Descoberto,Vila Montes Claros,vila montes claros,-15.9592251,-48.2661056,brasil_aberto_first_street,True
GO,5219753,Santo Antônio do Descoberto,Vila Montes Claros II,vila montes claros ii,-15.9592251,-48.2661056,brasil_aberto_first_street,True
GO,5219753,Santo Antônio do Descoberto,Vila Paraíso I,vila paraiso i,-15.9443533,-48.2555273,brasil_aberto_first_street,True
GO,5219753,Santo Antônio do Descoberto,Vila Paraíso II,vila paraiso ii,-15.9443533,-48.2555273,brasil_aberto_first_street,True
GO,5219753,Santo Antônio do Descoberto,Vila Paraíso III,vila paraiso iii,-15.9480306,-48.2557136,brasil_aberto_first_street,True
GO,5219753,Santo Antônio do Descoberto,Vila Parque,vila parque,-15.9477103,-48.25526680000001,brasil_aberto_first_street,True
GO,5219753,Santo Antônio do Descoberto,Vila Raio de Luz,vila raio de luz,-15.9566449,-48.2914791,brasil_aberto_first_street,True
GO,5219753,Santo Antônio do Descoberto,Vila São Luiz,vila sao luiz,-15.9514827,-48.2796016,brasil_aberto_first_street,True
GO,5219753,Santo Antônio do Descoberto,Vila São Luiz II,vila sao luiz ii,-15.9514827,-48.2796016,brasil_aberto_first_street,True
GO,5219753,Santo Antônio do Descoberto,Vila União,vila uniao,-15.944691,-48.2622,mapbox_geocoding,True
GO,5219803,São Domingos,Setor Leste,setor leste,-16.6767339,-49.2460984,brasil_aberto_first_street,True
GO,5219902,São Francisco de Goiás,Setor Central,setor central,-15.9295412,-49.26130879999999,brasil_aberto_first_street,True
GO,5220009,São João d'Aliança,Centro,centro,-14.7072069,-47.5246299,brasil_aberto_first_street,True
GO,5220009,São João d'Aliança,Forte,forte,,,dne,True
GO,5220058,São João da Paraúna,Setor Central,setor central,-16.8144734,-50.4091552,brasil_aberto_first_street,True
GO,5220108,São Luís de Montes Belos,Alvorada,alvorada,-16.525817,-50.371278,mapbox_geocoding,True
GO,5220108,São Luís de Montes Belos,Anhanguera,anhanguera,-16.53658,-50.360376,mapbox_geocoding,True
GO,5220108,São Luís de Montes Belos,Área Rural de São Luís de Montes Belos,area rural de sao luis de montes belos,-16.5249984,-50.3706945,brasil_aberto_first_street,True
GO,5220108,São Luís de Montes Belos,Brasilândia,brasilandia,,,dne,True
GO,5220108,São Luís de Montes Belos,Jardim Amendoeiras,jardim amendoeiras,-16.524334,-50.395167,mapbox_geocoding,True
GO,5220108,São Luís de Montes Belos,Jardim Boa Vista,jardim boa vista,-16.509285,-50.369133,mapbox_geocoding,True
GO,5220108,São Luís de Montes Belos,Jardim Boa Vista 3,jardim boa vista 3,-16.509285,-50.369133,mapbox_geocoding,True
GO,5220108,São Luís de Montes Belos,Jardim Boa Vista Complementar,jardim boa vista complementar,-16.505506,-50.369662,mapbox_geocoding,True
GO,5220108,São Luís de Montes Belos,Jardim Primavera,jardim primavera,-16.504898,-50.381952,mapbox_geocoding,True
GO,5220108,São Luís de Montes Belos,Jardins da Serra,jardins da serra,-16.5083,-50.365175,mapbox_geocoding,True
GO,5220108,São Luís de Montes Belos,Jardins Planalto,jardins planalto,-16.501397,-50.388721,mapbox_geocoding,True
GO,5220108,São Luís de Montes Belos,Morumbi,morumbi,,,dne,True
GO,5220108,São Luís de Montes Belos,Parque Bela Vista 2ª Etapa,parque bela vista 2a etapa,-16.518964,-50.375616,mapbox_geocoding,True
GO,5220108,São Luís de Montes Belos,Parque Bela Vista 3ª Etapa,parque bela vista 3a etapa,-16.53658,-50.360376,mapbox_geocoding,True
GO,5220108,São Luís de Montes Belos,Parque dos Buritis,parque dos buritis,-16.317484,-50.356412,mapbox_geocoding,True
GO,5220108,São Luís de Montes Belos,Parque Industrial,parque industrial,-16.317484,-50.356412,mapbox_geocoding,True
GO,5220108,São Luís de Montes Belos,Parque Industrial Complementar,parque industrial complementar,-16.52112,-50.37131,mapbox_geocoding,True
GO,5220108,São Luís de Montes Belos,Parque Industrial - II Etapa,parque industrial ii etapa,-16.531383,-50.385457,mapbox_geocoding,True
GO,5220108,São Luís de Montes Belos,Parque Lédio Paulo,parque ledio paulo,-16.528575,-50.386909,mapbox_geocoding,True
GO,5220108,São Luís de Montes Belos,Parque Lédio Paulo 2ª Etapa,parque ledio paulo 2a etapa,-16.525932,-50.384739,mapbox_geocoding,True
GO,5220108,São Luís de Montes Belos,Portal da Serra,portal da serra,-16.531694,-50.359121,mapbox_geocoding,True
GO,5220108,São Luís de Montes Belos,Portal do Lago,portal do lago,-16.53658,-50.360376,mapbox_geocoding,True
GO,5220108,São Luís de Montes Belos,Residencial Aliança,residencial alianca,-16.490166,-50.388767,mapbox_geocoding,True
GO,5220108,São Luís de Montes Belos,Residencial Almeida,residencial almeida,-16.516063,-50.384734,mapbox_geocoding,True
GO,5220108,São Luís de Montes Belos,Residencial Alto da Boa Vista,residencial alto da boa vista,-16.53658,-50.360376,mapbox_geocoding,True
GO,5220108,São Luís de Montes Belos,Residencial Alto da Boa Vista II,residencial alto da boa vista ii,-16.516092,-50.386247,mapbox_geocoding,True
GO,5220108,São Luís de Montes Belos,Residencial Ana Júllia,residencial ana jullia,-16.575386,-50.293958,mapbox_geocoding,True
GO,5220108,São Luís de Montes Belos,Residencial Araras,residencial araras,-16.511357,-50.392647,mapbox_geocoding,True
GO,5220108,São Luís de Montes Belos,Residencial Araras Complementar,residencial araras complementar,-16.5164981,-50.3635021,brasil_aberto_first_street,True
GO,5220108,São Luís de Montes Belos,Residencial Belo Horizonte,residencial belo horizonte,-16.507194,-50.386369,mapbox_geocoding,True
GO,5220108,São Luís de Montes Belos,Residencial Brisas,residencial brisas,-16.524334,-50.395167,mapbox_geocoding,True
GO,5220108,São Luís de Montes Belos,Residencial Brisas da Mata I,residencial brisas da mata i,-16.501397,-50.388721,mapbox_geocoding,True
GO,5220108,São Luís de Montes Belos,Residencial Brisas da Mata II,residencial brisas da mata ii,-16.501397,-50.388721,mapbox_geocoding,True
GO,5220108,São Luís de Montes Belos,Residencial Califórnia,residencial california,-16.52112,-50.37131,mapbox_geocoding,True
GO,5220108,São Luís de Montes Belos,Residencial Carvalho,residencial carvalho,-16.417967,-50.167749,mapbox_geocoding,True
GO,5220108,São Luís de Montes Belos,Residencial Eldorado,residencial eldorado,-16.501466,-50.380707,mapbox_geocoding,True
GO,5220108,São Luís de Montes Belos,Residencial Girassol,residencial girassol,-16.504901,-50.379724,mapbox_geocoding,True
GO,5220108,São Luís de Montes Belos,Residencial Graciosa,residencial graciosa,-16.531172,-50.395493,mapbox_geocoding,True
GO,5220108,São Luís de Montes Belos,Residencial Ipê,residencial ipe,-16.52112,-50.37131,mapbox_geocoding,True
GO,5220108,São Luís de Montes Belos,Residencial Ipê II,residencial ipe ii,-16.509285,-50.369133,mapbox_geocoding,True
GO,5220108,São Luís de Montes Belos,Residencial Malibu,residencial malibu,-16.53658,-50.360376,mapbox_geocoding,True
GO,5220108,São Luís de Montes Belos,Residencial Mirandas,residencial mirandas,-16.504854,-50.391173,mapbox_geocoding,True
GO,5220108,São Luís de Montes Belos,Residencial Morada Nova,residencial morada nova,-16.504901,-50.379724,mapbox_geocoding,True
GO,5220108,São Luís de Montes Belos,Residencial Morada Nova Complementar,residencial morada nova complementar,-16.509285,-50.369133,mapbox_geocoding,True
GO,5220108,São Luís de Montes Belos,Residencial Paineiras,residencial paineiras,-16.529875,-50.362055,mapbox_geocoding,True
GO,5220108,São Luís de Montes Belos,Residencial Paraíso,residencial paraiso,-16.53658,-50.360376,mapbox_geocoding,True
GO,5220108,São Luís de Montes Belos,Residencial Paraíso II,residencial paraiso ii,-16.504854,-50.391173,mapbox_geocoding,True
GO,5220108,São Luís de Montes Belos,Residencial Pedro Miguel,residencial pedro miguel,-16.522585,-50.382838,mapbox_geocoding,True
GO,5220108,São Luís de Montes Belos,Residencial Portal do Parque,residencial portal do parque,-16.506819,-50.384437,mapbox_geocoding,True
GO,5220108,São Luís de Montes Belos,Residencial Santa Ana I,residencial santa ana i,-16.511579,-50.394003,mapbox_geocoding,True
GO,5220108,São Luís de Montes Belos,Residencial Santa Ana II,residencial santa ana ii,-16.511579,-50.394003,mapbox_geocoding,True
GO,5220108,São Luís de Montes Belos,Residencial Santa Ana III,residencial santa ana iii,-16.511579,-50.394003,mapbox_geocoding,True
GO,5220108,São Luís de Montes Belos,Residencial Santa Ana IV,residencial santa ana iv,-16.511579,-50.394003,mapbox_geocoding,True
GO,5220108,São Luís de Montes Belos,Residencial São Caetano,residencial sao caetano,-16.530739,-50.360068,mapbox_geocoding,True
GO,5220108,São Luís de Montes Belos,Residencial Serra Dourada,residencial serra dourada,-16.509715,-50.365929,mapbox_geocoding,True
GO,5220108,São Luís de Montes Belos,Residencial Serra Linda,residencial serra linda,-16.531694,-50.359121,mapbox_geocoding,True
GO,5220108,São Luís de Montes Belos,Residencial Serra Verde I,residencial serra verde i,-16.512685,-50.365322,mapbox_geocoding,True
GO,5220108,São Luís de Montes Belos,Residencial Serra Verde II,residencial serra verde ii,-16.531694,-50.359121,mapbox_geocoding,True
GO,5220108,São Luís de Montes Belos,Residencial Serra Verde III,residencial serra verde iii,-16.531694,-50.359121,mapbox_geocoding,True
GO,5220108,São Luís de Montes Belos,Residencial Setor Sul,residencial setor sul,-16.52112,-50.37131,mapbox_geocoding,True
GO,5220108,São Luís de Montes Belos,Residencial Thaís,residencial thais,-16.518964,-50.375616,mapbox_geocoding,True
GO,5220108,São Luís de Montes Belos,Residencila Pôr do Sol,residencila por do sol,-16.516717,-50.392204,mapbox_geocoding,True
GO,5220108,São Luís de Montes Belos,Rosalândia,rosalandia,,,dne,True
GO,5220108,São Luís de Montes Belos,Santana,santana,-16.525634,-50.375561,mapbox_geocoding,True
GO,5220108,São Luís de Montes Belos,Santo Antônio,santo antonio,,,dne,True
GO,5220108,São Luís de Montes Belos,São Pedro,sao pedro,,,dne,True
GO,5220108,São Luís de Montes Belos,Setor Bela Vista,setor bela vista,-16.5192768,-50.3751886,brasil_aberto_first_street,True
GO,5220108,São Luís de Montes Belos,Setor Central,setor central,-16.525456,-50.368674,mapbox_geocoding,True
GO,5220108,São Luís de Montes Belos,Setor Cibrazem,setor cibrazem,-16.509285,-50.369133,mapbox_geocoding,True
GO,5220108,São Luís de Montes Belos,Setor Cláudia,setor claudia,-16.512137,-50.376285,mapbox_geocoding,True
GO,5220108,São Luís de Montes Belos,Setor Industrial,setor industrial,-16.317484,-50.356412,mapbox_geocoding,True
GO,5220108,São Luís de Montes Belos,Setor Inicial,setor inicial,-16.525456,-50.368674,mapbox_geocoding,True
GO,5220108,São Luís de Montes Belos,Setor JK,setor jk,-16.417967,-50.167749,mapbox_geocoding,True
GO,5220108,São Luís de Montes Belos,Setor JK - 2ª Etapa,setor jk 2a etapa,-16.525837,-50.384747,mapbox_geocoding,True
GO,5220108,São Luís de Montes Belos,Setor JK Complementar,setor jk complementar,-16.575059,-50.29481,mapbox_geocoding,True
GO,5220108,São Luís de Montes Belos,Setor Montes Belos,setor montes belos,-16.525817,-50.371278,mapbox_geocoding,True
GO,5220108,São Luís de Montes Belos,Setor Montes Belos 2ª Etapa,setor montes belos 2a etapa,-16.509285,-50.369133,mapbox_geocoding,True
GO,5220108,São Luís de Montes Belos,Setor Montes Belos 2ª Etapa Complementar,setor montes belos 2a etapa complementar,-16.509285,-50.369133,mapbox_geocoding,True
GO,5220108,São Luís de Montes Belos,Setor Montes Belos 3ª Etapa,setor montes belos 3a etapa,-16.509285,-50.369133,mapbox_geocoding,True
GO,5220108,São Luís de Montes Belos,Setor Montes Belos 4ª Etapa,setor montes belos 4a etapa,-16.52112,-50.37131,mapbox_geocoding,True
GO,5220108,São Luís de Montes Belos,Setor Oeste I,setor oeste i,-16.511158,-50.372689,mapbox_geocoding,True
GO,5220108,São Luís de Montes Belos,Setor Oeste II,setor oeste ii,-16.501397,-50.388721,mapbox_geocoding,True
GO,5220108,São Luís de Montes Belos,Setor Oeste III,setor oeste iii,-16.511158,-50.372689,mapbox_geocoding,True
GO,5220108,São Luís de Montes Belos,Setor Parque Agropecuário,setor parque agropecuario,-16.317484,-50.356412,mapbox_geocoding,True
GO,5220108,São Luís de Montes Belos,Setor Parque Agropecuário II,setor parque agropecuario ii,-16.531199,-50.381915,mapbox_geocoding,True
GO,5220108,São Luís de Montes Belos,Setor Parque Agropecuário III,setor parque agropecuario iii,-16.490166,-50.388767,mapbox_geocoding,True
GO,5220108,São Luís de Montes Belos,Setor Planura Verde,setor planura verde,-16.474701,-50.385399,mapbox_geocoding,True
GO,5220108,São Luís de Montes Belos,Setor Rodoviário,setor rodoviario,-16.525456,-50.368674,mapbox_geocoding,True
GO,5220108,São Luís de Montes Belos,Setor Rodoviário 2ª Etapa,setor rodoviario 2a etapa,-16.522585,-50.382838,mapbox_geocoding,True
GO,5220108,São Luís de Montes Belos,Setor Rodoviário 3ª Etapa,setor rodoviario 3a etapa,-16.522585,-50.382838,mapbox_geocoding,True
GO,5220108,São Luís de Montes Belos,Setor Rodoviário Complementar,setor rodoviario complementar,-16.512137,-50.376285,mapbox_geocoding,True
GO,5220108,São Luís de Montes Belos,Setor Santa Luzia,setor santa luzia,-16.526479,-50.380033,mapbox_geocoding,True
GO,5220108,São Luís de Montes Belos,Setor Santa Luzia - 2ª Etapa,setor santa luzia 2a etapa,-16.574605,-50.295908,mapbox_geocoding,True
GO,5220108,São Luís de Montes Belos,Setor São José,setor sao jose,-16.526286,-50.378055,mapbox_geocoding,True
GO,5220108,São Luís de Montes Belos,Setor São José - 2ª Etapa,setor sao jose 2a etapa,-16.522585,-50.382838,mapbox_geocoding,True
GO,5220108,São Luís de Montes Belos,Setor São José - 2ª Etapa Complementar,setor sao jose 2a etapa complementar,-16.575178,-50.295577,mapbox_geocoding,True
GO,5220108,São Luís de Montes Belos,Setor São José - 3ª Etapa,setor sao jose 3a etapa,-16.526286,-50.378055,mapbox_geocoding,True
GO,5220108,São Luís de Montes Belos,Setor São José - 4ª Etapa,setor sao jose 4a etapa,-16.522585,-50.382838,mapbox_geocoding,True
GO,5220108,São Luís de Montes Belos,Setor São José - 5ª Etapa,setor sao jose 5a etapa,-16.574605,-50.295908,mapbox_geocoding,True
GO,5220108,São Luís de Montes Belos,Setor Serra Bela,setor serra bela,-16.531694,-50.359121,mapbox_geocoding,True
GO,5220108,São Luís de Montes Belos,Setor Serrania,setor serrania,-16.525456,-50.368674,mapbox_geocoding,True
GO,5220108,São Luís de Montes Belos,Setor Serrania Complementar,setor serrania complementar,-16.525456,-50.368674,mapbox_geocoding,True
GO,5220108,São Luís de Montes Belos,Setor Trevo,setor trevo,-16.525817,-50.371278,mapbox_geocoding,True
GO,5220108,São Luís de Montes Belos,Setor Universitário,setor universitario,-16.531694,-50.359121,mapbox_geocoding,True
GO,5220108,São Luís de Montes Belos,Setor Universitário II,setor universitario ii,-16.531694,-50.359121,mapbox_geocoding,True
GO,5220108,São Luís de Montes Belos,Setor Vânia Cruz,setor vania cruz,-16.5317,-50.387841,mapbox_geocoding,True
GO,5220108,São Luís de Montes Belos,Silvolândia,silvolandia,,,dne,True
GO,5220108,São Luís de Montes Belos,Vila Aeroporto,vila aeroporto,-16.507194,-50.386369,mapbox_geocoding,True
GO,5220108,São Luís de Montes Belos,Vila Aeroporto 2,vila aeroporto 2,-16.507194,-50.386369,mapbox_geocoding,True
GO,5220108,São Luís de Montes Belos,Vila Boa,vila boa,-16.53658,-50.360376,mapbox_geocoding,True
GO,5220108,São Luís de Montes Belos,Vila Boa 2ª Etapa,vila boa 2a etapa,-16.53658,-50.360376,mapbox_geocoding,True
GO,5220108,São Luís de Montes Belos,Vila Canaã I,vila canaa i,-16.417967,-50.167749,mapbox_geocoding,True
GO,5220108,São Luís de Montes Belos,Vila Canaã II,vila canaa ii,-16.574784,-50.295645,mapbox_geocoding,True
GO,5220108,São Luís de Montes Belos,Vila Dona Quininha,vila dona quininha,-16.515278,-50.39284,mapbox_geocoding,True
GO,5220108,São Luís de Montes Belos,Vila Eduarda,vila eduarda,-16.575289,-50.294205,mapbox_geocoding,True
GO,5220108,São Luís de Montes Belos,Vila Eduarda 2ª Etapa,vila eduarda 2a etapa,-16.509285,-50.369133,mapbox_geocoding,True
GO,5220108,São Luís de Montes Belos,Vila Eduarda III Etapa,vila eduarda iii etapa,-16.509285,-50.369133,mapbox_geocoding,True
GO,5220108,São Luís de Montes Belos,Vila Mutirão,vila mutirao,-16.417967,-50.167749,mapbox_geocoding,True
GO,5220108,São Luís de Montes Belos,Vila Nova,vila nova,-16.509285,-50.369133,mapbox_geocoding,True
GO,5220108,São Luís de Montes Belos,Vila Popular,vila popular,-16.515837,-50.374351,mapbox_geocoding,True
GO,5220108,São Luís de Montes Belos,Vila União,vila uniao,-16.417967,-50.167749,mapbox_geocoding,True
GO,5220157,São Luiz do Norte,Setor Central,setor central,-14.8610205,-49.3339775,brasil_aberto_first_street,True
GO,5220207,São Miguel do Araguaia,Centro (Tataíra),centro tataira,-13.2753398,-50.1680878,brasil_aberto_first_street,True
GO,5220207,São Miguel do Araguaia,Luiz Alves,luiz alves,-13.2117743,-50.5817047,brasil_aberto_first_street,True
GO,5220207,São Miguel do Araguaia,Setor Central,setor central,-13.2734254,-50.1704373,brasil_aberto_first_street,True
GO,5220264,São Miguel do Passa Quatro,Setor Central,setor central,-17.0564654,-48.6645687,brasil_aberto_first_street,True
GO,5220280,São Patrício,Setor Bouganville,setor bouganville,-15.34869,-49.81695,mapbox_geocoding,True
GO,5220280,São Patrício,Setor Central,setor central,-15.3498522,-49.8163116,brasil_aberto_first_street,True
GO,5220405,São Simão,Itaguaçu,itaguacu,,,dne,True
GO,5220405,São Simão,Residencial CEMIG,residencial cemig,-18.999158,-50.55266,mapbox_geocoding,True
GO,5220405,São Simão,Setor Central,setor central,-19.012264,-50.6780594,brasil_aberto_first_street,True
GO,5220454,Senador Canedo,Alvorada,alvorada,-16.6846895,-49.1053426,brasil_aberto_first_street,True
GO,5220454,Senador Canedo,Área Rural de Senador Canedo,area rural de senador canedo,-16.7001459,-49.0999618,brasil_aberto_first_street,True
GO,5220454,Senador Canedo,Bosque das Flores Residencial,bosque das flores residencial,-16.6963017,-49.0687957,brasil_aberto_first_street,True
GO,5220454,Senador Canedo,Bosque das Orquídeas Residencial,bosque das orquideas residencial,-16.714186,-49.154454,mapbox_geocoding,True
GO,5220454,Senador Canedo,Bosque Sereno Residencial,bosque sereno residencial,-16.7226663,-49.0988314,brasil_aberto_first_street,True
GO,5220454,Senador Canedo,Chácara Santa Luzia,chacara santa luzia,-16.6523301,-49.1501852,brasil_aberto_first_street,True
GO,5220454,Senador Canedo,Chácaras Bonsucesso,chacaras bonsucesso,-16.6720893,-49.0665589,brasil_aberto_first_street,True
GO,5220454,Senador Canedo,Chácaras Retiro,chacaras retiro,-16.6704113,-49.1598669,brasil_aberto_first_street,True
GO,5220454,Senador Canedo,Chácaras São Geraldo,chacaras sao geraldo,-16.7156547,-49.0927566,brasil_aberto_first_street,True
GO,5220454,Senador Canedo,Chácaras Vargem Bonita,chacaras vargem bonita,-16.7512624,-49.1493435,brasil_aberto_first_street,True
GO,5220454,Senador Canedo,Chácaras Vargem Bonita II,chacaras vargem bonita ii,-16.756746,-49.0941718,brasil_aberto_first_street,True
GO,5220454,Senador Canedo,Clube Social dos Cabos e Soldados,clube social dos cabos e soldados,-16.7001459,-49.0999618,brasil_aberto_first_street,True
GO,5220454,Senador Canedo,Codomínio Garden Flamboyant,codominio garden flamboyant,-16.701197,-49.102247,mapbox_geocoding,True
GO,5220454,Senador Canedo,Condomínio Alta Vista I,condominio alta vista i,-16.7699579,-49.0967291,brasil_aberto_first_street,True
GO,5220454,Senador Canedo,Condomínio Alta Vista II,condominio alta vista ii,-16.7628454,-49.1000223,brasil_aberto_first_street,True
GO,5220454,Senador Canedo,Condomínio Alto da Boa Vista,condominio alto da boa vista,-16.7628454,-49.1000223,brasil_aberto_first_street,True
GO,5220454,Senador Canedo,Condomínio Ecológico Mansões Morumbi,condominio ecologico mansoes morumbi,-16.8009006,-49.12911800000001,brasil_aberto_first_street,True
GO,5220454,Senador Canedo,Condomínio Opus 1 - Terra da Grama,condominio opus 1 terra da grama,-16.69843,-49.101517,mapbox_geocoding,True
GO,5220454,Senador Canedo,Condomínio Portugal,condominio portugal,-16.6971205,-49.1824062,brasil_aberto_first_street,True
GO,5220454,Senador Canedo,Condomínio Reserva Flamboyant,condominio reserva flamboyant,-16.69843,-49.101517,mapbox_geocoding,True
GO,5220454,Senador Canedo,Condomínio Solar Itália,condominio solar italia,-16.682016,-49.146004,mapbox_geocoding,True
GO,5220454,Senador Canedo,Condomínio Tovolândia,condominio tovolandia,-16.6561975,-49.1581725,brasil_aberto_first_street,True
GO,5220454,Senador Canedo,Condomínio Vinhas,condominio vinhas,-16.69843,-49.101517,mapbox_geocoding,True
GO,5220454,Senador Canedo,Conjunto Habitacional Dona Lindu,conjunto habitacional dona lindu,-16.7294923,-49.08498909999999,brasil_aberto_first_street,True
GO,5220454,Senador Canedo,Conjunto Habitacional Jardim Sabiá,conjunto habitacional jardim sabia,-16.7028769,-49.1010298,brasil_aberto_first_street,True
GO,5220454,Senador Canedo,Conjunto Habitacional Nova Morada,conjunto habitacional nova morada,-16.6844725,-49.1834919,brasil_aberto_first_street,True
GO,5220454,Senador Canedo,Conjunto Habitacional Nova Morada II,conjunto habitacional nova morada ii,-16.6844725,-49.1834919,brasil_aberto_first_street,True
GO,5220454,Senador Canedo,Conjunto Margarida Procópio,conjunto margarida procopio,-16.6860531,-49.188364,brasil_aberto_first_street,True
GO,5220454,Senador Canedo,Conjunto Morada do Morro,conjunto morada do morro,-16.6896316,-49.1174987,brasil_aberto_first_street,True
GO,5220454,Senador Canedo,Conjunto Uirapuru,conjunto uirapuru,-16.694721,-49.1005143,brasil_aberto_first_street,True
GO,5220454,Senador Canedo,Das Indústrias,das industrias,-16.686392,-49.0939458,brasil_aberto_first_street,True
GO,5220454,Senador Canedo,Distrito Agroindustrial de Senador Canedo,distrito agroindustrial de senador canedo,-16.7248311,-49.127197,brasil_aberto_first_street,True
GO,5220454,Senador Canedo,Distrito Industrial Brasil Central,distrito industrial brasil central,-16.6898216,-49.1129998,brasil_aberto_first_street,True
GO,5220454,Senador Canedo,Estância Vargem Bonita,estancia vargem bonita,-16.7552874,-49.1282114,brasil_aberto_first_street,True
GO,5220454,Senador Canedo,Fazenda Vargem Bonita,fazenda vargem bonita,-16.729622,-49.112796,mapbox_geocoding,True
GO,5220454,Senador Canedo,Industrial Estrela do Sul,industrial estrela do sul,-16.649071,-49.1473649,brasil_aberto_first_street,True
GO,5220454,Senador Canedo,Jardim Bougainville,jardim bougainville,-16.7122684,-49.1001426,brasil_aberto_first_street,True
GO,5220454,Senador Canedo,Jardim das Oliveiras,jardim das oliveiras,-16.6519442,-49.156653,brasil_aberto_first_street,True
GO,5220454,Senador Canedo,Jardim das Oliveiras II,jardim das oliveiras ii,-16.667891,-49.1484514,brasil_aberto_first_street,True
GO,5220454,Senador Canedo,Jardim do Lago,jardim do lago,-16.6704919,-49.1020241,brasil_aberto_first_street,True
GO,5220454,Senador Canedo,Jardim Flamboyant,jardim flamboyant,-16.6837525,-49.1696849,brasil_aberto_first_street,True
GO,5220454,Senador Canedo,Jardim Flamboyant - 2ª Etapa,jardim flamboyant 2a etapa,-16.6889193,-49.1045081,brasil_aberto_first_street,True
GO,5220454,Senador Canedo,Jardim Ingá,jardim inga,-16.6671897,-49.1452633,brasil_aberto_first_street,True
GO,5220454,Senador Canedo,Jardim Liberdade,jardim liberdade,-16.6563436,-49.1648735,brasil_aberto_first_street,True
GO,5220454,Senador Canedo,Jardim Nova Goiânia,jardim nova goiania,-16.6831425,-49.1157822,brasil_aberto_first_street,True
GO,5220454,Senador Canedo,Jardim Primavera,jardim primavera,-16.7249273,-49.0846141,brasil_aberto_first_street,True
GO,5220454,Senador Canedo,Jardim Sevilha,jardim sevilha,-16.7280897,-49.0845888,brasil_aberto_first_street,True
GO,5220454,Senador Canedo,Jardim Todos os Santos,jardim todos os santos,-16.7039456,-49.0958048,brasil_aberto_first_street,True
GO,5220454,Senador Canedo,Jardim Todos os Santos II,jardim todos os santos ii,-16.7039456,-49.0958048,brasil_aberto_first_street,True
GO,5220454,Senador Canedo,Jardim Todos os Santos III,jardim todos os santos iii,-16.7122175,-49.0892331,brasil_aberto_first_street,True
GO,5220454,Senador Canedo,Jardins Barcelona,jardins barcelona,-16.6780076,-49.1692025,brasil_aberto_first_street,True
GO,5220454,Senador Canedo,Jardins Berlim,jardins berlim,-16.69843,-49.101517,mapbox_geocoding,True
GO,5220454,Senador Canedo,Jardins Bolonha,jardins bolonha,-16.6964579,-49.1472446,brasil_aberto_first_street,True
GO,5220454,Senador Canedo,Jardins Capri,jardins capri,-16.7226663,-49.0988314,brasil_aberto_first_street,True
GO,5220454,Senador Canedo,Jardins Frankfurt,jardins frankfurt,-16.69843,-49.101517,mapbox_geocoding,True
GO,5220454,Senador Canedo,Jardins Grécia,jardins grecia,-16.61891,-48.740592,mapbox_geocoding,True
GO,5220454,Senador Canedo,Jardins Montreal,jardins montreal,-16.719997,-49.087535,mapbox_geocoding,True
GO,5220454,Senador Canedo,Jardins Nápoles,jardins napoles,-16.6877713,-49.1532577,brasil_aberto_first_street,True
GO,5220454,Senador Canedo,Jardins Parma,jardins parma,-16.7135648,-49.14228960000001,brasil_aberto_first_street,True
GO,5220454,Senador Canedo,Jardins Porto,jardins porto,-16.6838965,-49.1678113,brasil_aberto_first_street,True
GO,5220454,Senador Canedo,Jardins Quebec,jardins quebec,-16.720396,-49.087504,mapbox_geocoding,True
GO,5220454,Senador Canedo,Jardins Roma,jardins roma,-16.69843,-49.101517,mapbox_geocoding,True
GO,5220454,Senador Canedo,Jardins Turim,jardins turim,-16.726121,-49.087018,mapbox_geocoding,True
GO,5220454,Senador Canedo,Lifa Home,lifa home,-16.69843,-49.101517,mapbox_geocoding,True
GO,5220454,Senador Canedo,Loteamento Fechado FFM1,loteamento fechado ffm1,-16.69843,-49.101517,mapbox_geocoding,True
GO,5220454,Senador Canedo,Loteamento Fechado FFM2,loteamento fechado ffm2,-16.69843,-49.101517,mapbox_geocoding,True
GO,5220454,Senador Canedo,Parque Alvorada,parque alvorada,-16.6572822,-49.163925,brasil_aberto_first_street,True
GO,5220454,Senador Canedo,Parque Alvorada 2A,parque alvorada 2a,-16.6571999,-49.1662291,brasil_aberto_first_street,True
GO,5220454,Senador Canedo,Parque Alvorada II,parque alvorada ii,-16.6572822,-49.163925,brasil_aberto_first_street,True
GO,5220454,Senador Canedo,Parque Industrial de Senador Canedo,parque industrial de senador canedo,-16.7257792,-49.0932224,brasil_aberto_first_street,True
GO,5220454,Senador Canedo,Parque Residencial Morumbi,parque residencial morumbi,-16.7908992,-49.1393124,brasil_aberto_first_street,True
GO,5220454,Senador Canedo,Pólo Educacional e Cultural de Senador Canedo,polo educacional e cultural de senador canedo,-16.674838,-49.1383345,brasil_aberto_first_street,True
GO,5220454,Senador Canedo,Polo Empresarial Maria Pires Perillo,polo empresarial maria pires perillo,-16.7186418,-49.1177509,brasil_aberto_first_street,True
GO,5220454,Senador Canedo,Pólo Empresarial Monte Horebe,polo empresarial monte horebe,-16.6916209,-49.1871904,brasil_aberto_first_street,True
GO,5220454,Senador Canedo,Polo Empresarial Nova Canaã,polo empresarial nova canaa,-16.694388,-49.1000557,brasil_aberto_first_street,True
GO,5220454,Senador Canedo,Polo Empresarial Nova Canaã II,polo empresarial nova canaa ii,-16.694388,-49.1000557,brasil_aberto_first_street,True
GO,5220454,Senador Canedo,Recanto dos Sonhos,recanto dos sonhos,-16.7059407,-49.10318669999999,brasil_aberto_first_street,True
GO,5220454,Senador Canedo,Reserva Jardim Canedo,reserva jardim canedo,-16.69843,-49.101517,mapbox_geocoding,True
GO,5220454,Senador Canedo,Reserva Jardim Canedo - Condomínio A,reserva jardim canedo condominio a,-16.715341,-49.087784,mapbox_geocoding,True
GO,5220454,Senador Canedo,Reserva Jardim Canedo - Condomínio B,reserva jardim canedo condominio b,-14.071189,-46.342823,mapbox_geocoding,True
GO,5220454,Senador Canedo,Residencial Anuar Auad,residencial anuar auad,-16.6910444,-49.09489300000001,brasil_aberto_first_street,True
GO,5220454,Senador Canedo,Residencial Aracy Amaral,residencial aracy amaral,-16.740148,-49.0731999,brasil_aberto_first_street,True
GO,5220454,Senador Canedo,Residencial Aurora das Mansões,residencial aurora das mansoes,-16.7943621,-49.1260695,brasil_aberto_first_street,True
GO,5220454,Senador Canedo,Residencial Boa Esperança,residencial boa esperanca,-16.6709424,-49.1062159,brasil_aberto_first_street,True
GO,5220454,Senador Canedo,Residencial Boa Vista,residencial boa vista,-16.6743402,-49.1093111,brasil_aberto_first_street,True
GO,5220454,Senador Canedo,Residencial Boa Vista II,residencial boa vista ii,-16.6743402,-49.1093111,brasil_aberto_first_street,True
GO,5220454,Senador Canedo,Residencial Buriti,residencial buriti,-16.6922816,-49.0816808,brasil_aberto_first_street,True
GO,5220454,Senador Canedo,Residencial Campo Belo,residencial campo belo,-16.7001459,-49.0999618,brasil_aberto_first_street,True
GO,5220454,Senador Canedo,Residencial Condomínio Jardim Veneza,residencial condominio jardim veneza,-16.6843329,-49.1524823,brasil_aberto_first_street,True
GO,5220454,Senador Canedo,Residencial Dona Genesi,residencial dona genesi,-16.69843,-49.101517,mapbox_geocoding,True
GO,5220454,Senador Canedo,Residencial Dra Zélia Nunes,residencial dra zelia nunes,-16.69843,-49.101517,mapbox_geocoding,True
GO,5220454,Senador Canedo,Residencial Ecológico Araguaia,residencial ecologico araguaia,-16.7226663,-49.0988314,brasil_aberto_first_street,True
GO,5220454,Senador Canedo,Residencial Entre Lagos,residencial entre lagos,-16.720396,-49.087504,mapbox_geocoding,True
GO,5220454,Senador Canedo,Residencial Flor do Ipê I,residencial flor do ipe i,-16.6528256,-49.1296433,brasil_aberto_first_street,True
GO,5220454,Senador Canedo,Residencial Flor do Ipê II,residencial flor do ipe ii,-16.6581798,-49.1287806,brasil_aberto_first_street,True
GO,5220454,Senador Canedo,Residencial Flores do Campo,residencial flores do campo,-16.739102,-49.0839227,brasil_aberto_first_street,True
GO,5220454,Senador Canedo,Residencial Gênova,residencial genova,-16.6967918,-49.1013698,brasil_aberto_first_street,True
GO,5220454,Senador Canedo,Residencial Hebrom,residencial hebrom,-16.6543127,-49.1381982,brasil_aberto_first_street,True
GO,5220454,Senador Canedo,Residencial Jardim Canedo,residencial jardim canedo,-16.699941,-49.1033244,brasil_aberto_first_street,True
GO,5220454,Senador Canedo,Residencial Jardim Canedo II,residencial jardim canedo ii,-16.7057731,-49.1154218,brasil_aberto_first_street,True
GO,5220454,Senador Canedo,Residencial Jardim Canedo III,residencial jardim canedo iii,-16.7027209,-49.1204862,brasil_aberto_first_street,True
GO,5220454,Senador Canedo,Residencial Laranjeiras,residencial laranjeiras,-16.7388516,-49.0877462,brasil_aberto_first_street,True
GO,5220454,Senador Canedo,Residencial Marília,residencial marilia,-16.6950922,-49.1838736,brasil_aberto_first_street,True
GO,5220454,Senador Canedo,Residencial Morada do Bosque,residencial morada do bosque,-16.6904894,-49.1192742,brasil_aberto_first_street,True
GO,5220454,Senador Canedo,Residencial Morada do Sol,residencial morada do sol,-16.722833,-49.087314,mapbox_geocoding,True
GO,5220454,Senador Canedo,Residencial Paraíso,residencial paraiso,-16.686392,-49.0939458,brasil_aberto_first_street,True
GO,5220454,Senador Canedo,Residencial Paraíso II,residencial paraiso ii,-16.6826777,-49.0881002,brasil_aberto_first_street,True
GO,5220454,Senador Canedo,Residencial Parque das Flores,residencial parque das flores,-16.6504657,-49.1484633,brasil_aberto_first_street,True
GO,5220454,Senador Canedo,Residencial Parque dos Buritis,residencial parque dos buritis,-16.6788259,-49.1366922,brasil_aberto_first_street,True
GO,5220454,Senador Canedo,Residencial Pedro Miranda,residencial pedro miranda,-16.7296941,-49.0877382,brasil_aberto_first_street,True
GO,5220454,Senador Canedo,Residencial Porto Real,residencial porto real,-16.706743,-49.078904,mapbox_geocoding,True
GO,5220454,Senador Canedo,Residencial Porto Seguro,residencial porto seguro,-16.6626772,-49.1272896,brasil_aberto_first_street,True
GO,5220454,Senador Canedo,Residencial Prado,residencial prado,-16.7211841,-49.0964755,brasil_aberto_first_street,True
GO,5220454,Senador Canedo,Residencial Ravena,residencial ravena,-16.7215827,-49.0849012,brasil_aberto_first_street,True
GO,5220454,Senador Canedo,Residencial Recanto das Oliveiras,residencial recanto das oliveiras,-16.655805,-49.1494876,brasil_aberto_first_street,True
GO,5220454,Senador Canedo,Residencial Recanto das Veredas,residencial recanto das veredas,-16.690775,-49.0837534,brasil_aberto_first_street,True
GO,5220454,Senador Canedo,Residencial Rio Araguaia,residencial rio araguaia,-16.6593739,-49.1599613,brasil_aberto_first_street,True
GO,5220454,Senador Canedo,Residencial Riviera do Retiro,residencial riviera do retiro,-16.6514559,-49.1516564,brasil_aberto_first_street,True
GO,5220454,Senador Canedo,Residencial Santa Edwiges,residencial santa edwiges,-16.7127175,-49.145339,brasil_aberto_first_street,True
GO,5220454,Senador Canedo,Residencial Solar das Oliveiras,residencial solar das oliveiras,-16.6460684,-49.1428331,brasil_aberto_first_street,True
GO,5220454,Senador Canedo,Residencial Sonho Verde,residencial sonho verde,-16.6937881,-49.0670694,brasil_aberto_first_street,True
GO,5220454,Senador Canedo,Residencial Vale Verde,residencial vale verde,-16.6878518,-49.1638726,brasil_aberto_first_street,True
GO,5220454,Senador Canedo,Residencial Villa Verde,residencial villa verde,-16.7954058,-49.13596039999999,brasil_aberto_first_street,True
GO,5220454,Senador Canedo,Retiro do Pescador,retiro do pescador,-16.7082058,-49.1812979,brasil_aberto_first_street,True
GO,5220454,Senador Canedo,São Francisco,sao francisco,-16.7065183,-49.0788914,brasil_aberto_first_street,True
GO,5220454,Senador Canedo,São Francisco II,sao francisco ii,-16.7006858,-49.0796893,brasil_aberto_first_street,True
GO,5220454,Senador Canedo,São Francisco III,sao francisco iii,-16.69843,-49.101517,mapbox_geocoding,True
GO,5220454,Senador Canedo,Setor Castro's,setor castro s,-16.657135,-49.16697,brasil_aberto_first_street,True
GO,5220454,Senador Canedo,Setor Central,setor central,-16.7110633,-49.087498,brasil_aberto_first_street,True
GO,5220454,Senador Canedo,Setor Central 2,setor central 2,-16.7001459,-49.0999618,brasil_aberto_first_street,True
GO,5220454,Senador Canedo,Setor Central 3,setor central 3,-16.7058828,-49.0952407,brasil_aberto_first_street,True
GO,5220454,Senador Canedo,Setor Comercial,setor comercial,-16.7040041,-49.1082196,brasil_aberto_first_street,True
GO,5220454,Senador Canedo,Setor Comercial Salutis,setor comercial salutis,-16.69843,-49.101517,mapbox_geocoding,True
GO,5220454,Senador Canedo,Setor Estrela do Sul,setor estrela do sul,-16.649071,-49.1473649,brasil_aberto_first_street,True
GO,5220454,Senador Canedo,Setor Genoveva Rezende Machado,setor genoveva rezende machado,-16.6943517,-49.1046153,brasil_aberto_first_street,True
GO,5220454,Senador Canedo,Setor Matinha,setor matinha,-16.6415013,-49.137241,brasil_aberto_first_street,True
GO,5220454,Senador Canedo,Setor Monte Azul,setor monte azul,-16.7347759,-49.0863934,brasil_aberto_first_street,True
GO,5220454,Senador Canedo,Setor Morada Nova,setor morada nova,-16.6940068,-49.10419,brasil_aberto_first_street,True
GO,5220454,Senador Canedo,Setor Park Vitória,setor park vitoria,-16.7001459,-49.0999618,brasil_aberto_first_street,True
GO,5220454,Senador Canedo,Setor Vargem Bonita,setor vargem bonita,-16.6644991,-49.166267,brasil_aberto_first_street,True
GO,5220454,Senador Canedo,Sítios Boa Sorte,sitios boa sorte,-16.64928,-49.157025,brasil_aberto_first_street,True
GO,5220454,Senador Canedo,Sitios Mansões Retiro,sitios mansoes retiro,-16.7001459,-49.0999618,brasil_aberto_first_street,True
GO,5220454,Senador Canedo,Sítios Olhos D'agua,sitios olhos d agua,-16.756746,-49.0941718,brasil_aberto_first_street,True
GO,5220454,Senador Canedo,Sitios para Recreio Solar das Auroras,sitios para recreio solar das auroras,-16.7938118,-49.1259294,brasil_aberto_first_street,True
GO,5220454,Senador Canedo,Sítios Vale das Brisas,sitios vale das brisas,-16.7155305,-49.0741005,brasil_aberto_first_street,True
GO,5220454,Senador Canedo,Solar Monte Cristo,solar monte cristo,-16.6729792,-49.1145551,brasil_aberto_first_street,True
GO,5220454,Senador Canedo,Solar Park Ilhabela,solar park ilhabela,-16.7215827,-49.0849012,brasil_aberto_first_street,True
GO,5220454,Senador Canedo,Terrabela Cerrado I,terrabela cerrado i,-16.7292193,-49.0870206,brasil_aberto_first_street,True
GO,5220454,Senador Canedo,Terrabela Cerrado II,terrabela cerrado ii,-16.7292193,-49.0870206,brasil_aberto_first_street,True
GO,5220454,Senador Canedo,Terrabela Cerrado III,terrabela cerrado iii,-16.6837525,-49.1696849,brasil_aberto_first_street,True
GO,5220454,Senador Canedo,Terras Alpha Residencial 1,terras alpha residencial 1,-16.7527777,-49.0842689,brasil_aberto_first_street,True
GO,5220454,Senador Canedo,Terras Alpha Residencial 2,terras alpha residencial 2,-16.7528841,-49.0828152,brasil_aberto_first_street,True
GO,5220454,Senador Canedo,Top do Lago,top do lago,-16.685532,-49.093151,mapbox_geocoding,True
GO,5220454,Senador Canedo,Top do Parque,top do parque,-16.71241,-49.1384185,brasil_aberto_first_street,True
GO,5220454,Senador Canedo,Vila Bonsucesso,vila bonsucesso,-16.7106299,-49.0830497,brasil_aberto_first_street,True
GO,5220454,Senador Canedo,Vila Colonial,vila colonial,-16.767387,-49.094557,mapbox_geocoding,True
GO,5220454,Senador Canedo,Vila Galvão,vila galvao,-16.6952418,-49.1837797,brasil_aberto_first_street,True
GO,5220454,Senador Canedo,Vila Romana Condominio Horizontal,vila romana condominio horizontal,-16.69843,-49.101517,mapbox_geocoding,True
GO,5220454,Senador Canedo,Vila São João,vila sao joao,-16.6917489,-49.1904248,brasil_aberto_first_street,True
GO,5220454,Senador Canedo,Vila São Sebastião,vila sao sebastiao,-16.724742,-49.0903303,brasil_aberto_first_street,True
GO,5220454,Senador Canedo,Villa Toscana Condomínio Horizontal,villa toscana condominio horizontal,-16.69843,-49.101517,mapbox_geocoding,True
GO,5220504,Serranópolis,Setor Central,setor central,-18.3091569,-51.9621772,brasil_aberto_first_street,True
GO,5220603,Silvânia,Cruzeiro de Bom Jardim,cruzeiro de bom jardim,,,dne,True
GO,5220603,Silvânia,Setor Central,setor central,-16.6602762,-48.6059701,brasil_aberto_first_street,True
GO,5220686,Simolândia,Centro,centro,-14.4755523,-46.4853327,brasil_aberto_first_street,True
GO,5220702,Sítio d'Abadia,Centro,centro,-14.8049473,-46.2525483,brasil_aberto_first_street,True
GO,5221007,Taquaral de Goiás,Área Rural de Taquaral de Goiás,area rural de taquaral de goias,-16.053713,-49.603046,mapbox_geocoding,True
GO,5221007,Taquaral de Goiás,Benedito Lobo de Sena,benedito lobo de sena,-16.124159,-50.206369,mapbox_geocoding,True
GO,5221007,Taquaral de Goiás,Novo Taquaral,novo taquaral,-16.058703,-49.603864,mapbox_geocoding,True
GO,5221007,Taquaral de Goiás,Residencial Brandão,residencial brandao,-16.053713,-49.603046,mapbox_geocoding,True
GO,5221007,Taquaral de Goiás,Residencial dos Ipês,residencial dos ipes,-16.089764,-49.481116,mapbox_geocoding,True
GO,5221007,Taquaral de Goiás,Residencial Doutor Rosenval,residencial doutor rosenval,-15.913107,-50.126492,mapbox_geocoding,True
GO,5221007,Taquaral de Goiás,Residencial Lago da Serra,residencial lago da serra,-16.053713,-49.603046,mapbox_geocoding,True
GO,5221007,Taquaral de Goiás,Residencial Taquaral,residencial taquaral,-16.054704,-49.604661,mapbox_geocoding,True
GO,5221007,Taquaral de Goiás,Residencial Vista da Serra,residencial vista da serra,-15.913107,-50.126492,mapbox_geocoding,True
GO,5221007,Taquaral de Goiás,Residencial Vitória,residencial vitoria,-16.053713,-49.603046,mapbox_geocoding,True
GO,5221007,Taquaral de Goiás,Setor Arantes,setor arantes,-16.089764,-49.481116,mapbox_geocoding,True
GO,5221007,Taquaral de Goiás,Setor Central,setor central,-16.053713,-49.603046,mapbox_geocoding,True
GO,5221007,Taquaral de Goiás,Vila Mutirão,vila mutirao,-16.058703,-49.603864,mapbox_geocoding,True
GO,5221007,Taquaral de Goiás,Vila Nova,vila nova,-16.089764,-49.481116,mapbox_geocoding,True
GO,5221080,Teresina de Goiás,Centro,centro,-13.7771885,-47.2655729,brasil_aberto_first_street,True
GO,5221197,Terezópolis de Goiás,Área Rural de Terezópolis,area rural de terezopolis,-16.484,-49.093296,mapbox_geocoding,True
GO,5221197,Terezópolis de Goiás,Centro,centro,-15.948358,-50.150286,mapbox_geocoding,True
GO,5221197,Terezópolis de Goiás,Conj. Habitacional Francisco Pereira,conj habitacional francisco pereira,-16.488784,-49.092684,mapbox_geocoding,True
GO,5221197,Terezópolis de Goiás,Conjunto José Ferreira,conjunto jose ferreira,-16.479469,-49.098797,mapbox_geocoding,True
GO,5221197,Terezópolis de Goiás,Conjunto Maria P Pirilo,conjunto maria p pirilo,-16.461419,-49.064188,mapbox_geocoding,True
GO,5221197,Terezópolis de Goiás,Ecovila Santa Branca,ecovila santa branca,-16.484,-49.093296,mapbox_geocoding,True
GO,5221197,Terezópolis de Goiás,Jardim Terezópolis,jardim terezopolis,-15.934035,-50.140587,mapbox_geocoding,True
GO,5221197,Terezópolis de Goiás,Marinápolis,marinapolis,-16.458048,-49.065223,mapbox_geocoding,True
GO,5221197,Terezópolis de Goiás,Setor Central,setor central,,,brasil_aberto,True
GO,5221197,Terezópolis de Goiás,Setor Industrial,setor industrial,-15.948358,-50.150286,mapbox_geocoding,True
GO,5221197,Terezópolis de Goiás,Setor Sul,setor sul,-15.948358,-50.150286,mapbox_geocoding,True
GO,5221197,Terezópolis de Goiás,Vila Bráz,vila braz,-16.478972,-49.09758,mapbox_geocoding,True
GO,5221197,Terezópolis de Goiás,Vila Heliópolis,vila heliopolis,-15.948358,-50.150286,mapbox_geocoding,True
GO,5221197,Terezópolis de Goiás,Vila Heliópolis II,vila heliopolis ii,-15.948358,-50.150286,mapbox_geocoding,True
GO,5221197,Terezópolis de Goiás,Vila Santa Tereza I,vila santa tereza i,-15.948358,-50.150286,mapbox_geocoding,True
GO,5221197,Terezópolis de Goiás,Vila Santa Tereza II,vila santa tereza ii,-15.948358,-50.150286,mapbox_geocoding,True
GO,5221304,Três Ranchos,Setor Central,setor central,-16.3289154,-48.9580767,brasil_aberto_first_street,True
GO,5221403,Trindade,Anexo ao Setor Sul,anexo ao setor sul,-16.593905,-49.39673,mapbox_geocoding,True
GO,5221403,Trindade,Área Rural de Trindade,area rural de trindade,-16.649254,-49.4950175,brasil_aberto_first_street,True
GO,5221403,Trindade,Centro,centro,-16.6584397,-49.4923951,brasil_aberto_first_street,True
GO,5221403,Trindade,Chácaras Santa Luzia,chacaras santa luzia,-16.6358778,-49.4945596,brasil_aberto_first_street,True
GO,5221403,Trindade,Condomínio Cléo Pinheiro,condominio cleo pinheiro,-16.6439597,-49.5290035,brasil_aberto_first_street,True
GO,5221403,Trindade,Condomínio de Chácaras Canaã,condominio de chacaras canaa,-17.260862,-49.247363,mapbox_geocoding,True
GO,5221403,Trindade,Condomínio de Chácaras Galiléia,condominio de chacaras galileia,-15.956993,-49.374025,mapbox_geocoding,True
GO,5221403,Trindade,Condomínio de Chácaras Monte Hermon,condominio de chacaras monte hermon,-16.953722,-49.238344,mapbox_geocoding,True
GO,5221403,Trindade,Condomínio de Chácaras Monte Sião,condominio de chacaras monte siao,-16.655788,-49.488365,mapbox_geocoding,True
GO,5221403,Trindade,Condomínio de Chácaras Monte Sinai,condominio de chacaras monte sinai,-16.671565,-49.481574,mapbox_geocoding,True
GO,5221403,Trindade,Conjunto Dona Iris,conjunto dona iris,-16.6219401,-49.4002774,brasil_aberto_first_street,True
GO,5221403,Trindade,Conjunto Dona Iris II,conjunto dona iris ii,-16.6821505,-49.2816102,brasil_aberto_first_street,True
GO,5221403,Trindade,Conjunto Privê Elias,conjunto prive elias,-16.6462442,-49.426568,brasil_aberto_first_street,True
GO,5221403,Trindade,Conjunto Sol Dourado,conjunto sol dourado,-16.6731376,-49.4987876,brasil_aberto_first_street,True
GO,5221403,Trindade,Estâncias Aroeira,estancias aroeira,-16.6124284,-49.4089599,brasil_aberto_first_street,True
GO,5221403,Trindade,Fazenda Arrozal,fazenda arrozal,-16.746506,-49.626406,mapbox_geocoding,True
GO,5221403,Trindade,Guarujá Park,guaruja park,-16.6430899,-49.40142,brasil_aberto_first_street,True
GO,5221403,Trindade,Jardim Califórnia,jardim california,-16.6185467,-49.4237825,brasil_aberto_first_street,True
GO,5221403,Trindade,Jardim das Oliveiras,jardim das oliveiras,-16.6427916,-49.4020434,brasil_aberto_first_street,True
GO,5221403,Trindade,Jardim das Tamareiras,jardim das tamareiras,-16.6692292,-49.4945721,brasil_aberto_first_street,True
GO,5221403,Trindade,Jardim Decolores,jardim decolores,-16.6402621,-49.4678796,brasil_aberto_first_street,True
GO,5221403,Trindade,Jardim Floresta,jardim floresta,-16.6377688,-49.3944963,brasil_aberto_first_street,True
GO,5221403,Trindade,Jardim Ipanema,jardim ipanema,-16.6169517,-49.3948504,brasil_aberto_first_street,True
GO,5221403,Trindade,Jardim Nossa Senhora do Perpétuo Socorro,jardim nossa senhora do perpetuo socorro,-16.6584397,-49.4923951,brasil_aberto_first_street,True
GO,5221403,Trindade,Jardim Novo Horizonte,jardim novo horizonte,-16.6683141,-49.4896339,brasil_aberto_first_street,True
GO,5221403,Trindade,Jardim Primavera,jardim primavera,-16.6631914,-49.4977031,brasil_aberto_first_street,True
GO,5221403,Trindade,Jardim Scala,jardim scala,-16.6309,-49.4113014,brasil_aberto_first_street,True
GO,5221403,Trindade,Núcleo Urbano Anhanguera,nucleo urbano anhanguera,-16.6451897,-49.4742085,brasil_aberto_first_street,True
GO,5221403,Trindade,Parque Cristo Redentor,parque cristo redentor,-16.6371015,-49.4748304,brasil_aberto_first_street,True
GO,5221403,Trindade,Parque das Aroeiras,parque das aroeiras,-16.550124,-49.410738,mapbox_geocoding,True
GO,5221403,Trindade,Parque Serra Branca,parque serra branca,-16.649254,-49.4950175,brasil_aberto_first_street,True
GO,5221403,Trindade,Parqville Quaresmeira,parqville quaresmeira,-16.683936,-49.151862,mapbox_geocoding,True
GO,5221403,Trindade,Recanto do Lago,recanto do lago,-16.6658828,-49.4950508,brasil_aberto_first_street,True
GO,5221403,Trindade,Reserva Trinidad,reserva trinidad,-16.593905,-49.39673,mapbox_geocoding,True
GO,5221403,Trindade,Residencial 14 Bis,residencial 14 bis,-16.6367916,-49.40085999999999,brasil_aberto_first_street,True
GO,5221403,Trindade,Residencial Alto do Cerrado I,residencial alto do cerrado i,-16.649254,-49.4950175,brasil_aberto_first_street,True
GO,5221403,Trindade,Residencial Alto do Cerrado II,residencial alto do cerrado ii,-16.6704952,-49.4387361,brasil_aberto_first_street,True
GO,5221403,Trindade,Residencial Araguaia,residencial araguaia,-16.6471731,-49.4141996,brasil_aberto_first_street,True
GO,5221403,Trindade,Residencial Cidade Jardim,residencial cidade jardim,-16.654233,-49.480004,mapbox_geocoding,True
GO,5221403,Trindade,Residencial das Neves,residencial das neves,-16.6495248,-49.5053962,brasil_aberto_first_street,True
GO,5221403,Trindade,Residencial Jardim Alta Vista,residencial jardim alta vista,-16.550124,-49.410738,mapbox_geocoding,True
GO,5221403,Trindade,Residencial Jardim da Luz,residencial jardim da luz,-16.724382,-49.2360011,brasil_aberto_first_street,True
GO,5221403,Trindade,Residencial Juarez Freire,residencial juarez freire,-16.673081,-49.499083,mapbox_geocoding,True
GO,5221403,Trindade,Residencial Laguna Expansão,residencial laguna expansao,-16.669269,-49.483697,mapbox_geocoding,True
GO,5221403,Trindade,Residencial Luzia Monteiro,residencial luzia monteiro,-16.6388662,-49.4519888,brasil_aberto_first_street,True
GO,5221403,Trindade,Residencial Maria Monteiro,residencial maria monteiro,-16.6327016,-49.4465279,brasil_aberto_first_street,True
GO,5221403,Trindade,Residencial Marise,residencial marise,-16.6503392,-49.5156128,brasil_aberto_first_street,True
GO,5221403,Trindade,Residencial Melk,residencial melk,-16.6389693,-49.4989303,brasil_aberto_first_street,True
GO,5221403,Trindade,Residencial Monte Cristo,residencial monte cristo,-16.6826377,-49.4845791,brasil_aberto_first_street,True
GO,5221403,Trindade,Residencial Moraes,residencial moraes,-16.6719207,-49.4874916,brasil_aberto_first_street,True
GO,5221403,Trindade,Residencial Nova Canaã,residencial nova canaa,-16.6405813,-49.53436019999999,brasil_aberto_first_street,True
GO,5221403,Trindade,Residencial Nova Morada,residencial nova morada,-16.6226062,-49.46273799999999,brasil_aberto_first_street,True
GO,5221403,Trindade,Residencial Nova Morada Park,residencial nova morada park,-16.667376,-49.485667,mapbox_geocoding,True
GO,5221403,Trindade,Residencial Pai Eterno,residencial pai eterno,-16.6437364,-49.493541,brasil_aberto_first_street,True
GO,5221403,Trindade,Residencial Paineiras,residencial paineiras,-16.649254,-49.4950175,brasil_aberto_first_street,True
GO,5221403,Trindade,Residencial Raio de Sol,residencial raio de sol,-16.665523,-49.496755,mapbox_geocoding,True
GO,5221403,Trindade,Residencial Renata Park,residencial renata park,-16.6430899,-49.40142,brasil_aberto_first_street,True
GO,5221403,Trindade,Residencial Rosa Morena,residencial rosa morena,-16.6329411,-49.5216954,brasil_aberto_first_street,True
GO,5221403,Trindade,Residencial Santa Fé,residencial santa fe,-16.6377672,-49.5246484,brasil_aberto_first_street,True
GO,5221403,Trindade,Residencial São Bernardo II,residencial sao bernardo ii,-16.5870609,-49.402846,brasil_aberto_first_street,True
GO,5221403,Trindade,Residencial São Francisco I,residencial sao francisco i,-16.649254,-49.4950175,brasil_aberto_first_street,True
GO,5221403,Trindade,Residencial Setor da Mansões,residencial setor da mansoes,-16.6539183,-49.4815535,brasil_aberto_first_street,True
GO,5221403,Trindade,Residencial Solar Embaúba,residencial solar embauba,-16.635289,-49.473395,mapbox_geocoding,True
GO,5221403,Trindade,Residencial Solar São Francisco II,residencial solar sao francisco ii,-16.6493419,-49.4950238,brasil_aberto_first_street,True
GO,5221403,Trindade,Residencial Terra Santa,residencial terra santa,-16.6419773,-49.4787216,brasil_aberto_first_street,True
GO,5221403,Trindade,Residencial Vieira,residencial vieira,-16.648433,-49.4592851,brasil_aberto_first_street,True
GO,5221403,Trindade,Santa Maria,santa maria,,,dne,True
GO,5221403,Trindade,Santuário,santuario,-16.6654552,-49.4790959,brasil_aberto_first_street,True
GO,5221403,Trindade,Setor Abrão Manoel,setor abrao manoel,-16.6584397,-49.4923951,brasil_aberto_first_street,True
GO,5221403,Trindade,Setor Ana Rosa,setor ana rosa,-16.6637378,-49.4861883,brasil_aberto_first_street,True
GO,5221403,Trindade,Setor Barcelos,setor barcelos,-16.6453942,-49.4199846,brasil_aberto_first_street,True
GO,5221403,Trindade,Setor Bela Vista,setor bela vista,-16.6333392,-49.4680219,brasil_aberto_first_street,True
GO,5221403,Trindade,Setor Carvelo,setor carvelo,-16.6488368,-49.4967091,brasil_aberto_first_street,True
GO,5221403,Trindade,Setor Cristina,setor cristina,-16.6337844,-49.4196625,brasil_aberto_first_street,True
GO,5221403,Trindade,Setor Cristina II,setor cristina ii,-16.6657821,-49.4859614,brasil_aberto_first_street,True
GO,5221403,Trindade,Setor Cristina II Expansão,setor cristina ii expansao,-16.6766061,-49.4963321,brasil_aberto_first_street,True
GO,5221403,Trindade,Setor dos Bandeirantes,setor dos bandeirantes,-16.6100023,-49.3938789,brasil_aberto_first_street,True
GO,5221403,Trindade,Setor Estrela do Oriente,setor estrela do oriente,-16.6588715,-49.5055668,brasil_aberto_first_street,True
GO,5221403,Trindade,Setor Jardim Imperial,setor jardim imperial,-16.6534389,-49.5174367,brasil_aberto_first_street,True
GO,5221403,Trindade,Setor Jardim Marista,setor jardim marista,-16.6432339,-49.4261833,brasil_aberto_first_street,True
GO,5221403,Trindade,Setor Laguna Parque,setor laguna parque,-16.6375401,-49.5240719,brasil_aberto_first_street,True
GO,5221403,Trindade,Setor Maria Eduarda,setor maria eduarda,-16.6309069,-49.5147754,brasil_aberto_first_street,True
GO,5221403,Trindade,Setor Mariápolis,setor mariapolis,-16.6192383,-49.4504483,brasil_aberto_first_street,True
GO,5221403,Trindade,Setor Maysa,setor maysa,-16.6207797,-49.3846288,brasil_aberto_first_street,True
GO,5221403,Trindade,Setor Monte Sinai,setor monte sinai,-16.6360511,-49.5086245,brasil_aberto_first_street,True
GO,5221403,Trindade,Setor Morada do Bosque,setor morada do bosque,-16.6451644,-49.428121,brasil_aberto_first_street,True
GO,5221403,Trindade,Setor Morada do Lago,setor morada do lago,-16.649254,-49.4950175,brasil_aberto_first_street,True
GO,5221403,Trindade,Setor Novo Paraíso,setor novo paraiso,-16.6543767,-49.5032675,brasil_aberto_first_street,True
GO,5221403,Trindade,Setor Oeste,setor oeste,-16.6405666,-49.523588,brasil_aberto_first_street,True
GO,5221403,Trindade,Setor Pai Eterno,setor pai eterno,-16.6446488,-49.4928736,brasil_aberto_first_street,True
GO,5221403,Trindade,Setor Palmares,setor palmares,-16.5865155,-49.3964555,brasil_aberto_first_street,True
GO,5221403,Trindade,Setor Ponta Kayana,setor ponta kayana,-16.6444785,-49.4392693,brasil_aberto_first_street,True
GO,5221403,Trindade,Setor Residencial Garavelo I,setor residencial garavelo i,-16.6448433,-49.4507322,brasil_aberto_first_street,True
GO,5221403,Trindade,Setor Residencial Garavelo II,setor residencial garavelo ii,-16.7490517,-49.3500865,brasil_aberto_first_street,True
GO,5221403,Trindade,Setor Rio Vermelho,setor rio vermelho,-16.6436637,-49.4125363,brasil_aberto_first_street,True
GO,5221403,Trindade,Setor Samarah,setor samarah,-16.63375,-49.4867,brasil_aberto_first_street,True
GO,5221403,Trindade,Setor São Sebastião,setor sao sebastiao,-16.6838687,-49.4742315,brasil_aberto_first_street,True
GO,5221403,Trindade,Setor Serra Dourada,setor serra dourada,-16.6353809,-49.4962965,brasil_aberto_first_street,True
GO,5221403,Trindade,Setor Soares,setor soares,-16.6310051,-49.4119068,brasil_aberto_first_street,True
GO,5221403,Trindade,Setor Sol Dourado,setor sol dourado,-16.6751674,-49.4964485,brasil_aberto_first_street,True
GO,5221403,Trindade,Setor Solange,setor solange,-16.6443481,-49.5264515,brasil_aberto_first_street,True
GO,5221403,Trindade,Setor Sul,setor sul,-16.6662598,-49.5004675,brasil_aberto_first_street,True
GO,5221403,Trindade,Setor Vale dos Sonhos,setor vale dos sonhos,-16.6214023,-49.4780829,brasil_aberto_first_street,True
GO,5221403,Trindade,Setor Vida Nova,setor vida nova,-16.6339925,-49.5157945,brasil_aberto_first_street,True
GO,5221403,Trindade,Vila Amador,vila amador,-16.6578285,-49.5004059,brasil_aberto_first_street,True
GO,5221403,Trindade,Vila Arco-íris,vila arco iris,-15.1642279,-49.7939672,brasil_aberto_first_street,True
GO,5221403,Trindade,Vila Augustus,vila augustus,-16.6495248,-49.5053962,brasil_aberto_first_street,True
GO,5221403,Trindade,Vila Barro Preto,vila barro preto,-16.6432788,-49.4937981,brasil_aberto_first_street,True
GO,5221403,Trindade,Vila do Sonho,vila do sonho,-16.6727063,-49.4957283,brasil_aberto_first_street,True
GO,5221403,Trindade,Vila Emanuel,vila emanuel,-16.6451897,-49.4742085,brasil_aberto_first_street,True
GO,5221403,Trindade,Vila Emanuel Expansão,vila emanuel expansao,-16.643057,-49.497542,mapbox_geocoding,True
GO,5221403,Trindade,Vila Guilherme,vila guilherme,-16.6584397,-49.4923951,brasil_aberto_first_street,True
GO,5221403,Trindade,Vila Jardim Salvador,vila jardim salvador,-16.657302,-49.4822405,brasil_aberto_first_street,True
GO,5221403,Trindade,Vila João Braz,vila joao braz,-16.6545714,-49.4801902,brasil_aberto_first_street,True
GO,5221403,Trindade,Vila Jussara,vila jussara,-16.655468,-49.4990654,brasil_aberto_first_street,True
GO,5221403,Trindade,Vila Maria,vila maria,-16.6446488,-49.4928736,brasil_aberto_first_street,True
GO,5221403,Trindade,Vila Padre Eterno,vila padre eterno,-16.6430899,-49.40142,brasil_aberto_first_street,True
GO,5221403,Trindade,Vila Padre Renato,vila padre renato,-16.6432788,-49.4937981,brasil_aberto_first_street,True
GO,5221403,Trindade,Vila Roberto Monteiro,vila roberto monteiro,-16.6663241,-49.4928002,brasil_aberto_first_street,True
GO,5221403,Trindade,Vila Santa Inês,vila santa ines,-16.6584397,-49.4923951,brasil_aberto_first_street,True
GO,5221403,Trindade,Vila Santo Afonso,vila santo afonso,-16.654621,-49.5021448,brasil_aberto_first_street,True
GO,5221403,Trindade,Vila Santo Onofre,vila santo onofre,-16.661592,-49.4870161,brasil_aberto_first_street,True
GO,5221403,Trindade,Vila William,vila william,-16.649254,-49.4950175,brasil_aberto_first_street,True
GO,5221452,Trombas,Setor Central,setor central,-18.4161639,-49.214477,brasil_aberto_first_street,True
GO,5221502,Turvânia,Setor Central,setor central,-16.6125624,-50.1356645,brasil_aberto_first_street,True
GO,5221551,Turvelândia,Setor Central,setor central,-17.8526008,-50.30418969999999,brasil_aberto_first_street,True
GO,5221577,Uirapuru,Setor Central,setor central,-16.6716683,-49.2562665,brasil_aberto_first_street,True
GO,5221577,Uirapuru,Vila Sertaneja,vila sertaneja,,,dne,True
GO,5221601,Uruaçu,Alto Bela Vista,alto bela vista,-14.528807,-49.127259,mapbox_geocoding,True
GO,5221601,Uruaçu,Área Alfa,area alfa,-14.520355,-49.131835,mapbox_geocoding,True
GO,5221601,Uruaçu,Área Rural de Uruaçu,area rural de uruacu,-14.524697,-49.147087,mapbox_geocoding,True
GO,5221601,Uruaçu,Balneário Lago Sereno,balneario lago sereno,-14.524199,-49.061009,mapbox_geocoding,True
GO,5221601,Uruaçu,Boa Vista,boa vista,-14.518524,-49.15068,mapbox_geocoding,True
GO,5221601,Uruaçu,Boa Vista II,boa vista ii,-16.821769,-49.365654,mapbox_geocoding,True
GO,5221601,Uruaçu,Condomínio Residencial Alta Vista,condominio residencial alta vista,-14.536913,-49.1318,mapbox_geocoding,True
GO,5221601,Uruaçu,Condomínio Residencial Ferreira,condominio residencial ferreira,-14.265191,-49.034754,mapbox_geocoding,True
GO,5221601,Uruaçu,Copacabana,copacabana,-14.092062,-48.97097,mapbox_geocoding,True
GO,5221601,Uruaçu,Distrito Agro-Industrial de Uruaçu,distrito agro industrial de uruacu,-16.821769,-49.365654,mapbox_geocoding,True
GO,5221601,Uruaçu,Francisco Martins,francisco martins,-14.352582,-46.084126,mapbox_geocoding,True
GO,5221601,Uruaçu,Geriaçu,geriacu,,,dne,True
GO,5221601,Uruaçu,Jardim Bela Vista,jardim bela vista,-14.520355,-49.131835,mapbox_geocoding,True
GO,5221601,Uruaçu,Jardim Campo Formoso,jardim campo formoso,-14.520338,-49.134976,mapbox_geocoding,True
GO,5221601,Uruaçu,Jardim Eldorado,jardim eldorado,-14.518745,-49.13822,mapbox_geocoding,True
GO,5221601,Uruaçu,Jardim Guarapari,jardim guarapari,-14.513035,-49.149566,mapbox_geocoding,True
GO,5221601,Uruaçu,Jardim Nossa Senhora D'Abadia,jardim nossa senhora d abadia,-14.513035,-49.149566,mapbox_geocoding,True
GO,5221601,Uruaçu,Jardim Santa Helena,jardim santa helena,-14.534133,-49.127377,mapbox_geocoding,True
GO,5221601,Uruaçu,Jardim União,jardim uniao,-14.523659,-49.131732,mapbox_geocoding,True
GO,5221601,Uruaçu,Jardins Imperial,jardins imperial,-14.092062,-48.97097,mapbox_geocoding,True
GO,5221601,Uruaçu,Loteamento Santana,loteamento santana,-14.518539,-49.150654,mapbox_geocoding,True
GO,5221601,Uruaçu,Morada do Sol,morada do sol,-14.531377,-49.128414,mapbox_geocoding,True
GO,5221601,Uruaçu,Novo Rio,novo rio,-14.527637,-49.147751,mapbox_geocoding,True
GO,5221601,Uruaçu,Park Privê,park prive,-14.535592,-49.137319,mapbox_geocoding,True
GO,5221601,Uruaçu,Parque Alvorada,parque alvorada,-14.534133,-49.127377,mapbox_geocoding,True
GO,5221601,Uruaçu,Pau-Terra,pau terra,,,dne,True
GO,5221601,Uruaçu,Residencial Dom José da Silva Chave,residencial dom jose da silva chave,-8.103248,-34.978157,mapbox_geocoding,True
GO,5221601,Uruaçu,Residencial Flamboyant,residencial flamboyant,-14.275862,-49.018456,mapbox_geocoding,True
GO,5221601,Uruaçu,Residencial Jardim dos Ipês I,residencial jardim dos ipes i,-14.519815,-49.156449,mapbox_geocoding,True
GO,5221601,Uruaçu,Residencial Jardim dos Ipês II,residencial jardim dos ipes ii,-14.519816,-49.156448,mapbox_geocoding,True
GO,5221601,Uruaçu,Residencial Jorgina dos Santos Rodrigues,residencial jorgina dos santos rodrigues,-8.103248,-34.978157,mapbox_geocoding,True
GO,5221601,Uruaçu,Residencial Marisa dos Santos P Araújo,residencial marisa dos santos p araujo,-8.103248,-34.978157,mapbox_geocoding,True
GO,5221601,Uruaçu,Residencial Monticelli,residencial monticelli,-14.534133,-49.127377,mapbox_geocoding,True
GO,5221601,Uruaçu,Residencial Recanto da Serra,residencial recanto da serra,-14.534133,-49.127377,mapbox_geocoding,True
GO,5221601,Uruaçu,Residencial Recanto dos Ipês,residencial recanto dos ipes,-14.517904,-49.135243,mapbox_geocoding,True
GO,5221601,Uruaçu,Residencial Vale Verde,residencial vale verde,-14.547023,-49.154162,mapbox_geocoding,True
GO,5221601,Uruaçu,Residencial Vieira,residencial vieira,-14.274876,-49.031739,mapbox_geocoding,True
GO,5221601,Uruaçu,Residencial Vitória,residencial vitoria,-14.524697,-49.147087,mapbox_geocoding,True
GO,5221601,Uruaçu,Santa Cecília,santa cecilia,-14.526079,-49.158607,mapbox_geocoding,True
GO,5221601,Uruaçu,São Sebastião,sao sebastiao,-14.526079,-49.158607,mapbox_geocoding,True
GO,5221601,Uruaçu,São Vicente,sao vicente,-14.529515,-49.137014,mapbox_geocoding,True
GO,5221601,Uruaçu,Setor Aeroporto I,setor aeroporto i,-14.528807,-49.127259,mapbox_geocoding,True
GO,5221601,Uruaçu,Setor Aeroporto II,setor aeroporto ii,-14.527128,-49.127004,mapbox_geocoding,True
GO,5221601,Uruaçu,Setor Aeroporto III,setor aeroporto iii,-14.528807,-49.127259,mapbox_geocoding,True
GO,5221601,Uruaçu,Setor Bandeirante,setor bandeirante,-14.518336,-49.13929,mapbox_geocoding,True
GO,5221601,Uruaçu,Setor Buena Vista I,setor buena vista i,-14.529877,-49.114394,mapbox_geocoding,True
GO,5221601,Uruaçu,Setor Buena Vista II,setor buena vista ii,-14.529877,-49.114394,mapbox_geocoding,True
GO,5221601,Uruaçu,Setor Central,setor central,-14.523841,-49.153516,mapbox_geocoding,True
GO,5221601,Uruaçu,Setor Dom Rodolfo,setor dom rodolfo,-14.543761,-49.153915,mapbox_geocoding,True
GO,5221601,Uruaçu,Setor Lago Sul,setor lago sul,-14.517904,-49.135243,mapbox_geocoding,True
GO,5221601,Uruaçu,Setor Lago Sul II,setor lago sul ii,-14.517904,-49.135243,mapbox_geocoding,True
GO,5221601,Uruaçu,Setor Oeste,setor oeste,-14.512987,-49.156811,mapbox_geocoding,True
GO,5221601,Uruaçu,Setor Rosen Park,setor rosen park,-14.529515,-49.137014,mapbox_geocoding,True
GO,5221601,Uruaçu,Setor São Geraldo I,setor sao geraldo i,-15.315477,-49.144849,mapbox_geocoding,True
GO,5221601,Uruaçu,Setor São Geraldo II,setor sao geraldo ii,-16.668652,-49.221518,mapbox_geocoding,True
GO,5221601,Uruaçu,Setor Sol Nascente,setor sol nascente,-14.533829,-49.133796,mapbox_geocoding,True
GO,5221601,Uruaçu,Setor Sol Vermelho,setor sol vermelho,-14.529515,-49.137014,mapbox_geocoding,True
GO,5221601,Uruaçu,Setor Sul,setor sul,-14.518539,-49.150654,mapbox_geocoding,True
GO,5221601,Uruaçu,Setor Sul II,setor sul ii,-14.518539,-49.150654,mapbox_geocoding,True
GO,5221601,Uruaçu,Setor Universitário,setor universitario,-14.529054,-49.148502,mapbox_geocoding,True
GO,5221601,Uruaçu,Vale do Sol,vale do sol,-14.534133,-49.127377,mapbox_geocoding,True
GO,5221601,Uruaçu,Vila Carvalho,vila carvalho,-14.416432,-49.091144,mapbox_geocoding,True
GO,5221601,Uruaçu,Vila Dom Prada,vila dom prada,-14.518784,-49.141772,mapbox_geocoding,True
GO,5221601,Uruaçu,Vila Dona Elvira,vila dona elvira,-14.534133,-49.127377,mapbox_geocoding,True
GO,5221601,Uruaçu,Vila Dourada,vila dourada,-14.518745,-49.13822,mapbox_geocoding,True
GO,5221601,Uruaçu,Vila Guimarães,vila guimaraes,-14.518539,-49.150654,mapbox_geocoding,True
GO,5221601,Uruaçu,Vila JK,vila jk,-14.534133,-49.127377,mapbox_geocoding,True
GO,5221601,Uruaçu,Vila Mandacaru,vila mandacaru,-14.526079,-49.158607,mapbox_geocoding,True
GO,5221601,Uruaçu,Vila Nova II,vila nova ii,-14.526079,-49.158607,mapbox_geocoding,True
GO,5221601,Uruaçu,Vila Primavera I,vila primavera i,-14.513035,-49.149566,mapbox_geocoding,True
GO,5221601,Uruaçu,Vila Primavera II,vila primavera ii,-14.525867,-49.127727,mapbox_geocoding,True
GO,5221601,Uruaçu,Vila Santana,vila santana,-14.513035,-49.149566,mapbox_geocoding,True
GO,5221601,Uruaçu,Vila São Jorge,vila sao jorge,-14.518745,-49.13822,mapbox_geocoding,True
GO,5221601,Uruaçu,Vila União,vila uniao,-14.520767,-49.14731,mapbox_geocoding,True
GO,5221601,Uruaçu,Vila Vasconcelos,vila vasconcelos,-14.538206,-49.155452,mapbox_geocoding,True
GO,5221601,Uruaçu,Vila Xique Xique,vila xique xique,-14.526079,-49.158607,mapbox_geocoding,True
GO,5221700,Uruana,Setor Central,setor central,-15.5013483,-49.68572630000001,brasil_aberto_first_street,True
GO,5221700,Uruana,Uruita,uruita,,,dne,True
GO,5221809,Urutaí,Setor Central,setor central,-18.4217862,-49.2164022,brasil_aberto_first_street,True
GO,5221858,Valparaíso de Goiás,Área Rural de Valparaíso de Goiás,area rural de valparaiso de goias,-16.0753576,-47.9860661,brasil_aberto_first_street,True
GO,5221858,Valparaíso de Goiás,Chácara Lourdes Meireles,chacara lourdes meireles,-16.07888,-47.98274,mapbox_geocoding,True
GO,5221858,Valparaíso de Goiás,Chácaras Anhangüera,chacaras anhanguera,-16.0612847,-47.9995096,brasil_aberto_first_street,True
GO,5221858,Valparaíso de Goiás,Chácaras Araguaia,chacaras araguaia,-16.0753576,-47.9860661,brasil_aberto_first_street,True
GO,5221858,Valparaíso de Goiás,Chácaras Benvinda,chacaras benvinda,-16.0766999,-47.998856,brasil_aberto_first_street,True
GO,5221858,Valparaíso de Goiás,Chácaras Brasil A,chacaras brasil a,-16.1161347,-47.9920069,brasil_aberto_first_street,True
GO,5221858,Valparaíso de Goiás,Chácaras Brasil B,chacaras brasil b,-16.1131704,-47.9930228,brasil_aberto_first_street,True
GO,5221858,Valparaíso de Goiás,Chácaras e Mansões Santa Maria,chacaras e mansoes santa maria,-16.0959757,-47.9810724,brasil_aberto_first_street,True
GO,5221858,Valparaíso de Goiás,Chácaras Ipanema,chacaras ipanema,-16.1287354,-47.9821252,brasil_aberto_first_street,True
GO,5221858,Valparaíso de Goiás,Chácaras Pirangy,chacaras pirangy,-16.1141792,-47.9886798,brasil_aberto_first_street,True
GO,5221858,Valparaíso de Goiás,Chácaras Saia Velha,chacaras saia velha,-16.1064905,-47.9731622,brasil_aberto_first_street,True
GO,5221858,Valparaíso de Goiás,Chácaras Santa Maria,chacaras santa maria,-16.1175652,-47.9744445,brasil_aberto_first_street,True
GO,5221858,Valparaíso de Goiás,Chácaras Ypiranga A,chacaras ypiranga a,-16.051092,-47.911775,mapbox_geocoding,True
GO,5221858,Valparaíso de Goiás,Chácaras Ypiranga B,chacaras ypiranga b,-16.070993,-47.981655,mapbox_geocoding,True
GO,5221858,Valparaíso de Goiás,Cidade Jardins,cidade jardins,-16.0521737,-47.9696473,brasil_aberto_first_street,True
GO,5221858,Valparaíso de Goiás,Cidade Jardins - Etapa B,cidade jardins etapa b,-16.0753576,-47.9860661,brasil_aberto_first_street,True
GO,5221858,Valparaíso de Goiás,Condomínio Residencial Parque dos Ipês,condominio residencial parque dos ipes,-16.1211136,-47.9781866,brasil_aberto_first_street,True
GO,5221858,Valparaíso de Goiás,Cruzeiro do Sul,cruzeiro do sul,-16.0753495,-47.9860535,brasil_aberto_first_street,True
GO,5221858,Valparaíso de Goiás,Fazenda Santa Maria,fazenda santa maria,-18.7220283,-44.9430602,brasil_aberto_first_street,True
GO,5221858,Valparaíso de Goiás,Garden City,garden city,-16.055168,-47.917436,mapbox_geocoding,True
GO,5221858,Valparaíso de Goiás,Jardim Céu Azul,jardim ceu azul,-16.0499196,-48.0106077,brasil_aberto_first_street,True
GO,5221858,Valparaíso de Goiás,Jardim dos Ipês,jardim dos ipes,-16.0934571,-47.9630564,brasil_aberto_first_street,True
GO,5221858,Valparaíso de Goiás,Jardim Ipanema,jardim ipanema,-16.066611,-47.9647897,brasil_aberto_first_street,True
GO,5221858,Valparaíso de Goiás,Jardim Jockey Club,jardim jockey club,-16.161105,-47.922699,mapbox_geocoding,True
GO,5221858,Valparaíso de Goiás,Jardim Luxemburgo,jardim luxemburgo,-16.070993,-47.981655,mapbox_geocoding,True
GO,5221858,Valparaíso de Goiás,Jardim Oriente,jardim oriente,-16.0739381,-48.0055631,brasil_aberto_first_street,True
GO,5221858,Valparaíso de Goiás,Jardins Versailles,jardins versailles,-16.073962,-47.9895899,brasil_aberto_first_street,True
GO,5221858,Valparaíso de Goiás,Mansões Recreio Estrela D'Alva,mansoes recreio estrela d alva,-16.0753495,-47.9860535,brasil_aberto_first_street,True
GO,5221858,Valparaíso de Goiás,Mansões Santa Marina,mansoes santa marina,-16.055168,-47.917436,mapbox_geocoding,True
GO,5221858,Valparaíso de Goiás,Morada Nobre,morada nobre,-16.0627374,-47.9954994,brasil_aberto_first_street,True
GO,5221858,Valparaíso de Goiás,Nova Vila Guaíra,nova vila guaira,-16.053032,-48.019064,mapbox_geocoding,True
GO,5221858,Valparaíso de Goiás,Pacaembu,pacaembu,-16.0605746,-48.0224755,brasil_aberto_first_street,True
GO,5221858,Valparaíso de Goiás,Parque Araruama,parque araruama,-16.103123,-47.9874468,brasil_aberto_first_street,True
GO,5221858,Valparaíso de Goiás,Parque das Cachoeiras,parque das cachoeiras,-16.0717065,-47.99376300000001,brasil_aberto_first_street,True
GO,5221858,Valparaíso de Goiás,Parque do Ipê,parque do ipe,-16.1191733,-47.9705293,brasil_aberto_first_street,True
GO,5221858,Valparaíso de Goiás,Parque Esplanada I,parque esplanada i,-16.058464,-47.982464,brasil_aberto_first_street,True
GO,5221858,Valparaíso de Goiás,Parque Esplanada II,parque esplanada ii,-16.0643348,-47.9834056,brasil_aberto_first_street,True
GO,5221858,Valparaíso de Goiás,Parque Esplanada III,parque esplanada iii,-16.07774,-47.9731489,brasil_aberto_first_street,True
GO,5221858,Valparaíso de Goiás,Parque Esplanada V,parque esplanada v,-16.0959757,-47.9810724,brasil_aberto_first_street,True
GO,5221858,Valparaíso de Goiás,Parque Marajó,parque marajo,-16.1149097,-47.9723926,brasil_aberto_first_street,True
GO,5221858,Valparaíso de Goiás,Parque Rio Branco,parque rio branco,-16.0540937,-47.9748471,brasil_aberto_first_street,True
GO,5221858,Valparaíso de Goiás,Parque Santa Rita de Cássia,parque santa rita de cassia,-16.1193323,-47.9708042,brasil_aberto_first_street,True
GO,5221858,Valparaíso de Goiás,Parque São Bernardo,parque sao bernardo,-16.0526937,-47.9877043,brasil_aberto_first_street,True
GO,5221858,Valparaíso de Goiás,Residencial Florais do Planalto,residencial florais do planalto,-16.0839595,-47.9698402,brasil_aberto_first_street,True
GO,5221858,Valparaíso de Goiás,Residencial Ouro Verde,residencial ouro verde,-16.051092,-47.911775,mapbox_geocoding,True
GO,5221858,Valparaíso de Goiás,Residencial Reserva Paraíso,residencial reserva paraiso,-16.0934571,-47.9630564,brasil_aberto_first_street,True
GO,5221858,Valparaíso de Goiás,Rio das Pedras,rio das pedras,-16.0753576,-47.9860661,brasil_aberto_first_street,True
GO,5221858,Valparaíso de Goiás,Setor de Chácaras Anhangüera A,setor de chacaras anhanguera a,-16.0739285,-47.9957237,brasil_aberto_first_street,True
GO,5221858,Valparaíso de Goiás,Setor de Chácaras Anhangüera B,setor de chacaras anhanguera b,-16.0675481,-48.0059694,brasil_aberto_first_street,True
GO,5221858,Valparaíso de Goiás,Setor de Chácaras Anhangüera C,setor de chacaras anhanguera c,-16.0505642,-47.9799107,brasil_aberto_first_street,True
GO,5221858,Valparaíso de Goiás,Unimorar,unimorar,-16.1236964,-47.9897424,brasil_aberto_first_street,True
GO,5221858,Valparaíso de Goiás,Valparaiso I - Etapa A,valparaiso i etapa a,-16.0725777,-47.98396229999999,brasil_aberto_first_street,True
GO,5221858,Valparaíso de Goiás,Valparaiso I - Etapa B,valparaiso i etapa b,-16.0725777,-47.98396229999999,brasil_aberto_first_street,True
GO,5221858,Valparaíso de Goiás,Valparaiso I - Etapa C,valparaiso i etapa c,-16.0753495,-47.9860535,brasil_aberto_first_street,True
GO,5221858,Valparaíso de Goiás,Valparaiso I - Etapa D,valparaiso i etapa d,-16.0725777,-47.98396229999999,brasil_aberto_first_street,True
GO,5221858,Valparaíso de Goiás,Valparaiso I - Etapa E,valparaiso i etapa e,-16.0725777,-47.98396229999999,brasil_aberto_first_street,True
GO,5221858,Valparaíso de Goiás,Valparaiso II,valparaiso ii,-16.073962,-47.9895899,brasil_aberto_first_street,True
GO,5221858,Valparaíso de Goiás,Vila Isabel,vila isabel,-16.1212304,-47.9734978,brasil_aberto_first_street,True
GO,5221858,Valparaíso de Goiás,Ypiranga,ypiranga,-16.0676776,-47.9771188,brasil_aberto_first_street,True
GO,5221908,Varjão,Setor Central,setor central,-17.7960281,-50.9315292,brasil_aberto_first_street,True
GO,5222005,Vianópolis,Caraíba,caraiba,,,dne,True
GO,5222005,Vianópolis,Ponte Funda,ponte funda,-16.8060762,-48.4351023,brasil_aberto_first_street,True
GO,5222005,Vianópolis,Setor Central,setor central,-16.8091356,-48.4341967,brasil_aberto_first_street,True
GO,5222054,Vicentinópolis,Área Rural de Vicentinópolis,area rural de vicentinopolis,-17.732948,-49.80602,mapbox_geocoding,True
GO,5222054,Vicentinópolis,Centro,centro,-17.735863,-49.803154,mapbox_geocoding,True
GO,5222054,Vicentinópolis,Conjunto Habitacional Judith de Paula,conjunto habitacional judith de paula,-17.73702,-49.797572,mapbox_geocoding,True
GO,5222054,Vicentinópolis,Conjunto Tânia Rodrigues da Cunha,conjunto tania rodrigues da cunha,-17.735201,-49.808762,mapbox_geocoding,True
GO,5222054,Vicentinópolis,Jardim dos Ipês,jardim dos ipes,-17.72503,-49.805464,mapbox_geocoding,True
GO,5222054,Vicentinópolis,Jardim Manoel Jesus de Carvalho,jardim manoel jesus de carvalho,-17.721253,-49.800022,mapbox_geocoding,True
GO,5222054,Vicentinópolis,Jardim Primavera,jardim primavera,-17.730495,-49.799715,mapbox_geocoding,True
GO,5222054,Vicentinópolis,Parque Agropecuário,parque agropecuario,-17.721253,-49.800022,mapbox_geocoding,True
GO,5222054,Vicentinópolis,Residencial Beira Lago,residencial beira lago,-17.730495,-49.799715,mapbox_geocoding,True
GO,5222054,Vicentinópolis,Residencial Camilo de Matos,residencial camilo de matos,-17.731216,-49.808938,mapbox_geocoding,True
GO,5222054,Vicentinópolis,Residencial Conquista,residencial conquista,-17.721253,-49.800022,mapbox_geocoding,True
GO,5222054,Vicentinópolis,Residencial Deuler Junqueira Franco,residencial deuler junqueira franco,-17.739249,-49.804011,mapbox_geocoding,True
GO,5222054,Vicentinópolis,Residencial Jardim dos Ipês,residencial jardim dos ipes,-17.735201,-49.808762,mapbox_geocoding,True
GO,5222054,Vicentinópolis,Residencial Maria Fernandes Mendes,residencial maria fernandes mendes,-17.721253,-49.800022,mapbox_geocoding,True
GO,5222054,Vicentinópolis,Residencial Parkman,residencial parkman,-17.730495,-49.799715,mapbox_geocoding,True
GO,5222054,Vicentinópolis,Residencial Terra Nova,residencial terra nova,-17.721253,-49.800022,mapbox_geocoding,True
GO,5222054,Vicentinópolis,Setor Central,setor central,,,brasil_aberto,True
GO,5222054,Vicentinópolis,Setor Jaó,setor jao,-17.730903,-49.805065,mapbox_geocoding,True
GO,5222054,Vicentinópolis,Setor Leste,setor leste,-17.73702,-49.797572,mapbox_geocoding,True
GO,5222054,Vicentinópolis,Setor Oeste,setor oeste,-17.732497,-49.810294,mapbox_geocoding,True
GO,5222054,Vicentinópolis,Sul América,sul america,-17.73583,-49.805792,mapbox_geocoding,True
GO,5222054,Vicentinópolis,Vila Ouro Branco,vila ouro branco,-17.738891,-49.808213,mapbox_geocoding,True
GO,5222054,Vicentinópolis,Vila Portilândia,vila portilandia,-17.735863,-49.803154,mapbox_geocoding,True
GO,5222054,Vicentinópolis,Vila São Sebastião,vila sao sebastiao,-17.735201,-49.808762,mapbox_geocoding,True
GO,5222203,Vila Boa,Jardim Nova Aurora,jardim nova aurora,-15.0346797,-47.0531507,brasil_aberto_first_street,True
GO,5222302,Vila Propício,Assunção de Goiás,assuncao de goias,-15.209853,-48.700473,mapbox_geocoding,True
GO,5222302,Vila Propício,Dois Irmãos,dois irmaos,,,brasil_aberto,True
GO,5222302,Vila Propício,Setor Central,setor central,-15.458585,-48.8873053,brasil_aberto_first_street,True
