Uf,CityIbgeCode,City,Neighborhood,NormalizedName,Latitude,Longitude,Source,IsActive
MS,5000203,Água Clara,Área Rural de Água Clara,area rural de agua clara,-20.44245,-52.878227,mapbox_geocoding,True
MS,5000203,Água Clara,Barra Mansa,barra mansa,-20.447048,-52.874437,mapbox_geocoding,True
MS,5000203,Água Clara,Centro,centro,-20.448055,-52.875734,mapbox_geocoding,True
MS,5000203,Água Clara,Coohamac,coohamac,-20.430139,-52.877747,mapbox_geocoding,True
MS,5000203,Água Clara,Jardim 14 Bis,jardim 14 bis,-20.443102,-52.875864,mapbox_geocoding,True
MS,5000203,Água Clara,Jardim Aeroporto,jardim aeroporto,-20.436672,-52.873202,mapbox_geocoding,True
MS,5000203,Água Clara,Jardim Água Limpa,jardim agua limpa,-20.436672,-52.873202,mapbox_geocoding,True
MS,5000203,Água Clara,Jardim Alvorada,jardim alvorada,-20.436672,-52.873202,mapbox_geocoding,True
MS,5000203,Água Clara,Jardim Alvorada II,jardim alvorada ii,-20.430719,-52.872692,mapbox_geocoding,True
MS,5000203,Água Clara,Jardim Boa Vista,jardim boa vista,-20.44245,-52.878227,mapbox_geocoding,True
MS,5000203,Água Clara,Jardim Bom Jesus,jardim bom jesus,-20.436339,-52.890843,mapbox_geocoding,True
MS,5000203,Água Clara,Jardim das Palmeiras,jardim das palmeiras,-20.437268,-52.878223,mapbox_geocoding,True
MS,5000203,Água Clara,Jardim dos Ipês,jardim dos ipes,-20.44245,-52.878227,mapbox_geocoding,True
MS,5000203,Água Clara,Jardim Morumbi,jardim morumbi,-20.440346,-52.884164,mapbox_geocoding,True
MS,5000203,Água Clara,Jardim Nova Água Clara,jardim nova agua clara,-20.437268,-52.878223,mapbox_geocoding,True
MS,5000203,Água Clara,Jardim Novo Horizonte,jardim novo horizonte,-20.436672,-52.873202,mapbox_geocoding,True
MS,5000203,Água Clara,Jardim Novo Paraiso,jardim novo paraiso,-20.4456,-52.882251,mapbox_geocoding,True
MS,5000203,Água Clara,Jardim Paraíso,jardim paraiso,-20.443314,-52.885095,mapbox_geocoding,True
MS,5000203,Água Clara,Jardim Paulista,jardim paulista,-20.447499,-52.87652,mapbox_geocoding,True
MS,5000203,Água Clara,Jardim Planalto,jardim planalto,-20.436672,-52.873202,mapbox_geocoding,True
MS,5000203,Água Clara,Jardim Primavera,jardim primavera,-20.437268,-52.878223,mapbox_geocoding,True
MS,5000203,Água Clara,Jardim Primavera II,jardim primavera ii,-20.438718,-52.884217,mapbox_geocoding,True
MS,5000203,Água Clara,Jardim Santos Dumont,jardim santos dumont,-20.436346,-52.872443,mapbox_geocoding,True
MS,5000203,Água Clara,Jardim São Jorge,jardim sao jorge,-20.447048,-52.874437,mapbox_geocoding,True
MS,5000203,Água Clara,Jardim São Judas Tadeu,jardim sao judas tadeu,-20.437268,-52.878223,mapbox_geocoding,True
MS,5000203,Água Clara,Jardim São Judas Tadeu II,jardim sao judas tadeu ii,-20.437268,-52.878223,mapbox_geocoding,True
MS,5000203,Água Clara,Jardim Sinhozinho,jardim sinhozinho,-20.44245,-52.878227,mapbox_geocoding,True
MS,5000203,Água Clara,Jardim Vista Alegre,jardim vista alegre,-20.433508,-52.89124,mapbox_geocoding,True
MS,5000203,Água Clara,Parque São Pedro,parque sao pedro,-20.433508,-52.89124,mapbox_geocoding,True
MS,5000203,Água Clara,Por do Sol,por do sol,-20.446373,-52.884087,mapbox_geocoding,True
MS,5000203,Água Clara,Rio Verde,rio verde,-20.437268,-52.878223,mapbox_geocoding,True
MS,5000203,Água Clara,Santa Monica,santa monica,-20.44245,-52.878227,mapbox_geocoding,True
MS,5000203,Água Clara,Sorigotti,sorigotti,-20.434704,-52.886376,mapbox_geocoding,True
MS,5000203,Água Clara,Vila Nova,vila nova,-20.443097,-52.882146,mapbox_geocoding,True
MS,5000252,Alcinópolis,Centro,centro,-18.3274504,-53.714104,brasil_aberto_first_street,True
MS,5000609,Amambai,Analy I,analy i,-23.065293,-55.228028,mapbox_geocoding,True
MS,5000609,Amambai,Analy II,analy ii,-23.079679,-55.239905,mapbox_geocoding,True
MS,5000609,Amambai,Área Rural de Amambai,area rural de amambai,-22.973762,-54.942604,mapbox_geocoding,True
MS,5000609,Amambai,Centro,centro,-23.107139,-55.225991,mapbox_geocoding,True
MS,5000609,Amambai,Conjunto Francisco Fidelis Franco,conjunto francisco fidelis franco,-23.117293,-55.210981,mapbox_geocoding,True
MS,5000609,Amambai,Conjunto Habitacional Caiuás,conjunto habitacional caiuas,-23.124376,-55.217444,mapbox_geocoding,True
MS,5000609,Amambai,Conjunto Habitacional Previsul,conjunto habitacional previsul,-23.107281,-55.23869,mapbox_geocoding,True
MS,5000609,Amambai,Dom Leon,dom leon,-23.065293,-55.228028,mapbox_geocoding,True
MS,5000609,Amambai,Gloria,gloria,-23.10833,-55.22171,mapbox_geocoding,True
MS,5000609,Amambai,Jardim Ana Mansano,jardim ana mansano,-23.10504,-55.230392,mapbox_geocoding,True
MS,5000609,Amambai,Jardim Durex,jardim durex,-23.119084,-55.217938,mapbox_geocoding,True
MS,5000609,Amambai,Parque Industrial,parque industrial,-23.065293,-55.228028,mapbox_geocoding,True
MS,5000609,Amambai,Por do Sol I,por do sol i,-23.064696,-55.227773,mapbox_geocoding,True
MS,5000609,Amambai,Por do Sol II,por do sol ii,-23.064696,-55.227773,mapbox_geocoding,True
MS,5000609,Amambai,Presidente Vargas,presidente vargas,-23.107139,-55.225991,mapbox_geocoding,True
MS,5000609,Amambai,Residencial dos Ipês,residencial dos ipes,-23.114612,-55.188666,mapbox_geocoding,True
MS,5000609,Amambai,Residencial Nhu-Vera,residencial nhu vera,-23.10833,-55.22171,mapbox_geocoding,True
MS,5000609,Amambai,Residencial Tênis Clube,residencial tenis clube,-23.107139,-55.225991,mapbox_geocoding,True
MS,5000609,Amambai,Santa Catarina,santa catarina,-23.113152,-55.21919,mapbox_geocoding,True
MS,5000609,Amambai,Vila Alcindo Franco Machado,vila alcindo franco machado,-23.124376,-55.217444,mapbox_geocoding,True
MS,5000609,Amambai,Vila Alva,vila alva,-23.10833,-55.22171,mapbox_geocoding,True
MS,5000609,Amambai,Vila Alvorada,vila alvorada,-23.10833,-55.22171,mapbox_geocoding,True
MS,5000609,Amambai,Vila Boa Sorte,vila boa sorte,-23.106947,-55.214494,mapbox_geocoding,True
MS,5000609,Amambai,Vila Cassiano Marcelo,vila cassiano marcelo,-23.128193,-55.217408,mapbox_geocoding,True
MS,5000609,Amambai,Vila Claudia,vila claudia,-23.10833,-55.22171,mapbox_geocoding,True
MS,5000609,Amambai,Vila Copacabana,vila copacabana,-20.499833,-54.626595,mapbox_geocoding,True
MS,5000609,Amambai,Vila Correa,vila correa,-23.104803,-55.238233,mapbox_geocoding,True
MS,5000609,Amambai,Vila Crepusculo I,vila crepusculo i,-23.099442,-55.232553,mapbox_geocoding,True
MS,5000609,Amambai,Vila Crepusculo II,vila crepusculo ii,-23.107281,-55.23869,mapbox_geocoding,True
MS,5000609,Amambai,Vila Crepusculo III,vila crepusculo iii,-23.107281,-55.23869,mapbox_geocoding,True
MS,5000609,Amambai,Vila Cristina,vila cristina,-23.128193,-55.217408,mapbox_geocoding,True
MS,5000609,Amambai,Vila Cruzeiro,vila cruzeiro,-23.109319,-55.217768,mapbox_geocoding,True
MS,5000609,Amambai,Vila Doriane,vila doriane,-23.095293,-55.240464,mapbox_geocoding,True
MS,5000609,Amambai,Vila Estrela,vila estrela,-23.099442,-55.232553,mapbox_geocoding,True
MS,5000609,Amambai,Vila Etelvina,vila etelvina,-23.101387,-55.235236,mapbox_geocoding,True
MS,5000609,Amambai,Vila Fioramonte,vila fioramonte,-23.113152,-55.21919,mapbox_geocoding,True
MS,5000609,Amambai,Vila Flor,vila flor,-23.107117,-55.227721,mapbox_geocoding,True
MS,5000609,Amambai,Vila Gisele,vila gisele,-23.099442,-55.232553,mapbox_geocoding,True
MS,5000609,Amambai,Vila Graciela,vila graciela,-23.10833,-55.22171,mapbox_geocoding,True
MS,5000609,Amambai,Vila Guaicurus,vila guaicurus,-23.105748,-55.239533,mapbox_geocoding,True
MS,5000609,Amambai,Vila Guape,vila guape,-23.095293,-55.240464,mapbox_geocoding,True
MS,5000609,Amambai,Vila Independência,vila independencia,-23.109514,-55.222782,mapbox_geocoding,True
MS,5000609,Amambai,Vila Indiana,vila indiana,-23.124376,-55.217444,mapbox_geocoding,True
MS,5000609,Amambai,Vila Jardim Pandui,vila jardim pandui,-23.134456,-55.212431,mapbox_geocoding,True
MS,5000609,Amambai,Vila Jardim Panorama,vila jardim panorama,-23.107139,-55.225991,mapbox_geocoding,True
MS,5000609,Amambai,Vila Joana Batista,vila joana batista,-23.107139,-55.225991,mapbox_geocoding,True
MS,5000609,Amambai,Vila Jussara,vila jussara,-23.107139,-55.225991,mapbox_geocoding,True
MS,5000609,Amambai,Vila Limeira,vila limeira,-23.142089,-55.213346,mapbox_geocoding,True
MS,5000609,Amambai,Vila Mangay,vila mangay,-23.10504,-55.230392,mapbox_geocoding,True
MS,5000609,Amambai,Vila Manvailer,vila manvailer,-23.107139,-55.225991,mapbox_geocoding,True
MS,5000609,Amambai,Vila Marechal Rondom,vila marechal rondom,-23.118814,-55.220039,mapbox_geocoding,True
MS,5000609,Amambai,Vila Mariana,vila mariana,-23.10833,-55.22171,mapbox_geocoding,True
MS,5000609,Amambai,Vila Martins,vila martins,-23.10833,-55.22171,mapbox_geocoding,True
MS,5000609,Amambai,Vila Mendonça,vila mendonca,-23.107139,-55.225991,mapbox_geocoding,True
MS,5000609,Amambai,Vila Nova Esperança,vila nova esperanca,-23.10833,-55.22171,mapbox_geocoding,True
MS,5000609,Amambai,Vila Orlando Viol,vila orlando viol,-23.107529,-55.215475,mapbox_geocoding,True
MS,5000609,Amambai,Vila Paulista,vila paulista,-23.128193,-55.217408,mapbox_geocoding,True
MS,5000609,Amambai,Vila Pazeto,vila pazeto,-23.124376,-55.217444,mapbox_geocoding,True
MS,5000609,Amambai,Vila Pimentel,vila pimentel,-23.099442,-55.232553,mapbox_geocoding,True
MS,5000609,Amambai,Vila Planalto,vila planalto,-23.275393,-55.523577,mapbox_geocoding,True
MS,5000609,Amambai,Vila Primavera,vila primavera,-23.099442,-55.232553,mapbox_geocoding,True
MS,5000609,Amambai,Vila Rosa,vila rosa,-23.107139,-55.225991,mapbox_geocoding,True
MS,5000609,Amambai,Vila São Francisco,vila sao francisco,-23.107117,-55.227721,mapbox_geocoding,True
MS,5000609,Amambai,Vila São Jorge,vila sao jorge,-23.128193,-55.217408,mapbox_geocoding,True
MS,5000609,Amambai,Vila São Luiz,vila sao luiz,-23.118814,-55.220039,mapbox_geocoding,True
MS,5000609,Amambai,Vila Vargas,vila vargas,-23.107139,-55.225991,mapbox_geocoding,True
MS,5000609,Amambai,Vila Vilarinho,vila vilarinho,-23.10833,-55.22171,mapbox_geocoding,True
MS,5000609,Amambai,Vila Xavier,vila xavier,-23.107117,-55.227721,mapbox_geocoding,True
MS,5000708,Anastácio,Centro,centro,-20.481042,-55.8031961,brasil_aberto_first_street,True
MS,5000807,Anaurilândia,Agua Amarela,agua amarela,-22.181194,-52.714979,mapbox_geocoding,True
MS,5000807,Anaurilândia,Área Rural de Anaurilândia,area rural de anaurilandia,-22.184439,-52.71984,mapbox_geocoding,True
MS,5000807,Anaurilândia,Centro,centro,-22.185047,-52.71826,mapbox_geocoding,True
MS,5000807,Anaurilândia,Centro (Quebracho),centro quebracho,-22.011546,-52.511728,mapbox_geocoding,True
MS,5000807,Anaurilândia,Jardim das Nações,jardim das nacoes,-22.012397,-52.511818,mapbox_geocoding,True
MS,5000807,Anaurilândia,Jardim dos Estados,jardim dos estados,-4.8376,-66.850377,mapbox_geocoding,True
MS,5000807,Anaurilândia,Jardim Esperança,jardim esperanca,-4.8376,-66.850377,mapbox_geocoding,True
MS,5000807,Anaurilândia,Quebracho,quebracho,,,dne,True
MS,5000807,Anaurilândia,Residencial Grisolia,residencial grisolia,-4.8376,-66.850377,mapbox_geocoding,True
MS,5000807,Anaurilândia,Residencial Jardim das Acácias,residencial jardim das acacias,-22.188468,-52.720428,mapbox_geocoding,True
MS,5000807,Anaurilândia,São João Calábria,sao joao calabria,-22.176579,-52.71683,mapbox_geocoding,True
MS,5000807,Anaurilândia,Vila Januário,vila januario,-22.555126,-55.688188,mapbox_geocoding,True
MS,5000856,Angélica,Centro,centro,-22.1593621,-53.7739075,brasil_aberto_first_street,True
MS,5000856,Angélica,Centro Cívico,centro civico,-22.1593621,-53.7739075,brasil_aberto_first_street,True
MS,5000856,Angélica,Ipezal,ipezal,,,dne,True
MS,5000906,Antônio João,Área Rural de Antônio João,area rural de antonio joao,-22.189407,-55.951412,mapbox_geocoding,True
MS,5000906,Antônio João,Área Rural de Campestre,area rural de campestre,-22.189407,-55.951412,mapbox_geocoding,True
MS,5000906,Antônio João,Campestre,campestre,,,dne,True
MS,5000906,Antônio João,Centro,centro,-22.194692,-55.946355,mapbox_geocoding,True
MS,5000906,Antônio João,Centro (Campestre),centro campestre,-22.189407,-55.951412,mapbox_geocoding,True
MS,5000906,Antônio João,Residencial Adelino Martins,residencial adelino martins,-20.815396,-51.719486,mapbox_geocoding,True
MS,5000906,Antônio João,Residencial Arnaldo Marques,residencial arnaldo marques,-22.189553,-55.958449,mapbox_geocoding,True
MS,5000906,Antônio João,Residencial Clemir Vieira,residencial clemir vieira,-22.189553,-55.958449,mapbox_geocoding,True
MS,5000906,Antônio João,Residencial Guarani,residencial guarani,-22.189407,-55.951412,mapbox_geocoding,True
MS,5000906,Antônio João,Residencial Pioneira,residencial pioneira,-22.189553,-55.958449,mapbox_geocoding,True
MS,5000906,Antônio João,Residencial Por do Sol,residencial por do sol,-22.207532,-56.035812,mapbox_geocoding,True
MS,5000906,Antônio João,Residencial Portal da Serra,residencial portal da serra,-22.186004,-55.952968,mapbox_geocoding,True
MS,5000906,Antônio João,Residencial Rosa Joana Kerpel,residencial rosa joana kerpel,-22.189553,-55.958449,mapbox_geocoding,True
MS,5000906,Antônio João,Vila Arabela Freire,vila arabela freire,-22.207532,-56.035812,mapbox_geocoding,True
MS,5000906,Antônio João,Vila Nova,vila nova,-22.180114,-55.949883,mapbox_geocoding,True
MS,5000906,Antônio João,Vila Penzo,vila penzo,-22.194692,-55.946355,mapbox_geocoding,True
MS,5001003,Aparecida do Taboado,Área Rural,area rural,-20.085772,-51.097904,mapbox_geocoding,True
MS,5001003,Aparecida do Taboado,Areia Branca,areia branca,-20.085772,-51.097904,mapbox_geocoding,True
MS,5001003,Aparecida do Taboado,Centro,centro,-20.083274,-51.105852,mapbox_geocoding,True
MS,5001003,Aparecida do Taboado,Chácara Boa Vista,chacara boa vista,-20.083274,-51.105852,mapbox_geocoding,True
MS,5001003,Aparecida do Taboado,Chácara Boa Vista II,chacara boa vista ii,-20.069243,-51.102281,mapbox_geocoding,True
MS,5001003,Aparecida do Taboado,Chácara Boa Vista III,chacara boa vista iii,-20.084179,-51.102123,mapbox_geocoding,True
MS,5001003,Aparecida do Taboado,Chácara Boa Vista IV,chacara boa vista iv,-20.083274,-51.105852,mapbox_geocoding,True
MS,5001003,Aparecida do Taboado,Chácara Boa Vista V,chacara boa vista v,-20.083274,-51.105852,mapbox_geocoding,True
MS,5001003,Aparecida do Taboado,Chácara Boa Vista VI,chacara boa vista vi,-20.084873,-51.105742,mapbox_geocoding,True
MS,5001003,Aparecida do Taboado,Chácara Boa Vista VII,chacara boa vista vii,-20.077987,-51.105968,mapbox_geocoding,True
MS,5001003,Aparecida do Taboado,Chácara Vale do Quitéria,chacara vale do quiteria,-20.085772,-51.097904,mapbox_geocoding,True
MS,5001003,Aparecida do Taboado,Cupins,cupins,,,dne,True
MS,5001003,Aparecida do Taboado,Distrito Industrial I - Geraldo Rodrigues de Almeida,distrito industrial i geraldo rodrigues de almeida,-20.085772,-51.097904,mapbox_geocoding,True
MS,5001003,Aparecida do Taboado,Distrito Industrial II - Gilberto Nunes da Rocha,distrito industrial ii gilberto nunes da rocha,-20.085772,-51.097904,mapbox_geocoding,True
MS,5001003,Aparecida do Taboado,Distrito Industrial III Coronel João Alves Moreira Lara,distrito industrial iii coronel joao alves moreira lara,-20.088825,-51.113574,mapbox_geocoding,True
MS,5001003,Aparecida do Taboado,Distrito Industrial IV - Engenheiro Wilques Alves de Queiroz,distrito industrial iv engenheiro wilques alves de queiroz,-20.085772,-51.097904,mapbox_geocoding,True
MS,5001003,Aparecida do Taboado,Enseada Três Rios,enseada tres rios,-20.071581,-51.034095,mapbox_geocoding,True
MS,5001003,Aparecida do Taboado,Ilha Grande,ilha grande,,,dne,True
MS,5001003,Aparecida do Taboado,Jardim Aeroporto,jardim aeroporto,-20.072855,-51.089528,mapbox_geocoding,True
MS,5001003,Aparecida do Taboado,Jardim Aeroporto II,jardim aeroporto ii,-20.072855,-51.089528,mapbox_geocoding,True
MS,5001003,Aparecida do Taboado,Jardim Aritana,jardim aritana,-20.088825,-51.113574,mapbox_geocoding,True
MS,5001003,Aparecida do Taboado,Jardim Brandini,jardim brandini,-20.086808,-51.108554,mapbox_geocoding,True
MS,5001003,Aparecida do Taboado,Jardim Brandini II,jardim brandini ii,-20.086808,-51.108554,mapbox_geocoding,True
MS,5001003,Aparecida do Taboado,Jardim Colorado,jardim colorado,-20.085772,-51.097904,mapbox_geocoding,True
MS,5001003,Aparecida do Taboado,Jardim Colorado II,jardim colorado ii,-20.085772,-51.097904,mapbox_geocoding,True
MS,5001003,Aparecida do Taboado,Jardim das Flores,jardim das flores,-20.072406,-51.08459,mapbox_geocoding,True
MS,5001003,Aparecida do Taboado,Jardim das Paineiras,jardim das paineiras,-20.084155,-51.107955,mapbox_geocoding,True
MS,5001003,Aparecida do Taboado,Jardim do Lago,jardim do lago,-20.077182,-51.099436,mapbox_geocoding,True
MS,5001003,Aparecida do Taboado,Jardim do Lago II,jardim do lago ii,-20.094639,-51.096675,mapbox_geocoding,True
MS,5001003,Aparecida do Taboado,Jardim Esperança I,jardim esperanca i,-20.084155,-51.107955,mapbox_geocoding,True
MS,5001003,Aparecida do Taboado,Jardim Esperança II,jardim esperanca ii,-20.084155,-51.107955,mapbox_geocoding,True
MS,5001003,Aparecida do Taboado,Jardim Félix,jardim felix,-20.072406,-51.08459,mapbox_geocoding,True
MS,5001003,Aparecida do Taboado,Jardim Félix II,jardim felix ii,-20.072406,-51.08459,mapbox_geocoding,True
MS,5001003,Aparecida do Taboado,Jardim Gimenes,jardim gimenes,-20.076404,-51.101714,mapbox_geocoding,True
MS,5001003,Aparecida do Taboado,Jardim Imperial,jardim imperial,-20.09516,-51.107658,mapbox_geocoding,True
MS,5001003,Aparecida do Taboado,Jardim Inácio Lima,jardim inacio lima,-20.087933,-51.103503,mapbox_geocoding,True
MS,5001003,Aparecida do Taboado,Jardim Inácio Lima II,jardim inacio lima ii,-20.087933,-51.103503,mapbox_geocoding,True
MS,5001003,Aparecida do Taboado,Jardim Ipacaraí,jardim ipacarai,-20.086011,-51.1053,mapbox_geocoding,True
MS,5001003,Aparecida do Taboado,Jardim Jerusa,jardim jerusa,-20.086808,-51.108554,mapbox_geocoding,True
MS,5001003,Aparecida do Taboado,Jardim Matos,jardim matos,-20.086011,-51.1053,mapbox_geocoding,True
MS,5001003,Aparecida do Taboado,Jardim Morumbi,jardim morumbi,-20.088825,-51.113574,mapbox_geocoding,True
MS,5001003,Aparecida do Taboado,Jardim Panorama,jardim panorama,-20.087933,-51.103503,mapbox_geocoding,True
MS,5001003,Aparecida do Taboado,Jardim Paraíso,jardim paraiso,-20.087933,-51.103503,mapbox_geocoding,True
MS,5001003,Aparecida do Taboado,Jardim Paraíso II,jardim paraiso ii,-20.090103,-51.102,mapbox_geocoding,True
MS,5001003,Aparecida do Taboado,Jardim Paulista,jardim paulista,-20.084873,-51.105742,mapbox_geocoding,True
MS,5001003,Aparecida do Taboado,Jardim Pioneiro,jardim pioneiro,-20.075777,-51.096217,mapbox_geocoding,True
MS,5001003,Aparecida do Taboado,Jardim Priscila,jardim priscila,-20.084155,-51.107955,mapbox_geocoding,True
MS,5001003,Aparecida do Taboado,Jardim Redentora,jardim redentora,-20.085772,-51.097904,mapbox_geocoding,True
MS,5001003,Aparecida do Taboado,Jardim Samara,jardim samara,-20.088825,-51.113574,mapbox_geocoding,True
MS,5001003,Aparecida do Taboado,Jardim Santa Luiza,jardim santa luiza,-20.093443,-51.106685,mapbox_geocoding,True
MS,5001003,Aparecida do Taboado,Jardim São Benedito,jardim sao benedito,-20.086011,-51.1053,mapbox_geocoding,True
MS,5001003,Aparecida do Taboado,Jardim São Bento,jardim sao bento,-20.086808,-51.108554,mapbox_geocoding,True
MS,5001003,Aparecida do Taboado,Jardim São Lázaro,jardim sao lazaro,-20.103629,-51.089751,mapbox_geocoding,True
MS,5001003,Aparecida do Taboado,Jardim São Vicente,jardim sao vicente,-20.084155,-51.107955,mapbox_geocoding,True
MS,5001003,Aparecida do Taboado,Jardim Soares,jardim soares,-20.084155,-51.107955,mapbox_geocoding,True
MS,5001003,Aparecida do Taboado,Jardim Vila Rica,jardim vila rica,-20.087933,-51.103503,mapbox_geocoding,True
MS,5001003,Aparecida do Taboado,Jardim Wilson Lucas de Oliveira,jardim wilson lucas de oliveira,-20.105053,-51.104708,mapbox_geocoding,True
MS,5001003,Aparecida do Taboado,Jardim Wilson Lucas de Oliveira II,jardim wilson lucas de oliveira ii,-20.105053,-51.104708,mapbox_geocoding,True
MS,5001003,Aparecida do Taboado,Lago Azul,lago azul,-20.138677,-51.049394,mapbox_geocoding,True
MS,5001003,Aparecida do Taboado,Loteamento Anduraluá,loteamento anduralua,-20.085772,-51.097904,mapbox_geocoding,True
MS,5001003,Aparecida do Taboado,Loteamento Bom Jesus,loteamento bom jesus,-20.085772,-51.097904,mapbox_geocoding,True
MS,5001003,Aparecida do Taboado,Loteamento das Praias,loteamento das praias,-20.085772,-51.097904,mapbox_geocoding,True
MS,5001003,Aparecida do Taboado,Loteamento das Praias II,loteamento das praias ii,-20.085772,-51.097904,mapbox_geocoding,True
MS,5001003,Aparecida do Taboado,Loteamento das Praias III,loteamento das praias iii,-20.085772,-51.097904,mapbox_geocoding,True
MS,5001003,Aparecida do Taboado,Oriente,oriente,,,dne,True
MS,5001003,Aparecida do Taboado,Polo Industrial II - Abel Francisco Maganhato,polo industrial ii abel francisco maganhato,-20.054016,-51.113715,mapbox_geocoding,True
MS,5001003,Aparecida do Taboado,Polo Industrial Salim Abdu Samara,polo industrial salim abdu samara,-20.077182,-51.099436,mapbox_geocoding,True
MS,5001003,Aparecida do Taboado,Pontal da Barra,pontal da barra,-20.085772,-51.097904,mapbox_geocoding,True
MS,5001003,Aparecida do Taboado,Residencial Cidade Nova,residencial cidade nova,-20.085772,-51.097904,mapbox_geocoding,True
MS,5001003,Aparecida do Taboado,Residencial Costa Leste,residencial costa leste,-20.082859,-51.096508,mapbox_geocoding,True
MS,5001003,Aparecida do Taboado,Residencial Dutra,residencial dutra,-20.085772,-51.097904,mapbox_geocoding,True
MS,5001003,Aparecida do Taboado,Residencial Eldorado,residencial eldorado,-20.067511,-51.102842,mapbox_geocoding,True
MS,5001003,Aparecida do Taboado,Residencial Evely,residencial evely,-20.083274,-51.105852,mapbox_geocoding,True
MS,5001003,Aparecida do Taboado,Residencial Magnata,residencial magnata,-20.083274,-51.105852,mapbox_geocoding,True
MS,5001003,Aparecida do Taboado,Residencial Oliveira,residencial oliveira,-20.086011,-51.1053,mapbox_geocoding,True
MS,5001003,Aparecida do Taboado,Residencial Ovídio,residencial ovidio,-20.084155,-51.107955,mapbox_geocoding,True
MS,5001003,Aparecida do Taboado,Residencial Pantanal,residencial pantanal,-20.075166,-51.083456,mapbox_geocoding,True
MS,5001003,Aparecida do Taboado,Residencial Park,residencial park,-20.086011,-51.1053,mapbox_geocoding,True
MS,5001003,Aparecida do Taboado,Residencial Piva,residencial piva,-20.067511,-51.102842,mapbox_geocoding,True
MS,5001003,Aparecida do Taboado,Residencial Portal das Águas,residencial portal das aguas,-20.104821,-51.037226,mapbox_geocoding,True
MS,5001003,Aparecida do Taboado,Residencial Primavera,residencial primavera,-20.088825,-51.113574,mapbox_geocoding,True
MS,5001003,Aparecida do Taboado,Residencial Primavera II,residencial primavera ii,-20.088825,-51.113574,mapbox_geocoding,True
MS,5001003,Aparecida do Taboado,Residencial Santa Maria,residencial santa maria,-20.086784,-51.113937,mapbox_geocoding,True
MS,5001003,Aparecida do Taboado,Residencial São Gabriel,residencial sao gabriel,-20.073511,-51.090924,mapbox_geocoding,True
MS,5001003,Aparecida do Taboado,Residencial São João,residencial sao joao,-20.070629,-51.091587,mapbox_geocoding,True
MS,5001003,Aparecida do Taboado,Residencial São João II,residencial sao joao ii,-20.070629,-51.091587,mapbox_geocoding,True
MS,5001003,Aparecida do Taboado,Residencial Souza Bueno,residencial souza bueno,-20.077182,-51.099436,mapbox_geocoding,True
MS,5001003,Aparecida do Taboado,Residencial Tauam,residencial tauam,-20.079731,-51.103592,mapbox_geocoding,True
MS,5001003,Aparecida do Taboado,Residencial Tia Chica,residencial tia chica,-20.074284,-51.088522,mapbox_geocoding,True
MS,5001003,Aparecida do Taboado,Residencial Tia Chica II,residencial tia chica ii,-20.072406,-51.08459,mapbox_geocoding,True
MS,5001003,Aparecida do Taboado,Ribeirão Formoso,ribeirao formoso,-20.01898,-51.042296,mapbox_geocoding,True
MS,5001003,Aparecida do Taboado,São Sebastião,sao sebastiao,-20.083274,-51.105852,mapbox_geocoding,True
MS,5001003,Aparecida do Taboado,Vale do Paiol,vale do paiol,-20.138677,-51.049394,mapbox_geocoding,True
MS,5001003,Aparecida do Taboado,Vila Barbosa,vila barbosa,-20.083274,-51.105852,mapbox_geocoding,True
MS,5001003,Aparecida do Taboado,Vila Dourado,vila dourado,-20.075777,-51.096217,mapbox_geocoding,True
MS,5001003,Aparecida do Taboado,Vila Garcia,vila garcia,-20.075777,-51.096217,mapbox_geocoding,True
MS,5001003,Aparecida do Taboado,Vila Glória,vila gloria,-20.084155,-51.107955,mapbox_geocoding,True
MS,5001003,Aparecida do Taboado,Vila Militar,vila militar,-20.08754,-51.105943,mapbox_geocoding,True
MS,5001003,Aparecida do Taboado,Vila Pereira,vila pereira,-20.093443,-51.106685,mapbox_geocoding,True
MS,5001003,Aparecida do Taboado,Vila Real,vila real,-20.093498,-51.103622,mapbox_geocoding,True
MS,5001003,Aparecida do Taboado,Vila Rodrigues,vila rodrigues,-20.105053,-51.104708,mapbox_geocoding,True
MS,5001003,Aparecida do Taboado,Vila Santa Luzia,vila santa luzia,-20.087933,-51.103503,mapbox_geocoding,True
MS,5001003,Aparecida do Taboado,Vila Santo Antônio,vila santo antonio,-20.076404,-51.101714,mapbox_geocoding,True
MS,5001003,Aparecida do Taboado,Vila São Jerônimo,vila sao jeronimo,-20.084155,-51.107955,mapbox_geocoding,True
MS,5001003,Aparecida do Taboado,Vila São José,vila sao jose,-20.075777,-51.096217,mapbox_geocoding,True
MS,5001003,Aparecida do Taboado,Vila São Luiz,vila sao luiz,-20.084155,-51.107955,mapbox_geocoding,True
MS,5001003,Aparecida do Taboado,Vila São Luiz II,vila sao luiz ii,-20.105053,-51.104708,mapbox_geocoding,True
MS,5001003,Aparecida do Taboado,Vila Vilas Boas,vila vilas boas,-20.077182,-51.099436,mapbox_geocoding,True
MS,5001102,Aquidauana,Camisão,camisao,,,dne,True
MS,5001102,Aquidauana,Centro,centro,-20.4758498,-55.7962521,brasil_aberto_first_street,True
MS,5001102,Aquidauana,Cipolândia,cipolandia,,,dne,True
MS,5001102,Aquidauana,Piraputanga,piraputanga,,,dne,True
MS,5001102,Aquidauana,Taunay,taunay,,,dne,True
MS,5001243,Aral Moreira,Centro,centro,-23.0252778,-55.58812169999999,brasil_aberto_first_street,True
MS,5001243,Aral Moreira,Vila Marques,vila marques,,,dne,True
MS,5001508,Bandeirantes,Área Rural de Bandeirantes,area rural de bandeirantes,-19.54834,-54.432451,mapbox_geocoding,True
MS,5001508,Bandeirantes,Área Rural de Congonhas,area rural de congonhas,-19.91804,-54.36843,mapbox_geocoding,True
MS,5001508,Bandeirantes,Centro,centro,-19.916915,-54.374291,mapbox_geocoding,True
MS,5001508,Bandeirantes,Centro (Congonhas),centro congonhas,-22.629485,-54.825478,mapbox_geocoding,True
MS,5001508,Bandeirantes,Congonhas,congonhas,,,dne,True
MS,5001508,Bandeirantes,Jardim Alvorada,jardim alvorada,-19.915445,-54.37129,mapbox_geocoding,True
MS,5001508,Bandeirantes,Jardim Bela Vista,jardim bela vista,-19.918581,-54.365724,mapbox_geocoding,True
MS,5001508,Bandeirantes,Jardim Chico Bandeira,jardim chico bandeira,-19.914566,-54.372096,mapbox_geocoding,True
MS,5001508,Bandeirantes,Jardim Dona Rosa,jardim dona rosa,-19.918581,-54.365724,mapbox_geocoding,True
MS,5001508,Bandeirantes,Jardim Nova Bandeirantes,jardim nova bandeirantes,-19.915899,-54.36957,mapbox_geocoding,True
MS,5001508,Bandeirantes,Jardim Santa Madalena,jardim santa madalena,-19.915899,-54.36957,mapbox_geocoding,True
MS,5001508,Bandeirantes,Jardim Santana,jardim santana,-19.918581,-54.365724,mapbox_geocoding,True
MS,5001508,Bandeirantes,Pedro Constantino,pedro constantino,-19.916915,-54.374291,mapbox_geocoding,True
MS,5001508,Bandeirantes,Prefeito Nicanor Antônio de Souza,prefeito nicanor antonio de souza,-19.916915,-54.374291,mapbox_geocoding,True
MS,5001508,Bandeirantes,Silvino de Barros,silvino de barros,-19.916915,-54.374291,mapbox_geocoding,True
MS,5001508,Bandeirantes,Vila Espirito Santo,vila espirito santo,-19.915899,-54.36957,mapbox_geocoding,True
MS,5001508,Bandeirantes,Vila Nossa Senhora Aparecida,vila nossa senhora aparecida,-19.918581,-54.365724,mapbox_geocoding,True
MS,5001508,Bandeirantes,Vila Soares,vila soares,-19.915899,-54.36957,mapbox_geocoding,True
MS,5001904,Bataguassu,Centro,centro,-21.7165288,-52.4266295,brasil_aberto_first_street,True
MS,5001904,Bataguassu,Porto XV de Novembro,porto xv de novembro,,,dne,True
MS,5002001,Batayporã,Área Rural de Batayporã,area rural de bataypora,-22.29783,-53.27166,mapbox_geocoding,True
MS,5002001,Batayporã,Centro,centro,-22.295463,-53.268815,mapbox_geocoding,True
MS,5002001,Batayporã,Doutor João Jamil Mella,doutor joao jamil mella,-22.297465,-53.266701,mapbox_geocoding,True
MS,5002001,Batayporã,Jardim Alvorada,jardim alvorada,-22.301476,-53.262755,mapbox_geocoding,True
MS,5002001,Batayporã,Jardim Planalto,jardim planalto,-22.302884,-53.266575,mapbox_geocoding,True
MS,5002001,Batayporã,Parque Califórnia,parque california,-20.76108,-51.692531,mapbox_geocoding,True
MS,5002001,Batayporã,Parque da Américas,parque da americas,-20.76108,-51.692531,mapbox_geocoding,True
MS,5002001,Batayporã,Residencial Albuquerque Felippi,residencial albuquerque felippi,-19.701135,-51.169212,mapbox_geocoding,True
MS,5002001,Batayporã,Residencial Antonio Olimpio Pinheiro,residencial antonio olimpio pinheiro,-22.300005,-53.260473,mapbox_geocoding,True
MS,5002001,Batayporã,Residencial Caique,residencial caique,-22.293379,-53.276129,mapbox_geocoding,True
MS,5002001,Batayporã,Residencial Cantinho da Família,residencial cantinho da familia,-22.298097,-53.269572,mapbox_geocoding,True
MS,5002001,Batayporã,Residencial Ivo Pereira de Souza,residencial ivo pereira de souza,-22.298097,-53.269572,mapbox_geocoding,True
MS,5002001,Batayporã,Residencial Pantanal,residencial pantanal,-22.290484,-53.272929,mapbox_geocoding,True
MS,5002001,Batayporã,Residencial Santa Barbara,residencial santa barbara,-19.701135,-51.169212,mapbox_geocoding,True
MS,5002001,Batayporã,Residencial São José,residencial sao jose,-19.701135,-51.169212,mapbox_geocoding,True
MS,5002001,Batayporã,Vila Antonia Nantes,vila antonia nantes,-22.295463,-53.268815,mapbox_geocoding,True
MS,5002001,Batayporã,Vila Atilio Monteiro da Rocha,vila atilio monteiro da rocha,-22.295037,-53.260888,mapbox_geocoding,True
MS,5002001,Batayporã,Vila Benedito Schaffer,vila benedito schaffer,-22.297736,-53.254759,mapbox_geocoding,True
MS,5002001,Batayporã,Vila Bom Jesus,vila bom jesus,-22.293379,-53.276129,mapbox_geocoding,True
MS,5002001,Batayporã,Vila Brasilino,vila brasilino,-22.293379,-53.276129,mapbox_geocoding,True
MS,5002001,Batayporã,Vila Cantidiano Duarte,vila cantidiano duarte,-22.295037,-53.260888,mapbox_geocoding,True
MS,5002001,Batayporã,Vila Elisabet da Fonseca Silva,vila elisabet da fonseca silva,-22.294993,-53.271317,mapbox_geocoding,True
MS,5002001,Batayporã,Vila Gracinda da Costa Oliveira,vila gracinda da costa oliveira,-19.701135,-51.169212,mapbox_geocoding,True
MS,5002001,Batayporã,Vila Jose Mustafa,vila jose mustafa,-22.301443,-53.262574,mapbox_geocoding,True
MS,5002001,Batayporã,Vila Maria Gonçalves da Silva,vila maria goncalves da silva,-22.29777,-53.257371,mapbox_geocoding,True
MS,5002001,Batayporã,Vila Militar,vila militar,-22.297465,-53.266701,mapbox_geocoding,True
MS,5002001,Batayporã,Vila Monteiro,vila monteiro,-22.292227,-53.279604,mapbox_geocoding,True
MS,5002001,Batayporã,Vila Nidio Boffo,vila nidio boffo,-22.295037,-53.260888,mapbox_geocoding,True
MS,5002001,Batayporã,Vila Nova Era,vila nova era,-22.292149,-53.271178,mapbox_geocoding,True
MS,5002100,Bela Vista,Centro,centro,-22.0938239,-56.6289429,brasil_aberto_first_street,True
MS,5002100,Bela Vista,Nossa Senhora de Fátima,nossa senhora de fatima,,,dne,True
MS,5002159,Bodoquena,Centro,centro,-20.5523468,-56.6786006,brasil_aberto_first_street,True
MS,5002159,Bodoquena,Morraria do Sul,morraria do sul,,,dne,True
MS,5002209,Bonito,Centro,centro,-21.1273817,-56.4868928,brasil_aberto_first_street,True
MS,5002209,Bonito,Jabuti,jabuti,,,dne,True
MS,5002308,Brasilândia,Centro,centro,-21.2492644,-52.0339489,brasil_aberto_first_street,True
MS,5002308,Brasilândia,Debrasa,debrasa,,,dne,True
MS,5002407,Caarapó,Centro,centro,-22.637998,-54.8216321,brasil_aberto_first_street,True
MS,5002407,Caarapó,Cristalina,cristalina,,,dne,True
MS,5002407,Caarapó,Nova América,nova america,,,dne,True
MS,5002605,Camapuã,Centro,centro,-19.5334612,-54.0443051,brasil_aberto_first_street,True
MS,5002605,Camapuã,Pontinha do Cocho,pontinha do cocho,,,dne,True
MS,5002704,Campo Grande,Água Limpa Park,agua limpa park,-20.4117839,-54.6264136,brasil_aberto_first_street,True
MS,5002704,Campo Grande,Aguadinha,aguadinha,-20.4625886,-54.5210818,brasil_aberto_first_street,True
MS,5002704,Campo Grande,Alameda dos Castelos,alameda dos castelos,-20.46396,-54.61709,mapbox_geocoding,True
MS,5002704,Campo Grande,Alphaville Campo Grande,alphaville campo grande,-20.4067258,-54.5686703,brasil_aberto_first_street,True
MS,5002704,Campo Grande,Alphaville Campo Grande 3,alphaville campo grande 3,-20.4056324,-54.5571493,brasil_aberto_first_street,True
MS,5002704,Campo Grande,Alphaville Campo Grande 4,alphaville campo grande 4,-20.4128653,-54.5535165,brasil_aberto_first_street,True
MS,5002704,Campo Grande,Altos da Mata,altos da mata,-20.466141,-54.585726,mapbox_geocoding,True
MS,5002704,Campo Grande,Altos do Panamá,altos do panama,-20.4404433,-54.6641801,brasil_aberto_first_street,True
MS,5002704,Campo Grande,Alves Pereira,alves pereira,-20.532575,-54.604003,mapbox_geocoding,True
MS,5002704,Campo Grande,Amambaí,amambai,-20.4661385,-54.628309,brasil_aberto_first_street,True
MS,5002704,Campo Grande,Amantini Residence,amantini residence,-20.4902671,-54.5934169,brasil_aberto_first_street,True
MS,5002704,Campo Grande,Anhandui,anhandui,,,dne,True
MS,5002704,Campo Grande,Área Rural de Campo Grande,area rural de campo grande,-5.86249,-37.31175,mapbox_geocoding,True
MS,5002704,Campo Grande,Arnaldino da Silva,arnaldino da silva,-20.4066981,-54.5970762,brasil_aberto_first_street,True
MS,5002704,Campo Grande,Arnaldo Estevão Figueiredo,arnaldo estevao figueiredo,-20.567118,-54.56174,mapbox_geocoding,True
MS,5002704,Campo Grande,Ary Abussafi de Lima,ary abussafi de lima,-20.4100661,-54.5829288,brasil_aberto_first_street,True
MS,5002704,Campo Grande,Autonomista,autonomista,-20.4463834,-54.5855827,brasil_aberto_first_street,True
MS,5002704,Campo Grande,Bairro Industrial,bairro industrial,-20.4906364,-54.6786217,brasil_aberto_first_street,True
MS,5002704,Campo Grande,Bairro São Pedro,bairro sao pedro,-20.5130646,-54.6595173,brasil_aberto_first_street,True
MS,5002704,Campo Grande,Bairro Seminário,bairro seminario,-20.4337934,-54.6230132,brasil_aberto_first_street,True
MS,5002704,Campo Grande,Barra da Tijuca II,barra da tijuca ii,-20.5073856,-54.6688066,brasil_aberto_first_street,True
MS,5002704,Campo Grande,Beirute Residence Park,beirute residence park,-20.4579558,-54.5518051,brasil_aberto_first_street,True
MS,5002704,Campo Grande,Bela Vista,bela vista,-20.469707,-54.596914,mapbox_geocoding,True
MS,5002704,Campo Grande,Bom Retiro,bom retiro,-20.4032278,-54.6382472,brasil_aberto_first_street,True
MS,5002704,Campo Grande,Bonjardim,bonjardim,-20.4946279,-54.6640935,brasil_aberto_first_street,True
MS,5002704,Campo Grande,Bosque das Araras,bosque das araras,-20.4427742,-54.6818894,brasil_aberto_first_street,True
MS,5002704,Campo Grande,Bosque de Avilan,bosque de avilan,-20.4226173,-54.6012814,brasil_aberto_first_street,True
MS,5002704,Campo Grande,Bosque do Carvalho,bosque do carvalho,-20.4332236,-54.5634242,brasil_aberto_first_street,True
MS,5002704,Campo Grande,Bosque Santa Mônica,bosque santa monica,,,brasil_aberto,True
MS,5002704,Campo Grande,Bosque Santa Mônica II,bosque santa monica ii,-20.4624359,-54.713862,brasil_aberto_first_street,True
MS,5002704,Campo Grande,Cabreúva,cabreuva,-20.4451586,-54.6205099,brasil_aberto_first_street,True
MS,5002704,Campo Grande,Caiçara,caicara,-20.4777182,-54.6545979,brasil_aberto_first_street,True
MS,5002704,Campo Grande,Caiobá,caioba,-20.5391632,-54.6977428,brasil_aberto_first_street,True
MS,5002704,Campo Grande,Campo Dourado,campo dourado,-20.4239186,-54.5994875,brasil_aberto_first_street,True
MS,5002704,Campo Grande,Carandá Bosque,caranda bosque,-20.4393022,-54.5711203,brasil_aberto_first_street,True
MS,5002704,Campo Grande,Centenário,centenario,-20.5232065,-54.6312359,brasil_aberto_first_street,True
MS,5002704,Campo Grande,Center Park,center park,-20.4238487,-54.5994497,brasil_aberto_first_street,True
MS,5002704,Campo Grande,Centro,centro,-20.4633065,-54.6119387,brasil_aberto_first_street,True
MS,5002704,Campo Grande,Centro Oeste,centro oeste,-20.5431124,-54.594298,brasil_aberto_first_street,True
MS,5002704,Campo Grande,Chácara Cachoeira,chacara cachoeira,-20.4577702,-54.5791606,brasil_aberto_first_street,True
MS,5002704,Campo Grande,Chácara das Mansões,chacara das mansoes,-20.6199319,-54.5743761,brasil_aberto_first_street,True
MS,5002704,Campo Grande,Chácara dos Poderes,chacara dos poderes,-20.4245522,-54.5156931,brasil_aberto_first_street,True
MS,5002704,Campo Grande,Chácara José Antônio Pereira,chacara jose antonio pereira,-20.533792,-54.585358,mapbox_geocoding,True
MS,5002704,Campo Grande,Chácara Lageado,chacara lageado,-20.5588681,-54.6465605,brasil_aberto_first_street,True
MS,5002704,Campo Grande,Chácara Santa Abadia,chacara santa abadia,-20.567118,-54.56174,mapbox_geocoding,True
MS,5002704,Campo Grande,Cidade dos Anjos,cidade dos anjos,-5.86249,-37.31175,mapbox_geocoding,True
MS,5002704,Campo Grande,Cidade Jardim,cidade jardim,-20.4616114,-54.5672076,brasil_aberto_first_street,True
MS,5002704,Campo Grande,Cohafama,cohafama,-20.4786255,-54.6298593,brasil_aberto_first_street,True
MS,5002704,Campo Grande,Colinas de Campo Grande,colinas de campo grande,-20.5304929,-54.6226514,brasil_aberto_first_street,True
MS,5002704,Campo Grande,Comunidade Esperança,comunidade esperanca,-20.46396,-54.61709,mapbox_geocoding,True
MS,5002704,Campo Grande,Conjunto Aero Rancho,conjunto aero rancho,-20.5215586,-54.6563304,brasil_aberto_first_street,True
MS,5002704,Campo Grande,Conjunto Habitacional Estrela D'Alva I,conjunto habitacional estrela d alva i,-20.4265682,-54.5580841,brasil_aberto_first_street,True
MS,5002704,Campo Grande,Conjunto Habitacional Estrela D'Alva II,conjunto habitacional estrela d alva ii,-20.4311877,-54.5559777,brasil_aberto_first_street,True
MS,5002704,Campo Grande,Conjunto Habitacional Estrela D'Alva III,conjunto habitacional estrela d alva iii,-20.4259254,-54.5536567,brasil_aberto_first_street,True
MS,5002704,Campo Grande,Conjunto Habitacional Jardim Talismã,conjunto habitacional jardim talisma,-20.4118351,-54.5861463,brasil_aberto_first_street,True
MS,5002704,Campo Grande,Conjunto Habitacional Nascente Segredo,conjunto habitacional nascente segredo,-20.4159342,-54.5880167,brasil_aberto_first_street,True
MS,5002704,Campo Grande,Conjunto Iracy Coelho III,conjunto iracy coelho iii,-20.5329981,-54.6475658,brasil_aberto_first_street,True
MS,5002704,Campo Grande,Conjunto José Abrão,conjunto jose abrao,-20.4232184,-54.6550424,brasil_aberto_first_street,True
MS,5002704,Campo Grande,Conjunto Parati II,conjunto parati ii,-20.5122313,-54.6284895,brasil_aberto_first_street,True
MS,5002704,Campo Grande,Conjunto Residencial Botafogo,conjunto residencial botafogo,-20.52502,-54.6263293,brasil_aberto_first_street,True
MS,5002704,Campo Grande,Conjunto Residencial Estrela do Sul,conjunto residencial estrela do sul,-20.4237881,-54.5922234,brasil_aberto_first_street,True
MS,5002704,Campo Grande,Conjunto Residencial Nova Olinda,conjunto residencial nova olinda,-20.4182552,-54.5818676,brasil_aberto_first_street,True
MS,5002704,Campo Grande,Conjunto Residencial Octavio Pécora,conjunto residencial octavio pecora,-20.4221828,-54.6099106,brasil_aberto_first_street,True
MS,5002704,Campo Grande,Conjunto Residencial Recanto dos Rouxinóis,conjunto residencial recanto dos rouxinois,-20.528736,-54.58276799999999,brasil_aberto_first_street,True
MS,5002704,Campo Grande,Conjunto União II,conjunto uniao ii,-20.4836072,-54.6694157,brasil_aberto_first_street,True
MS,5002704,Campo Grande,Coophafé,coophafe,-20.4500059,-54.582977,brasil_aberto_first_street,True
MS,5002704,Campo Grande,Coophamat,coophamat,-20.5031796,-54.653894,brasil_aberto_first_street,True
MS,5002704,Campo Grande,Coopharádio,coopharadio,-20.5062374,-54.5939539,brasil_aberto_first_street,True
MS,5002704,Campo Grande,Coophasul,coophasul,-20.4216188,-54.6347799,brasil_aberto_first_street,True
MS,5002704,Campo Grande,Coophatrabalho,coophatrabalho,-20.4325628,-54.6554067,brasil_aberto_first_street,True
MS,5002704,Campo Grande,Coophavila II,coophavila ii,-20.5337909,-54.6719805,brasil_aberto_first_street,True
MS,5002704,Campo Grande,Coronel Antonino,coronel antonino,-20.4235881,-54.5949049,brasil_aberto_first_street,True
MS,5002704,Campo Grande,Delfos Residencial,delfos residencial,-20.4932442,-54.59045099999999,brasil_aberto_first_street,True
MS,5002704,Campo Grande,Dom Antônio Barbosa,dom antonio barbosa,-20.5528901,-54.649495,brasil_aberto_first_street,True
MS,5002704,Campo Grande,Edson Brito Garcia,edson brito garcia,-20.5248695,-54.5732014,brasil_aberto_first_street,True
MS,5002704,Campo Grande,Eparque Campo Grande,eparque campo grande,-20.46396,-54.61709,mapbox_geocoding,True
MS,5002704,Campo Grande,Gregorio Correa,gregorio correa,-20.4100661,-54.5829288,brasil_aberto_first_street,True
MS,5002704,Campo Grande,Guanandi,guanandi,-20.4935372,-54.6479674,brasil_aberto_first_street,True
MS,5002704,Campo Grande,Guanandi II,guanandi ii,-20.5120081,-54.643195,brasil_aberto_first_street,True
MS,5002704,Campo Grande,Homex,homex,-20.378532,-54.542448,mapbox_geocoding,True
MS,5002704,Campo Grande,Indaiá Park,indaia park,-20.4889829,-54.5943526,brasil_aberto_first_street,True
MS,5002704,Campo Grande,Itanhangá Park,itanhanga park,-20.4655603,-54.6016582,brasil_aberto_first_street,True
MS,5002704,Campo Grande,Jacy,jacy,-20.490782,-54.642926,mapbox_geocoding,True
MS,5002704,Campo Grande,Jardim Aero Rancho,jardim aero rancho,-20.5253816,-54.6424847,brasil_aberto_first_street,True
MS,5002704,Campo Grande,Jardim Aeroporto,jardim aeroporto,-20.4483392,-54.6896785,brasil_aberto_first_street,True
MS,5002704,Campo Grande,Jardim Agulhas Negras,jardim agulhas negras,-20.5431124,-54.594298,brasil_aberto_first_street,True
MS,5002704,Campo Grande,Jardim Alto São Francisco,jardim alto sao francisco,-20.4192196,-54.6414852,brasil_aberto_first_street,True
MS,5002704,Campo Grande,Jardim América,jardim america,-20.48716,-54.6221009,brasil_aberto_first_street,True
MS,5002704,Campo Grande,Jardim Anache,jardim anache,-20.3798822,-54.5644387,brasil_aberto_first_street,True
MS,5002704,Campo Grande,Jardim Anápolis I,jardim anapolis i,-20.5237762,-54.6171227,brasil_aberto_first_street,True
MS,5002704,Campo Grande,Jardim Antáres,jardim antares,-20.5228591,-54.583456,brasil_aberto_first_street,True
MS,5002704,Campo Grande,Jardim Arco Íris,jardim arco iris,-20.4275255,-54.5481637,brasil_aberto_first_street,True
MS,5002704,Campo Grande,Jardim Autonomista,jardim autonomista,-20.4445595,-54.5822627,brasil_aberto_first_street,True
MS,5002704,Campo Grande,Jardim Auxiliadora,jardim auxiliadora,-20.4927854,-54.5836341,brasil_aberto_first_street,True
MS,5002704,Campo Grande,Jardim Bálsamo,jardim balsamo,-20.5430346,-54.6156099,brasil_aberto_first_street,True
MS,5002704,Campo Grande,Jardim Bálsamo II,jardim balsamo ii,-20.472653,-54.653289,mapbox_geocoding,True
MS,5002704,Campo Grande,Jardim Bálsamo III,jardim balsamo iii,-20.491882,-54.58089,mapbox_geocoding,True
MS,5002704,Campo Grande,Jardim Barcelona,jardim barcelona,-20.4648517,-54.6218477,brasil_aberto_first_street,True
MS,5002704,Campo Grande,Jardim Batistão,jardim batistao,-20.5211761,-54.6630719,brasil_aberto_first_street,True
MS,5002704,Campo Grande,Jardim Bela Vista,jardim bela vista,-20.4760844,-54.5963513,brasil_aberto_first_street,True
MS,5002704,Campo Grande,Jardim Bonança,jardim bonanca,-20.4933563,-54.6633097,brasil_aberto_first_street,True
MS,5002704,Campo Grande,Jardim Botânico,jardim botanico,-20.5236946,-54.615649,brasil_aberto_first_street,True
MS,5002704,Campo Grande,Jardim Botânico II,jardim botanico ii,-20.46396,-54.61709,mapbox_geocoding,True
MS,5002704,Campo Grande,Jardim Campina Verde,jardim campina verde,-20.5285967,-54.6092369,brasil_aberto_first_street,True
MS,5002704,Campo Grande,Jardim Campo Alto,jardim campo alto,-20.5175454,-54.576347,brasil_aberto_first_street,True
MS,5002704,Campo Grande,Jardim Campo Belo,jardim campo belo,-20.395716,-54.5775799,brasil_aberto_first_street,True
MS,5002704,Campo Grande,Jardim Campo Nobre,jardim campo nobre,-20.5405445,-54.618829,brasil_aberto_first_street,True
MS,5002704,Campo Grande,Jardim Campo Verde,jardim campo verde,-20.4083554,-54.575093,brasil_aberto_first_street,True
MS,5002704,Campo Grande,Jardim Canguru,jardim canguru,-20.552123,-54.610634,mapbox_geocoding,True
MS,5002704,Campo Grande,Jardim Carioca,jardim carioca,-20.4680797,-54.7109143,brasil_aberto_first_street,True
MS,5002704,Campo Grande,Jardim Centenário,jardim centenario,-20.5339618,-54.6582057,brasil_aberto_first_street,True
MS,5002704,Campo Grande,Jardim Centro Oeste,jardim centro oeste,-20.5470198,-54.6078939,brasil_aberto_first_street,True
MS,5002704,Campo Grande,Jardim Colibrí,jardim colibri,-20.469958,-54.587843,mapbox_geocoding,True
MS,5002704,Campo Grande,Jardim Colibri II,jardim colibri ii,-20.5280304,-54.6072248,brasil_aberto_first_street,True
MS,5002704,Campo Grande,Jardim Colonial,jardim colonial,-20.5431124,-54.594298,brasil_aberto_first_street,True
MS,5002704,Campo Grande,Jardim Colorado,jardim colorado,-20.5475727,-54.6281653,brasil_aberto_first_street,True
MS,5002704,Campo Grande,Jardim Colúmbia,jardim columbia,-20.3853909,-54.5530916,brasil_aberto_first_street,True
MS,5002704,Campo Grande,Jardim Corcovado,jardim corcovado,-20.547278,-54.670068,brasil_aberto_first_street,True
MS,5002704,Campo Grande,Jardim da Mooca,jardim da mooca,-20.4030973,-54.6272966,brasil_aberto_first_street,True
MS,5002704,Campo Grande,Jardim das Cerejeiras,jardim das cerejeiras,-20.407601,-54.5965975,brasil_aberto_first_street,True
MS,5002704,Campo Grande,Jardim das Hortências,jardim das hortencias,-20.5159755,-54.6410338,brasil_aberto_first_street,True
MS,5002704,Campo Grande,Jardim das Macaúbas,jardim das macaubas,-20.5494257,-54.61909199999999,brasil_aberto_first_street,True
MS,5002704,Campo Grande,Jardim das Meninas,jardim das meninas,-20.554049,-54.6202273,brasil_aberto_first_street,True
MS,5002704,Campo Grande,Jardim das Nações,jardim das nacoes,-20.5103269,-54.6247442,brasil_aberto_first_street,True
MS,5002704,Campo Grande,Jardim das Perdizes,jardim das perdizes,-20.525399,-54.586592,mapbox_geocoding,True
MS,5002704,Campo Grande,Jardim das Reginas,jardim das reginas,-20.4493603,-54.6761419,brasil_aberto_first_street,True
MS,5002704,Campo Grande,Jardim das Virtudes,jardim das virtudes,-20.4240589,-54.6571217,brasil_aberto_first_street,True
MS,5002704,Campo Grande,Jardim do Corrego,jardim do corrego,-20.542061,-54.5788652,brasil_aberto_first_street,True
MS,5002704,Campo Grande,Jardim do Zé Pereira,jardim do ze pereira,-20.4367784,-54.6564417,brasil_aberto_first_street,True
MS,5002704,Campo Grande,Jardim dos Estados,jardim dos estados,-20.4608387,-54.5971604,brasil_aberto_first_street,True
MS,5002704,Campo Grande,Jardim Enseada dos Pássaros,jardim enseada dos passaros,-20.5285967,-54.6092369,brasil_aberto_first_street,True
MS,5002704,Campo Grande,Jardim Fluminense,jardim fluminense,-20.4230235,-54.6555656,brasil_aberto_first_street,True
MS,5002704,Campo Grande,Jardim Imá,jardim ima,-20.4468549,-54.6591,brasil_aberto_first_street,True
MS,5002704,Campo Grande,Jardim Inápolis,jardim inapolis,-20.46396,-54.61709,mapbox_geocoding,True
MS,5002704,Campo Grande,Jardim Indianápolis,jardim indianapolis,-20.5233604,-54.57911,brasil_aberto_first_street,True
MS,5002704,Campo Grande,Jardim Itália,jardim italia,-20.4476623,-54.6949854,brasil_aberto_first_street,True
MS,5002704,Campo Grande,Jardim Itamaracá,jardim itamaraca,-20.5114612,-54.5655772,brasil_aberto_first_street,True
MS,5002704,Campo Grande,Jardim Itapuã,jardim itapua,-20.4397659,-54.6782783,brasil_aberto_first_street,True
MS,5002704,Campo Grande,Jardim Itatiaia,jardim itatiaia,-20.4854281,-54.5741776,brasil_aberto_first_street,True
MS,5002704,Campo Grande,Jardim Jacaranda,jardim jacaranda,-20.4100169,-54.5732486,brasil_aberto_first_street,True
MS,5002704,Campo Grande,Jardim Jacy,jardim jacy,-20.4878223,-54.6384336,brasil_aberto_first_street,True
MS,5002704,Campo Grande,Jardim Jatobá,jardim jatoba,-20.4990021,-54.5762202,brasil_aberto_first_street,True
MS,5002704,Campo Grande,Jardim Jerusalem,jardim jerusalem,-20.4884241,-54.5669978,brasil_aberto_first_street,True
MS,5002704,Campo Grande,Jardim Jockey Club,jardim jockey club,-20.4868829,-54.6257657,brasil_aberto_first_street,True
MS,5002704,Campo Grande,Jardim Leblon,jardim leblon,-20.4920823,-54.6505344,brasil_aberto_first_street,True
MS,5002704,Campo Grande,Jardim Los Angeles,jardim los angeles,,,brasil_aberto,True
MS,5002704,Campo Grande,Jardim Macapá,jardim macapa,-20.5285967,-54.6092369,brasil_aberto_first_street,True
MS,5002704,Campo Grande,Jardim Manaíra,jardim manaira,-20.5376619,-54.6452045,brasil_aberto_first_street,True
MS,5002704,Campo Grande,Jardim Mansur,jardim mansur,-20.4885647,-54.588381,brasil_aberto_first_street,True
MS,5002704,Campo Grande,Jardim Mathilde,jardim mathilde,-20.4397659,-54.6782783,brasil_aberto_first_street,True
MS,5002704,Campo Grande,Jardim Moema,jardim moema,-20.525361,-54.5829311,brasil_aberto_first_street,True
MS,5002704,Campo Grande,Jardim Monte Alegre,jardim monte alegre,-20.5307968,-54.6279819,brasil_aberto_first_street,True
MS,5002704,Campo Grande,Jardim Monte Líbano,jardim monte libano,-20.4801728,-54.61088,brasil_aberto_first_street,True
MS,5002704,Campo Grande,Jardim Monterey,jardim monterey,-20.5399596,-54.6600155,brasil_aberto_first_street,True
MS,5002704,Campo Grande,Jardim Montevidéu,jardim montevideu,-20.4157068,-54.5576007,brasil_aberto_first_street,True
MS,5002704,Campo Grande,Jardim Monumento,jardim monumento,-20.5275927,-54.6026414,brasil_aberto_first_street,True
MS,5002704,Campo Grande,Jardim Morenão,jardim morenao,-20.5254331,-54.6238141,brasil_aberto_first_street,True
MS,5002704,Campo Grande,Jardim Nashville,jardim nashville,-20.5285967,-54.6092369,brasil_aberto_first_street,True
MS,5002704,Campo Grande,Jardim Nhanhá,jardim nhanha,-20.4980203,-54.6344993,brasil_aberto_first_street,True
MS,5002704,Campo Grande,Jardim Noroeste,jardim noroeste,-20.449192,-54.5280372,brasil_aberto_first_street,True
MS,5002704,Campo Grande,Jardim Nossa Senhora do Perpétuo Socorro,jardim nossa senhora do perpetuo socorro,-20.5054167,-54.572967,brasil_aberto_first_street,True
MS,5002704,Campo Grande,Jardim Nova Capital,jardim nova capital,-20.542059,-54.578844,mapbox_geocoding,True
MS,5002704,Campo Grande,Jardim Nova Era,jardim nova era,-20.4742521,-54.5944032,brasil_aberto_first_street,True
MS,5002704,Campo Grande,Jardim Nova Jerusalém,jardim nova jerusalem,-20.5537116,-54.5804505,brasil_aberto_first_street,True
MS,5002704,Campo Grande,Jardim Ouro Preto,jardim ouro preto,-20.5285967,-54.6092369,brasil_aberto_first_street,True
MS,5002704,Campo Grande,Jardim Pacaembu,jardim pacaembu,-20.567118,-54.56174,mapbox_geocoding,True
MS,5002704,Campo Grande,Jardim Paradiso,jardim paradiso,-20.4230235,-54.6555656,brasil_aberto_first_street,True
MS,5002704,Campo Grande,Jardim Parati,jardim parati,-20.5030235,-54.6227054,brasil_aberto_first_street,True
MS,5002704,Campo Grande,Jardim Paris,jardim paris,-20.5541503,-54.6247835,brasil_aberto_first_street,True
MS,5002704,Campo Grande,Jardim Paulista,jardim paulista,-20.4817906,-54.6109517,brasil_aberto_first_street,True
MS,5002704,Campo Grande,Jardim Paulo Coelho Machado,jardim paulo coelho machado,-20.5514944,-54.601818,brasil_aberto_first_street,True
MS,5002704,Campo Grande,Jardim Pênfigo,jardim penfigo,-20.5497893,-54.6650905,brasil_aberto_first_street,True
MS,5002704,Campo Grande,Jardim Petrópolis,jardim petropolis,-20.4521919,-54.6686408,brasil_aberto_first_street,True
MS,5002704,Campo Grande,Jardim Presidente,jardim presidente,-20.3997689,-54.5858227,brasil_aberto_first_street,True
MS,5002704,Campo Grande,Jardim Radialista,jardim radialista,-20.5352568,-54.6311592,brasil_aberto_first_street,True
MS,5002704,Campo Grande,Jardim Samambaia,jardim samambaia,-20.4779158,-54.5474742,brasil_aberto_first_street,True
MS,5002704,Campo Grande,Jardim Santa Emília,jardim santa emilia,-20.503601,-54.6848972,brasil_aberto_first_street,True
MS,5002704,Campo Grande,Jardim Santa Felicidade,jardim santa felicidade,-20.5707432,-54.5864413,brasil_aberto_first_street,True
MS,5002704,Campo Grande,Jardim São Bento,jardim sao bento,-20.4756075,-54.6040734,brasil_aberto_first_street,True
MS,5002704,Campo Grande,Jardim São Conrado,jardim sao conrado,-20.5029281,-54.6694875,brasil_aberto_first_street,True
MS,5002704,Campo Grande,Jardim São Lourenço,jardim sao lourenco,-20.4797281,-54.5831983,brasil_aberto_first_street,True
MS,5002704,Campo Grande,Jardim Sarandí,jardim sarandi,-20.4845962,-54.7290391,brasil_aberto_first_street,True
MS,5002704,Campo Grande,Jardim Sayonara,jardim sayonara,-20.449934,-54.6834115,brasil_aberto_first_street,True
MS,5002704,Campo Grande,Jardim Sumatra,jardim sumatra,-20.557729,-54.633176,mapbox_geocoding,True
MS,5002704,Campo Grande,Jardim Tarumã,jardim taruma,-20.5459228,-54.6700439,brasil_aberto_first_street,True
MS,5002704,Campo Grande,Jardim Tijuca,jardim tijuca,-20.5101994,-54.6626698,brasil_aberto_first_street,True
MS,5002704,Campo Grande,Jardim Tropical,jardim tropical,-20.5285967,-54.6092369,brasil_aberto_first_street,True
MS,5002704,Campo Grande,Jardim TV Morena,jardim tv morena,-20.4797053,-54.6030708,brasil_aberto_first_street,True
MS,5002704,Campo Grande,Jardim Uirapuru,jardim uirapuru,-5.86249,-37.31175,mapbox_geocoding,True
MS,5002704,Campo Grande,Jardim Veraneio,jardim veraneio,-20.4442424,-54.5416269,brasil_aberto_first_street,True
MS,5002704,Campo Grande,Jardim Vida Nova,jardim vida nova,-20.382416,-54.568607,brasil_aberto_first_street,True
MS,5002704,Campo Grande,Jardim Vida Nova II,jardim vida nova ii,-20.3786626,-54.5697659,brasil_aberto_first_street,True
MS,5002704,Campo Grande,José Maksoud,jose maksoud,-20.5657951,-54.571369,brasil_aberto_first_street,True
MS,5002704,Campo Grande,José Tavares do Couto,jose tavares do couto,-20.3885216,-54.5739641,brasil_aberto_first_street,True
MS,5002704,Campo Grande,Lagoa da Cruz,lagoa da cruz,-20.4177105,-54.6306748,brasil_aberto_first_street,True
MS,5002704,Campo Grande,Lagoa Dourada,lagoa dourada,-20.501359,-54.5683642,brasil_aberto_first_street,True
MS,5002704,Campo Grande,Lagoa Park,lagoa park,-20.5224962,-54.6757839,brasil_aberto_first_street,True
MS,5002704,Campo Grande,Lagoa Rica,lagoa rica,-20.4697451,-54.5450981,brasil_aberto_first_street,True
MS,5002704,Campo Grande,Lar do Trabalhador,lar do trabalhador,-20.4523871,-54.6435184,brasil_aberto_first_street,True
MS,5002704,Campo Grande,Leblon,leblon,-20.4857532,-54.6480981,brasil_aberto_first_street,True
MS,5002704,Campo Grande,Los Angeles,los angeles,-20.5680314,-54.6337899,brasil_aberto_first_street,True
MS,5002704,Campo Grande,Loteamento Alto da Boa Vista,loteamento alto da boa vista,-20.5095049,-54.6298681,brasil_aberto_first_street,True
MS,5002704,Campo Grande,Loteamento Bela Laguna,loteamento bela laguna,-20.5325628,-54.6855908,brasil_aberto_first_street,True
MS,5002704,Campo Grande,Loteamento Bosque da Esperança,loteamento bosque da esperanca,-20.4417486,-54.5498424,brasil_aberto_first_street,True
MS,5002704,Campo Grande,Loteamento Costa Verde,loteamento costa verde,-20.4182965,-54.6048963,brasil_aberto_first_street,True
MS,5002704,Campo Grande,Loteamento Cristo Redentor,loteamento cristo redentor,-20.567118,-54.56174,mapbox_geocoding,True
MS,5002704,Campo Grande,Loteamento Dona Dedé,loteamento dona dede,-20.4077212,-54.6449823,brasil_aberto_first_street,True
MS,5002704,Campo Grande,Loteamento Itaparica,loteamento itaparica,-20.474448,-54.5526579,brasil_aberto_first_street,True
MS,5002704,Campo Grande,Loteamento Jardim das Cassias,loteamento jardim das cassias,-20.4207594,-54.6101555,brasil_aberto_first_street,True
MS,5002704,Campo Grande,Loteamento José Prates,loteamento jose prates,-20.3769967,-54.542966,brasil_aberto_first_street,True
MS,5002704,Campo Grande,Loteamento Marçal de Souza,loteamento marcal de souza,-20.4695363,-54.5704859,brasil_aberto_first_street,True
MS,5002704,Campo Grande,Loteamento Novo Dia,loteamento novo dia,-20.447392,-54.70339,mapbox_geocoding,True
MS,5002704,Campo Grande,Loteamento Papa João Paulo II,loteamento papa joao paulo ii,-20.4513387,-54.6396819,brasil_aberto_first_street,True
MS,5002704,Campo Grande,Loteamento Paravá,loteamento parava,-20.4596989,-54.7089347,brasil_aberto_first_street,True
MS,5002704,Campo Grande,Loteamento Paulo VI,loteamento paulo vi,-20.4294936,-54.5885451,brasil_aberto_first_street,True
MS,5002704,Campo Grande,Loteamento Pólo Empresarial Sul,loteamento polo empresarial sul,-20.5441501,-54.5592447,brasil_aberto_first_street,True
MS,5002704,Campo Grande,Loteamento Portobello,loteamento portobello,-20.4879918,-54.5729268,brasil_aberto_first_street,True
MS,5002704,Campo Grande,Loteamento Praia da Urca,loteamento praia da urca,-20.4246717,-54.6006569,brasil_aberto_first_street,True
MS,5002704,Campo Grande,Loteamento Rancho Alegre II,loteamento rancho alegre ii,-20.5153842,-54.6829096,brasil_aberto_first_street,True
MS,5002704,Campo Grande,Loteamento Tarcila do Amaral,loteamento tarcila do amaral,-5.86249,-37.31175,mapbox_geocoding,True
MS,5002704,Campo Grande,Loteamento Vespasiano Martins,loteamento vespasiano martins,-20.5541605,-54.6369295,brasil_aberto_first_street,True
MS,5002704,Campo Grande,Maria Aparecida Pedrossian,maria aparecida pedrossian,-20.473231,-54.5511964,brasil_aberto_first_street,True
MS,5002704,Campo Grande,Mata do Jacinto,mata do jacinto,-20.4232636,-54.5740857,brasil_aberto_first_street,True
MS,5002704,Campo Grande,Mata do Segredo,mata do segredo,-20.4631943,-54.5778407,brasil_aberto_first_street,True
MS,5002704,Campo Grande,Monte Carlo,monte carlo,-20.4838871,-54.5806375,brasil_aberto_first_street,True
MS,5002704,Campo Grande,Monte Castelo,monte castelo,-20.4314052,-54.6125626,brasil_aberto_first_street,True
MS,5002704,Campo Grande,Morada do Sol,morada do sol,-20.569721,-54.601823,mapbox_geocoding,True
MS,5002704,Campo Grande,Morada do Sossego,morada do sossego,-20.4128748,-54.5806178,brasil_aberto_first_street,True
MS,5002704,Campo Grande,Morada do Sossego II,morada do sossego ii,-20.4128748,-54.5806178,brasil_aberto_first_street,True
MS,5002704,Campo Grande,Morada dos Deuses,morada dos deuses,-20.4068745,-54.6272512,brasil_aberto_first_street,True
MS,5002704,Campo Grande,Morada Imperial,morada imperial,-20.477352,-54.7475697,brasil_aberto_first_street,True
MS,5002704,Campo Grande,Morada Verde,morada verde,-20.4165786,-54.5875209,brasil_aberto_first_street,True
MS,5002704,Campo Grande,Moreninha,moreninha,-20.5462005,-54.5593721,brasil_aberto_first_street,True
MS,5002704,Campo Grande,Noroeste,noroeste,-20.4678339,-54.5130684,brasil_aberto_first_street,True
MS,5002704,Campo Grande,North Park,north park,-20.3930443,-54.6099633,brasil_aberto_first_street,True
MS,5002704,Campo Grande,Nova Conquista,nova conquista,-20.5537116,-54.5804505,brasil_aberto_first_street,True
MS,5002704,Campo Grande,Nova Lima,nova lima,-20.3845238,-54.5612983,brasil_aberto_first_street,True
MS,5002704,Campo Grande,Nova Serrana,nova serrana,-20.4667353,-54.5247627,brasil_aberto_first_street,True
MS,5002704,Campo Grande,Nova Vivendas,nova vivendas,-20.477732,-54.534196,mapbox_geocoding,True
MS,5002704,Campo Grande,Novo Brasil,novo brasil,-20.5551687,-54.5762128,brasil_aberto_first_street,True
MS,5002704,Campo Grande,Novo Samambaia,novo samambaia,-20.546852,-54.607831,mapbox_geocoding,True
MS,5002704,Campo Grande,Nucleo Habitacional Aero Rancho II,nucleo habitacional aero rancho ii,-20.5217042,-54.655863,brasil_aberto_first_street,True
MS,5002704,Campo Grande,Nucleo Habitacional Aero Rancho V,nucleo habitacional aero rancho v,-20.5217042,-54.655863,brasil_aberto_first_street,True
MS,5002704,Campo Grande,Núcleo Habitacional Buriti,nucleo habitacional buriti,-20.4860855,-54.6593657,brasil_aberto_first_street,True
MS,5002704,Campo Grande,Núcleo Habitacional Universitárias,nucleo habitacional universitarias,-20.5350716,-54.6190135,brasil_aberto_first_street,True
MS,5002704,Campo Grande,Núcleo Industrial,nucleo industrial,-20.4981161,-54.7357115,brasil_aberto_first_street,True
MS,5002704,Campo Grande,Oscar Salazar Moura da Cruz,oscar salazar moura da cruz,-20.3870783,-54.5796172,brasil_aberto_first_street,True
MS,5002704,Campo Grande,Panamá,panama,-20.4457432,-54.6702619,brasil_aberto_first_street,True
MS,5002704,Campo Grande,Panorama,panorama,-20.4669273,-54.5422363,brasil_aberto_first_street,True
MS,5002704,Campo Grande,Paraíso do Lageado,paraiso do lageado,-20.542061,-54.5788652,brasil_aberto_first_street,True
MS,5002704,Campo Grande,Parque Atlântico,parque atlantico,-20.4648517,-54.6218477,brasil_aberto_first_street,True
MS,5002704,Campo Grande,Parque Dallas,parque dallas,-20.4906873,-54.5811771,brasil_aberto_first_street,True
MS,5002704,Campo Grande,Parque do Lageado,parque do lageado,-20.5528901,-54.649495,brasil_aberto_first_street,True
MS,5002704,Campo Grande,Parque do Sol,parque do sol,-20.5554068,-54.6547564,brasil_aberto_first_street,True
MS,5002704,Campo Grande,Parque dos Laranjais,parque dos laranjais,-20.4253244,-54.651269,brasil_aberto_first_street,True
MS,5002704,Campo Grande,Parque dos Novos Estados,parque dos novos estados,-20.4235255,-54.5589532,brasil_aberto_first_street,True
MS,5002704,Campo Grande,Parque dos Poderes,parque dos poderes,-20.4482817,-54.5553654,brasil_aberto_first_street,True
MS,5002704,Campo Grande,Parque dos Sabiás,parque dos sabias,-20.5480496,-54.6551684,brasil_aberto_first_street,True
MS,5002704,Campo Grande,Parque Fazenda Imbirussu,parque fazenda imbirussu,-20.400797,-54.6754063,brasil_aberto_first_street,True
MS,5002704,Campo Grande,Parque Iguatemi,parque iguatemi,-20.387534,-54.5716036,brasil_aberto_first_street,True
MS,5002704,Campo Grande,Parque Isabel Garden's,parque isabel garden s,-20.4132792,-54.5811165,brasil_aberto_first_street,True
MS,5002704,Campo Grande,Parque Novo Século,parque novo seculo,-20.5566794,-54.5905787,brasil_aberto_first_street,True
MS,5002704,Campo Grande,Parque Residencial Azaléia,parque residencial azaleia,-20.4221617,-54.6411034,brasil_aberto_first_street,True
MS,5002704,Campo Grande,Parque Residencial Damha IV,parque residencial damha iv,-20.567118,-54.56174,mapbox_geocoding,True
MS,5002704,Campo Grande,Parque Residencial dos Girassóis,parque residencial dos girassois,-20.4909725,-54.6627658,brasil_aberto_first_street,True
MS,5002704,Campo Grande,Parque Residencial Iracy Coelho Netto,parque residencial iracy coelho netto,-20.5285967,-54.6092369,brasil_aberto_first_street,True
MS,5002704,Campo Grande,Parque Residencial Rita Vieira,parque residencial rita vieira,-20.5003998,-54.5953122,brasil_aberto_first_street,True
MS,5002704,Campo Grande,Parque Residencial União,parque residencial uniao,-20.4775785,-54.6676087,brasil_aberto_first_street,True
MS,5002704,Campo Grande,Pioneiros,pioneiros,-20.5101999,-54.6040088,brasil_aberto_first_street,True
MS,5002704,Campo Grande,Pólo Empresarial,polo empresarial,-20.3924236,-54.5513038,brasil_aberto_first_street,True
MS,5002704,Campo Grande,Polo Empresarial Oeste,polo empresarial oeste,-20.4742571,-54.7250019,brasil_aberto_first_street,True
MS,5002704,Campo Grande,Popular,popular,-20.4527085,-54.6865459,brasil_aberto_first_street,True
MS,5002704,Campo Grande,Portal Caiobá,portal caioba,-20.5265767,-54.676132,brasil_aberto_first_street,True
MS,5002704,Campo Grande,Portal Caiobá II,portal caioba ii,-20.5201418,-54.6960855,brasil_aberto_first_street,True
MS,5002704,Campo Grande,Portal Caiobá III,portal caioba iii,-20.46396,-54.61709,mapbox_geocoding,True
MS,5002704,Campo Grande,Portal do Panamá,portal do panama,-20.4380699,-54.6735998,brasil_aberto_first_street,True
MS,5002704,Campo Grande,Portal Itayara,portal itayara,-20.4381639,-54.5800272,brasil_aberto_first_street,True
MS,5002704,Campo Grande,Porto Galo,porto galo,-20.5275809,-54.6223632,brasil_aberto_first_street,True
MS,5002704,Campo Grande,Rancho Alegre I,rancho alegre i,-20.5181006,-54.680436,brasil_aberto_first_street,True
MS,5002704,Campo Grande,Rancho Alegre III,rancho alegre iii,-20.5136146,-54.672175,brasil_aberto_first_street,True
MS,5002704,Campo Grande,Rancho Alegre IV,rancho alegre iv,-20.512027,-54.6790348,brasil_aberto_first_street,True
MS,5002704,Campo Grande,Recanto das Paineiras,recanto das paineiras,,,brasil_aberto,True
MS,5002704,Campo Grande,Recanto das Palmeiras,recanto das palmeiras,-20.4956809,-54.6551201,brasil_aberto_first_street,True
MS,5002704,Campo Grande,Recanto do Cerrado,recanto do cerrado,-20.4059736,-54.6301324,brasil_aberto_first_street,True
MS,5002704,Campo Grande,Recanto dos Pássaros,recanto dos passaros,-20.4378179,-54.6733397,brasil_aberto_first_street,True
MS,5002704,Campo Grande,Recanto Pantaneiro,recanto pantaneiro,-20.4183584,-54.5877593,brasil_aberto_first_street,True
MS,5002704,Campo Grande,Residecial Nelson Trad,residecial nelson trad,-20.4730742,-54.7080159,brasil_aberto_first_street,True
MS,5002704,Campo Grande,Residencial Alto Tamandaré,residencial alto tamandare,-20.3995293,-54.6210491,brasil_aberto_first_street,True
MS,5002704,Campo Grande,Residencial Ana Maria do Couto,residencial ana maria do couto,-20.4397331,-54.6759221,brasil_aberto_first_street,True
MS,5002704,Campo Grande,Residencial Aquarius I,residencial aquarius i,-20.5071209,-54.674656,brasil_aberto_first_street,True
MS,5002704,Campo Grande,Residencial Aquarius II,residencial aquarius ii,-20.507559,-54.6728672,brasil_aberto_first_street,True
MS,5002704,Campo Grande,Residencial Atlântico Sul,residencial atlantico sul,-20.4456288,-54.6299654,brasil_aberto_first_street,True
MS,5002704,Campo Grande,Residencial Betaville,residencial betaville,-20.5088807,-54.5949673,brasil_aberto_first_street,True
MS,5002704,Campo Grande,Residencial Búzios,residencial buzios,-20.4397659,-54.6782783,brasil_aberto_first_street,True
MS,5002704,Campo Grande,Residencial Carajás,residencial carajas,-20.4038441,-54.6205434,brasil_aberto_first_street,True
MS,5002704,Campo Grande,Residencial Cedrinho,residencial cedrinho,-20.5347584,-54.6453039,brasil_aberto_first_street,True
MS,5002704,Campo Grande,Residencial Damha,residencial damha,-20.4849382,-54.551375,brasil_aberto_first_street,True
MS,5002704,Campo Grande,Residencial Damha II,residencial damha ii,-20.4794952,-54.5533476,brasil_aberto_first_street,True
MS,5002704,Campo Grande,Residencial Damha III,residencial damha iii,-20.48822,-54.5567763,brasil_aberto_first_street,True
MS,5002704,Campo Grande,Residencial Estrela Park,residencial estrela park,-20.4847051,-54.5596554,brasil_aberto_first_street,True
MS,5002704,Campo Grande,Residencial Figueiras do Parque,residencial figueiras do parque,-20.5004676,-54.6939101,brasil_aberto_first_street,True
MS,5002704,Campo Grande,Residencial Flores,residencial flores,-20.4845622,-54.6683018,brasil_aberto_first_street,True
MS,5002704,Campo Grande,Residencial Gabura,residencial gabura,-20.4164233,-54.6022055,brasil_aberto_first_street,True
MS,5002704,Campo Grande,Residencial Gama,residencial gama,-20.4047427,-54.5869617,brasil_aberto_first_street,True
MS,5002704,Campo Grande,Residencial Hugo Rodrigues,residencial hugo rodrigues,-20.4312513,-54.6549789,brasil_aberto_first_street,True
MS,5002704,Campo Grande,Residencial Ilhéus,residencial ilheus,-20.5208554,-54.60619,brasil_aberto_first_street,True
MS,5002704,Campo Grande,Residencial Joana D'Arc,residencial joana d arc,-20.5152778,-54.614265,brasil_aberto_first_street,True
MS,5002704,Campo Grande,Residencial João Alberto A dos Santos,residencial joao alberto a dos santos,-20.5034353,-54.6917557,brasil_aberto_first_street,True
MS,5002704,Campo Grande,Residencial Jose Teruel Filho,residencial jose teruel filho,-20.5624459,-54.6480744,brasil_aberto_first_street,True
MS,5002704,Campo Grande,Residencial Maria Neves,residencial maria neves,-20.430913,-54.626645,mapbox_geocoding,True
MS,5002704,Campo Grande,Residencial Mário Cóvas,residencial mario covas,-20.5423695,-54.6035194,brasil_aberto_first_street,True
MS,5002704,Campo Grande,Residencial Novo Seminário,residencial novo seminario,-20.4331348,-54.6273305,brasil_aberto_first_street,True
MS,5002704,Campo Grande,Residencial Oceania,residencial oceania,-20.46396,-54.61709,mapbox_geocoding,True
MS,5002704,Campo Grande,Residencial Oiti,residencial oiti,-20.4763256,-54.5444622,brasil_aberto_first_street,True
MS,5002704,Campo Grande,Residencial Oliveira,residencial oliveira,-20.4790099,-54.6550565,brasil_aberto_first_street,True
MS,5002704,Campo Grande,Residencial Oliveira III,residencial oliveira iii,-20.4867204,-54.65979129999999,brasil_aberto_first_street,True
MS,5002704,Campo Grande,Residencial Pequena Flor,residencial pequena flor,-20.5211904,-54.5735824,brasil_aberto_first_street,True
MS,5002704,Campo Grande,Residencial Ramez Tebet,residencial ramez tebet,-20.46396,-54.61709,mapbox_geocoding,True
MS,5002704,Campo Grande,Residencial Sírio Libanês I,residencial sirio libanes i,-20.4263803,-54.6582958,brasil_aberto_first_street,True
MS,5002704,Campo Grande,Residencial Sírio Libanês II,residencial sirio libanes ii,-20.4397659,-54.6782783,brasil_aberto_first_street,True
MS,5002704,Campo Grande,Residencial Sóter,residencial soter,-20.4271593,-54.5788896,brasil_aberto_first_street,True
MS,5002704,Campo Grande,Residencial Terra dos Pequis,residencial terra dos pequis,-20.5285842,-54.5788113,brasil_aberto_first_street,True
MS,5002704,Campo Grande,Residencial Terra Morena,residencial terra morena,-20.5445127,-54.6379983,brasil_aberto_first_street,True
MS,5002704,Campo Grande,Residencial Tolentino,residencial tolentino,-20.4059736,-54.6301324,brasil_aberto_first_street,True
MS,5002704,Campo Grande,Residencial Via Park Itália,residencial via park italia,-20.4366609,-54.578768,brasil_aberto_first_street,True
MS,5002704,Campo Grande,Residencial Vida Nova III,residencial vida nova iii,-20.375696,-54.5724967,brasil_aberto_first_street,True
MS,5002704,Campo Grande,Residencial Vila Bela,residencial vila bela,-20.5012174,-54.6227419,brasil_aberto_first_street,True
MS,5002704,Campo Grande,Residencial Villa Lobos,residencial villa lobos,-20.5241822,-54.6719023,brasil_aberto_first_street,True
MS,5002704,Campo Grande,Rita Vieira,rita vieira,-20.5137056,-54.5622922,brasil_aberto_first_street,True
MS,5002704,Campo Grande,Riviera Home Club,riviera home club,-20.430216,-54.5377833,brasil_aberto_first_street,True
MS,5002704,Campo Grande,Riviera Park,riviera park,-20.5106185,-54.6949402,brasil_aberto_first_street,True
MS,5002704,Campo Grande,Rochedinho,rochedinho,,,dne,True
MS,5002704,Campo Grande,Royal Park,royal park,-20.4553746,-54.5840837,brasil_aberto_first_street,True
MS,5002704,Campo Grande,Santa Branca,santa branca,-20.514132,-54.612439,mapbox_geocoding,True
MS,5002704,Campo Grande,Santa Fé,santa fe,-20.4597277,-54.5921201,brasil_aberto_first_street,True
MS,5002704,Campo Grande,Santa Mônica,santa monica,-20.4443934,-54.6983095,brasil_aberto_first_street,True
MS,5002704,Campo Grande,Santo Amaro,santo amaro,-20.4221958,-54.6570368,brasil_aberto_first_street,True
MS,5002704,Campo Grande,Santo Antônio,santo antonio,-20.4549486,-54.6563766,brasil_aberto_first_street,True
MS,5002704,Campo Grande,São Caetano,sao caetano,-20.481232,-54.575275,mapbox_geocoding,True
MS,5002704,Campo Grande,São Francisco,sao francisco,-20.4364618,-54.6120818,brasil_aberto_first_street,True
MS,5002704,Campo Grande,Serraville,serraville,-20.4634038,-54.52263840000001,brasil_aberto_first_street,True
MS,5002704,Campo Grande,SETVILLAGE I,setvillage i,-20.4313452,-54.63081580000001,brasil_aberto_first_street,True
MS,5002704,Campo Grande,SETVILLAGE II,setvillage ii,-20.4309992,-54.63211769999999,brasil_aberto_first_street,True
MS,5002704,Campo Grande,Sobrinho,sobrinho,-20.4513387,-54.6396819,brasil_aberto_first_street,True
MS,5002704,Campo Grande,Taquaral Bosque,taquaral bosque,-20.4280071,-54.5448532,brasil_aberto_first_street,True
MS,5002704,Campo Grande,Tayamã Park,tayama park,-20.4467375,-54.5699179,brasil_aberto_first_street,True
MS,5002704,Campo Grande,Terras Alpha Campo Grande,terras alpha campo grande,-20.4108297,-54.5597749,brasil_aberto_first_street,True
MS,5002704,Campo Grande,Terras Alpha Campo Grande Residencial 1,terras alpha campo grande residencial 1,-20.520077,-54.571252,mapbox_geocoding,True
MS,5002704,Campo Grande,Tiradentes,tiradentes,-20.469078,-54.5779266,brasil_aberto_first_street,True
MS,5002704,Campo Grande,Trevisso,trevisso,-20.4088309,-54.592583,brasil_aberto_first_street,True
MS,5002704,Campo Grande,União,uniao,-20.483127,-54.655232,mapbox_geocoding,True
MS,5002704,Campo Grande,Universitário,universitario,-20.5140778,-54.5821363,brasil_aberto_first_street,True
MS,5002704,Campo Grande,Universitário Secção C,universitario seccao c,-20.5214334,-54.6005461,brasil_aberto_first_street,True
MS,5002704,Campo Grande,Universitário Secção D,universitario seccao d,-20.5214334,-54.6005461,brasil_aberto_first_street,True
MS,5002704,Campo Grande,Varandas do Campo,varandas do campo,-20.5594327,-54.60675879999999,brasil_aberto_first_street,True
MS,5002704,Campo Grande,Veraneio,veraneio,-20.460196,-54.56189,mapbox_geocoding,True
MS,5002704,Campo Grande,Vila Adelina,vila adelina,-20.5086921,-54.607462,brasil_aberto_first_street,True
MS,5002704,Campo Grande,Vila Aimoré,vila aimore,-20.5365602,-54.6389311,brasil_aberto_first_street,True
MS,5002704,Campo Grande,Vila Alba,vila alba,-20.4656899,-54.6388286,brasil_aberto_first_street,True
MS,5002704,Campo Grande,Vila Albuquerque,vila albuquerque,-20.5002999,-54.6005241,brasil_aberto_first_street,True
MS,5002704,Campo Grande,Vila Almeida,vila almeida,-20.4367784,-54.6564417,brasil_aberto_first_street,True
MS,5002704,Campo Grande,Vila Amapá,vila amapa,-20.5285967,-54.6092369,brasil_aberto_first_street,True
MS,5002704,Campo Grande,Vila Anahy,vila anahy,-20.4898799,-54.6506142,brasil_aberto_first_street,True
MS,5002704,Campo Grande,Vila Antônio Vendas,vila antonio vendas,-20.4728336,-54.5891633,brasil_aberto_first_street,True
MS,5002704,Campo Grande,Vila Antunes,vila antunes,-20.5285967,-54.6092369,brasil_aberto_first_street,True
MS,5002704,Campo Grande,Vila Bandeirante,vila bandeirante,-20.483255,-54.6398657,brasil_aberto_first_street,True
MS,5002704,Campo Grande,Vila Base Aérea,vila base aerea,-20.4693042,-54.652955,brasil_aberto_first_street,True
MS,5002704,Campo Grande,Vila Belo Horizonte,vila belo horizonte,-20.47692,-54.64720269999999,brasil_aberto_first_street,True
MS,5002704,Campo Grande,Vila Bordon,vila bordon,-20.4588836,-54.7063408,brasil_aberto_first_street,True
MS,5002704,Campo Grande,Vila Carlota,vila carlota,-20.482814,-54.622842,mapbox_geocoding,True
MS,5002704,Campo Grande,Vila Carvalho,vila carvalho,-20.4765341,-54.6193335,brasil_aberto_first_street,True
MS,5002704,Campo Grande,Vila Célia,vila celia,-20.4516469,-54.5960509,brasil_aberto_first_street,True
MS,5002704,Campo Grande,Vila Cidade Morena,vila cidade morena,-20.5494735,-54.5921112,brasil_aberto_first_street,True
MS,5002704,Campo Grande,Vila Clélia,vila clelia,-20.5285967,-54.6092369,brasil_aberto_first_street,True
MS,5002704,Campo Grande,Vila Concórdia,vila concordia,-20.5431124,-54.594298,brasil_aberto_first_street,True
MS,5002704,Campo Grande,Vila Danúbio Azul,vila danubio azul,-20.4324245,-54.5557681,brasil_aberto_first_street,True
MS,5002704,Campo Grande,Vila do Polonês,vila do polones,-20.4406186,-54.5800673,brasil_aberto_first_street,True
MS,5002704,Campo Grande,Vila Duque de Caxias,vila duque de caxias,-20.458229,-54.6472443,brasil_aberto_first_street,True
MS,5002704,Campo Grande,Vila Eliane,vila eliane,-20.4556551,-54.6726928,brasil_aberto_first_street,True
MS,5002704,Campo Grande,Vila Entroncamento,vila entroncamento,-20.4809345,-54.7585729,brasil_aberto_first_street,True
MS,5002704,Campo Grande,Vila Fernanda,vila fernanda,-20.5146056,-54.6854931,brasil_aberto_first_street,True
MS,5002704,Campo Grande,Vila Flório,vila florio,-20.4979017,-54.6617233,brasil_aberto_first_street,True
MS,5002704,Campo Grande,Vila Futurista,vila futurista,-20.4337408,-54.5592953,brasil_aberto_first_street,True
MS,5002704,Campo Grande,Vila Giocondo Orsi,vila giocondo orsi,-20.4371737,-54.5865817,brasil_aberto_first_street,True
MS,5002704,Campo Grande,Vila Glória,vila gloria,-20.4684759,-54.6087646,brasil_aberto_first_street,True
MS,5002704,Campo Grande,Vila Gomes,vila gomes,-20.4459631,-54.5997227,brasil_aberto_first_street,True
MS,5002704,Campo Grande,Vila Ieda,vila ieda,-20.482814,-54.622842,mapbox_geocoding,True
MS,5002704,Campo Grande,Vila Ipiranga,vila ipiranga,-20.4931264,-54.6173827,brasil_aberto_first_street,True
MS,5002704,Campo Grande,Vila Jardim Botafogo,vila jardim botafogo,-20.5184018,-54.6157564,brasil_aberto_first_street,True
MS,5002704,Campo Grande,Vila Joselito,vila joselito,-20.4679905,-54.6027566,brasil_aberto_first_street,True
MS,5002704,Campo Grande,Vila Julieta,vila julieta,-20.5213725,-54.5880674,brasil_aberto_first_street,True
MS,5002704,Campo Grande,Vila Jussara,vila jussara,-20.4938877,-54.6578094,brasil_aberto_first_street,True
MS,5002704,Campo Grande,Vila Maciel,vila maciel,-20.4933648,-54.6131715,brasil_aberto_first_street,True
MS,5002704,Campo Grande,Vila Manoel da Costa Lima,vila manoel da costa lima,-20.4694674,-54.5968811,brasil_aberto_first_street,True
MS,5002704,Campo Grande,Vila Manoel Sêcco Thomé,vila manoel secco thome,-20.4801682,-54.7539482,brasil_aberto_first_street,True
MS,5002704,Campo Grande,Vila Manoel Taveira,vila manoel taveira,-20.4241532,-54.6535653,brasil_aberto_first_street,True
MS,5002704,Campo Grande,Vila Marcos Roberto,vila marcos roberto,-20.4855212,-54.6319988,brasil_aberto_first_street,True
MS,5002704,Campo Grande,Vila Margarida,vila margarida,-20.4345039,-54.5899635,brasil_aberto_first_street,True
MS,5002704,Campo Grande,Vila Marli,vila marli,-20.4240725,-54.6261185,brasil_aberto_first_street,True
MS,5002704,Campo Grande,Vila Matel,vila matel,-20.4475188,-54.6327681,brasil_aberto_first_street,True
MS,5002704,Campo Grande,Vila Miguel Couto,vila miguel couto,-20.4697238,-54.5876149,brasil_aberto_first_street,True
MS,5002704,Campo Grande,Vila Moreninha I,vila moreninha i,-20.5474022,-54.5757864,brasil_aberto_first_street,True
MS,5002704,Campo Grande,Vila Moreninha II,vila moreninha ii,-20.5533932,-54.5807387,brasil_aberto_first_street,True
MS,5002704,Campo Grande,Vila Moreninha III,vila moreninha iii,-20.5536003,-54.5721295,brasil_aberto_first_street,True
MS,5002704,Campo Grande,Vila Moreninha IV,vila moreninha iv,-20.5569364,-54.5676047,brasil_aberto_first_street,True
MS,5002704,Campo Grande,Vila Morumbi,vila morumbi,-20.4976619,-54.5903048,brasil_aberto_first_street,True
MS,5002704,Campo Grande,Vila Nascente,vila nascente,-20.4418155,-54.5657006,brasil_aberto_first_street,True
MS,5002704,Campo Grande,Vila Nasser,vila nasser,-20.4240059,-54.6306146,brasil_aberto_first_street,True
MS,5002704,Campo Grande,Vila Nathália,vila nathalia,-20.5184088,-54.690585,brasil_aberto_first_street,True
MS,5002704,Campo Grande,Vila Neusa,vila neusa,-20.4282989,-54.6563756,brasil_aberto_first_street,True
MS,5002704,Campo Grande,Vila Nogueira,vila nogueira,-20.530288,-54.6400975,brasil_aberto_first_street,True
MS,5002704,Campo Grande,Vila Nossa Senhora das Graças,vila nossa senhora das gracas,-20.4230235,-54.6555656,brasil_aberto_first_street,True
MS,5002704,Campo Grande,Vila Nova,vila nova,-20.460581,-54.658809,mapbox_geocoding,True
MS,5002704,Campo Grande,Vila Nova Campo Grande,vila nova campo grande,-20.460057,-54.6839615,brasil_aberto_first_street,True
MS,5002704,Campo Grande,Vila Nova Capital,vila nova capital,,,brasil_aberto,True
MS,5002704,Campo Grande,Vila Oeste,vila oeste,-20.4230235,-54.6555656,brasil_aberto_first_street,True
MS,5002704,Campo Grande,Vila Olinda,vila olinda,-20.4980778,-54.6107026,brasil_aberto_first_street,True
MS,5002704,Campo Grande,Vila Orfeu Baís,vila orfeu bais,-20.4711603,-54.6264573,brasil_aberto_first_street,True
MS,5002704,Campo Grande,Vila Palmira,vila palmira,-20.4448805,-54.6557604,brasil_aberto_first_street,True
MS,5002704,Campo Grande,Vila Piratininga,vila piratininga,-20.5029239,-54.6296762,brasil_aberto_first_street,True
MS,5002704,Campo Grande,Vila Planalto,vila planalto,-20.4536539,-54.6293128,brasil_aberto_first_street,True
MS,5002704,Campo Grande,Vila Popular,vila popular,-20.4469434,-54.7025052,brasil_aberto_first_street,True
MS,5002704,Campo Grande,Vila Progresso,vila progresso,-20.4893481,-54.6139631,brasil_aberto_first_street,True
MS,5002704,Campo Grande,Vila Ravenna,vila ravenna,-20.4150686,-54.5897274,brasil_aberto_first_street,True
MS,5002704,Campo Grande,Vila Rica,vila rica,-20.4385158,-54.5952274,brasil_aberto_first_street,True
MS,5002704,Campo Grande,Vila Romana,vila romana,-20.4583905,-54.708191,brasil_aberto_first_street,True
MS,5002704,Campo Grande,Vila Rosa Pires,vila rosa pires,-20.4683986,-54.6065673,brasil_aberto_first_street,True
MS,5002704,Campo Grande,Vila Santa Dorothéia,vila santa dorotheia,-20.4810201,-54.6139195,brasil_aberto_first_street,True
MS,5002704,Campo Grande,Vila Santa Luzia,vila santa luzia,-20.4108568,-54.6375021,brasil_aberto_first_street,True
MS,5002704,Campo Grande,Vila Santo Amaro,vila santo amaro,-20.4469513,-54.6508902,brasil_aberto_first_street,True
MS,5002704,Campo Grande,Vila Santo Eugênio,vila santo eugenio,-20.5213725,-54.5880674,brasil_aberto_first_street,True
MS,5002704,Campo Grande,Vila Santos Gomes,vila santos gomes,-20.4559516,-54.5952385,brasil_aberto_first_street,True
MS,5002704,Campo Grande,Vila São Jorge da Lagoa,vila sao jorge da lagoa,-20.5158768,-54.6572422,brasil_aberto_first_street,True
MS,5002704,Campo Grande,Vila São Vicente,vila sao vicente,-20.4699879,-54.6242042,brasil_aberto_first_street,True
MS,5002704,Campo Grande,Vila Sargento Amaral,vila sargento amaral,-20.4823489,-54.6229285,brasil_aberto_first_street,True
MS,5002704,Campo Grande,Vila Serradinho,vila serradinho,-20.4553937,-54.6812907,brasil_aberto_first_street,True
MS,5002704,Campo Grande,Vila Sílvia Regina,vila silvia regina,-20.4479243,-54.6688635,brasil_aberto_first_street,True
MS,5002704,Campo Grande,Vila Taquarussu,vila taquarussu,-20.4837424,-54.6299585,brasil_aberto_first_street,True
MS,5002704,Campo Grande,Vila Taveirópolis,vila taveiropolis,-20.4708666,-54.6484277,brasil_aberto_first_street,True
MS,5002704,Campo Grande,Vila Vilas Boas,vila vilas boas,-20.4862025,-54.593555,brasil_aberto_first_street,True
MS,5002704,Campo Grande,Vila Volpe,vila volpe,-20.5245581,-54.5722285,brasil_aberto_first_street,True
MS,5002704,Campo Grande,Vila Volpe II,vila volpe ii,-20.5261116,-54.5800699,brasil_aberto_first_street,True
MS,5002704,Campo Grande,Villaggio Riviera,villaggio riviera,-20.5141514,-54.6971871,brasil_aberto_first_street,True
MS,5002704,Campo Grande,Villagio Santa Inês,villagio santa ines,-20.392726,-54.573539,mapbox_geocoding,True
MS,5002704,Campo Grande,Villagio Vitória,villagio vitoria,-20.46396,-54.61709,mapbox_geocoding,True
MS,5002704,Campo Grande,Vivendas do Bosque,vivendas do bosque,-20.4502925,-54.5837516,brasil_aberto_first_street,True
MS,5002704,Campo Grande,Vivendas do Parque,vivendas do parque,-20.4725085,-54.5351547,brasil_aberto_first_street,True
MS,5002803,Caracol,Área Rural de Caracol,area rural de caracol,-22.015108,-57.02994,mapbox_geocoding,True
MS,5002803,Caracol,Centro,centro,-22.015099,-57.030425,mapbox_geocoding,True
MS,5002902,Cassilândia,Alto da Boa Vista,alto da boa vista,-19.128097,-51.726912,mapbox_geocoding,True
MS,5002902,Cassilândia,Alto Izanópolis,alto izanopolis,-11.788694,-38.352889,mapbox_geocoding,True
MS,5002902,Cassilândia,Área Rural de Cassilândia,area rural de cassilandia,-19.112812,-51.73424,mapbox_geocoding,True
MS,5002902,Cassilândia,Área Rural de Indaía do Sul,area rural de indaia do sul,-19.112812,-51.73424,mapbox_geocoding,True
MS,5002902,Cassilândia,Bairro Imperatriz,bairro imperatriz,-19.130857,-51.733965,mapbox_geocoding,True
MS,5002902,Cassilândia,Boa Vista,boa vista,-19.12471,-51.726516,mapbox_geocoding,True
MS,5002902,Cassilândia,Bom Jesus,bom jesus,-19.117584,-51.728962,mapbox_geocoding,True
MS,5002902,Cassilândia,Bom Jesus da Lapa,bom jesus da lapa,-19.117584,-51.728962,mapbox_geocoding,True
MS,5002902,Cassilândia,Centro,centro,-19.110018,-51.737993,mapbox_geocoding,True
MS,5002902,Cassilândia,Centro (Indaía do Sul),centro indaia do sul,-19.112812,-51.73424,mapbox_geocoding,True
MS,5002902,Cassilândia,Cohab,cohab,-19.117584,-51.728962,mapbox_geocoding,True
MS,5002902,Cassilândia,Desmembramento Franco,desmembramento franco,-12.048812,-38.758,mapbox_geocoding,True
MS,5002902,Cassilândia,Estrela do Vale,estrela do vale,-19.101626,-51.73384,mapbox_geocoding,True
MS,5002902,Cassilândia,Estrela  do Vale II,estrela do vale ii,-19.10119,-51.734128,mapbox_geocoding,True
MS,5002902,Cassilândia,Indaiá do Sul,indaia do sul,,,dne,True
MS,5002902,Cassilândia,Jardim Alvorada,jardim alvorada,-19.112812,-51.73424,mapbox_geocoding,True
MS,5002902,Cassilândia,Jardim América,jardim america,-19.12042,-51.719543,mapbox_geocoding,True
MS,5002902,Cassilândia,Jardim Balmant,jardim balmant,-19.100248,-51.735276,mapbox_geocoding,True
MS,5002902,Cassilândia,Jardim Campo Grande,jardim campo grande,-19.123024,-51.721999,mapbox_geocoding,True
MS,5002902,Cassilândia,Jardim das Oliveiras,jardim das oliveiras,-19.115277,-51.744787,mapbox_geocoding,True
MS,5002902,Cassilândia,Jardim Duarte,jardim duarte,-19.117584,-51.728962,mapbox_geocoding,True
MS,5002902,Cassilândia,Jardim Eduardo,jardim eduardo,-19.128097,-51.726912,mapbox_geocoding,True
MS,5002902,Cassilândia,Jardim Leonel,jardim leonel,-19.122169,-51.722211,mapbox_geocoding,True
MS,5002902,Cassilândia,Jardim Minas Gerais,jardim minas gerais,-19.118621,-51.740974,mapbox_geocoding,True
MS,5002902,Cassilândia,Jardim Primavera,jardim primavera,-19.11761,-51.72159,mapbox_geocoding,True
MS,5002902,Cassilândia,Laranjeiras,laranjeiras,-19.11761,-51.72159,mapbox_geocoding,True
MS,5002902,Cassilândia,Loteamento Durval Vendrame,loteamento durval vendrame,-19.112812,-51.73424,mapbox_geocoding,True
MS,5002902,Cassilândia,Loteamento Empresarial e Industrial Antônio Gonçalves Cortes,loteamento empresarial e industrial antonio goncalves cortes,-19.701135,-51.169212,mapbox_geocoding,True
MS,5002902,Cassilândia,Mais Parque Cassilândia l,mais parque cassilandia l,-19.115277,-51.744787,mapbox_geocoding,True
MS,5002902,Cassilândia,Moreninha,moreninha,-11.788694,-38.352889,mapbox_geocoding,True
MS,5002902,Cassilândia,Parque Alvorada,parque alvorada,-19.112812,-51.73424,mapbox_geocoding,True
MS,5002902,Cassilândia,Residencial Vale do Aporé,residencial vale do apore,-19.114835,-51.722043,mapbox_geocoding,True
MS,5002902,Cassilândia,São Vicente,sao vicente,-19.064408,-51.54156,mapbox_geocoding,True
MS,5002902,Cassilândia,Vila Izanópolis,vila izanopolis,-11.788694,-38.352889,mapbox_geocoding,True
MS,5002902,Cassilândia,Vila Pernambuco,vila pernambuco,-19.110018,-51.737993,mapbox_geocoding,True
MS,5002951,Chapadão do Sul,Centro,centro,-18.784539,-52.614075,mapbox_geocoding,True
MS,5003108,Corguinho,Baianópolis,baianopolis,,,dne,True
MS,5003108,Corguinho,Centro,centro,-19.7417937,-55.20435029999999,brasil_aberto_first_street,True
MS,5003157,Coronel Sapucaia,Centro,centro,-23.2703841,-55.528167,brasil_aberto_first_street,True
MS,5003207,Corumbá,Aeroporto,aeroporto,-19.0458059,-57.6504473,brasil_aberto_first_street,True
MS,5003207,Corumbá,Albuquerque,albuquerque,,,dne,True
MS,5003207,Corumbá,Amolar,amolar,,,dne,True
MS,5003207,Corumbá,Área Rural de Corumbá,area rural de corumba,-19.0051788,-57.6527913,brasil_aberto_first_street,True
MS,5003207,Corumbá,Centro,centro,-19.0047673,-57.643285,brasil_aberto_first_street,True
MS,5003207,Corumbá,Centro América,centro america,-19.0125013,-57.6373978,brasil_aberto_first_street,True
MS,5003207,Corumbá,Coimbra,coimbra,,,dne,True
MS,5003207,Corumbá,Conjunto Cadiwéus,conjunto cadiweus,-19.0458059,-57.6504473,brasil_aberto_first_street,True
MS,5003207,Corumbá,Conjunto Guana,conjunto guana,-19.0245482,-57.670658,brasil_aberto_first_street,True
MS,5003207,Corumbá,Conjunto Guatos,conjunto guatos,-19.0245482,-57.670658,brasil_aberto_first_street,True
MS,5003207,Corumbá,Cristo Redentor,cristo redentor,-19.052024,-57.6498637,brasil_aberto_first_street,True
MS,5003207,Corumbá,Dom Bosco,dom bosco,-19.0095683,-57.6693014,brasil_aberto_first_street,True
MS,5003207,Corumbá,Generoso,generoso,-19.0028515,-57.6725342,brasil_aberto_first_street,True
MS,5003207,Corumbá,Guaicurus,guaicurus,-19.046711,-57.6483518,brasil_aberto_first_street,True
MS,5003207,Corumbá,Industrial,industrial,-19.0201589,-57.62265670000001,brasil_aberto_first_street,True
MS,5003207,Corumbá,Jardim dos Estados,jardim dos estados,-19.0326935,-57.6550562,brasil_aberto_first_street,True
MS,5003207,Corumbá,Jardim Florestal,jardim florestal,-19.701135,-51.169212,mapbox_geocoding,True
MS,5003207,Corumbá,Maria Leite,maria leite,-19.0123104,-57.636228,brasil_aberto_first_street,True
MS,5003207,Corumbá,Nhecolândia,nhecolandia,,,dne,True
MS,5003207,Corumbá,Nossa Senhora de Fátima,nossa senhora de fatima,-19.018745,-57.6574219,brasil_aberto_first_street,True
MS,5003207,Corumbá,Nova Corumbá,nova corumba,-19.052024,-57.6498637,brasil_aberto_first_street,True
MS,5003207,Corumbá,Padre Ernesto Sassida,padre ernesto sassida,-19.0061084,-57.6662692,brasil_aberto_first_street,True
MS,5003207,Corumbá,Paiaguás,paiaguas,,,dne,True
MS,5003207,Corumbá,Popular Nova,popular nova,-19.0247431,-57.6601077,brasil_aberto_first_street,True
MS,5003207,Corumbá,Popular Velha,popular velha,-19.0151854,-57.6522112,brasil_aberto_first_street,True
MS,5003207,Corumbá,Porto Esperança,porto esperanca,,,dne,True
MS,5003207,Corumbá,Previsul,previsul,-19.0174899,-57.6255167,brasil_aberto_first_street,True
MS,5003207,Corumbá,Universitário,universitario,-19.0125013,-57.6373978,brasil_aberto_first_street,True
MS,5003207,Corumbá,Vila Guarani,vila guarani,-19.0398209,-57.6547575,brasil_aberto_first_street,True
MS,5003207,Corumbá,Vila Mamona,vila mamona,,,brasil_aberto,True
MS,5003256,Costa Rica,Baús,baus,,,dne,True
MS,5003256,Costa Rica,Centro,centro,-18.683678,-52.831887,mapbox_geocoding,True
MS,5003306,Coxim,Centro,centro,-18.50424,-54.7464921,brasil_aberto_first_street,True
MS,5003306,Coxim,Jauru,jauru,,,dne,True
MS,5003306,Coxim,São Romão,sao romao,,,dne,True
MS,5003306,Coxim,Taquari,taquari,,,dne,True
MS,5003454,Deodápolis,Área Rural de Deodápolis,area rural de deodapolis,-22.276861,-54.166924,mapbox_geocoding,True
MS,5003454,Deodápolis,Área Rural de Lagoa Bonita,area rural de lagoa bonita,-22.264496,-54.22471,mapbox_geocoding,True
MS,5003454,Deodápolis,Área Rural de Porto Vilma,area rural de porto vilma,-22.073713,-54.194305,mapbox_geocoding,True
MS,5003454,Deodápolis,Área Rural de Presidente Castelo,area rural de presidente castelo,-22.170532,-54.124126,mapbox_geocoding,True
MS,5003454,Deodápolis,Área Rural de Vila União,area rural de vila uniao,-22.10861,-54.172466,mapbox_geocoding,True
MS,5003454,Deodápolis,Centro,centro,-22.2759718,-54.1672375,brasil_aberto_first_street,True
MS,5003454,Deodápolis,Centro (Lagoa Bonita),centro lagoa bonita,-22.264352,-54.224644,mapbox_geocoding,True
MS,5003454,Deodápolis,Centro (Porto Vilma),centro porto vilma,-22.075121,-54.192602,mapbox_geocoding,True
MS,5003454,Deodápolis,Centro (Presidente Castelo),centro presidente castelo,-22.172187,-54.122196,mapbox_geocoding,True
MS,5003454,Deodápolis,Centro (Vila União),centro vila uniao,-22.110199,-54.169189,mapbox_geocoding,True
MS,5003454,Deodápolis,Conjunto Habitacional João Paulo II,conjunto habitacional joao paulo ii,-22.268766,-54.171912,mapbox_geocoding,True
MS,5003454,Deodápolis,Jardim Alvorada,jardim alvorada,-22.266701,-54.170181,mapbox_geocoding,True
MS,5003454,Deodápolis,Jardim América,jardim america,-22.276861,-54.166924,mapbox_geocoding,True
MS,5003454,Deodápolis,Jardim América II,jardim america ii,-22.271089,-54.169239,mapbox_geocoding,True
MS,5003454,Deodápolis,Jardim Amora Branca,jardim amora branca,-22.175474,-54.124175,mapbox_geocoding,True
MS,5003454,Deodápolis,Jardim Bastos,jardim bastos,-22.276779,-54.16712,mapbox_geocoding,True
MS,5003454,Deodápolis,Jardim Deodápolis,jardim deodapolis,-22.276779,-54.16712,mapbox_geocoding,True
MS,5003454,Deodápolis,Jardim Eldorado,jardim eldorado,-22.267674,-54.174227,mapbox_geocoding,True
MS,5003454,Deodápolis,Jardim Eldorado II,jardim eldorado ii,-22.266685,-54.165158,mapbox_geocoding,True
MS,5003454,Deodápolis,Jardim Eldorado III,jardim eldorado iii,-22.273224,-54.168485,mapbox_geocoding,True
MS,5003454,Deodápolis,Jardim Estrela de Ouro,jardim estrela de ouro,-22.276779,-54.16712,mapbox_geocoding,True
MS,5003454,Deodápolis,Jardim Europa,jardim europa,-22.276779,-54.16712,mapbox_geocoding,True
MS,5003454,Deodápolis,Jardim Itália,jardim italia,-22.276779,-54.16712,mapbox_geocoding,True
MS,5003454,Deodápolis,Jardim Nossa Senhora da Conceição,jardim nossa senhora da conceicao,-22.281753,-54.16956,mapbox_geocoding,True
MS,5003454,Deodápolis,Jardim Santa Maria,jardim santa maria,-22.273135,-54.167,mapbox_geocoding,True
MS,5003454,Deodápolis,Jardim Santa Marta,jardim santa marta,-22.276779,-54.16712,mapbox_geocoding,True
MS,5003454,Deodápolis,Jardim Santo Antônio,jardim santo antonio,-22.276779,-54.16712,mapbox_geocoding,True
MS,5003454,Deodápolis,Jardim São José,jardim sao jose,-22.273224,-54.168485,mapbox_geocoding,True
MS,5003454,Deodápolis,Lagoa Bonita,lagoa bonita,,,dne,True
MS,5003454,Deodápolis,Loteamento Che Roga Mi,loteamento che roga mi,-22.287096,-54.163969,mapbox_geocoding,True
MS,5003454,Deodápolis,Loteamento Lagoa Bonita (Lagoa Bonita),loteamento lagoa bonita lagoa bonita,-22.276861,-54.166924,mapbox_geocoding,True
MS,5003454,Deodápolis,Loteamento Minha Casa Minha Vida,loteamento minha casa minha vida,-22.287096,-54.163969,mapbox_geocoding,True
MS,5003454,Deodápolis,Loteamento Minha Casa Minha Vida II,loteamento minha casa minha vida ii,-22.28771,-54.163247,mapbox_geocoding,True
MS,5003454,Deodápolis,Loteamento Morar Melhor,loteamento morar melhor,-22.287096,-54.163969,mapbox_geocoding,True
MS,5003454,Deodápolis,Loteamento Santa Terezinha,loteamento santa terezinha,-22.287096,-54.163969,mapbox_geocoding,True
MS,5003454,Deodápolis,Loteamento Sehab,loteamento sehab,-22.287096,-54.163969,mapbox_geocoding,True
MS,5003454,Deodápolis,Portal dos Ipês,portal dos ipes,-22.276779,-54.16712,mapbox_geocoding,True
MS,5003454,Deodápolis,Porto Vilma,porto vilma,,,dne,True
MS,5003454,Deodápolis,Presidente Castelo,presidente castelo,,,dne,True
MS,5003454,Deodápolis,Residencial Monte Cristo,residencial monte cristo,-22.266331,-54.168193,mapbox_geocoding,True
MS,5003454,Deodápolis,Vila União,vila uniao,-22.1109339,-54.1696098,brasil_aberto_first_street,True
MS,5003488,Dois Irmãos do Buriti,Área Rural de Dois Irmãos do Buriti,area rural de dois irmaos do buriti,-20.686647,-55.28018,mapbox_geocoding,True
MS,5003488,Dois Irmãos do Buriti,Área Rural de Palmeiras,area rural de palmeiras,-20.686647,-55.28018,mapbox_geocoding,True
MS,5003488,Dois Irmãos do Buriti,Centro,centro,-20.686564,-55.27195,mapbox_geocoding,True
MS,5003488,Dois Irmãos do Buriti,Centro (Palmeiras),centro palmeiras,-20.444879,-55.430126,mapbox_geocoding,True
MS,5003488,Dois Irmãos do Buriti,Jardim Buriti,jardim buriti,-20.686564,-55.27195,mapbox_geocoding,True
MS,5003488,Dois Irmãos do Buriti,Palmeiras,palmeiras,,,dne,True
MS,5003504,Douradina,Abrão Nunes Cerqueira,abrao nunes cerqueira,-22.042408,-54.605532,mapbox_geocoding,True
MS,5003504,Douradina,Área Rural de Bocajá,area rural de bocaja,-22.037567,-54.610973,mapbox_geocoding,True
MS,5003504,Douradina,Área Rural de Cruzaltina,area rural de cruzaltina,-22.037567,-54.610973,mapbox_geocoding,True
MS,5003504,Douradina,Área Rural de Douradina,area rural de douradina,-22.037567,-54.610973,mapbox_geocoding,True
MS,5003504,Douradina,Bocajá,bocaja,,,dne,True
MS,5003504,Douradina,Centro,centro,-22.039666,-54.61226,mapbox_geocoding,True
MS,5003504,Douradina,Centro (Bocajá),centro bocaja,-21.996546,-54.589976,mapbox_geocoding,True
MS,5003504,Douradina,Centro (Cruzaltina),centro cruzaltina,-21.942858,-54.533629,mapbox_geocoding,True
MS,5003504,Douradina,Cruzaltina,cruzaltina,,,dne,True
MS,5003504,Douradina,Jardim América,jardim america,-22.039204,-54.607349,mapbox_geocoding,True
MS,5003504,Douradina,Jardim das Primaveras,jardim das primaveras,-22.039204,-54.607349,mapbox_geocoding,True
MS,5003504,Douradina,Parque das Araras,parque das araras,-22.042408,-54.605532,mapbox_geocoding,True
MS,5003504,Douradina,Vila Nova,vila nova,-20.449903,-55.760236,mapbox_geocoding,True
MS,5003504,Douradina,Vila Planalto,vila planalto,-22.039204,-54.607349,mapbox_geocoding,True
MS,5003702,Dourados,Aldeia Bororó,aldeia bororo,-22.1861026,-54.81619019999999,brasil_aberto_first_street,True
MS,5003702,Dourados,Aldeia Jaguapiru,aldeia jaguapiru,-22.1861026,-54.81619019999999,brasil_aberto_first_street,True
MS,5003702,Dourados,Alto da Boa Vista,alto da boa vista,-22.201118,-54.818727,mapbox_geocoding,True
MS,5003702,Dourados,Alto das Paineiras,alto das paineiras,-22.2031671,-54.8068054,brasil_aberto_first_street,True
MS,5003702,Dourados,Altos do Indaiá,altos do indaia,-22.2258132,-54.8358693,brasil_aberto_first_street,True
MS,5003702,Dourados,Área Rural de Dourados,area rural de dourados,-22.228023,-54.8130758,brasil_aberto_first_street,True
MS,5003702,Dourados,BNH I Plano,bnh i plano,-22.2207928,-54.8231181,brasil_aberto_first_street,True
MS,5003702,Dourados,Bourbon Premiun Residence,bourbon premiun residence,-22.195703,-54.825708,mapbox_geocoding,True
MS,5003702,Dourados,Caiman,caiman,-22.2097773,-54.7725113,brasil_aberto_first_street,True
MS,5003702,Dourados,Campo Belo,campo belo,-22.4126,-54.6702338,brasil_aberto_first_street,True
MS,5003702,Dourados,Campo Belo III,campo belo iii,-22.2747864,-54.8262568,brasil_aberto_first_street,True
MS,5003702,Dourados,Campo Dourado,campo dourado,-22.260531,-54.8121316,brasil_aberto_first_street,True
MS,5003702,Dourados,Canaã I,canaa i,-22.2089977,-54.7676573,brasil_aberto_first_street,True
MS,5003702,Dourados,Canaã II,canaa ii,-22.2368132,-54.7391255,brasil_aberto_first_street,True
MS,5003702,Dourados,Canaã III,canaa iii,-22.2503073,-54.7920223,brasil_aberto_first_street,True
MS,5003702,Dourados,Centro,centro,-22.2294573,-54.8155154,brasil_aberto_first_street,True
MS,5003702,Dourados,Chácara Califórnia,chacara california,-22.243512,-54.741146,brasil_aberto_first_street,True
MS,5003702,Dourados,Chácara Castelo I,chacara castelo i,-22.2280186,-54.8130713,brasil_aberto_first_street,True
MS,5003702,Dourados,Chácara Castelo II,chacara castelo ii,-22.2280186,-54.8130713,brasil_aberto_first_street,True
MS,5003702,Dourados,Chácara Cidélis,chacara cidelis,-22.2616639,-54.7872452,brasil_aberto_first_street,True
MS,5003702,Dourados,Chácara Ypê,chacara ype,-22.241994,-54.8163527,brasil_aberto_first_street,True
MS,5003702,Dourados,Chácaras Trevo,chacaras trevo,-22.2614489,-54.8057624,brasil_aberto_first_street,True
MS,5003702,Dourados,COHAB II,cohab ii,-22.2607822,-54.8395022,brasil_aberto_first_street,True
MS,5003702,Dourados,Cohafaba II Plano,cohafaba ii plano,-22.2148589,-54.8039374,brasil_aberto_first_street,True
MS,5003702,Dourados,Cohafaba III Plano,cohafaba iii plano,-22.2167084,-54.8107857,brasil_aberto_first_street,True
MS,5003702,Dourados,Conjunto Habitacional Izidro Pedroso,conjunto habitacional izidro pedroso,-22.2347898,-54.7889669,brasil_aberto_first_street,True
MS,5003702,Dourados,Conjunto Habitacional Terra Roxa,conjunto habitacional terra roxa,-22.2495571,-54.7873128,brasil_aberto_first_street,True
MS,5003702,Dourados,Conjunto Residencial Monte Carlo,conjunto residencial monte carlo,-22.212317,-54.8502712,brasil_aberto_first_street,True
MS,5003702,Dourados,Costa Dourada,costa dourada,-22.205257,-54.791848,mapbox_geocoding,True
MS,5003702,Dourados,Distrito Industrial de Dourados,distrito industrial de dourados,-22.135026,-54.61595,mapbox_geocoding,True
MS,5003702,Dourados,Ecoville,ecoville,-22.2054134,-54.8221396,brasil_aberto_first_street,True
MS,5003702,Dourados,Esplanada,esplanada,-22.2664765,-54.7692041,brasil_aberto_first_street,True
MS,5003702,Dourados,Estrela Porã,estrela pora,-22.2441773,-54.8338191,brasil_aberto_first_street,True
MS,5003702,Dourados,Estrela Porã II,estrela pora ii,-22.239725,-54.834648,mapbox_geocoding,True
MS,5003702,Dourados,Estrela Pytã,estrela pyta,-22.2236054,-54.812498,brasil_aberto_first_street,True
MS,5003702,Dourados,Estrela Tovy,estrela tovy,-22.2308773,-54.8404259,brasil_aberto_first_street,True
MS,5003702,Dourados,Estrela Vera,estrela vera,-22.2469477,-54.741063,brasil_aberto_first_street,True
MS,5003702,Dourados,Flor de Maio,flor de maio,-22.2393358,-54.7687663,brasil_aberto_first_street,True
MS,5003702,Dourados,Golden Park,golden park,-22.2704123,-54.81578159999999,brasil_aberto_first_street,True
MS,5003702,Dourados,Green Park,green park,-22.2731852,-54.8187629,brasil_aberto_first_street,True
MS,5003702,Dourados,Guaçu,guacu,,,dne,True
MS,5003702,Dourados,Hectares Park & Resort,hectares park resort,-22.193081,-54.831166,mapbox_geocoding,True
MS,5003702,Dourados,Honório Almirão,honorio almirao,-22.237081,-54.828697,mapbox_geocoding,True
MS,5003702,Dourados,Idelfonso Pedroso,idelfonso pedroso,-22.265885,-54.791827,mapbox_geocoding,True
MS,5003702,Dourados,Indápolis,indapolis,,,dne,True
MS,5003702,Dourados,Itahum,itahum,,,dne,True
MS,5003702,Dourados,Itapitan,itapitan,-20.449903,-55.760236,mapbox_geocoding,True
MS,5003702,Dourados,Jardim Água Boa,jardim agua boa,-22.2471637,-54.8107492,brasil_aberto_first_street,True
MS,5003702,Dourados,Jardim Alhambra,jardim alhambra,-22.2297644,-54.7422596,brasil_aberto_first_street,True
MS,5003702,Dourados,Jardim Aline,jardim aline,-22.2136801,-54.7996282,brasil_aberto_first_street,True
MS,5003702,Dourados,Jardim América,jardim america,-22.2261576,-54.8172029,brasil_aberto_first_street,True
MS,5003702,Dourados,Jardim Ayde,jardim ayde,-22.2022209,-54.77759760000001,brasil_aberto_first_street,True
MS,5003702,Dourados,Jardim Caramuru,jardim caramuru,-22.2284998,-54.8052949,brasil_aberto_first_street,True
MS,5003702,Dourados,Jardim Carisma,jardim carisma,-22.2098522,-54.7697363,brasil_aberto_first_street,True
MS,5003702,Dourados,Jardim Central,jardim central,-22.2230658,-54.8090632,brasil_aberto_first_street,True
MS,5003702,Dourados,Jardim Climax,jardim climax,-22.2309997,-54.8289016,brasil_aberto_first_street,True
MS,5003702,Dourados,Jardim Colibri,jardim colibri,-22.2565335,-54.7821845,brasil_aberto_first_street,True
MS,5003702,Dourados,Jardim Cristhais,jardim cristhais,-22.2134429,-54.8555311,brasil_aberto_first_street,True
MS,5003702,Dourados,Jardim das Palmeiras,jardim das palmeiras,-22.205702,-54.824919,mapbox_geocoding,True
MS,5003702,Dourados,Jardim das Primaveras,jardim das primaveras,-22.4100746,-54.4239151,brasil_aberto_first_street,True
MS,5003702,Dourados,Jardim Deoclécio Artuzzi,jardim deoclecio artuzzi,-22.2690676,-54.7841104,brasil_aberto_first_street,True
MS,5003702,Dourados,Jardim Deoclécio Artuzzi II,jardim deoclecio artuzzi ii,-22.266217,-54.7934189,brasil_aberto_first_street,True
MS,5003702,Dourados,Jardim do Bosque,jardim do bosque,-22.2153827,-54.8256897,brasil_aberto_first_street,True
MS,5003702,Dourados,Jardim dos Estados,jardim dos estados,-22.2082172,-54.7896741,brasil_aberto_first_street,True
MS,5003702,Dourados,Jardim dos Eucaliptos,jardim dos eucaliptos,-22.2242693,-54.7473991,brasil_aberto_first_street,True
MS,5003702,Dourados,Jardim Dubai,jardim dubai,-22.94023,-47.124541,mapbox_geocoding,True
MS,5003702,Dourados,Jardim Europa,jardim europa,-22.1982815,-54.8117813,brasil_aberto_first_street,True
MS,5003702,Dourados,Jardim Flamboyant,jardim flamboyant,-22.2568288,-54.7975181,brasil_aberto_first_street,True
MS,5003702,Dourados,Jardim Flórida,jardim florida,-22.2258132,-54.8358693,brasil_aberto_first_street,True
MS,5003702,Dourados,Jardim Guaicurus,jardim guaicurus,-22.263335,-54.7807784,brasil_aberto_first_street,True
MS,5003702,Dourados,Jardim Guanabara,jardim guanabara,-22.2221131,-54.7799895,brasil_aberto_first_street,True
MS,5003702,Dourados,Jardim Harrisom de Figueredo,jardim harrisom de figueredo,-22.2639106,-54.7814526,brasil_aberto_first_street,True
MS,5003702,Dourados,Jardim Hilda,jardim hilda,-22.2423586,-54.8146947,brasil_aberto_first_street,True
MS,5003702,Dourados,Jardim Ibirapuera,jardim ibirapuera,-22.256643,-54.772206,mapbox_geocoding,True
MS,5003702,Dourados,Jardim Independência,jardim independencia,-22.2347868,-54.8171556,brasil_aberto_first_street,True
MS,5003702,Dourados,Jardim Itaipú,jardim itaipu,-22.2104308,-54.8256932,brasil_aberto_first_street,True
MS,5003702,Dourados,Jardim Itália,jardim italia,-22.2428277,-54.8184564,brasil_aberto_first_street,True
MS,5003702,Dourados,Jardim Itamaracá,jardim itamaraca,-22.220224,-54.782916,mapbox_geocoding,True
MS,5003702,Dourados,Jardim Itapiri,jardim itapiri,-22.2621495,-54.81156319999999,brasil_aberto_first_street,True
MS,5003702,Dourados,Jardim João Paulo II,jardim joao paulo ii,-22.2294298,-54.7685237,brasil_aberto_first_street,True
MS,5003702,Dourados,Jardim Jóquei Clube,jardim joquei clube,-22.2481539,-54.7377691,brasil_aberto_first_street,True
MS,5003702,Dourados,Jardim Londrina,jardim londrina,-22.2342917,-54.812964,brasil_aberto_first_street,True
MS,5003702,Dourados,Jardim Maracanã,jardim maracana,-22.2189627,-54.7662984,brasil_aberto_first_street,True
MS,5003702,Dourados,Jardim Márcia,jardim marcia,-22.2220864,-54.7584494,brasil_aberto_first_street,True
MS,5003702,Dourados,Jardim Marília,jardim marilia,-22.2253998,-54.7508468,brasil_aberto_first_street,True
MS,5003702,Dourados,Jardim Maringá,jardim maringa,-22.2211527,-54.8324958,brasil_aberto_first_street,True
MS,5003702,Dourados,Jardim Mônaco,jardim monaco,-22.2019394,-54.8078237,brasil_aberto_first_street,True
MS,5003702,Dourados,Jardim Monte Alegre,jardim monte alegre,-22.2475073,-54.7361221,brasil_aberto_first_street,True
MS,5003702,Dourados,Jardim Monte Líbano,jardim monte libano,-22.2115679,-54.7812077,brasil_aberto_first_street,True
MS,5003702,Dourados,Jardim Novo Horizonte,jardim novo horizonte,-22.2342181,-54.8459629,brasil_aberto_first_street,True
MS,5003702,Dourados,Jardim Paulista,jardim paulista,-22.219362,-54.8001985,brasil_aberto_first_street,True
MS,5003702,Dourados,Jardim Piratininga,jardim piratininga,-22.2226886,-54.7693287,brasil_aberto_first_street,True
MS,5003702,Dourados,Jardim Rasslem,jardim rasslem,-22.2454401,-54.9133784,brasil_aberto_first_street,True
MS,5003702,Dourados,Jardim Santa Herminia,jardim santa herminia,-22.2140972,-54.7598885,brasil_aberto_first_street,True
MS,5003702,Dourados,Jardim Santa Maria,jardim santa maria,-22.2190841,-54.7615888,brasil_aberto_first_street,True
MS,5003702,Dourados,Jardim Santa Rita,jardim santa rita,-22.250523,-54.7878,mapbox_geocoding,True
MS,5003702,Dourados,Jardim São Cristóvão,jardim sao cristovao,-22.237855,-54.7735687,brasil_aberto_first_street,True
MS,5003702,Dourados,Jardim São Pedro,jardim sao pedro,-22.2336603,-54.8073948,brasil_aberto_first_street,True
MS,5003702,Dourados,Jardim Shekiná,jardim shekina,-22.2468257,-54.8210866,brasil_aberto_first_street,True
MS,5003702,Dourados,Jardim Syria Rasselen,jardim syria rasselen,-22.2236054,-54.812498,brasil_aberto_first_street,True
MS,5003702,Dourados,Jardim Tropical,jardim tropical,-22.2283936,-54.8281507,brasil_aberto_first_street,True
MS,5003702,Dourados,Jardim Universitário,jardim universitario,-22.2579457,-54.7657793,brasil_aberto_first_street,True
MS,5003702,Dourados,Jardim Vitória,jardim vitoria,-22.2274,-54.808014,mapbox_geocoding,True
MS,5003702,Dourados,Laranja Doce,laranja doce,-22.1993009,-54.776224,brasil_aberto_first_street,True
MS,5003702,Dourados,Loteamento Flor de Lis,loteamento flor de lis,-22.2328939,-54.8075232,brasil_aberto_first_street,True
MS,5003702,Dourados,Loteamento Pousada dos Pássaros,loteamento pousada dos passaros,-22.1975139,-54.8226229,brasil_aberto_first_street,True
MS,5003702,Dourados,Panambi,panambi,,,dne,True
MS,5003702,Dourados,Panambi Vera,panambi vera,-22.2240947,-54.8477271,brasil_aberto_first_street,True
MS,5003702,Dourados,Parque Alvorada,parque alvorada,-22.2201377,-54.8377794,brasil_aberto_first_street,True
MS,5003702,Dourados,Parque das Nações,parque das nacoes,-22.2214353,-54.7269976,brasil_aberto_first_street,True
MS,5003702,Dourados,Parque das Nações II,parque das nacoes ii,-22.2350117,-54.7454182,brasil_aberto_first_street,True
MS,5003702,Dourados,Parque do Lago,parque do lago,-22.2320216,-54.83625379999999,brasil_aberto_first_street,True
MS,5003702,Dourados,Parque do Lago II,parque do lago ii,-20.479856,-54.591066,mapbox_geocoding,True
MS,5003702,Dourados,Parque dos Beija-flores,parque dos beija flores,-22.2524102,-54.7886988,brasil_aberto_first_street,True
MS,5003702,Dourados,Parque dos Bem-te-vis,parque dos bem te vis,-22.2540015,-54.7903932,brasil_aberto_first_street,True
MS,5003702,Dourados,Parque dos Coqueiros,parque dos coqueiros,-22.2125189,-54.7713977,brasil_aberto_first_street,True
MS,5003702,Dourados,Parque dos Jequitibás,parque dos jequitibas,-22.2397785,-54.7826778,brasil_aberto_first_street,True
MS,5003702,Dourados,Parque Industrial Londrina,parque industrial londrina,-22.310782,-54.339508,mapbox_geocoding,True
MS,5003702,Dourados,Parque Nova Dourados,parque nova dourados,-22.2329003,-54.7786335,brasil_aberto_first_street,True
MS,5003702,Dourados,Parque Residencial Pelicano,parque residencial pelicano,-22.2106942,-54.7721616,brasil_aberto_first_street,True
MS,5003702,Dourados,Parque Rincão I,parque rincao i,-22.2441186,-54.7301751,brasil_aberto_first_street,True
MS,5003702,Dourados,Parque Rincão II,parque rincao ii,-22.2236054,-54.812498,brasil_aberto_first_street,True
MS,5003702,Dourados,Picadinha,picadinha,,,dne,True
MS,5003702,Dourados,Portal de Dourados,portal de dourados,-22.2080141,-54.8067457,brasil_aberto_first_street,True
MS,5003702,Dourados,Portal do Sol,portal do sol,-22.275803,-54.758265,mapbox_geocoding,True
MS,5003702,Dourados,Porto Madero,porto madero,-22.2381604,-54.8175066,brasil_aberto_first_street,True
MS,5003702,Dourados,Porto Seguro,porto seguro,-22.2032491,-54.8311732,brasil_aberto_first_street,True
MS,5003702,Dourados,Porto Unique,porto unique,-22.202562,-54.831784,mapbox_geocoding,True
MS,5003702,Dourados,Residencial Aimoré,residencial aimore,-22.249646,-54.787921,mapbox_geocoding,True
MS,5003702,Dourados,Residencial Bonanza,residencial bonanza,-22.2683307,-54.8296148,brasil_aberto_first_street,True
MS,5003702,Dourados,Residencial Cidade Jardim I,residencial cidade jardim i,-22.2412968,-54.8576168,brasil_aberto_first_street,True
MS,5003702,Dourados,Residencial Cidade Jardim II,residencial cidade jardim ii,-22.226299,-54.858222,mapbox_geocoding,True
MS,5003702,Dourados,Residencial Cidade Jardim IV,residencial cidade jardim iv,-22.2449,-54.85455,mapbox_geocoding,True
MS,5003702,Dourados,Residencial Greenville,residencial greenville,-22.2713316,-54.7833836,brasil_aberto_first_street,True
MS,5003702,Dourados,Residencial Greenville II,residencial greenville ii,-22.2668841,-54.7914563,brasil_aberto_first_street,True
MS,5003702,Dourados,Residencial Kairós,residencial kairos,-22.2548497,-54.7414198,brasil_aberto_first_street,True
MS,5003702,Dourados,Residencial Monte Sião I,residencial monte siao i,-22.201163,-54.778056,mapbox_geocoding,True
MS,5003702,Dourados,Residencial Pantanal,residencial pantanal,-22.2158287,-54.7567289,brasil_aberto_first_street,True
MS,5003702,Dourados,Residencial Parizotto,residencial parizotto,-22.275653,-54.830413,mapbox_geocoding,True
MS,5003702,Dourados,Riviera Residence,riviera residence,-22.203183,-54.816949,mapbox_geocoding,True
MS,5003702,Dourados,Royal Parque,royal parque,-22.236149,-54.742178,mapbox_geocoding,True
MS,5003702,Dourados,Santa Fé,santa fe,-22.2096107,-54.8432978,brasil_aberto_first_street,True
MS,5003702,Dourados,Santa Felicidade,santa felicidade,-22.2274,-54.808014,mapbox_geocoding,True
MS,5003702,Dourados,São Pedro,sao pedro,,,dne,True
MS,5003702,Dourados,Setor 10,setor 10,-22.197495,-54.775293,mapbox_geocoding,True
MS,5003702,Dourados,Setor 11,setor 11,-22.197495,-54.775293,mapbox_geocoding,True
MS,5003702,Dourados,Setor 39,setor 39,-22.200041,-54.890332,mapbox_geocoding,True
MS,5003702,Dourados,Sitioca Ouro Fino,sitioca ouro fino,-22.2472312,-54.81288610000001,brasil_aberto_first_street,True
MS,5003702,Dourados,Sitiocas Campina Verde,sitiocas campina verde,-22.2663849,-54.8273782,brasil_aberto_first_street,True
MS,5003702,Dourados,Terra Dourada,terra dourada,-22.22534,-54.752286,mapbox_geocoding,True
MS,5003702,Dourados,Valderez Oliveira,valderez oliveira,-22.218709,-54.7639752,brasil_aberto_first_street,True
MS,5003702,Dourados,Vila Alba,vila alba,-22.237855,-54.7735687,brasil_aberto_first_street,True
MS,5003702,Dourados,Vila Almeida,vila almeida,-22.2390377,-54.8243609,brasil_aberto_first_street,True
MS,5003702,Dourados,Vila Amaral,vila amaral,-22.2340974,-54.8175115,brasil_aberto_first_street,True
MS,5003702,Dourados,Vila Aurora,vila aurora,-22.2213053,-54.8324774,brasil_aberto_first_street,True
MS,5003702,Dourados,Vila Cachoeirinha,vila cachoeirinha,-22.2519572,-54.8221544,brasil_aberto_first_street,True
MS,5003702,Dourados,Vila Cuiabá,vila cuiaba,-22.2271319,-54.7734625,brasil_aberto_first_street,True
MS,5003702,Dourados,Vila Erondina,vila erondina,-22.2453481,-54.8181445,brasil_aberto_first_street,True
MS,5003702,Dourados,Vila Esperança,vila esperanca,-22.237855,-54.7735687,brasil_aberto_first_street,True
MS,5003702,Dourados,Vila Formosa,vila formosa,,,dne,True
MS,5003702,Dourados,Vila Industrial,vila industrial,-22.2259827,-54.7806333,brasil_aberto_first_street,True
MS,5003702,Dourados,Vila Mariana,vila mariana,-22.2459703,-54.7298338,brasil_aberto_first_street,True
MS,5003702,Dourados,Vila Martins,vila martins,-22.2356324,-54.7819511,brasil_aberto_first_street,True
MS,5003702,Dourados,Vila Nova Esperança,vila nova esperanca,-22.1900104,-54.7488534,brasil_aberto_first_street,True
MS,5003702,Dourados,Vila Planalto,vila planalto,-22.2167084,-54.8107857,brasil_aberto_first_street,True
MS,5003702,Dourados,Vila Popular,vila popular,-22.2273784,-54.8314848,brasil_aberto_first_street,True
MS,5003702,Dourados,Vila Progresso,vila progresso,-22.2182409,-54.8181259,brasil_aberto_first_street,True
MS,5003702,Dourados,Vila Roma II,vila roma ii,-22.2522833,-54.8366462,brasil_aberto_first_street,True
MS,5003702,Dourados,Vila Rosa,vila rosa,-22.2084387,-54.7839498,brasil_aberto_first_street,True
MS,5003702,Dourados,Vila Rubi,vila rubi,-22.218709,-54.7639752,brasil_aberto_first_street,True
MS,5003702,Dourados,Vila Santa Catarina,vila santa catarina,-22.2368445,-54.7829737,brasil_aberto_first_street,True
MS,5003702,Dourados,Vila Santo André,vila santo andre,-22.236243,-54.7972613,brasil_aberto_first_street,True
MS,5003702,Dourados,Vila São Braz,vila sao braz,-22.242076,-54.740517,brasil_aberto_first_street,True
MS,5003702,Dourados,Vila São Francisco,vila sao francisco,-22.2234743,-54.7715497,brasil_aberto_first_street,True
MS,5003702,Dourados,Vila São João,vila sao joao,-22.2472492,-54.8128773,brasil_aberto_first_street,True
MS,5003702,Dourados,Vila São Luiz,vila sao luiz,-22.2152122,-54.8171783,brasil_aberto_first_street,True
MS,5003702,Dourados,Vila Toscana,vila toscana,-22.2426511,-54.8430268,brasil_aberto_first_street,True
MS,5003702,Dourados,Vila Toscana II,vila toscana ii,-22.2465429,-54.8430682,brasil_aberto_first_street,True
MS,5003702,Dourados,Vila Ubiratan,vila ubiratan,-22.218709,-54.7639752,brasil_aberto_first_street,True
MS,5003702,Dourados,Vila Vargas,vila vargas,,,dne,True
MS,5003702,Dourados,Vival Castelo,vival castelo,-22.2128968,-54.7323499,brasil_aberto_first_street,True
MS,5003702,Dourados,Vival dos Ipês,vival dos ipes,-22.2678019,-54.7801274,brasil_aberto_first_street,True
MS,5003702,Dourados,Walter Brandão da Silva,walter brandao da silva,-22.2369406,-54.8428152,brasil_aberto_first_street,True
MS,5003702,Dourados,Ypê Roxo,ype roxo,-22.2450348,-54.8362607,brasil_aberto_first_street,True
MS,5003751,Eldorado,Centro,centro,-23.798438,-54.10554399999999,brasil_aberto_first_street,True
MS,5003751,Eldorado,Morumbi,morumbi,,,dne,True
MS,5003801,Fátima do Sul,Centro,centro,-22.3761585,-54.51518300000001,brasil_aberto_first_street,True
MS,5003801,Fátima do Sul,Culturama,culturama,,,dne,True
MS,5003900,Figueirão,Área Rural de Figueirão,area rural de figueirao,-18.675203,-53.64213,mapbox_geocoding,True
MS,5003900,Figueirão,Boa Vida,boa vida,-18.678472,-53.635884,mapbox_geocoding,True
MS,5003900,Figueirão,Bom Jesus,bom jesus,-18.684207,-53.635736,mapbox_geocoding,True
MS,5003900,Figueirão,Centro,centro,,,brasil_aberto,True
MS,5003900,Figueirão,Doutor Naldo Luza,doutor naldo luza,-18.678472,-53.635884,mapbox_geocoding,True
MS,5003900,Figueirão,Figueirão Velho,figueirao velho,-18.678472,-53.635884,mapbox_geocoding,True
MS,5003900,Figueirão,Jardim Aeroporto,jardim aeroporto,-18.678472,-53.635884,mapbox_geocoding,True
MS,5003900,Figueirão,Jardim Cristina I,jardim cristina i,-18.680027,-53.639645,mapbox_geocoding,True
MS,5003900,Figueirão,Jardim Cristina II,jardim cristina ii,-18.682884,-53.637902,mapbox_geocoding,True
MS,5003900,Figueirão,Nova Conquista,nova conquista,-18.685508,-53.634448,mapbox_geocoding,True
MS,5003900,Figueirão,Novo Horizonte,novo horizonte,-18.683246,-53.638572,mapbox_geocoding,True
MS,5003900,Figueirão,Pequi,pequi,-18.678472,-53.635884,mapbox_geocoding,True
MS,5003900,Figueirão,Residencial Figueira,residencial figueira,-18.678472,-53.635884,mapbox_geocoding,True
MS,5003900,Figueirão,Sabiá II,sabia ii,-18.677872,-53.63984,mapbox_geocoding,True
MS,5003900,Figueirão,Vila Maria,vila maria,-18.682884,-53.637902,mapbox_geocoding,True
MS,5003900,Figueirão,Vila Rosa,vila rosa,-18.677872,-53.63984,mapbox_geocoding,True
MS,5003900,Figueirão,Vila São José,vila sao jose,-18.678472,-53.635884,mapbox_geocoding,True
MS,5004007,Glória de Dourados,Altivo Bortoluzzi,altivo bortoluzzi,-22.428787,-54.234647,mapbox_geocoding,True
MS,5004007,Glória de Dourados,Altos da Glória,altos da gloria,-22.408124,-54.226972,mapbox_geocoding,True
MS,5004007,Glória de Dourados,Área Rural de Glória de Dourados,area rural de gloria de dourados,-22.41564,-54.23015,mapbox_geocoding,True
MS,5004007,Glória de Dourados,Bnh,bnh,-22.42778,-54.22963,mapbox_geocoding,True
MS,5004007,Glória de Dourados,Centro,centro,-22.417253,-54.231414,mapbox_geocoding,True
MS,5004007,Glória de Dourados,Guaçulândia,guaculandia,,,dne,True
MS,5004007,Glória de Dourados,Haruo Nakamura,haruo nakamura,-22.425212,-54.240623,mapbox_geocoding,True
MS,5004007,Glória de Dourados,Jardim das Palmeiras,jardim das palmeiras,-22.415692,-54.222737,mapbox_geocoding,True
MS,5004007,Glória de Dourados,Jardim Morumbi I,jardim morumbi i,-22.408412,-54.235412,mapbox_geocoding,True
MS,5004007,Glória de Dourados,Jardim Morumbi II,jardim morumbi ii,-22.408416,-54.236812,mapbox_geocoding,True
MS,5004007,Glória de Dourados,Jardim Primavera,jardim primavera,-22.411129,-54.237358,mapbox_geocoding,True
MS,5004007,Glória de Dourados,Nova Glória,nova gloria,-22.423391,-54.240345,mapbox_geocoding,True
MS,5004007,Glória de Dourados,Parque Cead,parque cead,-22.409127,-54.232718,mapbox_geocoding,True
MS,5004007,Glória de Dourados,Parque dos Ipes,parque dos ipes,-22.411315,-54.220855,mapbox_geocoding,True
MS,5004007,Glória de Dourados,Residencial da Liberdade,residencial da liberdade,-22.413564,-54.229834,mapbox_geocoding,True
MS,5004007,Glória de Dourados,Residencial Santa Mônica,residencial santa monica,-22.41564,-54.23015,mapbox_geocoding,True
MS,5004007,Glória de Dourados,Residencial Vânia,residencial vania,-22.416322,-54.22688,mapbox_geocoding,True
MS,5004007,Glória de Dourados,Vila Industrial,vila industrial,-22.416941,-54.230741,mapbox_geocoding,True
MS,5004106,Guia Lopes da Laguna,Centro,centro,-21.4614579,-56.117015,brasil_aberto_first_street,True
MS,5004304,Iguatemi,Centro,centro,-23.6811927,-54.5634446,brasil_aberto_first_street,True
MS,5004403,Inocência,Área Rural de Inocência,area rural de inocencia,-19.729706,-51.928326,mapbox_geocoding,True
MS,5004403,Inocência,Área Rural de Morangas,area rural de morangas,-19.729706,-51.928326,mapbox_geocoding,True
MS,5004403,Inocência,Área Rural de São José do Sucuriú,area rural de sao jose do sucuriu,-19.729706,-51.928326,mapbox_geocoding,True
MS,5004403,Inocência,Área Rural de São Pedro,area rural de sao pedro,-19.729706,-51.928326,mapbox_geocoding,True
MS,5004403,Inocência,Centro,centro,-19.730272,-51.928245,mapbox_geocoding,True
MS,5004403,Inocência,Centro (Morangas),centro morangas,-19.757871,-51.911083,mapbox_geocoding,True
MS,5004403,Inocência,Centro (São José do Sucuriú),centro sao jose do sucuriu,-19.757871,-51.911083,mapbox_geocoding,True
MS,5004403,Inocência,Centro (São Pedro),centro sao pedro,-19.924024,-51.939365,mapbox_geocoding,True
MS,5004403,Inocência,Industrial Bela Vista,industrial bela vista,-19.757871,-51.911083,mapbox_geocoding,True
MS,5004403,Inocência,Industrial de Celulose,industrial de celulose,-19.891383,-52.082676,mapbox_geocoding,True
MS,5004403,Inocência,Industrial Macaúba,industrial macauba,-19.891383,-52.082676,mapbox_geocoding,True
MS,5004403,Inocência,Jardim Alvorada,jardim alvorada,-19.731953,-51.925405,mapbox_geocoding,True
MS,5004403,Inocência,Jardim Boa Esperança,jardim boa esperanca,-19.735414,-51.933379,mapbox_geocoding,True
MS,5004403,Inocência,Jardim Bocaina,jardim bocaina,-19.730272,-51.928245,mapbox_geocoding,True
MS,5004403,Inocência,Jardim Bom Jesus,jardim bom jesus,-19.919445,-51.942112,mapbox_geocoding,True
MS,5004403,Inocência,Jardim Pantanal,jardim pantanal,-19.7328,-51.933979,mapbox_geocoding,True
MS,5004403,Inocência,Morangas,morangas,,,dne,True
MS,5004403,Inocência,São José do Sucuriú,sao jose do sucuriu,,,dne,True
MS,5004403,Inocência,São Pedro,sao pedro,,,dne,True
MS,5004502,Itaporã,Antonio Rodeline,antonio rodeline,-7.182854,-34.925486,mapbox_geocoding,True
MS,5004502,Itaporã,Área Rural de Carumbé,area rural de carumbe,-22.081825,-54.78928,mapbox_geocoding,True
MS,5004502,Itaporã,Área Rural de Itaporã,area rural de itapora,-22.081825,-54.78928,mapbox_geocoding,True
MS,5004502,Itaporã,Área Rural de Montese,area rural de montese,-22.081825,-54.78928,mapbox_geocoding,True
MS,5004502,Itaporã,Área Rural de Piraporã,area rural de pirapora,-22.081825,-54.78928,mapbox_geocoding,True
MS,5004502,Itaporã,Área Rural de Santa Terezinha,area rural de santa terezinha,-22.081825,-54.78928,mapbox_geocoding,True
MS,5004502,Itaporã,BNH,bnh,-22.078193,-54.797953,mapbox_geocoding,True
MS,5004502,Itaporã,Brinco Di Oro,brinco di oro,-22.182699,-54.675161,mapbox_geocoding,True
MS,5004502,Itaporã,Carumbé,carumbe,,,dne,True
MS,5004502,Itaporã,Carumbé (Centro),carumbe centro,-22.081825,-54.78928,mapbox_geocoding,True
MS,5004502,Itaporã,Centro,centro,-22.0827,-54.787606,mapbox_geocoding,True
MS,5004502,Itaporã,COHAB,cohab,-22.080103,-54.779552,mapbox_geocoding,True
MS,5004502,Itaporã,Conjunto Irmã Daniela,conjunto irma daniela,-22.086705,-54.79183,mapbox_geocoding,True
MS,5004502,Itaporã,Dourado,dourado,-22.086705,-54.79183,mapbox_geocoding,True
MS,5004502,Itaporã,Ecopark Br Urban Itaporã,ecopark br urban itapora,-22.203795,-54.807514,mapbox_geocoding,True
MS,5004502,Itaporã,Flamboyant,flamboyant,-22.091373,-54.788122,mapbox_geocoding,True
MS,5004502,Itaporã,Jardim Brumelia,jardim brumelia,-22.080103,-54.779552,mapbox_geocoding,True
MS,5004502,Itaporã,Jardim Copacabana,jardim copacabana,-22.068926,-54.788023,mapbox_geocoding,True
MS,5004502,Itaporã,Jardim das Palmeiras,jardim das palmeiras,-22.0827,-54.787606,mapbox_geocoding,True
MS,5004502,Itaporã,Jardim Europa,jardim europa,-22.081825,-54.78928,mapbox_geocoding,True
MS,5004502,Itaporã,Jardim Girassol,jardim girassol,-22.087513,-54.790908,mapbox_geocoding,True
MS,5004502,Itaporã,Jardim Nova Era,jardim nova era,-22.089307,-54.793772,mapbox_geocoding,True
MS,5004502,Itaporã,Jardim Portugal,jardim portugal,-22.0827,-54.787606,mapbox_geocoding,True
MS,5004502,Itaporã,Jardim São Bento,jardim sao bento,-22.083297,-54.798882,mapbox_geocoding,True
MS,5004502,Itaporã,Jardim Vitoria,jardim vitoria,-22.0827,-54.787606,mapbox_geocoding,True
MS,5004502,Itaporã,João Rodrigues de Freitas,joao rodrigues de freitas,-22.08962,-54.797353,mapbox_geocoding,True
MS,5004502,Itaporã,José Roque,jose roque,-22.078193,-54.797953,mapbox_geocoding,True
MS,5004502,Itaporã,Lagoa,lagoa,-21.978201,-54.677432,mapbox_geocoding,True
MS,5004502,Itaporã,Montese,montese,,,dne,True
MS,5004502,Itaporã,Montese (Centro),montese centro,-22.035901,-54.746631,mapbox_geocoding,True
MS,5004502,Itaporã,Parque Ipanema,parque ipanema,-22.068926,-54.788023,mapbox_geocoding,True
MS,5004502,Itaporã,Parque João de de Deus,parque joao de de deus,-22.0827,-54.787606,mapbox_geocoding,True
MS,5004502,Itaporã,Pirapora,pirapora,,,dne,True
MS,5004502,Itaporã,Piraporã (Centro),pirapora centro,-21.976706,-54.676874,mapbox_geocoding,True
MS,5004502,Itaporã,Porciúncola,porciuncola,-22.0827,-54.787606,mapbox_geocoding,True
MS,5004502,Itaporã,Prolongamento Pioneira,prolongamento pioneira,-22.083297,-54.798882,mapbox_geocoding,True
MS,5004502,Itaporã,Santa Maria,santa maria,-7.182854,-34.925486,mapbox_geocoding,True
MS,5004502,Itaporã,Santa Terezinha,santa terezinha,,,dne,True
MS,5004502,Itaporã,Santa Terezinha (Centro),santa terezinha centro,-21.912661,-54.707697,mapbox_geocoding,True
MS,5004502,Itaporã,Santa Terra,santa terra,-7.182854,-34.925486,mapbox_geocoding,True
MS,5004502,Itaporã,São José,sao jose,-21.978201,-54.677432,mapbox_geocoding,True
MS,5004502,Itaporã,Vila Bom Jesus,vila bom jesus,-22.0827,-54.787606,mapbox_geocoding,True
MS,5004502,Itaporã,Vila Coemat,vila coemat,-22.075971,-54.782469,mapbox_geocoding,True
MS,5004502,Itaporã,Vila Cristo Rei,vila cristo rei,-22.086705,-54.79183,mapbox_geocoding,True
MS,5004502,Itaporã,Vila Nova Aliança (Montese),vila nova alianca montese,-22.035901,-54.746631,mapbox_geocoding,True
MS,5004502,Itaporã,Vila Pedra Bonita,vila pedra bonita,-22.068926,-54.788023,mapbox_geocoding,True
MS,5004502,Itaporã,Vila Pioneira,vila pioneira,-22.086705,-54.79183,mapbox_geocoding,True
MS,5004502,Itaporã,Vila Santa Cruz,vila santa cruz,-22.08041,-54.795192,mapbox_geocoding,True
MS,5004502,Itaporã,Vila União,vila uniao,-22.080103,-54.779552,mapbox_geocoding,True
MS,5004601,Itaquiraí,Área Rural de Itaquiraí,area rural de itaquirai,-23.479528,-54.18519,mapbox_geocoding,True
MS,5004601,Itaquiraí,Boa Vista,boa vista,-23.473504,-54.175977,mapbox_geocoding,True
MS,5004601,Itaquiraí,Ceac,ceac,-23.475969,-54.186583,mapbox_geocoding,True
MS,5004601,Itaquiraí,Centro,centro,-22.30151,-53.819724,mapbox_geocoding,True
MS,5004601,Itaquiraí,Distrito Industrial,distrito industrial,-23.477895,-54.18726,mapbox_geocoding,True
MS,5004601,Itaquiraí,Distrito Industrial II,distrito industrial ii,-19.105848,-51.715104,mapbox_geocoding,True
MS,5004601,Itaquiraí,Ebenezer,ebenezer,-23.479402,-54.183682,mapbox_geocoding,True
MS,5004601,Itaquiraí,Jardim Alvorada,jardim alvorada,-23.487056,-54.181255,mapbox_geocoding,True
MS,5004601,Itaquiraí,Jardim Bem Viver,jardim bem viver,-23.481331,-54.178443,mapbox_geocoding,True
MS,5004601,Itaquiraí,Jardim Betel,jardim betel,-23.496635,-54.179612,mapbox_geocoding,True
MS,5004601,Itaquiraí,Jardim Ipanema,jardim ipanema,-23.480792,-54.172515,mapbox_geocoding,True
MS,5004601,Itaquiraí,Jardim Ipê,jardim ipe,-23.474993,-54.18172,mapbox_geocoding,True
MS,5004601,Itaquiraí,Jardim Nova Conquista,jardim nova conquista,-21.481997,-56.141705,mapbox_geocoding,True
MS,5004601,Itaquiraí,Jardim Nova Era,jardim nova era,-23.485279,-54.188129,mapbox_geocoding,True
MS,5004601,Itaquiraí,Jardim Primavera,jardim primavera,-23.477895,-54.18726,mapbox_geocoding,True
MS,5004601,Itaquiraí,Jardim Progresso,jardim progresso,-23.485279,-54.188129,mapbox_geocoding,True
MS,5004601,Itaquiraí,Jardim São José,jardim sao jose,-23.481331,-54.178443,mapbox_geocoding,True
MS,5004601,Itaquiraí,Nova Esperança,nova esperanca,-23.488684,-54.190101,mapbox_geocoding,True
MS,5004601,Itaquiraí,Nova Esperança II,nova esperanca ii,-19.105848,-51.715104,mapbox_geocoding,True
MS,5004601,Itaquiraí,Oriente,oriente,-23.479423,-54.180802,mapbox_geocoding,True
MS,5004601,Itaquiraí,Pedra Redonda,pedra redonda,-23.481331,-54.178443,mapbox_geocoding,True
MS,5004601,Itaquiraí,Residencial Cidade Jardim,residencial cidade jardim,-23.4651,-54.184525,mapbox_geocoding,True
MS,5004601,Itaquiraí,Residencial Copa Ville,residencial copa ville,-22.30151,-53.819724,mapbox_geocoding,True
MS,5004601,Itaquiraí,Residencial Monte Castelo,residencial monte castelo,-23.481331,-54.178443,mapbox_geocoding,True
MS,5004601,Itaquiraí,Residencial Morada do Sol,residencial morada do sol,-20.807582,-51.722307,mapbox_geocoding,True
MS,5004700,Ivinhema,Água Azul,agua azul,-22.305595,-53.839429,mapbox_geocoding,True
MS,5004700,Ivinhema,Amandina,amandina,,,dne,True
MS,5004700,Ivinhema,Área Rural de Ivinhema,area rural de ivinhema,-22.307383,-53.825653,mapbox_geocoding,True
MS,5004700,Ivinhema,Carandá Bosque,caranda bosque,-22.324392,-53.80872,mapbox_geocoding,True
MS,5004700,Ivinhema,Centro,centro,-22.307383,-53.825653,mapbox_geocoding,True
MS,5004700,Ivinhema,Centro (Amandina),centro amandina,-22.38891,-53.59895,mapbox_geocoding,True
MS,5004700,Ivinhema,Eco Park Residence I,eco park residence i,-23.566288,-46.35352,mapbox_geocoding,True
MS,5004700,Ivinhema,Eco Park Residence II,eco park residence ii,-22.316766,-53.803438,mapbox_geocoding,True
MS,5004700,Ivinhema,Eco Park Residence III,eco park residence iii,-22.911027,-46.527614,mapbox_geocoding,True
MS,5004700,Ivinhema,Guiraí,guirai,-22.307383,-53.825653,mapbox_geocoding,True
MS,5004700,Ivinhema,Itapoã,itapoa,-22.302667,-53.822476,mapbox_geocoding,True
MS,5004700,Ivinhema,Jardim Aeroporto,jardim aeroporto,-22.305483,-53.844926,mapbox_geocoding,True
MS,5004700,Ivinhema,Piravevê,piraveve,-22.303813,-53.818027,mapbox_geocoding,True
MS,5004700,Ivinhema,Polo Empresarial Albino Manica,polo empresarial albino manica,-23.566288,-46.35352,mapbox_geocoding,True
MS,5004700,Ivinhema,Polo Empresarial Vereador José Mendonça da Silva,polo empresarial vereador jose mendonca da silva,-22.388208,-53.598948,mapbox_geocoding,True
MS,5004700,Ivinhema,Residencial Solar do Vale,residencial solar do vale,-22.288181,-53.822527,mapbox_geocoding,True
MS,5004700,Ivinhema,Triguenã,triguena,-22.302667,-53.822476,mapbox_geocoding,True
MS,5004700,Ivinhema,Vale Dourado,vale dourado,-23.566288,-46.35352,mapbox_geocoding,True
MS,5004700,Ivinhema,Vítória,vitoria,-22.305595,-53.839429,mapbox_geocoding,True
MS,5004809,Japorã,Área Rural de Jacareí,area rural de jacarei,-23.892056,-54.40678,mapbox_geocoding,True
MS,5004809,Japorã,Área Rural de Japorã,area rural de japora,-23.892056,-54.40678,mapbox_geocoding,True
MS,5004809,Japorã,Centro,centro,-23.889552,-54.403814,mapbox_geocoding,True
MS,5004809,Japorã,Centro (Jacareí),centro jacarei,-23.805077,-54.524915,mapbox_geocoding,True
MS,5004809,Japorã,Jacareí,jacarei,,,dne,True
MS,5004908,Jaraguari,Área Rural de Bonfim,area rural de bonfim,-20.1009,-54.437878,mapbox_geocoding,True
MS,5004908,Jaraguari,Área Rural de Jaraguari,area rural de jaraguari,-20.1009,-54.437878,mapbox_geocoding,True
MS,5004908,Jaraguari,Bom Fim,bom fim,,,dne,True
MS,5004908,Jaraguari,Cavalari,cavalari,-20.103831,-54.436349,mapbox_geocoding,True
MS,5004908,Jaraguari,Centro,centro,,,brasil_aberto,True
MS,5004908,Jaraguari,COHAB,cohab,-20.103452,-54.434496,mapbox_geocoding,True
MS,5004908,Jaraguari,Conjunto Habitacional Arsenio da Silveira,conjunto habitacional arsenio da silveira,-20.101584,-54.436815,mapbox_geocoding,True
MS,5004908,Jaraguari,Conjunto Social,conjunto social,-20.103452,-54.434496,mapbox_geocoding,True
MS,5004908,Jaraguari,Ingazeiro,ingazeiro,-5.106819,-42.735423,mapbox_geocoding,True
MS,5004908,Jaraguari,Jatobá,jatoba,-20.301143,-54.485152,mapbox_geocoding,True
MS,5004908,Jaraguari,Mansões Palomar,mansoes palomar,-21.716699,-52.423057,mapbox_geocoding,True
MS,5004908,Jaraguari,Maria Franco,maria franco,-20.101894,-54.436485,mapbox_geocoding,True
MS,5004908,Jaraguari,Maria Joaquina,maria joaquina,-20.097382,-54.432077,mapbox_geocoding,True
MS,5004908,Jaraguari,Osvaldo Nunes Ferreira,osvaldo nunes ferreira,-20.301143,-54.485152,mapbox_geocoding,True
MS,5004908,Jaraguari,Otaviano Pereira,otaviano pereira,-20.453494,-55.768726,mapbox_geocoding,True
MS,5004908,Jaraguari,Parque das Araras I,parque das araras i,-20.43663,-54.624321,mapbox_geocoding,True
MS,5004908,Jaraguari,Parque das Araras II,parque das araras ii,-20.0979,-54.433739,mapbox_geocoding,True
MS,5004908,Jaraguari,Recanto dos Pássaros,recanto dos passaros,-20.1009,-54.437878,mapbox_geocoding,True
MS,5004908,Jaraguari,Residencial Costa,residencial costa,-20.107235,-54.440404,mapbox_geocoding,True
MS,5004908,Jaraguari,Santa Rita de Cassia,santa rita de cassia,-19.68427,-51.198277,mapbox_geocoding,True
MS,5004908,Jaraguari,Vila Bonfim (Bonfim),vila bonfim bonfim,-20.38385,-54.54528,mapbox_geocoding,True
MS,5004908,Jaraguari,Vila dos Triângulos,vila dos triangulos,-20.1009,-54.437878,mapbox_geocoding,True
MS,5004908,Jaraguari,Vila Gonçalves Luiz Martins,vila goncalves luiz martins,-20.1009,-54.437878,mapbox_geocoding,True
MS,5004908,Jaraguari,Vila Vilela (Bonfim),vila vilela bonfim,-20.1009,-54.437878,mapbox_geocoding,True
MS,5005004,Jardim,Boqueirão,boqueirao,,,dne,True
MS,5005004,Jardim,Centro,centro,-21.7099834,-56.2728282,brasil_aberto_first_street,True
MS,5005103,Jateí,Área Rural de Nova Esperança,area rural de nova esperanca,-22.48104,-54.307198,mapbox_geocoding,True
MS,5005103,Jateí,Área Rural Jateí,area rural jatei,-22.48104,-54.307198,mapbox_geocoding,True
MS,5005103,Jateí,Centro,centro,-22.480719,-54.306766,mapbox_geocoding,True
MS,5005103,Jateí,Centro (Nova Esperança),centro nova esperanca,-22.481494,-54.307868,mapbox_geocoding,True
MS,5005103,Jateí,Nova Esperança,nova esperanca,,,dne,True
MS,5005152,Juti,Área Rural de Juti,area rural de juti,-22.864052,-54.605858,mapbox_geocoding,True
MS,5005152,Juti,Centro,centro,-22.8601,-54.607814,mapbox_geocoding,True
MS,5005152,Juti,COHAB Ademar José Menegati,cohab ademar jose menegati,-22.861699,-54.596985,mapbox_geocoding,True
MS,5005152,Juti,COHAB Francisco de Paula,cohab francisco de paula,-22.864052,-54.605858,mapbox_geocoding,True
MS,5005152,Juti,COHAB Osmar de Souza Maia,cohab osmar de souza maia,-22.868638,-54.605028,mapbox_geocoding,True
MS,5005152,Juti,COHAB Santa Luzia,cohab santa luzia,-22.864052,-54.605858,mapbox_geocoding,True
MS,5005152,Juti,COHAB Vila Morena,cohab vila morena,-20.383785,-54.570736,mapbox_geocoding,True
MS,5005152,Juti,Jardim Planalto,jardim planalto,-19.839957,-51.278337,mapbox_geocoding,True
MS,5005152,Juti,Portal Primavera,portal primavera,-22.86113,-54.605442,mapbox_geocoding,True
MS,5005202,Ladário,Almirante Tamandaré,almirante tamandare,-19.023216,-57.60825,mapbox_geocoding,True
MS,5005202,Ladário,Alta Floresta I,alta floresta i,-19.028272,-57.609309,mapbox_geocoding,True
MS,5005202,Ladário,Alta Floresta II,alta floresta ii,-19.029675,-57.611756,mapbox_geocoding,True
MS,5005202,Ladário,Área Rural de Ladário,area rural de ladario,-19.003567,-57.603043,mapbox_geocoding,True
MS,5005202,Ladário,Boa Esperança,boa esperanca,-19.029675,-57.611756,mapbox_geocoding,True
MS,5005202,Ladário,Centro,centro,-19.004668,-57.611344,mapbox_geocoding,True
MS,5005202,Ladário,Nova Aliança,nova alianca,-19.028362,-57.61183,mapbox_geocoding,True
MS,5005202,Ladário,Potiguar,potiguar,-19.027297,-57.613911,mapbox_geocoding,True
MS,5005202,Ladário,Santo Antonio,santo antonio,-19.010448,-57.602961,mapbox_geocoding,True
MS,5005251,Laguna Carapã,Alto da Boa Vista,alto da boa vista,-22.553743,-55.146238,mapbox_geocoding,True
MS,5005251,Laguna Carapã,Área Rural Bocajá,area rural bocaja,-22.554605,-55.15105,mapbox_geocoding,True
MS,5005251,Laguna Carapã,Área Rural Laguna Carapã,area rural laguna carapa,-22.554605,-55.15105,mapbox_geocoding,True
MS,5005251,Laguna Carapã,Bocajá,bocaja,,,dne,True
MS,5005251,Laguna Carapã,Centro,centro,-22.553516,-55.153037,mapbox_geocoding,True
MS,5005251,Laguna Carapã,Centro (Bocajá),centro bocaja,-22.822978,-55.188858,mapbox_geocoding,True
MS,5005251,Laguna Carapã,Cristo Rei,cristo rei,-22.553823,-55.149984,mapbox_geocoding,True
MS,5005251,Laguna Carapã,Monte Alegre,monte alegre,-22.553516,-55.153037,mapbox_geocoding,True
MS,5005251,Laguna Carapã,Nossa Senhora Aparecida I,nossa senhora aparecida i,-22.553516,-55.153037,mapbox_geocoding,True
MS,5005251,Laguna Carapã,Nossa Senhora Aparecida II,nossa senhora aparecida ii,-22.553516,-55.153037,mapbox_geocoding,True
MS,5005251,Laguna Carapã,Nossa Senhora de Caacupê,nossa senhora de caacupe,-22.554605,-55.15105,mapbox_geocoding,True
MS,5005251,Laguna Carapã,Residencial Itália,residencial italia,-20.505628,-54.690013,mapbox_geocoding,True
MS,5005251,Laguna Carapã,Residencial Itamaraca I,residencial itamaraca i,-22.553743,-55.146238,mapbox_geocoding,True
MS,5005251,Laguna Carapã,Sossego,sossego,-22.554605,-55.15105,mapbox_geocoding,True
MS,5005400,Maracaju,Alto das Palmeiras,alto das palmeiras,-21.629262,-55.155693,mapbox_geocoding,True
MS,5005400,Maracaju,Alto Maracaju,alto maracaju,-21.700703,-55.157366,mapbox_geocoding,True
MS,5005400,Maracaju,Alto San Raphael,alto san raphael,-21.629262,-55.155693,mapbox_geocoding,True
MS,5005400,Maracaju,Área Rural de Maracajú,area rural de maracaju,-21.624872,-55.160107,mapbox_geocoding,True
MS,5005400,Maracaju,Área Rural de Vista Alegre,area rural de vista alegre,-21.624872,-55.160107,mapbox_geocoding,True
MS,5005400,Maracaju,Árvores do Cerrado,arvores do cerrado,-21.598706,-55.176446,mapbox_geocoding,True
MS,5005400,Maracaju,BNH,bnh,-21.630563,-55.164721,mapbox_geocoding,True
MS,5005400,Maracaju,Cambaraí,cambarai,-21.625996,-55.17184,mapbox_geocoding,True
MS,5005400,Maracaju,Carolina Vieira,carolina vieira,-21.627512,-55.151062,mapbox_geocoding,True
MS,5005400,Maracaju,Centro,centro,-21.626696,-55.164117,mapbox_geocoding,True
MS,5005400,Maracaju,Centro (Vista Alegre),centro vista alegre,-20.450522,-54.629559,mapbox_geocoding,True
MS,5005400,Maracaju,Conjunto Egidio Ribeiro,conjunto egidio ribeiro,-21.615083,-55.152016,mapbox_geocoding,True
MS,5005400,Maracaju,Conjunto Ema Rigo,conjunto ema rigo,-21.617169,-55.160319,mapbox_geocoding,True
MS,5005400,Maracaju,Conjunto Floripes Olegario Lima,conjunto floripes olegario lima,-21.633399,-55.17064,mapbox_geocoding,True
MS,5005400,Maracaju,Conjunto Habitacional Coqueiral,conjunto habitacional coqueiral,-19.701135,-51.169212,mapbox_geocoding,True
MS,5005400,Maracaju,Conjunto Habitacional Francisco B Ferreira - Nenê Fernandes,conjunto habitacional francisco b ferreira nene fernandes,-21.600886,-55.173592,mapbox_geocoding,True
MS,5005400,Maracaju,Conjunto Inacinha Rocha,conjunto inacinha rocha,-21.611743,-55.164441,mapbox_geocoding,True
MS,5005400,Maracaju,Conjunto Leonardo Corrêa Alves,conjunto leonardo correa alves,-21.630563,-55.164721,mapbox_geocoding,True
MS,5005400,Maracaju,Conjunto Napoleão Alves Ferreira,conjunto napoleao alves ferreira,-21.700703,-55.157366,mapbox_geocoding,True
MS,5005400,Maracaju,Conjunto San Raphael,conjunto san raphael,-21.631148,-55.149003,mapbox_geocoding,True
MS,5005400,Maracaju,Diógenes Procópio de Aguiar,diogenes procopio de aguiar,-21.595625,-55.159743,mapbox_geocoding,True
MS,5005400,Maracaju,Dom Bosco,dom bosco,-21.629262,-55.155693,mapbox_geocoding,True
MS,5005400,Maracaju,Ezequiel Peu da Silva,ezequiel peu da silva,-18.999978,-57.638699,mapbox_geocoding,True
MS,5005400,Maracaju,Fortaleza,fortaleza,-21.634371,-55.168181,mapbox_geocoding,True
MS,5005400,Maracaju,Fortaleza II,fortaleza ii,-21.634371,-55.168181,mapbox_geocoding,True
MS,5005400,Maracaju,Giazone Olegário de Lima,giazone olegario de lima,-21.600886,-55.173592,mapbox_geocoding,True
MS,5005400,Maracaju,Green Ville Residence,green ville residence,-21.624872,-55.160107,mapbox_geocoding,True
MS,5005400,Maracaju,Ilha Bela,ilha bela,-21.598627,-55.161842,mapbox_geocoding,True
MS,5005400,Maracaju,Ilha Bela II,ilha bela ii,-21.595625,-55.159743,mapbox_geocoding,True
MS,5005400,Maracaju,Ilha Bela III,ilha bela iii,-21.595625,-55.159743,mapbox_geocoding,True
MS,5005400,Maracaju,Ivan Loureiro Cardoso,ivan loureiro cardoso,-21.612196,-55.171784,mapbox_geocoding,True
MS,5005400,Maracaju,Jardim Bela Vista,jardim bela vista,-21.647027,-55.160498,mapbox_geocoding,True
MS,5005400,Maracaju,Jardim Europa,jardim europa,-21.630864,-55.175193,mapbox_geocoding,True
MS,5005400,Maracaju,Jardim Guanabara,jardim guanabara,-21.630563,-55.164721,mapbox_geocoding,True
MS,5005400,Maracaju,Jardim Guanabara II,jardim guanabara ii,-20.453257,-53.751688,mapbox_geocoding,True
MS,5005400,Maracaju,Jardim Ingá,jardim inga,-21.618033,-55.16937,mapbox_geocoding,True
MS,5005400,Maracaju,Jardim Ipanema,jardim ipanema,-21.700703,-55.157366,mapbox_geocoding,True
MS,5005400,Maracaju,Jardim Lisboa,jardim lisboa,-21.632521,-55.180879,mapbox_geocoding,True
MS,5005400,Maracaju,Jardim São Sebastião,jardim sao sebastiao,-21.643125,-55.154921,mapbox_geocoding,True
MS,5005400,Maracaju,Jardim Veneza,jardim veneza,-21.630563,-55.164721,mapbox_geocoding,True
MS,5005400,Maracaju,Jardim Verona,jardim verona,-21.630563,-55.164721,mapbox_geocoding,True
MS,5005400,Maracaju,Jardins Valença,jardins valenca,-18.515337,-54.746511,mapbox_geocoding,True
MS,5005400,Maracaju,José Brejão,jose brejao,-21.630563,-55.164721,mapbox_geocoding,True
MS,5005400,Maracaju,Martins França,martins franca,-21.605192,-55.165619,mapbox_geocoding,True
MS,5005400,Maracaju,Nestor Muzzi,nestor muzzi,-21.600886,-55.173592,mapbox_geocoding,True
MS,5005400,Maracaju,Olídia Rocha,olidia rocha,-21.595625,-55.159743,mapbox_geocoding,True
MS,5005400,Maracaju,Paraguaio,paraguaio,-21.621883,-55.157581,mapbox_geocoding,True
MS,5005400,Maracaju,Polo Industrial,polo industrial,-21.729561,-55.509749,mapbox_geocoding,True
MS,5005400,Maracaju,Polo Industrial Benito Carlos Bertoncello,polo industrial benito carlos bertoncello,-20.075726,-51.103614,mapbox_geocoding,True
MS,5005400,Maracaju,Porto Bello,porto bello,-21.63269,-55.174007,mapbox_geocoding,True
MS,5005400,Maracaju,Porto Royale Residence & Resort,porto royale residence resort,-22.185047,-52.71826,mapbox_geocoding,True
MS,5005400,Maracaju,Reserva Bothanica,reserva bothanica,-21.651665,-55.158427,mapbox_geocoding,True
MS,5005400,Maracaju,Residencial Cidade Jardim,residencial cidade jardim,-21.624872,-55.160107,mapbox_geocoding,True
MS,5005400,Maracaju,Residencial Londres,residencial londres,-21.626696,-55.164117,mapbox_geocoding,True
MS,5005400,Maracaju,Residencial Monte Verde,residencial monte verde,-21.634371,-55.168181,mapbox_geocoding,True
MS,5005400,Maracaju,Residencial Porcina,residencial porcina,-21.630563,-55.164721,mapbox_geocoding,True
MS,5005400,Maracaju,Royal Park Residence,royal park residence,-20.431039,-54.658742,mapbox_geocoding,True
MS,5005400,Maracaju,Vila Adrien,vila adrien,-21.598627,-55.161842,mapbox_geocoding,True
MS,5005400,Maracaju,Vila Juquita,vila juquita,-21.595625,-55.159743,mapbox_geocoding,True
MS,5005400,Maracaju,Vila Margarida,vila margarida,-21.621883,-55.157581,mapbox_geocoding,True
MS,5005400,Maracaju,Vila Moreninha,vila moreninha,-21.618033,-55.16937,mapbox_geocoding,True
MS,5005400,Maracaju,Vila Prateada,vila prateada,-21.618033,-55.16937,mapbox_geocoding,True
MS,5005400,Maracaju,Vila Vicentina,vila vicentina,-21.631897,-55.174768,mapbox_geocoding,True
MS,5005400,Maracaju,Vista Alegre,vista alegre,,,dne,True
MS,5005400,Maracaju,Viva Feliz,viva feliz,-21.60551,-55.17447,mapbox_geocoding,True
MS,5005400,Maracaju,Vivendas do Sul,vivendas do sul,-21.635788,-55.151192,mapbox_geocoding,True
MS,5005400,Maracaju,Vivendas do Vale,vivendas do vale,-21.627512,-55.151062,mapbox_geocoding,True
MS,5005608,Miranda,Centro,centro,-20.2395515,-56.3824708,brasil_aberto_first_street,True
MS,5005681,Mundo Novo,Área Rural de Mundo Novo,area rural de mundo novo,-23.935804,-54.283405,mapbox_geocoding,True
MS,5005681,Mundo Novo,Berneck,berneck,-23.941587,-54.286368,mapbox_geocoding,True
MS,5005681,Mundo Novo,Centro,centro,-23.934109,-54.283447,mapbox_geocoding,True
MS,5005681,Mundo Novo,Copagril,copagril,-23.93961,-54.296821,mapbox_geocoding,True
MS,5005681,Mundo Novo,Fleck,fleck,-23.941587,-54.286368,mapbox_geocoding,True
MS,5005681,Mundo Novo,Itaipu,itaipu,-23.934109,-54.283447,mapbox_geocoding,True
MS,5005681,Mundo Novo,Residencial Primavera II,residencial primavera ii,-23.927365,-54.29431,mapbox_geocoding,True
MS,5005681,Mundo Novo,São Jorge,sao jorge,-23.941587,-54.286368,mapbox_geocoding,True
MS,5005681,Mundo Novo,Tapajós,tapajos,-23.934109,-54.283447,mapbox_geocoding,True
MS,5005681,Mundo Novo,Universitário,universitario,-23.934109,-54.283447,mapbox_geocoding,True
MS,5005681,Mundo Novo,Vila Nova,vila nova,-23.927365,-54.29431,mapbox_geocoding,True
MS,5005707,Naviraí,Altos do Park,altos do park,-23.059151,-54.180666,mapbox_geocoding,True
MS,5005707,Naviraí,Área Industrial,area industrial,-23.073082,-54.195345,mapbox_geocoding,True
MS,5005707,Naviraí,Área Rural de Naviraí,area rural de navirai,-23.062777,-54.201603,mapbox_geocoding,True
MS,5005707,Naviraí,Belo Horizonte,belo horizonte,-23.053379,-54.219519,mapbox_geocoding,True
MS,5005707,Naviraí,Centro,centro,-23.070985,-54.203431,mapbox_geocoding,True
MS,5005707,Naviraí,Chácara de Recreio Bandeirantes,chacara de recreio bandeirantes,-23.061857,-54.1846,mapbox_geocoding,True
MS,5005707,Naviraí,Chácaras de Recreio Recanto do Bosque,chacaras de recreio recanto do bosque,-23.05494,-54.172638,mapbox_geocoding,True
MS,5005707,Naviraí,Classe A Residence,classe a residence,-23.056148,-54.183016,mapbox_geocoding,True
MS,5005707,Naviraí,Condomínio Zeus Closed Village,condominio zeus closed village,-23.050443,-54.189998,mapbox_geocoding,True
MS,5005707,Naviraí,Conjunto Habitacional BNH,conjunto habitacional bnh,-23.075161,-54.197904,mapbox_geocoding,True
MS,5005707,Naviraí,Conjunto Habitacional Boa Vista,conjunto habitacional boa vista,-23.07151,-54.211929,mapbox_geocoding,True
MS,5005707,Naviraí,Conjunto Habitacional Harry Amorim Costa,conjunto habitacional harry amorim costa,-23.051742,-54.198726,mapbox_geocoding,True
MS,5005707,Naviraí,Conjunto Habitacional Odércio Nunes de Matos,conjunto habitacional odercio nunes de matos,-23.067814,-54.212536,mapbox_geocoding,True
MS,5005707,Naviraí,Conjunto Habitacional Porto Belo,conjunto habitacional porto belo,-23.067814,-54.212536,mapbox_geocoding,True
MS,5005707,Naviraí,Distrito Industrial Jardim Paraíso,distrito industrial jardim paraiso,-23.052394,-54.222786,mapbox_geocoding,True
MS,5005707,Naviraí,Green Ville Residence,green ville residence,-23.05517,-54.174716,mapbox_geocoding,True
MS,5005707,Naviraí,Inocoop,inocoop,-23.072227,-54.190889,mapbox_geocoding,True
MS,5005707,Naviraí,Interlagos,interlagos,-23.058395,-54.222777,mapbox_geocoding,True
MS,5005707,Naviraí,Ipiranga,ipiranga,-23.077651,-54.20777,mapbox_geocoding,True
MS,5005707,Naviraí,Jardim Alvorada,jardim alvorada,-23.049816,-54.206669,mapbox_geocoding,True
MS,5005707,Naviraí,Jardim América,jardim america,-23.073082,-54.195345,mapbox_geocoding,True
MS,5005707,Naviraí,Jardim Campo Belo,jardim campo belo,-23.077977,-54.198007,mapbox_geocoding,True
MS,5005707,Naviraí,Jardim Eldorado,jardim eldorado,-23.044536,-54.202769,mapbox_geocoding,True
MS,5005707,Naviraí,Jardim Nova Era,jardim nova era,-23.049866,-54.192681,mapbox_geocoding,True
MS,5005707,Naviraí,Jardim Oásis,jardim oasis,-23.074298,-54.197413,mapbox_geocoding,True
MS,5005707,Naviraí,Jardim Paraíso,jardim paraiso,-23.052394,-54.222786,mapbox_geocoding,True
MS,5005707,Naviraí,Jardim Progresso,jardim progresso,-23.052699,-54.194946,mapbox_geocoding,True
MS,5005707,Naviraí,Jardim Tarumã,jardim taruma,-23.052922,-54.209153,mapbox_geocoding,True
MS,5005707,Naviraí,Jardim União,jardim uniao,-23.057947,-54.19348,mapbox_geocoding,True
MS,5005707,Naviraí,Jardim Vale Encantado,jardim vale encantado,-23.060505,-54.215945,mapbox_geocoding,True
MS,5005707,Naviraí,Parque Beija-Flor,parque beija flor,-23.067369,-54.191887,mapbox_geocoding,True
MS,5005707,Naviraí,Parque Industrial Jardim Paraíso,parque industrial jardim paraiso,-23.052394,-54.222786,mapbox_geocoding,True
MS,5005707,Naviraí,Portal do Cumandaí,portal do cumandai,-23.062361,-54.186958,mapbox_geocoding,True
MS,5005707,Naviraí,Portal Park Residence,portal park residence,-23.073082,-54.195345,mapbox_geocoding,True
MS,5005707,Naviraí,Portal Residence,portal residence,-23.073082,-54.195345,mapbox_geocoding,True
MS,5005707,Naviraí,Residencial Athenas,residencial athenas,-23.049816,-54.206669,mapbox_geocoding,True
MS,5005707,Naviraí,Residencial Cidade Jardim,residencial cidade jardim,-23.070079,-54.18021,mapbox_geocoding,True
MS,5005707,Naviraí,Residencial Del Colle,residencial del colle,-23.061889,-54.18717,mapbox_geocoding,True
MS,5005707,Naviraí,Residencial Eco Park,residencial eco park,-23.058149,-54.179447,mapbox_geocoding,True
MS,5005707,Naviraí,Residencial Flamboyant,residencial flamboyant,-23.07643,-54.198963,mapbox_geocoding,True
MS,5005707,Naviraí,Residencial Green Park,residencial green park,-23.054825,-54.179636,mapbox_geocoding,True
MS,5005707,Naviraí,Residencial Itália,residencial italia,-23.051742,-54.198726,mapbox_geocoding,True
MS,5005707,Naviraí,Residencial Londres,residencial londres,-23.058149,-54.179447,mapbox_geocoding,True
MS,5005707,Naviraí,Residencial Mônaco,residencial monaco,-23.06103,-54.220993,mapbox_geocoding,True
MS,5005707,Naviraí,Residencial Monte Fuji,residencial monte fuji,-23.074371,-54.184144,mapbox_geocoding,True
MS,5005707,Naviraí,Residencial Morumbi,residencial morumbi,-23.057947,-54.19348,mapbox_geocoding,True
MS,5005707,Naviraí,Residencial Nelson Trad,residencial nelson trad,-23.053379,-54.219519,mapbox_geocoding,True
MS,5005707,Naviraí,Residencial Portinari,residencial portinari,-22.185047,-52.71826,mapbox_geocoding,True
MS,5005707,Naviraí,Residencial Sol Nascente,residencial sol nascente,-23.073082,-54.195345,mapbox_geocoding,True
MS,5005707,Naviraí,Residencial Ypê,residencial ype,-23.067814,-54.212536,mapbox_geocoding,True
MS,5005707,Naviraí,Royal Golf Residence,royal golf residence,-22.203795,-54.807514,mapbox_geocoding,True
MS,5005707,Naviraí,Royal Parque Residence,royal parque residence,-23.058149,-54.179447,mapbox_geocoding,True
MS,5005707,Naviraí,Vila Alta,vila alta,-23.052394,-54.222786,mapbox_geocoding,True
MS,5005707,Naviraí,Vila João de Barro,vila joao de barro,-20.45044,-55.760517,mapbox_geocoding,True
MS,5005707,Naviraí,Vila Nova,vila nova,-23.049816,-54.206669,mapbox_geocoding,True
MS,5005707,Naviraí,Vila Primavera,vila primavera,-23.045676,-54.201168,mapbox_geocoding,True
MS,5005806,Nioaque,Centro,centro,-21.1602212,-55.83067819999999,brasil_aberto_first_street,True
MS,5006002,Nova Alvorada do Sul,Centro,centro,-21.4541191,-54.3739156,brasil_aberto_first_street,True
MS,5006002,Nova Alvorada do Sul,Pana,pana,,,dne,True
MS,5006200,Nova Andradina,Alvorada,alvorada,-22.247885,-53.34836,mapbox_geocoding,True
MS,5006200,Nova Andradina,Área Rural de Nova Andradina,area rural de nova andradina,-22.247885,-53.34836,mapbox_geocoding,True
MS,5006200,Nova Andradina,Área Rural (Nova Casa Verde),area rural nova casa verde,-22.247885,-53.34836,mapbox_geocoding,True
MS,5006200,Nova Andradina,Argemiro Ortega,argemiro ortega,-22.255178,-53.366591,mapbox_geocoding,True
MS,5006200,Nova Andradina,Campo Verde,campo verde,-22.242331,-53.342691,mapbox_geocoding,True
MS,5006200,Nova Andradina,Capilé,capile,-22.255344,-53.337646,mapbox_geocoding,True
MS,5006200,Nova Andradina,Centro,centro,-22.24878,-53.349613,mapbox_geocoding,True
MS,5006200,Nova Andradina,Centro Educacional,centro educacional,-22.255344,-53.337646,mapbox_geocoding,True
MS,5006200,Nova Andradina,Centro ( Nova Casa Verde),centro nova casa verde,-21.765057,-53.269253,mapbox_geocoding,True
MS,5006200,Nova Andradina,Cristo Rei,cristo rei,-22.25398,-53.352515,mapbox_geocoding,True
MS,5006200,Nova Andradina,Exposição,exposicao,-22.235028,-53.332026,mapbox_geocoding,True
MS,5006200,Nova Andradina,Francisco Alves,francisco alves,-22.255178,-53.366591,mapbox_geocoding,True
MS,5006200,Nova Andradina,Guiomar Soares Andrade,guiomar soares andrade,-22.242331,-53.342691,mapbox_geocoding,True
MS,5006200,Nova Andradina,Horto Florestal,horto florestal,-22.242331,-53.342691,mapbox_geocoding,True
MS,5006200,Nova Andradina,Industrial,industrial,-22.247885,-53.34836,mapbox_geocoding,True
MS,5006200,Nova Andradina,Irman Ribeiro,irman ribeiro,-22.242331,-53.342691,mapbox_geocoding,True
MS,5006200,Nova Andradina,Mambaré,mambare,-22.247885,-53.34836,mapbox_geocoding,True
MS,5006200,Nova Andradina,Monte Carlo,monte carlo,-22.249018,-53.349197,mapbox_geocoding,True
MS,5006200,Nova Andradina,Morada do Sol,morada do sol,-22.257412,-53.363262,mapbox_geocoding,True
MS,5006200,Nova Andradina,Nova Casa Verde,nova casa verde,,,brasil_aberto,True
MS,5006200,Nova Andradina,Paris,paris,-22.241841,-53.335896,mapbox_geocoding,True
MS,5006200,Nova Andradina,Pedro Pedrossian,pedro pedrossian,-22.235028,-53.332026,mapbox_geocoding,True
MS,5006200,Nova Andradina,Portal do Parque,portal do parque,-22.228459,-53.33395,mapbox_geocoding,True
MS,5006200,Nova Andradina,Santa Teresinha,santa teresinha,-22.242331,-53.342691,mapbox_geocoding,True
MS,5006200,Nova Andradina,São Vicente de Paulo,sao vicente de paulo,-22.251445,-53.343846,mapbox_geocoding,True
MS,5006200,Nova Andradina,Torre,torre,-22.249018,-53.349197,mapbox_geocoding,True
MS,5006200,Nova Andradina,Tropical,tropical,-22.258964,-53.32531,mapbox_geocoding,True
MS,5006200,Nova Andradina,Universitário,universitario,-22.222942,-53.34173,mapbox_geocoding,True
MS,5006200,Nova Andradina,Vila Beatriz,vila beatriz,-22.242331,-53.342691,mapbox_geocoding,True
MS,5006200,Nova Andradina,Vila Operária,vila operaria,-22.255344,-53.337646,mapbox_geocoding,True
MS,5006259,Novo Horizonte do Sul,Área Rural de Novo Horizonte do Sul,area rural de novo horizonte do sul,-22.655342,-53.85814,mapbox_geocoding,True
MS,5006259,Novo Horizonte do Sul,Centro,centro,-22.656587,-53.859846,mapbox_geocoding,True
MS,5006259,Novo Horizonte do Sul,Novo Habitar,novo habitar,-22.655342,-53.85814,mapbox_geocoding,True
MS,5006259,Novo Horizonte do Sul,Vila Nova,vila nova,-22.655122,-53.863971,mapbox_geocoding,True
MS,5006275,Paraíso das Águas,ADCP,adcp,-19.026695,-53.009758,mapbox_geocoding,True
MS,5006275,Paraíso das Águas,Alto Sucuriú,alto sucuriu,,,dne,True
MS,5006275,Paraíso das Águas,Área Rural de Alto Sucuriú,area rural de alto sucuriu,-18.945887,-53.016514,mapbox_geocoding,True
MS,5006275,Paraíso das Águas,Área Rural de Bela Alvorada,area rural de bela alvorada,-18.945887,-53.016514,mapbox_geocoding,True
MS,5006275,Paraíso das Águas,Área Rural de Paraíso das Águas,area rural de paraiso das aguas,-18.945887,-53.016514,mapbox_geocoding,True
MS,5006275,Paraíso das Águas,Bela Alvorada,bela alvorada,,,dne,True
MS,5006275,Paraíso das Águas,Centro,centro,-19.2432815,-53.163038,brasil_aberto_first_street,True
MS,5006275,Paraíso das Águas,Centro (Alto Sucuriú),centro alto sucuriu,-19.318608,-52.703105,mapbox_geocoding,True
MS,5006275,Paraíso das Águas,Centro (Bela Alvorada),centro bela alvorada,-19.026695,-53.009758,mapbox_geocoding,True
MS,5006275,Paraíso das Águas,Jardim Ary Tozzo,jardim ary tozzo,-19.036514,-53.011566,mapbox_geocoding,True
MS,5006275,Paraíso das Águas,Jardim Bom Jesus,jardim bom jesus,-18.787108,-52.621741,mapbox_geocoding,True
MS,5006275,Paraíso das Águas,Jardim do Edem,jardim do edem,-19.023338,-53.01087,mapbox_geocoding,True
MS,5006275,Paraíso das Águas,Jardim Primavera,jardim primavera,-19.229285,-53.279149,mapbox_geocoding,True
MS,5006275,Paraíso das Águas,Jardim Severiano,jardim severiano,-19.036514,-53.011566,mapbox_geocoding,True
MS,5006275,Paraíso das Águas,Nova Alvorada,nova alvorada,-18.516181,-53.153511,mapbox_geocoding,True
MS,5006275,Paraíso das Águas,Paraíso II,paraiso ii,-19.024627,-53.010523,mapbox_geocoding,True
MS,5006275,Paraíso das Águas,Patrimônio do Paraíso,patrimonio do paraiso,-19.024627,-53.010523,mapbox_geocoding,True
MS,5006275,Paraíso das Águas,Portal do Paraíso,portal do paraiso,-25.880274,-48.601613,mapbox_geocoding,True
MS,5006275,Paraíso das Águas,Pouso Alto,pouso alto,-19.3181958,-52.7024657,brasil_aberto_first_street,True
MS,5006275,Paraíso das Águas,Residencial Paraíso,residencial paraiso,-19.31922,-52.704111,mapbox_geocoding,True
MS,5006275,Paraíso das Águas,Sonho Meu,sonho meu,-19.021282,-53.014069,mapbox_geocoding,True
MS,5006309,Paranaíba,Árvore Grande,arvore grande,,,dne,True
MS,5006309,Paranaíba,Cachoeira,cachoeira,,,dne,True
MS,5006309,Paranaíba,Centro,centro,-19.187544,-51.4086024,brasil_aberto_first_street,True
MS,5006309,Paranaíba,Indaiá Grande,indaia grande,,,dne,True
MS,5006309,Paranaíba,Nova Jales,nova jales,,,dne,True
MS,5006309,Paranaíba,São João do Apore,sao joao do apore,,,dne,True
MS,5006309,Paranaíba,Tamandaré,tamandare,,,dne,True
MS,5006309,Paranaíba,Velhacaria,velhacaria,,,dne,True
MS,5006358,Paranhos,Área Rural de Paranhos,area rural de paranhos,-23.89317,-55.430866,mapbox_geocoding,True
MS,5006358,Paranhos,Centro,centro,-23.889518,-55.431038,mapbox_geocoding,True
MS,5006358,Paranhos,Jardim Eldorado,jardim eldorado,-23.884472,-55.436974,mapbox_geocoding,True
MS,5006358,Paranhos,Novo Horizonte I,novo horizonte i,-23.892429,-55.428948,mapbox_geocoding,True
MS,5006358,Paranhos,Novo Horizonte II,novo horizonte ii,-23.88499,-55.433082,mapbox_geocoding,True
MS,5006358,Paranhos,Setor Industrial,setor industrial,-23.895083,-55.432846,mapbox_geocoding,True
MS,5006358,Paranhos,Virgílio Fernandes,virgilio fernandes,-23.662598,-54.556518,mapbox_geocoding,True
MS,5006408,Pedro Gomes,Centro,centro,-18.0995868,-54.5505515,brasil_aberto_first_street,True
MS,5006606,Ponta Porã,Área Rural de Ponta Porã,area rural de ponta pora,-22.5373117,-55.72824989999999,brasil_aberto_first_street,True
MS,5006606,Ponta Porã,Bairro da Granja,bairro da granja,-22.5552705,-55.7144688,brasil_aberto_first_street,True
MS,5006606,Ponta Porã,Bairro da Moóca,bairro da mooca,-22.5603353,-55.6898653,brasil_aberto_first_street,True
MS,5006606,Ponta Porã,Bairro da Moóca 2ª Seção,bairro da mooca 2a secao,-22.5373117,-55.72824989999999,brasil_aberto_first_street,True
MS,5006606,Ponta Porã,Bairro da Saudade,bairro da saudade,-22.5257947,-55.7247138,brasil_aberto_first_street,True
MS,5006606,Ponta Porã,Bairro Ignes Andreazza,bairro ignes andreazza,-22.5496426,-55.7001919,brasil_aberto_first_street,True
MS,5006606,Ponta Porã,Bairro Santa Isabel,bairro santa isabel,-22.524497,-55.7118496,brasil_aberto_first_street,True
MS,5006606,Ponta Porã,Bairro São Domingos,bairro sao domingos,-22.5601024,-55.6960339,brasil_aberto_first_street,True
MS,5006606,Ponta Porã,Bosque Carandá I,bosque caranda i,-22.5072258,-55.73904349999999,brasil_aberto_first_street,True
MS,5006606,Ponta Porã,Bosque de Ponta Porã,bosque de ponta pora,-22.5146847,-55.7088777,brasil_aberto_first_street,True
MS,5006606,Ponta Porã,Cabeceira do Apá,cabeceira do apa,,,dne,True
MS,5006606,Ponta Porã,Centro,centro,-22.5385488,-55.7272087,brasil_aberto_first_street,True
MS,5006606,Ponta Porã,Chácara Alvorada,chacara alvorada,-22.5373117,-55.72824989999999,brasil_aberto_first_street,True
MS,5006606,Ponta Porã,Chácara Vista Alegre,chacara vista alegre,-22.5023869,-55.7314573,brasil_aberto_first_street,True
MS,5006606,Ponta Porã,Chácara Vista Alegre II,chacara vista alegre ii,-22.5023869,-55.7314573,brasil_aberto_first_street,True
MS,5006606,Ponta Porã,Condomínio Ágape,condominio agape,-22.5255118,-55.7299661,brasil_aberto_first_street,True
MS,5006606,Ponta Porã,Condomínio Primavera,condominio primavera,-22.5015346,-55.734446,brasil_aberto_first_street,True
MS,5006606,Ponta Porã,Condomínio Village do Sol,condominio village do sol,-22.5373117,-55.72824989999999,brasil_aberto_first_street,True
MS,5006606,Ponta Porã,Coophafronteira,coophafronteira,-22.5065835,-55.7212042,brasil_aberto_first_street,True
MS,5006606,Ponta Porã,Fazenda Itamarati,fazenda itamarati,-22.2062772,-55.6140855,brasil_aberto_first_street,True
MS,5006606,Ponta Porã,Flanboyant Residencial Park,flanboyant residencial park,-22.5165863,-55.7154442,brasil_aberto_first_street,True
MS,5006606,Ponta Porã,Innovare,innovare,-22.539491,-55.722763,mapbox_geocoding,True
MS,5006606,Ponta Porã,Jardim Aeroporto,jardim aeroporto,-22.5445757,-55.707142,brasil_aberto_first_street,True
MS,5006606,Ponta Porã,Jardim Altos da Glória,jardim altos da gloria,-22.5590957,-55.6862973,brasil_aberto_first_street,True
MS,5006606,Ponta Porã,Jardim América,jardim america,-22.5572597,-55.696381,brasil_aberto_first_street,True
MS,5006606,Ponta Porã,Jardim Botânico,jardim botanico,-22.5065835,-55.7212042,brasil_aberto_first_street,True
MS,5006606,Ponta Porã,Jardim Coimbra,jardim coimbra,-22.506687,-55.7163904,brasil_aberto_first_street,True
MS,5006606,Ponta Porã,Jardim das Flores,jardim das flores,-22.4900945,-55.7469662,brasil_aberto_first_street,True
MS,5006606,Ponta Porã,Jardim das Oliveiras,jardim das oliveiras,-22.4885397,-55.7373493,brasil_aberto_first_street,True
MS,5006606,Ponta Porã,Jardim das Paineiras,jardim das paineiras,-22.4973407,-55.7310986,brasil_aberto_first_street,True
MS,5006606,Ponta Porã,Jardim das Rosas,jardim das rosas,-22.5526602,-55.6893643,brasil_aberto_first_street,True
MS,5006606,Ponta Porã,Jardim das Rosas II,jardim das rosas ii,-22.5446625,-55.6939113,brasil_aberto_first_street,True
MS,5006606,Ponta Porã,Jardim dos Estados,jardim dos estados,-22.5598413,-55.6884712,brasil_aberto_first_street,True
MS,5006606,Ponta Porã,Jardim Esperança,jardim esperanca,-22.5186152,-55.7100474,brasil_aberto_first_street,True
MS,5006606,Ponta Porã,Jardim Estoril,jardim estoril,-22.5038899,-55.7075286,brasil_aberto_first_street,True
MS,5006606,Ponta Porã,Jardim Ibirapuera,jardim ibirapuera,-22.5065835,-55.7212042,brasil_aberto_first_street,True
MS,5006606,Ponta Porã,Jardim Independência,jardim independencia,-22.4852624,-55.7432459,brasil_aberto_first_street,True
MS,5006606,Ponta Porã,Jardim Ipanema,jardim ipanema,-22.5226428,-55.7197367,brasil_aberto_first_street,True
MS,5006606,Ponta Porã,Jardim Itaipu,jardim itaipu,-22.4922859,-55.7231084,brasil_aberto_first_street,True
MS,5006606,Ponta Porã,Jardim Ivone 1ª Seção,jardim ivone 1a secao,-22.4842758,-55.7241271,brasil_aberto_first_street,True
MS,5006606,Ponta Porã,Jardim Ivone 2ª Seção,jardim ivone 2a secao,-22.4842758,-55.7241271,brasil_aberto_first_street,True
MS,5006606,Ponta Porã,Jardim Jamaica,jardim jamaica,-22.510297,-55.7179467,brasil_aberto_first_street,True
MS,5006606,Ponta Porã,Jardim Manvailer,jardim manvailer,-22.5239723,-55.7110378,brasil_aberto_first_street,True
MS,5006606,Ponta Porã,Jardim Marambaia,jardim marambaia,-22.5613214,-55.6925877,brasil_aberto_first_street,True
MS,5006606,Ponta Porã,Jardim Monte Alto,jardim monte alto,-22.4781924,-55.75019899999999,brasil_aberto_first_street,True
MS,5006606,Ponta Porã,Jardim Monte Líbano,jardim monte libano,-22.5238901,-55.7111054,brasil_aberto_first_street,True
MS,5006606,Ponta Porã,Jardim Nossa Senhora de Fátima,jardim nossa senhora de fatima,-22.5418282,-55.6889075,brasil_aberto_first_street,True
MS,5006606,Ponta Porã,Jardim Nova Ponta Porã,jardim nova ponta pora,-22.5064223,-55.7149317,brasil_aberto_first_street,True
MS,5006606,Ponta Porã,Jardim Panambí,jardim panambi,-22.5150914,-55.7275177,brasil_aberto_first_street,True
MS,5006606,Ponta Porã,Jardim Parque dos Eucalíptos,jardim parque dos eucaliptos,-22.4885566,-55.7380175,brasil_aberto_first_street,True
MS,5006606,Ponta Porã,Jardim Planalto 1ª Seção,jardim planalto 1a secao,-22.5231358,-55.7242483,brasil_aberto_first_street,True
MS,5006606,Ponta Porã,Jardim Planalto 2ª Seção,jardim planalto 2a secao,-22.5064939,-55.7251353,brasil_aberto_first_street,True
MS,5006606,Ponta Porã,Jardim Primavera I,jardim primavera i,-22.5603353,-55.6898653,brasil_aberto_first_street,True
MS,5006606,Ponta Porã,Jardim Primor,jardim primor,-22.5164146,-55.7344875,brasil_aberto_first_street,True
MS,5006606,Ponta Porã,Jardim São João 1ª Seção,jardim sao joao 1a secao,-22.5144797,-55.7081242,brasil_aberto_first_street,True
MS,5006606,Ponta Porã,Jardim São João 2ª Seção,jardim sao joao 2a secao,-22.5144797,-55.7081242,brasil_aberto_first_street,True
MS,5006606,Ponta Porã,Jardim Universitário,jardim universitario,-22.5627067,-55.6965585,brasil_aberto_first_street,True
MS,5006606,Ponta Porã,Jardim Vitoria,jardim vitoria,-22.5606141,-55.6905985,brasil_aberto_first_street,True
MS,5006606,Ponta Porã,Jokey Club,jokey club,-22.5559023,-55.7028894,brasil_aberto_first_street,True
MS,5006606,Ponta Porã,Parque das Aroeiras,parque das aroeiras,-22.4962412,-55.7379455,brasil_aberto_first_street,True
MS,5006606,Ponta Porã,Parque dos Ipês I,parque dos ipes i,-22.5058371,-55.7359089,brasil_aberto_first_street,True
MS,5006606,Ponta Porã,Parque dos Ipês II,parque dos ipes ii,-22.497467,-55.7354254,brasil_aberto_first_street,True
MS,5006606,Ponta Porã,Parque dos Ipês III,parque dos ipes iii,-22.4989384,-55.737303,brasil_aberto_first_street,True
MS,5006606,Ponta Porã,Parque Jardim das Exposições,parque jardim das exposicoes,-22.5600429,-55.7020485,brasil_aberto_first_street,True
MS,5006606,Ponta Porã,Parque Residencial Bela Vista,parque residencial bela vista,-22.506158,-55.727843,mapbox_geocoding,True
MS,5006606,Ponta Porã,Parque Residencial Monte Carlo,parque residencial monte carlo,-22.5239723,-55.7110378,brasil_aberto_first_street,True
MS,5006606,Ponta Porã,Portal do Morumbi,portal do morumbi,-22.5239723,-55.7110378,brasil_aberto_first_street,True
MS,5006606,Ponta Porã,Professora Elfrida Winckler Antunes,professora elfrida winckler antunes,-22.506058,-55.733952,mapbox_geocoding,True
MS,5006606,Ponta Porã,Residencial do Vale,residencial do vale,-22.5131967,-55.7169936,brasil_aberto_first_street,True
MS,5006606,Ponta Porã,Residencial do Vale II,residencial do vale ii,-22.518294,-55.717569,mapbox_geocoding,True
MS,5006606,Ponta Porã,Residencial Emilio de Andrade,residencial emilio de andrade,-22.5685839,-55.6810615,brasil_aberto_first_street,True
MS,5006606,Ponta Porã,Residencial Erotildes Saldanha Moreira,residencial erotildes saldanha moreira,-22.4984708,-55.7396328,brasil_aberto_first_street,True
MS,5006606,Ponta Porã,Residencial Fernando Saldanha,residencial fernando saldanha,-20.507596,-54.60739,mapbox_geocoding,True
MS,5006606,Ponta Porã,Residencial Itatiaia I,residencial itatiaia i,-22.488293,-55.719106,mapbox_geocoding,True
MS,5006606,Ponta Porã,Residencial Jamil Saldanha Derzi,residencial jamil saldanha derzi,-22.506158,-55.727843,mapbox_geocoding,True
MS,5006606,Ponta Porã,Residencial Júlia de Oliveira Cardinal,residencial julia de oliveira cardinal,-22.5819386,-55.6814566,brasil_aberto_first_street,True
MS,5006606,Ponta Porã,Residencial Kamel Saad,residencial kamel saad,-22.4844821,-55.7338106,brasil_aberto_first_street,True
MS,5006606,Ponta Porã,Residencial Manoel Padial Urel,residencial manoel padial urel,-22.4858325,-55.720885,brasil_aberto_first_street,True
MS,5006606,Ponta Porã,Residencial Orlando Ramos Mendonça,residencial orlando ramos mendonca,-22.4846261,-55.7216263,brasil_aberto_first_street,True
MS,5006606,Ponta Porã,Residencial Ponta Porã I,residencial ponta pora i,-22.5065134,-55.7244841,brasil_aberto_first_street,True
MS,5006606,Ponta Porã,Residencial Ponta Porã II,residencial ponta pora ii,-22.5065835,-55.7212042,brasil_aberto_first_street,True
MS,5006606,Ponta Porã,Residencial Portinari,residencial portinari,-22.538576,-55.727238,mapbox_geocoding,True
MS,5006606,Ponta Porã,Residencial São Rafael,residencial sao rafael,-22.576903,-55.6861825,brasil_aberto_first_street,True
MS,5006606,Ponta Porã,Residencial Solaris,residencial solaris,-22.493356,-55.72115,mapbox_geocoding,True
MS,5006606,Ponta Porã,Residencial Villaverde,residencial villaverde,-22.5288971,-55.726211,brasil_aberto_first_street,True
MS,5006606,Ponta Porã,Riviera Boulevar Residence e Resort,riviera boulevar residence e resort,-1.153596,-48.460096,mapbox_geocoding,True
MS,5006606,Ponta Porã,Sanga Puitã,sanga puita,,,dne,True
MS,5006606,Ponta Porã,São Bernardo I,sao bernardo i,-22.4873984,-55.7226074,brasil_aberto_first_street,True
MS,5006606,Ponta Porã,São Bernardo II,sao bernardo ii,-22.4852618,-55.7226211,brasil_aberto_first_street,True
MS,5006606,Ponta Porã,Vila Alegrete,vila alegrete,-22.5030711,-55.7340013,brasil_aberto_first_street,True
MS,5006606,Ponta Porã,Vila Aquidabam,vila aquidabam,-22.5142238,-55.7414108,brasil_aberto_first_street,True
MS,5006606,Ponta Porã,Vila Áurea,vila aurea,-22.5146931,-55.7309449,brasil_aberto_first_street,True
MS,5006606,Ponta Porã,Vila Baltazar Saldanha,vila baltazar saldanha,-22.5189228,-55.7260353,brasil_aberto_first_street,True
MS,5006606,Ponta Porã,Vila Benito Almiron,vila benito almiron,-22.5186152,-55.7100474,brasil_aberto_first_street,True
MS,5006606,Ponta Porã,Vila BNH,vila bnh,-22.5239723,-55.7110378,brasil_aberto_first_street,True
MS,5006606,Ponta Porã,Vila Boa Vista,vila boa vista,-22.5039196,-55.7323378,brasil_aberto_first_street,True
MS,5006606,Ponta Porã,Vila Brandão,vila brandao,-22.5186611,-55.7278665,brasil_aberto_first_street,True
MS,5006606,Ponta Porã,Vila COHAB,vila cohab,-22.5505269,-55.7094166,brasil_aberto_first_street,True
MS,5006606,Ponta Porã,Vila Deputado Aral Moreira,vila deputado aral moreira,-22.5603353,-55.6898653,brasil_aberto_first_street,True
MS,5006606,Ponta Porã,Vila Ferroviária I,vila ferroviaria i,-22.5186686,-55.7349776,brasil_aberto_first_street,True
MS,5006606,Ponta Porã,Vila Ferroviária II,vila ferroviaria ii,-22.5251459,-55.73040409999999,brasil_aberto_first_street,True
MS,5006606,Ponta Porã,Vila Ferroviária III,vila ferroviaria iii,-22.5249574,-55.728883,brasil_aberto_first_street,True
MS,5006606,Ponta Porã,Vila Industrial,vila industrial,-22.533016,-55.7192967,brasil_aberto_first_street,True
MS,5006606,Ponta Porã,Vila Lacíria,vila laciria,-22.5256148,-55.7137604,brasil_aberto_first_street,True
MS,5006606,Ponta Porã,Vila Luiz Curvo,vila luiz curvo,-22.5283746,-55.7177862,brasil_aberto_first_street,True
MS,5006606,Ponta Porã,Vila Maísa,vila maisa,-22.4920118,-55.7216774,brasil_aberto_first_street,True
MS,5006606,Ponta Porã,Vila Maria Auxiliadora,vila maria auxiliadora,-22.5140588,-55.7167166,brasil_aberto_first_street,True
MS,5006606,Ponta Porã,Vila Ministro Salgado Filho,vila ministro salgado filho,-22.5464246,-55.6932571,brasil_aberto_first_street,True
MS,5006606,Ponta Porã,Vila Nossa Senhora do Amparo,vila nossa senhora do amparo,-22.5249344,-55.712731,brasil_aberto_first_street,True
MS,5006606,Ponta Porã,Vila Renô,vila reno,-22.5178689,-55.7210395,brasil_aberto_first_street,True
MS,5006606,Ponta Porã,Vila Rodoviária,vila rodoviaria,-22.560117,-55.6987734,brasil_aberto_first_street,True
MS,5006606,Ponta Porã,Vila Rodoviária II,vila rodoviaria ii,-22.5255657,-55.7135395,brasil_aberto_first_street,True
MS,5006606,Ponta Porã,Vila Santa Ana,vila santa ana,-22.5146344,-55.7389299,brasil_aberto_first_street,True
MS,5006606,Ponta Porã,Vila São Pedro,vila sao pedro,-22.5142238,-55.7414108,brasil_aberto_first_street,True
MS,5006606,Ponta Porã,Vila São Vicente de Paula,vila sao vicente de paula,-22.5111151,-55.7413993,brasil_aberto_first_street,True
MS,5006606,Ponta Porã,Vila Torres,vila torres,-22.5338791,-55.7234595,brasil_aberto_first_street,True
MS,5006606,Ponta Porã,Vila Vitória,vila vitoria,-22.5239723,-55.7110378,brasil_aberto_first_street,True
MS,5006606,Ponta Porã,Village do Bosque I,village do bosque i,-22.320454,-53.805418,mapbox_geocoding,True
MS,5006606,Ponta Porã,Village do Bosque II,village do bosque ii,-1.317251,-48.436491,mapbox_geocoding,True
MS,5006606,Ponta Porã,Village do Bosque III,village do bosque iii,-22.529279,-55.71947,mapbox_geocoding,True
MS,5006606,Ponta Porã,Village do Bosque IV,village do bosque iv,-22.529279,-55.71947,mapbox_geocoding,True
MS,5006606,Ponta Porã,Zona de São Tomaz,zona de sao tomaz,-22.560399,-55.7049232,brasil_aberto_first_street,True
MS,5006903,Porto Murtinho,Área Militar,area militar,-21.695194,-57.878458,mapbox_geocoding,True
MS,5006903,Porto Murtinho,Area Rural de Porto Murtinho,area rural de porto murtinho,-21.699919,-57.88828,mapbox_geocoding,True
MS,5006903,Porto Murtinho,Centro,centro,-22.63765,-54.823,mapbox_geocoding,True
MS,5006903,Porto Murtinho,Dom Pepe I,dom pepe i,-21.701711,-57.875089,mapbox_geocoding,True
MS,5006903,Porto Murtinho,Dom Pepe II,dom pepe ii,-21.701711,-57.875089,mapbox_geocoding,True
MS,5006903,Porto Murtinho,Florestal,florestal,-21.698817,-57.8769,mapbox_geocoding,True
MS,5006903,Porto Murtinho,Jardim Aeroporto,jardim aeroporto,-21.701623,-57.87898,mapbox_geocoding,True
MS,5006903,Porto Murtinho,Jockey Club I,jockey club i,-21.701623,-57.87898,mapbox_geocoding,True
MS,5006903,Porto Murtinho,Jockey Club II,jockey club ii,-21.701623,-57.87898,mapbox_geocoding,True
MS,5006903,Porto Murtinho,Jockey Club III,jockey club iii,-21.701623,-57.87898,mapbox_geocoding,True
MS,5006903,Porto Murtinho,Nossa Senhora Aparecida,nossa senhora aparecida,-21.695194,-57.878458,mapbox_geocoding,True
MS,5006903,Porto Murtinho,Nossa Senhora do Caacupê,nossa senhora do caacupe,-21.710355,-57.891117,mapbox_geocoding,True
MS,5006903,Porto Murtinho,Pantanal,pantanal,-21.699919,-57.88828,mapbox_geocoding,True
MS,5006903,Porto Murtinho,Saladeiro,saladeiro,-21.695194,-57.878458,mapbox_geocoding,True
MS,5006903,Porto Murtinho,Salim Cafure,salim cafure,-21.695194,-57.878458,mapbox_geocoding,True
MS,5006903,Porto Murtinho,Salim Cafure II,salim cafure ii,-21.693597,-57.874032,mapbox_geocoding,True
MS,5006903,Porto Murtinho,Vila Célia,vila celia,-21.701711,-57.875089,mapbox_geocoding,True
MS,5007109,Ribas do Rio Pardo,Altos do Estoril,altos do estoril,-20.456124,-53.760532,mapbox_geocoding,True
MS,5007109,Ribas do Rio Pardo,Alvorada,alvorada,-20.441689,-53.749015,mapbox_geocoding,True
MS,5007109,Ribas do Rio Pardo,Área Rural de Bálsamo,area rural de balsamo,-20.44909,-53.75981,mapbox_geocoding,True
MS,5007109,Ribas do Rio Pardo,Área Rural de Ribas do Rio Pardo,area rural de ribas do rio pardo,-20.44909,-53.75981,mapbox_geocoding,True
MS,5007109,Ribas do Rio Pardo,Bálsamo,balsamo,,,dne,True
MS,5007109,Ribas do Rio Pardo,Boa Vista,boa vista,-20.44909,-53.75981,mapbox_geocoding,True
MS,5007109,Ribas do Rio Pardo,Centro,centro,-20.456124,-53.760532,mapbox_geocoding,True
MS,5007109,Ribas do Rio Pardo,Centro (Bálsamo),centro balsamo,-20.390132,-53.946978,mapbox_geocoding,True
MS,5007109,Ribas do Rio Pardo,Conjunto Habitacional Rio Pardo,conjunto habitacional rio pardo,-20.454242,-53.768823,mapbox_geocoding,True
MS,5007109,Ribas do Rio Pardo,Conjunto Habitacional São João,conjunto habitacional sao joao,-20.457055,-53.762721,mapbox_geocoding,True
MS,5007109,Ribas do Rio Pardo,Jabour,jabour,-20.448375,-53.755136,mapbox_geocoding,True
MS,5007109,Ribas do Rio Pardo,Jardim das Palmeiras,jardim das palmeiras,-20.44909,-53.75981,mapbox_geocoding,True
MS,5007109,Ribas do Rio Pardo,Jardim do Trabalhador I,jardim do trabalhador i,-20.451475,-53.765149,mapbox_geocoding,True
MS,5007109,Ribas do Rio Pardo,Jardim do Trabalhador II,jardim do trabalhador ii,-20.44909,-53.75981,mapbox_geocoding,True
MS,5007109,Ribas do Rio Pardo,Jardim dos Estados,jardim dos estados,-20.46731,-53.758731,mapbox_geocoding,True
MS,5007109,Ribas do Rio Pardo,Jardim Nova Esperança,jardim nova esperanca,-20.465128,-53.764316,mapbox_geocoding,True
MS,5007109,Ribas do Rio Pardo,Jardim Nova Esperança II,jardim nova esperanca ii,-20.465605,-53.763463,mapbox_geocoding,True
MS,5007109,Ribas do Rio Pardo,Jardim Ouro Verde,jardim ouro verde,-20.454806,-53.767098,mapbox_geocoding,True
MS,5007109,Ribas do Rio Pardo,Jardim Vista Alegre,jardim vista alegre,-20.457055,-53.762721,mapbox_geocoding,True
MS,5007109,Ribas do Rio Pardo,Nossa Senhora da Aparecida,nossa senhora da aparecida,-20.457055,-53.762721,mapbox_geocoding,True
MS,5007109,Ribas do Rio Pardo,Nossa Senhora da Conceição I,nossa senhora da conceicao i,-20.446197,-53.760009,mapbox_geocoding,True
MS,5007109,Ribas do Rio Pardo,Nossa Senhora da Conceição II,nossa senhora da conceicao ii,-20.456124,-53.760532,mapbox_geocoding,True
MS,5007109,Ribas do Rio Pardo,Parque Estoril,parque estoril,-20.462977,-53.761332,mapbox_geocoding,True
MS,5007109,Ribas do Rio Pardo,Parque Estoril II,parque estoril ii,-20.456124,-53.760532,mapbox_geocoding,True
MS,5007109,Ribas do Rio Pardo,Parque Estoril III,parque estoril iii,-20.462977,-53.761332,mapbox_geocoding,True
MS,5007109,Ribas do Rio Pardo,Parque Estoril IV,parque estoril iv,-20.456124,-53.760532,mapbox_geocoding,True
MS,5007109,Ribas do Rio Pardo,Parque Planalto,parque planalto,-20.44909,-53.75981,mapbox_geocoding,True
MS,5007109,Ribas do Rio Pardo,Polo Industrial,polo industrial,-20.463636,-53.760865,mapbox_geocoding,True
MS,5007109,Ribas do Rio Pardo,Residencial dos Ipês,residencial dos ipes,-20.456124,-53.760532,mapbox_geocoding,True
MS,5007109,Ribas do Rio Pardo,Residencial Santo Antônio,residencial santo antonio,-20.446197,-53.760009,mapbox_geocoding,True
MS,5007109,Ribas do Rio Pardo,Santa Clara,santa clara,-20.457055,-53.762721,mapbox_geocoding,True
MS,5007109,Ribas do Rio Pardo,Santa Emília,santa emilia,-20.465128,-53.764316,mapbox_geocoding,True
MS,5007109,Ribas do Rio Pardo,Santo André,santo andre,-20.451475,-53.765149,mapbox_geocoding,True
MS,5007109,Ribas do Rio Pardo,Santo Dumont,santo dumont,-20.456124,-53.760532,mapbox_geocoding,True
MS,5007109,Ribas do Rio Pardo,São Francisco,sao francisco,-20.451475,-53.765149,mapbox_geocoding,True
MS,5007109,Ribas do Rio Pardo,São Joaquim,sao joaquim,-20.461565,-53.761358,mapbox_geocoding,True
MS,5007109,Ribas do Rio Pardo,São Sebastião,sao sebastiao,-20.440841,-53.751829,mapbox_geocoding,True
MS,5007109,Ribas do Rio Pardo,Vale do Sol,vale do sol,-20.44909,-53.75981,mapbox_geocoding,True
MS,5007109,Ribas do Rio Pardo,Vila Vitória,vila vitoria,-20.449858,-53.771525,mapbox_geocoding,True
MS,5007208,Rio Brilhante,Centro,centro,-21.8011365,-54.5431789,brasil_aberto_first_street,True
MS,5007208,Rio Brilhante,Prudêncio Thomaz,prudencio thomaz,,,dne,True
MS,5007307,Rio Negro,Centro,centro,-19.2947615,-54.9592528,brasil_aberto_first_street,True
MS,5007307,Rio Negro,Nova Esperança,nova esperanca,,,dne,True
MS,5007307,Rio Negro,Vila São Francisco,vila sao francisco,,,brasil_aberto,True
MS,5007406,Rio Verde de Mato Grosso,Centro,centro,-18.9090418,-54.8362955,brasil_aberto_first_street,True
MS,5007406,Rio Verde de Mato Grosso,Juscelândia,juscelandia,,,dne,True
MS,5007505,Rochedo,Água Boa,agua boa,,,dne,True
MS,5007505,Rochedo,Antônio Venier,antonio venier,-19.956646,-54.89218,mapbox_geocoding,True
MS,5007505,Rochedo,Área Rural de Rochedo,area rural de rochedo,-19.952425,-54.89093,mapbox_geocoding,True
MS,5007505,Rochedo,Centro,centro,-19.953943,-54.89457,mapbox_geocoding,True
MS,5007505,Rochedo,João Cordeiro,joao cordeiro,-19.948163,-54.894141,mapbox_geocoding,True
MS,5007505,Rochedo,José Carrilho,jose carrilho,-19.958647,-54.889489,mapbox_geocoding,True
MS,5007505,Rochedo,José de Souza Brandão,jose de souza brandao,-19.958647,-54.889489,mapbox_geocoding,True
MS,5007505,Rochedo,Leomar Roberto Theodoro,leomar roberto theodoro,-19.952602,-54.88419,mapbox_geocoding,True
MS,5007505,Rochedo,Maria Ramos,maria ramos,-19.958647,-54.889489,mapbox_geocoding,True
MS,5007505,Rochedo,Novo Horizonte I,novo horizonte i,-19.953052,-54.893681,mapbox_geocoding,True
MS,5007505,Rochedo,Parque dos Diamantes,parque dos diamantes,-19.948163,-54.894141,mapbox_geocoding,True
MS,5007505,Rochedo,Santa Monica,santa monica,-19.952425,-54.89093,mapbox_geocoding,True
MS,5007505,Rochedo,Vale do Aquidauana,vale do aquidauana,-19.953185,-54.891687,mapbox_geocoding,True
MS,5007554,Santa Rita do Pardo,Centro,centro,-21.3031759,-52.8272498,brasil_aberto_first_street,True
MS,5007695,São Gabriel do Oeste,Amabile Maffissoni,amabile maffissoni,-19.391587,-54.581347,mapbox_geocoding,True
MS,5007695,São Gabriel do Oeste,Área Rural de Areado,area rural de areado,-19.06685,-54.362811,mapbox_geocoding,True
MS,5007695,São Gabriel do Oeste,Área Rural de Ponte Vermelha,area rural de ponte vermelha,-19.06685,-54.362811,mapbox_geocoding,True
MS,5007695,São Gabriel do Oeste,Area Rural de São Gabriel do Oeste,area rural de sao gabriel do oeste,-19.06685,-54.362811,mapbox_geocoding,True
MS,5007695,São Gabriel do Oeste,Areado,areado,-19.2515662,-54.3272949,brasil_aberto_first_street,True
MS,5007695,São Gabriel do Oeste,Centro,centro,-19.391587,-54.581347,mapbox_geocoding,True
MS,5007695,São Gabriel do Oeste,Centro (Areado),centro areado,-19.253525,-54.326417,mapbox_geocoding,True
MS,5007695,São Gabriel do Oeste,Centro (Ponte Vermelha),centro ponte vermelha,-19.471918,-54.428874,mapbox_geocoding,True
MS,5007695,São Gabriel do Oeste,Cidade Jardim,cidade jardim,-19.403019,-54.556308,mapbox_geocoding,True
MS,5007695,São Gabriel do Oeste,Cidades,cidades,-19.247032,-54.750797,mapbox_geocoding,True
MS,5007695,São Gabriel do Oeste,Esplanada,esplanada,-19.376632,-54.602234,mapbox_geocoding,True
MS,5007695,São Gabriel do Oeste,Fênix,fenix,-19.376632,-54.602234,mapbox_geocoding,True
MS,5007695,São Gabriel do Oeste,Jardim Gramado,jardim gramado,-19.380373,-54.581734,mapbox_geocoding,True
MS,5007695,São Gabriel do Oeste,Jardim Primavera,jardim primavera,-19.391587,-54.581347,mapbox_geocoding,True
MS,5007695,São Gabriel do Oeste,Milani,milani,-19.390283,-54.568129,mapbox_geocoding,True
MS,5007695,São Gabriel do Oeste,Ponte Vermelha,ponte vermelha,,,dne,True
MS,5007695,São Gabriel do Oeste,Primo Maffissoni,primo maffissoni,-19.391587,-54.581347,mapbox_geocoding,True
MS,5007695,São Gabriel do Oeste,Residencial Alto da Boa Vista,residencial alto da boa vista,-19.399158,-54.57255,mapbox_geocoding,True
MS,5007695,São Gabriel do Oeste,Residencial Rosada,residencial rosada,-19.399158,-54.57255,mapbox_geocoding,True
MS,5007695,São Gabriel do Oeste,Residencial Rosada II,residencial rosada ii,-19.399158,-54.57255,mapbox_geocoding,True
MS,5007695,São Gabriel do Oeste,Santa Luzia,santa luzia,-19.391587,-54.581347,mapbox_geocoding,True
MS,5007695,São Gabriel do Oeste,São Cristovão,sao cristovao,-19.376632,-54.602234,mapbox_geocoding,True
MS,5007695,São Gabriel do Oeste,Zona Industrial Sul,zona industrial sul,-19.398156,-54.559826,mapbox_geocoding,True
MS,5007703,Sete Quedas,Centro,centro,-23.9786765,-55.0398219,brasil_aberto_first_street,True
MS,5007802,Selvíria,Centro,centro,-20.3649648,-51.420938,brasil_aberto_first_street,True
MS,5007901,Sidrolândia,Capão Seco,capao seco,,,dne,True
MS,5007901,Sidrolândia,Centro,centro,-21.0457432,-54.6835207,brasil_aberto_first_street,True
MS,5007901,Sidrolândia,Quebra Côco,quebra coco,,,dne,True
MS,5007935,Sonora,Centro,centro,-17.5868335,-54.7516893,brasil_aberto_first_street,True
MS,5007935,Sonora,Parque Novo Horizonte,parque novo horizonte,,,dne,True
MS,5007950,Tacuru,Centro,centro,-23.6359135,-55.0140648,brasil_aberto_first_street,True
MS,5007976,Taquarussu,Centro,centro,-22.486838,-53.3530616,brasil_aberto_first_street,True
MS,5008008,Terenos,Área Rural de Terenos,area rural de terenos,-20.442854,-54.865223,mapbox_geocoding,True
MS,5008008,Terenos,Centro,centro,-20.43959,-54.864803,mapbox_geocoding,True
MS,5008008,Terenos,Conjunto Habitacional Eduardo Perez Filho,conjunto habitacional eduardo perez filho,-20.439254,-54.878477,mapbox_geocoding,True
MS,5008008,Terenos,Conjunto Habitacional Terenos,conjunto habitacional terenos,-20.437491,-54.873267,mapbox_geocoding,True
MS,5008008,Terenos,Jardim Alto Belém,jardim alto belem,-20.441487,-54.656187,mapbox_geocoding,True
MS,5008008,Terenos,Jardim América,jardim america,-20.4403,-54.873026,mapbox_geocoding,True
MS,5008008,Terenos,Jardim Bodoquena I,jardim bodoquena i,-20.438187,-54.856732,mapbox_geocoding,True
MS,5008008,Terenos,Jardim Bodoquena II,jardim bodoquena ii,-20.438187,-54.856732,mapbox_geocoding,True
MS,5008008,Terenos,Jardim do Cerrado I,jardim do cerrado i,-20.452191,-54.862866,mapbox_geocoding,True
MS,5008008,Terenos,Jardim do Cerrado II,jardim do cerrado ii,-22.277731,-54.173618,mapbox_geocoding,True
MS,5008008,Terenos,Jardim Garcia Leal,jardim garcia leal,-20.479886,-54.770195,mapbox_geocoding,True
MS,5008008,Terenos,Jardim Poente,jardim poente,-20.438636,-54.85846,mapbox_geocoding,True
MS,5008008,Terenos,José Cardoso,jose cardoso,-20.437207,-54.87351,mapbox_geocoding,True
MS,5008008,Terenos,Núcleo Industrial,nucleo industrial,-20.442854,-54.865223,mapbox_geocoding,True
MS,5008008,Terenos,Planalto Verde,planalto verde,-20.443773,-54.869879,mapbox_geocoding,True
MS,5008008,Terenos,Residencial Antônio Honostório de Rezende,residencial antonio honostorio de rezende,-20.479886,-54.770195,mapbox_geocoding,True
MS,5008008,Terenos,Residencial Armando Lucio Nantes,residencial armando lucio nantes,-20.437611,-54.876328,mapbox_geocoding,True
MS,5008008,Terenos,Residencial Cândida Maria de Rezende,residencial candida maria de rezende,-20.442854,-54.865223,mapbox_geocoding,True
MS,5008008,Terenos,Residencial Heitor Rodrigues,residencial heitor rodrigues,-20.475078,-54.576569,mapbox_geocoding,True
MS,5008008,Terenos,Residencial Leandro Correa de Oliveira,residencial leandro correa de oliveira,-20.448238,-54.864474,mapbox_geocoding,True
MS,5008008,Terenos,Residencial Santa Terezinha,residencial santa terezinha,-20.437491,-54.873267,mapbox_geocoding,True
MS,5008008,Terenos,Residencial Vivare,residencial vivare,-20.439073,-54.876006,mapbox_geocoding,True
MS,5008008,Terenos,Vila Antônio Valadares,vila antonio valadares,-20.440553,-54.862298,mapbox_geocoding,True
MS,5008008,Terenos,Vila Camilo Boni,vila camilo boni,-20.43978,-54.865779,mapbox_geocoding,True
MS,5008008,Terenos,Vila Demétria Veiga,vila demetria veiga,-20.442438,-54.862818,mapbox_geocoding,True
MS,5008008,Terenos,Vila Entroncamento,vila entroncamento,-20.481438,-54.765792,mapbox_geocoding,True
MS,5008008,Terenos,Vila Ferreira,vila ferreira,-20.441763,-54.868797,mapbox_geocoding,True
MS,5008008,Terenos,Vila Mariana,vila mariana,-20.440553,-54.862298,mapbox_geocoding,True
MS,5008305,Três Lagoas,Alto da Boa Vista,alto da boa vista,-20.7681676,-51.7270197,brasil_aberto_first_street,True
MS,5008305,Três Lagoas,Alto dos Ipês,alto dos ipes,-20.803474,-51.686374,mapbox_geocoding,True
MS,5008305,Três Lagoas,Arapuã,arapua,,,dne,True
MS,5008305,Três Lagoas,Área Rural de Três Lagoas,area rural de tres lagoas,-20.7881843,-51.7030845,brasil_aberto_first_street,True
MS,5008305,Três Lagoas,Bela Vista da Lagoa,bela vista da lagoa,-20.772724,-51.730021,mapbox_geocoding,True
MS,5008305,Três Lagoas,Bosque das Araras,bosque das araras,-21.257469,-52.037788,mapbox_geocoding,True
MS,5008305,Três Lagoas,Carioca,carioca,-20.7867919,-51.7370884,brasil_aberto_first_street,True
MS,5008305,Três Lagoas,Centro,centro,-20.786512,-51.706203,mapbox_geocoding,True
MS,5008305,Três Lagoas,Chácara Eldorado,chacara eldorado,-20.786512,-51.706203,mapbox_geocoding,True
MS,5008305,Três Lagoas,Chácara Imperial,chacara imperial,-20.8080638,-51.7435344,brasil_aberto_first_street,True
MS,5008305,Três Lagoas,COHAB Jardim Caçula,cohab jardim cacula,-20.7881843,-51.7030845,brasil_aberto_first_street,True
MS,5008305,Três Lagoas,Colinos,colinos,-20.793756,-51.6944257,brasil_aberto_first_street,True
MS,5008305,Três Lagoas,Conjunto Habitacional Imperial,conjunto habitacional imperial,-20.8018734,-51.7080211,brasil_aberto_first_street,True
MS,5008305,Três Lagoas,Distrito Industrial II,distrito industrial ii,-20.7629515,-51.6649858,brasil_aberto_first_street,True
MS,5008305,Três Lagoas,Distrito Industrial Varginha,distrito industrial varginha,-20.7629515,-51.6649858,brasil_aberto_first_street,True
MS,5008305,Três Lagoas,Garcias,garcias,,,dne,True
MS,5008305,Três Lagoas,Guadalupe do Alto Paraná,guadalupe do alto parana,,,dne,True
MS,5008305,Três Lagoas,Ilha Comprida,ilha comprida,,,dne,True
MS,5008305,Três Lagoas,Interlagos,interlagos,-20.7796161,-51.7149147,brasil_aberto_first_street,True
MS,5008305,Três Lagoas,Ipê,ipe,,,brasil_aberto,True
MS,5008305,Três Lagoas,Jardim Aeroporto,jardim aeroporto,-20.7918495,-51.7274941,brasil_aberto_first_street,True
MS,5008305,Três Lagoas,Jardim Alvorada,jardim alvorada,-20.7873459,-51.6830353,brasil_aberto_first_street,True
MS,5008305,Três Lagoas,Jardim Angélica,jardim angelica,-20.8045326,-51.6854547,brasil_aberto_first_street,True
MS,5008305,Três Lagoas,Jardim Bela Vista,jardim bela vista,-20.7759678,-51.7223469,brasil_aberto_first_street,True
MS,5008305,Três Lagoas,Jardim Brasília,jardim brasilia,-20.7823698,-51.6405037,brasil_aberto_first_street,True
MS,5008305,Três Lagoas,Jardim Cangalha,jardim cangalha,-20.7829911,-51.6956522,brasil_aberto_first_street,True
MS,5008305,Três Lagoas,Jardim Capilé,jardim capile,-20.7944036,-51.7331111,brasil_aberto_first_street,True
MS,5008305,Três Lagoas,Jardim Carandá,jardim caranda,-20.786449,-51.735308,mapbox_geocoding,True
MS,5008305,Três Lagoas,Jardim das Acácias,jardim das acacias,-20.7766845,-51.6762723,brasil_aberto_first_street,True
MS,5008305,Três Lagoas,Jardim das Américas,jardim das americas,-20.7996965,-51.693888,brasil_aberto_first_street,True
MS,5008305,Três Lagoas,Jardim das Oliveiras,jardim das oliveiras,-20.7969522,-51.7236596,brasil_aberto_first_street,True
MS,5008305,Três Lagoas,Jardim das Orquídeas,jardim das orquideas,-20.786512,-51.706203,mapbox_geocoding,True
MS,5008305,Três Lagoas,Jardim das Ortências,jardim das ortencias,-20.8155784,-51.7267235,brasil_aberto_first_street,True
MS,5008305,Três Lagoas,Jardim das Paineiras,jardim das paineiras,-20.767059,-51.7022625,brasil_aberto_first_street,True
MS,5008305,Três Lagoas,Jardim das Violetas,jardim das violetas,-20.7989239,-51.739985,brasil_aberto_first_street,True
MS,5008305,Três Lagoas,Jardim dos Ipês,jardim dos ipes,-20.8104663,-51.681446,brasil_aberto_first_street,True
MS,5008305,Três Lagoas,Jardim Dourados,jardim dourados,-20.7685605,-51.7005372,brasil_aberto_first_street,True
MS,5008305,Três Lagoas,Jardim Esperança,jardim esperanca,-20.800999,-51.7444122,brasil_aberto_first_street,True
MS,5008305,Três Lagoas,Jardim Flamboyant,jardim flamboyant,-20.8091969,-51.7292451,brasil_aberto_first_street,True
MS,5008305,Três Lagoas,Jardim Guaporé,jardim guapore,-20.8000172,-51.7314086,brasil_aberto_first_street,True
MS,5008305,Três Lagoas,Jardim Guaporé II,jardim guapore ii,-20.8006958,-51.73021319999999,brasil_aberto_first_street,True
MS,5008305,Três Lagoas,Jardim Independência II,jardim independencia ii,-20.7713457,-51.678805,brasil_aberto_first_street,True
MS,5008305,Três Lagoas,Jardim Itamarati,jardim itamarati,-20.7863589,-51.7256244,brasil_aberto_first_street,True
MS,5008305,Três Lagoas,Jardim JK,jardim jk,-20.7881843,-51.7030845,brasil_aberto_first_street,True
MS,5008305,Três Lagoas,Jardim Maristela,jardim maristela,-20.786512,-51.706203,mapbox_geocoding,True
MS,5008305,Três Lagoas,Jardim Moçambique,jardim mocambique,-20.8076053,-51.7282351,brasil_aberto_first_street,True
MS,5008305,Três Lagoas,Jardim Morumbi,jardim morumbi,-20.786512,-51.706203,mapbox_geocoding,True
MS,5008305,Três Lagoas,Jardim Noroeste,jardim noroeste,,,brasil_aberto,True
MS,5008305,Três Lagoas,Jardim Nova Americana,jardim nova americana,-20.7668767,-51.6916035,brasil_aberto_first_street,True
MS,5008305,Três Lagoas,Jardim Nova Ipanema,jardim nova ipanema,-20.8017591,-51.6995124,brasil_aberto_first_street,True
MS,5008305,Três Lagoas,Jardim Novo Aeroporto,jardim novo aeroporto,-20.7666423,-51.6991476,brasil_aberto_first_street,True
MS,5008305,Três Lagoas,Jardim Oiti,jardim oiti,-20.7758615,-51.6843572,brasil_aberto_first_street,True
MS,5008305,Três Lagoas,Jardim Paranapunga,jardim paranapunga,-20.7680747,-51.6944426,brasil_aberto_first_street,True
MS,5008305,Três Lagoas,Jardim Planalto,jardim planalto,-20.8082401,-51.6995669,brasil_aberto_first_street,True
MS,5008305,Três Lagoas,Jardim Primavera,jardim primavera,-20.7777158,-51.6855919,brasil_aberto_first_street,True
MS,5008305,Três Lagoas,Jardim Primaveril,jardim primaveril,-20.7979369,-51.6971202,brasil_aberto_first_street,True
MS,5008305,Três Lagoas,Jardim Progresso,jardim progresso,-20.8000163,-51.6984095,brasil_aberto_first_street,True
MS,5008305,Três Lagoas,Jardim Residencial Atenas,jardim residencial atenas,-20.7783529,-51.6798894,brasil_aberto_first_street,True
MS,5008305,Três Lagoas,Jardim Rodrigues,jardim rodrigues,-20.7982477,-51.7341887,brasil_aberto_first_street,True
MS,5008305,Três Lagoas,Jardim Roriz,jardim roriz,-20.7873112,-51.7159745,brasil_aberto_first_street,True
MS,5008305,Três Lagoas,Jardim Santa Aurélia,jardim santa aurelia,-20.772831,-51.712609,mapbox_geocoding,True
MS,5008305,Três Lagoas,Jardim Santa Júlia,jardim santa julia,-20.7804255,-51.6735198,brasil_aberto_first_street,True
MS,5008305,Três Lagoas,Jardim Santa Lourdes,jardim santa lourdes,-20.7668767,-51.6916035,brasil_aberto_first_street,True
MS,5008305,Três Lagoas,Jardim Santo André,jardim santo andre,-20.7727811,-51.6998849,brasil_aberto_first_street,True
MS,5008305,Três Lagoas,Jardim Vila Verde,jardim vila verde,-20.8083181,-51.678632,brasil_aberto_first_street,True
MS,5008305,Três Lagoas,Jupiá,jupia,-20.7964972,-51.6981838,brasil_aberto_first_street,True
MS,5008305,Três Lagoas,Lapa,lapa,-20.7790594,-51.7056852,brasil_aberto_first_street,True
MS,5008305,Três Lagoas,Nossa Senhora Aparecida,nossa senhora aparecida,-20.7985169,-51.6974217,brasil_aberto_first_street,True
MS,5008305,Três Lagoas,Nossa Senhora das Graças,nossa senhora das gracas,-20.8020533,-51.692394,brasil_aberto_first_street,True
MS,5008305,Três Lagoas,Nova Europa,nova europa,-21.7788326,-48.5620033,brasil_aberto_first_street,True
MS,5008305,Três Lagoas,Nova Três Lagoas,nova tres lagoas,-20.786512,-51.706203,mapbox_geocoding,True
MS,5008305,Três Lagoas,Nova Três Lagoas II,nova tres lagoas ii,-20.8073389,-51.6976431,brasil_aberto_first_street,True
MS,5008305,Três Lagoas,Novo Oeste,novo oeste,-20.786088,-51.737033,mapbox_geocoding,True
MS,5008305,Três Lagoas,Novo Oeste II,novo oeste ii,-20.7839757,-51.7500037,brasil_aberto_first_street,True
MS,5008305,Três Lagoas,Parque das Mangueiras,parque das mangueiras,-20.794796,-51.6910725,brasil_aberto_first_street,True
MS,5008305,Três Lagoas,Parque Residencial Jamel Ville,parque residencial jamel ville,-20.8084398,-51.7246143,brasil_aberto_first_street,True
MS,5008305,Três Lagoas,Parque Residencial Jamel Ville II,parque residencial jamel ville ii,-20.8109984,-51.7190759,brasil_aberto_first_street,True
MS,5008305,Três Lagoas,Parque Residencial Orestes Prata Tibery Junior,parque residencial orestes prata tibery junior,-20.7803844,-51.71241759999999,brasil_aberto_first_street,True
MS,5008305,Três Lagoas,Parque Residencial Osmar F Dutra,parque residencial osmar f dutra,-20.8144267,-51.7157127,brasil_aberto_first_street,True
MS,5008305,Três Lagoas,Parque Residencial Quinta da Lagoa,parque residencial quinta da lagoa,-20.8018191,-51.6905592,brasil_aberto_first_street,True
MS,5008305,Três Lagoas,Parque São Carlos,parque sao carlos,-20.8050602,-51.7162797,brasil_aberto_first_street,True
MS,5008305,Três Lagoas,Portal das Águas,portal das aguas,-20.8054704,-51.6712328,brasil_aberto_first_street,True
MS,5008305,Três Lagoas,Portal das Araras,portal das araras,-20.7881843,-51.7030845,brasil_aberto_first_street,True
MS,5008305,Três Lagoas,Real Park,real park,-1.776429,-47.445973,mapbox_geocoding,True
MS,5008305,Três Lagoas,Recanto das Palmeiras,recanto das palmeiras,-20.7623414,-51.7013755,brasil_aberto_first_street,True
MS,5008305,Três Lagoas,Residencial Costa Leste,residencial costa leste,-20.7987438,-51.6635034,brasil_aberto_first_street,True
MS,5008305,Três Lagoas,Residencial Montanini,residencial montanini,-20.7493426,-51.7165291,brasil_aberto_first_street,True
MS,5008305,Três Lagoas,Santa Luzia,santa luzia,-20.7886241,-51.7314223,brasil_aberto_first_street,True
MS,5008305,Três Lagoas,Santa Rita,santa rita,-20.8017591,-51.6995124,brasil_aberto_first_street,True
MS,5008305,Três Lagoas,Santa Terezinha,santa terezinha,-20.7886115,-51.7203653,brasil_aberto_first_street,True
MS,5008305,Três Lagoas,Santos Dumont,santos dumont,-20.8002849,-51.719141,brasil_aberto_first_street,True
MS,5008305,Três Lagoas,Santos Dumont II,santos dumont ii,-20.8034635,-51.7099631,brasil_aberto_first_street,True
MS,5008305,Três Lagoas,São Jorge,sao jorge,-20.7686271,-51.6949808,brasil_aberto_first_street,True
MS,5008305,Três Lagoas,SETSUL,setsul,-20.7919559,-51.6697758,brasil_aberto_first_street,True
MS,5008305,Três Lagoas,Vila Clementina,vila clementina,-20.784906,-51.7243596,brasil_aberto_first_street,True
MS,5008305,Três Lagoas,Vila Coimbra,vila coimbra,-20.7762901,-51.7061597,brasil_aberto_first_street,True
MS,5008305,Três Lagoas,Vila dos Ferroviários,vila dos ferroviarios,-20.8095779,-51.7317542,brasil_aberto_first_street,True
MS,5008305,Três Lagoas,Vila Guanabara,vila guanabara,-20.8110604,-51.7271697,brasil_aberto_first_street,True
MS,5008305,Três Lagoas,Vila Haro,vila haro,-20.808697,-51.7257222,brasil_aberto_first_street,True
MS,5008305,Três Lagoas,Vila Maria,vila maria,-20.8118802,-51.7276871,brasil_aberto_first_street,True
MS,5008305,Três Lagoas,Vila Nova,vila nova,-20.784516,-51.6959502,brasil_aberto_first_street,True
MS,5008305,Três Lagoas,Vila Piloto,vila piloto,-20.800999,-51.7444122,brasil_aberto_first_street,True
MS,5008305,Três Lagoas,Vila Popular,vila popular,-20.8146439,-51.7123079,brasil_aberto_first_street,True
MS,5008305,Três Lagoas,Vila Santana,vila santana,-20.773117,-51.6949503,brasil_aberto_first_street,True
MS,5008305,Três Lagoas,Vila São João,vila sao joao,-20.809423,-51.70953,mapbox_geocoding,True
MS,5008305,Três Lagoas,Vila São José,vila sao jose,-20.7914812,-51.7258724,brasil_aberto_first_street,True
MS,5008305,Três Lagoas,Vila Terezinha,vila terezinha,-20.8058973,-51.7079855,brasil_aberto_first_street,True
MS,5008305,Três Lagoas,Village do Lago,village do lago,-20.7426376,-51.6828266,brasil_aberto_first_street,True
MS,5008404,Vicentina,Centro,centro,-22.5388852,-54.4523745,brasil_aberto_first_street,True
MS,5008404,Vicentina,São José,sao jose,,,dne,True
MS,5008404,Vicentina,Vila Rica,vila rica,,,dne,True
